tree
version=v4
num_class=1
num_tree_per_iteration=1
label_index=0
max_feature_idx=212
objective=lambdarank
feature_names=Column_0 Column_1 Column_2 Column_3 Column_4 Column_5 Column_6 Column_7 Column_8 Column_9 Column_10 Column_11 Column_12 Column_13 Column_14 Column_15 Column_16 Column_17 Column_18 Column_19 Column_20 Column_21 Column_22 Column_23 Column_24 Column_25 Column_26 Column_27 Column_28 Column_29 Column_30 Column_31 Column_32 Column_33 Column_34 Column_35 Column_36 Column_37 Column_38 Column_39 Column_40 Column_41 Column_42 Column_43 Column_44 Column_45 Column_46 Column_47 Column_48 Column_49 Column_50 Column_51 Column_52 Column_53 Column_54 Column_55 Column_56 Column_57 Column_58 Column_59 Column_60 Column_61 Column_62 Column_63 Column_64 Column_65 Column_66 Column_67 Column_68 Column_69 Column_70 Column_71 Column_72 Column_73 Column_74 Column_75 Column_76 Column_77 Column_78 Column_79 Column_80 Column_81 Column_82 Column_83 Column_84 Column_85 Column_86 Column_87 Column_88 Column_89 Column_90 Column_91 Column_92 Column_93 Column_94 Column_95 Column_96 Column_97 Column_98 Column_99 Column_100 Column_101 Column_102 Column_103 Column_104 Column_105 Column_106 Column_107 Column_108 Column_109 Column_110 Column_111 Column_112 Column_113 Column_114 Column_115 Column_116 Column_117 Column_118 Column_119 Column_120 Column_121 Column_122 Column_123 Column_124 Column_125 Column_126 Column_127 Column_128 Column_129 Column_130 Column_131 Column_132 Column_133 Column_134 Column_135 Column_136 Column_137 Column_138 Column_139 Column_140 Column_141 Column_142 Column_143 Column_144 Column_145 Column_146 Column_147 Column_148 Column_149 Column_150 Column_151 Column_152 Column_153 Column_154 Column_155 Column_156 Column_157 Column_158 Column_159 Column_160 Column_161 Column_162 Column_163 Column_164 Column_165 Column_166 Column_167 Column_168 Column_169 Column_170 Column_171 Column_172 Column_173 Column_174 Column_175 Column_176 Column_177 Column_178 Column_179 Column_180 Column_181 Column_182 Column_183 Column_184 Column_185 Column_186 Column_187 Column_188 Column_189 Column_190 Column_191 Column_192 Column_193 Column_194 Column_195 Column_196 Column_197 Column_198 Column_199 Column_200 Column_201 Column_202 Column_203 Column_204 Column_205 Column_206 Column_207 Column_208 Column_209 Column_210 Column_211 Column_212
feature_infos=[1.7307033847328553e-09:0.99975985096384834] [0:1] [1:1.7976931348599999e+308] [0.00085400000000000005:0.126217] none none none none none none none none none none none none none none none none none none none [0:1] [0:1] none none none [0:1] [0:2] [0:1] [0:33] [0:1] [0:1] [1:1.7976931348599999e+308] [0:82] [0:1] [0:3] [0:1] [1:441993] [0:36] [0:1] [0:31591] [0:788] [0:114] [0:125] [0:1] [0:342737] [0:17] [0:1] [0:1] [0:1] [0:36] [0:2] [0:0.124639] [0:2] [0:1] [0:0.10625] [0:0.13569000000000001] [1:320498] [0:97] [0:70] [0:951] [0:0.189973] [0:1] [1:20421] [0:0.72638000000000003] [0:0.189973] [0:141] [0:65] [0:130] [0:0.11750099999999999] [0:6] [0:21] [1:441993] [0:2] [0:4] [0:182] [0:4] [0:332847] [0:1] [0:0.124639] [517:749] [0.50040700000000005:0.76747900000000002] [1:223] [0:4] [0:0.20475399999999999] [0:441993] [0:1] [2:9] [0:7] [0:20421] [0:1] [0:3] [0:9] [0:579.81079099999999] [0:0.13467599999999999] [0:3] [1:320498] [0:0.197407] [0:21] [0:0.39139600000000002] [0:0.28700100000000001] [1:441993] [0:2.3372090000000001] [0:97] [0:2] [0:16] [0:1] [0:13] [1:441993] [0:1] [0:7] [0:12] [0:7] [0:0.50805800000000001] [0:0.17033599999999999] [0:0.197407] [0:0.28700100000000001] [0:2] [0:16] [0:1] [0:7] [0:13] [0:7] [0:0.58430199999999999] [0:0.197407] [0:0.197407] [0:0.26976899999999998] [0:182] [0:2] [1:332847] [0:16] [0:1] [0:4] [0:8] [0:4] [0:0.19029199999999999] [0:0.24151700000000001] [0:13] [0:2] [1:332857] [0:16] [0:1] [0:16] none [0:16] [0:7] [0:53] [0:7] [0:0.17033599999999999] [0:0.197407] [0:0.28700100000000001] [0:2] [0:16] [0:1] [1:7] [1:20421] [1:8] [0.0180336:316.228363] [0.00085400000000000005:0.15178525000000001] [0.0051720000000000004:0.197407] [0.0132674:0.28700100000000001] [1:2] [0:16] [0:1] [0.26666666666700001:1] [1:28] [2:20421] [2:28] [0.038323000000000003:579.86849900000004] [0.00085400000000000005:0.60714100000000004] [0.013929:0.789628] [0.038323000000000003:1.174188] [1:10] [0:112] [0:6] [1:6] [1:7] [1:20421] [1:9] [0.032515000000000002:579.81079099999999] [0.00085400000000000005:0.197407] [0.013903:0.197407] [0.022613000000000001:0.28700100000000001] [1:2] [0:16] [0:1] [0.33333333333300003:1] [1:7] [1:8] [0.00097599999999999998:316.228363] [0.00085400000000000005:0.126217] [0.00097599999999999998:0.197407] [0.00097599999999999998:0.28700100000000001] [1:2] [0:16] [0:1] [0.111111111111:1] [1:5024] [0.0068764999999999998:0.14350099999999999] [2:20421] [0.038323000000000003:0.28700199999999998] [1:18111] [1:2098] [0.013903:0.197407] [0:41] [0:7] [3:118] [1:101] [0:20] [500130:769020] [0:1]
tree_sizes=3490 3500 3501 3505 3501 3487 3489 3516 3503 3516 3514 3505 3512 3506 3501 3515 3499 3486 3498 3504 3497 3503 3517 3508 3509 3487 3512 3495 3498 3495 3491 3495 3486 3504 3502 3514 3505 3502 3498 3488 3509 3523 3511 3502 3510 3495 3519 3517 3521 3489 3510 3503 3503 3504 3503 3511 3517 3504 3508 3503 3495 3509 3497 3499 3500 3511 3506 3498 3505 3495 3504 3501 3501 3521 3518 3497 3522 3528 3520 3512 3489 3512 3512 3494 3505 3507 3514 3508 3518 3535 3523 3495 3522 3541 3497 3536 3508 3516 3525 3503

Tree=0
num_leaves=31
num_cat=0
split_feature=0 211 0 177 0 34 170 0 211 208 34 47 34 82 211 42 172 211 34 47 47 131 0 39 34 208 0 199 42 167
split_gain=7090.3 417.602 167.36 145.626 101.073 45.4308 41.1287 28.135 21.8439 21.2899 21.0214 20.8812 20.8672 20.7143 18.4444 17.0747 16.101 16.0808 15.33 19.6199 14.5771 14.4411 13.1883 19.4212 18.2557 15.7196 10.2353 14.0279 12.4366 10.1267
threshold=0.15548050853772452 527394.00000000012 0.030380062479932603 1.9285714285700002 0.48090646582193369 996929.50000000012 0.46032950000000006 0.86620967868038068 544024.50000000012 9.5000000000000018 1.5000000000000002 997.50000000000011 999826.50000000012 669.50000000000011 541872.50000000012 1.0000000180025095e-35 0.042087000000000006 576328.50000000012 979569.00000000012 968.50000000000011 1194.5000000000002 10.500000000000002 0.0088049481694041625 3.5000000000000004 877486.50000000012 10.500000000000002 0.7740980979447657 3.7750000000000004 1.0000000180025095e-35 4.5000000000000009
decision_type=2 2 2 2 2 2 2 2 2 2 2 2 2 2 2 2 2 2 2 2 2 2 2 2 2 2 2 2 2 2
left_child=2 7 13 8 6 -5 14 11 -4 17 -6 -2 -10 22 -3 -16 -14 -7 -8 -20 21 -21 -1 24 25 -24 27 28 -12 -19
right_child=1 4 3 5 10 9 18 -9 12 -11 26 -13 16 -15 15 -17 -18 29 19 20 -22 -23 23 -25 -26 -27 -28 -29 -30 -31
leaf_value=-0.098955707293143791 0.08168094196232345 -0.089474795340480473 -0.096539513513025629 0.080582968274929334 -0.10000000000000001 -0.05763877090438279 0.085618424902601423 0.071992489770836152 0.032605175127130501 -0.05197334305025008 -0.033878223003353476 -0.091578390111401342 0.056484124960178156 0.0074057167896379623 -0.032159427687430187 0.06763628309755014 -0.080483903437544621 -0.06975820469031406 0.075674986286322521 0.015862078599646161 0.049229319740050168 -0.090358623601503957 0.072127194433939043 -0.092447635625506897 -0.069641697379987585 -0.081327016172087416 0.097396288830375904 0.088046201882985869 0.071354974462017856 0.07363839725449281
leaf_weight=887.92945118060197 1.825923208874882 5.8971729069817256 57.710676763401352 22.144121266173897 1.3821920519694675 4.0573477393481907 38.303262167915818 3.1553235992178079 6.8567836665897657 16.571324796776025 4.4752805789175891 36.532886162671275 2.3887167616921969 4.7790561334550139 9.4898304718317394 7.8166345167846876 21.083607469326125 1.389680528664029 28.247574221866671 10.00031842140015 17.703767606863039 4.7053469131606098 5.1280487088370164 82.778523628286166 18.789704533715849 2.4740311306959484 863.55282894760967 170.84194822316567 7.5343548237433424 10.796089989802566
leaf_count=835833 890 3528 41805 15881 35 1628 10303 405 6621 5821 1748 21498 330 1190 3857 1529 6961 661 4088 267 2124 259 4870 62860 8287 8445 11329 9249 876 872
internal_value=0 0.0843155 -0.0892194 -0.0386185 0.0898453 0.025244 0.0468056 -0.0715255 -0.0784845 -0.0121002 0.0948634 -0.083331 -0.0441292 -0.0964417 -0.0131078 0.0129143 -0.066545 0.0285785 0.0608537 0.0452155 0.0186675 -0.0181252 -0.0969394 -0.0805398 -0.0431907 0.0221868 0.0951208 0.0843744 0.0321408 0.0572853
internal_weight=0 1211.46 1144.88 142.998 1169.95 54.9586 122.164 41.5141 88.0398 32.8144 1047.79 38.3588 30.3291 1001.88 23.2036 17.3065 23.4723 16.2431 98.9603 60.657 32.4094 14.7057 997.1 109.17 26.3918 7.60208 1046.4 182.852 12.0096 12.1858
internal_count=1074050 71985 1002065 80580 49192 24863 25955 22793 55717 8982 23237 22388 13912 921485 8914 5386 7291 3161 17041 6738 2650 526 920295 84462 21602 13315 23202 11873 2624 1533
is_linear=0
shrinkage=0.05


Tree=1
num_leaves=31
num_cat=0
split_feature=0 0 59 211 42 0 42 211 170 0 82 0 0 91 83 102 170 170 169 39 208 208 208 208 211 150 155 82 125 210
split_gain=17296.4 492.111 395.838 239.231 181.903 229.843 120.052 117.46 101.581 86.0175 54.8271 59.9095 54.0581 51.8095 49.4816 49.2537 49.0164 48.5846 41.3317 35.5331 30.9975 29.6027 26.7871 26.3067 31.9103 26.2175 26.1961 26.1601 25.4554 26.0125
threshold=0.48090646582193369 0.072661120000328969 7.5000000000000009 568561.50000000012 1.0000000180025095e-35 0.86620967868038068 9.5000000000000018 522295.50000000006 0.92586500000000005 0.94875966535953815 642.50000000000011 0.0088049481694041625 0.94875966535953815 16.500000000000004 0.57701950000000013 0.20759250000000004 1.2499335000000003 0.77380800000000016 9.5000000000000018 2164.0000000000005 14.500000000000002 13.500000000000002 8.5000000000000018 12.500000000000002 541495.50000000012 0.0017535000000000003 0.30952380952350006 577.50000000000011 0.026026500000000004 7.5000000000000009
decision_type=2 2 2 2 2 2 2 2 2 2 2 2 2 2 2 2 2 2 2 2 2 2 2 2 2 2 2 2 2 2
left_child=1 10 4 18 5 8 13 -4 14 17 -1 -12 16 -5 -2 -14 26 20 22 -19 -9 -15 -3 -6 -25 -10 -7 -20 -16 -30
right_child=2 3 7 6 23 12 -8 9 25 -11 11 -13 15 21 28 -17 -18 19 27 -21 -22 -23 -24 24 -26 -27 -28 -29 29 -31
leaf_value=-0.089081776943216937 -0.039052488154966529 -0.053529775796679314 -0.087004157794353609 -0.046209673021998951 0.085960284268060738 0.020692461701855784 0.06642880000801564 8.8382268497300614e-05 0.026697796410947983 0.067391463342466693 -0.088212790563560212 0.011873556183443738 0.07942030757309286 0.0089134612062496555 0.042944755560139561 0.02287229453823322 0.070779692303752986 0.038140994397117066 -0.047801291849774219 -0.088903366634606462 -0.062535339990567124 -0.044288678483915968 -0.084520791546592866 -0.043613834566420207 0.069094223886428899 0.056681168910963725 0.055252306044618366 0.050973357368760214 -0.044220793495645283 0.022692038329068881
leaf_weight=2971.1964347113972 50.478688229428371 102.56183553801384 25.264571982552297 122.33026957156835 1573.510317304288 95.387927819276229 44.668008816428483 99.293868871915038 98.5461529896711 87.488659044262022 31.558161656081211 28.412965440715197 1141.7900859494694 120.59807514911518 60.200325344310841 39.851369388401508 333.7872364356881 115.85177104611648 18.713092570949815 5.7783015003078608 24.669432685972424 33.384469133947277 217.78527101244254 6.5602608431363469 147.00548967160285 280.22648017300526 128.96437705832068 10.444741378771139 23.447272565375897 38.167913020268315
leaf_count=958292 2315 17480 5140 10363 3836 691 835 2571 1512 313 8054 1844 2463 5042 747 77 1033 1432 1791 274 1296 2375 37946 484 1123 2482 630 153 703 753
internal_value=0 -0.0795522 0.067289 -0.0407895 0.0717798 0.0625425 -0.00962427 0.0169359 0.0344019 0.0248198 -0.0881264 -0.0407941 0.0714559 -0.0219188 0.00257246 0.0775132 0.0586318 0.0096544 -0.0694113 0.0321055 -0.0123741 -0.00262113 -0.0745988 0.0840325 0.0642794 0.0488803 0.0405585 -0.0124188 0.0198213 -0.00277122
internal_weight=0 3701.65 4376.27 670.486 4017.92 2290.85 320.981 358.347 551.067 333.082 3031.17 59.9711 1739.78 276.313 172.294 1181.64 558.14 245.593 349.505 121.63 123.963 153.983 320.347 1727.08 153.566 378.773 224.352 29.1578 121.816 61.6152
internal_count=1074050 1044175 29875 75985 18849 13406 18615 11026 8512 5886 968190 9898 4894 17780 4518 2540 2354 5573 57370 1706 3867 7417 55426 5443 1607 3994 1321 1944 2203 1456
is_linear=0
shrinkage=0.05


Tree=2
num_leaves=31
num_cat=0
split_feature=0 0 211 0 211 208 211 42 42 0 42 159 102 82 169 98 182 169 209 83 211 0 211 94 47 211 156 173 141 208
split_gain=15571.7 551.998 370.195 293.915 207.692 117.179 67.393 65.598 58.0188 45.91 44.6497 42.738 41.6526 39.5668 27.6031 27.1346 25.7327 24.4307 24.4945 29.384 24.0426 23.088 52.9086 35.9929 31.2814 21.7121 21.5964 21.5661 20.5854 19.0817
threshold=0.23938287544958989 0.68981449621504665 548098.50000000012 0.043984350660107828 567284.00000000012 10.500000000000002 516123.50000000006 2.5000000000000004 5.5000000000000009 0.86620967868038068 1.0000000180025095e-35 1.0559255000000001 0.20759250000000004 578.50000000000011 7.5000000000000009 8.9000000000000021 0.043715000000000011 7.5000000000000009 1.5000000000000002 0.57964650000000006 535524.50000000012 0.0088049481694041625 581214.50000000012 2.5000000000000004 614.50000000000011 522295.50000000006 1.6333333333350002 0.37465650000000006 67.500000000000014 16.500000000000004
decision_type=2 2 2 2 2 2 2 2 2 2 2 2 2 2 2 2 2 2 2 2 2 2 2 2 2 2 2 2 2 2
left_child=3 2 25 21 20 10 -3 11 9 17 14 16 -11 -7 -4 29 27 18 -8 -20 -5 -1 -23 -24 -25 -2 -27 -6 -28 -15
right_child=1 6 5 4 7 13 8 -9 -10 12 -12 -13 -14 15 -16 -17 -18 -19 19 -21 -22 22 23 24 -26 26 28 -29 -30 -31
leaf_value=-0.084969057556264771 -0.083482585490716882 -0.075268748432062244 0.01269726907073423 -0.084090570702144318 -0.022939076284780511 -0.065327319759333757 0.057456119292534691 0.052880464492577439 0.078764002126308116 0.069628488977085803 0.065693519109107465 0.040011708231278177 0.025595171070469065 0.031637943361318525 0.054102904748141736 -0.034154138446248199 -0.051697237636915194 0.06247868170688075 -0.020709877394475093 0.037501481041584385 -0.051939472053622551 -0.080639924457407933 -0.063241730901486493 -0.073983272443302397 0.041588861002935539 -0.065159805496630432 0.01998345540515703 0.049851474886179463 -0.071506173711376339 -0.039317297398477141
leaf_weight=2752.2298827135237 52.964199439622462 8.0288947763619927 88.990254507050849 133.98972174979281 39.63263216544874 21.121395302936435 96.681016922113486 45.095873932470568 1214.1672609141096 2102.970154666109 229.06300548638683 27.210160669405013 55.113086150959134 76.257180067012087 73.492952935397625 27.495520197437145 61.574642381165177 218.2826596761588 28.489619252504781 90.682610653107986 102.72847336204723 308.70178951014532 39.752853026846424 8.0796672230353597 21.26337945018895 38.707554240478203 20.063582565751862 13.690692324540576 8.8648982906015572 10.819545885315163
leaf_count=836838 11704 1443 4664 36517 5061 3076 980 1583 2543 6600 2425 1344 131 2411 1502 2436 10136 1806 1711 1695 21147 90874 10765 2096 1962 6086 1184 625 1755 950
internal_value=0 0.0621916 0.0195198 -0.0780863 -0.0390152 0.0375966 0.069439 0.000339427 0.0697443 0.0655195 0.051473 -0.0163337 0.068504 -0.00244422 0.0314255 0.00914828 -0.0296774 0.0506838 0.0387561 0.0235853 -0.070138 -0.083378 -0.0717875 -0.0322375 0.00976584 -0.0595083 -0.0407347 -0.0042502 -0.0080528 0.0228215
internal_weight=0 4462.26 647.84 3553.95 423.922 527.24 3814.42 187.204 3806.39 2592.22 391.546 142.108 2158.08 135.694 162.483 114.572 114.898 434.136 215.853 119.172 236.718 3130.03 377.798 69.0959 29.343 120.6 67.636 53.3233 28.9285 87.0767
internal_count=1074050 55102 38193 1018948 76413 17464 16909 18749 15466 12923 8591 17166 6731 8873 6166 5797 15822 6192 4386 3406 57664 942535 105697 14823 4058 20729 9025 5686 2939 3361
is_linear=0
shrinkage=0.05


Tree=3
num_leaves=31
num_cat=0
split_feature=0 211 0 0 211 211 42 208 138 0 208 170 82 208 124 72 211 42 168 169 208 137 95 208 47 157 48 204 170 0
split_gain=13445.8 419.657 287.459 222.15 200.044 81.7039 69.3489 56.8401 51.2413 37.0226 32.0019 32.4369 29.4609 27.7552 26.9255 26.9223 24.2054 22.2233 24.694 21.8226 20.6886 20.2467 19.9576 21.9063 19.3876 22.0052 19.9377 17.9278 16.5885 16.1083
threshold=0.23938287544958989 522295.50000000006 0.040916356323413693 0.60678019017954943 567284.00000000012 552702.50000000012 1.0000000180025095e-35 9.5000000000000018 0.023543000000000005 0.94875966535953815 13.500000000000002 0.59566550000000007 681.50000000000011 9.5000000000000018 1.5000000000000002 1.5000000000000002 535524.50000000012 13.500000000000002 35.500000000000007 7.5000000000000009 16.500000000000004 0.11774100000000001 0.75316150000000015 11.500000000000002 1914.5000000000002 10.775000000000002 1.0000000180025095e-35 3.5000000000000004 0.58774950000000015 0.0088049481694041625
decision_type=2 2 2 2 2 2 2 2 2 2 2 2 2 2 2 2 2 2 2 2 2 2 2 2 2 2 2 2 2 2
left_child=2 14 21 5 16 13 9 17 15 22 27 -12 -11 -3 -2 20 -4 18 -6 -9 -7 29 23 -5 25 -18 -26 -8 -10 -1
right_child=1 3 4 6 7 8 10 19 28 12 11 -13 -14 -15 -16 -17 24 -19 -20 -21 -22 -23 -24 -25 26 -27 -28 -29 -30 -31
leaf_value=-0.080121156828659945 -0.075691231825100583 0.0009155759389301853 -0.078763685217020651 0.045205358362426576 -0.011653870803081027 0.014913681629667705 0.064317009072142051 -0.047517744908658274 -0.03817136257702735 0.063406910239016775 -0.04247634165040489 0.052046995413913111 0.01914836887751362 -0.066526377708271939 0.06715216169857445 0.048387628240945037 -0.079270237037717156 0.066498917393591928 0.046387833262529328 0.0035746440732507823 -0.053943903719667355 0.011126279691684123 0.052989296745452136 0.0096309553485073966 -0.037522515982952497 -0.025019430255173548 0.062175156381337131 0.074769996848309497 0.064760389919469211 -0.068714409398731705
leaf_weight=2714.7345993581694 61.78058066777885 35.474933982710354 138.52154688630253 147.83038236899301 40.81341170752421 157.6211552900495 605.14359342784155 50.370709782699123 4.055510194040834 1191.5828963550739 10.044284058967603 94.164360829512589 38.825428534299135 26.765524074668065 3.4851037879707283 63.209949822979979 49.027184107457288 28.295411533559673 33.258487288607284 35.720221706316806 11.719674964202566 6.2691423890646538 539.70133085292764 61.185747724608518 16.35016314662062 30.209255252382718 7.2331401408882803 1273.2625975632109 112.38158650370315 349.32995886378922
leaf_count=836614 13605 3741 38413 2777 5343 8468 2068 8912 501 2623 679 1010 99 5607 79 1306 13617 390 1319 3745 2020 248 4416 2574 3000 5383 288 2058 1471 101676
internal_value=0 0.0577877 -0.0732759 0.059666 -0.0349779 0.0246871 0.0632968 0.0036239 0.0340991 0.0566757 0.0699063 0.0429362 0.0620103 -0.0280868 -0.0680636 0.0205421 -0.0651213 0.0288058 0.014407 -0.0263189 0.0101482 -0.078637 0.0479091 0.0347916 -0.0467419 -0.0585869 -0.00694464 0.0714025 0.0611753 -0.0788207
internal_weight=0 4438.23 3500.13 4372.97 429.8 411.228 3961.74 188.458 348.988 1979.13 1982.61 104.209 1230.41 62.2405 65.2657 232.551 241.341 102.367 74.0719 86.0909 169.341 3070.33 748.717 209.016 102.82 79.2364 23.5833 1878.41 116.437 3064.06
internal_count=1074050 55102 1018948 41418 80410 23114 18304 19709 13766 12489 5815 1689 2722 9348 13684 11794 60701 7052 6662 12657 10488 938538 9767 5351 22288 19000 3288 4126 1972 938290
is_linear=0
shrinkage=0.05


Tree=4
num_leaves=31
num_cat=0
split_feature=0 211 0 211 0 208 42 208 0 167 170 199 82 170 126 170 199 82 42 82 0 110 42 170 182 156 34 42 47 209
split_gain=11963.2 412.884 230.456 200.997 197.965 80.7967 63.7567 61.7118 61.2091 58.3091 33.6014 28.5116 27.5409 26.0321 21.9148 28.0665 20.6251 19.772 18.8344 18.3957 35.6492 18.3477 17.941 25.2403 17.1696 16.8393 16.8243 15.8672 15.8328 15.6922
threshold=0.21467259749339032 530540.50000000012 0.030380062479932603 562806.00000000012 0.68981449621504665 10.500000000000002 1.0000000180025095e-35 9.5000000000000018 0.7740980979447657 4.5000000000000009 1.1145820000000002 14.535714285700001 686.50000000000011 0.36027500000000007 0.043715000000000011 0.93708050000000009 9.2678571428550018 578.50000000000011 2.5000000000000004 635.50000000000011 0.0088049481694041625 1473.5000000000002 1.0000000180025095e-35 0.73597050000000008 0.064552500000000013 3.7083333333350006 376937.50000000006 2.5000000000000004 997.50000000000011 4.5000000000000009
decision_type=2 2 2 2 2 2 2 2 2 2 2 2 2 2 2 2 2 2 2 2 2 2 2 2 2 2 2 2 2 2
left_child=2 8 19 25 5 9 11 16 28 13 17 12 26 -3 15 -9 27 -7 -15 -1 -21 -10 23 -11 -22 -4 -6 -5 -2 -28
right_child=1 4 3 7 6 10 -8 14 21 22 -12 -13 -14 18 -16 -17 -18 -19 -20 20 24 -23 -24 -25 -26 -27 29 -29 -30 -31
leaf_value=-0.07574547469981692 0.0050388813646399418 -0.026868026297721767 -0.069131673464603513 -0.020593133893136717 0.056257479923291678 -0.068538180776074195 0.067220403842333257 -0.055706618211823322 0.039252041562409752 -0.042244782761391486 0.019586635347364951 0.060919194979277939 -0.004224876606013111 0.01004849168082253 -0.067525873726830526 0.010479548803591197 0.040790898716464428 -0.010469254134428174 0.046498683194185264 -0.070774867691491064 0.061529083158876223 -0.079239724237266412 0.064903489676425521 0.045879921648427878 -0.040267021050876602 0.043336522173697462 0.045089932822504813 0.041599734666456327 -0.067194027053316396 0.00095783174873591325
leaf_weight=2911.4160536858253 8.4007073165848833 27.955076949554496 246.80800844868645 34.039244590559974 497.74706953531131 21.767405724851415 1898.6116320546716 26.357411280157976 25.133776495931674 8.9200734449550492 73.51819587207865 854.09186311764643 24.172182090580463 81.760555268963799 28.945043687243015 40.829751434619538 67.820836844504811 44.888161407317966 62.554589670035057 47.363462701789103 8.9228877683635819 3.755067116348072 163.53234901162796 91.19328517629765 7.7313934006961054 3.373651028610765 464.58763233106583 14.677796467090955 78.249966886593029 21.055470304330811
leaf_count=906765 989 3063 66868 5310 3063 5113 4361 5634 774 1016 3716 3075 67 4302 7115 4125 3359 4180 1196 12985 279 657 985 1884 1456 272 3338 643 17110 350
internal_value=0 0.0541064 -0.070057 -0.0372363 0.0565919 0.0292979 0.0607734 -0.00149929 -0.0391779 0.0399162 -0.00372302 0.0541985 0.0485015 0.0172936 -0.0311544 -0.0154852 0.0229633 -0.0294326 0.0258481 -0.0751625 -0.0486497 0.0238501 0.0546982 0.038028 0.0142724 -0.0676151 0.0497975 -0.00185525 -0.0601911 0.0431765
internal_weight=0 4451.9 3438.29 462.852 4336.36 576.09 3760.27 212.67 115.54 435.916 140.174 1861.65 1007.56 172.27 96.1322 67.1872 116.538 66.6556 144.315 2975.43 64.0177 28.8888 263.646 100.113 16.6543 250.182 983.39 48.717 86.6507 485.643
internal_count=1074050 59239 1014811 93326 39709 25455 14254 26186 19530 12446 13009 9893 6818 8561 16874 9759 9312 9293 5498 921485 14720 1431 3885 2900 1735 67140 6751 5953 18099 3688
is_linear=0
shrinkage=0.05


Tree=5
num_leaves=31
num_cat=0
split_feature=0 211 0 211 0 211 42 42 42 95 91 183 131 77 0 3 211 124 167 169 82 208 156 82 0 95 209 121 82 102
split_gain=10769.1 331.148 246.637 185.815 181.873 106.069 84.3031 45.6843 42.3461 37.4601 33.4654 28.1467 26.2271 25.8168 24.8378 22.1193 21.7108 21.1308 19.9186 18.8882 16.8533 16.0281 15.6189 15.2213 15.1934 15.01 14.9022 15.6338 14.7407 14.4681
threshold=0.23938287544958989 522295.50000000006 0.030380062479932603 567284.00000000012 0.7740980979447657 551878.50000000012 1.0000000180025095e-35 4.5000000000000009 5.5000000000000009 0.7041805000000001 37.500000000000007 0.09271900000000001 86.500000000000014 6.5000000000000009 0.94875966535953815 0.053324000000000003 535524.50000000012 1.5000000000000002 2.5000000000000004 5.5000000000000009 669.50000000000011 12.500000000000002 3.7083333333350006 670.50000000000011 0.016616566037286794 1.3482345000000002 4.5000000000000009 0.58571428571450013 710.50000000000011 0.20759250000000004
decision_type=2 2 2 2 2 2 2 2 2 2 2 2 2 2 2 2 2 2 2 2 2 2 2 2 2 2 2 2 2 2
left_child=2 17 20 16 5 12 9 10 14 -7 11 -5 13 -3 18 -13 -4 -2 -6 21 -1 -8 25 -17 -22 -18 -20 -28 -11 -16
right_child=1 4 3 7 8 6 19 -9 -10 28 -12 15 -14 -15 29 23 22 -19 26 -21 24 -23 -24 -25 -26 -27 27 -29 -30 -31
leaf_value=-0.072226209004424474 -0.069477669455825203 0.010971658956762385 -0.072469540733576462 -0.040733160027123516 0.01680334025441203 -0.0061532079793045385 0.038842849834450563 0.047744757288759675 0.066060867423579223 0.032054922057144435 0.022025588394277481 0.0635269453217472 -0.062444350020770811 -0.072835961239959543 0.05895157584439556 -0.052077683844547445 -0.055522591354529693 0.059264540008248295 0.050922775116578202 0.059819976318881397 -0.056546421408475323 -0.053000277257879314 0.060706664466375959 0.04953010701617537 0.06036174819128947 -0.0066559655734770382 -0.039337998012327867 0.037309314584009615 -0.090277530534943723 0.023841687107245917
leaf_weight=2924.2379530221806 59.16392554435879 58.907611877541058 160.82596621423727 82.773885262198746 49.763782849535346 96.192692129290663 82.199588461080566 42.895534093608148 1176.8399280032609 237.13073609629646 54.872976732440293 13.400227958336474 24.268226343323477 10.887542242649941 1475.3897542599589 12.341616236139091 93.207680733466987 3.3687187372706822 743.56071706558578 315.58256004820578 7.3627357904333603 5.0417558064218602 3.4513245509006074 5.2553849937394252 4.4640893675386906 18.900941064232029 9.0025876401923579 25.489595660474151 2.4883283153176299 29.937545500695705
leaf_count=920295 13605 4428 46331 16288 900 8099 1537 1365 1894 6369 3809 329 4481 2276 3258 1918 24400 79 4742 1965 1101 660 115 99 89 2809 408 302 7 92
internal_value=0 0.0516992 -0.0665148 -0.0335964 0.0533442 0.0323362 0.0387044 0.00167277 0.0583281 0.0202038 -0.0100459 -0.0255143 -0.01767 -0.00210173 0.0544276 0.0151256 -0.0605906 -0.0625422 0.0474709 0.0541274 -0.0719853 0.0335352 -0.0440587 -0.0217323 -0.0124189 -0.0472839 0.0494324 0.0173041 0.0307846 0.0582533
internal_weight=0 4405.22 3423.99 487.926 4342.68 832.699 738.636 211.54 3509.98 335.812 168.644 113.771 94.0634 69.7952 2333.14 30.9972 276.386 62.5326 827.817 402.824 2936.06 87.2413 115.56 17.597 11.8268 112.109 778.053 34.4922 239.619 1505.33
internal_count=1074050 55102 1018948 97463 41418 29822 18637 23808 11596 14475 22443 18634 11185 6704 9702 2346 73655 13684 6352 4162 921485 2197 27324 2017 1190 27209 5452 710 6376 3350
is_linear=0
shrinkage=0.05


Tree=6
num_leaves=31
num_cat=0
split_feature=0 211 0 0 211 59 42 208 0 208 0 42 168 82 173 209 124 98 208 2 114 102 167 208 170 59 98 208 2 82
split_gain=9753.41 296.75 230.146 173.923 162.7 61.8902 54.9855 43.6971 40.9256 33.3299 23.2216 19.0274 27.6105 18.8345 18.5445 19.3065 18.3775 17.9001 17.7848 18.0198 17.5809 15.9869 15.5655 15.4127 23.8737 15.3054 14.7221 14.6084 14.9733 14.4095
threshold=0.23938287544958989 522295.50000000006 0.030380062479932603 0.60678019017954943 562364.50000000012 4.5000000000000009 2.5000000000000004 9.5000000000000018 0.86620967868038068 8.5000000000000018 0.10563387865889716 1.0000000180025095e-35 37.500000000000007 577.50000000000011 0.19342600000000001 5.5000000000000009 1.5000000000000002 152.58333333350001 12.500000000000002 201361.00000000003 1.5000000000000002 0.20759250000000004 4.5000000000000009 8.5000000000000018 1.0807560000000003 54.500000000000007 8.9000000000000021 15.500000000000002 22518.000000000004 669.50000000000011
decision_type=2 2 2 2 2 2 2 2 2 2 2 2 2 2 2 2 2 2 2 2 2 2 2 2 2 2 2 2 2 2
left_child=2 16 29 5 20 9 8 11 17 22 -9 12 -6 -11 15 -8 -2 23 19 25 -4 27 -3 -5 -25 -7 -15 28 -10 -1
right_child=1 3 4 6 7 18 14 10 21 13 -12 -13 -14 26 -16 -17 -18 -19 -20 -21 -22 -23 -24 24 -26 -27 -28 -29 -30 -31
leaf_value=-0.069471232599418273 -0.066828798131027087 0.019188462676197865 -0.063787998162363038 0.04724211546579455 -0.026022879090089671 0.033406286778336451 0.048609810974251481 -0.048412496758940438 0.058841953437976893 -0.032769621882499704 -0.00094014661640364904 0.041860748542041214 0.034592726132528694 0.024758960256152446 0.063223106808950644 -0.07953405159424784 0.054291242976397237 -0.030196777091377358 -0.046857592055437873 -0.027477804871789569 -0.018801847831461476 0.022135596640027091 0.054177652703221529 0.0041939720649352722 0.038752417569063682 -0.02958882310882496 -0.065906566352001414 0.041062617101498028 0.049202577516007345 -0.013627986485588378
leaf_weight=2879.9362356059137 57.81053982488811 41.801702087395824 230.20729589962866 201.45291974395514 40.20123096567113 39.994065731647424 188.47436630527955 53.640101096418221 923.09143286640756 20.03263854898978 49.562292066635564 50.904375473619439 35.267274409066886 93.613705792929977 1371.4708357969066 2.9858892089687279 3.3111792693380258 10.122126008616759 26.916812010807917 36.526229775743559 23.980621665483341 42.943861857056618 132.66239267331548 71.14502467692364 167.94573875004426 12.705176594899966 4.7023050710558882 225.55951273790561 714.8467826358974 11.598253790056331
leaf_count=920295 13605 1954 64518 2186 6409 1681 1180 11813 2257 3402 6062 1992 1476 3716 2352 246 79 730 4935 3700 5193 128 1626 3289 2034 1556 544 1286 2616 1190
internal_value=0 0.0491342 -0.0639069 0.0506789 -0.0319868 0.0196502 0.0539159 -0.00147539 0.0490939 0.0319004 -0.0256142 0.0182376 0.00230347 0.0114188 0.0611882 0.0466114 -0.0602673 0.0355432 -0.0112345 -0.000487962 -0.0595439 0.0522971 0.0457942 0.0370536 0.028469 0.0182189 0.0204226 0.0529922 0.054635 -0.0692472
internal_weight=0 4390.12 3375.3 4328.99 483.763 408.955 3920.04 229.575 2357.11 292.813 103.202 126.373 75.4685 118.349 1562.93 191.46 61.1217 450.666 116.142 89.2255 254.188 1906.44 174.464 440.544 239.091 52.6992 98.316 1863.5 1637.94 2891.53
internal_count=1074050 55102 1018948 41418 97463 23114 18304 27752 14526 11242 17875 9877 7885 7662 3778 1426 13684 8239 11872 6937 69711 6287 3580 7509 5323 3237 4260 6159 4873 921485
is_linear=0
shrinkage=0.05


Tree=7
num_leaves=31
num_cat=0
split_feature=0 211 0 0 211 173 42 0 42 208 168 211 183 208 211 199 204 124 99 42 70 70 70 3 173 157 47 48 208 82
split_gain=8962.92 268.858 218.387 161.317 149.117 55.7272 53.9234 36.9727 36.1074 33.4579 25.6777 21.9766 21.6671 21.2207 20.1866 19.9231 19.7618 17.6192 16.5517 16.2939 15.7549 18.3601 20.2366 15.6534 15.1476 14.9755 19.0088 16.3974 14.4913 14.0611
threshold=0.23938287544958989 522295.50000000006 0.030380062479932603 0.60678019017954943 567284.00000000012 0.21288050000000003 1.0000000180025095e-35 0.94875966535953815 4.5000000000000009 10.500000000000002 45.500000000000007 535524.50000000012 0.09271900000000001 13.500000000000002 541495.50000000012 3.2678571428550005 3.5000000000000004 1.5000000000000002 0.039998000000000006 1.0000000180025095e-35 106.50000000000001 99.500000000000014 100.50000000000001 0.053324000000000003 0.15640900000000005 10.775000000000002 1914.5000000000002 1.0000000180025095e-35 8.5000000000000018 635.50000000000011
decision_type=2 2 2 2 2 2 2 2 2 2 2 2 2 2 2 2 2 2 2 2 2 2 2 2 2 2 2 2 2 2
left_child=2 17 29 5 11 16 7 15 10 19 12 -4 -6 24 -15 -5 18 -2 -3 -7 21 -17 -23 -14 -8 26 -13 -28 -27 -1
right_child=1 3 4 6 8 9 13 -9 -10 -11 -12 25 23 14 -16 20 -18 -19 -20 -21 -22 22 -24 -25 -26 28 27 -29 -30 -31
leaf_value=-0.067450512270635879 -0.064452514826018784 0.0064946258842466771 -0.067423497936367191 -0.0041760276324620867 -0.036351113097675483 0.026214080712820248 0.040000104571381062 0.051268147237648824 0.041144864903325321 0.0015769892717218963 0.018679449730302809 -0.066037298607082628 0.053967422726405624 -0.075134873794223733 0.04071786174509609 0.035789107451169033 0.02329243499899095 0.050506213156172292 -0.035912171000454705 0.054512252657739638 0.048904926916055323 -0.049470822015302368 0.033281300508370047 -0.017995826271756402 0.059862615281170983 0.011403475154120419 -0.060428646888564121 0.072276024209807818 -0.04194219253592725 -0.043107001985225497
leaf_weight=2793.9526832023403 56.742268621921539 37.506566332420334 155.79171379108448 28.323547997395508 83.756022152316291 92.441798207117245 101.46541726845317 1165.8781744702719 43.899165045935661 69.138179652276449 53.961148117436096 54.886559379869141 13.154881308088081 3.8888123334618276 113.53944802877959 432.82171124592423 37.317367678158917 3.5410520180594167 59.531714437413029 113.10949024371803 242.8536630270537 13.693917952245103 16.043201896362007 17.756595829967409 1777.9973347489722 22.586344201699831 4.3228954671649245 5.0437309606932104 29.174682789482176 60.605819318094291
leaf_count=906765 13605 3483 46331 1184 16426 3029 1018 2722 1365 5155 3642 16799 335 558 1131 5540 2036 79 8451 960 2101 741 201 2040 3108 2839 1161 127 6398 14720
internal_value=0 0.0471611 -0.0616664 0.0486293 -0.0306223 0.0187584 0.051765 0.0457344 0.000752634 0.0316654 -0.00976269 -0.0551546 -0.0231472 0.0575019 0.0368812 0.0369414 -0.00762982 -0.0576998 -0.0195214 0.0417858 0.0385924 0.033178 -0.00482598 0.0126293 0.0587903 -0.0386792 -0.0548027 0.01103 -0.0186644 -0.0669337
internal_weight=0 4365.83 3338.89 4305.55 484.334 409.045 3896.51 1899.61 212.528 274.689 168.629 271.806 114.667 1996.89 117.428 733.736 134.356 60.2833 97.0383 205.551 705.412 462.559 29.7371 30.9115 1879.46 116.014 64.2532 9.36663 51.761 2854.56
internal_count=1074050 55102 1018948 41418 97463 23114 18304 12489 23808 9144 22443 73655 18801 5815 1689 9767 13970 13684 11934 3989 8583 6482 942 2375 4126 27324 18087 1288 9237 921485
is_linear=0
shrinkage=0.05


Tree=8
num_leaves=31
num_cat=0
split_feature=0 0 211 0 211 59 42 42 211 208 0 79 169 167 2 181 0 162 208 82 0 182 199 2 112 209 209 206 208 127
split_gain=8238 306.594 166.289 150.989 114.952 58.9031 48.2552 43.8674 36.8355 35.9007 26.3811 25.0907 19.2442 16.6365 16.829 15.9628 15.6677 18.2327 15.4995 15.2377 27.1626 17.5263 14.291 14.131 13.6713 13.0685 13.0202 14.1347 12.7234 12.6262
threshold=0.19204907757119541 0.60678019017954943 548098.50000000012 0.030380062479932603 562806.00000000012 7.5000000000000009 16.500000000000004 1.0000000180025095e-35 522295.50000000006 9.5000000000000018 0.7740980979447657 3.5000000000000004 7.5000000000000009 5.5000000000000009 48730.000000000007 0.66605200000000009 0.94875966535953815 0.052843250000000008 13.500000000000002 635.50000000000011 0.0032200281855830795 0.064552500000000013 11.775000000000002 2826.5000000000005 1.5000000000000002 5.5000000000000009 2.5000000000000004 7.5000000000000009 15.500000000000002 0.017394500000000004
decision_type=2 2 2 2 2 2 2 2 2 2 2 2 2 2 2 2 2 2 2 2 2 2 2 2 2 2 2 2 2 2
left_child=3 2 26 19 24 7 11 10 -7 13 15 -4 -11 14 -6 -3 17 22 -19 -1 -21 -22 -9 -12 -5 -10 27 -2 -13 -26
right_child=1 5 6 4 9 8 -8 16 25 12 23 28 -14 -15 -16 -17 -18 18 -20 20 21 -23 -24 -25 29 -27 -28 -29 -30 -31
leaf_value=-0.065497905806777265 -0.051080173374160404 -0.011214555085553884 0.023712484481223942 -0.060648786731212857 0.025965659307547757 -0.058037650576602498 0.05358478884673077 -0.01343347454403997 0.032682751120957615 -0.048872542965722819 0.05401649916842606 -0.00021169288968562032 -0.0016075905633099149 0.036785283414292734 -0.026430799469009142 0.032298763994988648 0.060908794438741434 0.054655484536526591 0.018386556316429183 -0.067006355157404746 0.049657488102059145 -0.036855951653047801 0.040548943042750182 0.043836599521606054 0.026128765847310942 -0.017172220090324083 -0.06243413690973644 0.0024205760415288743 -0.054364038223738913 -0.068220791802725653
leaf_weight=2739.8642439746181 28.418152782891411 26.271319968509488 196.07467322004959 208.49342338915449 27.990236747427844 12.796608518983701 97.384982063085772 17.193750966573134 195.98935414175503 50.375277254148386 485.19549042056315 93.866094008204527 37.617529685259797 46.814193403348327 33.867354757967405 106.59734912915155 889.23935455363244 920.88991563208401 30.430281554698013 36.834929161588661 10.540302399080248 13.167332225129938 42.727453480474651 1146.2695499935653 9.0094191840616968 14.089562946348449 59.28530756838154 21.827876583556645 12.264228169573469 5.8474061916349447
leaf_count=906765 5956 1778 8456 61185 1856 2895 1041 344 3085 11394 1488 6695 4757 2217 4754 1738 1189 1984 549 11340 529 2851 352 5389 1094 681 14723 2912 2228 1825
internal_value=0 0.044501 0.00801572 -0.0607568 -0.0328015 0.049279 0.0229765 0.0507968 0.0243223 -0.00492577 0.0451193 0.013113 -0.0286665 0.0142973 -0.00272168 0.0236951 0.0560675 0.0518104 0.0534953 -0.0649496 -0.0401381 0.00160752 0.0250593 0.0468641 -0.0573466 0.0293391 -0.0465638 -0.0278384 -0.00646944 -0.0110057
internal_weight=0 4396.81 509.121 3220.42 420.015 3887.69 399.59 3664.81 222.876 196.665 1764.33 302.205 87.9928 108.672 61.8576 132.869 1900.48 1011.24 951.32 2800.41 60.5426 23.7076 59.9212 1631.47 223.35 210.079 109.531 50.246 106.13 14.8568
internal_count=1074050 63483 42011 1010567 89082 21472 18420 14811 6661 24978 10393 17379 16151 8827 6610 3516 4418 3229 2533 921485 14720 3380 696 6877 64104 3766 23591 8868 8923 2919
is_linear=0
shrinkage=0.05


Tree=9
num_leaves=31
num_cat=0
split_feature=0 0 211 211 42 0 0 42 113 95 209 168 0 211 199 91 181 209 177 182 83 70 191 100 196 211 183 0 208 204
split_gain=7650.08 308.048 162.003 140.971 69.9852 89.1098 65.6464 38.1338 32.7593 24.4905 22.1582 22.062 20.6995 41.009 20.6922 19.3076 17.3357 16.2532 16.1257 15.7025 15.3374 14.8038 15.7773 14.4759 14.2594 13.2501 18.1396 11.8486 11.762 13.7234
threshold=0.33581906297173442 0.043984350660107828 540162.50000000012 570472.50000000012 2.5000000000000004 0.7740980979447657 0.7740980979447657 1.0000000180025095e-35 1.5000000000000002 0.7041805000000001 4.5000000000000009 25.500000000000004 0.0088049481694041625 579266.50000000012 14.845238095200001 19.500000000000004 0.66605200000000009 3.5000000000000004 2.6904761904800005 0.0033510000000000002 0.53576000000000013 37.500000000000007 0.057265000000000003 2.5000000000000004 7.5000000000000009 535255.50000000012 0.038133500000000008 0.94875966535953815 9.5000000000000018 8.5000000000000018
decision_type=2 2 2 2 2 2 2 2 2 2 2 2 2 2 2 2 2 2 2 2 2 2 2 2 2 2 2 2 2 2
left_child=1 12 6 8 5 9 19 11 25 17 23 -5 -1 -14 27 -15 -10 24 -6 20 -2 -17 -23 -8 -4 -3 -27 -7 -9 -30
right_child=2 3 4 7 18 14 10 28 16 -11 -12 -13 13 15 -16 21 -18 -19 -20 -21 -22 22 -24 -25 -26 26 -28 -29 29 -31
leaf_value=-0.064297177111330803 -0.068332676440721996 -0.062628462359231696 0.025271666579371563 -0.027568662630758078 0.048388294461410887 0.033714535636824118 0.039547086122955315 0.043087428135382827 -0.050243115625164571 0.027827343166055327 -0.066104428595275308 0.010403075788206709 -0.059803476402834226 -0.044199234294822358 0.050919531543731335 0.054168930823212606 0.012767103038051106 -0.042317006241362004 0.05886151347131191 -0.049280930923679314 0.045247198347373292 0.029518329140073209 -0.052741103954758867 -0.067436441337616629 -0.013318669840047696 0.0044015789421723668 -0.049499645509464535 0.04481533150216073 -0.05354131366168844 0.039433521956979967
leaf_weight=2493.3491450542351 4.3274508081376544 137.24926865921589 54.82674921117723 72.389221613178961 570.21702868002467 372.87724927742966 68.464988203602843 69.383176826871932 16.243520677904598 258.88791238260455 5.9114328001160166 81.118895919411443 274.52442593063461 32.629976498952601 1000.9782644147053 12.035242655198088 33.281903544557281 18.837856905534863 1034.0042150560766 61.779590976948384 9.4912321278825384 11.000416165101344 12.399708875687791 3.3150328318588427 42.488658912712708 19.681249972665682 75.434473011526279 676.48338580084965 7.534358164179138 8.3869436288950947
leaf_count=836838 920 40806 2490 11075 2981 3835 975 1498 4268 5851 718 5617 89585 10030 2856 913 3502 2580 1729 12289 301 1309 3860 286 2950 2766 17602 1811 1474 335
internal_value=0 -0.0562233 0.0451175 -0.0208741 0.0470367 0.0416777 -0.00533334 0.00739108 -0.0448198 0.019269 0.0269433 -0.00750311 -0.0627138 -0.0511897 0.0457766 -0.0164481 -0.00789921 0.000193789 0.0551388 -0.0385037 0.00967859 0.00910604 -0.0140709 0.0346062 0.00842283 -0.0526889 -0.0383465 0.0408708 0.0341936 -0.0045645
internal_weight=0 3356.64 4182.89 520.703 4029.6 2425.38 153.29 238.813 281.89 375.041 77.6915 153.508 2835.94 342.59 2050.34 68.0653 49.5254 116.153 1604.22 75.5983 13.8187 35.4354 23.4001 71.78 97.3154 232.365 95.1157 1049.36 85.3045 15.9213
internal_count=1074050 1031478 42572 88943 27083 22373 15489 19999 68944 13871 1979 16692 942535 105697 8502 16112 7770 8020 4710 13510 1221 6082 5169 1261 5440 61174 20368 5646 3307 1809
is_linear=0
shrinkage=0.05


Tree=10
num_leaves=31
num_cat=0
split_feature=0 0 0 211 211 59 42 42 211 208 0 98 169 82 0 95 95 95 211 200 182 167 209 0 100 161 83 0 208 199
split_gain=7098.6 272.463 144.371 143.545 98.6415 55.9276 50.2283 43.6925 30.6191 29.424 25.6149 20.5386 16.076 15.2636 22.6616 14.2118 13.8571 13.782 13.2991 17.7736 13.2104 12.8868 14.0026 12.639 14.1803 14.0983 12.5377 12.3492 12.0575 11.3548
threshold=0.19204907757119541 0.60678019017954943 0.030380062479932603 548098.50000000012 562806.00000000012 7.5000000000000009 1.0000000180025095e-35 1.0000000180025095e-35 522295.50000000006 9.5000000000000018 0.94875966535953815 8.7083333333350019 7.5000000000000009 639.50000000000011 0.0032200281855830795 1.2008335000000001 0.75316150000000015 0.49007150000000005 577414.50000000012 0.030740750000000001 0.064552500000000013 3.5000000000000004 2.5000000000000004 0.94875966535953815 1.0000000180025095e-35 0.024737500000000003 0.54966050000000011 0.53809039466125175 11.500000000000002 2.3666666666650005
decision_type=2 2 2 2 2 2 2 2 2 2 2 2 2 2 2 2 2 2 2 2 2 2 2 2 2 2 2 2 2 2
left_child=2 3 13 26 21 6 10 11 -7 17 16 15 -11 -1 -15 -5 28 -6 19 -9 -16 -4 -23 24 -8 -26 -2 -28 29 -3
right_child=1 5 4 7 9 8 23 18 -10 12 -12 -13 -14 14 20 -17 -18 -19 -20 -21 -22 22 -24 -25 25 -27 27 -29 -30 -31
leaf_value=-0.062337814778923931 -0.058505241297743996 -0.060494955048086288 -0.060306380324113951 0.00072879411530175605 -0.021903971606298492 -0.055093184917730215 0.050701316011848276 0.042242810111926467 0.025759623980251681 -0.045165947326249928 0.04600849541355765 -0.022328471021758001 -0.0023658786444852114 -0.063077179784865364 0.051375490353437615 0.029410805774793117 0.037826259041141785 0.021500558448271645 0.048259902119755248 -0.014146613191510199 -0.030132469439373623 -0.0087412352424088985 -0.061216772848852463 0.057379674249535786 -0.097803449327725889 0.030231404723468025 -0.038907557487779444 0.022839741662254026 -0.0011999070291011931 0.031662913012856654
leaf_weight=2648.1175915085478 63.539798364334274 3.4366719452664247 165.72405119671021 92.795825499808416 23.131077647441998 12.439388736383988 892.51375980908051 34.201454120920971 199.59795785322785 49.573758275830187 1099.3498888637405 49.869130829814821 39.35812312818598 27.816483354195952 9.0544844444375503 80.789525721454993 480.15344098606147 87.360428434796631 123.43443337315693 23.627737728063948 11.023120402009225 29.051408281258773 22.603780692967121 908.04624168924056 2.2348246916662893 56.681189638096839 32.851652174198534 10.746048396220429 44.359502180479467 121.82646614825353
leaf_count=909798 16509 170 51094 6918 3495 2895 2708 618 3766 11394 2540 5140 4757 9055 367 2304 3853 5332 1493 1947 2265 5735 7275 1189 63 458 6433 649 1853 1977
internal_value=0 0.041383 -0.057598 0.00712605 -0.0302119 0.0459725 0.0474389 0.0207494 0.0210163 -0.00481652 0.0413567 0.00595295 -0.0262241 -0.0618319 -0.0338572 0.0140779 0.0334864 0.0124139 0.0389899 0.0192033 0.00662553 -0.0535097 -0.031704 0.0531601 0.049133 0.0253747 -0.044337 -0.023688 0.0212015 0.0291345
internal_weight=0 4332.49 3112.81 511.856 416.803 3820.64 3608.6 404.718 212.037 199.423 1749.13 223.454 88.9319 2696.01 47.8941 173.585 649.776 110.492 181.264 57.8292 20.0776 217.379 51.6552 1859.48 951.43 58.916 107.137 43.5977 169.623 125.263
internal_count=1074050 63483 1010567 42011 89082 21472 14811 18420 6661 24978 10393 14362 16151 921485 11687 9222 7853 8827 4058 2565 2632 64104 13010 4418 3229 521 23591 7082 4000 2147
is_linear=0
shrinkage=0.05


Tree=11
num_leaves=31
num_cat=0
split_feature=0 0 0 211 211 72 0 42 211 208 98 170 211 170 208 102 53 74 170 89 169 102 82 0 167 2 3 87 156 42
split_gain=6605.45 255.058 140.825 131.798 92.1129 55.3102 56.7301 42.2271 35.0018 25.8622 22.4112 20.7818 16.8874 16.7062 17.5266 16.4329 16.2588 15.2107 14.9012 14.5953 14.0999 13.9006 13.2543 20.5988 13.2222 13.9237 12.8692 12.4222 12.5731 11.847
threshold=0.19204907757119541 0.60678019017954943 0.030380062479932603 548098.50000000012 562806.00000000012 1.5000000000000002 0.86620967868038068 17.500000000000004 551098.50000000012 9.5000000000000018 182.25000000000003 1.3651460000000002 577414.50000000012 1.0807560000000003 11.500000000000002 0.20759250000000004 1.0000000180025095e-35 12.708333333350001 2.1664360000000005 3.5000000000000004 7.5000000000000009 0.11236850000000001 635.50000000000011 0.0032200281855830795 5.5000000000000009 162984.00000000003 0.06463300000000001 9.5000000000000018 1.3666666666650003 7.5000000000000009
decision_type=2 2 2 2 2 2 2 2 2 2 2 2 2 2 2 2 2 2 2 2 2 2 2 2 2 2 2 2 2 2
left_child=2 3 22 -2 27 6 8 11 16 24 29 12 19 14 -10 18 21 -17 -8 -5 -11 -3 -1 -24 25 -6 -25 28 -4 -7
right_child=1 5 4 7 9 10 15 -9 13 20 -12 -13 -14 -15 -16 17 -18 -19 -20 -21 -22 -23 23 26 -26 -27 -28 -29 -30 -31
leaf_value=-0.06108212656412268 -0.042971139099536301 0.020984127113917467 -0.048601305032565545 -0.035989531513365196 0.014570115272362325 0.044231239473900695 0.040808916449844891 0.048169358405240351 0.023843996377963569 -0.043192604396446177 -0.016859971450292811 0.025177431982661338 0.012589680203464425 0.035907300127961672 -0.020549297973354069 0.028413095386982862 -0.057788226271773713 -0.04488678173486163 0.050126060541239248 0.01054688762030399 -0.0031429076975928085 -0.048730817737051388 -0.061804755583443553 0.038405509235539009 0.03056393385737758 -0.033288574882982452 -0.036515713757742034 -0.057475441628211776 0.012668426814811715 0.055161457212005917
leaf_weight=2576.7069926316617 105.50095789227635 28.383309189113788 21.773147852509283 46.700992459431291 39.145033508655615 319.24197479023132 1145.2120755317155 98.918399983900599 104.40637300419621 48.789276851690374 11.667577614251057 136.02976507635321 97.563762991223484 281.94900606921874 28.248778993263841 32.851680018007755 15.193153092521241 9.0210529370233399 686.31711070844904 26.358247564523481 39.988990357378498 9.5581507952883822 32.939127040095627 11.153087538899856 48.697823975351639 24.842223061481491 11.791395822772754 178.16852214204846 13.605246571591122 1109.471702336974
leaf_count=906765 23591 1181 6902 6404 2851 1399 4835 1013 1934 11394 952 4165 5262 2549 1733 92 1973 34 1558 1576 4757 1069 11340 626 2217 3759 2754 55208 1994 2163
internal_value=0 0.0399656 -0.0562922 0.00681267 -0.0292219 0.0444462 0.0397031 0.0197629 0.0241264 -0.00496981 0.0521555 0.0105997 -0.00102245 0.0290229 0.0143905 0.0435922 -0.0140805 0.0126214 0.0443003 -0.0192002 -0.0251528 0.00342165 -0.0605597 -0.0364691 0.0109312 -0.0040104 -9.72446e-05 -0.0521017 -0.0250392 0.0527191
internal_weight=0 4292.59 3047.6 511.072 415.01 3781.52 2341.14 405.571 467.739 201.463 1440.38 306.653 170.623 414.604 132.655 1873.4 53.1346 41.8727 1831.53 73.0592 88.7783 37.9415 2632.59 55.8836 112.685 63.9873 22.9445 213.547 35.3784 1428.71
internal_count=1074050 63483 1010567 42011 89082 21472 16958 18420 10439 24978 4514 17407 13242 6216 3667 6519 4223 126 6393 7980 16151 2250 921485 14720 8827 6610 3380 64104 8896 3562
is_linear=0
shrinkage=0.05


Tree=12
num_leaves=31
num_cat=0
split_feature=0 0 0 211 211 42 42 42 211 0 208 170 211 98 170 208 95 211 53 48 47 157 113 83 137 182 82 209 82 0
split_gain=6157.98 199.583 179.726 129.188 99.3725 50.8641 49.1347 28.5434 27.8934 26.6682 26.3465 22.5622 20.239 19.0996 17.8876 17.8683 16.3002 13.5056 12.7553 12.7135 12.4729 14.5085 12.4057 14.2511 11.8483 11.3808 12.2758 11.2568 11.1496 11.0157
threshold=0.23938287544958989 0.68981449621504665 0.030380062479932603 548098.50000000012 567284.00000000012 1.0000000180025095e-35 16.500000000000004 4.5000000000000009 528201.50000000012 0.94875966535953815 13.500000000000002 0.79307250000000018 535255.50000000012 22.100000000000005 1.6372370000000001 12.500000000000002 0.95778900000000011 522295.50000000006 1.5000000000000002 1.0000000180025095e-35 1914.5000000000002 10.291666666650002 2.5000000000000004 0.60515800000000008 0.11774100000000001 0.052930000000000005 659.50000000000011 2.5000000000000004 693.50000000000011 0.94875966535953815
decision_type=2 2 2 2 2 2 2 2 2 2 2 2 2 2 2 2 2 2 2 2 2 2 2 2 2 2 2 2 2 2
left_child=2 3 24 17 12 9 10 14 -7 13 11 -5 -4 -3 19 29 -17 -2 -19 -6 21 -14 23 -13 -1 -16 -27 -22 -11 -10
right_child=1 5 4 6 7 8 -8 -9 15 28 -12 22 20 -15 25 16 -18 18 -20 -21 27 -23 -24 -25 -26 26 -28 -29 -30 -31
leaf_value=-0.059600781432753262 -0.059308766058702792 0.032124967872232416 -0.060041201660957055 -0.0025325598427972627 -0.031331581803286955 -0.051039258434256607 0.048385739292869989 0.034943316782638269 0.04761637429367941 0.0431594064601908 -0.018401935343022004 -0.00036680612997375307 -0.058042998303996542 -0.0018647115127297367 0.024464107366235131 0.0096255319322468211 0.045033190299151919 -0.0086533048492395386 -0.061098745830632573 0.014592735952355796 0.020800797910243481 -0.017002683359092666 0.042782742624610182 0.030812148264174385 0.014919317492621487 -0.044147733925492705 0.02895713779389654 -0.050173783889000484 0.0025559761551057071 0.055815599670152663
leaf_weight=2559.1724220716278 43.2396106874221 607.33733801380731 138.26287854410475 86.842073957086541 86.012043845141307 6.8318756243097587 142.11324412783142 43.894069215282798 824.75129531975836 1101.4343053117627 54.073042756179348 59.399297896423377 50.641376854444388 44.348409085185267 44.869774588150904 48.052264670841396 100.45581135130487 43.654479580698535 15.785883724864105 18.271673172712326 17.993239443516362 37.467386619304307 83.412648737197742 95.689312424510717 5.3451149982865891 15.874585904530251 8.9969849057961238 8.1022614223766123 17.170915070921183 813.89227732177824
leaf_count=921239 11704 6544 46031 5595 15035 1309 1054 1365 2161 2681 5366 2606 16599 1836 2374 924 478 5448 3577 1940 1991 6961 1172 1671 246 2783 311 2073 59 917
internal_value=0 0.0392973 -0.0542344 0.0132163 -0.0258239 0.0438649 0.0233093 -0.00108782 0.0497982 0.037852 0.0139168 0.0192882 -0.047175 0.0298119 -0.0101759 0.0501837 0.0335765 -0.0380477 -0.0225815 -0.0232851 -0.0315984 -0.040591 0.0272335 0.0188705 -0.0594455 0.00942624 -0.0177029 -0.00123574 0.0425361 0.0516888
internal_weight=0 4188.48 3034.9 624.21 470.386 3564.27 521.53 217.919 1793.98 1770.29 379.416 325.343 252.467 651.686 174.025 1787.15 148.508 102.68 59.4404 104.284 114.204 88.1088 238.501 155.089 2564.52 69.7413 24.8716 26.0955 1118.61 1638.64
internal_count=1074050 55102 1018948 38193 97463 16909 17464 23808 5789 11120 16410 11044 73655 8380 22443 4480 1402 20729 9025 16975 27624 23560 5449 4277 921485 5468 3094 4064 2740 3078
is_linear=0
shrinkage=0.05


Tree=13
num_leaves=31
num_cat=0
split_feature=0 0 0 211 211 42 0 81 98 208 211 91 117 169 204 204 199 82 0 0 95 208 114 208 91 211 203 191 0 211
split_gain=5747.91 230.985 134.134 107.395 76.419 57.9815 49.5943 40.2399 26.4311 21.9678 21.3654 20.004 16.3119 15.0797 14.899 14.5153 14.3411 12.6944 18.6964 12.5368 12.1042 12.0717 12.6058 11.8015 12.0575 11.7181 11.6242 11.3417 11.2854 14.1825
threshold=0.19204907757119541 0.60678019017954943 0.030380062479932603 548098.50000000012 562806.00000000012 2.5000000000000004 0.86620967868038068 0.019601000000000004 152.58333333350001 9.5000000000000018 529195.50000000012 16.500000000000004 0.08230750000000002 7.5000000000000009 3.5000000000000004 12.500000000000002 14.845238095200001 635.50000000000011 0.0032200281855830795 0.10563387865889716 0.49007150000000005 10.500000000000002 2.5000000000000004 8.5000000000000018 13.500000000000002 522295.50000000006 79.500000000000014 0.09082850000000002 0.86620967868038068 551098.50000000012
decision_type=2 2 2 2 2 2 2 2 2 2 2 2 2 2 2 2 2 2 2 2 2 2 2 2 2 2 2 2 2 2
left_child=2 3 17 25 15 6 8 11 13 20 -7 12 21 23 28 -4 -8 -1 -19 -11 -6 -5 -23 -3 -25 -2 27 -26 29 -12
right_child=1 5 4 7 9 10 16 -9 -10 19 14 -13 -14 -15 -16 -17 -18 18 -20 -21 -22 22 -24 24 26 -27 -28 -29 -30 -31
leaf_value=-0.058955787131338526 -0.058348078112302852 0.026479947675349155 -0.050945305750112496 -0.0029385977485704151 -0.023334821535829053 -0.03034591469027478 0.035889100157919789 0.05410780697787252 -0.042941975124756754 -0.039637128113682273 -0.020602098091276992 0.019797208624102176 0.029358031220042442 0.033473539646930027 0.053258207405539805 0.038178705437163507 0.044826157304786785 -0.059507749593017016 0.00031195590308179358 -0.0013960646330956699 0.017308929354703552 -0.055043005748950491 0.031705137321704976 -0.024251679669443471 -0.0019415745460550111 -0.024406475617420442 -0.064756953285555696 0.037324864335212718 0.047896574585055161 0.035462248013428718
leaf_weight=2442.752826557029 46.585896009055432 105.69107614143286 201.34444952016929 68.791980628971942 23.012840584968217 8.3207764523685892 889.75581061968114 63.118256867164746 15.285001303302122 53.101286135555711 12.365228756447321 220.06296651798766 26.899148459313437 210.60249820700847 1024.2233423991129 4.674605236388742 905.92698213923723 31.069491206726525 22.536773439962417 35.936597146093845 89.802110750460997 25.426885076216426 5.0135748914908609 29.539887296385132 36.169333051540889 55.993680026906077 4.5002487506717435 37.410606472520158 279.49279968556948 128.5639045026619
leaf_count=906765 13285 1655 63653 4661 3495 1392 4084 293 2018 11647 495 7954 815 2495 1735 451 2382 11340 3380 4504 5332 4462 235 1867 1147 10306 494 486 613 609
internal_value=0 0.0374006 -0.0540842 0.00592694 -0.0275004 0.0417693 0.0367143 0.017392 0.0216536 -0.00563566 0.0495448 0.0106979 -0.00517762 0.0239827 0.050005 -0.0489231 0.0403979 -0.0584276 -0.0343588 -0.0242026 0.00901811 -0.0145393 -0.0407555 0.0146125 0.00295768 -0.0398208 0.0132517 0.0180229 0.0420795 0.0305431
internal_weight=0 4199.74 2904.23 511.892 407.872 3687.85 2234.88 409.313 439.199 201.853 1452.97 346.195 126.132 423.914 1444.65 206.019 1795.68 2496.36 53.6063 89.0379 112.815 99.2324 30.4405 213.311 107.62 102.58 78.0802 73.5799 420.422 140.929
internal_count=1074050 63483 1010567 42011 89082 21472 16628 18420 10162 24978 4844 18127 10173 8144 3452 64104 6466 921485 14720 16151 8827 9358 4697 5649 3994 23591 2127 1633 1717 1104
is_linear=0
shrinkage=0.05


Tree=14
num_leaves=31
num_cat=0
split_feature=0 0 0 83 211 42 0 211 42 199 59 208 59 2 138 159 167 178 47 209 70 208 95 209 161 181 82 0 208 99
split_gain=5383.4 222.324 131.956 96.5606 71.2012 64.4784 54.5927 39.9236 31.9772 20.9568 19.8803 19.8315 18.9843 17.4585 18.0052 15.2696 14.7934 14.446 16.623 13.8526 13.3378 13.0419 14.3656 13.0107 12.0646 11.8868 11.7352 16.9484 11.7333 11.5305
threshold=0.19204907757119541 0.53809039466125175 0.030380062479932603 0.56680450000000004 562806.00000000012 1.0000000180025095e-35 0.7740980979447657 528201.50000000012 20.500000000000004 3.7750000000000004 7.5000000000000009 10.500000000000002 3.5000000000000004 2826.5000000000005 0.033014000000000009 0.11052750000000001 3.5000000000000004 2.5000000000000004 1316.5000000000002 2.5000000000000004 108.50000000000001 12.500000000000002 0.95778900000000011 2.5000000000000004 0.10529700000000002 0.17901600000000004 635.50000000000011 0.0032200281855830795 16.500000000000004 0.046660000000000007
decision_type=2 2 2 2 2 2 2 2 2 2 2 2 2 2 2 2 2 2 2 2 2 2 2 2 2 2 2 2 2 2
left_child=2 3 26 -2 16 6 9 -7 12 -3 21 17 -5 28 15 25 -4 18 -6 -18 23 -9 -23 -11 -13 -15 -1 -28 -8 -14
right_child=1 5 4 8 11 7 13 10 -10 20 -12 24 29 14 -16 -17 19 -19 -20 -21 -22 22 -24 -25 -26 -27 27 -29 -30 -31
leaf_value=-0.058062669729864957 -0.044592918061564568 -0.047215687041296542 -0.055537298485853148 0.01541756082519408 -0.018322630185689883 -0.045336943628158315 0.047345565277528229 0.049472200160870144 0.043787730948058129 0.015167204776744473 0.022348589697073984 -0.033123689341568667 0.015609049738261242 0.0097806537730594639 0.049632934903224027 0.031566110957944316 -0.0028965205859782491 0.033685906884494653 0.026918474510327736 -0.055693005627240812 0.031467698618318767 0.00552836075588636 0.042998869931753184 -0.019279646978465945 0.035241659731268173 -0.08674064371313682 -0.058811488411099157 -0.0016431223777803646 0.024272430509070266 -0.025497296213143901
leaf_weight=2375.4520170519827 89.194636134896427 15.066272945143281 151.11809492966859 170.08130022836849 64.40014884818811 11.727966773381921 433.0995900365524 1662.6249173264951 71.063774116104469 86.87241345399525 77.138746899785474 66.196293439134024 23.92183756607119 10.799573483876882 145.27001400804147 985.51926727185491 30.383507435617503 34.702923260512762 29.653112689091358 21.018597997084726 70.125976513023488 34.712643881211989 97.213428640854545 40.049494781764224 7.1503205382032311 4.5267843608744434 30.180414420727175 22.72756094567012 63.130808949703351 59.471509321010672
leaf_count=906765 21496 1912 51094 7448 8530 2820 1276 3410 797 2383 1525 13576 1415 201 446 5799 5735 1288 1326 7275 1329 761 490 2840 258 129 11340 3380 482 6524
internal_value=0 0.0362611 -0.0531391 0.00148295 -0.0267032 0.0401106 0.0334926 0.0466269 0.0141462 0.00962128 0.0472031 -0.0057072 0.00583598 0.0365756 0.0331835 0.0307959 -0.0476559 0.00611416 -0.00405901 -0.0244853 0.013967 0.0482715 0.0331396 0.00429769 -0.026459 -0.0187278 -0.0575439 -0.0342538 0.0444102 -0.0137057
internal_weight=0 4151.61 2832.98 413.733 404.623 3737.88 1854.46 1883.42 324.538 212.114 1871.69 202.103 253.475 1642.35 1146.12 1000.85 202.52 128.756 94.0533 51.4021 197.048 1794.55 131.926 126.922 73.3466 15.3264 2428.36 52.908 496.23 83.3933
internal_count=1074050 63483 1010567 37680 89082 25803 16797 9006 16184 8464 6186 24978 15387 8333 6575 6129 64104 11144 9856 13010 6552 4661 1251 5223 13834 330 921485 14720 1758 7939
is_linear=0
shrinkage=0.05


Tree=15
num_leaves=31
num_cat=0
split_feature=0 0 0 211 211 56 42 95 98 42 0 173 42 98 157 82 0 211 96 211 152 98 72 70 204 183 208 104 98 208
split_gain=5044.31 178.881 169.903 135.711 80.508 62.6377 40.9672 30.1168 25.9731 22.1786 18.3328 15.876 15.2932 14.5549 13.5386 13.2078 16.5794 12.8791 16.1483 12.1305 12.1139 12.9958 11.8757 12.0709 11.7617 11.4428 11.2788 11.2249 11.1322 14.4402
threshold=0.23938287544958989 0.7740980979447657 0.030380062479932603 548098.50000000012 573353.50000000012 1.0000000180025095e-35 1.0000000180025095e-35 0.7041805000000001 9.1000000000000014 4.5000000000000009 0.94875966535953815 0.23073750000000004 336.50000000000006 5.083333333335001 10.775000000000002 639.50000000000011 0.0032200281855830795 521990.50000000006 0.0081185000000000025 531696.50000000012 0.060219000000000002 4.2916666666650007 1.0000000180025095e-35 119.50000000000001 12.500000000000002 0.09271900000000001 9.5000000000000018 0.040251500000000003 7.9166666666650007 7.5000000000000009
decision_type=2 2 2 2 2 2 2 2 2 2 2 2 2 2 2 2 2 2 2 2 2 2 2 2 2 2 2 2 2 2
left_child=2 3 15 17 8 7 10 28 12 14 20 -7 24 -8 25 -1 -17 -2 -19 -15 21 -3 23 -9 27 -6 -24 -4 -5 -30
right_child=1 6 4 5 9 11 13 22 -10 -11 -12 -13 -14 19 -16 16 -18 18 -20 -21 -22 -23 26 -25 -26 -27 -28 -29 29 -31
leaf_value=-0.057228525756663685 -0.055596121386532374 0.030496258468118445 -0.047076256073143273 0.0035811966967658677 -0.031070669418103488 0.019392854495390698 0.04979210739610597 -0.015709747590360784 -0.051633059459825298 0.036189869048365311 0.039540964934661686 0.051175779735435925 0.053389047771736753 -0.036473838191084677 0.010332437154912742 -0.057970720492597862 0.0035000519601794985 0.0079947208230915692 -0.040167086862217601 0.039512680453748124 0.035552057442192614 0.0082175746045522243 0.033722385379096956 0.033199748072614325 0.037485310531358056 0.0095913194800167183 0.014265017634039298 -0.0079645823960382417 0.011347302542889397 -0.047564099784529731
leaf_weight=2316.1351695900667 44.278631809924264 147.75620933738537 43.142944058403373 98.120405348832719 62.7537390680518 49.563197435694747 1191.731106163701 38.44140997575596 183.96804971230449 37.141661377158016 1073.7353644380346 189.57693843124434 6.7928202448529182 5.3295297520235172 64.975028291635681 23.782641123514622 20.359309260034934 28.480161990504712 44.7539889428881 362.21939845196903 278.8356154630892 117.52224179636687 169.66564902360551 18.777302644215524 6.9630965433316296 23.888143637333997 132.75485230132472 31.915023786365055 16.230259205680341 28.966407523723319
leaf_count=909798 12521 1418 12722 5711 11990 1130 2109 1736 59304 1012 2740 599 246 764 4588 9055 2632 2138 7857 1400 1806 2369 2152 285 424 1858 3995 5319 706 3666
internal_value=0 0.0358512 -0.0512868 0.0156162 -0.0235419 0.0235219 0.041326 0.0135053 -0.0409131 0.00156189 0.0357521 0.0445886 -0.0187079 0.0471094 -0.00692094 -0.0567122 -0.0296189 -0.0343083 -0.0214374 0.0384109 0.0282752 0.0206265 0.021229 0.000340743 -0.0246788 -0.0198597 0.0251811 -0.0304458 -0.0058765 -0.0264088
internal_weight=0 4036.74 2821.82 859.609 461.541 742.096 3177.13 502.956 272.782 188.759 1617.85 239.14 88.8139 1559.28 151.617 2360.28 44.142 117.513 73.2342 367.549 544.114 265.278 359.639 57.2187 82.0211 86.6419 302.421 75.058 143.317 45.1967
internal_count=1074050 55102 1018948 42496 97463 19980 12606 18251 78015 19448 8333 1729 18711 4273 18436 921485 11687 22516 9995 2164 5593 3787 8168 2021 18465 13848 6147 18041 10083 4372
is_linear=0
shrinkage=0.05


Tree=16
num_leaves=31
num_cat=0
split_feature=0 0 0 211 98 42 0 137 173 211 204 199 42 167 72 83 82 156 83 196 208 0 211 169 169 82 103 72 168 186
split_gain=4737.48 206.134 128.79 85.4529 65.0439 58.1687 48.7967 35.7752 29.6121 23.2829 22.2678 15.6248 15.5246 15.1489 15.0907 14.8026 14.5205 14.3875 12.575 13.813 14.8969 12.3928 12.1944 11.779 10.9108 10.5115 9.82135 9.54732 10.8171 11.9902
threshold=0.19204907757119541 0.60678019017954943 0.030380062479932603 540796.00000000012 5.708333333335001 5.5000000000000009 0.86620967868038068 0.014476500000000002 0.21808450000000004 574310.50000000012 8.5000000000000018 15.928571428550002 207.50000000000003 4.5000000000000009 1.5000000000000002 0.57480350000000013 576.50000000000011 1.2916666666650001 0.63917850000000009 1.0000000180025095e-35 10.500000000000002 0.12800136274409843 529195.50000000012 6.5000000000000009 7.5000000000000009 565.50000000000011 1035.5000000000002 1.5000000000000002 38.500000000000007 2.5000000000000004
decision_type=2 2 2 2 2 2 2 2 2 2 2 2 2 2 2 2 2 2 2 2 2 2 2 2 2 2 2 2 2 2
left_child=2 3 18 -2 10 6 8 14 15 -6 12 -8 25 22 16 17 -5 -3 -1 -20 -21 -11 -7 -9 -10 -4 -19 28 29 -24
right_child=1 5 4 7 9 13 11 23 24 21 -12 -13 -14 -15 -16 -17 -18 26 19 20 -22 -23 27 -25 -26 -27 -28 -29 -30 -31
leaf_value=-0.056543787585248612 -0.042744518121294039 -0.052160422049382586 -0.055690086273246155 -0.031022346689783539 -0.050723346134422156 -0.046221046565985961 0.033270429088287749 0.0070216048216060652 0.016485691163175078 -0.03132373118826344 0.027463663491300302 0.042463991542508323 0.053493738989327425 0.050543548556727602 0.02337665601315473 0.01559653637394175 0.0028588700368176274 0.011129579988738291 -0.052743605370451557 0.040926064021501486 -0.056773957935074615 0.017081598115191946 0.036642225307381794 0.042498639645331932 0.034203962957326618 -0.0114309360789102 -0.051863421451420672 0.041390975949255185 0.047290352383829976 -0.060355863773907142
leaf_weight=2246.9502528016455 80.895956785068847 21.278502835542895 15.844837021955753 38.287218541139737 179.67683001916157 4.3002199635957359 995.58541805995628 30.113592930720188 147.02136065461673 37.550886540208012 48.992136165325064 862.55243259645067 8.1419044385547732 913.30110699147917 71.690535460831597 62.814635392278433 181.68442271172535 31.751547033549286 24.564785441209096 10.887820091680625 6.0806167142582117 20.4097522161901 5.3048143698833883 104.89146950352006 212.42631114739925 87.490518589620478 7.6853684892994343 257.49293667403981 9.973456332460044 7.9764439165592211
leaf_count=908626 21123 2689 5517 5604 59668 989 4523 1573 2703 6267 2886 2336 207 1461 2372 1511 9957 1065 10343 685 1831 1430 24 1382 1914 13107 1058 1002 38 159
internal_value=0 0.0341706 -0.0514739 0.00437161 -0.0252266 0.0384438 0.0338578 0.0133048 0.019699 -0.0418344 -0.000632235 0.0375381 -0.0129798 0.0474029 0.00345447 -0.00142 -0.00303833 -0.0190249 -0.0560399 -0.0287784 0.00591539 -0.0142787 0.0373401 0.0345853 0.0269568 -0.0182174 -0.00114634 0.03862 0.00793832 -0.0216128
internal_weight=0 4047.03 2686.59 507.563 398.107 3539.46 2341.12 426.667 482.978 237.637 160.469 1858.14 111.477 1198.35 291.662 123.53 219.972 60.7154 2288.48 41.5332 16.9684 57.9606 285.048 135.005 359.448 103.335 39.4369 280.748 23.2547 13.2813
internal_count=1074050 63483 1010567 42011 89082 21472 17799 20888 10940 67365 21717 6859 18831 3673 17933 6323 15561 4812 921485 12859 2516 7697 2212 2955 4617 18624 2123 1223 221 183
is_linear=0
shrinkage=0.05


Tree=17
num_leaves=31
num_cat=0
split_feature=0 0 0 83 42 98 0 42 211 211 211 193 204 209 168 42 2 143 208 117 82 0 138 141 0 42 98 3 203 83
split_gain=4446.3 196.445 126.217 75.8678 63.4691 60.8115 54.5112 27.969 25.3743 22.285 21.7435 19.4434 19.3698 17.1477 16.3692 14.9675 14.7011 19.586 16.6878 14.697 13.1794 14.9271 12.9682 12.222 11.9438 11.5382 11.8126 10.9918 10.9721 10.8833
threshold=0.19204907757119541 0.53809039466125175 0.030380062479932603 0.56680450000000004 2.5000000000000004 5.708333333335001 0.86620967868038068 20.500000000000004 521990.50000000006 545561.50000000012 574310.50000000012 0.030520500000000002 8.5000000000000018 3.5000000000000004 20.500000000000004 207.50000000000003 21926.000000000004 0.18333333333350002 15.500000000000002 0.083296000000000023 633.50000000000011 0.0019437620776660012 0.032480000000000002 55.500000000000007 0.94875966535953815 402.50000000000006 6.2916666666650007 0.06463300000000001 9.5000000000000018 0.58000700000000005
decision_type=2 2 2 2 2 2 2 2 2 2 2 2 2 2 2 2 2 2 2 2 2 2 2 2 2 2 2 2 2 2
left_child=2 3 20 -2 6 12 8 14 -3 11 -7 -6 15 22 19 -4 18 23 -8 -5 -1 -22 -10 -18 25 26 -11 -23 -15 -28
right_child=1 4 5 7 9 10 16 -9 13 24 -12 -13 -14 28 -16 -17 17 -19 -20 -21 21 27 -24 -25 -26 -27 29 -29 -30 -31
leaf_value=-0.056007600004482454 -0.041302092130277836 -0.057954065395233005 -0.017693612031617022 -0.022692147679316321 0.033370522276780737 -0.049746238853996282 0.042333783207797418 0.039540428241281123 0.018006677831108622 0.041769554580986329 -0.014193568246654215 -0.036213823292113173 0.025193803552768436 -0.044041408581422165 0.013677320775502681 0.052106956732509549 0.027257138086949309 0.046160136468643712 0.023436809543564349 0.024863877953806526 -0.056564622650967428 0.029338498671885795 0.04090281267617725 -0.01785228102592578 0.05158517356702938 0.052294256372084083 -0.017720778207301474 -0.034251821452613213 0.0055399406777628252 0.029490272086110297
leaf_weight=2160.9532885826193 86.195698725583497 11.116540527844334 103.15782854275312 75.567614035913721 31.230233690934256 174.8345987428911 850.6492738580564 69.690232137450948 327.48309019138105 446.21256622392684 57.034899770922493 14.794735802861394 49.106224792078137 14.250241787289267 158.33115009753965 8.2979794485145231 548.76599236857146 153.62761838547885 135.43012431147508 20.695827517658472 28.876261888770387 12.575015372713098 76.241334759397432 15.438196490518747 607.7216229964979 203.61224683141336 14.332750445231794 14.785996162740046 51.424435194232501 82.312593250651844
leaf_count=904116 21496 2682 18624 8513 741 59668 2341 797 6840 1238 7697 1952 2886 1545 6216 207 2447 440 970 658 12445 1028 614 268 793 376 295 3896 1771 490
internal_value=0 0.0331562 -0.0507596 0.000391863 0.0369081 -0.0246223 0.0315814 0.0114742 0.0167079 0.0452181 -0.041001 0.0110026 -0.000969591 0.0184761 0.00379165 -0.0124969 0.0357759 0.0303325 0.0397384 -0.012468 -0.0553857 -0.0314896 0.0223305 0.0260228 0.046381 0.0421441 0.038337 -0.00502596 -0.00521833 0.0224888
internal_weight=0 3995.12 2609.62 410.481 3584.64 392.432 2184.43 324.285 480.516 1400.22 231.869 46.025 160.562 469.399 254.595 111.456 1703.91 717.832 986.079 96.2634 2217.19 56.2373 403.724 564.204 1354.19 746.47 542.858 27.361 65.6747 96.6453
internal_count=1074050 63483 1010567 37680 25803 89082 19918 16184 13452 5885 67365 2693 21717 10770 15387 18831 6466 3155 3311 9171 921485 17369 7454 2715 3192 2399 2023 4924 3316 785
is_linear=0
shrinkage=0.05


Tree=18
num_leaves=31
num_cat=0
split_feature=0 0 0 211 42 211 0 173 42 208 95 95 208 211 98 173 169 102 204 211 83 196 208 208 70 96 211 83 169 84
split_gain=4196.47 193.011 126.671 73.6365 60.2093 56.9694 50.848 38.616 32.7447 26.6668 18.2089 17.3041 17.1588 15.1267 14.0342 13.5901 13.2519 13.0843 12.9857 12.6922 12.485 13.0056 12.8361 12.1994 11.7691 11.3877 11.3482 10.5773 10.3935 9.95559
threshold=0.19204907757119541 0.60678019017954943 0.030380062479932603 548098.50000000012 6.5000000000000009 535255.50000000012 0.94875966535953815 0.21436950000000002 1.0000000180025095e-35 9.5000000000000018 0.51832050000000007 1.5939485000000002 7.5000000000000009 520240.50000000006 8.9000000000000021 0.35994950000000003 7.5000000000000009 0.20759250000000004 3.5000000000000004 530540.50000000012 0.63917850000000009 1.0000000180025095e-35 10.500000000000002 15.500000000000002 51.500000000000007 0.042013000000000002 611972.50000000012 0.53855800000000009 11.500000000000002 140.50000000000003
decision_type=2 2 2 2 2 2 2 2 2 2 2 2 2 2 2 2 2 2 2 2 2 2 2 2 2 2 2 2 2 2
left_child=2 3 20 27 6 28 7 13 14 10 -7 12 -9 -3 29 25 -11 -8 19 -6 -1 -22 -23 -15 -19 -10 -27 -2 -4 -5
right_child=1 4 5 8 18 9 17 11 15 16 -12 -13 -14 23 -16 -17 -18 24 -20 -21 21 22 -24 -25 -26 26 -28 -29 -30 -31
leaf_value=-0.055385237016866012 -0.055730586951221052 -0.057188394389488723 -0.056834134905013517 0.0021203275435902735 -0.047320971140297929 -0.024766506717867745 0.039071838140444667 0.035890176567575767 0.025883194632380809 -0.041311128643113176 0.013377056012423272 0.036881374035405694 0.014973306839857758 0.010889562563239377 -0.022843071627486451 0.04702686841534498 -0.0086426808525048027 0.031518464294884162 0.049532491422242947 0.038760394802886997 -0.051225493614128439 0.037795260091673465 -0.056767499268171678 -0.033594321718953733 -0.034150634347932675 -0.03990950555768312 0.043690614712040547 -0.022107344293167422 0.054278147680209776 0.035284461296474667
leaf_weight=2110.4266301379248 39.140216064464767 9.6243871617480163 106.6999909132137 155.52448499994352 4.3412163832108481 44.20216435479233 1304.4251544126309 146.56226070295088 89.574877297040075 79.817605671065394 107.09446338709677 341.12174323620275 296.19566795404535 177.55029382801149 50.511355592636392 65.914613655186258 50.799945042235777 16.6841114461422 794.90127529099118 314.4881391027011 22.969431116944179 11.0555456323782 5.3134156060405067 16.877556933439337 11.543206516653298 14.172487910836937 5.688697488512843 58.126783651474398 2.1469916737405574 26.482503464678302
leaf_count=908626 12256 2265 41848 8776 926 9653 3321 988 2116 22068 8088 1808 4373 3894 5081 522 7288 43 1323 1191 10343 685 1831 1291 49 1365 55 11335 137 505
internal_value=0 0.0323124 -0.050105 0.00345487 0.0365569 -0.0239179 0.0319705 0.0233743 0.0127774 -0.0120552 0.0022332 0.0284179 0.0218972 0.00399923 0.000474583 0.0290912 -0.0286057 0.038343 0.0461132 0.0375883 -0.054865 -0.0269559 0.0070999 0.00702808 0.00466391 0.0182884 -0.0159645 -0.0356373 -0.0546425 0.0069458
internal_weight=0 3939.45 2540.53 505.136 3434.32 390.761 2320.58 987.932 407.869 281.914 151.297 783.88 442.758 204.052 232.518 175.351 130.618 1332.65 1113.73 318.829 2149.77 39.3384 16.369 194.428 28.2273 109.436 19.8612 97.267 108.847 182.007
internal_count=1074050 63483 1010567 42011 21472 89082 18032 14619 18420 47097 17741 7169 5361 7450 14362 4058 29356 3413 3440 2117 921485 12859 2516 5185 92 3536 1420 23591 41985 9281
is_linear=0
shrinkage=0.05


Tree=19
num_leaves=31
num_cat=0
split_feature=0 0 0 211 42 211 42 208 168 199 92 211 167 39 0 42 82 83 68 152 82 0 208 129 159 166 208 161 159 208
split_gain=3940.63 180.664 124.05 117.775 65.3698 54.0373 44.854 23.9725 22.757 20.626 17.8042 17.3062 16.1108 14.8299 13.7265 13.5225 12.5059 12.3244 12.3103 12.2506 11.8115 12.9458 11.7425 11.6195 11.471 13.9851 10.9551 10.9035 10.5253 10.3415
threshold=0.19204907757119541 0.7740980979447657 0.030380062479932603 551878.50000000012 1.0000000180025095e-35 535255.50000000012 3.5000000000000004 9.5000000000000018 44.500000000000007 14.845238095200001 0.58333333333350013 521990.50000000006 2.5000000000000004 15.500000000000002 0.94875966535953815 2.5000000000000004 573.50000000000011 0.60515800000000008 30.500000000000004 0.11228700000000001 633.50000000000011 0.0019437620776660012 15.500000000000002 5.5000000000000009 0.14406000000000002 0.64642857142850019 12.500000000000002 0.023463033333350005 0.1948835833335 14.500000000000002
decision_type=2 2 2 2 2 2 2 2 2 2 2 2 2 2 2 2 2 2 2 2 2 2 2 2 2 2 2 2 2 2
left_child=2 3 20 11 8 -4 9 12 16 14 18 -2 -7 -11 22 28 -5 -15 -6 -9 -1 -22 -3 27 25 -8 -20 -13 -14 -10
right_child=1 6 5 4 10 7 24 19 29 13 -12 23 15 17 -16 -17 -18 -19 26 -21 21 -23 -24 -25 -26 -27 -28 -29 -30 -31
leaf_value=-0.054949462966698941 -0.053717917916525637 0.02314783534336437 -0.054100433896859382 -0.038789138816940433 -0.0074534673288849914 -0.02842619121314981 -0.023218354680968778 -0.033935738669616654 0.025812354652271541 0.038681151854437573 0.056406240311924108 0.026574890197504378 -0.040906008431664836 -0.064284460459056877 0.032264051343331768 0.036892249086390508 -0.00089026794601738046 0.042765423722952473 0.034334258130144922 0.011198009123328441 -0.055377658600218441 -0.006020874655699982 -0.0057140111155712615 -0.054293855443736161 0.047026527248160151 0.036039501380010434 -0.0029749212427370038 -0.018410840256566217 0.0073043114924568418 -0.023997746077431034
leaf_weight=2022.4492596664932 47.348454518592916 331.14756013418082 104.80508413101779 24.318151974875946 21.64377565914765 34.798183838080149 11.771258986322207 111.7763559029554 116.94960335106589 938.7798235565424 72.603938864776865 16.755863886908628 13.525064106273929 6.4370689593488333 613.42845786293037 33.985058424819726 207.50344883254729 4.6171325454488397 271.06313471449539 17.371182822273113 26.978325263073202 26.175505138351582 39.438467476633377 17.513889287249185 977.54846372123575 64.589646454667673 21.215315235313028 68.678135108493734 69.479539971449412 11.439825379289685
leaf_count=904116 15259 3565 41985 3356 947 7289 121 27624 2264 3056 100 885 3337 365 1928 1490 10588 25 2626 1732 12445 4924 1162 3426 2094 290 1132 9548 5625 746
internal_value=0 0.0313618 -0.049499 0.0116833 0.0198113 -0.023461 0.03727 -0.0120307 0.00448682 0.0327474 0.0340925 -0.0286999 0.00144181 0.0380032 0.0276741 0.0103259 -0.00486587 -0.0195717 0.0289317 -0.027865 -0.054338 -0.031072 0.0200763 -0.0171935 0.0455686 0.0269047 0.0316261 -0.00958795 -0.000551249 0.0213741
internal_weight=0 3884.79 2461.34 897.034 746.737 385.74 2987.76 280.935 360.211 1933.85 386.526 150.296 151.788 949.834 984.014 116.99 231.822 11.0542 313.922 129.148 2075.6 53.1538 370.586 102.948 1053.91 76.3609 292.278 85.434 83.0046 128.389
internal_count=1074050 63483 1010567 50877 21759 89082 12606 47097 16954 10101 4805 29118 17741 3446 6655 10452 13944 390 4705 29356 921485 17369 4727 13859 2505 411 3758 10433 8962 3010
is_linear=0
shrinkage=0.05


Tree=20
num_leaves=31
num_cat=0
split_feature=0 0 59 211 42 0 211 208 167 208 157 181 199 84 42 204 0 157 101 2 2 82 0 183 183 82 209 208 0 87
split_gain=3712.04 222.849 102.849 76.6159 74.256 47.6136 33.7825 31.7329 25.6011 19.7592 18.0888 17.369 15.6916 15.2527 14.9348 14.6545 14.3939 14.7191 14.1169 13.1816 12.0828 11.5601 12.0858 11.3624 11.4092 11.2825 10.9814 10.4816 10.3538 10.1631
threshold=0.33581906297173442 0.030380062479932603 7.5000000000000009 535255.50000000012 1.0000000180025095e-35 0.7740980979447657 522295.50000000006 10.500000000000002 5.5000000000000009 11.500000000000002 6.083333333335001 1.0364740000000003 12.816666666650002 140.50000000000003 336.50000000000006 4.5000000000000009 0.86620967868038068 12.775000000000002 0.017245000000000003 2826.5000000000005 182686.50000000003 633.50000000000011 0.0019437620776660012 0.09271900000000001 0.039472500000000001 578.50000000000011 4.5000000000000009 10.500000000000002 0.86620967868038068 405.50000000000006
decision_type=2 2 2 2 2 2 2 2 2 2 2 2 2 2 2 2 2 2 2 2 2 2 2 2 2 2 2 2 2 2
left_child=1 21 4 -3 5 13 -4 8 14 15 18 -11 -9 25 23 28 17 -8 20 27 -7 -1 -23 24 -5 -2 -18 -12 -6 -29
right_child=2 3 6 7 9 10 16 12 -10 11 19 -13 -14 -15 -16 -17 26 -19 -20 -21 -22 22 -24 -25 -26 -27 -28 29 -30 -31
leaf_value=-0.054465344725499236 -0.018836007141122216 -0.051494745192045159 -0.047885340509136828 0.010444705146832815 0.028876631355701399 0.021171821779164681 -0.018514652596019504 -0.03857784923613336 0.021782992642661501 0.0023742427496433937 0.049353082626924019 0.036657057783398415 -0.0060665693981823482 0.035958047910700869 0.036441994091195348 0.047930217800572182 0.029035245687390111 0.014373363715559254 0.040093186621348607 0.030183451445967815 -0.0045884545572034046 -0.054857754349978985 -0.0066572704398488421 0.012162758340112007 -0.028738980027817725 0.0085833319116283193 -0.022389382097549412 0.03582346921828216 0.042892996302462294 -0.011363270803996867
leaf_weight=1954.0852444376505 47.819906103541143 132.42088423785754 29.545997542125406 22.854730927967466 208.27226751449052 156.53784069977701 66.993795140704606 95.733582346321782 104.08802204742096 52.758439867931884 199.78224834660068 123.26604877581121 60.612116134027019 40.743487836443819 15.887850711063946 935.96269569313154 89.587331392802298 69.122692686971277 65.633469020016491 795.41105916304514 64.18556134076789 25.824276763421949 26.198762946296483 31.76593310869066 99.263844360481016 174.13965534348972 11.741999073885379 147.00820379331708 358.62770701060072 12.371354871429501
leaf_count=904116 4701 51798 8835 2667 1960 1200 5597 23264 5118 1614 367 797 7740 546 646 1843 630 2807 330 3597 750 12445 4924 2184 16576 5424 270 540 671 93
internal_value=0 -0.0460469 0.0324104 -0.0182381 0.0347686 0.0274144 0.00253428 -0.00800137 0.00225905 0.0422313 0.0309835 0.0263817 -0.0259739 0.00783782 -0.00971115 0.0440877 0.00880813 -0.00181346 0.0197346 0.0337734 0.0136808 -0.053846 -0.030584 -0.0144762 -0.0214057 0.00267599 0.0230762 0.0417239 0.0377436 0.0321607
internal_weight=0 2568.74 3649.51 562.627 3382.52 1703.63 266.992 430.206 273.86 1678.89 1440.93 176.024 156.346 262.703 169.772 1502.86 237.446 136.116 286.357 1154.57 220.723 2006.11 52.023 153.885 122.119 221.96 101.329 359.162 566.9 159.38
internal_count=1074050 1031478 42572 109993 24433 17548 18139 58195 27191 6885 6877 2411 31004 10671 22073 4474 9304 8404 2280 4597 1950 921485 17369 21427 19243 10125 900 1000 2631 633
is_linear=0
shrinkage=0.05


Tree=21
num_leaves=31
num_cat=0
split_feature=0 0 0 211 211 42 0 177 66 83 58 208 42 208 211 149 183 208 72 184 91 181 70 59 132 160 83 34 204 211
split_gain=3515.31 171.544 119.83 76.1387 61.0461 59.0164 48.8361 33.874 31.3997 21.7421 20.4394 16.3484 15.3517 15.1054 14.024 13.6377 14.6468 13.6717 13.6087 12.8511 12.254 12.185 11.3198 10.2894 9.66983 9.23126 9.19161 9.12267 9.05325 8.90412
threshold=0.19204907757119541 0.60678019017954943 0.012339227772512141 568561.50000000012 548098.50000000012 5.5000000000000009 0.94875966535953815 2.6333333333350004 0.030666000000000002 0.5677525000000001 0.030651500000000002 9.5000000000000018 13.500000000000002 13.500000000000002 545153.50000000012 2.5000000000000004 0.10524300000000002 10.500000000000002 1.0000000180025095e-35 0.10850200000000002 14.500000000000002 1.4043205000000001 108.50000000000001 2.5000000000000004 2.5000000000000004 0.030353375000000002 0.53855800000000009 999826.50000000012 12.500000000000002 527062.50000000012
decision_type=2 2 2 2 2 2 2 2 2 2 2 2 2 2 2 2 2 2 2 2 2 2 2 2 2 2 2 2 2 2
left_child=2 4 -1 10 26 6 7 9 13 19 29 -9 15 18 20 16 17 -5 22 -3 -7 24 -6 -16 27 -12 -2 -13 -8 -4
right_child=1 5 3 12 8 14 28 11 -10 -11 25 21 -14 -15 23 -17 -18 -19 -20 -21 -22 -23 -24 -25 -26 -27 -28 -29 -30 -31
leaf_value=-0.054445390729599176 -0.053822712069446825 -0.0048991909493700742 -0.05630329727206921 -0.0079571896560953446 -0.026880729038156748 -0.054540751724715314 0.033293371945340815 0.037684351018498125 0.046039431690427166 0.015291417839477557 0.04832733655293299 -0.00063323990581890552 0.03506684561444473 -0.018861310152974958 0.047028398884041499 0.022303959313481482 0.022610821644691526 -0.039731022078999839 0.014623572376787256 -0.059878708777572058 0.025492641801418803 0.030378121206540421 0.031185726452709964 0.035030857846731864 0.018619942457817028 -0.03399896820021462 -0.021591993083614192 -0.061787332583812984 0.04324586621054153 -0.038437277267137332
leaf_weight=1809.8292493975023 35.761396613845136 58.0670814368641 126.45745776832337 85.201289058604743 38.411085832864046 5.856259835651147 944.29084211634472 272.83972772280686 54.918253373121843 360.97774942952674 8.4446101955836621 31.6621694189962 22.057188213104382 54.318124443176202 830.16353185032494 29.564228166040266 22.790470722131431 56.177595859888243 246.20355064526666 13.010054971789939 26.090826011961326 123.82365650543943 10.740004723891614 227.73352556861937 69.764476366806775 5.705724276136606 57.990657526534051 7.553104907507076 301.4382183002308 155.48722514812835
leaf_count=862486 12256 2704 54909 12736 3022 843 2679 1648 255 5277 631 729 796 5713 1412 2395 1278 17289 9159 2033 605 800 271 813 975 1837 11335 255 699 56210
internal_value=0 0.0297965 -0.0484043 -0.0270453 0.00246773 0.0339572 0.029214 0.0205951 0.0108917 0.0103143 -0.0435075 0.0293796 -0.00445695 0.00537154 0.0434601 -0.00895686 -0.0145864 -0.0205827 0.00982816 -0.0149627 0.0108216 0.0196466 -0.0141926 0.0444457 0.00745345 0.0151316 -0.0338863 -0.0124119 0.0357017 -0.0464505
internal_weight=0 3771.61 2321.72 511.886 498.343 3273.27 2183.43 937.698 404.591 432.055 296.095 505.643 215.791 349.673 1089.84 193.734 164.169 141.379 295.355 71.0771 31.9471 232.803 49.1511 1057.9 108.98 14.1503 93.7521 39.2153 1245.73 281.945
internal_count=1074050 63483 1010567 148081 42011 21472 17799 14421 18420 10014 113587 4407 34494 18165 3673 33698 31303 30025 12452 4737 1448 2759 3293 2225 1959 2468 23591 984 3378 111119
is_linear=0
shrinkage=0.05


Tree=22
num_leaves=31
num_cat=0
split_feature=0 0 0 211 211 42 42 173 169 208 156 74 2 208 0 211 48 138 211 127 200 118 42 109 170 91 98 131 47 110
split_gain=3316.64 208.06 98.599 86.466 68.4501 51.3954 42.186 27.3955 25.4073 19.6341 18.6605 17.2209 14.4377 14.1702 14.0879 24.1071 13.7804 13.4622 13.0449 12.2349 12.1875 11.9043 11.6214 11.1974 11.1087 10.2998 10.2655 10.6538 10.1082 9.91824
threshold=0.33581906297173442 0.030380062479932603 0.86620967868038068 551098.50000000012 535255.50000000012 37.500000000000007 1.0000000180025095e-35 0.35230000000000006 7.5000000000000009 9.5000000000000018 1.2916666666650001 255.55000000000004 2826.5000000000005 11.500000000000002 0.0088049481694041625 566509.00000000012 1.0000000180025095e-35 0.033014000000000009 576873.00000000012 0.046556500000000008 0.04820016666670001 0.070105500000000015 336.50000000000006 5.5000000000000009 0.33037400000000006 317.50000000000006 7.083333333335001 17.500000000000004 942.50000000000011 63.500000000000007
decision_type=2 2 2 2 2 2 2 2 2 2 2 2 2 2 2 2 2 2 2 2 2 2 2 2 2 2 2 2 2 2
left_child=1 14 3 10 -3 8 12 9 18 22 -2 -12 -4 -10 -1 23 -11 24 21 -9 -20 -5 25 -16 -14 -6 -8 -28 -18 -17
right_child=2 4 6 5 7 -7 26 19 13 16 11 -13 17 -15 15 29 28 -19 20 -21 -22 -23 -24 -25 -26 -27 27 -29 -30 -31
leaf_value=-0.054340009874514122 -0.041455792094678409 -0.050495789185055741 0.037952820818902611 -0.00054362191447322196 -0.011723867888923815 0.043070499967426595 0.045377956616966031 0.035807992521519741 0.032243742836067332 -0.037572723886258715 0.018811954610390542 -0.031316703930294926 -0.023902408635311699 0.008212118848046587 -0.053729261337669532 -0.032916046950458563 -0.035165667166547204 0.042702370950457931 0.030313169621970205 0.00086341917679677669 0.0063295975235925263 -0.052807088399760505 0.033598922393751882 0.04055493891432603 0.025075152641512579 0.054342554717053328 0.0015464369452545194 0.037216581766883618 0.030908313462573098 0.0098484846172326793
leaf_weight=1692.6666340068332 57.591850985540077 124.84841654231423 419.40292325709015 115.03415369603317 155.30359102596412 247.67244975711219 983.07116136979312 38.492919019889086 255.98126140702516 112.07917323897709 39.384320532204583 30.323778765159659 11.755819595418869 80.672756041749381 128.06851669363095 27.440480243065394 9.7258164242957736 114.46688545402139 79.568969347747043 71.716469738632441 158.45157366548665 12.035497689852489 17.576223659212701 3.2284223642491261 762.4525492945686 6.1323065862525246 24.584112610900775 140.95835885195993 14.297299453814047 26.8005388926249
leaf_count=836838 10783 51798 1355 4454 19453 858 1826 1240 2407 26951 1737 5190 232 2230 62902 13786 2182 316 1316 6514 4150 1146 685 533 3619 92 200 753 1078 7426
internal_value=0 -0.0449853 0.0309166 0.0183003 -0.0179439 0.0234886 0.0364461 -0.00838873 0.0165774 -0.0158933 -0.0203948 -0.00299456 0.0303064 0.026485 -0.0529063 -0.0398268 -0.0302069 0.0266977 0.00744152 0.0130685 0.0143472 -0.0054938 -0.00501067 -0.0514109 0.0243315 -0.00921427 0.0434383 0.0319193 0.0041581 -0.0117861
internal_weight=0 2428.38 3533.41 1076.72 550.172 949.417 2456.69 425.324 701.744 315.114 127.3 69.7081 1308.08 336.654 1878.2 185.538 136.102 888.675 365.09 110.209 238.021 127.07 179.012 131.297 774.208 161.436 1148.61 165.542 24.0231 54.241
internal_count=1074050 1031478 42572 34271 109993 16561 8301 58195 15703 50441 17710 6927 5522 4637 921485 84647 30211 4167 11066 7754 5466 5600 20230 63435 3851 19545 2779 953 3260 21212
is_linear=0
shrinkage=0.05


Tree=23
num_leaves=31
num_cat=0
split_feature=0 0 0 211 211 42 42 0 211 170 95 211 58 177 169 100 82 208 170 47 118 131 208 72 148 199 90 208 199 208
split_gain=3129.68 173.37 106.087 71.5203 65.2303 51.555 46.1827 36.6988 20.8882 20.4468 17.6259 17.6216 15.8903 15.5033 14.7938 13.5506 12.8917 11.9663 11.0648 10.4295 10.3204 10.1277 9.77585 9.66088 9.4558 10.2726 9.98658 9.32529 9.26858 9.84337
threshold=0.17215690376152604 0.68981449621504665 0.012339227772512141 554971.50000000012 562806.00000000012 5.5000000000000009 1.0000000180025095e-35 0.94875966535953815 541495.50000000012 1.5354940000000001 1.5939485000000002 522295.50000000006 0.030651500000000002 3.2250000000000005 6.5000000000000009 1.0000000180025095e-35 652.50000000000011 8.5000000000000018 1.2728575000000004 2759.5000000000005 0.054287500000000009 4.5000000000000009 7.5000000000000009 1.5000000000000002 5.5000000000000009 6.267857142855001 3.5000000000000004 13.500000000000002 22.071428571450003 11.500000000000002
decision_type=2 2 2 2 2 2 2 2 2 2 2 2 2 2 2 2 2 2 2 2 2 2 2 2 2 2 2 2 2 2
left_child=2 3 -1 11 12 7 9 8 -3 -5 17 -2 24 -8 16 18 22 -10 23 -14 -17 -16 -6 -7 26 -26 -4 -11 29 -9
right_child=1 5 4 6 14 15 13 28 10 27 -12 -13 19 -15 21 20 -18 -19 -20 -21 -22 -23 -24 -25 25 -27 -28 -29 -30 -31
leaf_value=-0.053730370554397756 -0.052409230362414905 -0.017076485972727325 -0.05107690787824333 -0.011792545952897504 -0.0036774505157581312 0.0045344750505458857 0.020739047171679317 0.035531943832396502 0.02483262187512577 0.020304918139455872 0.031228883072353192 -0.014515136833265746 -0.048004035452756118 0.047517726040106088 0.034352741564576857 -0.029109907182822366 0.027471662693534495 0.0087206789293564606 0.048260131342218265 0.058106280061591034 0.028330094365114213 -0.0024160000928598328 -0.034857211136627313 0.039144028374880235 0.063625942440293654 -0.043007413606795775 0.017289168015998595 -0.024492031199346731 0.040727857100456732 0.024416027121659703
leaf_weight=1682.1901818072947 42.835863670130493 35.568353649636265 220.97375163607649 158.49507384200115 37.645883530174615 21.402241069008596 157.3457854675944 512.67577768303454 208.45822218758985 108.13236029492691 315.50087749399245 108.10172480976325 3.7481528795906325 82.328745419043116 24.843401037243893 9.7467400960449577 13.3371931144502 257.7076667859219 566.50299532152712 6.0594340286916122 39.559564806520939 76.081482661014888 75.669291373924352 348.35810830647824 3.9175084380549361 5.3335337394964881 5.4739728632266624 13.015660589211619 368.51815401250497 325.66492237476632
leaf_count=862486 15889 2637 98756 12195 4950 302 3626 1348 1895 2394 1744 15332 1453 502 1496 338 559 4396 941 298 115 11509 21647 1163 114 1985 1004 946 793 1237
internal_value=0 0.0280236 -0.0478476 0.00502637 -0.0269297 0.0331452 0.0138317 0.0285787 0.0203972 2.78152e-05 0.0221024 -0.0252694 -0.0448053 0.0299376 -0.00764593 0.0425233 -0.0190258 0.0159256 0.0438687 0.0175542 0.0169755 0.0066349 -0.0244986 0.0371408 -0.0474001 0.00214826 -0.0494243 0.0154921 0.034119 0.0312138
internal_weight=0 3679.92 2155.27 670.255 473.084 3009.66 519.318 2024.09 817.235 279.643 781.667 150.938 245.506 239.675 227.577 985.57 126.652 466.166 936.263 9.80759 49.3063 100.925 113.315 369.76 235.699 9.25104 226.448 121.148 1206.86 838.341
internal_count=1074050 67793 1006257 50884 143771 16909 19663 14050 10672 15535 8035 31221 103610 4128 40161 2859 27156 6291 2406 1751 453 13005 26597 1465 101859 2099 99760 3340 3378 2585
is_linear=0
shrinkage=0.05


Tree=24
num_leaves=31
num_cat=0
split_feature=0 0 0 42 98 211 0 66 59 211 70 169 95 208 83 101 200 2 208 152 115 211 169 177 209 206 209 211 72 208
split_gain=2953.08 180.604 94.6105 58.8535 56.1882 55.611 39.4115 29.1359 26.8955 24.2087 19.2529 19.561 15.91 15.9074 14.16 13.7707 12.4721 12.421 11.905 11.1196 10.8352 10.6416 10.4054 10.1076 10.0891 9.75244 9.63958 9.63865 9.2148 9.16885
threshold=0.15548050853772452 0.60678019017954943 0.012339227772512141 1.0000000180025095e-35 4.2916666666650007 548098.50000000012 0.94875966535953815 0.030666000000000002 7.5000000000000009 576328.50000000012 106.50000000000001 7.5000000000000009 1.2008335000000001 9.5000000000000018 0.5744815000000002 0.030463500000000001 0.022704666666650001 206877.50000000003 11.500000000000002 0.10806150000000002 0.072542000000000009 531696.50000000012 6.5000000000000009 2.7750000000000004 2.5000000000000004 7.5000000000000009 1.5000000000000002 551506.50000000012 1.0000000180025095e-35 13.500000000000002
decision_type=2 2 2 2 2 2 2 2 2 2 2 2 2 2 2 2 2 2 2 2 2 2 2 2 2 2 2 2 2 2
left_child=2 5 -1 6 15 24 10 12 13 -6 11 14 28 17 16 19 -3 23 -17 -4 -19 -10 27 -5 25 -2 -16 -15 -7 -14
right_child=1 3 4 8 9 7 -8 -9 21 -11 -12 -13 29 22 26 18 -18 20 -20 -21 -22 -23 -24 -25 -26 -27 -28 -29 -30 -31
leaf_value=-0.053374655248521578 -0.037644660159872306 0.016134157716138939 -0.019906515201051016 0.038229959463729285 -0.047192532198036347 -0.027297860323373987 0.031532841773129185 0.043028312420080532 -0.044380977762026597 -0.013922492300563942 0.027720213129276961 0.019850945935773204 0.020044827520982234 -0.042197181092774094 0.018701569591644467 0.031361330921082481 -0.049446913491008049 0.017012370032549757 -0.046494470191500568 0.025060916598545636 0.039304880235531414 0.015990959654689451 0.035429165138007715 0.050093171543961139 -0.047921910979682736 0.0062011673817809927 -0.0050237530694644227 0.019557796725286423 -0.00057185782925390843 -0.019206227502986988
leaf_weight=1621.5008190232038 26.61409129423555 10.231634297291746 77.102366017061286 267.09164254833013 231.9476965678914 39.083606602856889 938.18661732063629 52.434685685555451 8.2145833312824816 71.541647452744655 217.04815495782532 223.4505145867588 135.20455254765693 6.9491572886472559 71.012529672821984 39.592069282080047 24.875579342537094 68.258160317549482 5.6052197644021353 16.731071550311754 270.58578237053007 65.503876245347783 214.13579659804236 547.81174845236819 53.043371035630116 24.227053302543936 107.81128775049001 69.619950492866337 184.51635382737732 16.717947062628809
leaf_count=862486 7225 378 18748 758 100922 4213 2740 280 1954 13870 2342 2522 3466 391 944 2891 2526 379 1900 1248 575 1084 868 853 17760 3660 2564 594 12533 1376
internal_value=0 0.0270749 -0.0477824 0.0316783 -0.0272908 0.000148994 0.0249636 0.00811489 0.0387223 -0.0393498 0.0155461 0.00950472 0.00323988 0.0402257 -0.00130188 -0.000967377 -0.030334 0.0428596 0.0217059 -0.0118885 0.0348142 0.0092636 0.0297726 0.0462049 -0.0326669 -0.016751 0.00439778 0.0139531 -0.00524336 0.0157255
internal_weight=0 3642.63 2064.02 3110.79 442.52 531.842 1592.62 427.957 1518.17 303.489 654.43 437.382 375.522 1444.45 213.931 139.031 35.1072 1153.75 45.1973 93.8334 338.844 73.7185 290.705 814.903 103.885 50.8411 178.824 76.5691 223.6 151.922
internal_count=1074050 71985 1002065 21472 139579 50513 14016 21868 7456 114792 11276 8934 21588 4418 6412 24787 2904 2565 4791 19996 954 3038 1853 1611 28645 10885 3508 985 16746 4842
is_linear=0
shrinkage=0.05


Tree=25
num_leaves=31
num_cat=0
split_feature=0 0 0 211 42 98 42 0 211 209 211 95 170 167 101 42 98 115 102 158 82 89 42 98 138 98 206 34 138 211
split_gain=2782.74 174.914 95.0581 67.9469 54.2251 53.1163 41.4724 29.806 23.2863 20.9472 16.74 16.4877 16.143 14.6346 13.0453 12.1135 12.9526 10.8784 10.7934 10.1246 9.74624 10.9883 15.7815 9.65467 9.49655 9.39979 9.37479 9.17235 9.89054 8.99413
threshold=0.15548050853772452 0.68981449621504665 0.012339227772512141 554971.50000000012 5.5000000000000009 4.2916666666650007 1.0000000180025095e-35 0.94875966535953815 576328.50000000012 4.5000000000000009 522295.50000000006 1.5939485000000002 1.5354940000000001 6.5000000000000009 0.027459500000000005 1758.5000000000002 6.2916666666650007 0.13097850000000003 0.20759250000000004 3.2916666666650003 612.50000000000011 2.5000000000000004 706.50000000000011 1.1666666666650001 0.048218000000000004 7.708333333335001 14.500000000000002 68784.500000000015 0.053537000000000008 618577.50000000012
decision_type=2 2 2 2 2 2 2 2 2 2 2 2 2 2 2 2 2 2 2 2 2 2 2 2 2 2 2 2 2 2
left_child=2 3 -1 10 7 14 12 9 -7 11 -2 24 19 20 -4 16 -6 23 27 25 21 22 29 -11 26 -5 -3 -9 -29 -8
right_child=1 4 5 6 15 8 13 18 -10 17 -12 -13 -14 -15 -16 -17 -18 -19 -20 -21 -22 -23 -24 -25 -26 -27 -28 28 -30 -31
leaf_value=-0.053071717420056244 -0.051955790546303775 0.014598411936517617 -0.012157382490800471 -0.0071224959810851978 0.041587620751084166 -0.046499306185522574 -0.03827869257672744 0.036924908713913761 -0.013739521141180065 0.04150074709806624 -0.015309990955311477 0.030526280067528735 0.013006555006134835 0.042634755203413463 0.020165942765815771 0.053939743284217884 0.023145944240545575 0.026857935651658501 0.0003669490596409437 0.026578436870988122 0.037697312270521748 0.022996174817421222 0.039699349597301072 -0.038150953077808247 0.036684714989932359 -0.035085977356732877 -0.021364089375524913 0.025887608385933122 0.050701049347544616 0.045698897558405165
leaf_weight=1561.0905494780163 43.30376380198868 379.44638512824895 91.911180909955874 107.99796635773964 667.44118767464533 225.40787707586423 27.722444541170265 613.14299378683791 71.43591428763466 4.3684070499148211 111.15998531930381 301.46839884191286 124.25210026965942 95.667770572123118 47.267904074746184 163.17818329273723 111.05521821355796 12.412233607843516 26.303634226322174 16.312846123008057 42.049383693491109 59.631339517771266 11.576558760600163 29.466903648746666 46.823317961767316 41.638837375387084 19.030691596970428 485.4801077558659 43.780877662822604 3.6027564080432048
leaf_count=862486 17269 5890 19742 7593 1328 100922 2114 1725 13870 37 16700 1995 3610 650 5045 262 1269 108 92 532 525 1024 80 1824 308 4953 510 1476 85 26
internal_value=0 0.026329 -0.0473067 0.00360048 0.0316907 -0.026666 0.0120987 0.0269565 -0.0386156 0.0194745 -0.0255836 0.0214968 -0.000621956 0.0274641 -0.00117976 0.0415532 0.0389569 -0.0131798 0.0320333 -0.0108261 0.0174259 0.00911255 -0.010185 -0.0278673 0.0153839 -0.0149038 0.0128809 0.0327624 0.0279402 -0.0286203
internal_weight=0 3588.31 1997.11 684.916 2903.4 436.023 530.452 1961.72 296.844 793.016 154.464 746.769 290.202 240.25 139.179 941.675 778.496 46.2475 1168.71 165.95 144.582 102.533 42.9018 33.8353 445.3 149.637 398.477 1142.4 529.261 31.3252
internal_count=1074050 71985 1002065 55076 16909 139579 21107 14050 114792 10672 33969 8703 16688 4419 24787 2859 2597 1969 3378 13078 3769 3244 2220 1861 6708 12546 6400 3286 1561 2140
is_linear=0
shrinkage=0.05


Tree=26
num_leaves=31
num_cat=0
split_feature=0 0 0 211 211 42 42 173 169 200 0 211 156 199 208 138 42 110 209 208 95 159 48 82 70 159 170 173 182 202
split_gain=2620.88 216.991 77.5872 63.4486 59.5058 45.3516 44.7218 21.5999 18.1911 17.3304 15.7343 21.5381 14.7289 13.9919 12.6899 12.1525 11.7489 11.5678 10.836 10.7785 10.964 10.6594 10.6438 10.2334 9.59389 12.2811 10.3647 9.71407 9.31437 9.10149
threshold=0.37969951586789719 0.035302874550316145 0.86620967868038068 551098.50000000012 535255.50000000012 1.0000000180025095e-35 31.500000000000004 0.35230000000000006 7.5000000000000009 0.032159066666650006 0.0088049481694041625 581808.00000000012 1.3666666666650003 11.535714285700001 12.500000000000002 0.029506500000000001 706.50000000000011 245.50000000000003 4.5000000000000009 13.500000000000002 0.38110500000000008 0.19142612500000003 1.0000000180025095e-35 601.50000000000011 118.50000000000001 0.42373300000000008 0.33037400000000006 0.12450700000000002 0.061867500000000006 0.10907200000000002
decision_type=2 2 2 2 2 2 2 2 2 2 2 2 2 2 2 2 2 2 2 2 2 2 2 2 2 2 2 2 2 2
left_child=1 10 3 12 -3 13 8 9 18 21 -1 -12 -2 24 28 -10 22 -14 -5 -7 -21 29 -11 -24 25 26 27 -4 -9 -6
right_child=2 4 5 6 7 19 -8 14 15 16 11 -13 17 -15 -16 -17 -18 -19 -20 20 -22 -23 23 -25 -26 -27 -28 -29 -30 -31
leaf_value=-0.053075575522538387 -0.037545504334560144 -0.047918990667406659 0.03066700400803557 0.0083987434767183646 -0.039613801646124276 0.04254386305977708 0.039834273987661373 0.032637708293115124 0.016556914741885354 -0.029887395767220066 -0.04652046458605337 -0.0055652563014651829 0.021375473872651828 0.031185354417145553 -0.019097105528474295 0.038376931148035559 0.030959475843883311 -0.02335704738526842 -0.02964613017105211 -0.051938878204422889 0.028066994444507359 0.010174010986889968 -0.027241721115055819 0.032662920258572273 0.032451439229487407 -0.0081663372280546924 0.021763082479802767 -0.050687449216821001 -0.000538443263710945 0.031320643571559274
leaf_weight=1455.5676496990491 54.138733570289332 109.65009888829081 5.8896582399029276 307.02698382199742 22.238592933339536 969.61176558828447 234.65954813314602 57.610684743674938 214.33068042807281 164.76434669675655 152.03512242206489 40.694357198517537 28.567684569454286 756.39886385970749 26.092269721440971 90.86330575007014 9.8560834719683026 29.250276908860542 19.931221317965537 4.5342281128978348 77.041818842291832 90.041984061477706 14.031824011442952 14.492199405853169 120.91774520720355 45.307049366179854 298.04767368547618 9.7328127342043427 33.434565292671323 5.6763223424786693
leaf_count=836838 9677 49744 52 8251 5769 1967 850 1687 3655 30198 80543 12772 1088 2640 3581 535 362 4398 1479 252 560 8190 2818 709 541 286 1774 229 2296 309
internal_value=0 -0.0422368 0.0283995 0.0166186 -0.0149767 0.0334403 0.0211937 -0.00673428 0.0142742 -0.0134388 -0.051298 -0.0378729 -0.0188039 0.0269485 0.0116444 0.0230532 -0.0222902 -0.00125484 0.00607955 0.0410753 0.02362 0.00180506 -0.0250055 0.00319403 0.0202704 0.0161674 0.0196822 -0.0200169 0.0204544 -0.0251897
internal_weight=0 2196.19 3266.25 978.768 547.889 2287.48 866.812 438.239 632.152 321.101 1648.3 192.729 111.957 1236.29 117.138 305.194 203.144 57.818 326.958 1051.19 81.576 117.957 193.288 28.524 479.895 358.977 313.67 15.6225 91.0453 27.9149
internal_count=1074050 1035816 38234 29933 105663 8301 14770 55919 13920 48355 930153 93315 15163 5522 7564 4190 34087 5486 9730 2779 812 14268 33725 3527 2882 2341 2055 281 3983 6078
is_linear=0
shrinkage=0.05


Tree=27
num_leaves=31
num_cat=0
split_feature=0 0 0 42 211 211 0 66 98 95 204 211 173 47 208 208 82 156 95 42 42 168 161 173 83 2 211 0 77 72
split_gain=2472 161.762 95.484 57.9894 49.4949 45.9296 41.9129 25.1823 23.0838 20.2764 20.1951 15.1731 13.7266 13.2175 12.9267 12.9079 11.1684 11.196 10.5215 10.189 10.0285 9.8334 9.84318 9.57739 9.26466 9.15707 11.708 9.10507 9.92277 8.99921
threshold=0.15548050853772452 0.60678019017954943 0.012339227772512141 2.5000000000000004 535255.50000000012 548098.50000000012 0.94875966535953815 0.018603000000000005 4.2916666666650007 1.5939485000000002 4.5000000000000009 541136.50000000012 0.12357650000000002 1888.5000000000002 16.500000000000004 8.5000000000000018 621.50000000000011 2.4500000000000006 1.2008335000000001 2.5000000000000004 1825.0000000000002 15.500000000000002 0.090055500000000011 0.07327850000000001 0.53855800000000009 67003.000000000015 577414.50000000012 0.86620967868038068 8.5000000000000018 1.0000000180025095e-35
decision_type=2 2 2 2 2 2 2 2 2 2 2 2 2 2 2 2 2 2 2 2 2 2 2 2 2 2 2 2 2 2
left_child=2 5 -1 6 -4 24 9 14 13 15 11 23 -11 19 18 -3 17 -10 25 -6 -12 -17 -23 -5 -2 -7 -27 28 -13 -14
right_child=1 3 4 10 8 7 -8 -9 16 12 20 27 29 -15 -16 21 -18 -19 -20 -21 -22 22 -24 -25 -26 26 -28 -29 -30 -31
leaf_value=-0.052572857727774328 -0.052064696250768497 0.018514520282973856 -0.052416559549563459 0.041844162857399059 -0.013576332513756098 0.008983159413364146 0.030484911458951349 0.039133758615800346 -0.038624804926688905 -0.051533649117036354 0.041004925389168681 0.02306672761136537 0.0089513545450553515 0.033841982499879637 -0.03278141485206449 -0.014682400986337378 0.00038252308538637403 0.0041234438903401836 0.014780147412689565 0.027133856720078155 0.05708222624652514 0.00362238448208969 0.040163286925939061 -0.034827400228255638 -0.020090453147069601 -0.031240438630834245 0.0013807313285366994 0.037103170641620109 -0.065954004456251977 0.030951558469997437
leaf_weight=1441.4203845966549 35.306248731474625 198.59307956753764 121.98356621633866 5.7111753160133985 90.440504640660947 89.056718742591329 1063.8391739320941 51.497270090039819 119.22493190382374 5.7075857999734572 578.06012065755203 122.348333154805 57.488785591791384 24.715327882906422 25.168653558415826 68.127750734449364 30.375902081897948 17.57457379004336 141.74952170450706 18.516340908710845 116.5521117374301 188.90696642384864 20.422001558064949 14.200182384287471 63.225931975088315 47.81253344938159 64.762243072036654 268.2344598104246 3.2125280098989597 242.79511224548332
leaf_count=862486 14814 2818 64998 193 18627 5404 3212 325 44960 667 1411 791 620 2011 3666 3381 4131 3357 4174 1495 129 4211 141 1562 13831 4943 3356 660 98 1578
internal_value=0 0.0249321 -0.0464441 0.0294533 -0.0255514 -0.000824184 0.0240251 0.00638272 -0.0146585 0.0152376 0.0384938 0.0297483 0.0252796 0.000830278 0.00180643 0.00878287 -0.0270432 -0.033133 0.0043416 -0.00665796 0.0437026 0.00181733 0.00718729 -0.0128357 -0.0315475 -0.00299683 -0.0124741 0.0319015 0.0207891 0.0267397
internal_weight=0 3472.78 1864.25 2954.2 422.831 518.579 1845.88 420.047 300.848 782.041 1108.32 413.707 305.991 133.672 368.55 476.05 167.175 136.8 343.381 108.957 694.612 277.457 209.329 19.9114 98.5322 201.631 112.575 393.795 125.561 300.284
internal_count=1074050 71985 1002065 21472 139579 50513 16628 21868 74581 13416 4844 3304 2865 22133 21543 10551 52448 48317 17877 20122 1540 7733 4352 1755 28645 13703 8299 1549 889 2198
is_linear=0
shrinkage=0.05


Tree=28
num_leaves=31
num_cat=0
split_feature=0 0 0 42 211 98 0 42 59 82 211 96 168 2 0 83 42 82 156 138 208 161 141 159 70 2 206 62 202 83
split_gain=2330.22 178.764 71.621 58.2852 53.05 40.4587 31.5301 28.109 26.4792 19.3265 17.0708 15.4826 14.0939 13.5091 13.317 16.9793 13.0544 13.2859 21.8513 12.5831 12.1182 11.8775 10.7207 10.6872 10.0665 9.17048 9.51856 8.83263 9.15965 8.75288
threshold=0.11665055024126079 0.60678019017954943 0.012339227772512141 1.0000000180025095e-35 537782.50000000012 4.2916666666650007 0.86620967868038068 44.500000000000007 2.5000000000000004 576.50000000000011 565659.50000000012 0.0077455000000000006 11.500000000000002 2826.5000000000005 0.86620967868038068 0.58772650000000015 1707.0000000000002 572.50000000000011 1.0833333333350004 0.033014000000000009 13.500000000000002 0.029341250000000003 37.500000000000007 0.5849255000000001 101.50000000000001 1694852.0000000002 4.5000000000000009 4.5000000000000009 0.077415000000000025 0.57387650000000012
decision_type=2 2 2 2 2 2 2 2 2 2 2 2 2 2 2 2 2 2 2 2 2 2 2 2 2 2 2 2 2 2
left_child=2 4 -1 6 -2 25 12 9 16 11 -7 -6 -3 20 15 21 17 18 -5 27 -8 -10 -11 -12 -22 26 -4 28 -15 -14
right_child=1 3 5 8 7 10 13 -9 14 22 23 -13 29 19 -16 -17 -18 -19 -20 -21 24 -23 -24 -25 -26 -27 -28 -29 -30 -31
leaf_value=-0.052316034265501576 -0.039354680011583668 -0.022507165513820034 0.026079128859579873 -0.04791203553591275 0.0061547260898056309 -0.048187190353831337 0.038730744051434979 0.032976689869178524 0.025237286272370013 0.0092876374108645555 -0.034209364148573035 -0.038265381536893392 -0.0066436369807694427 -0.024841170462845438 0.030828887747824774 0.02662145609339972 0.05429872200796753 0.040124114136434734 0.028762595937374583 0.037979727241508693 -0.0022454729844701292 -0.029121829389013594 -0.013080423174145376 0.003434576073613858 0.030369367949692746 -0.039970527823251556 -0.0075420755584742595 0.027248116750728538 0.016717831118669816 0.015816225280739456
leaf_weight=1384.6389082037786 81.370618562708842 34.391626124910545 29.718133531481726 10.159162577241657 30.87107462232234 162.89881030330434 278.74833233910613 72.527007000287995 14.372889064485205 261.85701983532635 50.004154558642767 53.808715531427879 53.891786621999927 13.657461487688122 229.72649686771911 64.017336300341412 137.95244683325291 799.03838081809226 108.87191697000526 106.17933771386743 36.942094182595611 33.402957642654656 67.344612965534907 30.266674053389579 65.7948131817393 14.708826214424333 72.187272297247546 243.48326022317633 453.67017461452633 222.36652749753557
leaf_count=862486 30479 2260 2874 249 2618 85133 759 1317 397 12411 15295 9392 2811 201 1148 467 191 2042 494 316 306 2468 6536 4448 290 4471 15118 1182 2468 3423
internal_value=0 0.0236735 -0.0471517 0.0286861 -0.00198754 -0.0272765 0.0218726 0.00426356 0.0360436 -0.000768024 -0.0388876 -0.0220715 0.00767714 0.0255521 0.0239413 0.00978783 0.0399575 0.0378026 0.0222185 0.0219247 0.0333206 -0.0127684 0.00471181 -0.0200155 0.0186417 -0.00306428 0.0022627 0.0195264 0.0155033 0.0114348
internal_weight=0 3474.45 1744.42 2906.67 567.779 359.784 1509.13 486.408 1397.54 413.881 243.17 84.6798 310.65 1198.48 341.52 111.793 1056.02 918.069 119.031 816.99 381.485 47.7758 329.202 80.2708 102.737 116.614 101.905 710.811 467.328 276.258
internal_count=1074050 84225 989825 21472 62753 127339 14016 32274 7456 30957 104876 12010 8494 5522 4480 3332 2976 2785 743 4167 1355 2865 18947 19743 596 22463 17992 3851 2669 6234
is_linear=0
shrinkage=0.05


Tree=29
num_leaves=31
num_cat=0
split_feature=0 0 0 42 83 0 98 173 42 173 199 211 173 200 211 208 91 120 82 102 156 82 211 115 159 72 0 208 34 42
split_gain=2208.34 173.643 71.5533 63.3694 52.6999 46.7115 38.5419 21.7657 20.3283 17.0976 16.6604 16.6189 13.3996 12.1796 19.6554 10.5215 10.4079 12.3141 12.3244 10.4102 10.2448 10.3014 10.0676 9.91723 9.51721 9.42003 9.04425 8.92094 12.2985 8.86977
threshold=0.11665055024126079 0.53809039466125175 0.012339227772512141 6.5000000000000009 0.56648550000000009 0.86620967868038068 4.2916666666650007 0.21808450000000004 44.500000000000007 0.21062300000000003 15.928571428550002 565659.50000000012 0.14708950000000001 0.029638666666700005 573353.50000000012 12.500000000000002 47.500000000000007 15.500000000000002 581.50000000000011 0.15741000000000002 1.3666666666650003 556.50000000000011 521990.50000000006 0.088099500000000011 0.5849255000000001 3.5000000000000004 0.94875966535953815 10.500000000000002 284909.00000000006 13.500000000000002
decision_type=2 2 2 2 2 2 2 2 2 2 2 2 2 2 2 2 2 2 2 2 2 2 2 2 2 2 2 2 2 2
left_child=2 4 -1 5 -2 7 29 22 13 20 16 -8 -12 -6 -15 -9 19 -18 -19 27 21 -5 -3 -10 -13 26 -11 28 -7 -4
right_child=1 3 6 9 8 10 11 15 23 25 12 24 -14 14 -16 -17 17 18 -20 -21 -22 -23 -24 -25 -26 -27 -28 -29 -30 -31
leaf_value=-0.052082876449633379 -0.037025654022759924 -0.05570374060667848 -0.008270219896117998 -0.051870428310604857 0.01776362122709339 0.04076131201334357 -0.047736720669975537 0.020577541690328743 0.0073708798815391458 0.033998837850452233 -0.023977770464822419 -0.033294344611342203 0.033489832646499899 -0.030557663412172878 0.001822632214363169 -0.00042414369137744377 0.024295356458198591 0.01127822916341039 -0.05977490133389346 0.011305530090326437 0.033064814452008602 0.014003017575781103 -0.0036643457017168086 0.051049450007246838 0.0023743661224609456 0.055628664628541727 0.045740716604786597 0.019510098044160526 0.022473031654166045 0.034747753300087329
leaf_weight=1334.5648528912861 100.33698802712024 10.008309573808218 103.15355461265426 6.7815577931178259 68.623474509688094 179.91592464898713 158.05756373965414 271.13593117054552 22.670950838393765 355.28846634004731 10.293363487115128 48.997665302886162 696.30624958593398 61.66246483658324 195.31246694026049 76.451609394163825 25.692671599797904 11.859852924011649 12.572818172629921 140.59609716141131 93.812818846839946 47.541033843095647 130.21041460521519 30.450375873711891 30.245544029021403 103.71170355286449 304.59596116654575 274.82758237025701 187.97133913845755 13.557516169326844
leaf_count=862486 33450 3137 21509 899 3005 625 85133 3478 690 1039 168 15295 2196 9521 11633 2360 55 63 44 768 816 835 5707 123 4448 122 473 1975 1043 954
internal_value=0 0.0231071 -0.0467818 0.0276562 -0.00480682 0.0227337 -0.0267977 0.00925008 0.00372915 0.0386046 0.0270046 -0.0383677 0.0326527 -0.000949871 -0.00594719 0.0159582 0.0222162 0.000128314 -0.025285 0.0236296 0.023059 0.00577947 -0.00737873 0.0324084 -0.0196803 0.0416204 0.0394188 0.0263255 0.0314169 -0.00327312
internal_weight=0 3418.63 1688.58 2939.57 479.057 2027.84 354.012 487.806 378.72 911.732 1540.04 237.301 706.6 325.598 256.975 347.588 833.436 50.1253 24.4327 783.311 148.135 54.3226 140.219 53.1213 79.2432 763.596 659.884 642.715 367.887 116.711
internal_count=1074050 84225 989825 25803 58422 21619 127339 14682 24972 4184 6937 104876 2364 24159 21154 5838 4573 162 107 4411 2550 1734 8844 813 19743 1634 1512 3643 1668 22463
is_linear=0
shrinkage=0.05


Tree=30
num_leaves=31
num_cat=0
split_feature=0 0 0 211 42 42 98 0 173 211 169 83 82 208 100 208 0 115 42 98 70 102 82 42 47 208 181 95 149 183
split_gain=2080.48 167.462 70.7402 59.1611 51.6974 41.6315 37.3531 32.8013 20.1267 16.0993 15.0165 14.6764 13.4279 13.2074 13.1087 12.0769 11.7565 10.9794 10.5209 10.8924 9.98875 9.95817 9.76449 9.647 9.68687 8.99783 8.63334 9.8361 8.41469 8.49136
threshold=0.11665055024126079 0.68981449621504665 0.012339227772512141 554971.50000000012 5.5000000000000009 38.500000000000007 4.7750000000000012 0.94875966535953815 0.21808450000000004 522295.50000000006 9.5000000000000018 0.58688250000000008 621.50000000000011 8.5000000000000018 1.0000000180025095e-35 9.5000000000000018 0.94875966535953815 0.091351000000000016 172.50000000000003 6.2916666666650007 104.50000000000001 0.19278150000000002 562.50000000000011 4.5000000000000009 1914.5000000000002 19.500000000000004 0.52353250000000007 0.23904100000000003 2.5000000000000004 0.10379800000000002
decision_type=2 2 2 2 2 2 2 2 2 2 2 2 2 2 2 2 2 2 2 2 2 2 2 2 2 2 2 2 2 2
left_child=2 3 -1 9 7 10 22 8 -3 -2 12 -8 -5 -12 16 20 18 -7 19 -6 -10 25 -4 24 28 -9 27 -17 29 -24
right_child=1 4 6 5 14 17 11 21 15 -11 13 -13 -14 -15 -16 26 -18 -19 -20 -21 -22 -23 23 -25 -26 -27 -28 -29 -30 -31
leaf_value=-0.051861066994022334 -0.05119747732713166 -0.00035062219516092174 -0.046670779801221883 -0.0084893004367753711 0.03222306017817677 0.018879715579943376 -0.047493092562170824 0.031042354409392292 0.019671431060524103 -0.015985423388253747 0.039651887806588244 -0.019662641043391084 0.013373713199074306 0.0010256189079639992 0.010934457685985556 0.030366594517318921 0.046358061029034121 0.052276593539462124 0.043392208559039892 0.00417808260645981 0.038139375623973466 0.0069493063109257562 -0.028941325549444952 0.03449846911446338 0.025161196698380017 0.0066646399113532706 0.014997714833501414 -0.03264146138579635 0.020970186591804271 0.026329562251835994
leaf_weight=1279.5292712468945 44.884404377255123 159.62419148802292 12.493046490941195 257.02584419830237 209.66603102383669 43.463762231433066 151.87906225200277 980.97382868570276 205.98518231348135 117.2796582201554 44.658818904659711 68.844357312220382 96.63612179167103 43.870003049552906 41.304180166567676 8.8578110986854899 370.24301873589866 56.732209959998727 181.5035122417612 41.469937897403724 113.59437691932544 48.658612242899835 55.153911660803715 17.113479715626454 19.591255001869285 39.371455616317689 238.80136850452982 20.596474844729528 13.921041480702113 7.9507819078862658
leaf_count=862486 21301 5078 5699 18889 609 630 83529 2917 1666 20675 404 18328 3214 2009 453 142 612 194 458 727 540 191 14873 1006 2287 270 2475 771 1242 375
internal_value=0 0.0224412 -0.0464312 0.000766207 0.0281809 0.00868857 -0.0264062 0.0234295 0.0153943 -0.0257316 0.0020946 -0.0388127 -0.00251536 0.0205108 0.0384045 0.0196698 0.0398177 0.0377894 0.0342206 0.027592 0.0262359 0.0290479 -0.00471142 -0.000102273 -0.006231 0.0301017 0.0118475 -0.013693 -0.0142155 -0.0219776
internal_weight=0 3365.2 1626.48 704.551 2660.65 542.387 346.947 1816.46 747.459 162.164 442.191 220.723 353.662 88.5288 844.187 587.835 802.882 100.196 432.639 251.136 319.58 1069 126.224 113.73 96.617 1020.35 268.256 29.4543 77.0257 63.1047
internal_count=1074050 84225 989825 67316 16909 25340 127339 14050 10672 41976 24516 101857 22103 2413 2859 5594 2406 824 1794 1336 2206 3378 25482 19783 18777 3187 3388 913 16490 15248
is_linear=0
shrinkage=0.05


Tree=31
num_leaves=31
num_cat=0
split_feature=0 0 173 0 56 42 98 211 170 0 208 83 168 172 0 209 42 2 158 96 181 42 90 204 62 172 87 48 208 2
split_gain=1961.36 159.075 73.8535 70.5019 50.6404 44.6356 35.1366 23.6329 19.1653 15.3767 15.2544 14.3468 13.655 12.617 12.2164 13.0077 11.6391 10.8218 13.4847 10.0159 11.9204 9.7071 9.52708 9.48279 9.22757 11.0566 8.5313 8.42387 8.40821 8.27326
threshold=0.11665055024126079 0.7740980979447657 0.21436950000000002 0.012339227772512141 1.0000000180025095e-35 3.5000000000000004 4.7750000000000012 521990.50000000006 2.1664360000000005 0.94875966535953815 12.500000000000002 0.58688250000000008 45.500000000000007 0.06879250000000002 0.94875966535953815 3.5000000000000004 742.50000000000011 593143.50000000012 1.4500000000000002 0.0072685000000000007 0.45652850000000006 1.0000000180025095e-35 3.5000000000000004 8.5000000000000018 13.500000000000002 0.21705850000000002 1432.5000000000002 1.0000000180025095e-35 8.5000000000000018 173901.00000000003
decision_type=2 2 2 2 2 2 2 2 2 2 2 2 2 2 2 2 2 2 2 2 2 2 2 2 2 2 2 2 2 2
left_child=3 2 7 -1 10 8 23 -2 9 28 12 -8 21 -10 15 24 19 -6 -19 -9 -21 -4 -17 -5 -7 -26 -22 -12 -3 -18
right_child=1 5 4 6 17 14 11 16 13 -11 27 -13 -14 -15 -16 22 29 18 -20 20 26 -23 -24 -25 25 -27 -28 -29 -30 -31
leaf_value=-0.051665564901062666 -0.04833613847413476 0.020294251219981112 -0.0053002625304250477 -0.01340825124731514 0.048315675592782444 0.036598087418792634 -0.047001996911244057 0.0047970308846655456 -0.04566483046744943 0.024344605693269322 -0.01701021382699941 -0.019237722890994138 0.023035617597213717 0.031746981972742554 0.043867341434566991 -0.024430594241391108 0.042001442950941048 -0.054926428575683785 0.028882415192668261 -0.033975725126327565 -0.0041946744036813061 0.019659120136955685 0.062966194001676801 0.017309105138677432 0.025115762197749743 -0.03748539292460993 -0.050569942154769447 0.02878312674688524 0.0054905315751183036 -0.056020949358993058
leaf_weight=1227.7998547919706 46.564641053890227 167.09264484548476 132.5070134907146 89.995206903258804 101.75213974399958 321.44443241017871 146.57440069322183 62.714720561401919 5.3132030901033422 646.47668598545715 87.655445480049821 68.168389498023316 131.78623835649341 563.42875539092347 426.22308546071872 16.210434763401285 15.837584757595325 5.2872103022527872 52.038110644323751 73.93836042759358 108.54946748854127 55.175557404931169 3.8609203249216071 34.856491248501698 32.604837696067989 9.0004048682749254 10.91415789129678 11.342068660072981 225.18302053638035 2.4912156993232193
leaf_count=862486 21939 1544 6838 22025 334 1037 83529 4613 244 2339 7611 18328 2290 1974 802 455 428 170 346 13989 8835 1350 4 3457 159 48 2121 430 4000 325
internal_value=0 0.021789 0.00382698 -0.0460886 0.0145138 0.0284671 -0.0259251 -0.0154003 0.0236456 0.0196058 0.00538533 -0.0381884 0.0106995 0.0310238 0.0380433 0.031564 -0.00981208 0.0385272 0.0211526 -0.0125666 -0.0181972 0.00203738 -0.00761897 -0.00483248 0.0337303 0.0115733 -0.0084315 -0.0117637 0.0117963 0.0286784
internal_weight=0 3315.39 898.554 1567.39 577.544 2416.84 339.594 321.01 1607.49 1038.75 418.466 214.743 319.469 568.742 809.344 383.121 274.446 159.077 57.3253 256.117 193.402 187.683 20.0714 124.852 363.05 41.6052 119.464 98.9975 392.276 18.3288
internal_count=1074050 84225 71619 989825 19369 12606 127339 52250 10101 7883 18519 101857 10478 2218 2505 1703 30311 850 516 29558 24945 8188 459 25482 1244 207 10956 8041 5544 753
is_linear=0
shrinkage=0.05


Tree=32
num_leaves=31
num_cat=0
split_feature=0 0 0 72 0 83 98 170 204 42 208 211 211 169 3 83 42 95 208 98 199 143 110 62 95 166 191 211 99 82
split_gain=1847.47 158.389 63.2571 62.2093 44.9379 43.0713 35.8476 25.832 21.9247 18.8353 18.4307 15.9248 13.2808 13.0176 11.5972 11.4155 11.3047 11.2316 10.3441 10.2504 10.1874 9.90594 9.37844 9.2481 9.14575 12.1969 9.43333 8.73591 8.94471 8.65707
threshold=0.10563387865889716 0.53809039466125175 0.0088049481694041625 1.5000000000000002 0.94875966535953815 0.56648550000000009 9.1000000000000014 0.83432850000000014 2.5000000000000004 20.500000000000004 10.500000000000002 554971.50000000012 531392.50000000012 6.5000000000000009 0.019657000000000004 0.57964650000000006 172.50000000000003 3.8531275000000007 15.500000000000002 7.083333333335001 11.535714285700001 0.36666666666650011 157.50000000000003 51.500000000000007 1.2008335000000001 0.75500000000000012 0.010055500000000002 604963.50000000012 0.039998000000000006 681.50000000000011
decision_type=2 2 2 2 2 2 2 2 2 2 2 2 2 2 2 2 2 2 2 2 2 2 2 2 2 2 2 2 2 2
left_child=2 5 -1 4 7 -2 10 18 11 13 -4 14 -9 27 -5 -8 19 21 -3 -10 24 -14 -13 -12 26 -26 -6 28 -7 -28
right_child=1 3 6 8 20 9 15 12 16 -11 23 22 17 -15 -16 -17 -18 -19 -20 -21 -22 -23 -24 -25 25 -27 29 -29 -30 -31
leaf_value=-0.051877522678250722 -0.034423754874885019 0.00024858989139169159 0.0024903783085197789 0.0097427021301038867 -0.048687144215944701 0.01736969829606896 -0.051603120221168988 -0.042709745843465652 0.037623104458891901 0.02720120490525807 -0.035040302793142485 0.033028220261285643 0.012077459803933526 0.0083785443318799366 -0.050887027104112248 -0.025097423232693164 0.047859717136777412 0.033489968519995555 -0.035177052247714009 0.014341852221614763 0.031081289333246016 0.034399489515265669 0.0022794133662399057 0.063512782770144827 -0.067453797139119601 0.012930020002349255 0.024544326829332584 0.0076434731327170297 -0.023014381660008743 -0.041475720650773984
leaf_weight=1139.3785023768432 101.35570940515026 191.98898074380122 101.43027262714168 28.224189627566375 4.572394421324133 15.542192312655969 123.35049283743137 9.2799656154820678 443.95168768672738 63.072783456358593 64.041696412852616 150.77541009476408 441.8032014851924 145.21122299524723 10.945962055906419 60.5676326337707 269.63450330373598 93.330792348016985 23.083833372453228 52.91383438045159 619.98260097298771 56.001359061570838 29.679140533087775 2.4723053335910654 6.5582985840737846 16.82657306548208 345.94003608613275 43.216579305473715 116.40982681821333 5.037769302725791
leaf_count=836838 35957 6502 20276 1044 21 886 79043 1727 1244 1253 27961 614 5644 7247 1200 21131 506 595 2337 585 1717 381 209 117 35 79 1341 2266 15272 22
internal_value=0 0.02095 -0.0461548 0.0255178 0.020024 -0.00543626 -0.0276238 0.011315 0.0356261 0.00222583 -0.0109228 0.0216982 0.0166411 -0.00269104 -0.00720006 -0.0428743 0.0396169 0.0175728 -0.00355366 0.0351438 0.0271337 0.0145886 0.027971 -0.0313771 0.020675 -0.00961366 0.0226671 -0.0118675 -0.0182577 0.0235967
internal_weight=0 3285.34 1491.24 2800.53 1814.41 484.808 351.862 815.488 986.125 383.453 167.944 219.625 600.415 320.38 39.1702 183.918 766.5 591.135 215.073 496.866 998.918 497.805 180.455 66.514 378.935 23.3849 355.55 175.169 131.952 350.978
internal_count=1074050 88684 985366 25803 20401 62881 148528 17186 5402 26924 48354 3067 8347 25671 2244 100174 2335 6620 8839 1829 3215 6025 823 28078 1498 114 1384 18424 16158 1363
is_linear=0
shrinkage=0.05


Tree=33
num_leaves=31
num_cat=0
split_feature=0 0 0 204 42 42 211 211 208 170 170 0 208 208 83 204 138 208 118 2 84 157 160 83 98 42 70 83 70 82
split_gain=1744.24 149 70.3831 66.9406 45.8194 40.639 33.2671 24.936 20.5262 17.0278 16.6681 15.5966 15.2713 15.2623 12.7125 12.636 12.7568 12.572 12.136 11.6769 11.0429 9.44229 9.01486 13.5293 10.3377 8.83742 10.1926 9.29615 9.26462 8.77405
threshold=0.11665055024126079 0.7740980979447657 0.012339227772512141 2.5000000000000004 1.0000000180025095e-35 40.500000000000007 535255.50000000012 522893.50000000006 12.500000000000002 1.6372370000000001 0.72798000000000007 0.94875966535953815 12.500000000000002 6.5000000000000009 0.57048050000000006 14.500000000000002 0.060056500000000006 9.5000000000000018 0.033407000000000006 4745.5000000000009 140.50000000000003 6.083333333335001 0.010063625000000001 0.57796250000000005 8.0833333333350019 1.0000000180025095e-35 100.50000000000001 0.56521750000000004 99.500000000000014 663.50000000000011
decision_type=2 2 2 2 2 2 2 2 2 2 2 2 2 2 2 2 2 2 2 2 2 2 2 2 2 2 2 2 2 2
left_child=2 3 -1 7 11 12 -4 -2 15 14 -8 -3 20 18 -10 16 19 -12 -9 -6 25 -13 -15 -24 -25 26 28 -27 -5 -26
right_child=1 4 6 5 8 -7 10 13 9 -11 17 21 -14 22 -16 -17 -18 -19 -20 -21 -22 -23 23 24 29 27 -28 -29 -30 -31
leaf_value=-0.051313477834419245 -0.049391226445682813 0.013261170568366662 -0.050830362000658928 -0.0038106745757884686 0.040242524335392965 0.041225810748766877 -0.03272635973577568 -0.012591943215224978 -0.051943054640257724 0.033752690074254174 0.0084036055584238451 0.013478254970237561 -0.012004557253722601 0.0050873760287869427 0.0071151917199522331 0.047166222981927887 0.047617517916795277 -0.020485599295691364 0.021918366199530061 0.025400626550090427 0.031856982214202391 0.027390717425523389 -0.03960654846773648 -0.00061557123146713342 -0.036421175239727828 -0.04803412793158654 0.018605864544363783 0.024577007837360436 -0.059597257590555279 0.065586760885178064
leaf_weight=1128.8579062200151 41.780456805616268 449.37978918477893 90.198625581193483 100.74175318772905 204.73216885630973 113.71707973099547 86.03314412808686 43.950746208400233 11.496626940672284 57.201867292984389 80.215339642847539 149.1399054096546 81.433798285463126 42.632137096807128 43.928981247125193 238.03099063667469 136.61339518241584 70.985189786486444 60.60237338882871 375.72877988079563 58.682303623994812 669.14122211933136 61.430380484758643 82.317100121465046 40.001925179327372 4.6588252923684186 54.216088066343218 81.856726528145373 8.0359720985870791 2.2252753609791389
leaf_count=862486 20686 5593 59164 5550 605 1102 36933 4353 668 280 9803 769 7926 3210 521 438 238 21439 1294 1523 606 1971 12869 3782 4949 1115 1618 1686 861 12
internal_value=0 0.0205702 -0.0453935 0.00301425 0.0271726 0.014928 -0.0249837 -0.0129794 0.0348037 0.0146155 -0.0151565 0.0207451 0.0072526 -0.00841314 -0.00513493 0.0371843 0.0338708 -0.00515922 0.00741135 0.0306355 0.0123409 0.024855 -0.0156505 -0.0204043 -0.010933 0.00775094 0.000895256 0.0206669 -0.00793192 -0.0310456
internal_weight=0 3213.68 1456.29 878.283 2335.39 503.343 327.432 374.94 1067.73 112.627 237.234 1267.66 389.625 333.16 55.4256 955.105 717.074 151.201 104.553 580.461 308.192 818.281 228.607 185.975 124.544 249.509 162.994 86.5156 108.778 42.2272
internal_count=1074050 84225 989825 71619 12606 20464 127339 51155 4273 1469 68175 8333 19362 30469 1189 2804 2366 31242 5647 2128 11436 2740 24822 21612 8743 10830 8029 2801 6411 4961
is_linear=0
shrinkage=0.05


Tree=34
num_leaves=31
num_cat=0
split_feature=0 0 42 0 0 211 172 177 42 115 208 70 211 34 138 204 42 102 160 157 208 70 2 62 169 210 211 98 206 169
split_gain=1648.39 165.141 69.1778 45.3586 45.2785 35.021 31.8886 26.0484 18.8264 17.1662 14.7104 14.1549 13.5016 13.4405 14.4356 12.4454 10.849 10.8049 10.7045 10.6383 10.5752 10.2296 14.6587 10.3873 9.91551 10.7104 9.86994 9.81372 9.77452 13.4776
threshold=0.07939372682956107 0.48090646582193369 2.5000000000000004 0.86620967868038068 0.0088049481694041625 568561.50000000012 0.10505750000000001 2.6333333333350004 1.0000000180025095e-35 0.095544500000000018 9.5000000000000018 27.500000000000004 545561.50000000012 68784.500000000015 0.053537000000000008 2.5000000000000004 32.500000000000007 0.1894315 0.028086750000000004 6.3666666666650009 19.500000000000004 121.50000000000001 370.00000000000006 8.5000000000000018 9.5000000000000018 4.5000000000000009 596868.00000000012 9.1000000000000014 6.5000000000000009 6.5000000000000009
decision_type=2 2 2 2 2 2 2 2 2 2 2 2 2 2 2 2 2 2 2 2 2 2 2 2 2 2 2 2 2 2
left_child=4 5 3 9 -1 11 26 12 -7 15 -8 -2 16 17 19 -3 -4 20 -12 -15 -5 22 -14 -24 25 -13 -6 -11 -9 -30
right_child=1 2 7 13 6 8 10 28 -10 27 18 24 21 14 -16 -17 -18 -19 -20 -21 -22 -23 23 -25 -26 -27 -28 -29 29 -31
leaf_value=-0.051537191385147653 -0.049875417691049084 -0.013174576983460065 -0.038187642037537245 0.030724075016977204 -0.048892558230769309 -0.0066954086710510497 0.0032617094379566525 0.047687258845344714 0.020859611626033319 0.019806723657911307 -0.0034182420348245913 -0.001137817398846219 -0.03989553115966165 0.0034604195965063159 0.041841315850491487 0.0076627985964489139 0.018331257956811422 -0.010451866871841837 -0.042013939719089788 0.019138786210382591 0.00086180657370094895 0.039105650259500503 0.027951456893381674 -0.0042421436766090529 0.014428776153913584 -0.032552302748375665 0.022947306699521604 -0.036691567663587492 0.010999125995503829 0.038727757935024684
leaf_weight=1047.2771790359693 43.516565391822951 147.77427819976583 15.152646011876639 570.2622117176652 134.96065710239054 173.00580723525491 71.428634890951798 261.95217356947251 96.598811227653641 159.26710033451673 28.045169515025918 39.51746691155131 9.7648258650442568 138.22048257826827 57.749666879884899 139.11718663846841 19.312231859919848 17.711609846912324 49.98326652108517 498.09593830537051 31.273012863472104 105.33917720103636 160.31937679229304 29.696810184977949 20.963975638558622 86.571417026818381 4.9566457916516802 8.0757765601738338 50.057378504425287 351.82634994573891
leaf_count=836838 16556 9627 2310 2274 87305 14468 13562 494 3164 2313 8882 7544 185 1202 184 4218 1067 118 25290 2365 323 430 944 264 1712 28306 548 380 262 915
internal_value=0 0.0193187 0.0239251 0.0179727 -0.0466999 -0.00841924 -0.029193 0.0344104 0.0031775 0.00435328 -0.0131334 -0.0248255 0.0231469 0.0226832 0.0179055 -0.00307028 -0.00651754 0.0280383 -0.0281418 0.0157331 0.0291716 0.0264976 0.0198498 0.0229201 -0.0174126 -0.0227067 -0.0463476 0.0170802 0.0401723 0.035274
internal_weight=0 3231.14 2770.97 1767.55 1336.65 460.174 289.374 1003.42 269.605 454.234 149.457 190.569 339.585 1313.31 694.066 286.891 34.4649 619.247 78.0284 636.316 601.535 305.12 199.781 190.016 147.053 126.089 139.917 167.343 663.836 401.884
internal_count=1074050 101625 29875 23004 972425 71750 135587 6871 17632 16538 47734 54118 5200 6466 3751 13845 3377 2715 34172 3567 2597 1823 1393 1208 37562 35850 87853 2693 1671 1177
is_linear=0
shrinkage=0.05


Tree=35
num_leaves=31
num_cat=0
split_feature=0 0 42 0 211 0 172 138 177 100 83 208 204 72 34 211 169 2 99 208 70 126 92 42 156 110 160 160 2 68
split_gain=1558.63 158.659 59.8311 44.6131 40.6061 39.8506 30.2902 27.3511 26.8099 16.1345 15.6253 13.4696 13.2031 13.4719 13.6249 12.4302 12.6004 10.7136 10.6103 10.3493 10.0677 10.4089 10.0135 9.90723 9.77127 9.66686 9.55059 9.53641 9.38203 9.25989
threshold=0.07939372682956107 0.60678019017954943 6.5000000000000009 0.0088049481694041625 522295.50000000006 0.94875966535953815 0.10505750000000001 0.029091500000000003 2.6904761904800005 1.0000000180025095e-35 0.5677525000000001 9.5000000000000018 6.5000000000000009 1.5000000000000002 230577.50000000003 607150.50000000012 5.5000000000000009 518026.50000000006 0.067975000000000022 9.5000000000000018 103.50000000000001 0.009534500000000003 0.58333333333350013 2.5000000000000004 1.2250000000000003 172.50000000000003 0.028086750000000004 0.024562500000000004 8.9884656743000007e+307 32.500000000000007
decision_type=2 2 2 2 2 2 2 2 2 2 2 2 2 2 2 2 2 2 2 2 2 2 2 2 2 2 2 2 2 2
left_child=3 4 5 -1 -2 8 -5 15 10 12 24 -8 13 18 -15 16 17 -6 -4 -10 21 -18 29 -23 -3 -16 27 -13 -14 -9
right_child=1 2 9 6 7 -7 11 22 19 -11 -12 26 28 14 25 -17 20 -19 -20 -21 -22 23 -24 -25 -26 -27 -28 -29 -30 -31
leaf_value=-0.051367081034880739 -0.050366050068827078 -0.047614438590592167 -0.03667490958441396 -0.045990996086133724 -0.012382092653647951 0.025790612023386256 0.0024304904023818045 -0.028298972866522623 0.027559194847940574 0.0039144505086351122 0.0063045892617052852 -0.026184985547557067 0.046425487086283621 0.043005622565873688 0.028514157918663258 0.011672500484052259 0.0053953593452313051 -0.040058972010241847 0.03798697570319251 0.011390884284444739 0.012599398503289014 -0.034528416326129019 0.051656081821458956 0.020441689112050326 -0.0072589621170493683 -0.0030054365515845604 -0.041230020061311781 0.034962513137147447 0.014680332272490585 0.019244019482913023
leaf_weight=1004.7099047991942 44.513316830227268 21.568324328574818 12.718379527388608 134.9535590706364 122.44515070681518 1001.3180954707786 71.199010751181049 11.591958554403389 213.30234170821495 37.977712287858594 334.34316643711645 17.96368734033604 334.25483463797718 177.39983140610275 157.18178327032365 76.735497030895203 51.217781231622212 48.941129017533967 7.6032083972240789 184.65731255756691 75.373999891744461 49.325359748036135 21.060760689899325 9.830254480999427 49.253430357464822 28.77960742614232 48.414557869269629 9.8850001424434577 25.016519009135664 87.925978737301193
leaf_count=836838 25725 2625 332 87853 20226 3413 13562 1575 1519 563 5597 7339 658 956 557 3432 3724 9821 82 2567 5195 6802 64 342 2311 215 25290 1543 77 3247
internal_value=0 0.018768 0.0241399 -0.0464318 -0.00441961 0.019136 -0.0288741 -0.00073084 0.0108392 0.035702 0.00178546 -0.0132092 0.0373269 0.030877 0.0330927 -0.00658525 -0.0105082 -0.0202855 -0.00874058 0.0200569 -0.00148683 -0.0111063 0.0203346 -0.0253937 -0.019549 0.0236361 -0.0278104 -0.00448044 0.044215 0.0137062
internal_weight=0 3184.34 2585.37 1287.13 598.961 1804.44 282.416 554.448 803.125 780.932 405.165 147.462 742.954 383.683 363.361 433.869 357.134 171.386 20.3216 397.96 185.747 110.373 120.579 59.1556 70.8218 185.961 76.2632 27.8487 359.271 99.5179
internal_count=1074050 101625 21472 972425 80153 18032 135587 54428 14619 3440 10533 47734 2877 2142 1728 49542 46110 30047 414 4086 16063 10868 4886 7144 4936 772 34172 8882 735 4822
is_linear=0
shrinkage=0.05


Tree=36
num_leaves=31
num_cat=0
split_feature=0 0 81 42 211 0 42 211 211 208 181 95 200 164 2 170 82 0 196 157 43 117 70 191 91 70 82 66 116 79
split_gain=1469.35 159.11 65.3683 47.7724 43.4589 39.4699 26.1474 24.9887 21.9519 18.0064 17.227 17.0232 15.8414 14.5611 14.1176 13.7447 12.7498 11.6994 11.262 14.5354 12.9384 12.6595 10.8399 10.0978 9.69753 9.40546 11.4024 9.0658 8.76101 8.75925
threshold=0.072661120000328969 0.7740980979447657 0.018857000000000002 1.0000000180025095e-35 569561.00000000012 0.0088049481694041625 1.0000000180025095e-35 535255.50000000012 521990.50000000006 13.500000000000002 0.84336450000000018 0.85877850000000011 0.030505458333350003 9.9000000000000021 2826.5000000000005 0.60288700000000006 577.50000000000011 0.94875966535953815 3.5000000000000004 17.775000000000002 31.500000000000004 0.052930000000000005 41.500000000000007 0.21162100000000003 35.500000000000007 104.50000000000001 562.50000000000011 0.096819500000000017 0.091939000000000007 7.5000000000000009
decision_type=2 2 2 2 2 2 2 2 2 2 2 2 2 2 2 2 2 2 2 2 2 2 2 2 2 2 2 2 2 2
left_child=5 2 4 10 8 -1 24 -7 -2 17 18 -9 -10 -4 -12 -11 -14 25 19 21 -20 -3 -13 -16 -6 29 -27 -19 -25 -5
right_child=1 3 13 9 6 7 -8 11 12 15 14 22 16 -15 23 -17 -18 27 20 -21 -22 -23 -24 28 -26 26 -28 -29 -30 -31
leaf_value=-0.051200861064410068 -0.048532082624675101 0.029085312099938178 0.051162229901077466 0.026188473858762457 -0.0097842756004224499 -0.052630457668683905 0.020249379057186018 -0.033415396061206581 -0.0012668273265067497 -0.048498014520374604 0.032600171881591852 0.028315920358796168 -0.044560050341016413 0.01295899346430289 0.019851189896589225 0.018012596730805321 -0.012811036435348847 0.038528368283473322 0.0034805375428614452 -0.078173783882700368 -0.062623586880961632 0.0048360638676892302 -0.012982672480552328 0.0032061588632217235 0.0089373839522161307 -0.011436514562381287 0.040871415386265486 0.061478964922388912 -0.067871675964262579 -0.0056522815957038199
leaf_weight=962.23467754287412 50.473525744426297 131.33074054389726 68.702334642293863 226.16311364527792 207.87170580995735 79.506251109822188 183.2055958652054 96.123970038446714 145.13886688722414 8.6827154888887872 254.06599253276363 21.160286568643642 51.725734393839957 39.158609428850468 541.82716697454453 73.708601947117131 81.358851884840988 430.27775359083898 164.59711238380987 3.9039433863945296 7.7508183517493299 91.195649172645062 63.782079795244499 19.467103097005751 103.66291078820359 11.054683070571626 180.99856563634239 47.80977675318718 5.5774806868284932 23.87992597615812
leaf_count=836838 28841 1004 157 790 15869 60385 4066 49518 15659 571 915 3001 14519 545 2884 724 10249 932 2070 37 120 893 18448 380 3349 202 548 49 30 457
internal_value=0 0.0180406 0.000691699 0.025311 -0.00410261 -0.0465262 0.00526014 -0.0292639 -0.018195 0.0333969 0.0186646 -0.0190036 -0.0126914 0.0372927 0.0228061 0.0110035 -0.0251509 0.035402 0.0101388 0.0174696 0.000507708 0.0191475 -0.00269464 0.0184165 -0.00355466 0.0295391 0.0378605 0.0408235 -0.012623 0.0231476
internal_weight=0 3153.59 931.298 2222.29 823.437 1222.81 494.74 260.573 328.697 1002.58 1219.72 181.066 278.223 107.861 820.938 82.3913 133.085 920.184 398.778 226.43 172.348 222.526 84.9424 566.872 311.535 442.096 192.053 478.088 25.0446 250.043
internal_count=1074050 105860 93254 12606 92552 968190 23284 131352 69268 4273 8333 70967 40427 702 4209 1295 24768 2978 4124 1934 2190 1897 21449 3294 19218 1997 750 981 410 1247
is_linear=0
shrinkage=0.05


Tree=37
num_leaves=31
num_cat=0
split_feature=0 0 0 86 42 211 211 0 42 170 164 91 95 204 210 42 208 68 137 82 204 173 182 138 98 169 158 100 83 116
split_gain=1386.35 129.316 67.5829 55.5498 45.8947 34.0624 33.5531 19.6625 19.3824 17.8984 13.363 13.3425 12.1363 12.0842 11.4441 11.0905 10.9771 10.6995 10.2974 10.1206 8.73895 8.64761 8.55363 8.39676 8.3585 8.12186 8.06504 10.2182 8.16115 16.7103
threshold=0.11665055024126079 0.7740980979447657 0.0088049481694041625 0.019188000000000004 2.5000000000000004 549920.50000000012 535255.50000000012 0.94875966535953815 1.0000000180025095e-35 0.72798000000000007 9.9000000000000021 35.500000000000007 1.5520470000000002 6.5000000000000009 4.5000000000000009 9930.0000000000018 9.5000000000000018 30.500000000000004 0.014476500000000002 577.50000000000011 3.5000000000000004 0.13849400000000003 0.091563000000000019 0.049833000000000009 7.3666666666650009 11.500000000000002 2.4500000000000006 1.0000000180025095e-35 0.58993050000000002 0.051531500000000001
decision_type=2 2 2 2 2 2 2 2 2 2 2 2 2 2 2 2 2 2 2 2 2 2 2 2 2 2 2 2 2 2
left_child=2 3 -1 5 7 14 25 12 11 22 -5 19 -3 15 -2 26 -11 -10 -16 -7 -19 -14 -8 -9 -15 -4 27 28 29 -6
right_child=1 4 6 10 13 8 9 23 17 16 -12 -13 21 24 18 -17 -18 20 -20 -21 -22 -23 -24 -25 -26 -27 -28 -29 -30 -31
leaf_value=-0.051093663156762753 -0.0033530139289856828 0.0054904904423785303 -0.052836569994212781 0.049143030464122078 0.015408694709915792 -0.035091786273008643 -0.037798897710500233 0.022725426216590853 -0.022885275601375949 0.0073984638742815804 0.011655034964565049 0.007401977094408688 -0.044102228191081172 0.043424372362377728 -0.03966500927949286 0.057274451748631251 -0.019204830418929938 0.0057986592062221516 0.022428063136232537 -0.0074807016061300751 0.026516832128006443 0.022550789725418487 0.020963960568878989 0.042602309704981793 0.015783910781287196 0.048273566209472152 0.035500786863243657 -0.024571150882609118 0.030102755985613419 -0.083169520477694311
leaf_weight=922.8590884153673 40.543890904969885 310.40274243621388 89.909647871347261 67.259675415465608 67.439604297047481 39.874227955151582 80.507812892712536 850.45318176154979 18.364977111574262 83.258605572613305 36.765917516779155 138.71235331636854 4.9828958379803217 340.67515280144289 89.16521047585411 30.839452253654599 72.57546826696489 94.534327196859522 7.2174617790733455 197.91218484460842 110.26376399328001 207.91701829002704 6.708814530982635 56.672449620440602 29.738891536486335 2.0309882144210851 136.46185720176436 12.157008910668081 130.10089171119034 4.5916408631019285
leaf_count=836838 7691 5043 70384 152 556 6200 43612 3054 1327 11760 481 4757 296 698 32373 58 25926 3196 701 12949 1792 1286 1070 158 162 235 567 293 373 62
internal_value=0 0.018354 -0.044111 0.00169131 0.024772 -0.00313895 -0.0248745 0.0195148 0.00199895 -0.015142 0.0358936 -0.00492175 0.0117966 0.0347721 -0.0256401 0.0285274 -0.00499129 0.0136749 -0.0350153 -0.0121108 0.0169534 0.0209908 -0.0332788 0.0239672 0.0412052 -0.050603 0.0259998 0.0199495 0.0226271 0.00912481
internal_weight=0 3023.05 1257.85 840.614 2182.43 736.588 334.991 1430.43 599.662 243.051 104.026 376.499 523.303 752.004 136.927 381.59 155.834 223.163 96.3827 237.786 204.798 212.9 87.2166 907.126 370.414 91.9406 350.751 214.289 202.132 72.0312
internal_count=1074050 84225 989825 71619 12606 70986 152987 9837 30221 82368 633 23906 6625 2769 40765 1909 37686 6315 33074 19149 4988 1582 44682 3212 860 70619 1851 1284 991 618
is_linear=0
shrinkage=0.05


Tree=38
num_leaves=31
num_cat=0
split_feature=0 0 42 0 0 59 211 211 70 42 0 169 211 42 70 141 42 82 208 101 58 164 115 70 169 168 206 177 110 208
split_gain=1305.61 147.878 63.1854 41.1258 37.4072 29.5701 26.4554 25.121 17.6477 16.6465 17.0177 18.0761 19.4731 16.4059 15.8868 14.9988 13.3253 12.972 12.8516 12.5512 11.3311 11.1547 11.1371 10.797 10.7714 10.3636 10.2399 10.1191 10.0267 9.94597
threshold=0.072661120000328969 0.48090646582193369 1.0000000180025095e-35 0.0088049481694041625 0.94875966535953815 7.5000000000000009 537498.50000000012 561187.50000000012 106.50000000000001 172.50000000000003 0.94875966535953815 5.5000000000000009 569561.00000000012 336.50000000000006 98.500000000000014 88.500000000000014 764.50000000000011 575.50000000000011 9.5000000000000018 0.039101000000000004 0.030651500000000002 3.9000000000000004 0.056362000000000009 20.500000000000004 6.5000000000000009 44.500000000000007 7.5000000000000009 3.2250000000000005 15.500000000000002 10.500000000000002
decision_type=2 2 2 2 2 2 2 2 2 2 2 2 2 2 2 2 2 2 2 2 2 2 2 2 2 2 2 2 2 2
left_child=3 6 4 -1 8 9 -2 20 14 10 11 12 -4 17 15 19 21 -8 -14 -3 -5 -7 23 28 -19 -9 -13 -11 -6 -28
right_child=1 2 5 7 22 16 13 25 -10 27 -12 26 18 -15 -16 -17 -18 24 -20 -21 -22 -23 -24 -25 -26 -27 29 -29 -30 -31
leaf_value=-0.050942469451219642 -0.037640932674409225 0.0014141709036889142 -0.044499678385619849 -0.047012230235634576 0.020367166221018425 0.020144303767691094 -0.025994824122712108 -0.021712203930366339 0.017453956528842275 0.033589636511605035 0.036121128994607829 0.03496000143051272 0.024898964770607657 0.033530642015350685 -0.031384590437480306 -0.03385694654002 0.044524316887400328 -0.011231131714175287 -0.034833666810649443 0.027489753852674777 0.019080173741151195 -0.02422799437655718 0.024275211115424453 0.014413923312324724 0.0082873192583568286 0.0095494963195223662 0.023826543333665091 0.052409820462263369 -0.053710226775612727 -0.0056217682576773292
leaf_weight=882.44921547929698 69.982292138898629 314.18170330388239 18.674761482572649 120.70418319389864 7.2093207519501474 21.202372810512315 72.061191458866233 82.942683573375689 206.4050607890822 151.90621547831688 389.9509848607704 181.23847502376884 49.122047177981585 26.782860010513104 37.574075150390854 26.275188304018229 13.899504490429534 153.54555564100156 11.026082413271068 54.094174123718403 6.8532019736303473 42.663656200369587 655.36674168333411 87.655005417997018 130.98026822390966 38.965374289939064 153.15816148545127 134.80260539986193 12.468141521327196 35.27665931195952
leaf_count=836838 37441 7953 905 91166 35 893 14365 31525 3310 522 1012 792 304 567 1695 3014 210 16928 219 645 1560 3972 2274 344 6684 7101 739 196 87 754
internal_value=0 0.0169834 0.0215714 -0.0458751 0.0143552 0.0299772 -0.00937105 -0.0279501 0.00542665 0.0320382 0.0284818 0.0218396 0.000101346 -0.00421052 -0.000318201 0.00264033 0.000158401 -0.00704522 0.013949 0.00524428 -0.0434613 -0.00949719 0.0218301 0.00690024 -0.00224589 -0.0117201 0.0264748 0.0424384 -0.0265702 0.0183136
internal_weight=0 3057.5 2604.15 1131.91 1401.23 1202.92 453.352 249.465 638.53 1125.16 838.447 448.496 78.8229 383.37 432.125 394.551 77.7655 356.587 60.1481 368.276 127.557 63.866 762.699 107.332 284.526 121.908 369.673 286.709 19.6775 188.435
internal_count=1074050 105860 29875 968190 19357 10518 75985 131352 16617 5443 4725 3713 1428 38544 13307 11612 5075 37977 523 8598 92726 4865 2740 466 23612 38626 2285 718 122 1493
is_linear=0
shrinkage=0.05


Tree=39
num_leaves=31
num_cat=0
split_feature=0 0 173 42 0 42 172 211 208 95 2 3 113 84 157 204 138 34 164 208 2 211 168 204 115 0 208 60 117 158
split_gain=1237.91 145.155 54.6422 44.8482 41.4208 40.164 24.951 21.6928 15.371 14.6878 13.6514 13.4096 16.6927 12.3422 11.2892 11.0248 14.7595 11.6796 10.8243 10.7656 11.2764 10.671 11.4006 10.6575 9.26387 11.5573 9.21355 9.0859 8.74795 9.06576
threshold=0.072661120000328969 0.7740980979447657 0.21436950000000002 1.0000000180025095e-35 0.0088049481694041625 2.5000000000000004 0.10505750000000001 521990.50000000006 11.500000000000002 0.75316150000000015 2826.5000000000005 0.0017535000000000003 3.5000000000000004 140.50000000000003 10.550000000000002 14.500000000000002 0.060056500000000006 115433.50000000001 11.366666666650003 15.500000000000002 201361.00000000003 553091.50000000012 180.50000000000003 3.5000000000000004 0.04517100000000001 0.94875966535953815 13.500000000000002 7.5000000000000009 0.041655500000000005 1.4500000000000002
decision_type=2 2 2 2 2 2 2 2 2 2 2 2 2 2 2 2 2 2 2 2 2 2 2 2 2 2 2 2 2 2
left_child=4 2 7 9 -1 13 -6 -2 15 11 26 -3 28 -4 -8 16 17 -5 -7 20 23 22 -10 -9 25 -19 -11 -26 29 -13
right_child=1 3 5 8 6 18 14 19 21 10 -12 12 -14 -15 -16 -17 -18 24 -20 -21 -22 -23 -24 -25 27 -27 -28 -29 -30 -31
leaf_value=-0.050805242048212976 -0.0483593759048635 -0.061960258615458653 -0.0043522577568662424 0.035022807133449532 -0.044577871541989549 0.037120093422020536 -0.024304517020138958 -0.0081057800149253508 -0.05012468994818689 0.035681202683377822 0.016421874025804709 -0.082119476315869466 0.034004479924367642 0.021216559469535372 0.0057858667700471621 0.044301440410901088 0.046737651598368124 -0.02373793359213866 0.013094138961733243 -0.040530690759608273 -0.019802956742915618 0.020885984873324315 0.052114133961760623 0.02120136459005028 0.024954207871568674 0.04283303171019498 0.013744743291078249 -0.039015938089364356 0.011446817138211371 -0.0043434950392522674
leaf_weight=848.052443860317 45.899685114112799 6.6847911449149242 315.84716014479636 238.91582027357072 114.01475008453417 116.89167403217289 80.11616494426562 96.607209222303936 10.912214145530013 193.15791637520306 586.6033983072266 3.898412348702549 57.420475819613785 55.487981657963246 51.02216245199088 206.99825415783562 119.02925150282681 23.541845223517157 78.267705556529108 28.391956177802058 113.94013184131472 114.45176983810961 3.6349684142041943 45.691877523699077 212.88339136634022 9.0167587883770448 63.636625412851572 5.6993778599426141 161.05657662986778 96.30115377769107
leaf_count=836838 28771 86 20502 922 85060 1006 35060 13735 752 603 3587 142 289 1440 11232 425 234 311 1454 8979 15113 843 34 2254 674 24 399 54 1594 1633
internal_value=0 0.0165467 -0.000306156 0.0236984 -0.0455724 0.00912011 -0.0274706 -0.0164618 0.0317974 0.0171493 0.0206307 0.0081249 0.00959505 -0.000531553 -0.0125972 0.0343326 0.0309447 0.0271088 0.0274846 -0.011318 -0.00808111 0.015759 -0.0245778 0.00130467 0.01958 -0.00530181 0.0302451 0.0232862 0.0042302 -0.00736948
internal_weight=0 3010.87 897.025 2113.84 1093.21 566.495 245.153 330.531 945.084 1168.76 843.398 325.361 318.677 371.335 131.138 816.085 609.086 490.057 195.159 284.631 256.239 128.999 14.5472 142.299 251.141 32.5586 256.795 218.583 261.256 100.2
internal_count=1074050 105860 93254 12606 968190 24402 131352 68852 4273 8333 4589 3744 3658 21942 46292 2644 2219 1985 2460 40081 31102 1629 786 15989 1063 335 1002 728 3369 1775
is_linear=0
shrinkage=0.05


Tree=40
num_leaves=31
num_cat=0
split_feature=0 0 0 86 42 211 211 70 42 173 170 136 91 164 203 0 62 98 172 200 193 82 208 209 91 125 66 151 159 147
split_gain=1169.66 114.247 64.9315 49.0412 45.4879 30.7497 29.6805 16.7636 15.6972 15.6464 15.2701 13.1661 12.679 11.4185 10.9236 10.8944 12.1641 10.8272 10.4549 10.4129 10.3567 9.65475 8.97449 8.85112 8.27335 8.08768 8.03315 7.97307 7.92742 7.8042
threshold=0.11665055024126079 0.7740980979447657 0.0088049481694041625 0.019188000000000004 3.5000000000000004 535255.50000000012 569561.00000000012 25.500000000000004 1.0000000180025095e-35 0.23981900000000003 0.72798000000000007 1.5000000000000002 75.500000000000014 9.9000000000000021 63.500000000000007 0.94875966535953815 13.500000000000002 4.3666666666650009 0.11421050000000001 0.029638666666700005 0.052402000000000011 618.50000000000011 9.5000000000000018 4.5000000000000009 35.500000000000007 0.045593500000000002 0.096819500000000017 0.094543000000000002 0.21919400000000003 1.5000000000000002
decision_type=2 2 2 2 2 2 2 2 2 2 2 2 2 2 2 2 2 2 2 2 2 2 2 2 2 2 2 2 2 2
left_child=2 3 27 6 9 29 7 -2 24 17 -7 12 14 -5 -11 16 -6 -3 23 -9 28 -21 -12 -19 -8 -20 -17 -1 -18 -4
right_child=1 4 5 13 15 10 8 19 -10 11 22 -13 -14 -15 -16 26 20 18 25 21 -22 -23 -24 -25 -26 -27 -28 -29 -30 -31
leaf_value=-0.051129219104022607 -0.039470516066322431 0.01736176227117282 -0.052726319984407681 0.046645212720601348 0.030797127357679383 -0.032086455439931112 -0.0088819001797807769 0.00040381821321895108 0.01702968107118507 0.017267965871387677 0.0061374530872940133 0.048886313342857785 0.030327891062189569 0.010934628588146122 -0.072666612564272245 0.037232455817333518 -0.031523437992466249 0.011964163781694147 -0.010110105492214479 -0.025534366596541 -0.044464501861661038 0.03775962812639868 -0.018261215555355998 -0.037521526117538208 0.009484974618102434 -0.060208060365915222 0.060735881692794307 0.0031144908823468116 0.030703241274773037 0.042391659291358304
leaf_weight=805.04526235377125 61.245273751948844 151.62446421454661 80.322442291660991 63.58157292031683 284.26052013866138 81.656718668935355 182.1082496966701 115.69605893903645 159.36599426344037 846.23361924476922 80.679390220277128 40.055285727605224 222.039784216322 34.547884634754155 3.3898985674604765 300.70684565987904 6.7264095648424727 94.549974113993812 36.284723560092971 95.226786750936299 9.5379503108561021 6.4319333723979062 70.731273504454293 9.9908742536208575 92.433620515512303 10.355182251427321 41.354681044816971 6.8318282809632356 21.407373665366322 2.2159619523154097
leaf_count=832903 17810 1299 70170 152 1430 44682 12436 13848 3301 5127 11760 123 781 481 15 754 91 1408 502 20580 75 359 25926 583 2652 263 48 3935 107 449
internal_value=0 0.0168554 -0.0431916 0.000934338 0.0230647 -0.0239467 -0.00362962 -0.0163652 0.00454754 0.0179969 -0.0146591 0.0207414 0.0196894 0.0340728 0.0169091 0.0338607 0.027259 0.00792093 -0.00154761 -0.00985471 0.000561057 -0.0215298 -0.00526035 0.00723486 -0.00269808 -0.0212331 0.040074 -0.0506728 0.0158257 -0.0501726
internal_weight=0 2889.15 1127.48 810.637 2078.52 315.606 712.508 278.6 433.908 1414.52 233.067 1111.72 1071.66 98.1295 849.624 663.994 321.932 302.805 151.181 217.355 37.6717 101.659 151.411 104.541 274.542 46.6399 342.062 811.877 28.1338 82.5384
internal_count=1074050 84225 989825 71619 12606 152987 70986 52597 18389 10101 82368 6046 5923 633 5142 2505 1703 4055 2756 34787 273 20939 37686 1991 15088 765 802 836838 198 70619
is_linear=0
shrinkage=0.05


Tree=41
num_leaves=31
num_cat=0
split_feature=0 0 42 0 0 211 211 169 199 95 208 151 173 211 58 206 177 70 157 126 167 42 200 151 3 82 96 162 191 203
split_gain=1105.22 134.868 63.4826 50.9782 40.3958 23.0556 22.6755 19.5186 15.8742 13.8129 13.7989 12.7618 11.7354 11.7211 11.7163 11.6161 11.3458 10.9716 10.8082 10.8959 10.6914 10.2972 9.16314 8.59419 8.12292 8.06391 13.9343 7.97196 9.05844 7.97181
threshold=0.072661120000328969 0.48090646582193369 34.500000000000007 0.86620967868038068 0.0088049481694041625 535255.50000000012 522295.50000000006 7.5000000000000009 14.845238095200001 0.85877850000000011 8.5000000000000018 0.094543000000000002 0.16246400000000003 572878.50000000012 0.029483500000000003 7.5000000000000009 3.2250000000000005 41.500000000000007 4.708333333335001 0.086292000000000008 2.5000000000000004 1.0000000180025095e-35 0.045875250000000006 0.015965000000000003 0.053324000000000003 599.50000000000011 0.010933500000000001 0.08359800000000002 0.043184500000000008 26.500000000000004
decision_type=2 2 2 2 2 2 2 2 2 2 2 2 2 2 2 2 2 2 2 2 2 2 2 2 2 2 2 2 2 2
left_child=4 6 3 7 11 -6 -2 13 15 -7 20 -1 23 -3 -9 29 -4 -11 27 -20 -8 -14 -15 -10 -13 26 -12 -17 -29 -5
right_child=1 2 16 8 5 9 10 14 12 17 25 24 21 22 -16 18 -18 -19 19 -21 -22 -23 -24 -25 -26 -27 -28 28 -30 -31
leaf_value=-0.051090887617921854 -0.048715037813517569 -0.016443489534594232 0.030510934693694775 0.023704941077675415 -0.052024298153616214 -0.03100959044047797 -0.019222431764534139 0.0080371151110598896 -0.03181786261376416 0.028424944809991561 -0.0019650256584829548 0.057095208023738624 0.023023746843377973 0.020646138748249464 0.034203880190783374 -0.036492512164301043 0.046690690961016364 -0.013200388157109272 0.015825176727425849 -0.039996507778435761 0.0096182887948117034 0.035477452914107095 -0.0041340220266393862 0.034524124159474166 -0.05377493817487683 -0.0033075515433107494 -0.035695931467984103 0.066654919709708021 -0.0040088759848821319 -0.022498965711271052
leaf_weight=771.36300358763401 34.700361128605437 129.39674548353651 262.14371666853549 347.23387020337395 65.425166321780125 86.760178056283621 41.130247072971542 190.59963682264788 14.624697859166192 21.347806153149577 49.021313412318705 4.4844204903638447 468.78139478294179 53.476964191300794 55.159419192466885 17.525123848812655 184.68552909698337 61.252803864961606 291.8380215857178 9.0116986855864507 146.90950576402247 256.96902295202017 123.36760326090734 7.327577782329171 2.6156475574534852 85.902209083084017 81.554305044322973 4.9489744864404193 54.247847813880071 9.5934609177056682
leaf_count=832903 24619 11569 2025 1802 60385 49518 7926 3713 236 3001 6820 1021 1852 929 354 366 337 18448 1821 65 8234 726 3334 26 2914 7475 20911 14 638 68
internal_value=0 0.0156122 0.0201335 0.0163848 -0.044994 -0.0268153 -0.00992593 0.00341466 0.0212155 -0.0170768 -0.00659852 -0.0504767 0.0263438 -0.00500796 0.0139101 0.0159942 0.0371984 -0.00244248 0.00988108 0.0141531 0.00330991 0.0274333 0.00335938 -0.00967318 0.0162509 -0.0152053 -0.0230325 -0.00687072 0.00189876 0.0224627
internal_weight=0 2920.15 2480.93 2034.1 1013.25 234.786 439.218 552 1482.1 169.361 404.518 778.463 747.703 306.241 245.759 734.399 446.829 82.6006 377.572 300.85 188.04 725.75 176.845 21.9523 7.10007 216.478 130.576 76.7219 59.1968 356.827
internal_count=1074050 105860 29875 27513 968190 131352 75985 19899 7614 70967 51366 836838 2840 15832 4067 4774 2362 21449 2904 1886 16160 2578 4263 262 3935 35206 27731 1018 652 1870
is_linear=0
shrinkage=0.05


Tree=42
num_leaves=31
num_cat=0
split_feature=0 0 42 0 0 211 172 177 92 42 98 208 83 170 2 208 206 95 151 48 126 169 98 199 95 208 199 42 68 211
split_gain=1044.36 129.193 55.0932 40.2452 37.4921 29.1731 22.7413 21.8856 20.9514 14.7249 19.2287 14.577 13.2134 12.0337 11.7698 11.1317 10.4751 10.4415 9.88433 8.71836 8.48904 8.03636 9.88927 7.94752 11.2485 10.7324 9.88235 7.84997 8.4562 8.06103
threshold=0.072661120000328969 0.60678019017954943 6.5000000000000009 0.0088049481694041625 0.94875966535953815 522295.50000000006 0.098312000000000024 2.6904761904800005 0.58333333333350013 542.50000000000011 7.083333333335001 10.500000000000002 0.5677525000000001 0.50605400000000011 155571.50000000003 9.5000000000000018 4.5000000000000009 0.85877850000000011 0.094543000000000002 1.0000000180025095e-35 0.029867500000000002 7.5000000000000009 1.7750000000000001 22.071428571450003 3.3147230000000003 10.500000000000002 21.071428571450003 1.0000000180025095e-35 50.000000000000007 560410.50000000012
decision_type=2 2 2 2 2 2 2 2 2 2 2 2 2 2 2 2 2 2 2 2 2 2 2 2 2 2 2 2 2 2
left_child=3 5 4 18 7 -2 -5 12 11 10 16 14 -3 -13 27 -9 -4 -8 -1 -16 -19 22 -18 24 25 26 -6 -7 -29 -30
right_child=1 2 9 6 23 8 17 15 -10 -11 -12 13 -14 -15 19 -17 21 20 -20 -21 -22 -23 -24 -25 -26 -27 -28 28 29 -31
leaf_value=-0.050911867541091872 -0.048908999149312793 -0.021536691940599553 0.045545733192200184 -0.045059519517234428 0.027316397021820895 -8.0240244819663109e-05 -0.027932899544519708 0.023978914196911158 0.04859210324858064 0.044197149970782883 0.0014490865836658485 -0.045543392695350265 0.0030213294881310591 -0.010825632115986399 -0.01279460661152222 0.0065102359552398695 -0.027207624550210138 0.015272782913595843 0.0099198028401446103 0.024727068621279189 -0.019585711259814679 0.032248130789220078 0.021094580834309814 0.029479213702593363 -0.049219847885964139 0.012950478402929287 -0.03707740313741914 -0.034634474728666903 -0.0056261053011558695 0.034366838790256232
leaf_weight=738.36928100594378 37.42557440042583 66.651395532855531 102.06081715296023 95.560886178842338 321.45371584128588 89.594710684381425 63.12330251198 195.67871665768325 18.811505506746471 192.17086168055539 60.441596375632798 30.029884229719755 307.34843692032155 147.82170551459421 142.28760593551851 170.79893651709426 12.223994289524851 39.914934342057677 6.7386582907638504 17.371488468168536 31.05357690283563 222.26925479038619 79.600628062267788 272.33386353915557 5.9418609314598134 292.94162302394398 6.0706825722008935 6.2362606042588586 15.964456823639919 59.783134182682261
leaf_count=832903 27054 4936 257 80181 1145 7049 33566 1519 68 562 1516 11043 5597 19040 14486 2567 60 7174 3935 1127 10431 581 464 802 19 1425 22 1056 2521 944
internal_value=0 0.0151716 0.0204188 -0.0447214 0.0154846 -0.00625071 -0.0264214 0.00715384 -0.00322644 0.0325132 0.027802 -0.00514121 -0.00135521 -0.0166877 0.00105843 0.0158375 0.0316295 -0.0131388 -0.0503617 -0.00871211 1.98079e-05 0.0271076 0.0146644 0.0223483 0.0192481 0.0199038 0.0261229 0.0101502 0.0213304 0.025938
internal_weight=0 2873.31 2307.99 974.761 1639.22 565.326 229.653 740.477 527.901 668.767 476.596 509.089 374 177.852 331.238 366.478 416.155 134.092 745.108 159.659 70.9685 314.094 91.8246 898.742 626.408 620.466 327.524 171.579 81.9839 75.7476
internal_count=1074050 105860 21472 968190 18032 84388 131352 14619 57334 3440 2878 57266 10533 30083 27183 4086 1362 51171 836838 15613 17605 1105 524 3413 2611 2592 1167 11570 4521 3465
is_linear=0
shrinkage=0.05


Tree=43
num_leaves=31
num_cat=0
split_feature=0 0 42 0 0 204 211 181 211 42 110 72 79 95 159 208 82 172 70 169 0 151 138 83 82 159 169 34 157 62
split_gain=988.105 121.559 57.9327 40.0304 39.7432 24.0872 21.9773 21.1737 20.2836 13.8968 12.5246 12.4816 11.9665 11.7234 11.5007 10.44 10.1761 9.99953 9.52364 9.34262 9.21173 9.03034 8.7827 8.77362 8.26009 8.91397 8.01941 7.94724 10.0864 8.45756
threshold=0.072661120000328969 0.48090646582193369 2.5000000000000004 0.94875966535953815 0.0088049481694041625 2.5000000000000004 535255.50000000012 1.5896940000000002 537498.50000000012 336.50000000000006 157.50000000000003 3.5000000000000004 2.5000000000000004 0.85877850000000011 0.1639245 8.5000000000000018 575.50000000000011 0.054627500000000002 41.500000000000007 6.5000000000000009 0.86620967868038068 0.094543000000000002 0.020144000000000002 0.55373600000000012 681.50000000000011 0.66606750000000015 10.500000000000002 42554.500000000007 3.7083333333350006 7.5000000000000009
decision_type=2 2 2 2 2 2 2 2 2 2 2 2 2 2 2 2 2 2 2 2 2 2 2 2 2 2 2 2 2 2
left_child=4 8 3 7 21 10 -6 15 -2 16 23 12 14 -8 -7 -3 -10 -9 -15 -18 -12 -1 24 -4 27 -26 -19 28 -5 -29
right_child=1 2 5 22 6 11 13 17 9 -11 20 -13 -14 18 -16 -17 19 26 -20 -21 -22 -23 -24 -25 25 -27 -28 29 -30 -31
leaf_value=-0.050804034416068712 -0.036092506867192141 0.0074468568118046599 -0.036770270644650542 -0.019332688751122342 -0.051845915788456758 -0.0024206732583399474 -0.029839585125112963 -0.041629576187136218 -0.025111854787011972 0.030888915674251161 -0.033812425387592236 0.05332550853211028 0.019673793723907793 0.026031586313888466 0.037853151084672187 -0.0077766182814634158 -0.012085117236968181 0.012669725644269658 -0.013180749376846641 0.0065352115190756305 0.012379051610004962 0.0074287955886014655 0.034410707247001196 0.023633608643122844 -0.064547276384998242 0.00678827094968373 0.032905187931008301 0.010432130967380347 0.02709976592699026 0.028520324426780316
leaf_weight=706.57289761769789 62.680089144378144 191.13675099614193 6.2826347259688182 12.125517870765178 60.630117308493936 18.540082780178636 82.783070295168727 7.3043878995231344 68.785423224777333 24.725546622357797 20.598621038923739 76.072488889563829 150.69591299127205 20.855444646949763 403.86772550526075 274.15066121288692 147.51019434724003 197.77123165142257 60.126619350179681 123.98766197625082 22.674460495822132 6.7207779257441862 105.99872851930559 139.34301903791493 5.6249011829495457 19.774949552491307 65.071182031650096 269.38145395019092 330.05230906419456 85.020355377346277
leaf_count=832903 37441 4130 650 119 60385 107 49518 1064 14365 567 2251 135 1269 3001 1164 11624 16928 2558 18448 6684 274 3935 336 1021 31 71 416 1122 1203 330
internal_value=0 0.0147428 0.0191166 0.0134308 -0.0444818 0.0297235 -0.0261291 0.00494159 -0.00981615 -0.00530392 0.0140094 0.034296 0.0317701 -0.0166081 0.0360855 -0.00152292 -0.00793375 0.0160757 -0.00308233 -0.00358158 -0.00960877 -0.0502554 0.0209711 0.0210276 0.0189979 -0.00900928 0.0176794 0.0200192 0.0254544 0.0147715
internal_weight=0 2829.18 2401.49 1563.41 937.689 838.075 224.395 735.434 427.689 365.009 188.899 649.176 573.104 163.765 422.408 465.287 340.283 270.147 80.9821 271.498 43.2731 713.294 827.978 145.626 721.979 25.3999 262.842 696.58 342.178 354.402
internal_count=1074050 105860 29875 23004 968190 6871 131352 19792 75985 38544 4196 2675 2540 70967 1271 15754 37977 4038 21449 23612 2525 836838 3212 1671 2876 102 2974 2774 1322 1452
is_linear=0
shrinkage=0.05


Tree=44
num_leaves=31
num_cat=0
split_feature=0 0 115 0 42 211 42 172 42 95 208 208 2 208 47 141 138 208 196 115 62 194 211 204 160 194 102 127 126 42
split_gain=931.769 119.531 58.0059 40.712 39.9624 30.5264 28.7517 22.2372 19.8803 16.2317 12.9599 12.9029 12.4611 13.1185 15.0267 10.6802 10.5537 10.1048 9.94654 9.58268 9.80799 9.54979 9.52206 9.3231 9.29962 9.25996 8.85443 9.95513 8.79211 8.21242
threshold=0.072661120000328969 0.86620967868038068 0.092032000000000017 0.0088049481694041625 1.0000000180025095e-35 521990.50000000006 37.500000000000007 0.10505750000000001 742.50000000000011 0.7041805000000001 12.500000000000002 11.500000000000002 21926.000000000004 13.500000000000002 914.50000000000011 56.500000000000007 0.030995500000000006 8.5000000000000018 3.5000000000000004 0.088099500000000011 19.500000000000004 0.015082000000000002 540796.00000000012 15.500000000000002 0.030353375000000002 0.026026500000000004 0.20759250000000004 0.052073500000000009 0.032609500000000007 7753.0000000000009
decision_type=2 2 2 2 2 2 2 2 2 2 2 2 2 2 2 2 2 2 2 2 2 2 2 2 2 2 2 2 2 2
left_child=3 2 5 -1 12 -2 16 -5 9 11 23 18 13 22 -15 -14 -4 -11 -7 20 28 -12 -3 29 -9 -20 27 -19 -16 -6
right_child=1 4 6 7 10 8 -8 24 -10 17 21 -13 15 14 19 -17 -18 26 25 -21 -22 -23 -24 -25 -26 -27 -28 -29 -30 -31
leaf_value=-0.050145630312789305 -0.047681080106711959 -0.024393779297876218 0.0032014186820952259 -0.04337464360986993 0.028903039676513882 0.006674348802528496 0.039467179966288984 0.0061597618603846712 0.026778423566987217 0.010027046064811248 -0.077890988574243258 -0.03303566180843507 0.011271994710695815 -0.01558461230510038 0.022288525888167085 -0.033389452254851355 0.02389913705630789 -0.0036120068538249284 0.0080691237993966002 0.03159392073745141 -0.065452178124896274 0.016733243116269836 0.027377405558236808 0.04489118719956621 -0.022112093417829076 -0.023480660293757664 0.059306792219876496 -0.034568562789714284 -0.051120667264297294 0.054190723093076654
leaf_weight=683.46338062991708 43.193078160686127 9.0995921792928112 220.72636726227938 96.652363228982722 434.87503594276495 67.739956440796959 103.43977554509183 46.976301908696769 47.749906525350525 156.06337676453404 2.7527949255891135 76.786618358280975 419.57239755662158 44.979967256076634 23.736240487662148 13.827251071576027 85.424188972159754 145.24277090984106 29.603471483860631 59.85658323764801 5.1206649933010331 84.984007983468473 370.86233757482842 155.62559317611158 76.379712104127975 108.48654926793824 4.853545813355594 31.625460124050733 4.925123522989451 34.665859065949917
leaf_count=836838 29546 91 8741 85060 1467 5241 391 13243 1125 5031 63 17032 2647 454 181 241 2116 10932 2360 284 46 850 1498 335 33049 12293 41 2710 80 64
internal_value=0 0.0143098 0.00168757 -0.0441237 0.0228081 -0.00694322 0.0166769 -0.0254164 -0.0043097 -0.00670243 0.0317598 -0.0155442 0.0161046 0.0213342 0.00816788 0.00984711 0.00897664 0.00069523 -0.00901881 0.0195776 -0.00171359 0.0137644 0.0261376 0.0342853 -0.0113456 -0.0167171 -0.00731897 -0.00914729 0.00967401 0.03077
internal_weight=0 2785.82 1120.94 903.472 1664.88 711.345 409.59 220.008 668.152 620.402 712.903 282.617 951.98 518.581 138.619 433.4 306.151 337.785 205.83 93.6386 33.782 87.7368 379.962 625.166 123.356 138.09 181.722 176.868 28.6614 469.541
internal_count=1074050 105860 97559 968190 8301 86311 11248 131352 56765 55640 2779 36926 5522 2634 1045 2888 10857 18714 19894 591 307 913 1589 1866 46292 14653 13683 13642 261 1531
is_linear=0
shrinkage=0.05


Tree=45
num_leaves=31
num_cat=0
split_feature=0 0 42 0 211 211 95 208 208 173 2 74 204 2 168 211 181 72 70 206 169 168 93 173 172 208 47 2 34 102
split_gain=882.78 130.881 56.775 49.0154 41.536 29.8482 19.8719 16.3123 15.0607 13.8501 12.9372 13.1012 12.3197 12.1305 10.8047 10.7296 10.7076 10.4676 10.9561 9.04109 12.5591 8.6491 8.91706 8.46633 8.46509 15.5814 11.3308 8.01138 7.92207 8.37651
threshold=0.37969951586789719 0.0088049481694041625 20.500000000000004 0.94875966535953815 533313.50000000012 558401.50000000012 0.72513300000000014 10.500000000000002 9.5000000000000018 0.35230000000000006 8.9884656743000007e+307 63.100000000000009 2.5000000000000004 800154.00000000012 14.500000000000002 578024.50000000012 1.3755260000000002 1.0000000180025095e-35 119.50000000000001 10.500000000000002 6.5000000000000009 22.500000000000004 1.5000000000000002 0.20129650000000002 0.19947300000000004 8.5000000000000018 1087.5000000000002 60368.000000000007 32244.500000000004 0.19278150000000002
decision_type=2 2 2 2 2 2 2 2 2 2 2 2 2 2 2 2 2 2 2 2 2 2 2 2 2 2 2 2 2 2
left_child=1 24 3 5 -3 12 -7 9 17 13 11 21 -2 -6 -9 -12 19 18 -8 -5 -21 22 -4 27 -1 26 -26 -14 29 -18
right_child=2 4 10 16 7 6 8 14 -10 -11 15 -13 23 -15 -16 -17 28 -19 -20 20 -22 -23 -24 -25 25 -27 -28 -29 -30 -31
leaf_value=-0.051736304708967812 -0.023026487229769042 -0.046615173014785447 0.020332633510340745 0.020586208543826295 -0.0022883712977549166 -0.0024145037365125698 -0.019176202242849699 -0.044553711929197992 0.0053682483446751382 0.016080813725578184 -0.052924808076053292 0.015353292446965542 0.0075076178447219923 -0.028945215883940445 -0.015511410493161024 0.016948583962290816 0.03540910893031065 0.025311231067849604 0.032622305220168603 -0.027171314144510739 0.012832371974770357 0.043490126187840705 0.055407958048991485 0.028881712459061456 -0.029420269166054065 -0.045652535209191242 0.06597148660647649 -0.04429836337562526 0.020498315639672623 -0.01898490936682206
leaf_weight=600.46491484598664 111.7531996674079 97.156224052538164 93.317035069165286 360.28144623967819 156.27019341340201 237.65714773035143 28.709502674173564 42.975980383860588 243.66213142930064 69.693179731300916 6.8048593353305469 72.202392085891915 21.331086943595437 58.712143863587698 125.67985158796364 28.523817159701139 225.80309298727661 283.8552621412091 15.841424566227941 24.462823187117465 99.108049348928034 268.62455464489176 22.486319743096828 23.13251067668898 6.2681224718107824 42.445494492967555 6.1843905725108925 11.478102055116322 221.45390436984599 7.3068793304264537
leaf_count=753451 13494 88089 746 1458 29348 7486 589 24614 4375 4458 376 1697 1029 16312 36157 122 605 2303 99 312 463 832 36 370 9896 71325 2166 1018 791 33
internal_value=0 -0.034921 0.0174888 0.0135981 -0.0169477 0.00576179 0.0097381 -0.0105894 0.0147867 -0.00328907 0.0326402 0.0348955 -0.0134381 -0.00956841 -0.0229118 0.00348987 0.0217602 0.0217748 -0.000757682 0.0165834 0.004913 0.0385659 0.0271434 0.00571651 -0.0500181 -0.0312245 0.0179549 -0.0106164 0.0272705 0.0337041
internal_weight=0 1205.85 2407.8 1915.84 550.488 977.42 809.725 453.331 572.068 284.676 491.959 456.63 167.695 214.982 168.656 35.3287 938.416 328.406 44.5509 483.852 123.571 384.428 115.803 55.9417 655.363 54.898 12.4525 32.8092 454.564 233.11
internal_count=1074050 1035816 38234 34425 198978 30763 14852 110889 7366 50118 3809 3311 15911 45660 60771 498 3662 2991 688 2233 775 1614 782 2417 836838 83387 12062 2047 1429 638
is_linear=0
shrinkage=0.05


Tree=46
num_leaves=31
num_cat=0
split_feature=0 0 42 0 113 0 211 172 79 42 42 100 172 0 138 2 211 180 209 208 199 2 156 72 157 160 99 181 72 2
split_gain=830.994 109.361 43.0356 40.3643 36.5452 26.8962 25.8122 21.4183 17.0734 16.3425 14.7635 13.8379 12.3822 17.0032 12.3013 12.8201 11.9727 11.4509 11.139 10.3615 10.3396 10.3386 10.2497 9.91339 11.1319 9.78938 9.40618 8.97059 9.76551 9.16197
threshold=0.072661120000328969 0.68981449621504665 6.5000000000000009 0.0088049481694041625 2.5000000000000004 0.94875966535953815 577414.50000000012 0.098312000000000024 1.5000000000000002 129.50000000000003 1.0000000180025095e-35 1.0000000180025095e-35 0.19947300000000004 0.0019437620776660012 0.040368500000000009 109478.50000000001 522295.50000000006 2.5000000000000004 4.5000000000000009 14.500000000000002 28.585714285700004 170500.00000000003 1.6333333333350002 1.5000000000000002 11.083333333350001 0.030353375000000002 0.11253650000000001 0.46220600000000006 1.0000000180025095e-35 408121.00000000006
decision_type=2 2 2 2 2 2 2 2 2 2 2 2 2 2 2 2 2 2 2 2 2 2 2 2 2 2 2 2 2 2
left_child=3 4 5 12 6 8 16 -5 14 20 -8 21 -1 -14 15 19 -2 -15 27 -3 -6 23 -13 24 -4 -9 -20 -10 29 -29
right_child=1 2 11 7 9 -7 10 25 18 -11 -12 22 13 17 -16 -17 -18 -19 26 -21 -22 -23 -24 -25 -26 -27 -28 28 -30 -31
leaf_value=-0.051814058807025581 -0.048482836575782527 0.024370935078755679 -0.039780002871667525 -0.044125796569716103 0.00087483419208736642 0.020582820507473898 -0.0087394960122420522 0.0054516886535094207 -0.014524356141296458 0.052334687746639366 0.016481377964337851 -0.035478433720747944 -0.045090084926561393 -0.015823980451292432 0.040087517000587075 -0.0065583503711597645 -0.017106989667774374 0.071823554696270414 -0.043569343413411184 -0.012832720288262331 0.033110745717094818 0.022045544962807733 0.024599659811128986 0.039225931407577082 0.031881902839625761 -0.022789203822984536 0.055712398345153652 -0.00061128063022194751 0.010683684876734038 -0.049131278678282542
leaf_weight=577.3659568578878 34.942182320912252 138.09653431118932 8.5598793840035814 83.909367630541965 90.823560455202824 839.75458596856333 145.41168739425484 50.687857447264832 65.152933676319662 27.406346050964203 96.55157457414316 13.132958399422934 37.521713003952755 10.122351271471418 45.367537239566445 68.261431555263698 234.14061337771273 5.8976774943730552 21.923516711103733 21.648858614382334 34.257840414502425 160.5228551364853 15.452661887422435 358.30826388957212 14.769624910259152 77.7623800887377 2.6769998236559323 34.859008430095855 217.96400119829923 13.496375888469627
leaf_count=753451 28179 1140 175 80181 5979 3413 11239 15120 2301 124 2406 287 66382 14622 243 1067 40255 2383 1627 544 769 674 134 1299 112 36051 19 634 2813 427
internal_value=0 0.0135168 0.0192522 -0.0433344 -0.00411584 0.0147258 -0.0105256 -0.0244791 0.00691181 0.0173657 0.00132449 0.030904 -0.049681 -0.026679 0.0163099 0.0115788 -0.0211814 0.0164429 -0.000303589 0.0193291 0.00970375 0.0326917 -0.00300174 0.0371697 0.00558828 -0.011645 -0.0327656 0.00210561 0.006174 -0.0141536
internal_weight=0 2703.48 2039.95 843.267 663.534 1469.2 511.046 212.36 629.447 152.488 241.963 570.746 630.908 53.5417 273.374 228.007 269.083 16.02 356.073 159.745 125.081 542.161 28.5856 381.638 23.3295 128.45 24.6005 331.472 266.319 48.3554
internal_count=1074050 105860 16909 968190 88951 14228 82079 131352 10815 6872 13645 2681 836838 83387 2994 2751 68434 17005 7821 1684 6748 2260 421 1586 287 51171 1646 6175 3874 1061
is_linear=0
shrinkage=0.05


Tree=47
num_leaves=31
num_cat=0
split_feature=0 0 42 0 169 208 0 211 208 83 177 2 152 166 2 95 48 95 82 211 208 34 42 70 125 172 208 2 0 56
split_gain=787.37 103.691 43.3339 40.3507 32.6359 25.6568 21.1273 20.667 18.0307 16.2853 13.3084 12.2928 12.2462 11.7749 11.4993 10.4175 10.3264 10.1255 9.87436 9.8266 9.67596 9.57866 8.73272 8.57094 8.54997 8.22203 14.1066 10.7434 8.09013 7.8301
threshold=0.072661120000328969 0.68981449621504665 1.0000000180025095e-35 0.0088049481694041625 6.5000000000000009 8.5000000000000018 0.94875966535953815 535255.50000000012 12.500000000000002 0.54444850000000011 2.6333333333350004 613349.50000000012 0.027062500000000003 0.44222222222200008 8.9884656743000007e+307 0.85877850000000011 1.0000000180025095e-35 0.75316150000000015 579.50000000000011 604963.50000000012 13.500000000000002 333529.00000000006 129.50000000000003 41.500000000000007 0.098955500000000016 0.19947300000000004 8.5000000000000018 26107.500000000004 0.86620967868038068 1.0000000180025095e-35
decision_type=2 2 2 2 2 2 2 2 2 2 2 2 2 2 2 2 2 2 2 2 2 2 2 2 2 2 2 2 2 2
left_child=3 4 6 25 9 22 17 -5 10 -2 13 20 21 -4 -12 -9 18 -3 -7 -13 -11 24 -6 -17 -10 -1 27 -27 -15 -8
right_child=1 2 8 7 5 16 29 15 12 11 14 19 -14 28 -16 23 -18 -19 -20 -21 -22 -23 -24 -25 -26 26 -28 -29 -30 -31
leaf_value=-0.051585359250970665 -0.046020594767473291 -0.0067353368505138171 -0.080157213260412918 -0.051417012107725459 0.01616910801086386 -0.03461556554661304 0.016914392451527021 -0.028087209040077044 -0.05197842267358186 -0.0001129925752908914 0.036559920951425247 -0.036568995812352754 0.02030050811708041 0.0090389328864562361 0.011183186289307475 0.025523238444646358 0.02840427905463095 0.009117188534292598 -0.0033242655382472956 0.0017352533650692504 -0.02687978892991489 0.025852441758433126 0.044981827228283588 -0.012107361907840017 0.0070105217935747741 0.054094053670292623 -0.045461409474904124 -0.041914410842561006 0.027705525743402543 0.048203704210721503
leaf_weight=549.97377329359733 36.393122374051018 149.77906941619585 2.8794318367727092 52.340626343320764 114.05599664693 34.238149371609325 644.89930136012845 77.352748925339256 17.51542927467381 193.94716557948414 473.04261584673077 65.09659903254942 64.632369271712378 86.896610818774207 49.29362993594259 20.548473286035005 18.447092008893378 307.59448906703619 95.630015882692533 22.541573727154173 40.879464727862796 10.071625771059187 34.17840842664009 57.401288329958334 9.460670823696999 7.4033885937969881 38.058887113635137 4.8049105400714325 174.82321882015094 20.634476154111326
leaf_count=753451 28534 4388 33 60385 3469 7118 2677 49518 1204 19068 1354 11864 613 1406 205 3001 711 3992 5553 1081 11346 124 207 18448 98 3407 71325 8655 752 63
internal_value=0 0.0130997 0.0187274 -0.0432439 -0.00417219 0.00810149 0.012199 -0.0242451 0.026977 -0.0143148 0.0295372 -0.0107365 0.00716311 0.0204015 0.0341651 -0.0150876 -0.00660145 0.00392586 -0.0115738 -0.0267167 -0.00477265 -0.015756 0.0228125 -0.00218749 -0.0312907 -0.0498162 -0.0304598 0.0163073 0.0215078 0.0178845
internal_weight=0 2666.93 2011.52 807.884 655.408 296.55 1122.91 207.643 888.616 358.858 786.936 322.465 101.68 264.599 522.336 155.303 148.315 457.374 129.868 87.6382 234.827 37.0477 148.234 77.9498 26.9761 600.241 50.2672 12.2083 261.72 665.534
internal_count=1074050 105860 16909 968190 88951 17058 11120 131352 5789 71893 3750 43359 2039 2191 1559 70967 13382 8380 12671 12945 30414 1426 3676 21449 1302 836838 83387 12062 2158 2740
is_linear=0
shrinkage=0.05


Tree=48
num_leaves=31
num_cat=0
split_feature=0 0 42 0 42 98 172 0 211 115 156 206 42 60 72 70 170 211 95 2 209 169 193 157 100 39 208 160 82 200
split_gain=741.075 98.1939 40.0644 39.8212 32.4055 20.6414 20.0039 18.4536 17.8989 15.2722 13.7169 12.2158 15.6487 13.4076 11.2608 14.6649 10.5003 9.79009 9.69522 9.47209 9.46416 8.97582 10.4302 8.97508 8.69698 8.61884 8.51442 8.50397 8.03532 12.0563
threshold=0.072661120000328969 0.68981449621504665 1.0000000180025095e-35 0.0088049481694041625 38.500000000000007 8.9000000000000021 0.10505750000000001 0.94875966535953815 573847.00000000012 0.092032000000000017 1.3666666666650003 4.5000000000000009 412.50000000000006 7.5000000000000009 1.0000000180025095e-35 108.50000000000001 0.43961650000000002 604963.50000000012 0.75316150000000015 1093855.0000000002 4.5000000000000009 6.5000000000000009 0.018171500000000004 5.7750000000000012 1.0000000180025095e-35 97.500000000000014 9.5000000000000018 0.028086750000000004 579.50000000000011 0.029638666666700005
decision_type=2 2 2 2 2 2 2 2 2 2 2 2 2 2 2 2 2 2 2 2 2 2 2 2 2 2 2 2 2 2
left_child=3 4 7 -1 5 14 -5 18 10 25 16 -10 13 21 15 -2 -4 -7 -3 20 -18 -13 -23 -9 28 -6 -8 -28 29 -16
right_child=1 2 8 6 9 17 26 23 11 -11 -12 12 -14 -15 24 -17 19 -19 -20 -21 -22 22 -24 -25 -26 -27 27 -29 -30 -31
leaf_value=-0.049721290097819365 -0.033581906179996866 -0.0064473905861140149 -0.044420986287493212 -0.042422931952959951 0.012405832705197887 -0.026688044615654827 0.00321558646597611 0.0041188599845027977 0.043164791289861337 0.044535084703927502 0.023187179499237157 0.0098480904662190186 0.044921233366513103 -0.020496617092337976 0.0048400329754859318 0.021530526612997716 0.015245232978138021 0.008754402894466962 0.0091830379767892881 -0.075813159390782259 -0.054315114264687159 -0.031543700021489977 0.029928633766448411 0.019805970965381486 -0.017717265168192709 -0.046534927428635194 -0.00090496378111439761 -0.03920178655194443 0.011174352316336612 -0.042913193733832428
leaf_weight=572.27593649597839 51.027131582435686 147.45202289914596 12.419404785905497 84.819256443792256 47.350681660216651 164.8314238549865 57.384325353938038 109.33641900867224 147.42194860102609 43.03062905522529 155.86971917786286 83.288806408410892 95.362022135406733 17.450727411545813 43.929465072491439 15.810234763746847 60.947988574916963 22.095916620688513 303.2372674610815 3.4076919473009175 5.3164225844084276 7.0708556156605473 286.27074691979215 549.02402281342074 46.205117508070543 7.1372634823055696 24.348318540854962 35.821924443429452 184.49129481636919 18.905784783375566
leaf_count=836838 6667 4388 911 85060 3053 50610 13132 698 408 231 1398 576 210 178 4559 782 658 1309 3992 93 315 31 1011 2042 5022 4169 8600 24560 8330 4219
internal_value=0 0.0126658 0.0181751 -0.0429799 -0.00428473 -0.00901618 -0.0239165 0.0118644 0.0261755 0.0222692 0.0144753 0.0305472 0.0267467 0.0223487 -0.00202273 -0.0205452 -0.0020663 -0.0224985 0.00406923 0.00548363 0.00966438 0.0243339 0.0284469 0.0172008 0.00219484 0.0046853 -0.0105635 -0.0237047 0.00591478 -0.00952789
internal_weight=0 2628.69 1983.88 774.65 644.815 547.296 202.374 1109.05 874.826 97.5186 237.961 636.865 489.443 394.081 360.369 66.8374 82.0915 186.927 450.689 69.6721 66.2644 376.63 293.342 658.36 293.532 54.4879 117.555 60.1702 247.327 62.8352
internal_count=1074050 105860 16909 968190 88951 81498 131352 11120 5789 7453 3375 2414 2006 1796 29579 7449 1977 51919 8380 1066 973 1618 1042 2740 22130 7222 46292 33160 17108 8778
is_linear=0
shrinkage=0.05


Tree=49
num_leaves=31
num_cat=0
split_feature=0 0 42 0 204 211 98 138 211 0 70 70 42 2 208 72 168 141 116 83 208 34 70 95 59 148 118 95 115 131
split_gain=701.874 109.444 50.8317 29.2723 22.2981 21.9314 21.19 15.8732 15.0878 14.9942 14.5099 20.0885 11.2301 10.3697 10.4275 9.94132 9.57904 9.5402 9.29125 9.06528 8.71556 9.63683 8.97435 10.0767 9.85874 9.03505 9.35905 10.344 9.9157 9.36343
threshold=0.043984350660107828 0.48090646582193369 2.5000000000000004 0.94875966535953815 4.5000000000000009 579266.50000000012 8.7083333333350019 0.023543000000000005 541136.50000000012 0.0030842274181046617 100.50000000000001 99.500000000000014 4462.5000000000009 8.9884656743000007e+307 10.500000000000002 2.5000000000000004 106.50000000000001 102.50000000000001 0.03810800000000001 0.55108450000000009 19.500000000000004 67315.000000000015 42.500000000000007 4.8981075000000009 3.5000000000000004 8.5000000000000018 0.12994950000000002 1.9329845000000001 0.086023500000000017 21.500000000000004
decision_type=2 2 2 2 2 2 2 2 2 2 2 2 2 2 2 2 2 2 2 2 2 2 2 2 2 2 2 2 2 2
left_child=5 6 3 7 8 -1 -2 10 -4 -7 11 17 19 14 -6 -10 -12 -3 -16 -8 21 -5 24 25 -23 26 28 -28 29 -24
right_child=1 2 4 20 13 9 12 -9 15 -11 16 -13 -14 -15 18 -17 -18 -19 -20 -21 -22 22 23 -25 -26 -27 27 -29 -30 -31
leaf_value=-0.048744297351643096 -0.0021712945633178206 -0.00087877638591279657 -0.024309379058433594 0.024380934456385613 0.039047309462692942 -0.044166363226512989 -0.047457804792980778 0.020490628773906845 0.014123101512803543 -0.0043834489264501465 0.0048169626396137935 -0.054268225943903653 0.042734156212523806 0.0065449497991169753 0.031550352301688532 0.036450065414559717 0.030824623275296205 -0.033117439610214371 -0.011872512997504719 -0.020206753896934763 -0.0083282588501387127 0.026800162325842411 -0.016084947093253046 0.039740585119547478 -0.00650151401006481 -0.049998811371585079 -0.030870162470531488 0.013990906480558542 0.024907106561806988 0.033925235797893791
leaf_weight=589.20863909093168 285.76235853967955 321.91593221534276 21.26163498844835 366.82152348989621 363.93221325107152 44.266204120482143 40.100756993815594 112.39442221823265 210.89126376004424 50.940807516497443 159.16424408885359 20.370134586497443 6.0293554470117661 32.090129168704152 32.732776678050868 65.29267451283522 45.53297834971454 24.709342544258106 19.753225555410609 127.70648604017333 31.207408684771508 139.80198142165318 39.380185217596591 19.70652543194592 26.425186133012176 7.9591466318815938 32.051745817996562 21.448115477338433 67.493314657360315 12.277690932154654
leaf_count=817578 33207 8871 3083 1417 1090 94646 36386 1422 1724 30311 4084 1453 623 176 267 287 447 3515 244 31424 271 494 242 61 131 40 151 79 273 53
internal_value=0 0.0116415 0.0162878 0.0108273 0.0268922 -0.0451464 -0.0105449 0.00331333 0.0162769 -0.0228804 -6.37199e-05 -0.00601275 -0.02431 0.0339321 0.0360426 0.0194014 0.0106021 -0.00317692 0.0152081 -0.0267189 0.0175503 0.0186515 0.0129177 0.00579081 0.0215062 0.00208652 0.00448763 -0.0128853 0.0122882 -0.00419887
internal_weight=0 2654.21 2194.61 1448.66 745.954 684.416 459.599 684.087 297.446 95.207 571.693 366.995 173.837 448.508 416.418 276.184 204.697 346.625 52.486 167.807 764.573 733.365 366.544 200.317 166.227 180.61 172.651 53.4999 119.151 51.6579
internal_count=1074050 131515 29875 23004 6871 942535 101640 19792 5094 124957 18370 13839 68433 1777 1601 2011 4531 12386 511 67810 3212 2941 1524 899 625 838 798 230 568 295
is_linear=0
shrinkage=0.05


Tree=50
num_leaves=31
num_cat=0
split_feature=0 0 211 42 42 131 211 77 0 86 168 211 91 164 70 162 204 204 138 200 167 2 203 87 95 128 160 155 209 101
split_gain=668.017 107.178 52.3288 37.252 34.4377 22.6485 21.7255 15.8384 13.8348 12.6597 11.6805 10.9535 15.3913 10.5717 18.1113 9.94447 9.70414 9.63225 10.1643 8.57367 8.44482 7.5257 7.9705 7.64487 7.46031 7.5162 8.22345 7.65749 7.45212 7.34614
threshold=0.043984350660107828 0.86620967868038068 572878.50000000012 1.5000000000000002 1.0000000180025095e-35 86.500000000000014 579266.50000000012 8.5000000000000018 0.0019437620776660012 0.068275000000000016 21.500000000000004 522295.50000000006 136.50000000000003 14.900000000000002 10.500000000000002 0.053915750000000005 10.500000000000002 15.500000000000002 0.053537000000000008 0.031149000000000003 8.5000000000000018 2826.5000000000005 86.500000000000014 429.50000000000006 0.84649150000000006 0.033466000000000003 0.023964000000000003 0.73214285714300009 1.5000000000000002 0.020438000000000001
decision_type=2 2 2 2 2 2 2 2 2 2 2 2 2 2 2 2 2 2 2 2 2 2 2 2 2 2 2 2 2 2
left_child=6 2 5 16 10 7 -1 11 -8 -5 15 -2 19 21 -15 -3 28 18 -6 -13 -17 22 23 -12 25 26 -16 -27 -4 -23
right_child=1 4 3 9 17 -7 8 -9 -10 -11 13 12 -14 14 24 20 -18 -19 -20 -21 -22 29 -24 -25 -26 27 -28 -29 -30 -31
leaf_value=-0.048618494864070903 -0.054364292166383554 -0.070379475894184432 0.0045971871337175179 0.017311602597173067 0.021966374430231733 -0.035758878274068109 -0.045370319319710722 -0.038150164227221478 -0.0060755452427225225 0.044173719320994113 0.033826447009208602 0.00090562220438182041 0.027772720274569132 -0.051024198572197754 -0.0097201894488222959 0.0012561555371298221 0.012482699856989842 0.040045237675855799 0.040431784687575835 -0.017571551322545783 0.040856686431850503 0.01243356075787345 -0.016902280163089117 -0.014860890242698339 0.017198429375659647 -0.058695876079974445 0.056645248804108421 0.0074372852302622156 -0.011578017479550499 0.030656817697830359
leaf_weight=567.42111964262585 10.50236727316951 4.5558354833628973 113.0885291632585 207.21833982308453 389.7138963205507 93.229578412858245 38.394423202636972 38.646699750977859 53.769577390492486 55.63850055122748 152.9009307208471 152.31684731895803 36.977457382716238 13.066758258501066 14.276649032719435 169.5817176583223 98.185599323856877 148.95579774025828 92.144931118935347 106.80506110893475 14.623501261696218 288.54571156902239 9.0735965995118004 8.5114728175103647 107.84699817607179 10.783489665482195 6.9352842178195706 7.3677497133612624 192.27009809089941 68.415327972732484
leaf_count=817578 8086 128 5195 3483 2140 46983 87949 9939 37008 156 564 13375 1510 166 127 1708 3557 398 241 15170 66 1659 45 61 512 155 17 46 15760 268
internal_value=0 0.0113529 -0.000476519 0.00834999 0.0200241 -0.0138911 -0.0449613 -0.00798601 -0.0224453 0.0229975 0.0136125 -0.00418386 -0.00240401 0.0166365 0.00539071 0.00259509 -0.00119094 0.0289327 0.0254975 -0.00671031 0.00439992 0.0200537 0.0286959 0.0312591 0.0103982 -0.00823285 0.0119781 -0.0318518 -0.00558759 0.0159262
internal_weight=0 2612.18 1104.88 666.401 1507.3 438.478 659.585 345.248 92.164 262.857 876.485 306.602 296.099 687.724 160.277 188.761 403.544 630.815 481.859 259.122 184.205 527.447 170.486 161.412 147.21 39.3632 21.2119 18.1512 305.359 356.961
internal_count=1074050 131515 123214 28151 8301 95063 942535 48080 124957 3639 5522 38141 30055 3620 1023 1902 24512 2779 2381 28545 1774 2597 670 625 857 345 144 201 20955 1927
is_linear=0
shrinkage=0.05


Tree=51
num_leaves=31
num_cat=0
split_feature=0 0 204 42 42 0 95 211 211 66 70 98 34 42 99 170 42 167 202 70 68 98 43 65 70 95 164 39 181 172
split_gain=633.923 105.155 43.7112 33.3427 28.2437 21.7664 16.3112 16.1504 15.1101 13.2496 12.5578 12.3871 10.9349 10.8116 10.7108 10.5649 9.87947 9.68333 10.1459 9.18538 8.84643 8.77015 9.42252 8.73032 8.19908 11.0568 8.99566 8.19305 7.9942 7.81314
threshold=0.043984350660107828 0.7740980979447657 2.5000000000000004 6.5000000000000009 1.0000000180025095e-35 0.0088049481694041625 0.75316150000000015 522893.50000000006 541495.50000000012 0.063933000000000004 108.50000000000001 2.0833333333350006 100931.00000000001 336.50000000000006 0.10054100000000001 1.0967200000000001 9120.5000000000018 8.5000000000000018 0.078181000000000014 43.500000000000007 50.000000000000007 8.7083333333350019 20.500000000000004 4.5000000000000009 57.500000000000007 1.0578100000000001 11.900000000000002 7.5000000000000009 0.72279450000000012 0.19947300000000004
decision_type=2 2 2 2 2 2 2 2 2 2 2 2 2 2 2 2 2 2 2 2 2 2 2 2 2 2 2 2 2 2
left_child=5 2 7 6 10 29 11 -2 -7 20 14 -3 -8 21 -4 16 -5 18 -13 28 -6 22 -9 -23 25 -17 -27 -14 -10 -1
right_child=1 3 4 15 9 8 12 13 19 -11 -12 17 27 -15 -16 24 -18 -19 -20 -21 -22 23 -24 -25 -26 26 -28 -29 -30 -31
leaf_value=-0.051300407583106646 -0.047770669215199082 0.027924566381679131 -0.016583164563270924 0.014854810592682365 -0.020416928391106686 -0.050834288334066419 0.022660005230393188 -0.010659754830930682 -0.023592883245762641 0.044557155170511391 0.011067831847123679 -0.04391644697717411 0.013285144382999338 0.019843722029709861 0.022248076958440791 0.04705342150429654 0.052737359611108238 0.019201576379157079 -0.00071800460934311465 -0.025847095547523874 0.01771425097120195 -0.036942018634559766 0.048411285214581268 -0.010394136131561644 0.03904137888070551 0.012315987807620277 -0.054537936882547912 -0.018017704123662825 0.030391698835996784 -0.029086744742512934
leaf_weight=463.34872531699875 37.015879250699072 50.041273002745584 154.2282176137378 145.13292687706416 16.97157216022606 42.274847653239704 476.24294879939407 173.1726727271307 11.418079896320707 44.396698507247493 87.893564765254268 14.425851159612646 415.32977038924582 23.367086436286627 20.068969988147728 20.279429171234369 19.526061180513352 59.700509908376262 235.25589805474738 57.517246062168851 146.59799818762986 72.087165876371728 7.0246866373054209 54.290319156978512 244.46118362713605 28.764918249100447 6.0985522769624358 22.011273256503046 17.169739443757862 43.282152066854906
leaf_count=753451 34834 338 17330 1055 2016 55794 2680 19098 8589 135 5166 439 2582 1483 737 53 53 444 3619 38332 6548 19459 171 11932 695 104 53 491 2982 83387
internal_value=0 0.0110365 -0.00352112 0.0180511 0.00657281 -0.0447428 0.013868 -0.0164538 -0.0263533 0.0203329 -0.00434151 0.00484464 0.017418 -0.0129403 -0.012112 0.0295213 0.0193471 0.00111156 -0.00321388 -0.0143339 0.0137579 -0.0154391 -0.00835697 -0.0255374 0.035113 0.0176973 0.000621451 0.0117097 0.00883006 -0.0494027
internal_weight=0 2574.39 837.115 1737.27 470.157 635.011 1273.01 366.958 128.38 207.966 262.191 359.424 913.584 329.942 174.297 464.263 164.659 309.382 249.682 86.1051 163.57 306.575 180.197 126.377 299.604 55.1429 34.8635 437.341 28.5878 506.631
internal_count=1074050 131515 118909 12606 31932 942535 10593 86977 105697 8699 23233 4840 5753 52143 18067 2013 1108 4502 4058 49903 8564 50660 19269 31391 905 210 157 3073 11571 836838
is_linear=0
shrinkage=0.05


Tree=52
num_leaves=31
num_cat=0
split_feature=0 0 42 0 59 0 211 211 156 208 86 177 206 2 47 169 102 211 2 210 173 87 151 70 173 70 70 95 2 2
split_gain=599.646 99.3849 41.7301 33.2681 21.5427 21.0658 20.3244 14.3495 14.3492 13.0633 12.1352 10.6355 10.5463 9.84776 9.49489 9.30669 9.3937 9.23779 9.22176 8.80998 10.8968 9.3444 8.79618 8.69026 10.4049 9.77144 8.6085 8.47785 8.33259 8.2093
threshold=0.043984350660107828 0.53809039466125175 34.500000000000007 0.94875966535953815 3.5000000000000004 0.0088049481694041625 558401.50000000012 541495.50000000012 1.2250000000000003 9.5000000000000018 0.091047500000000017 3.2250000000000005 7.5000000000000009 30370.000000000004 1404.5000000000002 11.500000000000002 0.086886500000000019 522295.50000000006 702908.50000000012 13.500000000000002 0.30835600000000002 842.50000000000011 0.078458000000000014 103.50000000000001 0.18475700000000003 99.500000000000014 43.500000000000007 0.50681300000000007 783.00000000000011 149609.00000000003
decision_type=2 2 2 2 2 2 2 2 2 2 2 2 2 2 2 2 2 2 2 2 2 2 2 2 2 2 2 2 2 2
left_child=5 4 3 6 10 -1 8 -7 -3 13 23 29 18 -8 19 16 -15 -6 -11 21 -21 28 -22 24 -2 -26 -9 -14 -5 -4
right_child=1 2 11 14 17 7 9 26 -10 12 -12 -13 27 15 -16 -17 -18 -19 -20 20 22 -23 -24 -25 25 -27 -28 -29 -30 -31
leaf_value=-0.049269940362313892 -0.0454472631256186 -0.036774768377692189 0.030165004032893641 0.038106698828355635 -0.047209192053447931 -0.050734582098502817 0.025069737132748113 0.0080688565845942802 -0.0016127927671621648 0.017811901589891575 0.049992688075982138 0.042140436450958926 -0.039399484342763247 -0.033627830018668883 0.026850443011981376 0.03069839229699356 0.0075091249251560584 -0.017306420569324448 -0.019576359499952928 -0.018595554066684103 0.019675966449822495 -0.026786316686629799 -0.021301605253617267 0.0093908153423341578 -0.001141095765711925 -0.043704600220754369 -0.025814784737246761 -0.003996441734929186 0.017443735406093019 0.007878639858158891
leaf_weight=484.58046389514493 17.821960341912927 42.249338723049732 156.44373202280985 55.712237818166614 30.182770990897552 40.290909252322308 138.41114586521871 28.214473285901477 92.627280078304466 97.371488565870095 11.427588119171558 137.07089504413307 19.268327043158934 14.801101399119942 273.67657004657667 41.158812344074249 222.40244905999862 178.99728264454461 19.855414646910504 37.358280536020175 82.226220836862922 10.927141048014162 15.577029513195155 97.319421422114829 143.25014927485608 14.885312266909748 55.851773878996028 138.16315536166076 392.70455425069667 56.151816917859833
leaf_count=836838 5768 4968 1176 203 32242 55794 1197 11571 4350 1523 45 328 1314 401 1096 254 2686 43609 538 297 350 60 96 8997 12684 2367 38332 2789 1649 528
internal_value=0 0.0106907 0.0155541 0.0123089 -0.0094384 -0.0445588 0.00512764 -0.026201 -0.0126271 0.00859103 -0.00048743 0.0312805 0.00012507 0.0141702 0.0191437 0.00875057 0.00494225 -0.0216211 0.0114792 0.015596 0.00437526 0.0188977 0.0131495 -0.00259835 -0.00922938 -0.0051476 -0.0144427 -0.00832948 0.0200109 0.0242786
internal_weight=0 2538.04 2044.16 1694.49 493.884 608.938 826.309 124.357 134.877 691.432 284.704 349.666 274.658 416.774 868.182 278.362 237.204 209.18 117.227 594.505 135.162 459.344 97.8033 273.277 175.957 158.135 84.0662 157.431 448.417 212.596
internal_count=1074050 131515 25803 23771 105712 942535 20020 105697 9318 10702 29861 2032 6164 4538 3751 3341 3087 75851 2061 2655 743 1912 446 29816 20819 15051 49903 4103 1852 1704
is_linear=0
shrinkage=0.05


Tree=53
num_leaves=31
num_cat=0
split_feature=0 0 42 0 211 211 177 92 211 0 2 208 157 2 83 100 141 59 150 77 74 208 48 42 211 181 44 98 161 199
split_gain=566.393 93.7588 38.1968 26.4777 21.176 21.1504 17.458 16.2175 14.7112 13.7501 12.7363 11.488 11.0288 10.0267 9.81066 8.9861 8.82036 8.36784 8.13882 8.13194 8.06892 7.98112 7.74197 7.04524 9.20222 6.9752 6.95825 7.08452 6.95061 6.87318
threshold=0.043984350660107828 0.60678019017954943 6.5000000000000009 0.94875966535953815 522295.50000000006 576328.50000000012 2.6904761904800005 0.58333333333350013 545561.50000000012 0.0019437620776660012 152719.50000000003 10.500000000000002 14.550000000000002 155571.50000000003 0.57019550000000019 1.0000000180025095e-35 19.500000000000004 2.5000000000000004 0.038014000000000006 5.5000000000000009 7.708333333335001 9.5000000000000018 1.0000000180025095e-35 1.0000000180025095e-35 560410.50000000012 1.4043205000000001 1.0000000180025095e-35 8.9000000000000021 0.026197375000000005 22.071428571450003
decision_type=2 2 2 2 2 2 2 2 2 2 2 2 2 2 2 2 2 2 2 2 2 2 2 2 2 2 2 2 2 2
left_child=5 4 3 6 -2 -1 14 11 12 -7 15 13 -4 23 -3 17 -13 -10 -19 26 -17 -8 28 -6 -25 -23 27 -12 -15 -5
right_child=1 2 8 29 7 9 21 -9 10 -11 19 16 -14 22 -16 20 -18 18 -20 -21 -22 25 -24 24 -26 -27 -28 -29 -30 -31
leaf_value=-0.048506947034034978 -0.047398116159361708 -0.020921721422399377 -0.051137758175601372 0.014341222424350462 -0.0023459723675077412 -0.045367446969716008 0.019468230096408284 0.0440285844103133 0.039694488125057742 -0.0066121419661230585 0.019035053373002916 -0.0066604823139135268 0.018349030182715369 0.019062955600071561 0.00013554664717730112 0.020953216032509152 -0.029117298471298306 0.029818629434414674 -0.0096707737308261172 -0.042426538351486215 -0.051095792410725566 -0.0075328052807885201 0.020898600843971066 -0.013774808975667841 0.027315397737300351 0.014101374012413778 0.050252162996955223 -0.019340364422667719 -0.018297949407810894 0.024701373591999427
leaf_weight=489.92245165208806 31.917719932298496 70.259847393637756 10.206252949938063 531.96778583340347 94.431673136859899 39.05042005940777 169.83062493987381 16.056048753671348 266.73444752581418 55.292815119868465 127.90883238147944 91.840179090359015 12.963396867446134 13.822321428175199 260.02650359185645 13.511706378310921 83.460408426617505 55.625315848272294 17.046418712940067 5.5858392445370546 5.4547595388721666 72.28803696623072 17.281548701110296 17.628157556420774 60.010444745217683 76.884233621414751 15.965249956585465 13.274801273830233 125.27951652647607 229.00811459729448
leaf_count=798769 35083 5257 938 2611 9363 101794 1519 71 785 41972 521 13501 405 1418 5276 70 26008 292 106 42 98 1803 1592 4072 1808 764 34 149 17127 802
internal_value=0 0.0103348 0.0154729 0.0111306 -0.0078673 -0.0443323 0.00371365 -0.00544 0.0267242 -0.0226537 0.0284575 -0.0070167 -0.01226 -0.00150053 -0.00434384 0.033725 -0.0173521 0.0355966 0.0205557 0.0168576 0.000231906 0.0120561 -0.0106642 0.00682774 0.0179857 0.00361757 0.0189648 0.0154268 -0.0145855 0.017459
internal_weight=0 2506.27 1954.54 1410.27 551.728 584.266 649.289 519.81 544.277 94.3432 521.107 503.754 23.1696 328.454 330.286 358.373 175.301 339.406 72.6717 162.735 18.9665 319.003 156.383 172.07 77.6386 149.172 157.149 141.184 139.102 760.976
internal_count=1074050 131515 21472 18032 110043 942535 14619 74960 3440 143766 2097 74889 1343 35380 10533 1351 39509 1183 398 746 168 4086 20137 15243 5880 2567 704 670 18545 3413
is_linear=0
shrinkage=0.05


Tree=54
num_leaves=31
num_cat=0
split_feature=0 0 115 42 42 211 0 42 211 82 206 99 82 208 156 2 208 143 91 98 70 2 72 204 70 210 72 165 152 172
split_gain=536.49 90.7711 46.8457 28.0007 26.8554 23.0522 20.3917 14.1753 13.5326 12.7283 10.6746 10.2956 11.2882 10.5135 10.2075 10.1579 14.3385 11.3973 9.60774 9.44212 10.6427 8.86515 9.98397 8.72509 9.28231 8.16897 8.09726 8.74217 8.09453 8.09401
threshold=0.043984350660107828 0.86620967868038068 0.092032000000000017 2.5000000000000004 37.500000000000007 521990.50000000006 0.0088049481694041625 742.50000000000011 541495.50000000012 575.50000000000011 14.500000000000002 0.04683650000000001 661.50000000000011 13.500000000000002 1.3666666666650003 21207.500000000004 15.500000000000002 0.18333333333350002 43.500000000000007 7.083333333335001 121.50000000000001 123701.00000000001 1.0000000180025095e-35 6.5000000000000009 60.500000000000007 7.5000000000000009 1.5000000000000002 0.45000000000000007 0.095475500000000019 0.19947300000000004
decision_type=2 2 2 2 2 2 2 2 2 2 2 2 2 2 2 2 2 2 2 2 2 2 2 2 2 2 2 2 2 2
left_child=6 2 5 15 10 -2 29 9 -8 14 18 -11 13 21 -7 16 25 -17 -4 23 -21 -13 -23 26 -25 -3 27 -5 -22 -1
right_child=1 3 4 19 -6 7 8 -9 -10 11 -12 12 -14 -15 -16 17 -18 -19 -20 20 28 22 -24 24 -26 -27 -28 -29 -30 -31
leaf_value=-0.051096558286506832 -0.04691977655698399 0.028883062681750362 0.0017979425676405043 -0.037973089369291231 0.036820510812051774 -0.031939047863142854 -0.050583088819246225 0.021683753853166406 -0.014065900500365972 0.0089388505271923314 -0.02941497423815792 0.0023221643478186379 0.040456840418253488 -0.0335252025459363 -0.0090200050342572335 0.0037734400590707438 -0.00098035735268615812 0.024190594243992464 0.022230598602696727 -0.0093642509892812083 0.041932754072614743 -0.047471991589544654 -0.0092387828537906572 0.017151359033110675 0.044290609484076655 0.015598440795967625 0.027337145262956032 0.031186949475855499 -0.026175433212064149 -0.027264831849451839
leaf_weight=405.33101006018842 38.008633580149763 206.37509249988943 185.53854292185861 10.400266380980613 89.582842607487692 87.232956430296326 37.054793035127659 40.784101020341041 80.45661038209073 115.5737488596933 20.360809350080672 125.04610540537396 11.158046257914974 42.982217515047523 109.64175443593558 346.6204809488263 84.125656652264297 85.141486366745085 83.390151699393755 32.087929738510866 27.563831303501502 21.928777478242409 77.143560202166555 39.246810467913747 159.75251606060192 263.4357730075717 157.52858989941888 8.1499024946242553 5.1827397495508185 39.061585389583342
leaf_count=753451 37452 860 9575 88 424 22917 55794 1392 49903 5739 1726 8537 195 9114 15210 2741 961 442 1877 399 164 3345 5711 141 413 1462 558 43 29 83387
internal_value=0 0.0100171 -0.00115126 0.0182301 0.0128987 -0.0091022 -0.0441037 -0.00682601 -0.0255808 -0.0087944 0.005491 -0.00360511 -0.0088152 -0.0108735 -0.0191752 0.0135488 0.01803 0.00779961 0.00813376 0.0287193 0.0111004 -0.00652931 -0.0177014 0.0317648 0.0389382 0.021434 0.0236577 -0.00758805 0.0311534 -0.0490018
internal_weight=0 2473.98 1048.37 1425.61 378.872 669.5 561.904 631.491 117.511 590.707 289.29 393.832 278.259 267.101 196.875 985.698 553.937 431.762 268.929 439.913 64.8345 224.118 99.0723 375.078 198.999 469.811 176.079 18.5502 32.7466 444.393
internal_count=1074050 131515 123214 8301 13602 109612 942535 72160 105697 70768 13178 32641 26902 26707 38127 6466 3283 3183 11452 1835 592 17593 9056 1243 554 2322 689 131 193 836838
is_linear=0
shrinkage=0.05


Tree=55
num_leaves=31
num_cat=0
split_feature=0 0 42 0 211 59 211 42 0 204 98 138 206 209 169 204 48 47 58 42 173 104 210 141 184 47 56 157 170 2
split_gain=506.749 84.7784 35.0325 21.4195 20.8126 20.6082 20.269 16.7941 12.3065 12.1201 11.7342 10.6975 12.3554 9.94973 8.64123 8.42153 7.98468 7.62588 7.40429 7.26328 7.11458 7.04923 7.01476 7.3093 6.84997 6.78276 6.76076 7.43528 6.66405 6.64631
threshold=0.043984350660107828 0.60678019017954943 1.0000000180025095e-35 0.94875966535953815 577414.50000000012 2.5000000000000004 576328.50000000012 1.0000000180025095e-35 0.0019437620776660012 8.5000000000000018 8.7083333333350019 0.061428500000000004 10.500000000000002 4.5000000000000009 6.5000000000000009 4.5000000000000009 1.0000000180025095e-35 2423.5000000000005 0.031135500000000003 23.500000000000004 0.15840050000000003 0.32344300000000009 18.500000000000004 401.50000000000006 0.10684450000000002 1185.5000000000002 1.0000000180025095e-35 5.7750000000000012 0.91439400000000004 120938.00000000001
decision_type=2 2 2 2 2 2 2 2 2 2 2 2 2 2 2 2 2 2 2 2 2 2 2 2 2 2 2 2 2 2
left_child=6 4 3 9 10 11 -1 16 -8 17 25 12 15 22 -14 18 -6 21 20 -15 -4 28 23 29 -24 -2 27 -5 -3 -7
right_child=1 2 5 26 7 13 8 -9 -10 -11 -12 -13 14 19 -16 -17 -18 -19 -20 -21 -22 -23 24 -25 -26 -27 -28 -29 -30 -31
leaf_value=-0.048160366749790934 -0.017768477044707898 -0.0090527169053193478 -0.031667799261288695 0.00095806876352016394 -0.011318492230466871 0.023177995889222362 -0.044798109474721973 0.019138602718029325 -0.006897398740613167 0.013320549555550114 -0.028217373758200159 0.039677444109874033 -0.023346416205270074 -0.045417996668713233 0.01485823100380811 0.032815831142581513 0.021583037555626329 -0.027631766495747612 -0.023923555804574469 0.024282818263933428 0.023596370870741065 -0.051253508408868387 0.0090141015376490018 -0.040917207796725509 -0.062576035490158444 0.0041118428502942778 0.043960262353682972 0.016450176264518262 0.0060119797831070122 0.0029744010521386825
leaf_weight=450.34861945025841 75.578307833944564 133.75703515743953 6.157171555038075 92.181139407446608 147.92258678813232 126.63894994818838 35.721563872844854 94.10256554253283 53.489510425915796 135.24403913709102 131.92375556292609 132.36940905032679 18.260020336951129 13.265198005072309 78.126492448849604 257.24980542610865 21.066339290206088 31.982147822811385 10.171450949623248 5.2039048607693976 107.54279950307682 7.0842112142126998 7.6666096660192107 5.6749809612374511 5.922621154692024 66.658070739526011 19.430672161281109 484.61146152054425 162.71223262511194 59.98924431623891
leaf_count=798769 13113 4926 147 665 15143 1386 101794 3306 41972 1701 67330 381 336 1175 506 950 1616 2135 110 181 546 125 146 817 96 9535 63 2012 2389 679
internal_value=0 0.00970196 0.0146578 0.0086565 -0.0078361 0.0223337 -0.0438471 0.0022099 -0.0220735 0.000684119 -0.0174765 0.0271001 0.0236136 0.00937703 0.00762052 0.0276583 -0.00721695 -0.00440924 0.0169474 -0.0257789 0.0206037 -0.00196253 0.0125306 0.014984 -0.0221872 -0.00751442 0.0149515 0.0139743 -0.000784708 0.0166838
internal_weight=0 2438.49 1901.24 1067 537.252 834.239 539.56 263.091 89.2111 470.78 274.16 609.877 477.508 224.362 96.3865 381.121 168.989 335.536 123.871 18.4691 113.7 303.553 205.892 192.303 13.5892 142.236 596.223 576.793 296.469 186.628
internal_count=1074050 131515 21472 14016 110043 7456 942535 20065 143766 11276 89978 2976 2595 4480 842 1753 16759 9575 803 1356 693 7440 3124 2882 242 22648 2740 2677 7315 2065
is_linear=0
shrinkage=0.05


Tree=56
num_leaves=31
num_cat=0
split_feature=0 0 115 42 42 211 0 66 101 204 2 98 170 211 208 156 82 0 141 172 208 39 0 47 157 211 172 58 66 204
split_gain=479.103 81.6627 42.6997 25.8556 23.8312 21.5955 20.3791 13.8804 12.9537 10.9691 12.1587 10.2581 9.68164 9.15265 9.11864 8.83068 8.83444 8.28792 8.83184 8.14884 11.9575 8.12583 8.4461 7.94666 7.61962 7.56701 7.47379 7.07602 6.98575 6.82666
threshold=0.043984350660107828 0.86620967868038068 0.092032000000000017 2.5000000000000004 37.500000000000007 521990.50000000006 0.0088049481694041625 0.086694000000000007 0.030463500000000001 4.5000000000000009 593143.50000000012 10.100000000000001 2.1664360000000005 555355.50000000012 9.5000000000000018 1.4142857142850003 558.50000000000011 0.94875966535953815 29.500000000000004 0.19947300000000004 8.5000000000000018 1.5000000000000002 0.94875966535953815 1087.5000000000002 10.775000000000002 564835.50000000012 0.076595500000000025 0.026069000000000005 0.096819500000000017 17.500000000000004
decision_type=2 2 2 2 2 2 2 2 2 2 2 2 2 2 2 2 2 2 2 2 2 2 2 2 2 2 2 2 2 2
left_child=6 2 5 12 11 -2 19 9 13 15 14 24 21 -8 -11 16 -7 18 -5 -1 23 25 -23 -21 -4 -3 -14 -26 29 -19
right_child=1 3 4 17 -6 7 8 -9 -10 10 -12 -13 26 -15 -16 -17 -18 28 -20 20 -22 22 -24 -25 27 -27 -28 -29 -30 -31
leaf_value=-0.050996813048169387 -0.04668018644164245 -0.0068456371815139409 -6.0984264571427772e-05 0.023770739694788035 0.035211689598088979 -0.047769945797139911 -0.04923092995238406 0.04008202032780081 0.010667582618483063 0.02044226815961038 -0.02739486824098631 -0.035570919172089786 -0.048511838417302902 -0.017406643797020373 -0.0059721409375728647 -0.0039774334732466977 -0.015317577436854749 0.025135893453388583 -0.008789480600065085 -0.029398792663761514 -0.043586857883755846 -0.0081027230728333843 0.0090166665424092074 0.060821283346840893 0.0097619062561694215 0.018643502292996626 0.020193666193902407 0.037775597464633742 0.057515673685035719 0.044756468105344831
leaf_weight=370.39966169368563 36.02024146696931 33.220236690714955 149.81876161364198 149.41177709260955 86.43123177299276 23.112292372137745 43.936622329347301 15.362882246030493 21.067649301956408 77.390448024481884 27.167351821160992 14.619345358034478 4.0039536131080231 46.507599612501508 56.545453150014509 188.15268854855094 226.39217357866437 160.71816017664969 24.199715368333273 4.3950840459838201 26.962723889366316 102.83871012099553 240.63065557763912 5.488837333599804 88.510264180833474 235.76700472924858 346.3909173955908 30.244434674328659 26.927867617458105 61.219688465818763
leaf_count=753451 37452 353 8298 628 424 9797 67781 68 7838 2121 2484 1644 82 30078 5231 23121 29338 667 344 9896 71325 1806 1359 2166 2811 1353 1513 425 48 148
internal_value=0 0.00939989 -0.00133856 0.0173047 0.0122307 -0.00905305 -0.0435803 -0.0068461 -0.0246417 -0.00805017 0.00310418 0.00521684 0.0127799 -0.0328665 0.00929056 -0.0121561 -0.0183237 0.0276168 0.0192322 -0.0487661 -0.0263414 0.00898761 0.00389092 0.0207031 0.00743705 0.0154956 0.0194086 0.0168964 0.033466 0.0305481
internal_weight=0 2405.1 1019.77 1385.33 369.624 650.144 518.758 614.123 111.512 598.76 161.103 283.193 962.851 90.4442 133.936 437.657 249.504 422.477 173.611 407.246 36.8466 612.457 343.469 9.88392 268.573 268.987 350.395 118.755 248.866 221.938
internal_count=1074050 131515 123214 8301 13602 109612 942535 72160 105697 72092 9836 13178 6466 97859 7352 62256 39135 1835 972 836838 83387 4871 3165 12062 11534 1706 1595 3236 863 815
is_linear=0
shrinkage=0.05


Tree=57
num_leaves=31
num_cat=0
split_feature=0 204 0 42 0 0 98 72 211 181 156 170 87 178 211 43 210 101 208 3 209 70 82 150 172 208 210 172 203 117
split_gain=451.776 56.1899 47.3046 38.2628 28.109 17.8704 17.5744 15.5511 15.3354 14.0249 11.7395 11.5512 9.9417 10.5602 9.44719 9.23306 9.16172 9.12236 9.03519 8.82827 8.55171 7.97446 7.94886 7.87657 7.61746 10.6297 7.30119 7.20649 8.98826 7.63615
threshold=0.11665055024126079 2.5000000000000004 0.0088049481694041625 2.5000000000000004 0.7740980979447657 0.94875966535953815 17.100000000000005 3.5000000000000004 596868.00000000012 1.5896940000000002 1.3666666666650003 0.78406500000000012 2.5000000000000004 2.5000000000000004 578024.50000000012 3.5000000000000004 16.500000000000004 0.019517500000000004 9.5000000000000018 0.09822400000000002 4.5000000000000009 21.500000000000004 631.50000000000011 0.054795500000000004 0.19947300000000004 8.5000000000000018 13.500000000000002 0.090903500000000012 50.500000000000007 0.021454500000000005
decision_type=2 2 2 2 2 2 2 2 2 2 2 2 2 2 2 2 2 2 2 2 2 2 2 2 2 2 2 2 2 2
left_child=2 4 24 5 14 9 18 11 10 -3 15 26 -13 16 21 -6 20 -12 -4 27 -14 23 -8 -2 -1 -26 -5 28 29 -7
right_child=1 3 6 7 8 19 22 -9 -10 -11 17 12 13 -15 -16 -17 -18 -19 -20 -21 -22 -23 -24 -25 25 -27 -28 -29 -30 -31
leaf_value=-0.050900644545500744 -0.046142968717864351 -0.0042425002481084354 0.00240309079722573 0.013574716511040955 -0.020327929122938421 0.039699699717414702 -0.044925176636099587 0.050419140899423266 0.025560619973277871 0.012329511161817115 0.0049122449397093005 0.033780562918728059 0.018086233987138677 0.033189087326185279 -0.00033976046824406238 0.0073484025280704142 -0.023144828520291622 0.036523999639497401 -0.022420213717568461 -0.030366875203576001 -0.049306757763213707 -0.01533899730162964 0.0062548482692015685 0.061998902008564165 0.018594723667182241 -0.043238432004258781 -0.024707599810941464 0.018100813731478857 -0.066023507153364872 -0.023799022169110395
leaf_weight=352.86570501478127 35.743053248304932 286.54305130265129 75.368767497770023 46.726229370804504 80.048066572664538 9.0936130005866342 68.044437569904403 58.90630306013918 84.514542696997523 230.2650739744422 130.36663873962243 212.86319950793404 104.19846866633452 75.018242372068926 84.929432930948678 48.328549847123213 18.347965324675897 27.664757068268955 71.368685696175817 10.071704442612825 4.9299181913374914 153.95277890652869 8.5385402540705382 1.7670390124549147 9.5266733410790021 25.703034330828814 16.981104574326309 527.36067188240122 5.4868821129202834 9.8772163316607458
leaf_count=753451 14810 15104 19937 934 1954 39 86569 195 508 5447 1651 897 1451 426 4300 646 265 123 44918 51 333 32010 1563 35 12062 71325 629 2305 34 78
internal_value=0 0.0102994 -0.0381374 0.0152838 -0.002149 0.00985159 -0.0198033 0.0261761 0.00684507 0.0031412 0.0013224 0.0231951 0.0262358 0.0183047 -0.0142192 -0.00990892 0.00954545 0.0104462 -0.00967022 0.0160236 0.0150417 -0.0203758 -0.0392189 -0.0410486 -0.0486873 -0.0265178 0.00337062 0.0168703 -0.00966229 0.00663891
internal_weight=0 2263.98 611.416 1616.67 647.315 1078.7 223.32 537.971 370.923 516.808 286.408 479.065 415.358 202.495 276.392 128.377 127.476 158.031 146.737 561.89 109.128 191.463 76.583 37.5101 388.095 35.2297 63.7073 551.818 24.4577 18.9708
internal_count=1074050 84225 989825 28188 56037 23058 152987 5130 4882 20551 4374 4935 3372 2475 51155 2600 2049 1774 64855 2507 1784 46855 88132 14845 836838 83387 1563 2456 151 117
is_linear=0
shrinkage=0.05


Tree=58
num_leaves=31
num_cat=0
split_feature=0 0 66 141 42 0 82 42 211 208 42 2 127 113 48 204 206 95 2 74 148 172 208 47 42 162 208 183 169 70
split_gain=427.327 75.4502 41.6979 30.9048 24.997 19.5945 15.9114 12.1112 11.9674 11.0859 10.9316 9.98924 10.2378 9.88848 9.07669 9.36643 9.48332 8.66034 9.32505 8.50691 7.46347 7.27654 9.34031 7.24752 7.65221 6.98726 12.3061 7.67299 7.59179 7.07163
threshold=0.043984350660107828 0.86620967868038068 0.062324500000000012 41.500000000000007 1.0000000180025095e-35 0.0088049481694041625 575.50000000000011 37.500000000000007 541495.50000000012 13.500000000000002 1758.5000000000002 2463.5000000000005 0.10617350000000002 3.5000000000000004 1.0000000180025095e-35 7.5000000000000009 7.5000000000000009 0.75316150000000015 24485.000000000004 88.100000000000009 8.5000000000000018 0.19947300000000004 8.5000000000000018 2124.5000000000005 6861.0000000000009 0.077350000000000016 9.5000000000000018 0.038133500000000008 6.5000000000000009 114.50000000000001
decision_type=2 2 2 2 2 2 2 2 2 2 2 2 2 2 2 2 2 2 2 2 2 2 2 2 2 2 2 2 2 2
left_child=5 2 3 6 13 21 10 14 -7 11 -2 -6 -13 17 15 -8 20 25 -19 -11 -17 -1 -23 24 -10 26 28 -27 -3 -29
right_child=1 4 -4 -5 9 8 7 -9 23 19 -12 12 -14 -15 -16 16 -18 18 -20 -21 -22 22 -24 -25 -26 27 -28 29 -30 -31
leaf_value=-0.05081731765515865 -0.016729358400335948 -0.040747464035620705 0.037105315419397239 -0.022068446713290571 0.037950080663889864 -0.050084227715640577 -0.0062702614834774352 0.023057569898162773 -0.020742640876277488 0.01344959800414933 0.03046740166645804 0.023452224488755048 -0.050892915311816993 0.020872988124179648 0.021946735159749715 0.02344644364718395 -0.0039329362752184164 0.017350020951775322 0.0023999554822029317 -0.034733495112791543 -0.056549950114458625 0.015883750582354694 -0.042728489062865631 0.024236056600772674 0.29252335819614445 -0.074484571520296292 -0.041903353452438709 6.919614152165722e-05 0.022664238033633235 0.028854415909802662
leaf_weight=336.42381711304188 157.44580184378719 6.2409026799723533 64.783004063530825 195.15032860675274 148.71638441132382 31.45891397775631 280.51992270696792 75.149914130553952 63.484222318209504 47.714317428413779 13.305502071758381 338.32513265276793 4.6948929652571669 187.42101576155983 48.823816553354845 80.36645681092341 75.30509772010555 266.36677403189242 171.43686101958156 11.337170636630615 3.0254439746495327 9.3885934919999254 24.62510739712161 10.961532261710088 0.19554014795721641 2.9803067548200479 25.406268808757886 92.159327467670664 19.368741233833134 27.764212636044249
leaf_count=753451 27306 143 292 66562 522 55794 19888 665 46355 497 342 1425 20 857 2336 2083 3674 1447 1225 315 66 12062 71325 3514 34 61 457 984 143 205
internal_value=0 0.0087758 -0.00167933 -0.00438367 0.0164733 -0.043163 0.000318595 0.00437226 -0.0242183 0.0246688 -0.0130516 0.027127 0.0224347 0.0108247 0.00149504 -0.000778396 0.00892927 0.00774613 0.0114958 0.00419903 0.0205442 -0.0485891 -0.0265501 -0.0133166 -0.0197807 -0.00169285 -0.0172482 0.00476397 0.00721122 0.00673343
internal_weight=0 2343.81 993.875 929.092 1349.93 476.538 733.942 563.191 106.1 550.788 170.751 491.736 343.02 799.144 488.041 439.217 158.697 611.723 437.804 59.0515 83.3919 370.438 34.0137 74.6413 63.6798 173.92 51.0159 122.904 25.6096 119.924
internal_count=1074050 131515 123214 122922 8301 942535 56360 28712 105697 2779 27648 1967 1445 5522 28047 25711 5823 4665 2672 812 2149 836838 83387 49903 46389 1993 743 1250 286 1189
is_linear=0
shrinkage=0.05


Tree=59
num_leaves=31
num_cat=0
split_feature=0 0 0 66 42 211 211 72 181 170 156 72 167 208 172 209 204 126 208 34 113 193 34 194 138 173 208 34 137 174
split_gain=401.389 54.152 45.8907 31.4141 24.5611 24.2732 16.6187 14.9972 12.3737 12.0708 10.8736 10.7827 9.58792 8.60481 8.2509 7.84263 8.2006 7.7003 7.21762 10.1702 8.9273 10.3188 8.34929 7.08835 7.01886 6.96261 8.4319 7.14816 6.55784 7.9345
threshold=0.11665055024126079 0.86620967868038068 0.0088049481694041625 0.086694000000000007 8.5000000000000018 558015.50000000012 527062.50000000012 3.5000000000000004 0.64878050000000009 1.9376475000000002 1.2250000000000003 1.5000000000000002 5.5000000000000009 12.500000000000002 0.070201000000000013 2.5000000000000004 4.5000000000000009 0.077132500000000007 11.500000000000002 262710.50000000006 3.5000000000000004 0.023359500000000002 647.50000000000011 0.082578000000000013 0.056304500000000007 0.2738445000000001 8.5000000000000018 190955.50000000003 0.10580350000000001 4.5000000000000009
decision_type=2 2 2 2 2 2 2 2 2 2 2 2 2 2 2 2 2 2 2 2 2 2 2 2 2 2 2 2 2 2
left_child=2 3 25 5 9 15 -4 8 -7 10 -3 -6 -8 28 -11 16 -2 18 19 22 21 -20 -12 -16 -21 -1 27 -27 29 -10
right_child=1 4 6 -5 11 7 12 -9 13 14 17 -13 -14 -15 23 -17 -18 -19 20 24 -22 -23 -24 -25 -26 26 -28 -29 -30 -31
leaf_value=-0.050771931764656289 -0.015607832192852895 -0.0050422779412324648 -0.052779931146257376 0.039633254639615201 -0.010816597400196968 -0.009844792033995943 -0.02187246288806349 0.046389320654221147 0.0056451146383322695 -0.045393447175993799 -0.0045969128870746679 0.030965226296896055 0.0020545852651287408 -0.0091475924920468073 0.026563921756935966 -0.030842003176944785 0.023598655080341771 -0.029355417684431225 -0.047430802245460979 0.0043751363119952534 0.02007945326104019 0.0016953443215830578 0.032745028240008932 0.013621307775784125 0.038071920878390272 0.049953878093968035 -0.042393144391028009 -0.038729399277710935 -0.076513541668131096 0.02434557100719666
leaf_weight=320.36546035869469 87.761796038383181 129.48117660556454 31.495219988566532 47.230447602458298 16.340375324711204 187.73004144678998 119.23134846922767 18.659983772784472 285.47858485768666 4.9563378617167464 17.293304269202054 280.74238103127573 64.527334123824403 81.793362810887629 193.60855225846171 75.507024160044239 15.72749804468185 11.368210201151667 11.789620551280676 128.17628700030036 63.602375386049971 114.51997101528104 111.3782661810983 233.22507828450762 17.572196898981929 5.5115455211052886 24.39252779319213 3.8660752276227868 2.2371400995180002 70.787400974542834
leaf_count=745497 18090 1513 55808 177 157 13864 78022 72 8213 87 93 1061 19157 5120 867 28705 889 159 182 989 297 1151 576 1101 68 3200 78615 9526 31 763
internal_value=0 0.00965654 -0.037429 -2.57977e-05 0.015992 -0.00229436 -0.0192221 0.00221591 0.00090342 0.0123607 0.00780402 0.0286671 -0.0134704 0.00548616 0.0187472 -0.0185893 -0.00964954 0.0113007 0.012296 0.0174819 0.00480254 -0.00289004 0.0277263 0.019492 0.0084378 -0.0484957 -0.026902 0.0133928 0.00882488 0.00936076
internal_weight=0 2206.97 569.39 872.913 1334.05 825.683 215.254 646.687 628.027 1036.97 605.181 297.083 183.759 440.296 431.79 178.996 103.489 475.7 464.332 274.42 189.912 126.31 128.672 426.834 145.748 354.136 33.7701 9.37762 358.503 356.266
internal_count=1074050 84225 989825 75924 8301 75747 152987 28063 27991 7083 5028 1218 97179 14127 2055 47684 18979 3515 3356 1726 1630 1333 669 1968 1057 836838 91341 12726 9007 8976
is_linear=0
shrinkage=0.05


Tree=60
num_leaves=31
num_cat=0
split_feature=0 0 177 44 0 113 42 168 70 211 206 211 156 101 47 100 95 208 104 83 161 60 2 210 2 34 177 206 102 159
split_gain=380.291 69.7252 30.1966 26.2222 19.927 17.3178 16.2149 15.9792 14.6608 12.47 12.1856 11.4706 10.9323 10.2936 10.7168 9.86191 9.42416 9.27252 9.22598 9.02001 8.91429 9.49979 8.89442 8.68739 8.62947 8.46884 9.18236 8.81301 8.41404 8.0726
threshold=0.043984350660107828 0.53809039466125175 2.6333333333350004 1.0000000180025095e-35 0.0088049481694041625 1.5000000000000002 102.50000000000001 25.500000000000004 119.50000000000001 558401.50000000012 10.500000000000002 541495.50000000012 1.3666666666650003 0.065253500000000006 1214.5000000000002 1.5000000000000002 1.2008335000000001 11.500000000000002 0.58335850000000011 0.54217850000000012 0.10734850000000001 7.5000000000000009 408121.00000000006 1.5000000000000002 238.50000000000003 113174.00000000001 4.4166666666650007 7.5000000000000009 0.19278150000000002 1.3045682500000002
decision_type=2 2 2 2 2 2 2 2 2 2 2 2 2 2 2 2 2 2 2 2 2 2 2 2 2 2 2 2 2 2
left_child=4 5 8 7 -1 19 16 25 9 12 29 -6 -3 14 18 20 -7 -14 -9 -2 21 23 28 -11 -25 27 -27 -4 -16 -10
right_child=1 2 3 -5 11 6 -8 13 10 15 -12 -13 17 -15 22 -17 -18 -19 -20 -21 -22 -23 -24 24 -26 26 -28 -29 -30 -31
leaf_value=-0.048386522171406439 -0.046231544290657546 -0.034575264126597519 0.032434983500235826 0.049396974564436737 -0.049808283224623454 -0.014559375832227023 0.042292544441270112 0.012959460184630773 0.015858321826327973 -0.03054654584288943 -0.0062085187717335431 -0.012648139742803613 0.010471127851983498 0.033880807380377326 0.026990741766456584 -0.017983543342012111 0.0080558253668269447 -0.037807281308558593 -0.036216706682312909 -0.015324474663601859 0.038176028651794668 -0.033382636413476621 -0.015114294455234788 -0.030678475460031177 0.010797244566194653 -0.0075375329564407517 0.037790443338150952 0.0029009335286513775 -0.033255309221716434 0.043641820013874233
leaf_weight=338.33914685537275 26.56793554732576 46.063302936905529 43.199215090367943 60.469389785313979 28.993452327737032 96.323259881639387 21.337982488359557 442.4598393694032 135.7476194135088 14.963444887194781 53.394754080363782 73.190313434683048 40.52966058148013 99.892169729107991 290.97003621910699 47.148564404167701 88.290733872549026 13.179832662994157 9.7478158567100746 211.7793384634715 20.806448916671798 15.817896479507906 13.91208778019063 13.22559725679457 242.32038175821071 129.38475677295355 12.228783728554843 60.823278259544168 5.9132302068173876 32.380893166147871
leaf_count=836838 33212 4587 323 156 55794 15893 298 3210 2364 288 1655 49903 1388 368 1632 1157 5748 1277 73 50561 162 395 177 194 3484 1736 42 855 33 247
internal_value=0 0.00818781 0.0124708 0.0173341 -0.0425424 -0.00959353 0.0010259 0.015585 0.00405544 -0.00108933 0.0146007 -0.0231919 -0.0167035 0.0187879 0.016812 0.00330792 -0.00374377 -0.00137597 0.0118994 -0.0187696 0.0065764 0.00428016 0.0239598 0.00648247 0.0086507 0.00433365 -0.00362332 0.015166 0.0257908 0.0212093
internal_weight=0 2288.88 1844.58 1169 440.523 444.299 205.952 1108.53 675.578 454.055 221.523 102.184 99.7728 862.895 763.003 354.282 184.614 53.7095 452.208 238.347 307.134 286.327 310.795 270.509 255.546 245.636 141.614 104.022 296.883 168.129
internal_count=1074050 131515 25803 8605 942535 105712 21939 8449 17198 12932 4266 105697 7252 5493 5125 5680 21641 2665 3283 83773 4523 4361 1842 3966 3678 2956 1778 1178 1665 2611
is_linear=0
shrinkage=0.05


Tree=61
num_leaves=31
num_cat=0
split_feature=0 0 42 0 0 211 42 79 2 101 72 162 208 211 199 211 101 66 70 162 156 83 100 99 91 156 39 151 98 48
split_gain=361.524 68.2288 28.3851 21.4056 19.572 17.5074 14.7556 13.5231 11.668 11.2606 9.71812 9.71341 9.6782 9.58973 9.41826 7.94231 7.53743 9.15482 9.56682 7.72366 7.53007 9.12845 7.4042 7.19536 7.16398 7.10369 7.08801 7.02866 7.00483 6.95625
threshold=0.043984350660107828 0.60678019017954943 6.5000000000000009 0.94875966535953815 0.0088049481694041625 577414.50000000012 1.0000000180025095e-35 1.5000000000000002 152719.50000000003 0.030463500000000001 1.5000000000000002 0.047292666666650003 11.500000000000002 522295.50000000006 19.366666666650001 555355.50000000012 0.20893100000000003 0.15778400000000001 18.500000000000004 0.056781750000000006 1.2250000000000003 0.56806750000000006 1.0000000180025095e-35 0.038825500000000006 17.500000000000004 1.6333333333350002 2072.5000000000005 0.10463300000000002 8.9000000000000021 1.0000000180025095e-35
decision_type=2 2 2 2 2 2 2 2 2 2 2 2 2 2 2 2 2 2 2 2 2 2 2 2 2 2 2 2 2 2
left_child=4 5 3 7 -1 13 29 12 10 15 14 -10 27 -2 -4 -6 17 18 19 -13 21 -9 -12 -15 -5 -24 -22 -3 -20 -7
right_child=1 2 8 24 9 6 -8 20 11 -11 22 16 -14 23 -16 -17 -18 -19 28 -21 26 -23 25 -25 -26 -27 -28 -29 -30 -31
leaf_value=-0.048256590744664561 -0.04677610337972446 0.017565000569355945 -0.033562669757694723 0.005785973764315909 -0.048375628778052765 -0.01199280768135632 0.017512146871257701 -0.052002244975750782 -0.070001131401999928 0.010495201296299043 0.032548237695420305 0.056740918247015694 -0.0070059622838867207 -0.0024072863789014053 0.028509957603031606 -0.016803963387805942 -0.057291463961786852 0.056052204657029883 0.020378860445845359 -0.044874193069689268 0.001637242638710611 -0.0098030677471350903 -0.041341031228216682 -0.021037300542335477 0.017573312275738853 0.027860258571447499 -0.063624762608278915 -0.044198738630151488 -0.019990026424224594 0.019493205093117819
leaf_weight=324.90484825262865 25.430003517172736 186.74846024170984 12.021034495563073 170.73272032872774 36.98729095955423 138.80955769355933 87.956084117773571 14.783692582073853 3.5872210861853082 20.084255495174148 287.52561750647146 2.2345477280614423 59.768149785522837 80.585940861921699 12.429679939261403 43.170097291982529 3.6808256432414046 12.473868068307636 98.897730473428965 11.463266450708032 225.70824656980403 96.250662451726384 6.7867914075031868 145.23466939624268 526.13010590872727 8.1761292792216391 4.2386111197847631 4.7227149195969096 12.055885055480756 20.079583591286791
leaf_count=836838 35083 2087 393 1167 67781 15143 3306 2519 89 7838 1619 14 1561 13553 101 30078 9 27 456 159 5012 2588 251 41342 2246 99 809 43 223 1616
internal_value=0 0.0079622 0.0125849 0.00874574 -0.0422977 -0.00837561 0.00108165 0.00175659 0.0230847 -0.0229837 0.0283128 0.0112471 0.0105587 -0.017667 -0.00200765 -0.0313722 0.013317 0.0152124 0.0111255 -0.0282975 -0.00472894 -0.0154217 0.0307637 -0.014389 0.0146854 -0.00352765 0.000434268 0.0160416 0.0159925 -0.00801377
internal_weight=0 2258.51 1760.42 1289.08 425.146 498.096 246.845 592.221 471.333 100.242 326.939 144.393 251.239 251.251 24.4507 80.1574 140.806 137.125 124.651 13.6978 340.981 111.034 302.489 225.821 696.863 14.9629 229.947 191.471 110.954 158.889
internal_count=1074050 131515 21472 18032 942535 110043 20065 14619 3440 105697 2463 977 3691 89978 494 97859 888 879 852 173 10928 5107 1969 54895 3413 350 5821 2130 679 16759
is_linear=0
shrinkage=0.05


Tree=62
num_leaves=31
num_cat=0
split_feature=0 0 204 138 42 0 2 131 159 42 70 211 211 84 83 42 164 47 208 120 164 206 151 152 141 181 148 191 72 173
split_gain=341.721 65.1401 30.9498 22.6846 20.7807 18.9243 17.4366 22.0028 13.9549 12.4267 10.9122 10.4343 9.97124 8.5779 8.51455 8.16046 7.87427 7.84453 7.74893 8.27211 7.88571 7.3144 11.0034 10.0249 7.38066 7.4732 7.26174 7.20872 7.86663 7.13175
threshold=0.043984350660107828 0.7740980979447657 3.5000000000000004 0.053537000000000008 3.5000000000000004 0.0088049481694041625 2463.5000000000005 7.5000000000000009 0.18703762500000001 336.50000000000006 129.50000000000003 541495.50000000012 522893.50000000006 138.00000000000003 0.57701950000000013 902.50000000000011 10.708333333350001 18470.500000000004 8.5000000000000018 10.500000000000002 8.9000000000000021 8.5000000000000018 0.052667500000000013 0.021406500000000005 84.500000000000014 0.26202900000000001 5.5000000000000009 0.046477000000000011 1.0000000180025095e-35 0.2738445000000001
decision_type=2 2 2 2 2 2 2 2 2 2 2 2 2 2 2 2 2 2 2 2 2 2 2 2 2 2 2 2 2 2
left_child=5 2 9 6 13 29 7 -3 -8 12 15 -7 -2 -4 -9 17 -6 21 19 -12 -21 24 23 -23 25 -10 27 -16 -29 -1
right_child=1 3 4 -5 16 11 8 14 10 -11 18 -13 -14 -15 26 -17 -18 -19 -20 20 -22 22 -24 -25 -26 -27 -28 28 -30 -31
leaf_value=-0.050552743327981466 -0.046161687564025264 0.031348861026508044 -0.0064031213928356888 0.030874888823392888 0.032062825270482341 -0.049514720917363038 -0.00815365790224876 -0.012221430316247072 0.069967251193170862 0.01786525391281368 0.050781960075201409 -0.012840048146768403 -0.01447022292149381 0.020474165745055412 0.036724915665725402 0.040550458344248252 0.0025174308787311518 -0.052297119525990421 0.010687568284170397 -0.04405374633918159 0.026235811556894192 -0.0069220508137322855 -0.013502732227491153 0.016974531850885013 -0.027320516586019219 0.011834994110570709 0.037529269873397844 -0.05096113680965153 0.0058657701177130582 -0.024915407783918313
leaf_weight=280.82501883827354 26.841250276544088 209.53377447382081 194.71114480801043 169.10719937062822 81.629048725117173 26.675868028811237 119.01786827950855 42.845337264705449 5.6080054417252532 27.776682565825467 37.223808065056801 71.049856827470649 329.62605961122244 35.026015305440524 17.334053287282586 18.343413879629225 31.159573645345517 5.5774155902327029 65.542533555941191 4.6254092665039925 29.057642489904538 70.933195750461891 89.125894815893844 115.10869900323451 11.891168430040123 390.28571175958496 25.308687478303909 6.6379146378021678 73.787074807973113 30.026727344038591
leaf_count=745497 34644 925 18908 742 1356 55794 1856 975 29 3262 126 49903 57636 1270 96 66 1833 458 457 28 162 998 798 801 366 2776 122 84 741 91341
internal_value=0 0.00769038 -0.00460461 0.0136202 0.00632381 -0.0420428 0.0114391 0.0205781 0.00787361 -0.0143465 0.0101355 -0.022851 -0.0168565 -0.00230538 0.00697546 0.00763666 0.0239005 0.00675979 0.0230809 0.0345366 0.0165835 0.00724209 0.000942952 0.00786335 0.0114927 0.0126585 0.0136587 0.00747894 0.00117553 -0.0480763
internal_weight=0 2233.66 726.77 1506.89 342.526 408.577 1337.79 375.447 962.341 384.244 843.323 97.7257 356.467 229.737 165.913 706.874 112.789 688.53 136.449 70.9069 33.6831 682.953 275.168 186.042 407.785 395.894 123.068 97.759 80.425 310.852
internal_count=1074050 131515 118909 12606 23367 942535 11864 2943 8921 95542 7065 105697 92280 20178 2018 6292 3189 6226 773 316 190 5768 2597 1799 3171 2805 1043 921 825 836838
is_linear=0
shrinkage=0.05


Tree=63
num_leaves=31
num_cat=0
split_feature=0 0 211 42 42 0 167 77 206 58 72 91 2 138 162 204 164 83 211 208 115 211 211 2 66 208 113 169 91 34
split_gain=323.89 63.1278 41.4212 34.2464 21.1911 18.3479 18.113 13.8425 12.2617 10.1939 9.82916 9.79307 9.27863 8.24931 8.29465 7.57196 7.55598 8.87613 8.19071 7.35926 7.29164 6.99782 6.91905 6.58966 6.58542 6.56594 6.55599 6.48728 6.22247 6.19467
threshold=0.043984350660107828 0.94875966535953815 573353.50000000012 1.5000000000000002 3.5000000000000004 0.0088049481694041625 2.5000000000000004 8.5000000000000018 6.5000000000000009 0.019906500000000004 3.5000000000000004 29.500000000000004 126565.50000000001 0.032046500000000006 0.11500650000000001 5.5000000000000009 10.083333333350001 0.63544900000000004 632219.00000000012 16.500000000000004 0.091351000000000016 555355.50000000012 590396.00000000012 8714.0000000000018 0.096819500000000017 19.500000000000004 3.5000000000000004 5.5000000000000009 51.500000000000007 146963.00000000003
decision_type=2 2 2 2 2 2 2 2 2 2 2 2 2 2 2 2 2 2 2 2 2 2 2 2 2 2 2 2 2 2
left_child=5 2 6 11 25 22 15 12 16 21 27 -4 19 14 23 -2 -5 -18 -19 26 -15 -7 -1 -13 28 29 -8 -10 -6 -3
right_child=1 4 3 8 24 9 7 -9 10 -11 -12 13 -14 20 -16 -17 17 18 -20 -21 -22 -23 -24 -25 -26 -27 -28 -29 -30 -31
leaf_value=-0.050015495359165378 -0.030564216351161012 0.018873321159171893 -0.007058790709550249 0.040048920437650522 0.021423961327377439 -0.04800055388916083 0.0041801323879068304 -0.029525303480592825 -0.014869616655856212 0.0090187616124168899 0.044609670079157532 0.01244894388089981 -0.012573645703815412 -0.012109149891468746 0.016053616054113203 0.012971233574094626 0.025210425988022478 -0.086528319918898755 0.008844353217536299 -0.032924951711206664 0.035946109301545924 -0.017396695924148699 -0.019796430613150895 -0.014307612231514678 0.057577762812236269 -0.010388303198583361 0.031638695176335968 0.011665221758398826 0.040011455107533629 0.008810045989154568
leaf_weight=277.07715938658657 119.77382210634278 359.60494733380619 288.17492205386225 84.961140911618713 114.22258831735235 33.939930972966977 154.78182768804254 50.00746365669329 27.081328046362614 19.964261198409076 20.030947022140026 32.65655036244425 111.94738984412834 10.062845474749336 65.447382828220725 10.896233531191681 51.492115823464701 3.6200359910726529 5.953524031676352 11.676400169977567 36.62054358801106 41.540990670910105 20.331882469808988 77.911687970248749 22.13848976418376 27.455494229448959 25.289973744365852 154.12504197124508 74.323678001295775 266.07690571143758
leaf_count=772194 58008 1680 19830 543 526 67338 11818 10464 982 8320 61 747 11546 384 1286 1543 676 29 33 3455 502 30039 64644 3254 48 277 439 1840 228 1316
internal_value=0 0.00744783 0.000663643 0.00726197 0.0179915 -0.0418283 -0.0110263 -0.00514942 0.019377 -0.022754 0.0113736 -0.000973188 -0.00113562 0.00690165 0.00194572 -0.0269339 0.0304065 0.0169908 -0.0272188 0.00554219 0.0255876 -0.0311577 -0.0479496 -0.00640501 0.0317801 0.0135437 0.00803652 0.00769958 0.028751 0.0145938
internal_weight=0 2206.33 1342.51 858.138 863.822 392.854 484.373 353.703 347.264 95.4452 201.237 510.874 303.696 222.699 176.016 130.67 146.027 61.0657 9.57356 191.748 46.6834 75.4809 297.409 110.568 210.685 653.137 180.072 181.206 188.546 625.682
internal_count=1074050 131515 127440 30167 4075 942535 97273 37722 4164 105697 2883 26003 27258 6173 5287 59551 1281 738 62 15712 886 97377 836838 4001 802 3273 12257 2822 754 2996
is_linear=0
shrinkage=0.05


Tree=64
num_leaves=31
num_cat=0
split_feature=0 0 42 42 211 211 82 115 0 206 117 204 70 208 42 126 0 62 2 70 152 91 193 138 152 211 172 62 70 79
split_gain=306.519 59.4426 24.128 23.8244 17.9579 14.3159 13.7147 13.2723 12.9026 11.4661 11.062 9.44646 9.16922 8.94174 8.89304 9.55422 8.82199 7.92178 7.75609 7.75442 7.58903 7.0927 8.01949 6.98766 6.68674 7.05522 8.41552 6.86877 6.45155 6.04417
threshold=0.043984350660107828 0.68981449621504665 38.500000000000007 1.0000000180025095e-35 576328.50000000012 576328.50000000012 575.50000000000011 0.091351000000000016 0.94875966535953815 4.5000000000000009 0.055486500000000001 2.5000000000000004 106.50000000000001 10.500000000000002 412.50000000000006 0.10371350000000001 0.0019437620776660012 1.5000000000000002 625678.00000000012 98.500000000000014 0.092087500000000003 35.500000000000007 0.058258000000000004 0.043744500000000013 0.073812000000000016 531696.50000000012 0.089849500000000013 4.5000000000000009 27.500000000000004 7.5000000000000009
decision_type=2 2 2 2 2 2 2 2 2 2 2 2 2 2 2 2 2 2 2 2 2 2 2 2 2 2 2 2 2 2
left_child=4 2 6 8 -1 10 28 -4 12 -7 11 24 19 20 15 29 -6 -16 -13 23 -8 22 -19 -3 25 -5 -27 -28 -2 -11
right_child=1 3 7 5 16 9 13 -9 -10 14 -12 18 -14 -15 17 -17 -18 21 -20 -21 -22 -23 -24 -25 -26 26 27 -29 -30 -31
leaf_value=-0.046740282060044998 -0.046443014410620931 -0.0057944725179980795 0.00063071096562241117 -0.046890953868459935 -0.042963997083314359 0.038676795439850802 -0.0051575039260853906 0.040951043697675715 0.011909637640581604 0.01911646131156625 -0.036199709462098072 0.024527526238010397 0.011186184763612203 -0.016097693018005087 0.055914222705827188 -0.063244868719257524 -0.0056036195946451359 0.03223096661514023 -0.025108980968131224 -0.0336853101144639 0.015521818109639984 0.046231245572786822 -0.030028648776289985 0.021742888327506284 -0.0735241107482731 0.026170390642529823 -0.026025222397983657 0.015601310107980418 -0.018978832523341402 -0.010670099214404686
leaf_weight=308.42111175774517 27.482480714628764 210.05147400527494 46.017827990041042 6.9437164315531836 24.25169583502975 105.51382684777491 178.82173112701275 36.676301282132044 545.03208628518041 274.57274211314507 13.052642306254709 103.53778939298354 122.33524129816215 136.07724475195209 29.339452784508467 3.7316104411147526 45.345371876805075 10.567912537604572 8.5175425417837669 22.198186536465073 59.005985968164168 15.817322026938198 10.130088627338408 25.874858085531741 3.1142374612390986 29.72574689576868 23.945333112787921 16.907541985856369 96.347999917034031 18.157054143142886
leaf_count=798769 15643 5439 9434 1328 101794 381 19399 271 2740 1456 210 796 1813 28792 77 18 41972 38 123 835 2050 43 34 293 29 391 400 228 39017 237
internal_value=0 0.00720889 -0.00649675 0.0121838 -0.0415634 0.0193376 -0.010652 0.0185135 0.00697716 0.0241716 0.00834588 0.0113633 -8.89228e-05 -0.00587562 0.0199475 0.0162555 -0.0186222 0.0365679 0.0207546 -0.00543263 -2.68833e-05 0.0210234 0.00175965 -0.00277435 -0.00168704 0.0011988 0.00593001 -0.00879749 -0.0250741 0.0172689
internal_weight=0 2179.5 580.43 1599.07 378.018 673.575 497.735 82.6941 925.492 467.83 205.745 192.692 380.46 373.905 362.316 296.461 69.5971 65.8548 112.055 258.125 237.828 36.5153 20.698 235.926 80.6366 77.5223 70.5786 40.8529 123.83 292.73
internal_count=1074050 131515 114606 16909 942535 5789 104901 9705 11120 2284 3505 3295 8380 50241 1903 1711 143766 192 919 6567 21449 115 72 5732 2376 2347 1019 628 54660 1693
is_linear=0
shrinkage=0.05


Tree=65
num_leaves=31
num_cat=0
split_feature=0 0 204 42 211 211 2 91 208 210 66 2 42 2 156 60 128 116 168 2 86 173 208 164 53 70 59 151 47 209
split_gain=291.836 70.205 33.2564 29.118 19.6109 16.7351 11.3245 10.9183 10.551 9.61066 9.13915 9.10068 8.53292 8.16506 8.02255 7.89441 7.66434 8.03019 7.53669 7.40856 7.3409 7.17257 7.88426 7.15401 7.09484 6.79699 6.60471 7.34464 6.29182 6.12165
threshold=0.37969951586789719 0.0088049481694041625 2.5000000000000004 5.5000000000000009 533313.50000000012 558015.50000000012 8.9884656743000007e+307 18.500000000000004 10.500000000000002 16.500000000000004 0.062324500000000012 532860.00000000012 1.0000000180025095e-35 25349.500000000004 1.2916666666650001 12.500000000000002 0.10761850000000002 0.05559900000000001 13.500000000000002 72.500000000000014 0.086694000000000007 0.2738445000000001 8.5000000000000018 10.083333333350001 1.0000000180025095e-35 40.500000000000007 2.5000000000000004 0.062989000000000003 104.50000000000001 5.5000000000000009
decision_type=2 2 2 2 2 2 2 2 2 2 2 2 2 2 2 2 2 2 2 2 2 2 2 2 2 2 2 2 2 2
left_child=1 21 5 7 -3 14 9 15 11 26 13 12 -6 19 25 29 17 24 -10 -9 28 -1 -23 -14 -11 -2 -5 -28 -7 -4
right_child=2 4 3 6 8 20 -8 10 18 16 -12 -13 23 -15 -16 -17 -18 -19 -20 -21 -22 22 -24 -25 -26 -27 27 -29 -30 -31
leaf_value=-0.050365267763619104 -0.057831168729670958 -0.043343454367484699 0.0041851581715289686 0.035765475913200652 -0.0063321861163043698 0.029412639385837831 -0.0013588928398023024 -0.017424407488958623 -0.045718991497240263 -0.029054078355193465 0.058092334333299911 -0.019528116810865147 0.037616116147157583 0.0060355529686943405 -0.0048241764430459709 -0.048924524688636901 -0.063942368535941901 0.050325693762854617 -0.015743590911338541 0.017993485303885309 0.05398162578141015 0.01734697679220102 -0.040950862878114148 0.002183950747216429 0.021114690977561884 -0.019474596945735091 0.024678130939716325 -0.023843460750996723 0.0020426892627762937 -0.030821880312352924
leaf_weight=246.21475924772858 15.264840923671725 52.309329817873731 221.43809687126486 239.17887090414297 98.731839606829453 22.532213790924288 34.042306632531108 15.327535078278741 26.625796568014266 12.455065594520422 10.965585740748791 66.112624531066103 25.55568413011315 315.52601728266745 78.489543438052351 7.7985430541448286 3.5218638591468325 10.563095548190175 98.712335139458446 402.17902781494195 7.4845888894051305 8.2745292364779761 19.38975625238163 32.190903926380997 16.23058283291175 47.458417369904055 50.255139264583704 9.2316856835968775 308.28556811017916 13.234508119057862
leaf_count=745497 4574 88089 4803 1014 22594 371 302 153 22765 108 44 19635 2277 4430 6057 364 15 42 38006 3546 22 12726 78615 5612 121 5073 695 78 5971 451
internal_value=0 -0.0281471 0.010304 0.014291 -0.0147994 -0.00102014 0.0261411 0.00978056 -0.010508 0.0288829 0.0127835 -0.00397426 0.00259729 0.0121057 -0.0154778 0.000566257 0.00671564 0.0130559 -0.0221113 0.0166932 0.00501473 -0.047653 -0.0235137 0.0178644 -0.000668164 -0.0288094 0.0320574 0.0171481 0.00390687 0.00221091
internal_weight=0 674.118 1841.46 1361.95 400.239 479.515 375.479 986.469 347.929 341.436 743.998 222.591 156.478 733.033 141.213 242.471 42.7706 39.2487 125.338 417.507 338.302 273.879 27.6643 57.7466 28.6856 62.7233 298.666 59.4868 330.818 234.673
internal_count=1074050 1035816 38234 16166 198978 22068 2375 13791 110889 2073 8173 50118 30483 8129 15704 5618 286 271 60771 3699 6364 836838 91341 7889 229 9647 1787 773 6342 5254
is_linear=0
shrinkage=0.05


Tree=66
num_leaves=31
num_cat=0
split_feature=0 0 115 42 0 42 211 211 66 2 208 206 208 98 204 34 82 204 42 131 70 104 2 118 203 82 208 159 98 170
split_gain=275.803 58.9774 31.8943 23.4253 17.3339 15.5068 15.1301 14.9624 11.4138 10.4862 11.8119 9.77433 9.31199 9.04077 8.29325 8.28746 10.5681 8.15462 8.08413 7.86686 7.78435 8.2785 7.92969 7.81015 7.39699 7.29813 7.27538 7.00837 7.62618 6.96152
threshold=0.043984350660107828 0.86620967868038068 0.091351000000000016 2.5000000000000004 0.0019437620776660012 124.50000000000001 521990.50000000006 541495.50000000012 0.086694000000000007 593143.50000000012 15.500000000000002 7.5000000000000009 9.5000000000000018 7.083333333335001 4.5000000000000009 68784.500000000015 681.50000000000011 6.5000000000000009 9120.5000000000018 17.500000000000004 42.500000000000007 0.26961350000000006 1741219.0000000002 0.12689600000000004 60.500000000000007 606.50000000000011 19.500000000000004 0.96289400000000003 3.7750000000000004 0.92586500000000005
decision_type=2 2 2 2 2 2 2 2 2 2 2 2 2 2 2 2 2 2 2 2 2 2 2 2 2 2 2 2 2 2
left_child=4 2 6 15 -1 11 -2 -6 9 10 14 29 -9 17 -8 16 26 -5 19 -15 21 23 27 25 -13 -17 -3 -22 -29 -4
right_child=1 3 5 13 7 -7 8 12 -10 -11 -12 24 -14 18 -16 20 -18 -19 -20 -21 22 -23 -24 -25 -26 -27 -28 28 -30 -31
leaf_value=-0.049797567623630641 -0.04590283606251274 0.017688728337084774 -0.01016803980757772 0.019565949819886616 -0.049748728187532669 0.033715243977435215 -0.0070072124018009472 0.0021429834729362988 0.041094186299033469 -0.021095450993332574 -0.028238918225685136 -0.0082663549351328393 -0.03051673111376689 -0.050707704864826786 0.0098235033259660969 0.0087657082926751399 -0.040161285235663619 0.036143948587971035 0.052250542131851208 0.0067211365480936165 -0.0017413590742222222 0.043613946772446732 -0.025399405403173644 0.026208960335052146 0.023519846270993013 -0.021045163894967127 -0.011074634362872563 0.003298777576932053 0.0438561819661447 0.020572767348059462
leaf_weight=216.83894049499577 27.99988581503203 371.54014273826033 22.474969119240995 141.39433620334603 46.798322916170946 54.84299971035216 239.37415170658642 42.28167716979442 11.488580645236651 138.75646202884673 48.397518619894981 131.68320448957093 45.110552727466711 7.0461898680077857 105.42680702386133 99.506377188896295 8.5621659345924837 156.04200256196782 8.0399767607450467 38.799246256123297 195.41215877933428 19.445024402579293 28.501492528244853 48.699117857031524 21.257416049775202 25.867793399724178 23.367137100314721 28.959384073503315 19.325323051540181 101.9952506624104
leaf_count=697189 37452 2330 1814 689 127081 257 31284 38864 64 20794 14627 8838 79401 112 5205 918 46 554 28 452 1745 82 296 252 522 199 339 156 103 2357
internal_value=0 0.00678476 -0.00289742 0.0139537 -0.041057 0.00942133 -0.0100599 -0.0269332 -0.00821317 -0.00927806 -0.0051078 0.00461853 -0.0147155 0.0248492 -0.00186103 0.00954981 0.0147952 0.0282632 0.00600482 -0.00210536 0.00500549 0.0126721 -0.000445037 0.00921569 -0.00384835 0.00261499 0.0159868 0.00247349 0.0195313 0.0150221
internal_weight=0 2124.21 903.697 1220.51 351.029 332.254 571.443 134.191 543.444 531.955 393.198 277.411 87.3922 351.322 344.801 869.186 403.469 297.436 53.8854 45.8454 465.717 193.518 272.198 174.073 152.941 125.374 394.907 243.697 48.2847 124.47
internal_count=1074050 131515 123214 8301 942535 13788 109426 245346 71974 71910 51116 13531 118265 1835 36489 6466 2715 1243 592 564 3751 1451 2300 1369 9360 1117 2669 2004 259 4171
is_linear=0
shrinkage=0.05


Tree=67
num_leaves=31
num_cat=0
split_feature=0 0 42 95 0 211 138 98 177 70 199 211 177 208 101 42 206 42 98 118 211 82 158 162 156 113 66 47 104 82
split_gain=260.725 54.9789 27.1149 20.902 17.0149 14.2716 13.5533 12.0424 11.915 11.0475 13.9845 9.87859 8.85303 8.53913 8.21459 7.90962 8.429 7.30732 7.23525 7.6637 7.201 7.11234 7.83463 7.03962 6.94793 6.91816 6.82406 7.59364 8.80799 7.4062
threshold=0.043984350660107828 0.60678019017954943 172.50000000000003 0.75316150000000015 0.0019437620776660012 541495.50000000012 0.029091500000000003 2.0833333333350006 2.6333333333350004 118.50000000000001 7.7750000000000012 522295.50000000006 3.2250000000000005 9.5000000000000018 0.098647000000000012 2.5000000000000004 6.5000000000000009 44.500000000000007 20.100000000000005 0.064963500000000021 607150.50000000012 588.50000000000011 1.7750000000000001 0.056781750000000006 1.6333333333350002 4.5000000000000009 0.059568000000000003 1214.5000000000002 0.31096600000000002 681.50000000000011
decision_type=2 2 2 2 2 2 2 2 2 2 2 2 2 2 2 2 2 2 2 2 2 2 2 2 2 2 2 2 2 2
left_child=4 6 3 7 -1 -6 11 -3 9 10 -5 -2 -4 -7 24 26 -17 -8 19 21 -13 22 -12 -23 -9 -11 27 28 -10 -29
right_child=1 2 12 8 5 13 17 14 15 25 18 20 -14 -15 -16 16 -18 -19 -20 -21 -22 23 -24 -25 -26 -27 -28 29 -30 -31
leaf_value=-0.049652271312246588 -0.045922578395243815 0.018896850492379155 0.021065616142263436 0.026854429696529559 -0.049753967507768421 0.0015833303855177256 -0.00023436633494799028 -0.013172662379749279 0.011109489863303349 0.018206284828302274 -0.052968980366082045 -0.014247469391862652 0.045131171124525887 -0.030107289388430603 0.039453428895398046 0.038934155721146092 0.016252420746562753 0.031251774307005577 -0.040556745539482367 -0.018457853389848494 0.0045631465766493374 -0.065222057473214176 0.0022762897371648425 0.024717972178184736 0.00091866615175296745 -0.05608804963579786 0.055592192285463415 0.021269804725069338 -0.011650990116994048 -0.038632462657819194
leaf_weight=208.3187226815935 21.388666832524905 67.203461246390361 99.780089446707279 31.773314416932408 43.70796040400819 41.622621275826532 66.228724706117646 159.32317860150943 296.59702961205039 114.87857501735562 8.5665341523563239 287.37631288093689 61.937434332445264 43.442336864740355 10.49430203065276 68.758347747847438 101.3151997863315 25.530787712508754 16.786711023072712 64.037988699506968 61.822799900095561 2.3093843123642719 25.58212473031017 37.561376505531371 193.98327404611337 3.2212871611118308 9.3114511389285308 210.35172370768851 49.617193960119039 5.2897529304027548
leaf_count=697189 35061 708 701 441 127081 38864 6423 6066 2239 1255 246 63592 187 79401 79 233 544 380 1397 772 4587 32 539 414 3767 19 41 1376 375 41
internal_value=0 0.00654926 0.0108455 0.00871727 -0.0408203 -0.0265325 -0.00867776 -0.000548799 0.0125355 0.00421231 -0.00336128 -0.0129376 0.0302827 -0.0146009 -0.00414092 0.0159571 0.0254223 0.00852621 -0.00956141 -0.00579262 -0.0109172 0.00516473 -0.0115825 0.0195085 -0.0054358 0.0161798 0.0131387 0.0124351 0.0078476 0.0198004
internal_weight=0 2101.03 1638.68 1476.96 337.092 128.773 462.347 431.004 1045.96 304.717 186.617 370.588 161.718 85.065 363.801 741.241 170.074 91.7595 154.844 138.057 349.199 74.0194 34.1487 39.8708 353.306 118.1 571.167 561.856 346.214 215.641
internal_count=1074050 131515 21472 20584 942535 245346 110043 10620 9964 5115 3841 103240 888 118265 9912 4849 777 6803 3400 2003 68179 1231 785 446 9833 1274 4072 4031 2614 1417
is_linear=0
shrinkage=0.05


Tree=68
num_leaves=31
num_cat=0
split_feature=0 0 0 211 42 42 70 98 72 70 206 169 39 156 204 82 208 208 156 211 173 208 209 47 2 176 2 204 97 83
split_gain=247.162 42.4306 35.1911 29.7455 26.67 20.3581 13.2229 12.991 11.3926 11.3466 8.87508 9.24765 8.74775 10.7059 8.66079 8.39346 7.33233 7.25399 7.218 6.87816 6.86868 6.59815 6.50804 6.24544 6.14004 5.9638 6.3 5.93058 5.92104 6.18013
threshold=0.11665055024126079 0.94875966535953815 0.0088049481694041625 558015.50000000012 1.0000000180025095e-35 3.5000000000000004 104.50000000000001 17.100000000000005 3.5000000000000004 99.500000000000014 6.5000000000000009 5.5000000000000009 1915.5000000000002 1.3666666666650003 3.5000000000000004 650.50000000000011 18.500000000000004 10.500000000000002 1.7083333333350004 626385.50000000012 0.2738445000000001 8.5000000000000018 2.5000000000000004 1373.5000000000002 308749.50000000006 1.5000000000000002 1694852.0000000002 17.500000000000004 1.5000000000000002 0.57387650000000012
decision_type=2 2 2 2 2 2 2 2 2 2 2 2 2 2 2 2 2 2 2 2 2 2 2 2 2 2 2 2 2 2
left_child=2 3 20 12 6 -3 9 18 10 28 25 15 13 14 -2 -12 -8 24 22 -11 -1 -22 23 -4 -15 26 -6 -7 29 -5
right_child=1 5 7 4 8 27 16 -9 -10 19 11 -13 -14 17 -16 -17 -18 -19 -20 -21 21 -23 -24 -25 -26 -27 -28 -29 -30 -31
leaf_value=-0.050155131864047992 -0.031498716419806352 0.011803115991195927 -0.021951164283387795 -0.036779929455238176 0.015987454533432019 0.025226481964893278 0.011232762840913593 -0.037736445511386746 0.042447572208061106 -0.048623529794884025 -0.022966046276091182 0.01015067104666092 -0.053613057728961272 0.018273973008692847 0.0090686521386235796 0.05096048409616373 -0.043083270904217354 -0.020168001911554705 0.0051743613265063486 0.020214733918677674 0.015782582307633467 -0.039807766708459189 -0.039972203064365303 0.015536456789860379 -0.017112200330638018 0.030976226971738546 -0.031239820017596755 0.045286134087891575 0.052819294089854765 -0.0046781092716915908
leaf_weight=215.18739358446692 80.599208963927595 622.42646954208612 30.979011642455589 15.767224197930771 84.752785456425045 140.9569501063088 156.66888595352066 57.987409703153389 32.68012033321429 24.297373825247636 38.273227483034134 197.50354664167389 14.328523371003028 45.68212562987901 15.723180973574925 4.2676827146206042 6.4699427816376547 33.12761050980771 51.825418426411488 4.2657930018031029 7.7796262817209962 17.006298013609921 24.90658436171725 17.323096296477161 16.754816078482691 75.742378209659364 7.7032969350257181 49.886215306818485 4.2985025609377763 305.19064929637534
leaf_count=745497 23923 3273 16816 1967 1267 657 4530 88132 130 2290 1897 2727 12196 2682 1331 47 628 6375 18200 154 12726 78615 23817 6022 2268 547 354 145 30 14807
internal_value=0 0.00742072 -0.0346895 0.00129878 0.00500722 0.0161835 -0.0026979 -0.0181756 0.0140411 -0.00812782 0.0117671 0.00559601 -0.0159271 -0.013113 -0.0248767 -0.0155498 0.00907864 -0.00125607 -0.00910386 -0.0383428 -0.0472842 -0.0223595 -0.0192116 -0.00850658 0.00877817 0.0205742 0.0120526 0.0304701 -0.00547442 -0.00625513
internal_weight=0 1977.37 422.995 1164.1 957.881 813.27 516.958 183.022 440.923 353.82 408.243 240.044 206.215 191.887 96.3224 42.5409 163.139 95.5646 125.034 28.5632 239.973 24.7859 73.2087 48.3021 62.4369 168.198 92.4561 190.843 325.256 320.958
internal_count=1074050 84225 989825 80150 31375 4075 24406 152987 6969 19248 6839 4671 48775 36579 25254 1944 5158 11325 64855 2444 836838 91341 46655 22838 4950 2168 1621 802 16804 16774
is_linear=0
shrinkage=0.05


Tree=69
num_leaves=31
num_cat=0
split_feature=0 0 164 81 42 211 207 82 170 0 208 157 204 196 70 137 96 95 129 47 47 209 2 150 42 47 0 160 2 129
split_gain=233.024 52.2528 27.5518 20.8599 20.466 17.0133 16.2543 12.5612 9.48893 9.01649 8.33056 8.18353 7.91705 7.88745 11.1634 7.43969 7.27293 7.23337 7.5849 7.54923 7.69568 8.52528 7.16814 6.99855 6.84299 6.77849 6.76164 6.61705 6.5283 7.6893
threshold=0.043984350660107828 0.86620967868038068 10.63333333335 0.018857000000000002 1.0000000180025095e-35 579266.50000000012 6.5000000000000009 577.50000000000011 1.0807560000000003 0.33581906297173442 11.500000000000002 5.708333333335001 21.500000000000004 11.500000000000002 10.500000000000002 0.065255000000000021 0.03500000000000001 0.84649150000000006 7.5000000000000009 794.50000000000011 1194.5000000000002 1.5000000000000002 33241.500000000007 0.033445000000000009 11.500000000000002 74.500000000000014 0.0088049481694041625 0.028406250000000004 728670.50000000012 3.5000000000000004
decision_type=2 2 2 2 2 2 2 2 2 2 2 2 2 2 2 2 2 2 2 2 2 2 2 2 2 2 2 2 2 2
left_child=5 2 3 8 11 26 -4 16 10 -9 22 25 15 -13 -15 28 -8 18 27 -19 21 -21 -2 -23 -7 -3 -1 -16 -6 -30
right_child=1 4 6 -5 12 24 7 9 -10 -11 -12 13 -14 14 17 -17 -18 19 -20 20 -22 23 -24 -25 -26 -27 -28 -29 29 -31
leaf_value=-0.049677964489272412 0.021019912848624003 0.031494349766277838 -0.044626694801996596 0.036836334794381476 0.018901530806221391 -0.01858870850286282 -0.016251740023679941 -0.01574576041078472 0.0093030174010452528 0.0027654883617529514 -0.033595983398601377 0.013280158319732772 0.036633132244160586 -0.046800892078509251 -0.016941914095307736 0.041250636887655068 -0.053523208721282627 0.037167712762031485 -0.049176128351087318 -0.065564519974121077 0.014981578587157603 -0.02577739842299356 -0.010976954484690186 0.048913147152653658 0.071484122998765873 -0.0076185032629885593 -0.029650734201451902 0.03978481150460348 0.0061869823154889992 -0.057357518245212846
leaf_weight=204.91922936823175 24.986658182227984 12.262993972282855 32.692632737253007 52.064612727437634 315.14999207959045 53.196198348405233 148.06749267682972 91.943289946990262 190.54220636249556 231.1871194602063 26.45257041289733 457.91244448092766 70.171683624386787 11.872332739643751 16.528622247977186 32.673546597361565 14.357885481460469 21.838806994725019 11.171704197884536 7.2702933559194234 44.228400074411184 8.561055123805998 58.447989466107174 4.9495201148092738 2.1956515262099847 114.56725105427904 53.057737168213862 7.4614676423370829 40.507234846591018 5.3947315504774442
leaf_count=727993 2745 97 18233 227 2139 124226 40669 17597 9756 7197 10341 2778 246 204 200 111 8181 124 165 48 268 69 8268 25 731 1503 89585 41 235 48
internal_value=0 0.0061293 -0.00316597 0.00761835 0.0129738 -0.0401606 -0.0105011 -0.0082034 0.00255486 -0.00250169 -0.00914632 0.00768884 0.0211608 0.0101589 -0.000516417 0.0184032 -0.0195464 0.00398736 -0.0151458 0.0117337 0.00318959 -0.0219076 -0.00139467 0.00158505 -0.0150184 -0.00383675 -0.045559 0.000701397 0.0163356 -0.00128123
internal_weight=0 2053.26 870.742 352.494 1182.52 313.369 518.248 485.556 300.429 323.13 109.887 718.625 463.897 591.795 133.882 393.726 162.425 122.01 35.1618 86.8481 65.0093 20.7809 83.4346 13.5106 55.3918 126.83 257.977 23.9901 361.052 45.902
internal_count=1074050 131515 123214 31337 8301 942535 91877 73644 31110 24794 21354 5522 2779 3922 1144 2533 48850 940 406 534 410 142 11013 94 124957 1600 817578 241 2422 283
is_linear=0
shrinkage=0.05


Tree=70
num_leaves=31
num_cat=0
split_feature=0 0 204 42 44 0 211 42 141 2 43 206 204 208 211 131 72 208 112 170 125 87 208 47 154 114 109 158 211 203
split_gain=222.097 50.1266 27.007 18.2558 17.9118 15.9826 13.3195 12.3121 12.1244 9.59248 8.4185 8.25972 8.05112 7.80148 7.57245 7.52662 7.18777 7.14748 6.92795 6.52478 6.39142 6.3736 6.29761 13.0885 6.15566 6.09453 5.9079 5.6836 5.67667 7.18485
threshold=0.043984350660107828 0.86620967868038068 2.5000000000000004 31.500000000000004 1.0000000180025095e-35 0.0019437620776660012 541495.50000000012 1.0000000180025095e-35 37.500000000000007 23453.500000000004 7.5000000000000009 10.500000000000002 16.500000000000004 10.500000000000002 540796.00000000012 31.500000000000004 3.5000000000000004 8.5000000000000018 1.5000000000000002 0.79307250000000018 0.10036250000000001 2.5000000000000004 13.500000000000002 923.50000000000011 2.5000000000000004 3.5000000000000004 2.5000000000000004 2.3666666666650005 576328.50000000012 134.50000000000003
decision_type=2 2 2 2 2 2 2 2 2 2 2 2 2 2 2 2 2 2 2 2 2 2 2 2 2 2 2 2 2 2
left_child=5 2 8 11 7 -1 -7 9 10 14 17 19 28 -8 -3 -11 21 20 -12 -4 -2 -5 25 24 -24 -16 -21 -23 29 -9
right_child=1 4 3 16 -6 6 13 12 -10 15 18 -13 -14 -15 22 -17 -18 -19 -20 26 -22 27 23 -25 -26 -27 -28 -29 -30 -31
leaf_value=-0.049453955607552218 -0.0057147958900344679 -0.027793904496945868 -0.014123683970884274 0.031741708979746285 0.046088661191099584 -0.049290692554484067 -0.0010016626405977092 0.0014609196727639545 -0.027412264498308771 0.0027120072800333652 -0.0033450080768554222 -0.012909280380750033 0.031443683315220287 -0.0328855802816303 0.014922416587992718 -0.033970413329870164 0.04793054534747937 -0.02119989868507062 0.04158330526599207 0.002857851300723625 0.044152619149001204 -0.009240644627205051 0.013754670435320249 0.016531274155899115 -0.034150581161858602 0.036903104034928816 0.021955247162486577 0.027713032179912958 0.019135913265493524 0.051612286221534756
leaf_weight=181.12642381278602 102.42893997313877 11.189667869824914 44.461413856468425 35.947353137918981 38.839997244998813 40.38951486611677 46.976253048649596 98.095932095893659 111.81873322810861 299.56258266337682 21.044499527604785 102.12888775370084 91.228297010995448 32.430391493510797 243.5952369812876 14.668502307264133 22.426703514349356 97.669934337485756 14.487068897738935 205.00983132818874 6.8555070644943035 29.894577991843107 9.0791393617400882 63.661474493332207 25.652322780806571 36.224950551055372 50.466128200496314 15.960297686528063 226.95648535899818 7.7022794372169292
leaf_count=697189 8752 194 6864 253 136 127081 49949 1097 57810 2548 2491 11027 350 68316 1399 293 139 19707 464 12599 92 1159 103 502 350 118 1417 440 1166 45
internal_value=0 0.0059504 -0.00320348 0.00420611 0.012704 -0.0400827 -0.0259138 0.0115541 -0.0137916 0.00749851 -0.0075107 -0.00062797 0.0182847 -0.0140233 0.0127428 0.000999649 0.0228537 -0.0113709 0.0149733 0.00355383 -0.00258657 0.0159787 0.0139421 0.00306164 -0.0216277 0.017768 0.00663031 0.00362149 0.0146771 0.00511202
internal_weight=0 2027.06 860.6 506.295 1166.46 300.923 119.796 1127.62 354.305 703.634 242.486 402.066 423.983 79.4066 389.403 314.231 104.229 206.954 35.5316 299.937 109.284 81.8022 378.213 98.3929 34.7315 279.82 255.476 45.8549 332.755 105.798
internal_count=1074050 131515 123214 33898 8301 942535 245346 8165 89316 5507 31506 31907 2658 118265 2666 2841 1991 28551 2955 20880 8844 1852 2472 955 453 1517 14016 1599 2308 1142
is_linear=0
shrinkage=0.05


Tree=71
num_leaves=31
num_cat=0
split_feature=0 0 211 42 211 156 0 2 42 70 70 138 206 92 199 95 169 39 96 2 173 211 199 131 70 110 83 164 202 2
split_gain=212.425 56.7511 28.0795 22.4536 16.144 14.7781 12.8471 11.5709 10.5521 10.5385 9.66515 9.42299 8.81479 9.78714 7.20224 7.09595 6.96285 6.91665 6.7339 7.48149 6.64233 6.50323 6.46823 6.31656 6.26527 6.039 7.25622 7.17513 6.79886 6.02668
threshold=0.37969951586789719 0.0088049481694041625 573353.50000000012 1.5000000000000002 533313.50000000012 1.2250000000000003 0.94875966535953815 8.9884656743000007e+307 297.50000000000006 119.50000000000001 98.500000000000014 0.032480000000000002 6.5000000000000009 0.58333333333350013 61.225000000000009 0.84649150000000006 13.500000000000002 2072.5000000000005 0.093947500000000017 31223.500000000004 0.2738445000000001 545561.50000000012 17.354166666650006 3.5000000000000004 8.5000000000000018 20.500000000000004 0.58818800000000004 1.0000000180025095e-35 0.088869500000000004 2826.5000000000005
decision_type=2 2 2 2 2 2 2 2 2 2 2 2 2 2 2 2 2 2 2 2 2 2 2 2 2 2 2 2 2 2
left_child=1 20 5 6 -3 14 11 12 15 10 17 18 -5 25 24 -6 -12 -7 19 -4 -1 -11 -13 -9 -2 26 28 -27 -14 -8
right_child=2 4 3 7 8 9 29 23 -10 21 16 22 13 -15 -16 -17 -18 -19 -20 -21 -22 -23 -24 -25 -26 27 -28 -29 -30 -31
leaf_value=-0.04995847763237634 -0.049592220220323169 -0.042657630677744536 0.0050422549951411851 0.033662201008381312 -0.020366638715367369 0.0029457061920408335 0.021693592587357459 0.031632480532411432 0.029622289252837893 -0.0097410563866390156 -0.03764592292724056 0.0041466304389974106 0.029148315285444176 0.044897928170621729 0.031880618603857276 -0.0051021761475490979 0.030965761069298645 -0.061368428318365913 0.037598389519148415 -0.011429601302912209 -0.021288782361949633 0.018897380246503313 0.03595997289876162 -0.01157346134624463 -0.014550289349026527 -0.037994342581894928 0.028985402033695418 0.0097029829528003445 -0.036891292944071036 0.0093757800729891219
leaf_weight=188.71135945404694 14.437587167383752 44.190982937123408 119.33387276396388 162.38341999275144 147.28308714437298 164.93874254049297 149.14393106498756 11.04755331459455 15.649051629130552 23.69648819800932 27.946075226274843 36.717810946865939 6.9339149030856779 30.15473685413599 7.4827290299072038 157.60867522633998 4.2615633207606143 4.2891591252700882 9.8424299564212543 163.22638041869504 22.625092241783932 121.27146497703507 28.285712325479835 36.10686311358586 109.49618052315054 8.6559175989823398 82.452088395832106 88.487167030514684 8.8993962355889362 297.13034748611972
leaf_count=745497 4294 88089 2794 788 76262 4889 729 75 1481 1914 1563 874 45 89 604 33146 60 1648 94 4906 91341 1471 248 334 7856 143 482 743 103 1488
internal_value=0 -0.0262724 0.00881658 0.0127881 -0.0143265 -0.00148007 0.00783503 0.0219366 -0.0104207 0.00393597 -0.0034624 0.000771021 0.0247792 0.0183848 -0.0157563 -0.0124759 -0.0285675 0.00131563 -0.00305688 -0.00447303 -0.0468892 0.0142161 0.0179899 -0.00145097 -0.0186325 0.0142938 0.023032 0.00545292 -0.00797043 0.0134924
internal_weight=0 576.068 1716.62 1238.8 364.732 477.82 803.68 435.121 320.541 346.403 201.436 357.406 387.967 225.583 131.416 304.892 32.2076 169.228 292.403 282.56 211.336 144.968 65.0035 47.1544 123.934 195.428 98.2854 97.1431 15.8333 446.274
internal_count=1074050 1035816 38234 13935 198978 24299 11133 2802 110889 11545 8160 8916 2393 1605 12754 109408 1623 6537 7794 7700 836838 3385 1122 409 12150 1516 630 886 148 2217
is_linear=0
shrinkage=0.05


Tree=72
num_leaves=31
num_cat=0
split_feature=0 0 204 208 211 42 211 204 181 34 208 0 156 42 157 173 173 101 169 137 160 83 208 0 34 194 2 173 206 2
split_gain=200.351 55.1772 26.3506 20.867 16.2235 15.8586 15.7006 8.91288 8.90624 8.5886 7.73946 7.68984 7.23329 6.80019 6.58292 6.50213 6.49624 6.44392 6.44132 6.38967 7.84025 11.5288 7.2488 6.73063 6.72255 6.48883 6.16004 6.56344 6.39074 6.12567
threshold=0.37969951586789719 0.0088049481694041625 6.5000000000000009 8.5000000000000018 558015.50000000012 1.0000000180025095e-35 524764.50000000012 11.500000000000002 0.53722400000000003 226479.50000000003 10.500000000000002 0.7740980979447657 1.2916666666650001 6861.0000000000009 8.2916666666650016 0.2738445000000001 0.30398800000000009 0.095136500000000013 6.5000000000000009 0.072460500000000025 0.026540833333350004 0.58948950000000011 15.500000000000002 0.42569895731548962 243696.00000000003 0.066916000000000017 130586.50000000001 0.24461750000000002 6.5000000000000009 322947.00000000006
decision_type=2 2 2 2 2 2 2 2 2 2 2 2 2 2 2 2 2 2 2 2 2 2 2 2 2 2 2 2 2 2
left_child=1 15 4 26 12 11 -3 10 -5 -10 18 -6 -2 19 17 -1 -16 -11 29 20 22 -22 24 -23 25 -7 -4 28 -28 -8
right_child=2 6 3 8 5 13 7 -9 9 14 -12 -13 -14 -15 16 -17 -18 -19 -20 -21 21 23 -24 -25 -26 -27 27 -29 -30 -31
leaf_value=-0.049874975852467335 -0.022938803984263463 -0.049521033320737498 0.029426427166789722 -0.04911309912917286 -0.012623427115874788 0.048345268956594634 -0.0063171067297655495 0.0093488126778814348 0.014169862302384177 -0.033135992509100543 -0.025411049850104533 0.0034525735946470092 -0.0024266029294492978 0.03957586110307465 -0.021742990665492623 -0.021323348327211392 0.0093128274706335955 0.045600115970094335 0.0047254084092646512 0.042774630231651359 -0.019788106885704735 -0.072912629993528072 -0.055005831649875991 0.012680797234168824 0.0131405499048393 -0.0024870949493124178 0.020186594000693558 0.019056233435062832 -0.057222302136877304 -0.029736906602473124
leaf_weight=180.4561992001627 71.39167338484549 28.780210318422178 226.14401496975916 6.7144867071183389 95.280568541958928 34.026818149723113 75.255438353335194 46.21251450890486 271.79064461847884 22.462272668140944 101.34187661790202 339.24052968749311 107.98913144788457 25.127489111851901 20.304199427133426 22.417523636699116 98.667000720044598 2.9385769141372284 63.21389791954789 16.426408930215985 39.273870021279436 2.3389725989545687 3.0351081941043949 127.24688386562048 63.613650573650375 7.6984578471165142 4.8975942945689876 105.45634261041414 5.8524268720066175 44.390055731561006
leaf_count=745497 10683 68044 1297 310 6181 169 25790 6170 2665 558 67788 3751 7207 100 578 91341 834 17 9763 74 873 101 70 1233 487 77 100 721 148 21423
internal_value=0 -0.0258748 0.00856542 0.0154421 0.0029234 0.00614133 -0.0141013 -0.0110161 0.00801309 0.00893478 -0.0143276 -7.25268e-05 -0.0105902 0.0146111 -0.000920646 -0.04672 0.00401269 -0.0240272 -0.00818502 0.0124749 0.0106796 0.00394348 0.0211754 0.0111359 0.0233703 0.0389665 0.0246186 0.0152623 -0.0219556 -0.0150062
internal_weight=0 562.068 1697.92 765.228 932.69 753.309 359.194 330.414 422.877 416.163 284.201 434.521 179.381 318.788 144.372 202.874 118.971 25.4008 182.859 293.66 277.234 168.86 108.374 129.586 105.339 41.7253 342.35 116.206 10.75 119.645
internal_count=1074050 1035816 38234 7228 31006 13116 198978 130934 4962 4652 124764 9932 17890 3184 1987 836838 1412 575 56976 3084 3010 2207 803 1334 733 246 2266 969 248 47213
is_linear=0
shrinkage=0.05


Tree=73
num_leaves=31
num_cat=0
split_feature=0 0 0 211 42 42 59 2 208 109 62 138 200 74 82 157 204 53 173 208 104 166 199 127 42 66 209 208 138 137
split_gain=188.124 39.8654 31.5159 24.562 19.8403 14.4729 11.6833 10.2388 9.9094 9.37167 9.01496 8.58653 7.54056 7.36044 6.75716 6.60248 6.5523 6.37997 6.36122 6.29356 6.07684 6.04474 5.96158 5.77286 5.70217 5.55309 5.51267 5.4974 5.47271 6.88716
threshold=0.11665055024126079 0.94875966535953815 0.0088049481694041625 573353.50000000012 1.5000000000000002 3.5000000000000004 8.5000000000000018 219020.50000000003 12.500000000000002 4.5000000000000009 12.500000000000002 0.032480000000000002 0.029638666666700005 1921.5000000000002 631.50000000000011 28.550000000000004 2.5000000000000004 1.5000000000000002 0.2738445000000001 9.5000000000000018 0.17227800000000001 0.65833333333350008 16.535714285700003 0.094769000000000006 1.5000000000000002 0.096819500000000017 2.5000000000000004 9.5000000000000018 0.063548500000000022 0.047201000000000007
decision_type=2 2 2 2 2 2 2 2 2 2 2 2 2 2 2 2 2 2 2 2 2 2 2 2 2 2 2 2 2 2
left_child=2 3 18 7 11 -3 19 8 13 10 23 15 17 16 -8 -5 -2 -9 -1 24 -10 -17 -13 28 -4 -7 -18 -20 29 -6
right_child=1 5 6 4 9 25 14 12 20 -11 -12 22 -14 -15 -16 21 26 -19 27 -21 -22 -23 -24 -25 -26 -27 -28 -29 -30 -31
leaf_value=-0.049799534074847746 -0.005355531386996194 0.011406876311770521 -0.0061550118271722501 -0.0071900049289782336 0.021368186384242462 0.024807473876857875 -0.044258256911657912 -0.0060378778987066443 -0.025104107593647059 -0.014397203190226516 -0.003136351899413001 0.0012200711914464816 -0.038420058166186932 -0.042659039737358462 0.011547770365846637 -0.041705281833668228 0.019709438411021546 -0.050358165432512925 0.0088790542944755715 -0.02071792411432398 0.026467280368330459 0.020224253378378878 0.028477059014302586 -0.027112024291914467 0.029066534175836184 0.054702446736867985 -0.012771448568756175 -0.041975156859491047 0.037387156705728515 -0.026402311293052396
leaf_weight=173.05389860743526 98.258599438388046 590.14900310605299 47.566944421640073 302.56648095461424 160.016314177803 159.46430154022528 43.774125433614245 59.221979972357076 64.867920581229555 23.693286404712126 41.144600044499384 44.567159089201596 45.174548853121451 9.0842828979020833 6.1915021432614585 4.3934235187480217 69.248400341188244 9.4101839055365399 8.9657724932840228 55.905721560900929 6.2637357199564567 38.198422593181022 36.48207349574659 5.7632436689455053 15.151398102741949 17.210321256890893 16.100271804760268 13.04848109803879 54.212318725883961 7.9183837773161931
leaf_count=745497 12034 3273 16175 14114 1769 754 86110 6571 18614 213 631 2116 12268 4826 1474 96 1702 1954 19972 45625 243 704 473 67 3603 48 1180 71369 334 241
internal_value=0 0.00641974 -0.0328952 0.000304119 0.00572741 0.0151653 -0.0170621 -0.0100211 -0.00461369 0.0157495 0.0184042 -0.00115641 -0.0225563 0.0012739 -0.037343 -0.00459542 0.00344756 -0.0121147 -0.0465791 -0.00851958 -0.0205628 0.0138361 0.0134891 0.0222929 0.00235375 0.0277196 0.0135822 -0.0212637 0.0235747 0.0191157
internal_weight=0 1863.41 363.658 1096.59 718.956 766.824 168.59 377.63 263.823 292.748 269.055 426.208 113.807 192.692 49.9656 345.158 183.607 68.6322 195.068 118.624 71.1317 42.5918 81.0492 227.91 62.7183 176.675 85.3487 22.0143 222.147 167.935
internal_count=1074050 84225 989825 80150 20758 4075 152987 59392 38599 3255 3042 17503 20793 19742 87584 14914 14916 8525 836838 65403 18857 800 2589 2411 19778 802 2882 91341 2344 2010
is_linear=0
shrinkage=0.05


Tree=74
num_leaves=31
num_cat=0
split_feature=0 0 164 42 207 211 2 204 208 95 115 138 125 115 209 93 211 133 0 47 127 210 104 173 206 127 105 115 123 152
split_gain=179.299 51.6112 25.352 19.9929 15.9835 14.4776 11.3167 9.13419 8.80215 8.67607 8.15092 7.97327 6.92836 6.91637 6.66939 6.25423 6.23384 6.22298 8.27364 7.09959 5.99078 5.93295 6.01139 5.83552 5.82797 7.5653 7.94244 7.05392 6.38114 5.79309
threshold=0.37969951586789719 0.0088049481694041625 15.708333333350001 172.50000000000003 3.5000000000000004 524764.50000000012 28737.000000000004 10.500000000000002 15.500000000000002 0.65046950000000014 0.091351000000000016 0.030995500000000006 0.14725550000000001 0.048431000000000009 2.5000000000000004 1.5000000000000002 590396.00000000012 0.46428571428550008 0.94875966535953815 217.50000000000003 0.025376500000000003 13.500000000000002 0.21233350000000004 0.62196000000000007 13.500000000000002 0.052667500000000013 4.5000000000000009 0.20757000000000003 4.5000000000000009 0.12070500000000002
decision_type=2 2 2 2 2 2 2 2 2 2 2 2 2 2 2 2 2 2 2 2 2 2 2 2 2 2 2 2 2 2
left_child=1 16 3 6 -4 -3 8 14 -2 13 21 24 -11 -6 -7 20 -1 18 -15 -19 -5 22 -8 -10 25 26 29 -26 -27 -12
right_child=2 5 4 15 9 7 10 -9 23 12 11 -13 -14 17 -16 -17 -18 19 -20 -21 -22 -23 -24 -25 27 28 -28 -29 -30 -31
leaf_value=-0.049106397419725729 0.016910028666807724 -0.049048591970043048 -0.042236883519008006 0.013037094759381966 -0.01907031836139534 -0.0088112785965321124 0.0019417577429519815 0.0084294371298910264 0.0020225546931137654 0.0068169303074511953 0.025666522499478695 0.020670586331655767 -0.062529986356417155 -0.0029403139254887789 -0.025332901660660719 0.049407175763644437 -0.015460108301468049 0.022855222356963065 0.038401476667961204 -0.034723081634708171 0.039153226674263381 -0.026396407613452279 -0.042470033326157744 -0.063090304599544386 -0.037102942580641778 -0.0053049458696857845 -0.015048480141987184 0.029779252699414407 0.076040865560309534 -0.0041375786464357992
leaf_weight=171.61592360433406 501.64419009623816 26.898383342979287 23.545486522005376 52.057157948551321 82.705747349376907 175.91220969175902 126.31065245896752 51.520041935902555 77.067086827599269 252.77659029227652 85.238432080717757 97.703974295873195 3.6538354288786641 35.003168953087879 93.576039051097723 33.326968306675553 14.967027859551306 7.4813499638112289 18.497281795367599 18.825208648529951 37.97883803746663 27.064017365904874 8.1084764761617389 3.6018332089297465 16.371874403266705 106.35595636849757 19.136544555192813 5.1926806950941673 2.466753182001411 20.160349111771211
leaf_count=772194 5375 68044 6086 439 7278 64045 3654 7577 2844 4868 815 684 57 1024 59312 94 64644 95 97 843 162 1180 150 73 399 1478 331 59 7 142
internal_value=0 -0.0251912 0.00810001 0.0118191 -0.00215216 -0.0138129 0.00967189 -0.0108604 0.0144449 0.000100688 0.0042657 0.00852611 0.00582882 -0.00893778 -0.0145482 0.0309028 -0.0464074 0.00156279 0.0113532 -0.0183483 0.0240534 -0.00503765 -0.000737265 -0.000884707 0.00387151 0.00616968 0.0145853 -0.0209979 -0.00346103 0.0199657
internal_weight=0 534.49 1662.27 1219.79 442.489 347.907 1096.42 321.008 582.313 418.943 514.11 352.627 256.43 162.513 269.488 123.363 186.583 79.807 53.5005 26.3066 90.036 161.483 134.419 80.6689 254.923 233.358 124.535 21.5646 108.823 105.399
internal_count=1074050 1035816 38234 17886 20348 198978 17191 130934 8292 14262 8899 3915 4925 9337 123357 695 836838 2059 1121 938 601 4984 3804 2917 3231 2773 1288 458 1485 957
is_linear=0
shrinkage=0.05


Tree=75
num_leaves=31
num_cat=0
split_feature=0 0 164 0 81 42 70 211 0 199 100 168 181 208 105 208 211 74 208 2 82 34 47 159 162 43 99 108 42 206
split_gain=168.695 44.2475 24.0677 15.8584 15.7874 14.2774 13.5096 11.9366 9.5683 7.38846 8.95466 7.28963 7.09226 7.61013 7.05612 6.97995 6.90645 9.88298 7.12587 6.55718 6.50069 6.32536 6.18957 5.77085 5.72943 5.68628 10.5131 5.42809 5.13384 6.86914
threshold=0.043984350660107828 0.86620967868038068 10.63333333335 0.0019437620776660012 0.018857000000000002 1.0000000180025095e-35 17.500000000000004 541495.50000000012 0.33581906297173442 20.366666666650001 1.0000000180025095e-35 21.500000000000004 1.4043205000000001 9.5000000000000018 4.5000000000000009 9.5000000000000018 575816.50000000012 3.7083333333350006 13.500000000000002 33241.500000000007 577.50000000000011 935132.00000000012 5681.5000000000009 0.81669150000000001 0.054385166666650005 14.500000000000002 0.074101000000000014 1.0000000180025095e-35 172.50000000000003 13.500000000000002
decision_type=2 2 2 2 2 2 2 2 2 2 2 2 2 2 2 2 2 2 2 2 2 2 2 2 2 2 2 2 2 2
left_child=3 2 4 -1 12 11 -4 -5 -8 10 16 24 13 19 27 -9 17 -7 21 -2 -10 -19 -13 25 -3 -18 -27 -12 29 -11
right_child=1 5 6 7 -6 9 8 15 20 28 14 22 -14 -15 -16 -17 23 18 -20 -21 -22 -23 -24 -25 -26 26 -28 -29 -30 -31
leaf_value=-0.048953531996347124 0.025450674990981859 -0.065030967085510302 -0.033179228848998307 -0.048920181413852654 0.033788029461660513 -0.0310927311817587 -0.018868178418079033 0.0025636240575988892 -0.014227172405964401 0.025264070332466373 0.05048972486401692 0.010576971417506837 0.011481172638195461 -0.01771340702122148 -0.064550297915569779 -0.02829862462092167 0.026445831252542164 0.031770019251269523 -0.032156203975759655 -0.0037044163229858909 0.0022046730496677654 -0.018889915666801264 -0.027486525319341176 -0.037209822630423849 -0.0012325787274244607 -0.039267667071127006 0.039849061958095233 -0.01316286226386594 0.045122785327513473 -0.027377797933838689
leaf_weight=147.48300830289827 26.642560093043357 3.6079025866929433 59.71478153116368 32.255368097712562 46.058588129701093 16.230533276684582 132.97135206797975 37.727509944607846 85.501578629355208 128.35289625270525 4.1478435893659542 519.39261183544295 118.95640293299221 65.729200877443873 5.4588428982533506 35.615308884074693 149.18772580847144 32.73510549205821 7.0789566685562013 69.838364112234558 203.32307271163154 7.5903502989094696 10.904530386673285 4.0327627174556246 142.98159211385064 9.4389295408036578 7.5634818458929649 17.397351911640726 31.565135685727 6.5113505142508066
leaf_count=697189 1980 132 23025 127081 227 133 52316 38864 9849 602 47 3450 5348 16347 100 79401 746 235 251 7435 6687 88 170 36 1770 81 44 245 105 66
internal_value=0 0.00507545 -0.00381007 -0.0383628 0.0066531 0.0115835 -0.0109206 -0.0235713 -0.00776942 0.0187395 0.0134879 0.00706619 0.00220806 -0.00459236 -0.0137737 -0.0124231 0.0166358 0.00258238 0.0141122 0.00434657 -0.00265969 0.0222344 0.00979427 0.0218895 -0.0028028 0.0233236 -0.00407278 -0.000908577 0.0269709 0.0227225
internal_weight=0 1912.91 808.736 253.081 327.225 1104.18 481.511 105.598 421.796 427.291 260.862 676.887 281.167 162.21 27.004 73.3428 233.858 63.6349 47.4044 96.4809 288.825 40.3255 530.297 170.223 146.589 166.19 17.0024 21.5452 166.429 134.864
internal_count=1074050 131515 123214 942535 31337 8301 91877 245346 68852 2779 2006 5522 31110 25762 392 118265 1614 707 574 9415 16536 323 3620 907 1902 871 125 292 773 668
is_linear=0
shrinkage=0.05


Tree=76
num_leaves=31
num_cat=0
split_feature=0 0 211 42 0 42 167 211 62 208 70 70 203 2 204 109 208 99 82 191 159 198 82 104 206 208 141 170 47 42
split_gain=159.392 42.9341 28.2821 20.8426 15.5049 13.3174 11.4596 11.4262 9.28227 9.05145 8.61913 13.1462 7.27327 7.19733 7.15242 6.84534 6.44301 6.35682 7.05273 5.72549 5.75682 5.45814 5.24803 5.21317 5.18104 7.17671 7.28662 5.67152 5.00964 4.99097
threshold=0.043984350660107828 0.94875966535953815 573353.50000000012 1.5000000000000002 0.0019437620776660012 3.5000000000000004 2.5000000000000004 541495.50000000012 12.500000000000002 8.5000000000000018 100.50000000000001 99.500000000000014 38.500000000000007 215462.50000000003 3.5000000000000004 4.5000000000000009 10.500000000000002 0.038825500000000006 575.50000000000011 0.048798500000000009 1.3045682500000002 0.41428571428550004 582.50000000000011 0.21957800000000002 7.5000000000000009 11.500000000000002 6.5000000000000009 1.5354940000000001 332.50000000000006 542.50000000000011
decision_type=2 2 2 2 2 2 2 2 2 2 2 2 2 2 2 2 2 2 2 2 2 2 2 2 2 2 2 2 2 2
left_child=4 2 6 10 -1 -3 14 -6 15 13 11 -4 -12 19 -2 24 29 22 -19 20 -8 -15 -11 -17 -5 26 27 -26 -10 -9
right_child=1 5 3 8 7 -7 9 16 28 17 12 -13 -14 21 -16 23 -18 18 -20 -21 -22 -23 -24 -25 25 -27 -28 -29 -30 -31
leaf_value=-0.048814542537932798 -0.031340042181527097 0.010646879968640312 -0.0043487301451671087 0.028217146581386576 -0.048778974436046632 0.026652079061370876 -0.0059178810068645652 -0.0038311755881560434 -0.044849783071940444 -0.0099355034277132364 -0.00050853879453799313 -0.048961175770559917 0.022649386033888975 0.0014917805682030916 0.0033923674675508707 -5.1674882475821828e-05 -0.031151459284326846 -0.04339445208449632 -0.013278206507908334 0.0257570186646469 0.045293588443762405 -0.030867981397894761 0.027425978621509774 -0.08013507918127416 0.0066569765037133083 -0.025758331135990672 0.022378719669350382 -0.069580800029575104 0.0012490894328989269 0.08469046376871335
leaf_weight=140.94221044470305 90.72890632765484 576.61382416763809 285.38533964756789 123.17529799664044 30.832901182315254 167.78798376827035 45.774701406407985 42.50816903805844 6.9885401554638511 61.251648340792599 94.312130479556799 17.527308817720041 52.936255224689376 30.866922959608928 17.71701694366493 17.729982096760072 28.069548552526612 30.925120235526265 52.344456091785105 37.982860306798102 6.2351756614007163 22.55116886552787 11.102896110060099 2.2952271123649544 6.4936496204463747 10.672432612394912 84.106815513354377 3.907388148130849 37.60805368097499 1.6542702033084413
leaf_count=697189 55700 3273 17932 1305 127081 802 2569 49585 166 10503 4951 2102 1018 2349 3851 196 68316 11246 6614 1466 144 2448 383 24 88 677 974 36 698 364
internal_value=0 0.00489767 -0.00115576 0.00464892 -0.0380366 0.0142544 -0.011742 -0.0232976 0.0150285 -0.0066925 -0.00210638 -0.00693012 0.00781681 0.00236933 -0.0256657 0.0187996 -0.0124206 -0.0150432 -0.0244629 0.0109992 0.000221578 -0.0121693 -0.00420234 -0.00923059 0.0212577 0.0131075 0.0174964 -0.0219835 -0.00597487 -0.000515265
internal_weight=0 1895.02 1150.62 743.138 244.007 744.402 407.481 103.065 292.977 299.035 450.161 302.913 147.248 143.411 108.446 248.381 72.232 155.624 83.2696 89.9927 52.0099 53.4181 72.3545 20.0252 228.356 105.18 94.5079 10.401 44.5966 44.1624
internal_count=1074050 131515 127440 30167 942535 4075 97273 245346 4164 37722 26003 20034 5969 8976 59551 3300 118265 28746 17860 4179 2713 4797 10886 220 3080 1775 1098 124 864 49949
is_linear=0
shrinkage=0.05


Tree=77
num_leaves=31
num_cat=0
split_feature=0 0 164 44 79 207 70 127 70 169 70 95 68 100 113 206 110 164 159 157 172 47 91 157 87 83 150 169 194 194
split_gain=150.341 47.5707 25.9077 17.8482 14.4965 12.4894 11.5656 9.78332 9.74047 9.35564 9.01578 8.07411 7.96698 7.47417 7.42806 6.97689 8.91652 8.78289 7.39526 8.19392 6.70454 8.73646 8.15798 7.18329 6.8015 6.37101 6.12611 8.70727 6.10019 6.80459
threshold=0.37969951586789719 0.0067794565405618597 15.708333333350001 1.0000000180025095e-35 9.5000000000000018 3.5000000000000004 117.50000000000001 0.10617350000000002 103.50000000000001 7.5000000000000009 99.500000000000014 0.65046950000000014 50.000000000000007 1.5000000000000002 1.5000000000000002 6.5000000000000009 814.50000000000011 4.4500000000000011 0.27970750000000005 25.550000000000004 0.092772500000000022 1973.5000000000002 181.50000000000003 20.900000000000002 446.50000000000006 0.55108450000000009 0.047882500000000008 10.500000000000002 0.048458500000000009 0.044054500000000003
decision_type=2 2 2 2 2 2 2 2 2 2 2 2 2 2 2 2 2 2 2 2 2 2 2 2 2 2 2 2 2 2
left_child=1 26 3 6 8 -4 9 -8 10 12 -3 28 13 -2 -10 16 17 -14 -17 -20 -11 22 24 -23 -22 -6 -1 -28 29 -7
right_child=2 4 5 -5 25 11 7 -9 14 20 -12 -13 15 -15 -16 18 -18 -19 19 -21 21 23 -24 -25 -26 -27 27 -29 -30 -31
leaf_value=-0.049072969367669701 -0.012411046588666413 -0.0092625028454119754 -0.039802474390346933 0.040264085979234782 -0.049282420138709787 -0.015420293192055776 0.018538341113082762 -0.022900563584929215 -0.012335546168531835 -0.018325115871223135 -0.04868497882284839 0.0044635017710277511 0.029211206612543551 -0.07292757771231427 0.019365922062754521 -0.024469705519333463 -0.048009190190713091 0.00090507795700794458 0.0050422347234648605 -0.060431695650659416 0.012025359201635617 -0.0034983489464723554 -0.067728539224620715 0.051217027250442193 -0.019833038834401837 -0.021336403132840458 -0.01326839072311139 0.91627125343808002 -0.00054036487361531496 -0.066774322440717002
leaf_weight=149.30425141845353 28.629787804740772 127.86124789395762 22.018117992909538 50.661534418453812 26.590805151572567 68.235745565354591 371.94268104617367 14.810417673725167 28.817016051680184 19.053780183749041 16.358415890728793 248.8553808469369 53.048941577420919 6.2086206102976567 51.502549588707552 36.885416064389574 5.999754519594716 56.688436575594096 94.630108289638883 5.0326744937046888 389.44226593332132 8.0462081583682465 3.3468121809419236 23.570800263667479 17.506267199700233 87.517094176163482 11.494947614866756 0.025248711728637185 81.516999831583234 7.1239344469213384
leaf_count=766009 1067 44696 6086 284 73115 3628 4567 118 14621 424 9632 4925 1008 372 10388 2063 451 1176 1863 165 3840 99 37 129 223 67752 49567 36 5274 435
internal_value=0 -0.0239708 0.00742149 0.0112276 -0.0133371 -0.00312699 0.00993131 0.0169515 -0.00596245 0.00630197 -0.0137341 -0.00113669 -0.000782864 -0.0231958 0.00799208 0.00231217 0.0113437 0.0145887 -0.00534288 0.001736 0.0107149 0.011967 0.0100155 0.0372925 0.0106549 -0.0278487 -0.0463623 -0.0112311 -0.0100204 -0.0202749
internal_weight=0 499.472 1613.25 1185.5 338.647 427.75 1134.84 386.753 224.539 748.09 144.22 405.732 287.124 34.8384 80.3196 252.285 115.737 109.737 136.548 99.6628 460.966 441.912 410.295 31.617 406.949 114.108 160.824 11.5202 156.877 75.3597
internal_count=1074050 1035816 38234 17886 220204 20348 17602 4685 79337 12917 54328 14262 8165 1439 25009 6726 2635 2184 4091 2028 4752 4328 4100 228 4063 140867 815612 49603 9337 4063
is_linear=0
shrinkage=0.05


Tree=78
num_leaves=31
num_cat=0
split_feature=0 0 204 42 141 44 170 170 2 43 203 120 56 128 48 34 206 131 65 203 82 104 129 206 109 161 126 98 150 164
split_gain=141.365 51.363 27.1905 17.751 13.1075 12.6606 11.1412 7.79383 7.59949 9.80156 8.98209 8.08524 7.00972 8.33519 6.98865 6.75717 11.6215 8.15036 7.64869 7.1613 6.67468 6.64164 6.31342 6.30192 6.54255 6.19658 7.14031 6.18964 6.0479 5.98032
threshold=0.0067794565405618597 0.86620967868038068 2.5000000000000004 44.500000000000007 37.500000000000007 1.0000000180025095e-35 1.9376475000000002 0.79307250000000018 1954.5000000000002 8.5000000000000018 24.500000000000004 1.5000000000000002 1.0000000180025095e-35 0.10052900000000002 1.0000000180025095e-35 68784.500000000015 9.5000000000000018 8.5000000000000018 3.5000000000000004 50.500000000000007 663.50000000000011 0.58335850000000011 11.500000000000002 7.5000000000000009 2.5000000000000004 0.090988500000000014 0.048689000000000003 17.100000000000005 0.047882500000000008 6.3666666666650009
decision_type=2 2 2 2 2 2 2 2 2 2 2 2 2 2 2 2 2 2 2 2 2 2 2 2 2 2 2 2 2 2
left_child=28 2 4 7 12 6 15 -4 22 11 -11 -10 13 -2 23 16 17 -3 -17 -18 -6 -13 -8 24 -9 26 -25 -19 -1 -5
right_child=1 5 3 29 20 -7 8 14 9 10 -12 21 -14 -15 -16 18 19 27 -20 -21 -22 -23 -24 25 -26 -27 -28 -29 -30 -31
leaf_value=-0.048925562772099092 -0.015622634652549653 0.028746014857141067 -0.018343755506025412 0.038464652854855341 -0.030711226838319158 0.041288291185290142 0.028599823043702712 0.00042374058718562459 0.015953471398191959 -0.014546512236675135 0.041179969147094958 0.00010905944444288567 0.0094525681445806874 0.026810769391228225 0.024085230212030847 -0.0021742839874361176 0.0011692441058372964 -0.0086119410856761777 0.018062594722710934 -0.072309473382106346 0.066144190062621774 -0.073831375519121209 -0.026369469664004726 -0.0070390516120006769 0.025419865192706795 0.014295327394151361 -0.036183876078244588 0.027570464215970786 -0.010916808150025756 0.011835355730892854
leaf_weight=142.51602477674987 187.95853967099538 101.17777079535881 63.211431620105941 35.406575723508467 119.19019789907634 33.364173267967999 123.37838811986148 125.12535905384175 139.55096033122391 8.7052959799766523 42.694509223569185 114.09455402643653 42.017547847667629 12.332138171594123 29.35993238462288 292.29426916770171 98.324285771639552 33.09848202066496 55.568328752240632 3.4316892453934988 1.8057301684166294 3.1200987305492154 5.4544583018869153 107.80804716993589 33.104297722464253 25.223791994696512 26.103661656914483 18.385463194164913 11.295418489398797 52.11899338614603
leaf_count=766009 59793 590 20386 722 122098 136 508 12709 766 66 212 768 3947 790 3346 2864 1299 315 400 67 20 17 39 14548 1441 1603 6584 254 49603 2150
internal_value=0 0.00367019 -0.00542723 0.00216713 -0.015826 0.0109706 0.00999733 -0.00219713 0.0160749 0.0118116 0.0317419 0.00782194 -0.00911484 -0.01301 0.000746564 0.00558761 0.0117804 0.0205049 0.0010584 -0.0013088 -0.0292658 -0.00185914 0.0262726 -0.00141253 0.00565335 -0.00843819 -0.0127203 0.00430918 -0.0461343 0.0226077
internal_weight=0 1933.41 860.766 497.462 363.304 1072.64 1039.28 409.937 436.998 308.165 51.3998 256.766 242.308 200.291 346.725 602.28 254.418 152.662 347.863 101.756 120.996 117.215 128.833 317.365 158.23 159.136 133.912 51.4839 153.811 87.5256
internal_count=1074050 258438 250137 63489 186648 8301 8165 60617 2376 1829 278 1551 64530 60583 40231 5789 2525 1159 3264 1366 122118 785 547 36885 14150 22735 21132 569 815612 2872
is_linear=0
shrinkage=0.05


Tree=79
num_leaves=31
num_cat=0
split_feature=0 164 118 42 0 208 204 208 34 83 82 210 100 96 122 34 125 34 115 113 107 151 206 83 83 200 115 158 42 47
split_gain=134.547 48.065 22.7262 21.3777 18.0184 11.2955 10.8909 9.84853 10.2981 9.54577 9.22436 7.67897 7.56512 7.53462 8.90254 7.23866 7.07366 6.76572 8.65129 7.20639 7.04245 9.59106 6.85696 11.0116 6.72522 6.48657 6.3846 5.92139 5.89599 7.37576
threshold=0.0067794565405618597 15.708333333350001 0.023358 172.50000000000003 0.94875966535953815 9.5000000000000018 6.5000000000000009 16.500000000000004 284909.00000000006 0.5414135000000001 599.50000000000011 16.500000000000004 1.0000000180025095e-35 0.043300500000000006 1.5000000000000002 84103.500000000015 0.026661500000000005 206587.00000000003 0.20757000000000003 3.5000000000000004 2.5000000000000004 0.10463300000000002 4.5000000000000009 0.58459850000000013 0.55278050000000012 0.046407250000000004 0.25526600000000005 1.6333333333350002 28.500000000000004 1095.5000000000002
decision_type=2 2 2 2 2 2 2 2 2 2 2 2 2 2 2 2 2 2 2 2 2 2 2 2 2 2 2 2 2 2
left_child=-1 3 9 4 5 6 -2 8 11 -3 15 24 -5 14 -12 -7 27 18 20 22 21 -6 -19 -24 -4 -25 -20 -10 29 -26
right_child=1 2 7 12 17 10 -8 -9 16 -11 13 -13 -14 -15 -16 -17 -18 19 26 -21 -22 -23 23 25 28 -27 -28 -29 -30 -31
leaf_value=-0.046012648590970956 -0.0018719996956711223 -0.047889679694189315 -0.042139278416360143 0.030849737521752543 0.017876721187696946 -0.0023954588643507095 0.01476072210448412 -0.026657832690409933 -0.024943392456516385 -0.017975875126592832 0.02952305247364391 0.02989943203119802 -0.033785130888416393 -0.0087495865497648536 -0.0081061678431556591 -0.027985830818174569 -0.017442915539888894 0.015705154156762026 -0.049784015072502553 0.018562582267120081 0.034740780911412895 -0.03001298123766611 -0.052445804743268078 0.014542099664062539 -0.012094240741094884 -0.014505515930291112 0.012459344225948257 0.0071231103503876141 0.032512674699242808 0.013875066392665497
leaf_weight=147.4962538082882 196.49381880322107 32.939550117166618 7.486059326431131 120.58200715996736 257.21283248090185 46.560001010331689 197.18182411387534 36.842019921910833 17.354635645357121 140.09540737298448 38.263503323525583 35.970526021836122 4.7037192848547411 81.733652975597579 26.676755870583293 67.983196453571509 92.517428943858249 42.889482109749224 7.9888050230219987 75.767495027510449 61.095742339966819 10.897924193646757 12.347769302316008 34.536376781761646 49.66142116849187 43.334180718520656 8.5071261283010227 84.464405793893093 18.771093842082337 60.835551127120198
leaf_count=815612 24997 64305 1776 2153 1449 14071 6129 9284 2573 58468 2098 1771 425 13669 1185 27146 11097 212 44 320 318 65 133 188 4952 296 42 6168 274 2830
internal_value=0 0.00355009 -0.00850892 0.00876251 0.00672592 0.00110993 0.0064589 -0.00201364 0.000459901 -0.0236704 -0.0069514 0.00934331 0.0284231 0.0013518 0.0140654 -0.0175837 -0.0074356 0.0133578 0.0176505 0.00625294 0.0194211 0.0159301 -0.000753945 -0.00857854 0.00393642 -0.00162261 -0.0176845 0.00165751 0.00660471 0.0022035
internal_weight=0 1911.69 576.938 1334.76 1209.47 654.893 393.676 403.903 367.061 173.035 261.217 172.725 125.286 146.674 64.9403 114.543 194.336 554.578 345.702 208.875 329.206 268.111 133.108 90.2183 136.754 77.8706 16.4959 101.819 129.268 110.497
internal_count=1074050 258438 163498 94940 92362 89295 31126 40725 31441 122773 58169 11603 2578 16952 3283 41217 19838 3067 1918 1149 1832 1514 829 617 9832 484 86 8741 8056 7782
is_linear=0
shrinkage=0.05


Tree=80
num_leaves=31
num_cat=0
split_feature=0 0 173 42 211 156 0 2 173 56 115 126 42 91 74 206 204 101 2 199 194 148 34 70 91 209 53 208 98 83
split_gain=128.175 41.804 20.3431 17.9443 12.8673 11.1766 11.0793 9.22142 9.12854 8.1947 8.1457 8.10241 7.2435 7.06313 7.01822 8.37144 6.73812 7.81118 6.74756 6.24653 6.27591 6.24969 10.2038 7.82134 7.30166 6.81932 6.6334 7.51836 7.53323 6.72195
threshold=0.37969951586789719 0.0067794565405618597 0.19342600000000001 2.5000000000000004 524764.50000000012 1.6333333333350002 0.94875966535953815 8.9884656743000007e+307 0.35230000000000006 1.0000000180025095e-35 0.10916650000000001 0.058635000000000007 7753.0000000000009 86.500000000000014 2077.3333333350006 5.5000000000000009 16.500000000000004 0.088822000000000012 1597724.0000000002 35.071428571450006 0.12428100000000002 7.5000000000000009 5542.5000000000009 42.500000000000007 17.500000000000004 2.5000000000000004 1.5000000000000002 14.500000000000002 4.5500000000000007 0.57603850000000012
decision_type=2 2 2 2 2 2 2 2 2 2 2 2 2 2 2 2 2 2 2 2 2 2 2 2 2 2 2 2 2 2
left_child=1 -1 5 6 -3 -2 10 12 -6 19 -4 -10 16 -12 15 -7 17 18 -5 21 -21 24 -23 -24 26 -25 29 -28 -29 -8
right_child=2 4 3 7 8 14 9 -9 11 -11 13 -13 -14 -15 -16 -17 -18 -19 -20 20 -22 22 23 25 -26 -27 27 28 -30 -31
leaf_value=-0.045759329848841866 -0.017892445302778111 -0.048709005395856687 -0.0060245659556266698 0.0094433207524710887 -0.015480972392026443 0.022513887337941213 -0.073401648370051073 -0.0046002036431857162 0.015523695727727028 0.045444790405233644 0.0038582133358291779 -0.019317946347565399 0.043871370202854032 0.032800977601814399 -0.049018508682145308 -0.0050171770645396829 0.031318529036418984 0.037573416800038367 0.058078382416485747 0.031050006874005942 -0.012099838192884254 0.026192728125812664 0.012429021390190439 -0.066847254420831614 0.013449884066256796 -0.0083770736483323987 0.026071692776342283 -0.07241641633137845 0.010089401228715581 -0.0077596783994087967
leaf_weight=141.10830922314744 114.98627093632967 23.605198296794697 260.36869205678522 210.80251894063258 223.90937471918187 48.277264769720205 4.1675601460738099 40.251745329238474 52.606518622453223 16.19514468871057 147.39487835450564 24.437444795050396 30.680531864054501 24.597040770575404 5.9344999945133159 64.504649029484426 77.77783693629317 31.911592323798686 7.381329483294393 52.236891683656722 10.047565145418046 12.834338832180945 8.7797185741364974 12.658729288727047 277.0955536509282 8.2279470445355383 31.462236425897572 4.4125725198537094 7.4170414679683745 60.763395388610661
leaf_count=815612 13073 74573 9362 2004 130892 1768 53 354 8153 69 3086 6586 126 219 2276 2587 352 152 41 224 56 52 44 72 1402 45 207 51 110 449
internal_value=0 -0.0230392 0.00682841 0.00920666 -0.0131611 -0.00678216 0.00543165 0.0180918 -0.0103729 0.0104515 -0.000446665 0.00447233 0.0206393 0.0079974 0.00397904 0.00676773 0.0184653 0.0144681 0.0110887 0.00929518 0.0240892 0.00714138 -0.0110548 -0.0271689 0.00914843 -0.0438139 -0.00186509 0.013295 -0.0206862 -0.0119729
internal_weight=0 465.667 1571.17 1337.46 324.559 233.703 938.659 398.806 300.953 506.299 432.361 77.044 358.554 171.992 118.716 112.782 327.873 250.095 218.184 490.104 62.2845 427.819 42.5007 29.6664 385.318 20.8867 108.223 43.2919 11.8296 64.931
internal_count=1074050 1035816 38234 18530 220204 19704 15501 3029 145631 2834 12667 14739 2675 3305 6631 4355 2549 2197 2045 2765 280 2485 213 161 2272 117 870 368 161 502
is_linear=0
shrinkage=0.05


Tree=81
num_leaves=31
num_cat=0
split_feature=0 0 177 211 42 211 2 168 208 104 42 156 102 2 208 2 95 196 100 56 2 203 206 211 83 47 74 103 87 105
split_gain=121.713 40.7422 20.8986 16.2269 13.0195 10.2349 11.1764 9.96182 8.73972 9.72291 8.68787 8.65151 8.19029 8.10695 8.11641 7.8356 7.40495 7.29116 7.23325 6.35978 6.37882 7.15183 6.16885 7.47253 5.90945 5.74822 5.71138 5.47519 11.4226 5.68638
threshold=0.37969951586789719 0.0019437620776660012 2.9166666666650003 533313.50000000012 1.0000000180025095e-35 549017.50000000012 120938.00000000001 17.500000000000004 12.500000000000002 0.15037750000000003 297.50000000000006 1.9166666666650001 0.088075000000000014 779250.50000000012 8.5000000000000018 238.50000000000003 0.76547350000000003 1.0000000180025095e-35 1.0000000180025095e-35 1.0000000180025095e-35 2826.5000000000005 86.500000000000014 10.500000000000002 595704.50000000012 0.57796250000000005 1388.5000000000002 2077.3333333350006 7.5000000000000009 1.5000000000000002 5.5000000000000009
decision_type=2 2 2 2 2 2 2 2 2 2 2 2 2 2 2 2 2 2 2 2 2 2 2 2 2 2 2 2 2 2
left_child=1 -1 5 -3 7 11 8 -4 9 15 16 -2 17 14 -6 -7 -5 -8 -17 20 21 -9 23 24 -10 -20 -13 28 -22 -30
right_child=2 3 4 10 13 6 12 19 22 -11 -12 26 -14 -15 -16 18 -18 -19 25 -21 27 -23 -24 -25 -26 -27 -28 -29 29 -31
leaf_value=-0.048449471521938035 -0.026947044080068219 -0.042562722392824846 -0.015136869694898886 -0.020812544463049174 0.028395586539461826 -0.015483079849423013 0.0039170964638138494 0.019752034306296757 0.018744991792334669 -0.014707362552833831 0.028238915354321693 0.010453068162113893 -0.002452449661454434 0.00019051927035868609 0.011173134501262484 0.02264731397361661 -0.0045907555533356284 -0.049893323315783486 -0.015868038019349849 0.041006663361940476 0.007238613105337733 -0.035758074680534463 -0.021311007157198858 0.033594732832938581 -0.025224697501376393 0.020306479092798289 -0.050243210710088519 0.0089738794402694447 -0.030654081416677109 0.045321892716521456
leaf_weight=114.76798239567415 58.657125335379533 43.507498225114432 46.983786292636069 126.43586509666056 195.35232921765419 18.612775049346965 9.6030770310899261 126.11149347104947 12.525995210104155 29.409230756922625 14.234580267815543 34.12161724671023 202.69946614297805 47.769800214096904 105.2744468068995 183.30669434563606 158.59212479607595 18.274891215318348 24.763523844361771 15.034466699231414 72.585361276695039 6.0823205041233441 36.734513464674819 16.172628666623496 19.596326266735559 19.732030519866385 4.3724056139326413 207.86391051311512 38.362952706665965 2.6317130434326819
leaf_count=697189 10798 144827 1512 127310 1030 328 234 950 717 401 2017 2319 5132 405 1078 2318 64473 852 654 100 870 66 1484 263 886 206 2325 2729 552 25
internal_value=0 -0.0226643 0.00667883 -0.0140308 0.0118573 0.000180732 0.00265135 0.00681239 0.00814563 0.012466 -0.00988276 -0.0148598 -0.0059472 0.0193242 0.0223646 0.0157091 -0.0117866 -0.0313573 0.0182577 0.00901277 0.00795243 0.017198 -0.0058691 0.00587646 -0.00807886 0.000173939 0.00355878 0.0041502 -0.00467767 -0.0257767
internal_weight=0 457.538 1552.63 342.77 864.053 688.582 591.431 515.656 360.854 275.824 299.263 97.1511 230.577 348.397 300.627 246.415 285.028 27.878 227.802 468.672 453.638 132.194 85.0295 48.295 32.1223 44.4956 38.494 321.444 113.58 40.9947
internal_count=1074050 1035816 38234 338627 9317 28917 13475 6804 7257 3907 193800 15442 6218 2513 2108 3506 191783 1086 3178 5292 5192 1016 3350 1866 1603 860 4644 4176 1447 577
is_linear=0
shrinkage=0.05


Tree=82
num_leaves=31
num_cat=0
split_feature=0 0 204 42 42 211 172 2 210 204 171 99 161 101 70 158 208 170 105 79 208 157 211 200 62 150 125 72 177 209
split_gain=115.421 39.0179 25.1412 14.6518 12.2969 10.3346 9.97806 7.58435 7.04899 7.36684 6.63695 6.48861 10.8713 6.42742 6.41685 10.1872 9.19425 7.25892 6.35141 6.2836 6.23704 5.71368 5.61025 6.53997 5.60946 8.94865 6.65981 6.21825 5.59053 5.58672
threshold=0.01473053741135971 0.86620967868038068 2.5000000000000004 44.500000000000007 1.0000000180025095e-35 569561.00000000012 0.19947300000000004 22518.000000000004 1.0000000180025095e-35 21.500000000000004 0.11558950000000003 0.091070500000000013 0.085457666666650015 0.027240500000000004 101.50000000000001 1.4500000000000002 13.500000000000002 5.0125640000000002 6.5000000000000009 22.500000000000004 8.5000000000000018 42.125000000000007 521990.50000000006 0.032159066666650006 11.500000000000002 0.022311000000000004 0.13772850000000003 1.0000000180025095e-35 4.583333333335001 1.5000000000000002
decision_type=2 2 2 2 2 2 2 2 2 2 2 2 2 2 2 2 2 2 2 2 2 2 2 2 2 2 2 2 2 2
left_child=6 2 5 11 7 22 -1 14 -6 13 -8 12 20 -10 15 -3 21 18 -18 28 -4 -17 -2 -24 26 -26 -16 -28 -9 -7
right_child=1 4 3 -5 8 29 10 19 9 -11 -12 -13 -14 -15 24 16 17 -19 -20 -21 -22 -23 23 -25 25 -27 27 -29 -30 -31
leaf_value=-0.046582732417359808 -0.047887916029691974 -0.055731292842608304 0.0053307840864842649 0.021714782684275846 -0.029079610797716406 0.0048202599464332056 0.038396783670961984 0.00024841269332369673 0.011123285981554185 0.034319684993305531 -0.02576813465494426 0.01338678489760399 -0.051816371116471208 0.02773789919518398 0.027106886787027842 0.014998112528369092 -0.033418015872832212 0.060546774155320573 0.020486938637157323 -0.041192040399868103 -0.0088549508802497016 -0.032469183054790983 -0.011042589657813816 -0.031024443781697782 -0.034865398092357884 0.019771279634761788 -0.052368010701674676 0.010589017296245472 0.065880531379478011 -0.014829138899356109
leaf_weight=133.04846942647282 20.390943183050695 6.8835793426260343 140.39852672694542 83.079191632157745 8.1623275214806181 70.068807251715043 5.3268228153283443 277.61896283499664 251.5771425984567 57.872431870549917 16.554883285532014 62.061563600287627 11.587261542812483 75.732823028229177 113.27975040278398 123.36016598530114 26.691953576169908 2.8639122762251636 6.8712489928584537 9.1037598267430422 172.91399382881536 6.6831277660094193 90.434939682321783 74.834120875817462 12.29271981585771 19.198846922488883 4.767273097299042 22.12323793512769 3.282961254939436 74.781047883992869
leaf_count=786927 52930 150 9901 2391 54 4528 6183 2650 2093 243 81915 3745 2138 389 677 787 424 13 94 213 31549 64 27666 43826 108 155 33 143 11 12050
internal_value=0 0.00351017 -0.00476705 0.00266303 0.00995373 -0.0153339 -0.0414368 0.00565057 0.0169008 0.0178752 -0.010148 -0.00142731 -0.00425707 0.0149676 0.0106604 0.00387486 0.00633959 -0.0158624 -0.0223823 -0.000309494 -0.00249818 0.0125587 -0.0231434 -0.0200904 0.0175127 -0.00155612 0.0217969 -0.000572293 0.00101547 -0.00532406
internal_weight=0 1828.92 800.55 470.041 1028.37 330.51 154.93 635.022 393.345 385.182 21.8817 386.961 324.9 327.31 345.016 173.354 166.47 36.4271 33.5632 290.006 313.313 130.043 185.66 165.269 171.662 31.4916 140.17 26.8905 280.902 144.85
internal_count=1074050 199025 190724 49724 8301 141000 875025 5522 2779 2725 88098 47333 43588 2482 2648 1532 1382 531 518 2874 41450 851 124422 71492 1116 263 853 176 2661 16578
is_linear=0
shrinkage=0.05


Tree=83
num_leaves=31
num_cat=0
split_feature=0 0 196 211 42 34 42 167 70 100 209 98 199 211 168 208 96 173 2 211 118 128 77 68 0 137 168 150 190 157
split_gain=110.406 41.1674 18.6579 15.4364 12.6473 11.1675 10.892 8.8955 8.66174 7.86722 7.81226 7.73504 7.62835 7.37825 6.78305 6.76482 6.33574 6.68484 6.3299 5.97967 5.82484 8.54231 5.78203 5.75468 5.70921 5.62759 5.41327 5.3663 5.75823 5.20238
threshold=0.0067794565405618597 0.68981449621504665 6.5000000000000009 573353.50000000012 172.50000000000003 68784.500000000015 9.5000000000000018 2.5000000000000004 115.50000000000001 1.5000000000000002 4.5000000000000009 2.0833333333350006 44.083333333350005 545153.50000000012 45.500000000000007 9.5000000000000018 0.032971000000000007 0.16092100000000004 981904.50000000012 590396.00000000012 0.11562600000000002 0.10452650000000001 8.5000000000000018 21.500000000000004 0.15548050853772452 0.042018500000000007 22.500000000000004 0.028059000000000004 1.5000000000000002 16.366666666650001
decision_type=2 2 2 2 2 2 2 2 2 2 2 2 2 2 2 2 2 2 2 2 2 2 2 2 2 2 2 2 2 2
left_child=19 2 6 8 5 -5 14 24 10 11 16 20 13 -10 -2 -16 -3 -18 25 -1 21 -7 -9 -13 -4 -15 27 -6 -29 -22
right_child=1 3 7 4 26 9 -8 22 12 -11 -12 23 -14 18 15 -17 17 -19 -20 -21 29 -23 -24 -25 -26 -27 -28 28 -30 -31
leaf_value=-0.048502768074901344 -0.011307949145722853 -0.0016605994144141022 -0.047184441465848763 0.016299725420376988 0.029552452392015177 0.014787825403483801 0.020176843243605167 -0.0080717557222535763 -0.025479579729988346 -0.01187523330270002 -0.042303901997357923 0.040066259684514216 0.034405423271709451 0.011979279809236312 0.019668023309696477 -0.01031687717142369 0.0058813297737485377 -0.05084087969371201 -0.057099307808391689 -0.0096951250218406861 0.022473168512246369 -0.063467236065673838 -0.03424178316879694 0.0029528263078865673 -0.020817002822119068 -0.071199288044981116 0.038955257205557474 0.013985162094646619 -0.05994522216505177 0.061122265527934594
leaf_weight=115.67733862567093 134.2981420862352 150.74173343632719 33.938305809009307 350.68707254334004 17.002808328252289 39.590122023131698 56.627164975429878 154.17852486963056 19.360990459150344 62.420688666461501 15.588499802328441 10.746682432712985 22.699515700136544 101.69766110088676 45.471742633043505 32.080849820824369 8.1770081695140124 14.239795005662016 3.6028015520423642 10.857901552325528 28.909036321798339 3.8241626205854109 24.453904076055551 371.78906775673386 51.961659773111933 2.0749668362550429 54.805265496484935 6.6619108077138645 4.3559341561049223 12.459482080768792
leaf_count=752998 55437 3371 78158 2889 79 295 7416 45921 1185 923 1325 95 154 1124 3666 9135 444 603 86 62614 182 26 18723 3767 23073 27 222 42 27 43
internal_value=0 0.0031159 -0.0085882 0.00790938 0.0111359 0.00937866 0.000697584 -0.0180125 -0.00128085 0.00479693 -0.00840092 0.00702386 0.00771225 0.00293129 -0.00450917 0.0072643 -0.00534882 -0.0301502 0.00805409 -0.0451727 0.0206878 0.0078947 -0.0116543 0.00399546 -0.0312345 0.0103161 0.0298153 0.0119385 -0.0152434 0.0341136
internal_weight=0 1834.45 533.01 1301.44 963.252 880.426 268.478 264.532 338.183 529.739 188.747 467.319 149.436 126.736 211.851 77.5526 173.159 22.4168 107.375 126.535 84.7828 43.4143 178.632 382.536 85.9 103.773 82.8259 28.0207 11.0178 41.3685
internal_count=1074050 258438 241529 16909 8590 8220 75654 165875 8319 5331 5743 4408 2576 2422 68238 12801 4418 1047 1237 815612 546 321 64644 3862 101231 1151 370 148 69 225
is_linear=0
shrinkage=0.05


Tree=84
num_leaves=31
num_cat=0
split_feature=0 211 42 0 70 104 2 204 128 172 74 156 70 208 82 98 82 211 82 158 34 193 158 162 70 82 104 169 126 129
split_gain=104.496 39.6772 25.9598 20.3454 13.1103 13.0227 11.1872 8.42465 8.5613 8.91178 8.04252 8.24065 8.00486 6.92406 6.14542 6.27708 6.10514 6.05091 5.79787 6.51798 5.60016 6.77909 9.03948 6.91819 6.27453 6.35463 5.89567 7.47915 5.5309 5.32598
threshold=0.0067794565405618597 558815.50000000012 1.0000000180025095e-35 0.7740980979447657 103.50000000000001 0.067282000000000008 593143.50000000012 25.500000000000004 0.19023550000000003 0.24546400000000004 1921.5000000000002 1.3666666666650003 99.500000000000014 13.500000000000002 559.50000000000011 4.2916666666650007 583.50000000000011 590396.00000000012 657.50000000000011 2.2916666666650003 68784.500000000015 0.061391500000000009 2.2916666666650003 0.090560875000000013 79.500000000000014 669.50000000000011 0.077878000000000017 11.500000000000002 0.05707700000000001 10.500000000000002
decision_type=2 2 2 2 2 2 2 2 2 2 2 2 2 2 2 2 2 2 2 2 2 2 2 2 2 2 2 2 2 2
left_child=17 5 3 4 12 10 7 8 9 13 11 14 18 -4 -2 -16 -11 -1 19 -3 21 23 24 26 25 -23 -5 -28 -18 -26
right_child=1 2 6 20 -6 -7 -8 -9 -10 16 -12 -13 -14 -15 15 -17 28 -19 -20 -21 -22 22 -24 -25 29 -27 27 -29 -30 -31
leaf_value=-0.04836059532616846 -0.045847518514948511 -0.023512605807925729 0.013630501702506764 0.021114333909714768 0.0057879581880361589 0.0081148488299701595 0.00013229744269022136 0.036559826610827857 -0.070805109049766335 -0.020063624338122553 -0.048507918994822978 -0.0063054660104621893 -0.047731234356287101 -0.011312398225575291 0.0017159818284419065 -0.02809918779658574 0.03729256137933637 -0.009068476773932025 0.020489956540669933 -0.0026365443277164792 0.002144594238193348 -0.0039570740158111749 -0.037639841905588618 0.028604752138999708 0.02101194250226204 -0.077291292081121732 -0.027023227380889348 0.018316203121229831 0.016722356120999687 -0.021247006953695094
leaf_weight=110.79091387816834 28.033966656363191 108.51093823554766 255.88550606426088 38.5709560115356 89.648225899360114 55.481726954311853 111.44858043392924 52.776793981640367 2.8613662524148813 6.7658357388099821 20.753503042100419 110.47467045829217 19.453269012843521 31.217566012743191 25.748903062685713 56.146939720287719 77.479354563349261 10.748910889885336 11.436835439257264 57.046966744930614 382.47588909900514 21.407248651375998 12.767756407178238 79.314062629593536 56.678685763617977 3.4269339833408585 20.448314735433087 16.383453168906271 56.513943780091722 8.5853070087032375
leaf_count=752998 42020 33928 6069 376 15299 7535 3374 376 32 393 36871 36983 7602 3275 4751 40813 699 62614 607 9829 4177 266 96 486 434 31 238 91 1674 113
internal_value=0 0.00300118 0.00626338 0.00102811 -0.0100564 -0.0137266 0.0144131 0.0177049 0.0153946 0.015971 -0.0187516 -0.0159497 -0.0172869 0.0109184 -0.0256417 -0.018725 0.0262768 -0.0448856 -0.0139408 -0.0163193 0.0059827 0.0116818 0.00173389 0.0182958 0.00731352 -0.0140767 0.00745203 -0.00685541 0.0286167 0.0154529
internal_weight=0 1817.74 1521.1 926.155 286.096 296.64 594.949 483.5 430.724 427.862 241.158 220.404 196.448 287.103 109.93 81.8958 140.759 121.54 176.995 165.558 640.059 257.583 102.866 154.717 90.0982 24.8342 75.4027 36.8318 133.993 65.264
internal_count=1074050 258438 89465 73573 67265 168973 15892 12518 12142 12110 161438 124567 51966 9344 87584 45564 2766 815612 44364 43757 6308 2131 940 1191 844 297 705 329 2373 547
is_linear=0
shrinkage=0.05


Tree=85
num_leaves=31
num_cat=0
split_feature=0 0 0 211 42 211 66 199 204 181 70 164 48 209 77 206 173 2 96 194 99 117 2 200 171 182 95 34 208 110
split_gain=99.48 35.765 19.7916 14.1559 14.0883 11.9288 11.1857 9.03759 8.32167 7.85251 6.22871 6.10028 5.75249 5.65108 5.52447 5.41847 5.39987 5.36511 5.03772 4.51915 5.08048 8.35846 4.59006 4.51255 5.8344 4.70765 4.50666 5.06401 4.44636 7.80671
threshold=0.37969951586789719 0.0019437620776660012 0.94875966535953815 533313.50000000012 402.50000000000006 554971.50000000012 0.096819500000000017 29.071428571450003 10.500000000000002 0.65717850000000011 35.500000000000007 9.2250000000000014 1.0000000180025095e-35 2.5000000000000004 7.5000000000000009 7.5000000000000009 0.35230000000000006 189759.50000000003 0.062691000000000011 0.026652000000000006 0.059627500000000007 0.06318650000000002 5051.5000000000009 0.031643125000000008 0.10577800000000001 0.010933500000000001 1.8781725000000002 138702.50000000003 14.500000000000002 986.50000000000011
decision_type=2 2 2 2 2 2 2 2 2 2 2 2 2 2 2 2 2 2 2 2 2 2 2 2 2 2 2 2 2 2
left_child=1 -1 4 -3 5 11 7 28 13 -7 15 -2 -13 16 -11 -9 -5 23 -18 22 -21 -22 -12 24 25 -15 27 -16 29 -4
right_child=2 3 6 8 -6 9 -8 10 -10 14 19 12 -14 17 26 -17 18 -19 -20 20 21 -23 -24 -25 -26 -27 -28 -29 -30 -31
leaf_value=-0.047939818924852412 0.010925069697402394 -0.041936419219699393 0.011555677659989697 -0.012848599625284713 0.022081826745257997 -0.0080811788905589058 0.053206413529813805 0.010541991335890287 0.0092159567720935601 0.0071085282189032638 -0.055486918587007078 -0.026746337316171983 0.026902753798622055 0.020189018010410734 0.00026512158577145022 -0.063857953847783852 0.019391330481146003 -0.044338339706520104 -0.028303066584878328 0.037324290248115503 -0.048341842678401373 0.023019479289747843 0.029222323845743799 -0.025761444247397292 0.049915345033714253 -0.039312770922724054 0.007289429828833305 -0.029593923570402542 -0.0015646331293144699 -0.032927917686179385
leaf_weight=97.84171510947408 15.645895068028038 38.420884673439105 430.79289537764271 122.30485302139095 70.975429743619316 168.36003925383557 16.351157525554299 8.1722282422706467 48.693593629579482 386.16756440442987 3.2903580744750789 75.343319226327367 5.3514582948591842 5.9705611811950821 27.344201253552455 3.4932927484624079 27.125239742023041 23.526738991173261 6.9564292252434816 68.925528534688056 4.5848763249814501 39.071793654933572 3.1113616954535246 38.238400894625556 5.0859901954172519 7.4997401008367888 36.39782426081365 29.539873193367384 91.683268803230021 10.094092603540046
leaf_count=697189 2189 144827 2431 87811 942 7832 58 46 12234 6197 28 13872 522 3685 899 28 5610 30485 2769 304 23 179 19 41444 1039 8723 617 1089 881 78
internal_value=0 -0.0214483 0.00605071 -0.013444 0.000797318 -0.00123275 0.012352 0.0113448 -0.00960829 0.00120854 0.023129 -0.0176484 -0.0231885 -0.0134807 0.00447065 -0.0117374 -0.00794403 -0.0242605 0.0096564 0.0265474 0.0288711 0.015525 -0.0143166 -0.0159434 0.0042882 -0.0129393 -0.00644961 -0.0152407 0.00845386 0.0105372
internal_weight=0 421.664 1494.7 323.822 815.126 744.15 679.571 663.22 285.402 647.81 130.649 96.3407 80.6948 236.708 479.449 11.6655 156.387 80.3214 34.0817 118.984 112.582 43.6567 6.40172 56.7947 18.5563 13.4703 93.2819 56.8841 532.57 440.887
internal_count=1074050 1035816 38234 338627 34159 33217 4075 4017 193800 16634 627 16583 14394 181566 8802 74 96190 85376 8379 553 506 202 47 54891 13447 12408 2605 1988 3390 2509
is_linear=0
shrinkage=0.05


Tree=86
num_leaves=31
num_cat=0
split_feature=0 164 118 42 0 72 152 70 70 211 42 199 182 44 107 159 70 70 208 34 70 2 74 70 211 150 138 91 49 169
split_gain=94.8983 37.9075 17.2578 15.8113 15.3526 9.6838 9.53836 8.26143 9.95666 7.46566 7.22312 6.93156 6.85766 6.81894 6.99578 6.25642 7.52574 7.04964 7.03529 7.70253 7.16832 7.77949 7.42073 5.98619 5.97062 5.95626 5.76594 7.67513 6.12056 5.74328
threshold=0.0067794565405618597 15.708333333350001 0.023358 172.50000000000003 0.94875966535953815 1.5000000000000002 0.11497300000000001 103.50000000000001 97.500000000000014 521990.50000000006 8.5000000000000018 29.816666666650004 0.10617350000000002 1.0000000180025095e-35 13.500000000000002 0.1948835833335 43.500000000000007 11.500000000000002 16.500000000000004 272900.50000000006 106.50000000000001 20775.500000000004 215.12500000000003 35.500000000000007 621596.00000000012 0.047882500000000008 0.023543000000000005 28.500000000000004 1.0000000180025095e-35 8.5000000000000018
decision_type=2 2 2 2 2 2 2 2 2 2 2 2 2 2 2 2 2 2 2 2 2 2 2 2 2 2 2 2 2 2
left_child=25 3 9 4 6 10 7 8 12 -3 15 13 26 14 -6 24 17 -17 19 20 21 22 29 -13 -4 -1 28 -28 -2 -18
right_child=1 2 5 -5 11 -7 -8 -9 -10 -11 -12 23 -14 -15 -16 16 18 -19 -20 -21 -22 -23 -24 -25 -26 -27 27 -29 -30 -31
leaf_value=-0.048037338705052265 -0.012010083066858633 -0.048428961271729971 -0.022924908854898011 0.025302389063056981 0.0068678177603371058 0.010972725526989822 0.012465557075861182 0.0061243201263476987 -0.037963779339634608 -0.017750232501363369 -0.075969562826054465 -0.01713016334025565 0.041312183705339088 0.060596435240914175 0.036651966096550213 -0.020482983443943753 -0.062903146682662101 0.024825088627945639 -0.038462710623205498 -0.017105216670216149 0.019177125226212163 0.029094153438646554 0.035999653740196431 0.02702620173794168 0.050783744937810398 -0.0059139113851813955 -0.01057840332030674 0.021830668750526291 0.036446074780129865 -0.011306790871042537
leaf_weight=103.02860036581342 202.74265369828936 23.321186385484907 63.515808438878594 114.39614905630697 382.75481477202266 97.870002567946358 130.46495801527999 169.86896323452493 24.800252183233169 132.48702519570998 3.7777749792512614 8.3301302737090719 7.7930398720054646 6.3561693616211405 20.786070425994694 11.017313201264185 10.611216549834358 38.892660853824054 16.37981802124159 62.214998529068907 46.271705718580051 9.0236006884988438 4.1949987978623531 97.663225200492889 2.8716164125871719 9.1361916653286226 36.020201918334351 37.067049473324005 6.7332077442715663 10.968242423259651
leaf_count=766009 38837 65691 17263 2578 2399 4283 6440 25777 10662 57082 756 50 136 21 144 827 1185 2127 3253 7488 2044 877 165 453 100 49603 5326 1432 685 357
internal_value=0 0.00281209 -0.00834131 0.00758776 0.0057966 -0.00256431 0.000464169 -0.00276403 -0.00755485 -0.0223422 -0.00730039 0.0121585 -0.00495752 0.00921134 0.00840198 -0.00636034 -0.00212311 0.0148236 -0.00742054 -0.0038719 0.00628368 -0.010861 -0.0248493 0.0235559 -0.0197366 -0.0446062 -0.00623363 0.00585823 -0.0104526 -0.0366781
internal_weight=0 1779.19 533.418 1245.78 1131.38 377.61 615.49 485.025 315.156 155.808 279.74 515.89 290.356 409.897 403.541 275.962 209.575 49.91 159.665 143.285 81.0698 34.7981 25.7745 105.993 66.3874 112.165 282.563 73.0873 209.476 21.5795
internal_count=1074050 258438 163498 94940 92362 40725 89295 82855 57078 122773 36442 3067 46416 2564 2543 35686 18323 2954 15369 12116 4628 2584 1707 503 17363 815612 46280 6758 39522 1542
is_linear=0
shrinkage=0.05


Tree=87
num_leaves=31
num_cat=0
split_feature=0 204 0 42 211 0 208 47 83 79 42 112 202 2 150 82 102 34 70 70 184 206 73 149 138 34 70 102 118 127
split_gain=90.1301 36.3833 23.9751 14.6674 10.725 8.96655 8.04111 8.20006 7.15707 6.98776 6.77081 6.63286 5.95945 5.81502 5.73489 5.69334 6.68211 5.54292 7.45056 9.64979 6.86374 6.62448 5.47826 5.47323 5.43552 5.35987 7.8831 7.78028 10.2967 6.02543
threshold=0.0067794565405618597 4.5000000000000009 0.7740980979447657 7.5000000000000009 576873.00000000012 0.94875966535953815 9.5000000000000018 905.50000000000011 0.55278050000000012 7.5000000000000009 1.0000000180025095e-35 1.5000000000000002 0.10907200000000002 567261.00000000012 0.047882500000000008 621.50000000000011 0.14443500000000004 68784.500000000015 113.50000000000001 70.500000000000014 0.10519550000000001 8.5000000000000018 1.5000000000000002 2.5000000000000004 0.049539500000000007 221919.50000000003 41.500000000000007 0.11173500000000001 0.083224000000000006 0.11774100000000001
decision_type=2 2 2 2 2 2 2 2 2 2 2 2 2 2 2 2 2 2 2 2 2 2 2 2 2 2 2 2 2 2
left_child=14 2 4 5 11 6 23 -8 -4 13 -6 -2 -9 -5 -1 16 -12 18 19 21 -21 -10 -11 -3 25 29 -27 28 -28 -7
right_child=1 3 8 9 10 24 7 12 17 22 15 -13 -14 -15 -16 -17 -18 -19 -20 20 -22 -23 -24 -25 -26 26 27 -29 -30 -31
leaf_value=-0.047935595485775501 -0.025410657751932159 0.0025714450582284467 -0.022793149858398889 0.027546246970646511 -0.012862377359694026 0.015168505469065799 -0.019815130834025026 -0.014089823712422588 0.027986492784879243 -0.028122261861337379 0.0081738917404513729 -0.0021617276386292901 0.011318986298741035 0.0049620764752894798 -0.0063259214509498651 0.039730409061997075 -0.051079138466450881 -0.00023345005143124583 0.023286768252756142 -0.051493606514656898 -0.0036581271315579778 -0.011193823819944194 0.047056674363944534 0.022051914531934152 0.033151388674804626 0.01515395951477313 -0.047901398538317652 -0.0232834264089198 0.030895417190770554 -0.043765179409237159
leaf_weight=98.509284030793879 183.92291337730421 141.88112963051935 25.870824417856056 159.59586074399067 86.300194658197142 233.75688021723181 75.070276092992572 36.294291141774011 34.241026730160229 11.544076669232707 40.249267613900884 36.820203685111665 63.368168374227025 34.699527670158204 9.0408720144323507 12.112079881797397 5.3959757943757714 256.28269094973803 73.728563466458581 10.91338610491948 23.968491692794487 15.751080549089236 3.066997366026043 48.34182038705876 26.604478075169027 54.718621628591791 5.393502393737438 42.435949532780796 17.923277501016855 4.4191080757882437
leaf_count=766009 177843 8679 1644 1381 20337 1349 13193 6120 299 1726 3126 9266 5435 433 49603 280 405 3358 743 212 412 277 16 1062 111 254 77 263 97 40
internal_value=0 0.00270832 -0.00512555 0.00928795 -0.014607 0.00602511 0.000408886 -0.00733488 0.00272195 0.0210052 -0.00399449 -0.0215327 0.00206581 0.0235129 -0.0444378 0.00925578 0.00116926 0.00431298 0.0116595 0.00155904 -0.0186243 0.0156419 -0.0123415 0.00752206 0.0113454 0.00972788 0.00113338 -0.0105344 0.0126686 0.0140751
internal_weight=0 1764.67 805.557 959.114 364.801 750.208 364.956 174.733 440.756 208.906 144.058 220.743 99.6625 194.295 107.55 57.7573 45.6452 414.885 158.603 84.874 34.8819 49.9921 14.6111 190.223 385.252 358.647 120.471 65.7527 23.3168 238.176
internal_count=1074050 258438 218202 40236 211257 36680 34489 24748 6945 3556 24148 187109 11555 1814 815612 3811 3531 5301 1943 1200 624 576 1742 9741 2191 2080 691 437 174 1389
is_linear=0
shrinkage=0.05


Tree=88
num_leaves=31
num_cat=0
split_feature=0 211 2 0 138 211 42 168 113 157 47 170 162 43 210 102 202 200 206 173 42 178 149 168 91 210 2 209 74 39
split_gain=86.0188 34.2871 16.561 15.5317 11.0446 10.0301 9.98866 9.9502 8.17419 7.53263 8.27071 7.09525 6.80781 6.41503 6.33987 6.96757 7.02516 6.26273 5.93054 5.58847 5.40024 5.61111 7.36363 5.53079 5.66065 5.24586 5.19775 5.46316 5.17445 5.11892
threshold=0.0067794565405618597 573353.50000000012 28737.000000000004 0.86620967868038068 0.029091500000000003 521990.50000000006 15.500000000000002 269.50000000000006 2.5000000000000004 5.708333333335001 519.50000000000011 0.9651280000000001 0.075386541666650014 2.5000000000000004 10.500000000000002 0.11391650000000002 0.14320650000000004 0.029638666666700005 10.500000000000002 0.2738445000000001 3860.0000000000005 3.5000000000000004 4.5000000000000009 81.500000000000014 65.500000000000014 1.0000000180025095e-35 1597724.0000000002 5.5000000000000009 121.08333333350002 3.5000000000000004
decision_type=2 2 2 2 2 2 2 2 2 2 2 2 2 2 2 2 2 2 2 2 2 2 2 2 2 2 2 2 2 2
left_child=19 3 6 5 9 -2 11 17 25 -4 12 -3 -11 -8 -12 -16 -17 -7 -13 -1 21 23 -23 24 26 -6 27 -5 -20 -10
right_child=1 2 4 20 8 7 13 -9 29 10 14 18 -14 -15 15 16 -18 -19 28 -21 -22 22 -24 -25 -26 -27 -28 -29 -30 -31
leaf_value=-0.048731925429294283 -0.047443537919678286 -0.0043343058312416329 -0.013195805514796821 0.00016344094123325152 -0.046468127874253549 -0.0073097506012167416 0.038324364284247583 0.02505307890123919 0.025914096863926081 -0.029432707991669561 0.0027127806556354731 0.016420368282522229 0.013623448736313565 0.011353950179270215 -0.035543328662901601 0.0086502269306637514 -0.025655029988746809 -0.022642272376465863 0.0059582690780660879 -0.014217648843306688 0.054822241024491847 0.029259451462626353 -0.053074157218090438 0.011380032061623167 -0.054907362480596779 0.0046093308651638668 -0.039396025142709713 -0.042381014363573236 -0.034178391186622671 -0.031119382635045847
leaf_weight=90.21371002557089 22.479758680160103 68.852835347813198 117.18972742220103 118.01443783700233 5.3878204163520413 131.58585534757276 59.37358239061723 16.403160903513708 83.886329575043419 9.8575104167903174 117.03142995239796 310.70882169201832 133.71843318849278 35.070867139169422 28.181362956245721 36.116870230342101 25.432434998136159 134.85559985658483 91.414254850654288 13.4809168785614 4.7198265604674807 26.908210359048102 3.020517047494649 53.713088814751245 6.0174703440861768 75.036923283731085 10.36183246783912 8.0610811867518333 8.8034302355645178 4.1278107593461746
leaf_count=727272 74317 7931 14350 1605 308 40572 537 1568 1937 834 6105 6096 5124 354 2361 1875 1895 81157 3536 88340 25 166 25 468 79 3685 236 336 549 407
internal_value=0 0.0026272 0.0072904 -0.0078987 0.00173252 -0.015298 0.0134459 -0.0127432 0.0127102 -0.00222248 0.00144815 0.0105201 0.0106673 0.0283092 -0.00495366 -0.0149526 -0.00552485 -0.0150701 0.013009 -0.0442449 0.00188916 0.000784169 0.02095 -0.00229248 -0.00744774 0.00118755 -0.00535457 -0.00255679 0.00243254 0.0232393
internal_weight=0 1746.33 1210.19 536.141 635.967 305.324 574.224 282.845 168.439 467.528 350.338 479.779 143.576 94.4444 206.762 89.7307 61.5493 266.441 410.927 103.695 230.816 226.097 29.9287 196.168 142.455 80.4247 136.437 126.076 100.218 88.0141
internal_count=1074050 258438 57884 200554 38881 197614 19003 123297 6337 32544 18194 18112 5958 891 12236 6131 3770 121729 10181 815612 2940 2915 191 2724 2256 3993 2177 1941 4085 2344
is_linear=0
shrinkage=0.05


Tree=89
num_leaves=31
num_cat=0
split_feature=0 0 204 115 42 66 70 70 204 115 141 70 211 48 211 99 83 152 72 157 143 199 104 42 0 83 151 170 96 72
split_gain=81.5019 33.4788 23.4009 12.7962 12.7573 10.1064 9.259 11.3898 6.73705 6.63129 6.37429 6.36928 6.15181 6.22369 5.82716 6.10614 6.67599 5.80679 6.90614 6.29009 9.60216 8.57122 5.76526 5.62665 5.47221 5.52329 5.44997 5.38876 5.23394 5.22418
threshold=0.0067794565405618597 0.94875966535953815 2.5000000000000004 0.048431000000000009 7.5000000000000009 0.096819500000000017 100.50000000000001 99.500000000000014 12.500000000000002 0.20757000000000003 134.50000000000003 126.50000000000001 521990.50000000006 1.0000000180025095e-35 602869.50000000012 0.038825500000000006 0.57701950000000013 0.12193150000000001 1.0000000180025095e-35 8.2916666666650016 0.30952380952350006 23.535714285700003 0.14635200000000004 3860.0000000000005 0.7740980979447657 0.57387650000000012 0.049519500000000001 3.9830965000000007 0.054641500000000003 3.5000000000000004
decision_type=2 2 2 2 2 2 2 2 2 2 2 2 2 2 2 2 2 2 2 2 2 2 2 2 2 2 2 2 2 2
left_child=26 2 3 12 6 8 7 17 23 -10 29 22 -2 14 15 16 -14 19 -19 -4 21 -21 24 27 25 -5 -1 -3 -13 -6
right_child=1 5 4 11 10 -7 -8 -9 9 -11 -12 28 13 -15 -16 -17 -18 18 -20 20 -22 -23 -24 -25 -26 -27 -28 -29 -30 -31
leaf_value=-0.048156516402976489 -0.047014176341972275 0.0054424146849366157 -0.019166787191800053 -0.043000559403288431 0.012496090077888303 0.052048196104724345 0.0071153017312920565 -0.044191191628176023 0.021876419119217394 -0.015658609329647553 -0.046841949749728481 0.029395449674005147 -0.018378367281976754 0.0099051853323176824 0.01701051018119026 -0.030149468495005383 0.024400493233103462 -0.04082395973974192 0.016500123847169233 0.00098110083780378072 0.025964774631912942 -0.028112201484585778 -0.029648838417552816 0.052039179450395684 0.0078981406415625285 -0.005931620474766244 -0.010930537039860718 0.02893851131343957 -0.040145755842716457 0.039602539434490984
leaf_weight=88.397424651229358 20.276404409002225 439.19919570820639 79.792145185263507 12.034211762327685 156.95499150086835 14.965697845444081 194.69074522900974 19.150489383190688 156.25992380245589 12.725217424333094 4.1884241222824121 21.686251522407478 46.9841911650974 18.03323376292883 9.5668845905202016 108.14000665883896 11.316732142582621 5.8903105090466843 48.647638429756626 85.664611555226656 25.803815467297682 35.936123141462303 23.067734480238869 6.960052363574504 65.062626785540488 60.911621788312914 11.062421179282408 25.838269591098651 3.091438669103808 20.045265526829098
leaf_count=750968 68741 3010 16349 7149 4295 58 17975 6306 788 73 2427 1294 18119 9660 821 64011 870 659 2358 10160 1292 4122 2586 26 1044 13553 64644 120 435 137
internal_value=0 0.00252632 -0.00289755 -0.0124824 0.00276999 0.0114312 -0.0013809 -0.00687845 0.0104829 0.0190499 0.0141233 -0.00288114 -0.0208086 -0.0180702 -0.0209365 -0.0231176 -0.0100746 -0.00434217 0.0103089 -0.00785912 -0.00173813 -0.00761671 -0.00651145 0.00741576 -0.0026441 -0.0120471 -0.0440161 0.0067479 0.020719 0.0155659
internal_weight=0 1732.88 1076.94 400.171 676.765 655.948 495.576 300.885 640.983 168.985 181.189 185.854 214.317 194.041 176.008 166.441 58.3009 281.735 54.5379 227.197 147.405 121.601 161.076 471.998 138.008 72.9458 99.4598 465.037 24.7777 177
internal_count=1074050 258438 254363 188283 66080 4075 59221 41246 4017 861 6859 26061 162222 93481 83821 83000 18989 34940 3017 31923 15574 14282 24332 3156 21746 20702 815612 3130 1729 4432
is_linear=0
shrinkage=0.05


Tree=90
num_leaves=31
num_cat=0
split_feature=0 177 0 208 199 34 83 2 209 182 152 62 70 100 206 72 42 166 154 208 172 202 34 193 96 125 169 156 70 157
split_gain=77.5805 32.5663 16.4064 14.4349 10.2506 9.07483 8.78684 7.20662 7.08207 6.75351 6.50633 7.27293 6.24814 7.59111 6.44522 6.15319 6.11093 6.37976 7.58841 6.08234 6.07061 6.28578 6.31264 6.1119 5.96595 7.54389 5.90077 5.85594 5.70894 8.47356
threshold=0.0067794565405618597 2.6333333333350004 0.7740980979447657 8.5000000000000018 8.2678571428550018 84103.500000000015 0.54217850000000012 625678.00000000012 2.5000000000000004 0.0043405000000000015 0.090978500000000004 25.500000000000004 118.50000000000001 1.5000000000000002 13.500000000000002 1.0000000180025095e-35 1707.0000000000002 0.75500000000000012 7.5000000000000009 16.500000000000004 0.12782600000000002 0.10580400000000002 17021.500000000004 0.038916500000000007 0.037995500000000008 0.11933450000000002 9.5000000000000018 1.2250000000000003 21.500000000000004 8.7750000000000021
decision_type=2 2 2 2 2 2 2 2 2 2 2 2 2 2 2 2 2 2 2 2 2 2 2 2 2 2 2 2 2 2
left_child=-1 2 6 4 -3 10 -2 19 -9 -4 20 15 13 -11 -14 -12 17 -6 26 -8 27 22 -22 -24 -17 -26 -19 -5 -7 -30
right_child=1 3 9 5 16 28 7 8 -10 12 11 -13 14 -15 -16 24 -18 18 -20 -21 21 -23 23 -25 25 -27 -28 -29 29 -31
leaf_value=-0.043829906930292067 -0.042314010984309813 -0.0014458061722310085 -0.046188538588202814 -0.081120551170572944 0.0068971582894792847 0.016665426982136175 -0.0041720073952228025 -0.016347194677883852 -0.052106403938173999 0.0017274124694696511 -0.0052326173945132096 -0.009786187855494061 0.015210442458799251 -0.022673212570222135 -0.023712095282902367 0.039107909194114263 0.040270401303630708 0.0052925638258551856 0.033841087161920032 -0.032162081384561413 -0.038631675296046747 0.0053250599167702023 0.023574270488868829 -0.044291493118970217 -0.018492282186264222 0.026189456546698416 0.026077239552727595 0.024184968521325286 -0.01899780927586775 0.00072439947062244447
leaf_weight=95.627890112991281 24.100151616893072 75.991764388490992 7.2123142170894416 1.3769644287240215 108.91551330578477 31.387561040535729 223.05118355590139 72.241103615664542 17.129017404845399 210.10937189999822 17.544391606472345 21.214260193528389 115.99069286051235 37.574747261860466 11.709669289375595 49.690237046837865 30.261438033805462 76.462282309192233 81.114259513255092 21.258812626658255 21.450445837811458 58.253560998398825 10.979034505007801 4.7540595839800508 12.788820792527984 36.146704855309508 61.704912521647202 32.014698316866088 82.619260373335237 159.80400954510787
leaf_count=815612 74124 2932 280 152 2137 1729 78172 24517 13182 3477 367 660 1467 1154 309 580 157 1459 983 23374 1519 2368 480 572 542 622 496 870 11486 8271
internal_value=0 0.00244416 -0.00546081 0.00845012 0.0152348 0.00299185 -0.0131576 -0.0110518 -0.0232009 0.00173678 0.0095653 0.0171347 0.00265758 -0.00197427 0.0116414 0.0220508 0.018771 0.0167886 0.0217017 -0.00660758 0.00149322 -0.00492685 -0.020988 0.00306731 0.0269042 0.0145123 0.0145749 0.0198425 -0.00339919 -0.00599704
internal_weight=0 1714.85 740.377 974.474 434.45 540.024 357.78 333.68 89.3701 382.597 266.213 137.384 375.384 247.684 127.7 116.17 358.458 328.197 219.281 244.31 128.829 95.4371 37.1835 15.7331 98.6258 48.9355 138.167 33.3917 273.811 242.423
internal_count=1074050 258438 220056 38382 8164 30218 213369 139245 37699 6687 8732 2771 6407 4631 1776 2111 5232 5075 2938 101546 5961 4939 2571 1052 1744 1164 1955 1022 21486 19757
is_linear=0
shrinkage=0.05


Tree=91
num_leaves=31
num_cat=0
split_feature=0 0 211 196 42 34 204 167 42 183 156 47 183 178 211 210 2 166 91 62 62 157 156 0 108 34 127 164 87 77
split_gain=74.335 28.7659 15.2385 14.0605 11.5869 10.091 7.77708 7.35179 7.30298 7.21505 6.10678 6.59279 6.17955 5.80521 6.97077 6.99452 8.62989 5.72793 6.1519 5.75155 5.68461 5.91666 5.57158 5.51494 6.59072 6.57903 6.20191 5.42453 5.39284 5.11945
threshold=0.37969951586789719 0.0019437620776660012 573353.50000000012 6.5000000000000009 124.50000000000001 68784.500000000015 2.5000000000000004 2.5000000000000004 51.500000000000007 0.11761300000000001 1.1833333333350002 2062.5000000000005 0.052700000000000004 3.5000000000000004 571874.50000000012 13.500000000000002 105656.50000000001 0.52857142857150008 84.500000000000014 25.500000000000004 3.5000000000000004 4.7750000000000012 1.1833333333350002 0.94875966535953815 1.0000000180025095e-35 2646.5000000000005 0.021408500000000004 8.7083333333350019 382.50000000000006 8.5000000000000018
decision_type=2 2 2 2 2 2 2 2 2 2 2 2 2 2 2 2 2 2 2 2 2 2 2 2 2 2 2 2 2 2
left_child=1 -1 6 8 5 17 23 -5 9 -3 -7 -12 -13 14 15 16 29 -4 19 -19 -6 -22 -21 -2 -25 -26 -27 -14 -16 -8
right_child=2 3 4 7 20 10 13 -9 -10 -11 11 12 27 -15 28 -17 -18 18 -20 22 21 -23 -24 24 25 26 -28 -29 -30 -31
leaf_value=-0.047106247467491702 -0.016063428666299517 -0.0080163714499700538 0.048006332604534012 -0.038022369718936244 0.033435962053909578 -0.0072166369568230308 0.023138506233191993 -0.015182617486064446 0.033876206202697844 0.042561490757796944 0.0033859620134865753 0.048160443291170786 0.022497472510143966 0.02406133901292587 -0.054021860918168144 -0.012882718681613489 -0.012728639173983251 0.011623933641733003 0.026668907770203927 0.027386541338764104 -0.04080170696267868 0.017060307958307958 -0.022715477075210776 0.024596957140516029 -0.063696341552716959 0.020212077502802975 -0.027241192044035703 -0.029325157665290813 0.023310322627177023 -0.015895965739091883
leaf_weight=76.715343921486692 132.37601841967444 123.47928842827287 11.554492987459524 54.59752266813166 64.566115296445787 123.55596442901879 70.509386997691763 99.338678708199495 13.211575564586381 7.478158040345078 413.62422187483753 16.36162329884246 19.388834453304302 29.578600835055113 9.5822970513545425 48.717357137677027 30.603840418873006 247.66210275623598 60.444792774505913 7.2155213596415733 5.2204257394187144 28.74442653497681 24.023818547371775 21.231828438292723 5.0429250113083972 14.973544107517229 12.747145375935359 6.8279688529437399 2.9480098058702415 9.535740661849557
leaf_count=697189 18056 102115 150 139617 333 2909 1270 92213 3919 763 5915 104 197 270 263 2087 1462 3178 361 110 53 159 367 163 101 118 128 99 34 347
internal_value=0 -0.0198013 0.00523764 -0.0127746 0.00842061 0.00669439 -0.00320869 -0.0232833 -0.00155384 -0.00512819 0.00264387 0.00531445 0.0240486 0.00360099 8.03412e-05 0.00290366 0.0098542 0.0133867 0.0122079 0.00907383 0.0247254 0.00816687 -0.0111431 -0.0105702 0.00289694 -0.0111653 -0.00160894 0.00900066 -0.0358279 0.0184883
internal_weight=0 374.821 1417.04 298.105 1029.19 930.659 387.847 153.936 144.169 130.957 579.759 456.203 42.5784 201.475 171.897 159.366 110.649 350.901 339.346 278.901 98.531 33.9649 31.2393 186.371 53.9954 32.7636 27.7207 26.2168 12.5303 80.0451
internal_count=1074050 1035816 38234 338627 13935 13390 24299 231830 106797 102878 9224 6315 400 5733 5463 5166 3079 4166 4016 3655 545 212 477 18566 510 347 246 296 297 1617
is_linear=0
shrinkage=0.05


Tree=92
num_leaves=31
num_cat=0
split_feature=0 0 196 56 44 211 91 91 39 34 118 182 104 138 172 193 102 196 174 168 70 3 126 125 82 158 184 170 210 175
split_gain=70.0607 28.8908 21.4532 11.3242 9.73438 9.58847 8.20398 8.06838 7.5731 7.73436 7.32714 6.64563 5.61676 5.9865 5.53892 5.30596 6.37293 5.2261 5.20187 5.11258 6.16684 5.68769 5.09844 5.03946 7.05166 6.8714 6.72668 4.99207 5.37314 5.29763
threshold=0.0067794565405618597 0.86620967868038068 4.5000000000000009 1.0000000180025095e-35 1.0000000180025095e-35 521990.50000000006 12.500000000000002 43.500000000000007 1.5000000000000002 42554.500000000007 0.14595000000000002 0.088896000000000017 0.33723300000000006 0.023543000000000005 0.19947300000000004 0.025381000000000004 0.12915300000000002 1.5000000000000002 4.5000000000000009 190.50000000000003 58.500000000000007 0.001433 0.06550300000000002 0.11778950000000002 621.50000000000011 2.3666666666650005 0.13783500000000004 2.8591915000000001 5.5000000000000009 30.500000000000004
decision_type=2 2 2 2 2 2 2 2 2 2 2 2 2 2 2 2 2 2 2 2 2 2 2 2 2 2 2 2 2 2
left_child=14 2 3 7 8 -4 15 11 9 -3 18 22 13 17 -1 -7 -17 -11 -9 21 -21 -10 -2 24 25 26 -8 28 -19 -30
right_child=1 4 5 -5 -6 6 23 10 19 12 -12 -13 -14 -15 -16 16 -18 27 -20 20 -22 -23 -24 -25 -26 -27 -28 -29 29 -31
leaf_value=-0.048254341880473992 -0.0074571597008386463 0.019713260000832178 -0.048752711544481984 0.018887004324873512 0.037926052917301098 0.0092144039557801437 -0.013608887233233675 -0.0017762395014487887 -0.07741501379781579 0.008999774595313037 0.042129713020159006 0.018243043301332636 -0.022616505560881975 0.022454187270449483 -0.01146827172241276 -0.042024577795158363 -0.014753063706922817 -0.030293720244375485 0.028368932272460564 -0.015228313661633956 0.043443575755337603 0.002144778608645061 -0.032313417771925632 -0.054040692913906667 0.018858942219138444 0.00087922297280817378 -0.057594223081325405 -0.050330045815442842 -0.064526622833149125 0.014247401649411554
leaf_weight=76.745992557237059 147.35546606418757 185.92020924971439 18.727560020687179 87.58849535821264 26.56562883593142 10.488050534449028 105.54395344074419 71.755534778204492 2.2575592994689933 129.89858917548554 14.873523925525658 22.019423844938501 15.781693788245319 56.078475037589669 11.80719848885701 43.077437565582841 42.613164729721575 13.233444496290756 17.87597152201306 6.2935751508921411 15.529962399043141 454.85242840735009 23.988830765219973 5.5845006275649203 25.48415673449017 96.165820560971042 9.4721901560060342 6.6723211333155623 2.3163231569342342 27.159868541639298
leaf_count=734861 49556 1226 66867 4629 136 4333 29284 10389 20 954 379 3494 119 318 80751 31142 15343 166 1458 98 84 4810 5988 893 1887 22739 1756 61 34 275
internal_value=0 0.00227795 -0.0050977 0.00308272 0.00808899 -0.0139263 -0.0119991 -0.00156454 0.00722366 0.0119828 0.00962905 -0.00761422 0.00625989 0.00819616 -0.0433495 -0.0243541 -0.0284627 0.00373628 0.00423587 0.00288062 0.0265235 0.00175185 -0.0109371 -0.00709395 -0.00598617 -0.00898433 -0.0172313 -0.0101093 -0.00382577 0.00805711
internal_weight=0 1685.17 742.614 385.457 942.56 357.157 338.429 297.869 915.994 437.061 104.505 193.364 251.141 235.359 88.5532 96.1787 85.6906 179.281 89.6315 478.934 21.8235 457.11 171.344 242.251 236.666 211.182 115.016 49.382 42.7096 29.4762
internal_count=1074050 258438 250137 75893 8301 174244 107377 71264 8165 3153 12226 59038 1927 1808 815612 50818 46485 1490 11847 5012 182 4830 55544 56559 55666 53779 31040 536 475 309
is_linear=0
shrinkage=0.05


Tree=93
num_leaves=31
num_cat=0
split_feature=0 211 42 0 70 70 2 104 100 156 87 204 206 113 98 101 183 150 150 114 204 152 158 199 210 95 58 56 86 83
split_gain=66.657 27.9915 22.0443 14.6599 12.8513 10.5899 10.3139 9.66245 8.27635 7.31375 6.67041 6.25637 6.14291 6.06376 5.59369 5.56299 5.52782 5.58362 5.33762 5.6206 5.31795 5.44641 5.21739 6.03288 6.37427 5.73951 5.51739 5.1847 5.05545 5.63076
threshold=0.0067794565405618597 557629.50000000012 1.0000000180025095e-35 0.94875966535953815 103.50000000000001 99.500000000000014 625678.00000000012 0.067282000000000008 1.0000000180025095e-35 1.3666666666650003 2029.5000000000002 17.500000000000004 4.5000000000000009 2.5000000000000004 4.7750000000000012 0.11241550000000002 0.056627000000000004 0.046833500000000007 0.047882500000000008 2.5000000000000004 3.5000000000000004 0.061105500000000007 1.3666666666650003 13.071428571450001 2.5000000000000004 0.65046950000000014 0.026069000000000005 1.0000000180025095e-35 0.059568000000000003 0.57387650000000012
decision_type=2 2 2 2 2 2 2 2 2 2 2 2 2 2 2 2 2 2 2 2 2 2 2 2 2 2 2 2 2 2
left_child=18 7 3 4 5 28 8 9 12 20 -11 -10 -4 -14 15 -6 17 -15 -1 -20 21 -2 -8 24 -24 -26 -25 -5 29 -3
right_child=1 2 6 27 14 -7 22 -9 11 10 -12 -13 13 16 -16 -17 -18 -19 19 -21 -22 -23 23 26 25 -27 -28 -29 -30 -31
leaf_value=-0.047135716080328204 -0.034736962811040037 -0.039325015177486308 0.02960166383554302 0.0061919144931499442 0.014360391884760675 -0.042823848603815072 -0.047841478815519846 0.007944967101145629 -0.013053578406855979 -0.004219705187142527 -0.042778649396669727 0.032609163413501216 0.0086732741951882734 0.017020949627466832 -0.0071234900929214931 -0.063498919372939819 0.035057746023725175 -0.056080782669317847 -0.0078539367708388621 0.48901719146016859 0.00017433365848954302 0.053151478575690372 -0.040049717090044061 -0.03559827617975074 0.0023230832414747118 0.034828997737808051 0.0067813087554600806 0.041067760447319919 0.043395494719858818 -0.0081870501071649119
leaf_weight=77.293843280851434 80.50814028713603 15.319262906070433 90.864119369820401 373.59997479984304 101.19275317475967 25.098346179778673 5.8152915274131365 43.713975008588932 37.785417188856627 92.803003797084784 12.75803822148964 9.3594050202245835 176.44323868381161 84.779062143465126 55.10669826233152 2.3473986390890778 54.479210492609127 2.6952097533430779 7.9732817902022344 0.057325287214552989 14.347719025580771 1.802195077691066 5.8072705819959074 17.522980104140519 35.016095714863695 22.182298544321384 13.67226695094814 10.969378968700765 4.5329420994894454 277.80914393799776
leaf_count=766009 99614 5842 1502 2370 6751 8253 466 6964 2692 35041 20056 142 7313 1000 9879 201 412 41 49489 114 4328 118 321 884 1232 383 145 52 56 42380
internal_value=0 0.00220453 0.00489756 -9.19436e-05 -0.00590646 -0.0116339 0.0126629 -0.0133711 0.0158496 -0.017979 -0.00887991 -0.0039884 0.0181348 0.0148624 0.00574583 0.0125952 0.0225552 0.0147686 -0.0431048 -0.0043071 -0.0279161 -0.0328126 -0.00187901 0.000958387 0.00986186 0.0149293 -0.0170241 0.00718671 -0.00900405 -0.00981436
internal_weight=0 1668.33 1422.4 865.976 481.407 322.76 556.422 245.933 456.406 202.219 105.561 47.1448 409.261 318.397 158.647 103.54 141.953 87.4743 85.3245 8.03061 96.6581 82.3103 100.016 94.2009 63.0057 57.1984 31.1952 384.569 297.661 293.128
internal_count=1074050 258438 92317 75784 73362 56531 16533 166121 13102 159157 55097 2834 10268 8766 16831 6952 1453 1041 815612 49603 104060 99732 3431 2965 1936 1615 1029 2422 48278 48222
is_linear=0
shrinkage=0.05


Tree=94
num_leaves=31
num_cat=0
split_feature=0 0 0 164 170 66 42 42 167 138 183 42 62 184 2 47 128 164 165 159 70 114 191 91 96 210 181 175 170 164
split_gain=64.5236 25.5402 13.6688 13.3435 10.4199 9.40285 8.31753 8.00935 7.78451 6.65539 6.08686 5.55089 5.15091 4.99432 4.92978 5.76492 4.83572 4.7609 5.83618 5.0475 6.60832 5.53992 4.7216 5.56891 4.48412 4.4632 4.4165 6.40447 7.14389 7.92949
threshold=0.37969951586789719 0.0019437620776660012 0.94875966535953815 13.225000000000001 0.78406500000000012 0.096819500000000017 2.5000000000000004 297.50000000000006 2.5000000000000004 0.027653 0.11761300000000001 15.500000000000002 7.5000000000000009 0.095543000000000017 1807278.0000000002 227.50000000000003 0.055297500000000006 4.9000000000000012 0.81666666666650012 0.40938790000000008 58.500000000000007 4.5000000000000009 0.086223500000000008 32.500000000000007 0.047545500000000011 6.5000000000000009 1.4366015000000003 49.500000000000007 2.8591915000000001 13.708333333350001
decision_type=2 2 2 2 2 2 2 2 2 2 2 2 2 2 2 2 2 2 2 2 2 2 2 2 2 2 2 2 2 2
left_child=1 -1 4 7 12 11 9 10 -5 -6 24 26 14 -14 15 25 -13 18 -8 21 -21 -19 23 -22 -3 -2 -4 -28 -29 -30
right_child=2 3 5 8 6 -7 17 -9 -10 -11 -12 16 13 -15 -16 -17 -18 19 -20 20 22 -23 -24 -25 -26 -27 27 28 29 -31
leaf_value=-0.046528092218771779 -0.016570317218947563 -0.00044632710511370691 0.0035694395000495844 -0.039588133254412697 -0.0039133503090294812 0.051360213100393716 0.048382803673175621 0.045222488048581602 -0.015002652366658138 0.01397554523502418 0.03859541159579221 0.012277892320015879 -0.052900257297323762 -0.012516112698955259 -0.023250369134724547 -0.0071886645859898903 0.039082715626493222 0.019680485319343188 0.014186957272135071 -0.031961650091907289 -0.054446571068932227 -0.078764223470323649 0.027521844573213008 0.0027953654692323567 -0.020425673463707314 0.030015329948724426 0.0086697772482609986 0.043150586931246231 0.041857371823689003 -0.026906673436781894
leaf_weight=68.084120928615221 6.8111716419225585 82.913457405505142 294.88511110091349 47.964073748913961 296.36260284386299 13.665712207555769 16.845507476537023 8.6001946805536118 97.943661474625515 63.055485415112344 7.6967264388822505 43.879251772304997 12.341676084193749 20.164315972499026 32.901947948910674 98.675668635098191 27.290473168250173 59.617921708297217 48.117786296206759 14.80245888401805 4.7651056923496062 1.464184097945689 17.153340082721115 39.226200758515915 42.468175403559599 20.972503613913432 199.74729431822198 31.275467462022789 7.4062938434071866 9.6612093318253738
leaf_count=697189 355 61921 2255 135435 11680 58 98 1809 92824 1030 802 283 1254 1113 3037 11963 139 807 411 912 94 8 281 484 45836 632 1125 135 28 52
internal_value=0 -0.0189909 0.00489072 -0.0124717 0.000349622 0.0103393 0.00378745 -0.00154199 -0.0230846 -0.000774963 -0.00456415 0.00942657 -0.00970959 -0.0278489 -0.00600959 -0.00152391 0.0225564 0.0119056 0.0230542 0.00662029 -0.00198574 0.0173207 0.0052711 -0.00340504 -0.00721356 0.0185949 0.0077056 0.0126219 0.0289517 0.00293288
internal_weight=0 355.67 1381.09 287.586 753.278 627.811 561.411 141.679 145.908 359.418 133.078 614.145 191.867 32.506 159.361 126.459 71.1697 201.993 64.9633 137.029 75.9471 61.0821 61.1446 43.9913 125.382 27.7837 542.975 248.09 48.343 17.0675
internal_count=1074050 1035816 38234 338627 34159 4075 15805 110368 228259 12710 108559 4017 18354 2367 15987 12950 422 3095 509 2586 1771 815 859 578 107757 987 3595 1340 215 80
is_linear=0
shrinkage=0.05


Tree=95
num_leaves=31
num_cat=0
split_feature=211 0 42 0 70 70 44 34 208 2 101 98 34 156 95 206 169 48 208 164 135 43 105 162 84 210 210 82 191 98
split_gain=61.0083 23.4758 18.8793 16.0976 12.0214 8.70919 8.60985 8.15265 7.94403 8.90521 6.66363 6.51545 6.45333 6.39094 6.35776 6.06279 6.57837 5.76357 6.30334 5.73343 6.14307 5.46826 6.09959 5.23948 4.95715 5.14613 4.90752 5.58666 4.89939 4.88684
threshold=547652.50000000012 0.7740980979447657 1.0000000180025095e-35 0.051906632848472793 103.50000000000001 99.500000000000014 1.0000000180025095e-35 72519.500000000015 13.500000000000002 593143.50000000012 0.078854500000000008 2.0833333333350006 1481.0000000000002 1.6333333333350002 0.69437950000000015 10.500000000000002 6.5000000000000009 1.0000000180025095e-35 9.5000000000000018 14.63333333335 2.5000000000000004 3.5000000000000004 4.5000000000000009 0.096277250000000023 142.00000000000003 3.5000000000000004 4.5000000000000009 593.50000000000011 0.044931500000000006 14.900000000000002
decision_type=2 2 2 2 2 2 2 2 2 2 2 2 2 2 2 2 2 2 2 2 2 2 2 2 2 2 2 2 2 2
left_child=3 2 4 -1 5 14 7 15 9 10 12 -9 -4 26 -2 -3 -17 -16 -19 20 24 22 -13 -21 25 -6 27 -5 -24 -18
right_child=1 6 8 13 19 -7 -8 11 -10 -11 -12 21 -14 -15 17 16 29 18 -20 23 -22 -23 28 -25 -26 -27 -28 -29 -30 -31
leaf_value=-0.046279566748461044 -0.027046173535889326 0.015513139042502242 -0.040753755219530792 -0.018738073659392503 0.041808431785592584 -0.047168042157852384 0.034329936186134162 0.014775939319315227 -0.027937942096673864 -0.0094979244910116528 0.041104326858323388 -0.00093292895697595364 0.014244984708002069 -0.0039175125291674258 -0.012543705063144561 -0.018766336593394786 0.01209164648482218 0.051126343417096203 -0.018794994772489634 -0.003531345562858829 -0.074856530064966634 0.0072261135082875216 -0.053003303965251762 -0.046165456993044002 0.048830271824754294 0.00050850033162006621 -0.034538015824950967 0.050429007439608022 -0.012099075556318209 -0.042766672301700573
leaf_weight=67.244126398973094 76.840833584619759 323.39342551928712 5.6275754057860459 13.034531152674392 9.0901954111805008 25.41100868921967 29.517187081743032 95.908741523860954 14.957058143650327 43.723271497209453 22.840155101123855 239.80942744371714 102.0920118854292 58.657473822481734 98.038012352142687 28.493570954422466 76.440970324445516 7.8722630277061381 5.4579392074442694 29.280078710981797 2.0480764336753046 180.77107671287376 9.6957213238347304 9.55893045396442 8.4144287623557812 44.304199432033784 49.326730199908525 3.761985462409938 29.88394351163879 4.2872877896297714
leaf_count=547271 144767 2450 2084 8389 6298 76299 166 695 16290 9245 1085 2744 21482 19983 56170 690 703 2925 17652 36050 1239 1906 193 15523 2006 42540 35906 738 476 85
internal_value=0 0.00334699 -0.00546055 -0.026559 -0.0129341 -0.0196924 0.00772009 0.00692566 0.00703146 0.0100326 0.0165731 0.00292089 0.0113717 -0.0159317 -0.0159828 0.0120732 0.00188812 -0.00834944 0.0224976 0.00112421 0.0103378 0.000450004 -0.00393429 -0.0140243 0.0131608 0.00753966 -0.0265894 -0.00324644 -0.0221193 0.00917825
internal_weight=0 1523.76 505.556 192.025 316.316 213.62 1018.2 988.684 189.24 174.283 130.56 556.069 107.72 124.781 188.209 432.615 109.222 111.368 13.3302 102.696 63.8569 460.16 279.389 38.839 61.8088 53.3944 66.1232 16.7965 39.5797 80.7283
internal_count=1074050 461763 451655 612287 401469 297813 10108 9942 50186 33896 24651 6014 23566 65016 221514 3928 1478 76747 20577 103656 52083 5319 3413 51573 50844 48838 45033 9127 669 788
is_linear=0
shrinkage=0.05


Tree=96
num_leaves=31
num_cat=0
split_feature=0 211 42 156 2 66 2 211 82 206 53 157 103 98 77 0 48 161 2 43 91 168 208 87 131 200 160 2 191 210
split_gain=58.552 27.4631 12.9105 12.7946 10.9252 7.54263 8.38068 7.95216 6.83572 6.81908 7.50788 6.04277 7.3933 7.22715 5.65469 5.61883 6.28389 5.20513 5.14214 5.82706 4.91586 6.36028 5.86882 5.74497 5.11907 5.11209 7.77545 6.2247 5.65243 4.9023
threshold=0.0048211075022283351 573353.50000000012 172.50000000000003 1.0833333333350004 29531.000000000004 0.062324500000000012 126565.50000000001 531392.50000000012 575.50000000000011 4.5000000000000009 1.5000000000000002 6.5500000000000007 14.500000000000002 3.5500000000000003 8.5000000000000018 0.7740980979447657 1.0000000180025095e-35 0.021723550000000005 34467.500000000007 3.5000000000000004 87.500000000000014 101.50000000000001 8.5000000000000018 361.50000000000006 2.5000000000000004 0.046661833333350007 0.050981000000000005 238.50000000000003 0.041174000000000009 10.500000000000002
decision_type=2 2 2 2 2 2 2 2 2 2 2 2 2 2 2 2 2 2 2 2 2 2 2 2 2 2 2 2 2 2
left_child=-1 3 4 8 9 6 7 -5 -2 10 29 -8 13 -13 -9 16 -6 -16 19 -17 21 22 24 -24 -11 27 -27 -22 -29 -3
right_child=1 2 -4 5 15 -7 11 14 -10 20 -12 12 -14 -15 17 18 -18 -19 -20 -21 25 -23 23 -25 -26 26 -28 28 -30 -31
leaf_value=-0.043722811758674221 -0.03147426570488656 0.020203082163021645 0.024419196991430775 -0.034405635740069086 -0.0097274354387889041 0.0507928287719739 -0.043843368380346102 0.0075145725863426721 -0.010177276775866788 -0.03933519745803267 0.035132834147667852 -0.018122286785098116 -0.021007000578399947 0.031591062986131367 0.029376524284405195 -0.05414710243408706 0.020271066529315485 -0.022816558638247868 0.0048435201873574772 0.017679865077620743 -0.065752843260925009 -0.079669206135097356 0.0030916502697206118 -0.027201047838892069 0.017889677149776316 -0.056931110707084398 0.020277646765306492 -0.012209112641397383 0.035891712908630406 -0.013171886562869424
leaf_weight=73.27415365771958 69.701166418369894 28.574017771033141 90.017438123522879 14.350876940390206 181.80365734608631 6.5091533761988094 15.912237200176149 184.45466790560386 82.009459806816267 4.0783784302584527 51.026059480688673 12.987128808900708 55.862339126942516 16.726343648984766 5.7006030232805633 7.8069729157723469 19.31127464056317 29.480359314134603 332.18076026317431 4.4236492742784321 1.775477583909377 2.2219423958449616 216.44566478691877 16.87133448271652 93.580316909308749 5.0813051442200949 9.1018787277444044 7.0543934861525477 45.506277829303144 17.892221774988684
leaf_count=786094 88684 733 712 28398 34724 42 12200 24214 38600 97 1050 1710 23026 1772 657 84 4428 4896 3294 44 59 21 11974 1414 2503 78 476 347 585 1134
internal_value=0 0.00196736 0.00625024 -0.00787681 0.00468475 -0.00251565 -0.00354998 0.00165467 -0.0199619 0.0100297 0.021892 -0.0155496 -0.0102886 0.00986241 0.00401083 -0.000206433 -0.00684695 -0.0143594 0.00367122 -0.0281683 0.00715091 0.00464269 0.0052087 0.000901162 0.0154999 0.0193479 -0.00738337 0.0263255 0.0294359 0.00735177
internal_weight=0 1628.45 1134.75 493.694 1044.74 341.984 335.475 233.987 151.711 499.209 97.4923 101.488 85.5758 29.7135 219.636 545.526 201.115 35.181 344.411 12.2306 401.717 333.198 330.976 233.317 97.6587 68.5193 14.1832 54.3361 52.5607 46.4662
internal_count=1074050 287956 63757 224199 63045 96915 96873 58165 127284 20471 2917 38708 26508 3482 29767 42574 39152 5553 3422 128 17554 16009 15988 13388 2600 1545 554 991 932 1867
is_linear=0
shrinkage=0.05


Tree=97
num_leaves=31
num_cat=0
split_feature=0 211 42 0 169 87 208 2 70 206 2 199 157 0 34 158 47 44 82 82 203 184 42 194 102 104 117 173 148 100
split_gain=55.6893 25.5756 16.0812 12.1259 10.9751 8.96679 8.82872 10.5273 8.20163 6.69789 5.74535 6.39631 5.91083 5.65203 5.72662 5.54607 5.33406 5.26832 5.11135 5.09415 5.01935 7.5793 6.43814 5.00769 4.99352 4.9439 4.88311 5.04767 5.13308 4.87058
threshold=0.0048211075022283351 564452.50000000012 1.0000000180025095e-35 0.7740980979447657 13.500000000000002 2.5000000000000004 11.500000000000002 219020.50000000003 103.50000000000001 1.5000000000000002 415276.50000000006 13.071428571450001 7.2916666666650007 0.48090646582193369 504422.50000000006 2.3666666666650005 2759.5000000000005 1.0000000180025095e-35 576.50000000000011 657.50000000000011 32.500000000000007 0.092955000000000024 5.5000000000000009 0.026026500000000004 0.088364500000000012 0.58335850000000011 0.10620700000000001 0.28440400000000005 7.5000000000000009 8.5000000000000018
decision_type=2 2 2 2 2 2 2 2 2 2 2 2 2 2 2 2 2 2 2 2 2 2 2 2 2 2 2 2 2 2
left_child=-1 4 3 8 6 20 7 9 15 -2 -7 12 -12 14 -11 19 -6 25 -8 -3 21 24 26 -9 -4 -5 27 -23 -29 -17
right_child=1 2 5 17 16 10 18 23 -10 13 11 -13 -14 -15 -16 29 -18 -19 -20 -21 -22 22 -24 -25 -26 -27 -28 28 -30 -31
leaf_value=-0.043448371094704369 -0.065022906751129234 -0.024637447076218403 0.0021800040611167477 0.0049418564697507293 0.0064563434319699943 0.01022669093431738 -0.034794506556207402 -0.00067081239594636837 0.0047752669198752977 -0.032601000209587935 -0.01307212679985883 -0.029734823241358996 0.022755904932971274 0.0081289490396051819 0.0060812974192551994 -0.0032891760931638755 0.056730197602386061 0.071609586150658586 -0.011977823154867138 0.012851722741576567 0.030029117577447792 -0.04205367597527164 0.027539150584568618 -0.032587365492099278 -0.05140542631191939 -0.031396792005454678 -0.059222538550880277 0.018205515696442007 -0.063865890662539893 0.098060808148549158
leaf_weight=70.66471002083631 3.8247819118259931 102.63074915623338 14.636386898813727 543.75961831369204 18.186189575185384 206.55176101216102 58.219546586398565 16.694105180288716 74.039991381181153 20.273169088153281 24.574554731952958 20.693212442706681 21.656716240179776 103.11269502463074 18.119063254974662 43.634839608766015 7.4323581454882506 2.9238738166168323 42.436914003391394 9.9390304131557041 76.169107182304288 4.4789416899793641 78.831004971489165 46.583610979679634 6.1847896389044754 9.5238662883639318 2.8600174402818075 37.057866530410138 2.0084264741017241 1.218527131313748
leaf_count=786094 3837 40784 388 5744 702 7713 71762 5899 14648 35012 1059 991 505 3752 16486 8463 128 16 26598 781 1032 524 708 39131 264 77 30 877 37 8
internal_value=0 0.00189727 0.00510819 0.0006681 -0.010408 0.0121635 -0.0130131 -0.00714488 -0.00894872 0.000266712 0.00610148 -0.00663035 0.00371126 0.00203145 -0.014345 -0.0154034 0.0210416 0.00467009 -0.025175 -0.0213274 0.0196235 0.0141969 0.0188411 -0.0241671 -0.0137372 0.00431635 0.00406536 0.00822206 0.0139862 -0.000535811
internal_weight=0 1618.26 1283.37 787.67 334.882 495.703 309.264 208.607 231.463 145.33 273.476 66.9245 46.2313 141.505 38.3922 157.423 25.6185 556.207 100.656 112.57 222.227 146.057 125.236 63.2777 20.8212 553.283 46.4053 43.5452 39.0663 44.8534
internal_count=1074050 287956 84649 70521 203307 14128 202477 104117 64684 59087 10268 2555 1564 55250 51498 50036 830 5837 98360 41565 3860 2828 2176 45030 652 5821 1468 1438 914 8471
is_linear=0
shrinkage=0.05


Tree=98
num_leaves=31
num_cat=0
split_feature=0 115 0 44 211 2 204 199 206 137 165 104 42 162 203 72 2 70 2 182 2 193 203 118 159 173 208 48 127 82
split_gain=52.832 25.3428 14.8461 11.1702 9.10717 7.89781 7.53639 7.51324 6.81607 6.90984 6.04419 5.87118 5.5511 5.4983 5.32626 5.30897 8.25104 6.27375 5.78134 5.29074 9.13584 6.11236 5.28878 6.38651 5.6365 5.60143 5.17031 6.57425 5.07838 5.06869
threshold=0.0048211075022283351 0.083152000000000018 0.86620967868038068 1.0000000180025095e-35 521990.50000000006 625678.00000000012 5.5000000000000009 28.585714285700004 8.5000000000000018 0.054287500000000009 0.22500000000000003 0.11636850000000001 212.50000000000003 0.067815250000000007 54.500000000000007 1.0000000180025095e-35 238.50000000000003 12.500000000000002 1653.0000000000002 0.049245500000000005 8714.0000000000018 0.058641500000000006 23.500000000000004 0.085120000000000015 0.46367816666650002 0.22280400000000003 6.5000000000000009 1.0000000180025095e-35 0.061159000000000005 661.50000000000011
decision_type=2 2 2 2 2 2 2 2 2 2 2 2 2 2 2 2 2 2 2 2 2 2 2 2 2 2 2 2 2 2
left_child=-1 2 4 7 -2 6 26 8 10 19 -3 -8 -4 -14 -12 18 -17 -18 28 22 -21 -22 25 24 -24 -10 -6 29 -9 -28
right_child=1 3 12 -5 5 -7 11 15 9 -11 14 -13 13 -15 -16 16 17 -19 -20 20 21 -23 23 -25 -26 -27 27 -29 -30 -31
leaf_value=-0.043109178995289932 -0.046274733652666079 0.029839025325069837 0.0011834839895610121 0.037614705141927052 0.0043427380400537681 -0.022162503499543781 0.01587108374478129 0.060138544743274416 -0.030601154279246451 0.023294776396756509 0.0072966546260179914 -0.020915106815015024 -0.0059396444320504067 0.043965369885868841 -0.05662413144550095 -0.042830393798891191 -0.07168282871029738 0.022861530181441148 -0.019079733697909735 0.0034729641859544791 -0.061019116973849985 -0.018499276244613564 -0.0097507935953836042 -0.020752152344510708 0.04497338695621949 0.010627999625803158 -0.018793666156280385 0.013032914362574942 -0.028925999958753886 0.051906479192321664
leaf_weight=68.175962322670557 17.942347106350553 30.690654560034091 278.10680584076908 29.630068311897048 47.999294571622613 97.542092436515304 55.624394602839857 5.1770307939186777 8.8945528100675784 25.961582958634608 344.69424741927924 13.474074596233548 8.5678577993530798 15.51139478641562 3.2900594162820189 5.1365849928024536 1.7769304338598875 140.07867427711062 19.466346101347881 47.191116383284225 10.38706574311618 45.372276083396173 10.931118390868507 44.065551881265492 8.2615458785448919 111.63064346966621 153.05681598350429 19.703221845150438 2.3167219578353979 2.5777977963443837
leaf_count=786094 82396 928 3684 171 10581 43217 7345 53 1655 2120 12132 1877 71 90 52 100 35 2559 862 1719 2041 5394 645 1493 345 6996 88042 11260 31 62
internal_value=0 0.00183109 -0.00522217 0.00742755 -0.0114447 -0.00984216 -0.00573271 0.00639389 0.00405691 -0.00140638 0.00856829 0.00869784 0.00317754 0.0262082 0.00669231 0.0156822 0.019423 0.0216772 -0.0047139 -0.00364288 -0.0127175 -0.02642 0.00144047 -0.0102673 0.0138054 0.00758536 -0.0101974 -0.0141778 0.0326039 -0.0176226
internal_weight=0 1605.06 710.106 894.953 407.92 389.978 292.436 865.323 691.37 312.695 378.675 69.0985 302.186 24.0793 347.984 173.952 146.992 141.856 26.9601 286.734 102.95 55.7593 183.783 63.2582 19.1927 120.525 223.337 175.338 7.49375 155.635
internal_count=1074050 287956 248625 39331 244780 162384 119167 39160 35520 22408 13112 9222 3845 161 12184 3640 2694 2594 946 20288 9154 7435 11134 2483 990 8651 109945 99364 84 88104
is_linear=0
shrinkage=0.05


Tree=99
num_leaves=31
num_cat=0
split_feature=0 0 211 42 66 211 199 206 47 177 204 2 53 178 151 100 129 160 183 115 191 70 108 96 2 193 208 102 158 104
split_gain=50.0799 24.0437 17.8333 11.9483 8.26046 7.99694 8.43672 7.56184 7.50388 5.99015 5.93754 5.67281 6.50252 5.85045 5.61177 6.46979 8.35794 5.84639 5.47321 5.21134 7.07086 5.12871 5.62183 8.86388 5.34848 5.80422 5.22118 5.18519 5.14683 5.6166
threshold=0.0048211075022283351 0.94875966535953815 573353.50000000012 1.5000000000000002 0.096819500000000017 520240.50000000006 61.225000000000009 5.5000000000000009 758.50000000000011 2.5357142857150001 12.500000000000002 166361.50000000003 1.5000000000000002 2.5000000000000004 0.055833000000000008 2.5000000000000004 5.5000000000000009 0.0057148750000000003 0.053835000000000008 0.10916650000000001 0.061156500000000009 128.50000000000003 1.0000000180025095e-35 0.010348000000000001 4151.5000000000009 0.024579500000000001 8.5000000000000018 0.10898100000000001 1.7083333333350004 0.13126800000000002
decision_type=2 2 2 2 2 2 2 2 2 2 2 2 2 2 2 2 2 2 2 2 2 2 2 2 2 2 2 2 2 2
left_child=-1 2 5 8 10 -2 11 -5 -4 -9 21 13 18 -7 17 16 -16 -12 -13 20 -10 22 23 27 -23 -26 -27 -3 29 -25
right_child=1 4 3 7 -6 6 -8 9 19 -11 14 12 -14 -15 15 -17 -18 -19 -20 -21 -22 24 -24 28 25 26 -28 -29 -30 -31
leaf_value=-0.042745267605156012 -0.045617073394008112 0.0032992145945092768 -0.009835174101994016 0.023303080754480461 0.050022082787100887 -0.012472655044301402 0.020002453556356811 -0.010532584769543571 0.012201566903891969 0.010722007155643448 -0.028274282046357763 -0.0099802879366827722 -0.049225079963171145 0.007448668884430955 0.023938667762283511 0.03850270236545425 -0.016154099901846287 0.028359963922688899 -0.040785141821675953 0.013026436582954177 -0.014496656518829179 0.032756698634186815 0.0012722446000733719 -0.039603992606907029 -0.046085276898606357 0.036902850263780713 -0.0094766589758163017 -0.069641903844755521 0.04499790665104117 0.068314017822584311
leaf_weight=65.80394693904509 17.038322311602087 11.869534892030059 212.46969717202728 79.71241616593943 12.369023934938012 152.23420400719897 21.225048948721906 47.066928451952663 41.656749958735418 112.1033533564032 4.8164759445935479 69.966044884752591 18.108817474746047 48.626889070540528 20.807353839976713 12.662805824540554 34.638615075033158 84.554542015772313 18.162354007858994 85.167416612322995 61.284747102090932 33.194515082461294 330.44387697440106 4.0405455462168929 4.92292481241748 12.003749902825804 12.271795142441986 3.0657745848875484 25.155217283667298 1.718423747573979
leaf_count=786094 75941 107 36935 1317 58 77514 3038 2319 3449 2607 40 24983 13171 10279 110 60 220 431 18116 5483 8729 198 2422 73 39 66 95 22 125 9
internal_value=0 0.00176533 -0.00306279 0.00188188 0.00957892 -0.0122182 -0.0104849 0.0107324 -0.00339607 0.00443699 0.00873982 -0.0125921 -0.0219362 -0.00764986 0.0170681 0.00625612 -0.00110838 0.0253078 -0.0163289 0.00387691 -0.00369284 0.00575014 0.00354873 0.0199557 0.0190269 0.00341808 0.013457 -0.0116734 0.0352363 -0.00740225
internal_weight=0 1593.36 984.823 639.461 608.535 345.362 328.323 238.883 400.579 159.17 596.166 307.098 106.237 200.861 157.48 68.1088 55.446 89.371 88.1284 188.109 102.941 438.686 376.293 45.8495 62.393 29.1985 24.2755 14.9353 30.9142 5.75897
internal_count=1074050 287956 283881 60839 4075 223042 147101 6243 54596 4926 4017 144063 56270 87793 861 390 330 471 43099 17661 12178 3156 2758 336 398 200 161 129 207 82
is_linear=0
shrinkage=0.05


end of trees

feature_importances:
Column_0=381
Column_211=247
Column_42=222
Column_208=184
Column_2=109
Column_70=93
Column_82=80
Column_204=68
Column_98=58
Column_83=52
Column_95=51
Column_169=47
Column_170=47
Column_34=45
Column_173=44
Column_206=44
Column_47=41
Column_199=38
Column_209=37
Column_156=36
Column_72=34
Column_138=33
Column_157=30
Column_91=29
Column_172=29
Column_115=26
Column_164=26
Column_168=26
Column_102=22
Column_210=22
Column_66=21
Column_167=21
Column_177=21
Column_100=20
Column_159=20
Column_181=20
Column_48=18
Column_59=18
Column_104=18
Column_62=16
Column_101=16
Column_200=16
Column_141=15
Column_203=15
Column_96=14
Column_158=14
Column_183=14
Column_87=13
Column_99=13
Column_113=13
Column_152=13
Column_160=13
Column_162=13
Column_182=13
Column_74=12
Column_118=12
Column_131=12
Column_150=12
Column_151=12
Column_39=11
Column_126=11
Column_127=11
Column_191=11
Column_196=11
Column_44=10
Column_110=10
Column_137=10
Column_161=10
Column_193=10
Column_3=9
Column_43=9
Column_56=9
Column_77=9
Column_79=9
Column_125=9
Column_194=9
Column_58=8
Column_117=8
Column_53=7
Column_68=7
Column_202=7
Column_84=6
Column_86=6
Column_128=6
Column_129=6
Column_148=6
Column_166=6
Column_184=6
Column_92=5
Column_105=5
Column_109=5
Column_114=5
Column_178=5
Column_60=4
Column_81=4
Column_116=4
Column_124=4
Column_143=4
Column_149=4
Column_103=3
Column_108=3
Column_112=3
Column_120=3
Column_165=3
Column_207=3
Column_65=2
Column_89=2
Column_90=2
Column_93=2
Column_107=2
Column_154=2
Column_155=2
Column_171=2
Column_174=2
Column_175=2
Column_49=1
Column_73=1
Column_94=1
Column_97=1
Column_121=1
Column_122=1
Column_123=1
Column_132=1
Column_133=1
Column_135=1
Column_136=1
Column_147=1
Column_176=1
Column_180=1
Column_186=1
Column_190=1
Column_198=1

parameters:
[boosting: gbdt]
[objective: lambdarank]
[metric: ndcg]
[tree_learner: serial]
[device_type: cpu]
[data_sample_strategy: bagging]
[data: ]
[valid: ]
[num_iterations: 100]
[learning_rate: 0.05]
[num_leaves: 31]
[num_threads: 0]
[seed: 0]
[deterministic: 0]
[force_col_wise: 0]
[force_row_wise: 0]
[histogram_pool_size: -1]
[max_depth: -1]
[min_data_in_leaf: 20]
[min_sum_hessian_in_leaf: 0.001]
[bagging_fraction: 1]
[pos_bagging_fraction: 1]
[neg_bagging_fraction: 1]
[bagging_freq: 0]
[bagging_seed: 3]
[feature_fraction: 1]
[feature_fraction_bynode: 1]
[feature_fraction_seed: 2]
[extra_trees: 0]
[extra_seed: 6]
[early_stopping_round: 0]
[early_stopping_min_delta: 0]
[first_metric_only: 0]
[max_delta_step: 0]
[lambda_l1: 0]
[lambda_l2: 0]
[linear_lambda: 0]
[min_gain_to_split: 0]
[drop_rate: 0.1]
[max_drop: 50]
[skip_drop: 0.5]
[xgboost_dart_mode: 0]
[uniform_drop: 0]
[drop_seed: 4]
[top_rate: 0.2]
[other_rate: 0.1]
[min_data_per_group: 100]
[max_cat_threshold: 32]
[cat_l2: 10]
[cat_smooth: 10]
[max_cat_to_onehot: 4]
[top_k: 20]
[monotone_constraints: ]
[monotone_constraints_method: basic]
[monotone_penalty: 0]
[feature_contri: ]
[forcedsplits_filename: ]
[refit_decay_rate: 0.9]
[cegb_tradeoff: 1]
[cegb_penalty_split: 0]
[cegb_penalty_feature_lazy: ]
[cegb_penalty_feature_coupled: ]
[path_smooth: 0]
[interaction_constraints: ]
[verbosity: 0]
[saved_feature_importance_type: 0]
[use_quantized_grad: 0]
[num_grad_quant_bins: 4]
[quant_train_renew_leaf: 0]
[stochastic_rounding: 1]
[linear_tree: 0]
[max_bin: 255]
[max_bin_by_feature: ]
[min_data_in_bin: 3]
[bin_construct_sample_cnt: 200000]
[data_random_seed: 1]
[is_enable_sparse: 1]
[enable_bundle: 1]
[use_missing: 1]
[zero_as_missing: 0]
[feature_pre_filter: 1]
[pre_partition: 0]
[two_round: 0]
[header: 0]
[label_column: ]
[weight_column: ]
[group_column: ]
[ignore_column: ]
[categorical_feature: ]
[forcedbins_filename: ]
[precise_float_parser: 0]
[parser_config_file: ]
[objective_seed: 5]
[num_class: 1]
[is_unbalance: 0]
[scale_pos_weight: 1]
[sigmoid: 1]
[boost_from_average: 1]
[reg_sqrt: 0]
[alpha: 0.9]
[fair_c: 1]
[poisson_max_delta_step: 0.7]
[tweedie_variance_power: 1.5]
[lambdarank_truncation_level: 30]
[lambdarank_norm: 1]
[label_gain: ]
[lambdarank_position_bias_regularization: 0]
[eval_at: ]
[multi_error_top_k: 1]
[auc_mu_weights: ]
[num_machines: 1]
[local_listen_port: 12400]
[time_out: 120]
[machine_list_filename: ]
[machines: ]
[gpu_platform_id: -1]
[gpu_device_id: -1]
[gpu_use_dp: 0]
[num_gpu: 1]

end of parameters

pandas_categorical:null
