tree
version=v4
num_class=1
num_tree_per_iteration=1
label_index=0
max_feature_idx=85
objective=lambdarank
feature_names=Column_0 Column_1 Column_2 Column_3 Column_4 Column_5 Column_6 Column_7 Column_8 Column_9 Column_10 Column_11 Column_12 Column_13 Column_14 Column_15 Column_16 Column_17 Column_18 Column_19 Column_20 Column_21 Column_22 Column_23 Column_24 Column_25 Column_26 Column_27 Column_28 Column_29 Column_30 Column_31 Column_32 Column_33 Column_34 Column_35 Column_36 Column_37 Column_38 Column_39 Column_40 Column_41 Column_42 Column_43 Column_44 Column_45 Column_46 Column_47 Column_48 Column_49 Column_50 Column_51 Column_52 Column_53 Column_54 Column_55 Column_56 Column_57 Column_58 Column_59 Column_60 Column_61 Column_62 Column_63 Column_64 Column_65 Column_66 Column_67 Column_68 Column_69 Column_70 Column_71 Column_72 Column_73 Column_74 Column_75 Column_76 Column_77 Column_78 Column_79 Column_80 Column_81 Column_82 Column_83 Column_84 Column_85
feature_infos=[0.00085400000000000005:0.126217] [1.7307033847328553e-09:0.99975985096384834] [0:1] [1:1.7976931348599999e+308] [1:1.7976931348599999e+308] none none none none none none none none none none none none none none none none none none none [0:1] [0:1] none none none [0:1] [0:1] [0:2] [0:33] [0:1] [0:1] [0:1] [0:82] [0:36] [0:3] [0:1] [1:441993] [0:1] [0:31591] [0:70] [0:788] [0:114] [0:1] [0:0.10625] [0:17] [0:1] [0:1] [0:1] [0:36] [1:320498] [0:0.124639] [0:97] [0:2] [0:1] [0:0.189973] [1:20421] [0:0.13569000000000001] [0:951] [0:125] [0:0.189973] [1:441993] [0:1] [0:21] [0:0.72638000000000003] [0:0.11750099999999999] [0:182] [0:65] [0:332847] [0:2] [0:130] [0:21] [0:4] [0.00097599999999999998:316.228363] [0:0.39139600000000002] [0:0.124639] [0:2.3372090000000001] [0:4] [0:441993] [0:97] [0:1] [0:1] [0:182]
tree_sizes=3492 3478 3479 3484 3504 3496 3485 3483 3477 3496 3507 3504 3499 3508 3505 3523 3501 3489 3489 3483 3513 3514 3515 3497 3508 3492 3492 3479 3487 3484 3498 3483 3484 3503 3473 3511 3488 3516 3479 3488 3493 3519 3469 3469 3504 3499 3471 3492 3487 3497 3474 3504 3513 3479 3469 3505 3485 3501 3502 3495 3495 3506 3501 3513 3494 3514 3487 3482 3499 3482 3498 3517 3504 3481 3470 3505 3509 3469 3498 3498 3492 3486 3467 3501 3495 3505 3520 3499 3522 3517 3508 3454 3483 3500 3501 3477 3492 3521 3520 3508

Tree=0
num_leaves=31
num_cat=0
split_feature=1 40 1 53 1 1 3 81 76 53 4 3 1 40 3 81 77 3 3 3 79 59 70 1 1 71 76 0 76 42
split_gain=7090.3 288.54 167.36 107.249 85.5982 68.4844 48.2226 31.6858 28.5763 23.5497 24.9436 19.4716 18.6548 17.9684 18.5818 12.531 11.8365 11.7417 11.4387 12.3235 10.8361 10.6674 9.36955 9.1624 9.08806 7.86613 7.78174 15.3608 7.72103 7.58809
threshold=0.15548050853772452 70.500000000000014 0.030380062479932603 4.5000000000000009 0.48090646582193369 0.68981449621504665 999189.50000000012 1559.5000000000002 0.42896300000000004 3.5000000000000004 201361.00000000003 1.5000000000000002 0.0088049481694041625 3.5000000000000004 979569.00000000012 2083.5000000000005 0.041174000000000009 397.00000000000006 996929.50000000012 227.00000000000003 0.050562000000000003 289.50000000000006 5.5000000000000009 0.043984350660107828 0.7740980979447657 1058.5000000000002 1.5510485000000003 0.055541500000000008 0.029243500000000002 1.0000000180025095e-35
decision_type=2 2 2 2 2 2 2 2 2 2 2 2 2 2 2 2 2 2 2 2 2 2 2 2 2 2 2 2 2 2
left_child=2 4 12 6 9 7 17 8 -3 20 -11 -6 -1 14 28 -7 23 -4 19 -5 -2 -10 -20 -8 29 -21 -15 -28 -14 -13
right_child=1 5 3 18 11 15 16 -9 21 10 -12 24 13 26 -16 -17 -18 -19 22 25 -22 -23 -24 -25 -26 -27 27 -29 -30 -31
leaf_value=-0.098857636259970627 0.039837845223032006 -0.068288684977847958 -0.099999999999999645 -0.09999999999999995 -0.10000000000000001 0.077461166252441219 -0.092275323074165402 -0.096176348831066891 0.033670725614680111 0.052556011452349866 -0.031495967667259588 0.073325083031266405 -0.087476505484613595 -0.09280037587120793 -0.068251212304584863 -0.044450535824647704 0.035028436941809897 0.077182082601601837 -0.088273597410824467 -2.9825999466246215e-05 0.079424260454673198 -0.090606560266477301 0.045406829029925259 -0.022839523910783345 0.097432473895542493 -0.10000000000000001 -0.097079664370236074 0.061714458478284266 0.045435371396380382 0.094438267501886178
leaf_weight=890.24854082938145 27.494247001297481 14.506847674725575 0.97654966509435581 6.4369387707847663 1.2775584114715446 19.384522870503137 5.9888990684630725 17.515685069016399 19.465333855147041 19.926558787548856 15.84609399700639 78.152492671444634 1.3121091250795895 78.356509568641741 19.01252613075485 2.3649871648667604 7.0547819767380124 21.998176016553771 62.000143740987369 11.860235298081532 46.564465206603927 1.8947749513899896 1.3390692097018462 22.984455467238149 853.63696225043168 2.359099768131272 3.9287246276799115 2.4870204105245648 6.5333846235298552 93.434114911520737
leaf_count=836838 7325 7897 730 1091 35 1653 2121 10134 4104 7301 4609 7928 3747 59310 7825 1077 1313 15395 21579 24642 4928 649 193 6084 11113 7432 3209 387 10169 3232
internal_value=0 0.0843155 -0.0892194 -0.0386185 0.09059 -0.0105826 0.0130459 -0.041053 -0.0141334 0.0486367 0.0153238 0.0950788 -0.0964417 -0.0771743 -0.0415354 0.0642048 -0.0230504 0.0696509 -0.0749103 -0.0426 0.0647278 0.0226466 -0.0854474 -0.0371922 0.0953219 -0.0166157 -0.0884656 -0.0355242 0.0232067 0.0848219
internal_weight=0 1211.46 1144.88 142.998 1136.33 75.1322 59.0029 53.3826 35.867 109.831 35.7727 1026.5 1001.88 111.63 26.858 21.7495 36.0281 22.9747 83.9955 20.6563 74.0587 21.3601 63.3392 28.9734 1025.22 14.2193 84.7723 6.41575 7.84549 171.587
internal_count=1074050 71985 1002065 80580 46471 25514 25643 22784 12650 24163 11910 22308 921485 84647 21741 2730 9518 16125 54937 33165 12253 4753 21772 8205 22273 32074 62906 3596 13916 11160
is_linear=0
shrinkage=0.05


Tree=1
num_leaves=31
num_cat=0
split_feature=1 1 53 1 42 79 79 42 1 71 57 0 65 42 64 4 0 48 59 1 77 76 77 79 3 55 48 42 77 4
split_gain=17136.7 600.754 388.319 307.781 211.692 153.986 77.4069 73.1095 72.6562 67.1117 64.2835 57.0102 50.1195 43.8625 40.9891 34.9722 32.0765 30.9354 29.4352 29.097 27.3442 26.1805 25.731 24.2911 23.254 22.1667 22.125 21.9542 21.3291 21.1958
threshold=0.33581906297173442 0.86620967868038068 7.5000000000000009 0.043984350660107828 2.5000000000000004 0.052713500000000003 0.046275500000000004 1.0000000180025095e-35 0.94875966535953815 180.50000000000003 1.0000000180025095e-35 0.10789900000000001 1.0000000180025095e-35 764.50000000000011 63.100000000000009 105656.50000000001 0.0021160000000000003 1.0000000180025095e-35 289.50000000000006 0.60678019017954943 0.036908500000000004 0.012722000000000002 0.033014000000000009 0.097356500000000012 3646.0000000000005 9.5000000000000018 1.0000000180025095e-35 13.500000000000002 0.029255500000000004 1074.5000000000002
decision_type=2 2 2 2 2 2 2 2 2 2 2 2 2 2 2 2 2 2 2 2 2 2 2 2 2 2 2 2 2 2
left_child=3 2 4 -1 6 12 16 8 15 13 17 -10 26 14 -4 -3 -2 -7 24 28 21 -18 23 -17 -16 -21 -5 -14 -8 -22
right_child=1 7 9 5 -6 10 19 -9 11 -11 -12 -13 27 -15 18 22 20 -19 -20 25 29 -23 -24 -25 -26 -27 -28 -29 -30 -31
leaf_value=-0.089532753836026921 -0.079202119010845853 0.066532644836525795 -0.03925082054356635 -0.077308846590949262 0.076066017642846206 -0.031177773860316556 0.0065411369825692156 0.085551545620185049 0.078208905764558245 -0.06268533148640569 0.064994334484237998 -0.011852353018551375 -0.028157909537859956 0.07483675891915656 -0.080021379606690757 0.021745306740638386 -0.058823713557134505 0.040081459025966076 -0.093292071722151815 0.054641088622291195 -0.097908472676769776 0.0125761807586868 0.071619409833765441 0.057210645858735767 0.028107430743731759 -0.08855740871277408 -0.040340156781034753 0.08191852951703682 0.064108657391567056 0.056586844268924921
leaf_weight=2909.8722052473749 9.2245196989970264 343.18978177034296 74.090260691460571 335.54090427690244 441.7817720908206 149.09977225241892 65.570039614947746 1280.7960555708851 1238.7204764446942 68.651839675556403 23.176210199017078 17.824660152196884 33.979388961350196 15.92210497841006 5.3479221363668321 136.24474684079178 13.610868397925513 16.963260594915482 6.1401055116439229 308.83526798844105 2.3295474825426927 226.31382007853244 59.18336671940051 74.781824795063585 70.786176512279781 2.7263506840681648 46.02326960634673 5.2264190951827905 21.322321871644817 47.222924127650913
leaf_count=942535 414 1606 3369 64104 2899 13377 2881 2779 2707 9229 813 33 4225 184 579 804 787 662 849 2682 183 6277 125 247 2768 99 5652 110 254 817
internal_value=0 0.0642996 0.0367873 -0.0827632 0.048987 -0.0504712 0.0318272 0.0763486 0.0700452 -0.0208815 -0.0130119 0.0769313 -0.0673183 -0.00422377 -0.0122743 0.0559391 0.0125846 -0.0238987 0.0120189 0.0462525 0.0155095 0.00852568 0.0424843 0.0343132 0.0205121 0.053388 -0.0728498 -0.0134839 0.0206675 0.0493238
internal_weight=0 4530.62 1379.88 3519.88 1138.94 610.009 697.156 3150.74 1869.94 240.938 189.239 1256.55 420.77 172.287 156.364 613.4 298.702 166.063 82.2742 398.454 289.477 239.925 270.21 211.027 76.1341 311.562 381.564 39.2058 86.8924 49.5525
internal_count=1074050 42572 34271 1031478 17293 88943 14394 8301 5522 16978 14852 2740 74091 7749 7565 2782 8478 14039 4196 5916 8064 7064 1176 1051 3347 2781 69756 4335 3135 1000
is_linear=0
shrinkage=0.05


Tree=2
num_leaves=31
num_cat=0
split_feature=1 1 1 53 71 53 42 79 42 42 40 76 1 81 67 1 60 4 76 48 77 53 42 4 76 69 64 48 0 1
split_gain=15581.7 387.353 369.999 183.15 182.667 88.4698 64.977 54.8506 49.7872 45.1073 41.593 35.5828 29.7747 28.2316 27.8553 27.1341 21.6828 21.4285 17.4065 21.7416 16.6315 16.5528 15.4153 15.7719 15.265 15.0316 14.6119 20.1031 18.8603 14.2914
threshold=0.33581906297173442 0.043984350660107828 0.68981449621504665 4.5000000000000009 6.5000000000000009 7.5000000000000009 13.500000000000002 0.03311250000000001 23.500000000000004 7.5000000000000009 2120.5000000000005 0.024131000000000003 0.94875966535953815 1811.5000000000002 0.10825450000000002 0.23938287544958989 0.11689250000000002 435.50000000000006 0.087535500000000016 1.0000000180025095e-35 0.032799500000000002 406.50000000000006 577.00000000000011 19393.000000000004 0.21966450000000001 7.5000000000000009 407.12500000000006 1.5000000000000002 0.091251500000000013 0.37969951586789719
decision_type=2 2 2 2 2 2 2 2 2 2 2 2 2 2 2 2 2 2 2 2 2 2 2 2 2 2 2 2 2 2
left_child=1 16 3 8 6 9 11 13 17 12 21 -3 25 22 26 18 -1 -2 19 -13 -19 -7 23 -5 -14 -4 28 -28 -6 -25
right_child=2 4 5 7 14 10 -8 -9 -10 -11 -12 15 24 -15 -16 -17 -18 20 -20 -21 -22 -23 -24 29 -26 -27 27 -29 -30 -31
leaf_value=-0.083813744875017582 -0.038938745964081541 -0.072818378260328664 0.063620167984892437 -0.06299504517467347 -0.059623043329294183 0.045417491680246835 0.057063879601080197 0.034140183291243298 0.072752319560886944 0.079535902920606888 -0.088905960921325078 -0.043844635261715996 0.072020884518960868 -0.085633547599178947 0.08751331642062643 0.025134094802092635 0.024984346625432859 0.027390752412387046 0.0048852557737598806 0.018507041282207832 0.056524063856319966 -0.015871836913511451 0.042874614963202662 -0.081185650334778828 0.031225492477237094 0.048482714778953925 -0.083399175653288929 0.019311897551263411 0.03201165012810079 -0.0088935217427396074
leaf_weight=3077.5608156880189 10.192597380373625 24.522999274544418 732.11202864174265 26.330352591874544 147.0410010672058 205.90071584196994 35.344660553149879 35.908600781869609 105.70297627849504 1063.7649288750254 6.2285100921289986 75.138588661793619 1577.2444209435489 23.298987570160534 2.9693117141723624 44.839761003386229 4.5862593872006974 187.56361556984484 47.971915704431012 17.176954706432298 66.306076942943037 11.639157930621876 7.8167321225046171 7.7343708685366428 23.268789149820805 211.33926747087389 118.2684722267586 4.9639223051490253 5.838198728975839 58.889581207593437
leaf_count=942452 807 5021 5209 3965 31169 2692 1458 1574 598 1737 1052 12776 3117 4499 6 3343 83 7091 4904 1238 988 720 325 1076 54 2328 28451 351 226 4740
internal_value=0 -0.0768946 0.0635826 0.024416 -0.0371548 0.0689978 -0.00564905 -0.0202805 0.0437538 0.07089 0.0384907 -0.0162217 0.0672747 -0.036031 -0.0648125 -0.00872464 -0.0836519 0.0321459 -0.0195468 -0.032243 0.0349998 0.0421383 -0.0245626 -0.0302335 0.0714278 0.0602293 -0.0664506 -0.0792619 -0.0561237 -0.0172859
internal_weight=0 3606.22 4361.24 529.744 524.076 3831.5 244.995 159.979 369.765 3607.73 223.768 209.65 2543.96 124.07 279.081 185.127 3082.15 264.062 140.287 92.3155 253.87 217.54 100.771 92.9543 1600.51 943.451 276.112 123.232 152.879 66.624
internal_count=1074050 1031478 42572 25663 88943 16909 28740 16179 9484 12445 4464 27282 10708 14605 60203 22261 942535 8886 18918 14014 8079 3412 10106 9781 3171 7537 60197 28802 31395 5816
is_linear=0
shrinkage=0.05


Tree=3
num_leaves=31
num_cat=0
split_feature=1 1 1 53 71 53 42 42 1 77 81 73 69 76 3 0 76 60 4 76 61 82 79 76 71 48 79 0 0 53
split_gain=13565.5 451.292 218.214 170.11 112.71 82.2328 60.858 60.5143 51.0301 46.5721 43.8647 33.4964 25.7382 23.728 22.9722 19.7061 19.275 18.9334 18.2008 16.5738 18.3585 16.3904 15.7517 13.8539 13.426 12.8792 12.6161 17.6431 12.2568 11.9437
threshold=0.23938287544958989 0.60678019017954943 0.038030765585481789 4.5000000000000009 6.5000000000000009 84.500000000000014 13.500000000000002 1.0000000180025095e-35 0.7740980979447657 0.029255500000000004 743.50000000000011 1.0000000180025095e-35 9.5000000000000018 0.024131000000000003 8407.0000000000018 0.012433500000000002 0.053962500000000004 0.11689250000000002 2826.5000000000005 0.072614500000000012 1.5000000000000002 5.5000000000000009 0.15401050000000002 0.25835200000000008 9.5000000000000018 1.0000000180025095e-35 0.052713500000000003 0.083225000000000007 0.0077455000000000006 114.50000000000001
decision_type=2 2 2 2 2 2 2 2 2 2 2 2 2 2 2 2 2 2 2 2 2 2 2 2 2 2 2 2 2 2
left_child=2 3 17 9 6 7 13 8 -3 19 29 -7 24 -4 16 -8 25 -1 -10 20 21 -2 -6 -13 -9 -14 27 -15 -26 -5
right_child=1 5 4 10 22 11 15 12 18 -11 -12 23 14 26 -16 -17 -18 -19 -20 -21 -22 -23 -24 -25 28 -27 -28 -29 -30 -31
leaf_value=-0.079142760718888094 -0.034382280830578989 0.030277867718174124 -0.077803243531981425 -0.0060096363956247808 -0.066301351097200742 -0.05339236139870758 -0.080219796187930001 0.072620829343236812 0.068212679401361304 0.057438434344993884 -0.073042901244655123 -0.033026020621806894 -0.078785168679916584 -0.040972780719619156 0.060102489227325875 0.061612067918596372 0.036591356455869854 0.0171901375491871 0.05705602189181759 0.034460289618943069 0.021100000242527103 0.052082150478364821 0.0046760482976909616 0.044146959459441824 -0.0029904454031897173 0.082986440289600782 -0.0041389078581417294 0.056093897072867653 0.059705565192395206 -0.046038527792192828
leaf_weight=3019.9071628618403 36.02006589458324 154.73627221060451 19.009063726174645 86.398091542127077 234.40985312103294 17.916798953199759 2.6699905436253166 1755.9257128133904 508.67920435941778 116.48612732277252 45.408568275044672 7.1707757260883218 7.7841787374345603 63.598155442101415 66.884391523082741 29.591262429312337 16.887797571020201 5.1092005008831611 1299.319763014093 79.284959448734298 64.538290292141028 6.4646214592503375 8.0864466869388689 30.767680590040982 8.3821443906053883 1.4613025392172856 74.739115022006445 5.0533572977874419 111.3544286719989 23.759818800259382
leaf_count=934433 3179 4440 4795 8471 56332 1831 545 3549 1684 1975 9164 957 299 11945 346 755 196 83 6073 3221 3215 235 1039 915 245 7 8852 169 930 4170
internal_value=0 0.0577919 -0.0742081 0.0108061 -0.0411877 0.0631932 -0.0128513 0.0640491 0.0578364 0.0326392 -0.0316897 0.00295151 0.070243 -0.0253118 0.0445706 0.0498738 0.00481906 -0.0789801 0.0601949 0.0171339 0.00429812 -0.0212255 -0.0639345 0.0295604 0.0715162 -0.0532162 -0.0183531 -0.0338278 0.0553165 -0.0146434
internal_weight=0 4445.63 3462.17 458.361 437.157 3987.27 194.661 3931.42 1962.74 302.794 155.566 55.8553 1968.68 162.4 93.0177 32.2613 26.1333 3025.02 1808 186.308 107.023 42.4847 242.496 37.9385 1875.66 9.24548 143.391 68.6515 119.737 110.158
internal_count=1074050 55102 1018948 33630 84432 21472 27061 17769 12197 11825 21805 3703 5572 25761 848 1300 502 934516 7757 9850 6629 3414 57371 1872 4724 306 20966 12114 1175 12641
is_linear=0
shrinkage=0.05


Tree=4
num_leaves=31
num_cat=0
split_feature=1 1 1 55 71 53 70 42 42 40 1 81 76 1 60 1 77 4 0 71 0 1 66 85 4 0 0 79 0 42
split_gain=12047.8 398.013 214.063 153.488 107.867 74.8632 54.7225 53.1063 48.4752 45.534 42.8503 32.3671 20.3865 18.735 29.1785 18.0976 16.4398 16.8963 15.3744 14.298 13.7044 13.3981 14.5813 12.9473 12.634 12.4256 11.678 11.6115 11.4472 11.3773
threshold=0.23938287544958989 0.60678019017954943 0.043984350660107828 1.0000000180025095e-35 6.5000000000000009 7.5000000000000009 1.0000000180025095e-35 1.0000000180025095e-35 13.500000000000002 2164.0000000000005 0.86620967868038068 707.50000000000011 0.024131000000000003 0.0088049481694041625 0.023543000000000005 0.94875966535953815 0.029255500000000004 435.50000000000006 0.0085455000000000027 156.50000000000003 0.0022655000000000006 0.94875966535953815 1.0000000180025095e-35 15.500000000000002 2826.5000000000005 0.012433500000000002 0.10789900000000001 0.13770850000000004 0.10789900000000001 1.0000000180025095e-35
decision_type=2 2 2 2 2 2 2 2 2 2 2 2 2 2 2 2 2 2 2 2 2 2 2 2 2 2 2 2 2 2
left_child=2 3 13 11 8 7 16 10 12 15 -3 18 -4 -1 28 19 17 -5 -2 23 -16 22 -9 -7 -12 -10 -6 -14 -15 -19
right_child=1 5 4 6 26 9 -8 21 25 -11 24 -13 27 14 20 -17 -18 29 -20 -21 -22 -23 -24 -25 -26 -27 -28 -29 -30 -31
leaf_value=-0.076308105360206324 -0.070419721115338021 0.038132539629339303 -0.073186558612061858 -0.074400121183739926 -0.061129977800525252 0.036126154786232503 0.064475455774245224 0.064382497225586435 -0.072334443035290949 -0.080402886220815484 0.064993213838712746 -0.071547452814020099 -0.022647494584507304 -0.069512372498334071 0.071238568040208713 0.058001925048833294 0.03927182791930707 0.004568845761140204 -0.00974288440572239 -0.0074789942478816415 -0.031069196061272064 0.071126730834871824 0.039021687632947791 -0.06643993810509638 0.055301701124890246 0.055099466883378835 0.054463692979584769 0.0099439639483235465 0.047979664129755545 0.034110902293912032
leaf_weight=2674.1459939311026 12.180892201140521 310.46817687025759 16.030172515194863 5.8672764139482743 214.59689132671338 106.23808178922627 79.190092107979581 920.95774398325011 2.0397561104036859 8.9032170519931224 503.60917468741536 43.19111087359488 98.119177486049011 318.10923124110559 3.6693773759761816 60.3398491977714 59.935667570913211 132.11058457172476 73.039619811577722 26.988456426071934 30.323457135760691 961.37566256197169 60.393998647807166 3.1686505981488144 1012.0801641554572 30.751886836369522 2.2074154876172534 37.879221457871608 2.0867117950692764 43.263782772119157
leaf_count=836838 1755 5499 4341 1114 51944 2403 837 2708 486 1664 1182 9119 15447 97889 135 330 1523 9367 7948 2013 7657 1189 521 251 3712 710 14 3471 16 1967
internal_value=0 0.0545344 -0.070328 0.00989981 -0.0360284 0.0595742 0.0284125 0.0611771 -0.00796346 0.0301966 0.0550554 -0.0362865 -0.019856 -0.0748768 -0.0640707 0.0352018 0.0165713 0.00906433 -0.0184157 0.0251153 -0.0200255 0.0669315 0.0628218 0.0331556 0.0585218 0.0471726 -0.059953 -0.0135699 -0.0687467 0.0118567
internal_weight=0 4423.3 3429.96 448.779 401.625 3974.52 320.367 3768.88 184.82 205.638 1826.16 128.412 152.029 3028.33 354.189 196.735 241.177 181.242 85.2205 136.395 33.9928 1942.73 981.352 109.407 1515.69 32.7916 216.804 135.998 320.196 175.374
internal_count=1074050 55102 1018948 33630 76413 21472 14808 14811 24455 6661 10393 18822 23259 942535 105697 4997 13971 12448 9703 4667 7792 4418 3229 2654 4894 1196 51958 18918 97905 11334
is_linear=0
shrinkage=0.05


Tree=5
num_leaves=31
num_cat=0
split_feature=1 1 1 53 71 1 71 57 57 42 42 79 73 69 81 79 76 3 42 3 59 77 60 1 0 64 1 76 81 42
split_gain=10826.4 382.666 171.698 154.92 104.755 67.5623 62.8596 56.3092 44.5482 38.5326 33.8475 22.5974 22.5112 20.1108 20.0687 19.9504 18.2465 16.8176 15.1662 15.5127 14.4997 14.474 13.4258 12.7218 13.5634 12.5089 13.837 16.7487 13.7442 12.418
threshold=0.21467259749339032 0.60678019017954943 0.030380062479932603 7.5000000000000009 5.5000000000000009 0.86620967868038068 76.500000000000014 1.0000000180025095e-35 1.0000000180025095e-35 3.5000000000000004 207.50000000000003 0.028952500000000003 1.0000000180025095e-35 7.5000000000000009 1811.5000000000002 0.052713500000000003 0.081892000000000006 5097.0000000000009 1.0000000180025095e-35 647.50000000000011 307.50000000000006 0.071258000000000016 0.023543000000000005 0.94875966535953815 0.098890500000000006 380.12500000000006 0.12800136274409843 0.55121100000000012 153.50000000000003 19.500000000000004
decision_type=2 2 2 2 2 2 2 2 2 2 2 2 2 2 2 2 2 2 2 2 2 2 2 2 2 2 2 2 2 2
left_child=2 3 -1 7 10 6 8 18 11 23 15 13 -8 20 29 16 21 -14 -2 -20 -3 -4 -17 -7 -25 26 -6 -28 -29 -5
right_child=1 5 4 14 25 9 12 -9 -10 -11 -12 -13 17 -15 -16 22 -18 -19 19 -21 -22 -23 -24 24 -26 -27 27 28 -30 -31
leaf_value=-0.07219705422666596 0.006062871593880124 0.033869772001203079 -0.056868112460875475 -0.036134735864581956 -0.059336911589397648 0.049112244776533656 -0.063939941426643249 0.058664262156367802 0.063894086900839947 0.067268715369858609 0.060701329637383644 0.046501715149932413 -0.085703755161147407 -0.012441626936180582 -0.074530963778330045 -0.0099943827264449437 0.001024583339767303 0.025295338329613629 -0.084899548220053467 0.037584906690834224 -0.086819632315058404 0.023554032524939678 0.038663498490120241 0.058535648517115506 0.01113376667288998 -0.071897815806257606 -0.045705134169363879 -0.062480035319676434 0.059564743550576275 0.0096743370644178667
leaf_weight=2908.7688642339199 182.47352750878781 160.66637462342624 55.226147843233775 78.426994522509631 103.09539718367159 545.5982724748319 14.8588588333223 96.094076513894834 261.99518105410971 1098.6610567345051 15.24328021716792 337.83581503888126 3.9134862837381688 30.159993354231119 29.62646783341188 69.015120204421692 26.332660502404906 26.653769205557182 2.6840886805439359 70.047034916002303 2.5277807471575207 6.2253683806629843 17.841610804083757 1462.191185872769 15.248381260782478 115.71598809730494 27.306304114928935 3.1801195846055625 8.4008197488728893 18.23365175514482
leaf_count=921485 12066 3199 13472 11948 27396 3355 1860 1170 873 1673 282 3614 684 1440 6730 9127 3292 1241 524 2833 260 600 1089 3224 49 30687 6293 673 415 2496
internal_value=0 0.0512472 -0.067761 0.00896761 -0.0389315 0.0563458 0.0437457 0.0260418 0.0470217 0.0597307 -0.0107521 0.0386999 -0.0134561 0.0250682 -0.0385283 -0.0169888 -0.0337987 0.0110843 0.0137582 0.0330647 0.0320004 -0.0487209 6.39756e-07 0.0556369 0.0580464 -0.0596954 -0.0497505 -0.0243355 0.0260513 -0.0274935
internal_weight=0 4437.9 3356.35 477.586 447.583 3960.31 838.611 351.299 793.185 3121.7 189.884 531.19 45.4261 193.354 126.287 174.641 87.7842 30.5673 255.205 72.7311 163.194 61.4515 86.8567 2023.04 1477.44 257.699 141.983 38.8872 11.5809 96.6606
internal_count=1074050 59239 1014811 37767 93326 21472 13171 16593 9386 8301 27862 8513 3785 4899 21174 27580 17364 1925 15423 3357 3459 14072 10216 6628 3273 65464 34777 7381 1088 14444
is_linear=0
shrinkage=0.05


Tree=6
num_leaves=31
num_cat=0
split_feature=1 1 1 53 71 42 1 57 53 42 81 53 1 76 40 40 71 0 4 0 79 0 64 1 76 1 79 42 81 0
split_gain=9800.93 356.308 173.005 136.627 100.714 64.9992 62.3506 42.8676 33.7226 30.9908 26.9698 23.4914 20.8404 20.1808 16.069 13.6585 12.616 12.3278 12.0272 11.8485 11.7948 16.3334 11.723 12.0655 13.1889 11.6548 11.9996 11.2927 10.8761 10.8251
threshold=0.21467259749339032 0.60678019017954943 0.030380062479932603 4.5000000000000009 5.5000000000000009 1.0000000180025095e-35 0.7740980979447657 1.0000000180025095e-35 7.5000000000000009 8.5000000000000018 1811.5000000000002 151.50000000000003 0.94875966535953815 0.032046000000000005 1824.5000000000002 12.500000000000002 121.50000000000001 0.0022655000000000006 16722.500000000004 0.012433500000000002 0.19454300000000002 0.043306000000000004 380.12500000000006 0.12800136274409843 0.55121100000000012 0.42569895731548962 0.074782000000000001 51.500000000000007 153.50000000000003 0.016903500000000005
decision_type=2 2 2 2 2 2 2 2 2 2 2 2 2 2 2 2 2 2 2 2 2 2 2 2 2 2 2 2 2 2
left_child=2 3 -1 7 9 6 11 25 -7 13 16 -3 15 -4 -10 -8 27 -15 -14 -11 -19 -22 23 -6 -25 26 29 -5 -26 -2
right_child=1 5 4 10 22 8 12 -9 14 19 -12 -13 18 17 -16 -17 -18 20 -20 -21 21 -23 -24 24 28 -27 -28 -29 -30 -31
leaf_value=-0.069510732680874543 -0.043797300938310871 0.022224991518761412 -0.056816235092930018 -0.015999244849598842 -0.056257331943818926 0.061329018506536714 0.044041361387826022 0.055281516799209895 0.032401764658566583 -0.065824179576488021 -0.071813401300981558 -0.067253938883710992 0.058182194806785437 0.050588246237602823 -0.075316475491706697 0.010237369704975591 -0.041334725305301752 -0.020945754944073525 0.048120898782336989 0.045662362606014049 0.041576372747558883 -0.053987579070393893 -0.068853059061658256 -0.042311870467716256 -0.05801885196356487 0.02650266906839854 0.02101605568053359 0.034272024388231126 0.051514875104896378 0.0027422329688487463
leaf_weight=2867.2668267745757 18.523068249924108 161.14006792136934 27.500324250082485 76.825498344900552 101.8875060955761 1909.6589906092267 557.03315944946371 95.157195116393268 71.541051222651731 2.5978115809266482 30.09702059510164 7.6849313735729075 668.1770551155787 7.946735728182829 3.6382578978082156 31.575642659445293 44.119324648519978 103.2339593989891 534.73850186169147 28.84646137827076 18.085929792840037 5.939662402495741 112.79167230002349 27.421053973434027 3.1165466047241344 109.99364350456744 50.861346975085326 13.07194658089429 8.3069253808353078 38.3923512842739
leaf_count=921485 2417 4615 6964 8997 27396 4418 4612 978 2149 704 6949 1068 1462 327 889 981 7868 16852 1278 971 1032 1012 30687 6293 673 4274 2459 796 415 3029
internal_value=0 0.0487225 -0.0649973 0.00790771 -0.0360896 0.0536578 0.0471999 0.0272858 0.0600359 -0.00898934 -0.0290419 0.0181519 0.0499373 -0.0177712 0.0271888 0.042228 -0.0194364 -0.00982959 0.0537096 0.0364517 -0.0136024 0.0179508 -0.0568432 -0.0472177 -0.0235072 0.0150528 0.00336738 -0.00868932 0.0216319 -0.012404
internal_weight=0 4422.23 3314.94 477.041 447.675 3945.19 1960.35 312.928 1984.84 194.151 164.114 168.825 1791.52 162.707 75.1793 588.609 134.017 135.206 1202.92 31.4443 127.26 24.0256 253.524 140.732 38.8445 217.77 107.777 89.8974 11.4235 56.9154
internal_count=1074050 59239 1014811 37767 93326 21472 14016 13157 7456 27862 24610 5683 8333 26187 3038 5593 17661 19223 2740 1675 18896 2044 65464 34777 7381 12179 7905 9793 1088 5446
is_linear=0
shrinkage=0.05


Tree=7
num_leaves=31
num_cat=0
split_feature=1 1 1 53 71 42 42 1 71 42 81 81 76 42 69 42 0 77 79 64 0 1 76 53 40 76 0 0 79 0
split_gain=8919.53 327.004 168.7 154.311 90.6447 57.7093 53.0418 43.8477 29.2968 27.0069 25.2989 20.7582 16.6104 15.9868 18.4401 14.656 13.1117 12.8156 11.8519 11.5394 11.3976 11.3876 11.2946 11.2616 11.4333 10.9458 10.8023 10.799 13.7872 12.5485
threshold=0.21467259749339032 0.68981449621504665 0.030380062479932603 6.5000000000000009 5.5000000000000009 1.0000000180025095e-35 5.5000000000000009 0.94875966535953815 12.500000000000002 2.5000000000000004 1811.5000000000002 2717.5000000000005 0.032046000000000005 38.500000000000007 9.5000000000000018 706.50000000000011 0.098890500000000006 0.036908500000000004 0.066421500000000008 380.12500000000006 0.06879650000000001 0.12800136274409843 0.0040960000000000015 86.500000000000014 83.500000000000014 1.4228595000000002 0.10789900000000001 0.0022655000000000006 0.19454300000000002 0.043306000000000004
decision_type=2 2 2 2 2 2 2 2 2 2 2 2 2 2 2 2 2 2 2 2 2 2 2 2 2 2 2 2 2 2
left_child=2 3 -1 5 9 17 7 8 18 12 15 -10 -4 14 -7 20 -9 -2 22 21 23 -6 -3 24 -5 -23 -20 -14 -29 -30
right_child=1 6 4 10 19 13 -8 16 11 -11 -12 -13 27 -15 -16 -17 -18 -19 26 -21 -22 25 -24 -25 -26 -27 -28 28 29 -31
leaf_value=-0.067215361509465013 0.0041210705774423536 -0.075473491516990704 -0.055803196936082426 -0.029535457536615128 -0.053382911851948649 0.036328221541771309 0.060410084113097021 0.05347841662431807 0.019421929146784644 0.027589228502575461 -0.06918111571848666 -0.078630243161705748 0.0445502129375204 0.058533685394392347 -0.068159667647585021 0.038373556461968779 0.0060649002904479363 0.031931027545548114 0.048021298524423141 -0.06611576177886587 0.010225235511735386 -0.033587989230857811 0.036072009716469018 -0.053362894341122326 0.022712651539558044 0.036638106981020518 -0.03855214599482043 -0.02307778135541369 0.039102738351977272 -0.047260803284481866
leaf_weight=2814.8023854846251 187.93942345923278 2.284324766136705 24.529937523242552 48.417844954528846 100.36036349117057 125.21175920683891 1267.5407153636334 1531.0441630452406 94.891357229673304 41.003583702258766 31.593786937592085 5.7233421993441871 8.2165724809747172 113.04218107974157 4.3698937182780346 10.167524124379268 14.721402071416376 53.140108929132111 489.25544905499555 109.89786570932483 19.981010071816854 32.529840903123841 346.76226137997583 36.181693521619309 13.359700292174237 6.6897745901369481 3.6299328431487075 96.833334409515373 18.399686663062315 5.4523715662071472
leaf_count=921485 11896 35 6493 6401 27396 3273 2859 3329 2596 2959 7499 796 315 783 623 545 49 1492 3090 30687 1633 6933 4145 7276 909 448 10 16190 931 974
internal_value=0 0.0464427 -0.0626975 0.0135069 -0.0340505 0.0275768 0.0520848 0.047844 0.0393441 -0.00845754 -0.029108 0.0138444 -0.0180908 0.0447922 0.0328046 -0.0192252 0.0530269 0.0102511 0.0423915 -0.0539969 -0.0241907 -0.0444551 0.035342 -0.0312106 -0.0182365 -0.0216094 0.0473837 -0.0109141 -0.0146903 0.0193608
internal_weight=0 4399.26 3258.72 643.405 443.913 483.703 3755.85 2488.31 942.547 194.435 159.702 100.615 153.432 242.624 129.582 128.108 1545.77 241.08 841.932 249.478 117.94 139.58 349.047 97.9592 61.7775 39.2196 492.885 128.902 120.685 23.8521
internal_count=1074050 59239 1014811 42330 93326 18067 16909 14050 10672 27862 24263 3392 24903 4679 3896 16764 3378 13388 7280 65464 16219 34777 4180 14586 7310 7381 3100 18410 18095 1905
is_linear=0
shrinkage=0.05


Tree=8
num_leaves=31
num_cat=0
split_feature=1 1 1 53 71 1 71 42 77 42 42 59 79 4 81 77 65 76 60 79 76 79 60 61 85 42 48 0 4 69
split_gain=8189.8 305.338 156.542 110.804 82.5679 59.3685 50.4832 43.0155 40.2014 33.454 24.8553 20.7038 17.6539 17.17 16.5219 15.687 14.3923 13.3344 13.3028 11.8259 13.3625 11.8194 11.5582 11.2972 11.2725 11.143 11.008 10.7185 10.5273 9.6283
threshold=0.21467259749339032 0.60678019017954943 0.030380062479932603 6.5000000000000009 5.5000000000000009 0.86620967868038068 174.50000000000003 31.500000000000004 0.031041000000000003 3.5000000000000004 207.50000000000003 167.50000000000003 0.052713500000000003 175.00000000000003 1811.5000000000002 0.033014000000000009 1.0000000180025095e-35 0.069319000000000019 0.10380200000000002 0.0085110000000000029 0.012067000000000003 0.046833500000000007 0.023543000000000005 1.5000000000000002 7.5000000000000009 44.500000000000007 1.0000000180025095e-35 0.085733000000000018 23.500000000000004 8.5000000000000018
decision_type=2 2 2 2 2 2 2 2 2 2 2 2 2 2 2 2 2 2 2 2 2 2 2 2 2 2 2 2 2 2
left_child=2 3 -1 8 10 6 7 11 17 29 12 13 16 28 26 19 18 23 -4 20 -15 -6 -14 -2 -22 -10 -5 -8 -3 -7
right_child=1 5 4 14 21 9 27 -9 25 -11 -12 -13 22 15 -16 -17 -18 -19 -20 -21 24 -23 -24 -25 -26 -27 -28 -29 -30 -31
leaf_value=-0.065280751539769463 -0.021591797587529719 0.04653848917940686 -0.047393287048036768 -0.029158375172760501 -0.056234659350178941 0.050062821348775481 -0.047354073283831538 0.056970808495359342 0.032024016556247488 0.059272788791325803 0.051771526321005706 -0.081515720012405923 -0.0080348214005528142 -0.070920620977535404 -0.067297382831258523 0.050263337650708277 0.0016056462786735266 0.022200876617826382 0.07656164421043303 0.035452843063848827 0.026642634009188357 -0.020516743256531168 0.035164324546236969 0.0097008362531106757 -0.01194481537091769 0.062657783436463166 0.02329398107931871 0.04396673632867075 -0.058684072409887815 0.041168923479694315
leaf_weight=2756.2847849807586 46.989692624774761 3.3619006774388245 60.286909413232934 92.350166457472369 218.87568560283398 1593.796646372648 20.835443705320362 243.61679185030516 73.889794865739532 1092.8417248893529 15.577445944771169 3.9973311407957217 70.870164115680382 4.09876962553244 27.149201621417888 116.2091754830908 25.533241966972128 100.87902378372382 2.245100694242864 291.41721394041087 121.55346251453739 25.902302274596877 19.812637287424877 74.680415379116312 22.416861742851324 49.620425056898966 11.217750403797252 3.7990698027424505 8.114440916804595 376.11349649447948
leaf_count=921485 4537 38 13919 14369 59875 5022 2860 762 2082 1673 282 448 9127 265 6782 681 3438 4764 7 3584 2664 5589 1089 4233 1124 189 811 162 583 1606
internal_value=0 0.0444131 -0.0608636 0.00664102 -0.0331366 0.0490282 0.0372478 0.0393799 0.0214554 0.0522569 -0.00880261 0.0318769 -0.0140815 0.0326761 -0.0325783 0.0339263 -0.0300267 0.00875974 -0.0429429 0.0296064 0.0181 -0.052455 0.00140345 -0.00238456 0.0206344 0.0443312 -0.0234771 -0.0332708 -0.02786 0.0483647
internal_weight=0 4378.95 3195.39 476.776 439.103 3902.17 839.42 814.786 346.059 3062.75 194.325 571.169 178.748 567.172 130.717 555.695 88.0653 222.549 62.532 439.486 148.069 244.778 90.6828 121.67 143.97 123.51 103.568 24.6345 11.4763 1969.91
internal_count=1074050 59239 1014811 37767 93326 21472 13171 10149 15805 8301 27862 9387 27580 8939 21962 8318 17364 13534 13926 7637 4053 65464 10216 8770 3788 2271 15180 3022 621 6628
is_linear=0
shrinkage=0.05


Tree=9
num_leaves=31
num_cat=0
split_feature=1 1 1 53 53 53 42 57 1 40 81 42 79 42 1 65 1 4 65 60 1 69 44 76 59 3 42 55 60 76
split_gain=7567.43 318.028 132.451 109.735 70.9871 58.8401 49.2679 36.007 31.4243 27.8823 22.6548 19.7084 17.2058 15.0898 14.297 13.4347 11.7994 11.9618 11.6642 11.686 11.1134 12.4029 10.9259 10.4796 10.2519 9.75918 9.9427 9.39034 9.38938 9.36641
threshold=0.19204907757119541 0.60678019017954943 0.028320096788767648 4.5000000000000009 4.5000000000000009 7.5000000000000009 1.0000000180025095e-35 1.0000000180025095e-35 0.94875966535953815 2164.0000000000005 1811.5000000000002 297.50000000000006 0.052713500000000003 51.500000000000007 0.7740980979447657 1.0000000180025095e-35 0.86620967868038068 642.50000000000011 1.0000000180025095e-35 0.10380200000000002 0.94875966535953815 8.5000000000000018 14.500000000000002 0.028824500000000006 100.50000000000001 647.50000000000011 1.0000000180025095e-35 5.5000000000000009 0.023543000000000005 0.40175150000000009
decision_type=2 2 2 2 2 2 2 2 2 2 2 2 2 2 2 2 2 2 2 2 2 2 2 2 2 2 2 2 2 2
left_child=2 3 -1 7 11 6 8 25 14 16 13 12 18 -5 -3 20 17 -7 19 -4 21 -8 28 -18 -19 -2 -27 29 -14 -15
right_child=1 5 4 10 -6 9 15 -9 -10 -11 -12 -13 22 27 -16 -17 23 24 -20 -21 -22 -23 -24 -25 -26 26 -28 -29 -30 -31
leaf_value=-0.063674681178965159 -0.063436291683165322 0.019512937023196363 -0.046531759034035829 -0.025153431214993385 -0.052300892498674104 -0.065587501245020982 0.047397510548305273 0.048140082774310977 0.047914480071131832 -0.069187690778018326 -0.065754160945820525 0.048257946427270826 -0.0043900926198580329 -0.050275044159755027 0.037870114031541176 0.058879343793166228 -0.068962517634129999 0.019729523364140543 -0.0016081670428867497 0.069356811368495405 0.056468049877948484 0.012410065991985533 -0.052062782030803161 0.037893118522822643 -0.061189444345876448 0.0068302201880021084 0.030332869366625027 0.05764908121783216 0.034499671617753157 0.038440491846717065
leaf_weight=2688.6245255401591 4.2467269775224841 132.54536645277403 61.899442612018902 124.12146263069008 231.65438541892217 4.811340805143117 525.0502425392624 95.013559990795329 1128.7337162019685 8.1781547495629621 30.671574776701164 12.975085007608866 62.224644339818042 6.4082602815469745 530.90115665225312 891.76645546988584 2.3433655863627783 76.250581216299906 24.015161223942414 2.2545563650783143 424.94666310911998 26.614264926873147 9.2212052531540376 110.03368679992855 4.126023225602693 169.94892324996181 61.206258095684461 9.4238473236327973 20.678231623256579 5.5535481749102473
leaf_count=917266 768 3516 15254 17741 63421 692 1861 1057 2540 1664 7750 325 7864 1522 4337 1507 62 2907 3394 13 579 471 1850 947 389 10278 2413 142 1180 340
internal_value=0 0.042418 -0.0595749 0.00516712 -0.0336343 0.0472989 0.0487612 0.0221597 0.0428385 0.0212811 -0.0267018 -0.0112603 -0.0155436 -0.0184699 0.0342027 0.0544424 0.025026 0.0109916 -0.0313323 -0.0424591 0.0503909 0.0457096 -0.000432692 0.0356649 0.0155757 0.0116735 0.0130534 0.0203212 0.00531007 -0.00908679
internal_weight=0 4372.9 3113.55 506.594 424.923 3866.3 3660.56 330.415 1792.18 205.743 176.179 193.268 180.293 145.507 663.447 1868.38 197.565 85.1879 88.1692 64.154 976.611 551.665 92.1241 112.377 80.3766 235.402 231.155 21.3857 82.9029 11.9618
internal_count=1074050 63483 1010567 42011 93301 21472 14811 14516 10393 6661 27495 29880 29555 19745 7853 4418 4997 3988 18661 15267 2911 2332 10894 1009 3296 13459 12691 2004 9044 1862
is_linear=0
shrinkage=0.05


Tree=10
num_leaves=31
num_cat=0
split_feature=1 1 1 53 53 42 1 67 71 71 42 42 53 76 71 64 1 0 79 79 4 42 1 81 1 79 4 48 76 0
split_gain=7013.14 298.82 131.714 99.0444 62.482 55.8584 60.1282 34.6171 29.4747 22.0576 17.6399 15.4439 13.8772 13.4413 12.5245 12.2585 11.1624 12.0498 10.8686 10.8554 10.3709 12.1844 9.74693 9.73178 13.2873 9.43648 10.1726 8.92598 9.0077 9.74358
threshold=0.19204907757119541 0.60678019017954943 0.030380062479932603 4.5000000000000009 4.5000000000000009 5.5000000000000009 0.86620967868038068 0.030666000000000002 12.500000000000002 114.50000000000001 6.5000000000000009 51.500000000000007 2.5000000000000004 0.032046000000000005 389.50000000000006 1420.5000000000002 0.94875966535953815 0.098890500000000006 0.049574000000000007 0.028952500000000003 435.50000000000006 1.0000000180025095e-35 0.0088049481694041625 382.50000000000006 0.12800136274409843 0.19683750000000003 6493.0000000000009 1.0000000180025095e-35 0.13732050000000004 0.025581000000000003
decision_type=2 2 2 2 2 2 2 2 2 2 2 2 2 2 2 2 2 2 2 2 2 2 2 2 2 2 2 2 2 2
left_child=2 3 22 7 10 6 8 20 19 11 13 -5 -7 -4 -14 -10 18 -18 -8 -3 -2 -22 -1 24 -6 -24 -27 28 29 -15
right_child=1 5 4 9 23 12 16 -9 15 -11 -12 -13 14 27 -16 -17 17 -19 -20 -21 21 -23 25 -25 -26 26 -28 -29 -30 -31
leaf_value=-0.063132343417727332 -0.036458705553111224 0.018586261374616126 -0.049339438715219307 -0.019345334382374915 -0.049910258606599353 0.056818150581509609 0.029408113286537852 0.054630029116025096 0.0038485946453699995 -0.047041478281417914 0.023148670549548916 0.033131148399836469 0.045941433056653963 -0.0066067048196496517 -0.029971681734362085 -0.059380530327872598 0.047713756941951048 0.0028406748187172664 0.044238431845935719 0.036116487962856741 0.0072615531256018705 0.030084112272306958 -0.054659922643911722 -0.061149075016105642 -0.011512971464280798 0.061487902556165375 -0.043734217533529754 0.019826078000939235 0.01749209823342442 -0.038850298710950117
leaf_weight=2397.8996581474785 10.146925341105087 127.75706172047649 27.473485566733871 87.541321949916892 87.901584698585793 1008.7545693402644 194.10240218031686 61.743972274241969 65.134372016647831 71.224260264367331 32.015729330072645 16.694362668553367 291.87872179865371 47.686997152166441 5.536380566074512 8.6880385560216364 1488.6264777444303 15.112487059086559 339.84150980133563 286.01085684308782 170.98306669935118 88.881052861688659 234.26322419953067 101.98530063527869 30.296061876579188 3.6526121526840125 6.188938015664462 20.05551222525537 16.618487369676586 46.061050913471263
leaf_count=836838 1423 3338 7184 11315 24972 1562 1831 296 2965 15255 2494 925 1483 6566 628 1496 3329 49 1650 3141 10094 2703 82018 30301 5296 290 2339 1763 1444 9062
internal_value=0 0.0408511 -0.0580711 0.0047864 -0.0317072 0.0456254 0.0412835 0.0208547 0.0255112 -0.0255951 -0.0106925 -0.0109407 0.0540198 -0.0175543 0.0445283 -0.00359274 0.0450576 0.0472628 0.0388472 0.0307038 0.0131312 0.0150675 -0.0621634 -0.0498326 -0.0400684 -0.052645 -0.00468187 -0.0108588 -0.0164348 -0.0224489
internal_weight=0 4338.66 3052.1 507.215 410.094 3831.44 2525.27 331.755 487.59 175.46 189.911 104.236 1306.17 157.896 297.415 73.8224 2037.68 1503.74 533.944 413.768 270.011 259.864 2642 220.183 118.198 244.105 9.84155 130.422 110.367 93.748
internal_count=1074050 63483 1010567 42011 89082 21472 17799 14516 10940 27495 28513 12240 3673 26019 2111 4461 6859 3378 3481 6479 14220 12797 921485 60569 30268 84647 2629 18835 17072 15628
is_linear=0
shrinkage=0.05


Tree=11
num_leaves=31
num_cat=0
split_feature=1 1 1 71 57 71 42 42 39 1 77 1 71 79 76 69 0 53 64 53 0 77 79 79 77 48 0 79 59 3
split_gain=6508.8 310.967 124.147 92.9175 84.4889 57.0137 44.5496 26.3327 25.3933 17.6617 28.7705 16.7781 15.4804 15.4346 18.7167 14.3377 15.8689 13.6725 13.511 12.6243 10.1034 9.94551 9.73048 9.30362 8.90637 8.53982 10.2847 8.50503 8.97838 8.11298
threshold=0.37969951586789719 0.043984350660107828 0.7740980979447657 6.5000000000000009 1.0000000180025095e-35 12.500000000000002 1.0000000180025095e-35 55.500000000000007 1.0000000180025095e-35 0.012339227772512141 0.030463500000000001 0.94875966535953815 86.500000000000014 0.073879000000000014 0.045801000000000008 7.5000000000000009 0.019275000000000004 7.5000000000000009 1852.1666666650001 2.5000000000000004 0.09822400000000002 0.079769500000000007 0.029730000000000003 0.018092500000000001 0.022897500000000005 1.5000000000000002 0.056222500000000002 0.018437000000000002 101.50000000000001 20577.500000000004
decision_type=2 2 2 2 2 2 2 2 2 2 2 2 2 2 2 2 2 2 2 2 2 2 2 2 2 2 2 2 2 2
left_child=1 9 4 7 5 15 11 13 12 -1 -11 24 -5 14 21 22 -17 -8 -7 -6 -13 -3 23 -2 27 -14 -27 28 -4 -12
right_child=2 3 6 8 19 18 17 -9 -10 10 29 20 25 -15 -16 16 -18 -19 -20 -21 -22 -23 -24 -25 -26 26 -28 -29 -30 -31
leaf_value=-0.061695831097978861 0.016091370862904963 -0.04522486084520512 0.022292657802988093 -0.02968108935218472 0.053964945427749891 -0.014294059742713049 0.052582860028331929 0.040906510917104094 0.059747368653295468 -0.053683930632750045 -0.061521507541853648 0.044209741808167918 -0.056803313429988483 0.0084006971156750897 -0.0028080920413674788 -0.033746948442485263 0.015629671047401265 0.026025194167395016 -0.063739605576162289 0.026035786090328368 -0.0019225489430832422 0.046312877196964142 0.032647302129163148 -0.075140826829097729 0.047080200960299766 -0.067892963535861495 0.064898508945404859 0.035167514365451687 -0.081023232276766388 0.01257646635637677
leaf_weight=2405.0089346945751 111.83267787197838 50.261727105942555 155.08507278887555 115.77609777107136 176.96593088563532 87.798533344292082 1604.501110913232 34.550362760433927 6.1229528249241403 218.03387168853078 4.4009633554960628 1147.7718676333316 137.18458022782579 112.68524436524604 94.733406901126727 23.245382429333404 54.243233389453962 49.972259074100293 16.395741889777128 52.452911662287079 11.992552064359186 3.153513351106084 170.47943796764594 2.866062923683784 96.08020483981818 2.6668474124744526 3.2170677253743634 310.1625820803456 2.1317332226317367 22.999343780160416
leaf_count=862486 4174 10393 2505 24192 629 8108 3090 715 95 74294 1582 2691 38254 8746 10258 1708 2044 1183 3885 1752 49 163 3143 185 515 395 70 2382 191 4173
internal_value=0 -0.0532372 0.0419575 -0.0193957 0.0227333 0.0105238 0.0459204 -0.000111997 -0.0408931 -0.060392 -0.0476153 0.0402938 -0.0432738 -0.00554536 -0.016153 0.0198894 0.000817451 0.0517807 -0.0220747 0.0475794 0.0437327 -0.0398207 0.0250716 0.0138117 0.0332156 -0.0542734 0.00471161 0.0303655 0.0208918 0.00067505
internal_weight=0 3210.79 4073.98 560.352 696.28 466.861 3377.7 295.384 264.968 2650.44 245.434 1723.22 258.845 260.834 148.149 362.667 77.4886 1654.47 104.194 229.419 1159.76 53.4152 285.178 114.699 563.46 143.068 5.88392 467.379 157.217 27.4003
internal_count=1074050 1035816 38234 93281 25628 23247 12606 30275 63006 942535 80049 8333 62911 29560 20814 11254 3752 4273 11993 2381 2740 10556 7502 4359 5593 38719 465 5078 2696 5755
is_linear=0
shrinkage=0.05


Tree=12
num_leaves=31
num_cat=0
split_feature=1 1 1 53 42 53 1 67 71 81 40 42 66 42 48 77 4 60 76 73 53 42 1 79 85 81 1 1 42 3
split_gain=6058.65 262.729 125.096 85.4289 55.8515 53.8798 50.4713 34.412 22.1864 19.8083 15.071 14.7264 13.0109 12.8838 12.1269 11.5614 11.0937 13.2111 11.0767 10.7967 10.2068 10.1746 9.98263 9.64359 9.61372 9.53551 11.8118 8.93849 9.96096 8.42079
threshold=0.19204907757119541 0.60678019017954943 0.030380062479932603 4.5000000000000009 3.5000000000000004 4.5000000000000009 0.86620967868038068 0.030666000000000002 76.500000000000014 1811.5000000000002 5.5000000000000009 13.500000000000002 2.5000000000000004 51.500000000000007 1.0000000180025095e-35 0.033014000000000009 21926.000000000004 0.0017535000000000003 0.032046000000000005 1.0000000180025095e-35 392.50000000000006 1.0000000180025095e-35 0.0088049481694041625 0.018437000000000002 7.5000000000000009 382.50000000000006 0.12800136274409843 0.94875966535953815 135.50000000000003 3646.0000000000005
decision_type=2 2 2 2 2 2 2 2 2 2 2 2 2 2 2 2 2 2 2 2 2 2 2 2 2 2 2 2 2 2
left_child=2 3 22 7 6 11 8 21 15 13 27 14 20 -5 18 23 -8 -18 -4 -10 -12 -2 -1 24 -3 26 -7 28 -6 -13
right_child=1 4 5 9 10 25 16 -9 19 -11 12 29 -14 -15 -16 -17 17 -19 -20 -21 -22 -23 -24 -25 -26 -27 -28 -29 -30 -31
leaf_value=-0.060791393869756905 0.0042967065335983911 0.01725518698062883 -0.052554002227011946 -0.022868049381573191 0.042381194922633349 -0.046991583336194437 0.044721179136108916 0.05200871893241317 -0.057035606843676867 -0.062225364648205439 0.038695265671980505 -0.062566799220150876 -0.05326118263672705 0.018917859534377201 0.015295269163678139 0.043583140723933503 0.033505948954463072 0.048851870491161048 -0.015479391135787569 0.0048832665347562807 -0.057578688164072779 0.024592370747641725 -0.049951664378765581 0.028010219215406695 -0.019249049575998985 -0.058678194421333124 -0.010877961869260946 0.05618635536054202 0.05499402429401587 0.033236337360876847
leaf_weight=2270.2081765077892 178.79980715108104 97.275586396805011 24.425716546946205 123.61906332173385 361.70959944371134 85.846104747557547 1103.9288461068645 64.119437023880892 11.390450437320398 28.494855304190423 99.541723894886672 2.5370798156363916 4.2487832369515663 21.68247175286524 25.87690728274174 75.548137007979676 618.17395028821193 181.40186483412981 114.99308456480503 18.433801039471291 2.83133997011464 94.331490467069671 234.31950520334067 229.21367158461362 22.141538474010304 97.109951821214054 30.753202105523087 645.38780880812556 275.96622774843127 23.908440706669353
leaf_count=836838 10723 2634 6931 17741 1250 24972 3429 296 1523 7750 1045 567 387 2004 2466 595 2730 469 17457 1198 523 3497 84647 3266 1277 30301 5296 690 456 1092
internal_value=0 0.0379999 -0.0556061 0.00436948 0.0425864 -0.0298404 0.0378997 0.0190447 0.0229197 -0.0241078 0.0505371 -0.0105976 0.0324743 -0.0166326 -0.0161402 0.0258505 0.0414726 0.0369875 -0.0219747 -0.0187647 0.0360326 0.0113062 -0.0597772 0.0220079 0.0104868 -0.0471052 -0.0374666 0.0520381 0.0478396 0.0240454
internal_weight=0 4258.24 2909.98 511.047 3747.19 405.45 2357.51 337.251 454.003 173.796 1389.69 191.741 106.622 145.302 165.296 424.179 1903.5 799.576 139.419 29.8243 102.373 273.131 2504.53 348.631 119.417 213.709 116.599 1283.06 637.676 26.4455
internal_count=1074050 63483 1010567 42011 21472 89082 17121 14516 10493 27495 4351 28513 1955 19745 26854 7772 6628 3199 24388 2721 1568 14220 921485 7177 3911 60569 30268 2396 1706 1659
is_linear=0
shrinkage=0.05


Tree=13
num_leaves=31
num_cat=0
split_feature=1 1 1 53 42 53 42 1 53 42 79 59 42 79 81 71 67 1 71 1 66 69 77 81 1 76 65 60 79 44
split_gain=5675.95 256.481 121.562 104.904 51.0904 49.7095 48.9676 27.7522 19.3675 19.1746 15.5634 13.8828 13.7281 13.588 13.145 12.0622 11.1621 12.0146 10.5227 10.1595 9.83088 9.51902 9.40476 9.22689 10.3794 8.90988 8.89354 9.47565 8.62021 8.35685
threshold=0.19204907757119541 0.68981449621504665 0.030380062479932603 6.5000000000000009 38.500000000000007 4.5000000000000009 1.0000000180025095e-35 0.94875966535953815 7.5000000000000009 706.50000000000011 0.048967500000000004 112.50000000000001 297.50000000000006 0.052713500000000003 1811.5000000000002 403.50000000000006 0.086694000000000007 0.94875966535953815 883.50000000000011 0.0088049481694041625 1.0000000180025095e-35 9.5000000000000018 0.027459500000000005 382.50000000000006 0.12800136274409843 0.012722000000000002 1.0000000180025095e-35 0.10380200000000002 0.067282000000000008 14.500000000000002
decision_type=2 2 2 2 2 2 2 2 2 2 2 2 2 2 2 2 2 2 2 2 2 2 2 2 2 2 2 2 2 2
left_child=2 3 19 4 10 12 7 11 16 14 22 18 13 26 -5 -10 17 20 28 -1 -8 -12 25 24 -7 -2 27 -4 -3 -15
right_child=1 6 5 9 -6 23 8 -9 15 -11 21 -13 -14 29 -16 -17 -18 -19 -20 -21 -22 -23 -24 -25 -26 -27 -28 -29 -30 -31
leaf_value=-0.059823308772472064 -0.04939939210987207 0.022788173728704952 -0.042320504152338845 -0.023706674067591554 0.048754792951745902 -0.045539411756626499 0.044305264330989941 0.041142423674605737 0.028430030994880326 0.031538106307386425 0.023523965398507499 -0.074388610896519158 0.039522449634633916 0.0038961824241706914 -0.06100121148996062 -0.043704649149551994 0.060034874980706344 0.051774976827338705 -0.063979854244289397 -0.048794508256269693 0.019365693763019266 -0.0183553085005131 0.018656389836074816 -0.057529436506840309 -0.011757599074071146 -0.002554814137335791 -0.0031576834468260147 0.063117069908910542 0.034410922006707409 -0.046855106272311459
leaf_weight=2209.7741717800382 11.083149654557927 292.80941676534712 60.110952407703735 124.11193549365271 117.93003871524706 84.783707056369167 637.40059024305083 1123.85506159137 57.675039279856719 13.412075415020807 193.18806032289285 3.2836353203747413 12.670434807543641 83.83496915147407 29.182510170503519 6.4427352186758062 207.69770368002355 810.00006561959162 3.0494188306620336 230.60414982563816 42.125840042484924 14.593540179193949 51.769724510726519 94.542802969925106 31.070193045423366 120.64205752458656 24.754507304576691 2.209189543966203 350.4770837057149 8.9801165470271354
leaf_count=836838 1520 4816 14562 17966 843 24972 2050 2740 1144 750 6023 352 316 8602 8151 864 191 1125 448 84647 415 1124 2035 30301 5296 8162 3251 13 2764 1769
internal_value=0 0.0368557 -0.0545801 0.00863572 0.0199064 -0.0291379 0.0422519 0.0363871 0.048157 -0.0257906 0.0112115 0.0281603 -0.0107811 -0.0143242 -0.0308064 0.0211817 0.0491761 0.0476619 0.0286813 -0.0587811 0.0427592 0.0205826 0.000600111 -0.0459385 -0.0364797 -0.00649624 -0.0285118 -0.0385828 0.0291205 -0.00101415
internal_weight=0 4210.73 2843.34 675.913 509.207 402.957 3534.82 1773.47 1761.34 166.707 391.277 649.62 192.56 179.89 153.294 64.1178 1697.22 1489.53 646.336 2440.38 679.526 207.782 183.495 210.397 115.854 131.725 87.0746 62.3201 643.287 92.8151
internal_count=1074050 63483 1010567 46574 19707 89082 16909 11120 5789 26867 18864 8380 28513 28197 26117 2008 3781 3590 8028 921485 2465 7147 11717 60569 30268 9682 17826 14575 7580 10371
is_linear=0
shrinkage=0.05


Tree=14
num_leaves=31
num_cat=0
split_feature=1 1 1 53 71 42 42 1 42 79 81 53 79 76 79 0 1 76 66 1 42 59 69 76 64 79 69 48 0 67
split_gain=5307.38 205.504 159.648 87.0964 59.6109 52.9756 43.0077 33.865 24.8233 21.7614 16.4704 14.4793 12.7772 12.512 12.2292 11.888 10.1984 9.96569 9.20423 10.3218 8.9882 8.9413 8.31284 10.7654 8.74844 8.27469 8.19706 8.13698 8.0197 7.83386
threshold=0.23938287544958989 0.68981449621504665 0.030380062479932603 6.5000000000000009 8.5000000000000018 6.5000000000000009 38.500000000000007 0.94875966535953815 4.5000000000000009 0.049574000000000007 2182.5000000000005 114.50000000000001 0.048967500000000004 0.024131000000000003 0.046833500000000007 0.012433500000000002 0.0088049481694041625 0.49069550000000006 1.0000000180025095e-35 0.86620967868038068 33.500000000000007 157.50000000000003 8.5000000000000018 0.093402500000000013 12.100000000000001 0.090804500000000024 7.5000000000000009 1.0000000180025095e-35 0.098890500000000006 0.072493000000000016
decision_type=2 2 2 2 2 2 2 2 2 2 2 2 2 2 2 2 2 2 2 2 2 2 2 2 2 2 2 2 2 2
left_child=2 3 16 6 8 7 12 9 13 10 21 20 -2 -4 17 -10 -1 -6 29 -20 -5 22 -3 24 -24 -18 -14 -15 -9 -7
right_child=1 5 4 11 14 18 -8 28 15 -11 -12 -13 26 27 -16 -17 25 -19 19 -21 -22 -23 23 -25 -26 -27 -28 -29 -30 -31
leaf_value=-0.058965819610169085 0.0013916834223997607 0.024910373553975514 -0.055369129388033567 -0.019774739135332287 -0.056615216773938541 0.048694291237831505 0.047023113556020874 0.041864739686453781 -0.044653922498170601 0.035370667752708265 -0.048548007177695279 -0.044505282473272428 0.025259075999971143 -0.016938978178426611 -0.0099722858520147461 0.033163944589121724 -0.051207818039954479 -0.033024453867531091 -0.034104520729274578 0.037159836171074281 0.02168027228757664 -0.074473815153676653 -0.054976887095528337 0.03157311021286948 0.0039942551243577372 -0.020949737049174424 -0.001016919606456945 0.012760712469218225 0.003397307537895087 0.059088428420181409
leaf_weight=2143.8482797982579 167.23121103539597 297.03025372128468 18.636265495442785 67.670797962753568 129.65081555716461 847.48518482717918 111.66682975296862 1440.0659783061128 5.5624011494801371 554.44409455219284 8.6767164610791934 56.525823577481788 156.40247701993212 146.35170759196626 23.027956688543782 41.704758134263102 200.52733580610948 68.378078954410739 5.7356569339754051 44.516665605129674 16.207090075942688 2.4247130735311648 10.12871611537412 18.110328232403845 16.590651764767244 25.464028381800745 36.633098815334961 27.376062420778908 13.677822552621363 230.60049278847873
leaf_count=836838 9705 4398 5771 8250 42743 2057 730 3364 1253 3945 1005 12512 4025 22833 4502 1859 75656 16116 242 179 971 193 507 257 510 8991 2000 2386 49 203
internal_value=0 0.0363425 -0.0526653 0.00962621 -0.025733 0.0410307 0.0199117 0.0367719 -0.0084583 0.0291927 0.0194881 -0.0249459 0.0115083 -0.0164354 -0.0444591 0.0240063 -0.0579009 -0.0484695 0.0499426 0.0290259 -0.0117647 0.0212027 0.0218813 0.00181178 -0.0183604 -0.0477984 0.0202726 -0.0122589 0.0415028 0.0509176
internal_weight=0 4101.82 2830.53 612.337 460.688 3489.49 471.934 2361.15 239.631 907.405 352.961 140.404 360.267 192.364 221.057 47.2672 2369.84 198.029 1128.34 50.2523 83.8779 344.285 341.86 44.8297 26.7194 225.991 193.036 173.728 1453.74 1078.09
internal_count=1074050 55102 1018948 38193 97463 16909 16460 14228 34102 10815 6870 21733 15730 30990 63361 3112 921485 58859 2681 421 9221 5865 5672 1274 1017 84647 6025 25219 3413 2260
is_linear=0
shrinkage=0.05


Tree=15
num_leaves=31
num_cat=0
split_feature=1 1 1 77 42 1 40 55 71 42 79 65 71 77 67 76 4 42 0 71 1 76 59 1 77 4 71 4 79 0
split_gain=4964.2 239.607 118.989 73.6705 62.2989 52.0322 42.9243 40.9915 20.4326 15.8489 17.3805 15.4318 12.1805 11.6565 11.6552 11.6353 11.5232 11.4799 11.4771 13.2586 10.2446 10.0657 12.1921 9.88684 9.63968 15.3588 10.5866 9.37069 9.19339 9.03376
threshold=0.19204907757119541 0.60678019017954943 0.030380062479932603 0.029255500000000004 2.5000000000000004 0.86620967868038068 11.500000000000002 1.0000000180025095e-35 12.500000000000002 297.50000000000006 0.052713500000000003 1.0000000180025095e-35 253.50000000000003 0.033014000000000009 0.047535500000000001 0.084543500000000008 435.50000000000006 1.0000000180025095e-35 0.020900500000000006 220.50000000000003 0.0088049481694041625 1.0456840000000003 46.500000000000007 0.86620967868038068 0.019517500000000004 21926.000000000004 18.500000000000004 518026.50000000006 0.10321150000000003 0.076454500000000009
decision_type=2 2 2 2 2 2 2 2 2 2 2 2 2 2 2 2 2 2 2 2 2 2 2 2 2 2 2 2 2 2
left_child=2 3 20 7 5 8 9 18 13 10 15 12 23 -3 -5 -4 -9 -18 -2 -20 -1 -8 -23 -6 25 -7 -27 -17 -22 -14
right_child=1 4 6 14 11 24 21 16 -10 -11 -12 -13 29 -15 -16 27 17 -19 19 -21 28 22 -24 -25 -26 26 -28 -29 -30 -31
leaf_value=-0.058211835650891677 -0.049938669670949738 0.01846687583318771 -0.040173730902125657 0.023034930018055507 0.034562227277675557 0.040042786023405635 -0.053953277713937299 -0.058238886326727579 -0.0074149022195014033 0.037586030867071435 -0.0025898389002708688 0.052778159104887416 -0.038131791877775878 0.041225776242375327 0.053827881824906887 0.0093167531586191218 -0.0024159389674485838 0.020653139174593157 -0.00024707453555960243 -0.040308780066596051 -0.050374037365937631 0.016243651127879771 -0.045276162304693862 0.04719281808065541 0.046495586032888073 0.030885724747508461 -0.0088766364431805342 -0.061238621195580781 -0.017040076783808696 0.051688931653583792
leaf_weight=2076.5997185338638 49.845010550168809 291.88915754458867 84.500988789077383 77.347324472037144 228.75977574946592 939.41375591524411 126.07698266336229 7.3569828575709826 65.919295360567048 14.070356666692531 106.54283722728724 674.91436450206675 8.0667568601202202 69.693896314129233 50.985742712626234 24.671983472828291 161.67976793635171 80.918642249947879 42.828691096277907 39.887376115919324 198.23348336567869 12.375379469449397 23.061136680888012 480.09679117333144 260.58179930783808 565.05827213241719 17.250912538263947 5.8151978480746029 23.094054203596897 4.2870323958341023
leaf_count=836838 9745 5624 22211 2471 1784 3050 41427 1410 4010 472 12908 1054 931 528 156 2744 11619 3033 4429 9148 76752 1871 5961 971 673 2477 266 1488 7895 104
internal_value=0 0.0345356 -0.0527544 0.00248745 0.0390758 0.033852 -0.0274818 -0.00851057 0.0181863 -0.0138711 -0.0171394 0.0473441 0.0422589 0.0228536 0.0352687 -0.0306203 0.00340922 0.00527875 -0.0309864 -0.0195656 -0.0571219 -0.0473358 -0.0237918 0.0431167 0.0376096 0.0360879 0.0297078 -0.00414115 -0.0468959 -0.00696206
internal_weight=0 4116.78 2695.04 510.85 3605.93 2209.81 397.115 382.516 427.502 235.601 221.531 1396.12 721.21 361.583 128.333 114.988 249.955 242.598 132.561 82.7161 2297.93 161.513 35.4365 708.857 1782.3 1521.72 582.309 30.4872 221.328 12.3538
internal_count=1074050 63483 1010567 42011 21472 16628 89082 39384 10162 39823 39351 4844 3790 6152 2627 26443 16062 14652 23322 13577 921485 49259 7832 2755 6466 5793 2743 4232 84647 1035
is_linear=0
shrinkage=0.05


Tree=16
num_leaves=31
num_cat=0
split_feature=1 1 1 77 42 1 53 55 71 53 67 77 76 42 81 0 3 79 40 1 1 4 76 71 42 79 0 77 69 1
split_gain=4660.63 227.162 117.317 69.0193 60.8023 53.0843 40.2599 37.7159 22.3584 12.0091 11.8646 11.5241 11.4632 11.094 10.9803 10.9052 10.7944 10.1591 10.1382 11.5657 9.87351 9.68958 9.14882 8.94853 8.92998 8.67969 8.37749 8.22634 8.13722 8.12764
threshold=0.19204907757119541 0.60678019017954943 0.030380062479932603 0.029255500000000004 6.5000000000000009 0.86620967868038068 4.5000000000000009 1.0000000180025095e-35 82.500000000000014 2.5000000000000004 0.047535500000000001 0.031041000000000003 0.078013500000000013 2.5000000000000004 1811.5000000000002 0.020900500000000006 2646.5000000000005 0.018437000000000002 1.5000000000000002 0.94875966535953815 0.0088049481694041625 10859.000000000002 0.22695950000000001 308.50000000000006 3.5000000000000004 0.13770850000000004 0.09822400000000002 0.023390500000000005 9.5000000000000018 0.072661120000328969
decision_type=2 2 2 2 2 2 2 2 2 2 2 2 2 2 2 2 2 2 2 2 2 2 2 2 2 2 2 2 2 2
left_child=2 3 20 7 5 8 13 14 11 -6 -5 17 16 25 15 -2 -9 21 22 -20 -1 -3 27 -8 -14 -4 -19 -7 -11 -15
right_child=1 4 6 10 9 18 23 12 -10 28 -12 -13 24 29 -16 -17 -18 26 19 -21 -22 -23 -24 -25 -26 -27 -28 -29 -30 -31
leaf_value=-0.057528002199347505 -0.044669059678275433 -0.026543390094689031 -0.023868081498528489 0.021472445867324719 0.050135950244361044 0.039323529291972581 -0.035056353601906176 -0.066233891245727552 -0.023996166806852223 0.039357132133366585 0.052363048691991002 0.038008776072830368 0.0086925571877635149 -0.023462174009191164 -0.059263524340713983 -0.010953617860890823 -0.0024402407717532288 0.024236277640174844 0.025140201358028403 0.037052404965074982 -0.046287361980779262 0.01182799998574028 -0.011472120943928766 -0.057505240742446465 0.046068918930473941 0.0030555298677646505 -0.083361495604324723 0.052138447446821501 -0.013992000763574656 0.02672702917529117
leaf_weight=2011.285510247777 37.169381867977791 19.559570591663942 112.10283294826513 76.937568869092502 901.35675291484222 760.1860738559626 133.03340466192458 6.9370803796336977 29.071868394268677 245.37353221559897 52.156079221284017 83.462739638751373 73.430296613369137 11.15870040404843 25.914122758957092 67.607930052559823 150.31212042178959 236.90779377543367 283.73451814404689 722.9442904391326 216.37382642310695 103.56871385069098 8.2451718486845476 66.623127070983173 20.426066213287413 40.840594215551391 1.8229577150195826 149.93134023621678 7.3620712390402323 29.109000412572641
leaf_count=836838 6701 1199 20817 2471 1488 2375 37050 1399 2920 1780 156 655 4144 1903 7687 8934 10284 3396 2360 1875 84647 2915 30 23519 235 3904 10 297 172 1889
internal_value=0 0.0335227 -0.0519934 0.00234784 0.0380047 0.0334688 -0.0268018 -0.00833846 0.0184875 0.0474352 0.0339528 0.0212609 0.00299888 -0.010531 -0.0301216 -0.0229141 -0.00525451 0.017398 0.0371606 0.0336949 -0.0564362 0.0057325 0.0409596 -0.0425473 0.0168268 -0.0166787 0.0234147 0.0414346 0.0378031 0.012819
internal_weight=0 4064.42 2620.53 510.891 3553.53 2399.44 392.868 381.797 474.394 1154.09 129.094 445.322 251.106 193.211 130.691 104.777 157.249 361.859 1925.04 1006.68 2227.66 123.128 918.363 199.657 93.8564 152.943 238.731 910.117 252.736 40.2677
internal_count=1074050 63483 1010567 42011 21472 18032 89082 39384 11095 3440 2627 8175 16062 28513 23322 15635 11683 7520 6937 4235 921485 4114 2702 60569 4379 24721 3406 2672 1952 3792
is_linear=0
shrinkage=0.05


Tree=17
num_leaves=31
num_cat=0
split_feature=1 1 1 57 40 42 71 67 1 77 76 1 73 84 42 42 3 53 3 69 53 71 42 64 76 4 48 48 42 3
split_gain=4373.65 258.586 102.203 71.721 60.8041 45.7532 38.1218 24.2331 18.1081 23.1208 17.4753 16.4366 14.8883 12.9909 12.7271 12.4166 11.8283 11.7972 10.8931 10.3241 9.7914 9.7852 9.71507 9.69249 9.52446 9.30003 9.0688 8.80654 8.54353 9.99848
threshold=0.37969951586789719 0.043984350660107828 0.7740980979447657 1.0000000180025095e-35 8.5000000000000018 1.0000000180025095e-35 12.500000000000002 0.048749500000000008 0.012339227772512141 0.030463500000000001 0.012722000000000002 0.94875966535953815 33.500000000000007 0.58333333333350013 30.500000000000004 1.0000000180025095e-35 3321.0000000000005 2.5000000000000004 63382.000000000007 8.5000000000000018 86.500000000000014 124.50000000000001 13.500000000000002 1852.1666666650001 0.076711500000000016 800154.00000000012 1.0000000180025095e-35 1.5000000000000002 1.0000000180025095e-35 943.50000000000011
decision_type=2 2 2 2 2 2 2 2 2 2 2 2 2 2 2 2 2 2 2 2 2 2 2 2 2 2 2 2 2 2
left_child=1 8 3 6 7 11 19 10 -1 -10 -3 -4 17 21 18 26 -17 -7 -14 28 22 -5 -6 -8 -21 -18 -12 -22 -2 -30
right_child=2 4 5 13 20 12 23 -9 9 -11 15 -13 14 -15 -16 16 25 -19 -20 24 27 -23 -24 -25 -26 -27 -28 -29 29 -31
leaf_value=-0.056695547960444716 0.011300730282816765 -0.055154066916434819 0.025753586746020487 0.035220737903399822 -0.034950120716491999 0.048282522775566827 -0.014724066012038651 0.049571939361655097 -0.047571016435781974 0.0023026186699699929 -0.015601353767618231 0.036500110718664061 -0.055645218697182919 0.05939723210800732 0.042198785453500441 -0.039864945285735802 0.023961159547614849 0.037500160468506544 0.021564876564812558 -0.026435929408453941 -0.051622656242074197 -0.036623186291374205 0.0062757021318172561 -0.059259043081929433 0.017117532893560911 -0.021850316868780612 0.01282099346697789 0.020026631527669758 -0.041162985804097184 0.032488911134636735
leaf_weight=2007.4322559781722 201.30267418012954 18.261184421920916 531.51368237286806 143.57349383586552 69.045904733764473 1138.9318108549342 87.152597299485933 19.626326330937445 195.2281114559155 26.377824367489666 186.75005932594649 1076.334699020721 8.8668343741446751 66.817025123164058 19.496855563949794 10.394417691451961 69.975841941486578 326.38123547064606 9.4227781975641829 28.2121178121306 107.62695391618763 4.90126252680784 18.020133500394877 14.209088105359113 22.614819989074022 13.162159397150388 33.02899029123364 4.4666446463670573 4.8355674265185362 97.884893096983433
leaf_count=862486 6735 4749 5593 1500 15738 2075 8108 134 74294 5755 24207 2740 203 91 53 2148 4179 1897 45 2019 34665 790 3346 3885 800 1384 2299 432 316 1384
internal_value=0 -0.0476201 0.0349919 0.0173015 -0.0169276 0.0388104 0.0060762 -0.00441237 -0.0551982 -0.0416345 -0.00760779 0.0329476 0.0450818 0.0410885 0.0140936 -0.00483658 0.0104213 0.0458809 -0.0158667 0.013801 -0.0389969 0.0328491 -0.0264176 -0.0209671 -0.00705735 0.0167084 -0.01133 -0.0487676 0.0172881 0.0290217
internal_weight=0 2779.4 3782.45 671.504 550.359 3110.95 456.212 351.199 2229.04 221.606 331.573 1607.85 1503.1 215.292 37.7865 313.311 93.5324 1465.31 18.2896 354.85 199.16 148.475 87.066 101.362 50.8269 83.138 219.779 112.094 304.023 102.72
internal_count=1074050 1035816 38234 25628 93281 12606 23247 39100 942535 80049 38966 8333 4273 2381 301 34217 7711 3972 248 11254 54181 2290 19084 11993 2819 5563 26506 35097 8435 1700
is_linear=0
shrinkage=0.05


Tree=18
num_leaves=31
num_cat=0
split_feature=1 1 1 53 42 42 53 1 53 42 85 79 71 4 81 42 1 77 0 3 71 42 76 48 1 69 77 61 1 71
split_gain=4109.76 205.226 114.486 75.8502 53.3888 49.6353 38.7588 27.2102 22.7404 14.7458 13.2846 11.9078 11.7983 11.6693 10.7478 10.6112 11.1152 10.5564 10.5363 10.4914 10.0392 9.92334 9.85824 9.57943 9.15305 9.11713 8.80676 8.61871 8.57975 8.45645
threshold=0.19204907757119541 0.68981449621504665 0.028320096788767648 6.5000000000000009 1.0000000180025095e-35 38.500000000000007 4.5000000000000009 0.94875966535953815 7.5000000000000009 706.50000000000011 8.5000000000000018 0.029730000000000003 22.500000000000004 910.00000000000011 1811.5000000000002 1758.5000000000002 0.94875966535953815 0.031617000000000006 0.016585500000000003 1830.5000000000002 403.50000000000006 31.500000000000004 0.11531050000000002 1.0000000180025095e-35 0.0088049481694041625 9.5000000000000018 0.022897500000000005 33.500000000000007 0.061123824279792356 308.50000000000006
decision_type=2 2 2 2 2 2 2 2 2 2 2 2 2 2 2 2 2 2 2 2 2 2 2 2 2 2 2 2 2 2
left_child=2 3 24 5 7 11 17 12 10 14 15 -2 26 19 -5 16 27 22 -19 -12 -10 -20 23 28 -1 -13 -3 -6 -4 -8
right_child=1 4 6 9 8 -7 29 -9 20 -11 13 25 -14 -15 -16 -17 -18 18 21 -21 -22 -23 -24 -25 -26 -27 -28 -29 -30 -31
leaf_value=-0.056372300324446914 -0.0032242802745753672 0.021164851476361813 -0.050247618306261954 -0.022060958144658693 0.040408334684123089 0.044542388919291256 -0.034369459968831749 0.035302625139177278 0.020583312251744108 0.02717894849232641 0.012929447654766991 0.017152452403117847 -0.0018140355591947212 0.03420766407085734 -0.057761472368164535 0.056994200230724726 0.048543344964613655 0.036184944828522803 -0.026862316855567225 -0.079737409676540097 -0.044952783364198196 0.042758130436974837 0.01008173616469144 0.010448220638706963 -0.044995864503884715 -0.021955541736562119 0.037179301890185916 0.011114915627909921 -0.019200375020246171 -0.05631095786718196
leaf_weight=1879.856754914741 160.08406152378302 467.32493700645864 32.583320098085096 121.31185045145685 573.91614182293415 115.61440247413702 133.95947650025482 1061.3413650067523 57.137961163767613 13.058802680519873 10.970274050254373 217.77389300300274 47.545641575707123 98.045426133554429 25.516160185128683 180.95712470076978 655.79037669301033 21.321005198988132 21.590481309394821 4.23294729203917 6.5093004255322731 6.7086471219081423 27.386119249276817 18.052060332178371 195.15964455896756 15.997524037724359 105.16785806440748 26.258604947477579 70.179013764834963 65.328588673874037
leaf_count=836838 10508 5839 8913 17966 1839 843 38806 2740 1144 750 126 7041 1852 444 8151 215 908 1108 4056 117 864 214 2415 1848 80428 1315 689 132 11326 24615
internal_value=0 0.031549 -0.0505952 0.00630833 0.0366761 0.0157374 -0.025999 0.030441 0.0431723 -0.0237367 0.044375 0.00728177 0.0221191 0.0278875 -0.0282651 0.0456744 0.0440435 -0.0103205 0.00964081 -0.0128713 0.0138808 -0.010358 -0.0170039 -0.0231436 -0.0553023 0.0144762 0.0241067 0.0391267 -0.0290447 -0.0415621
internal_weight=0 3964.55 2472.13 669.357 3295.2 509.47 397.109 1681.38 1613.82 159.887 1550.17 393.855 620.038 113.249 146.828 1436.92 1255.97 197.821 49.6201 15.2032 63.6473 28.2991 148.201 120.814 2075.02 233.771 572.493 600.175 102.762 199.288
internal_count=1074050 63483 1010567 46574 16909 19707 93301 11120 5789 26867 3781 18864 8380 687 26117 3094 2879 29880 5378 243 2008 4270 24502 22087 917266 8356 6528 1971 20239 63421
is_linear=0
shrinkage=0.05


Tree=19
num_leaves=31
num_cat=0
split_feature=1 1 1 53 42 42 40 1 53 42 79 81 42 1 42 77 4 42 3 1 76 3 76 76 59 71 71 73 60 79
split_gain=3873.84 199.03 112.098 68.9298 56.8353 46.2276 34.8932 26.1607 21.8047 13.8868 14.642 13.7105 13.6345 13.8919 11.1065 10.6529 14.0156 10.555 10.1779 10.0644 9.35779 12.8253 9.24182 9.07447 10.2417 8.98436 8.79861 8.3117 16.9013 8.06011
threshold=0.19204907757119541 0.68981449621504665 0.030380062479932603 6.5000000000000009 1.0000000180025095e-35 38.500000000000007 11.500000000000002 0.86620967868038068 7.5000000000000009 207.50000000000003 0.052713500000000003 1811.5000000000002 172.50000000000003 0.94875966535953815 1.0000000180025095e-35 0.019517500000000004 2826.5000000000005 706.50000000000011 3321.0000000000005 0.0088049481694041625 0.036191500000000008 3197.5000000000005 0.034499000000000009 1.0456840000000003 30.500000000000004 403.50000000000006 151.50000000000003 6.5000000000000009 0.0040740000000000004 0.090804500000000024
decision_type=2 2 2 2 2 2 2 2 2 2 2 2 2 2 2 2 2 2 2 2 2 2 2 2 2 2 2 2 2 2
left_child=2 3 19 5 7 14 9 26 12 10 22 17 13 20 -2 16 -9 -5 -16 -1 21 -6 -4 -8 -25 -10 -3 -23 -29 -21
right_child=1 4 6 11 8 -7 23 15 25 -11 -12 -13 -14 -15 18 -17 -18 -19 -20 29 -22 27 -24 24 -26 -27 -28 28 -30 -31
leaf_value=-0.055880558743428538 0.0010153871671802581 0.016846389664959664 -0.050869618563343148 -0.021121367894588704 -0.044835306741716423 0.042818767568725283 -0.050813886420833038 0.037579283494947081 0.01996258739943977 0.034256951944392787 -0.0030968095748171737 -0.056991797199657558 0.051958339566724389 0.045977540688911106 -0.030540058247252561 0.042557093579799081 0.026230976448973039 0.026873989801478496 0.023217729079474517 -0.047792124857980359 0.038019879513906771 0.034135692746271006 -0.019550712917988881 0.025740932005209952 -0.037563011032959753 -0.043843223630023215 -0.03176567867379871 -0.072582100755961568 0.029610669098290937 -0.017011777344171464
leaf_weight=1817.1639357068925 270.78085139475297 261.01830625836737 33.59954603103688 121.44235582108377 6.9841009108349672 114.14260791195557 115.0732306491991 422.5641039959155 57.084155368153006 14.478375519684048 107.40619692654582 24.903714659099933 380.97316422127187 631.21062139468268 9.538383608858565 207.3082410376519 763.97279346932191 12.648195491638033 114.47463053569663 176.86443810997298 416.11870177695528 64.680701776407659 78.793537511461182 8.6205846140801423 24.684537705994444 6.1073049221304236 9.6524176944512856 6.0295667210593846 12.298450170084832 24.175532134773675
leaf_count=836838 14618 4684 11270 17966 195 843 41427 1234 1144 566 12889 8281 555 1012 1184 586 3702 620 3062 75656 1596 285 15098 1145 6687 864 914 89 49 8991
internal_value=0 0.0306717 -0.0500017 0.00581573 0.0357863 0.0147935 -0.0251896 0.0293373 0.0425739 -0.0131737 -0.016298 -0.0229218 0.0437717 0.0410294 0.0066908 0.0320996 0.0302725 -0.0165942 0.019083 -0.0547061 0.0348581 0.0202384 -0.0289134 -0.0441617 -0.0211776 0.0137959 0.0151128 0.0257135 -0.0040088 -0.0440907
internal_weight=0 3913.93 2400.86 667.931 3246 508.936 382.656 1664.52 1581.49 234.278 219.799 158.994 1518.3 1137.32 394.794 1393.85 1186.54 134.091 124.013 2018.2 506.112 89.9928 112.393 148.378 33.3051 63.1915 270.671 83.0087 18.328 201.04
internal_count=1074050 63483 1010567 46574 16909 19707 89082 11120 5789 39823 39257 26867 3781 3226 18864 5522 4936 18586 4246 921485 2214 618 26368 49259 7832 2008 5598 423 138 84647
is_linear=0
shrinkage=0.05


Tree=20
num_leaves=31
num_cat=0
split_feature=1 1 1 42 71 42 71 77 77 39 71 76 76 64 71 1 77 79 4 77 73 1 79 76 59 0 44 76 79 4
split_gain=3658.8 237.11 91.8023 75.3368 56.8618 43.6819 41.8003 20.9073 20.6618 20.036 17.2895 13.7552 13.2441 12.2168 10.5747 10.1611 9.96362 9.45768 9.39256 11.0128 9.35234 9.04777 8.96011 8.47729 12.0842 8.44759 8.40811 8.71562 8.11589 8.35634
threshold=0.37969951586789719 0.030380062479932603 0.86620967868038068 28.500000000000004 6.5000000000000009 1.0000000180025095e-35 12.500000000000002 0.032799500000000002 0.031041000000000003 1.0000000180025095e-35 21.500000000000004 0.053962500000000004 0.093402500000000013 1420.5000000000002 308.50000000000006 0.0088049481694041625 0.053591500000000007 0.0061225000000000003 2826.5000000000005 0.020438000000000001 33.500000000000007 0.061123824279792356 0.081284000000000009 0.49069550000000006 47.500000000000007 0.0067470000000000004 2.5000000000000004 0.018447000000000002 0.046833500000000007 16722.500000000004
decision_type=2 2 2 2 2 2 2 2 2 2 2 2 2 2 2 2 2 2 2 2 2 2 2 2 2 2 2 2 2 2
left_child=1 15 3 6 8 18 7 11 12 14 -5 17 21 -8 23 -1 20 25 -4 26 -7 -3 -10 28 -25 -2 27 -20 -6 -30
right_child=2 4 5 10 9 16 13 -9 22 -11 -12 -13 -14 -15 -16 -17 -18 -19 19 -21 -22 -23 -24 24 -26 -27 -28 -29 29 -31
leaf_value=-0.055422444632914208 0.013023996321667012 -0.042300635442410438 0.03714380890878994 0.04484248654380852 -0.044544735230689608 0.042647611321791817 -0.0076546925877556855 0.034350505761162213 0.0016922944591864606 0.050872471753819551 -0.0026368956804579857 0.018458119402692191 0.0062323880752928051 -0.05121336348165853 -0.052134180373396372 -0.043438873367209925 0.053034294662998541 0.008398343473256133 -0.031391486764967232 0.039921395102919505 0.0076826451787334873 -0.013598876914267241 0.035156017601818773 0.0093026532652463103 -0.038098028538520311 -0.030849273249583826 0.031836915770917719 0.022121420502825964 -0.05922412195366912 0.00014603667689295138
leaf_weight=1756.2927496865159 15.923507421044631 33.697047344088787 453.53761022514664 268.80344557785429 100.14870399131905 938.22978821420111 117.73780525045004 135.23625846812502 42.626352921070065 6.5750401844270518 20.646753841137979 306.35328099215985 73.517955355753656 18.646380872873124 84.394166877813404 196.70456809885218 256.29511181637645 121.99533599801362 7.7496163370087734 167.98607760574669 19.522621813230217 148.29279171905364 37.690704823238775 27.279371616546996 26.514963833236834 35.281406605499797 323.58040830586106 419.00678639765829 7.9977285368950133 22.888626601779833
leaf_count=836838 549 8572 1355 1014 30300 2301 8612 1301 3898 120 1549 6919 5831 4741 30546 84647 311 3094 81 462 167 17652 1013 4164 6564 2154 1444 2180 2262 3409
internal_value=0 -0.0457075 0.0323236 0.0197832 -0.0185405 0.0373701 0.0114321 0.0169874 -0.0047246 -0.0353633 0.0414557 0.0120909 -0.011678 -0.01361 -0.0374693 -0.0542155 0.0442781 0.000828756 0.0312568 0.0283493 0.0419349 -0.0189133 0.0173959 -0.0307733 -0.0140609 -0.0172057 0.0257585 0.0211497 -0.0376343 -0.0152273
internal_weight=0 2564.62 3626.53 1040.62 611.623 2585.91 751.174 614.79 335.825 275.799 289.45 479.554 255.508 136.384 269.224 1953 1214.05 173.2 1371.86 918.323 957.752 181.99 80.3171 184.829 53.7943 51.2049 750.337 426.756 131.035 30.8864
internal_count=1074050 1035816 38234 29933 114331 8301 27370 14017 36966 77365 2563 12716 32055 13353 77245 921485 2779 5797 5522 4167 2468 26224 4911 46699 10728 2703 3705 2261 35971 5671
is_linear=0
shrinkage=0.05


Tree=21
num_leaves=31
num_cat=0
split_feature=1 1 1 78 71 42 71 79 42 42 1 53 64 67 1 0 0 76 3 64 3 60 71 69 79 76 79 79 79 40
split_gain=3452.67 167.434 137.819 91.7252 49.1465 47.8768 39.0069 24.0444 18.289 17.2658 16.4784 15.3347 13.1654 11.5177 10.7178 10.5709 10.1105 9.65859 9.63022 9.47764 9.13817 9.10439 9.15767 8.69888 8.38937 9.34966 7.69203 7.64518 7.4845 7.45276
threshold=0.23938287544958989 0.7740980979447657 0.030380062479932603 0.018857000000000002 180.50000000000003 1.0000000180025095e-35 8.5000000000000018 0.029730000000000003 1.0000000180025095e-35 2.5000000000000004 0.94875966535953815 7.5000000000000009 1570.1666666650001 0.086694000000000007 0.0088049481694041625 0.012433500000000002 0.09822400000000002 0.024131000000000003 1830.5000000000002 3.0833333333350006 68784.500000000015 0.0017535000000000003 2.5000000000000004 11.500000000000002 0.046833500000000007 0.49069550000000006 0.10321150000000003 0.066421500000000008 0.021406500000000005 1824.5000000000002
decision_type=2 2 2 2 2 2 2 2 2 2 2 2 2 2 2 2 2 2 2 2 2 2 2 2 2 2 2 2 2 2
left_child=2 3 14 4 7 10 9 12 20 17 27 13 18 19 -1 -11 -12 -4 -2 -7 -9 -22 -23 28 25 -8 -16 -3 -20 -27
right_child=1 5 6 -5 -6 11 24 8 -10 15 16 -13 -14 -15 26 -17 -18 -19 23 -21 21 22 -24 -25 -26 29 -28 -29 -30 -31
leaf_value=-0.055006070936142876 -0.04536886251684482 0.015122796983686149 -0.052675778559341906 0.047023435516027647 -0.041684166726590172 0.047423474274063578 -0.051596297671571749 0.021919434739811419 0.028461113882516445 -0.042342491387043157 0.033508238393438798 0.014087247862478955 -0.063671624686826439 0.055704421284688027 -0.04607682721910214 0.025660224925744858 -0.012206977791998948 -0.012492278147354161 0.0028689451680123947 0.038067293072021502 -0.0094298594623647841 0.035291929566317479 -0.029245672233372801 -0.042596030568723436 -0.010530362763286642 -0.015126472737440106 -0.014190346695968116 0.027429213371725922 -0.06075971604593209 -0.051744128360293122
leaf_weight=1694.3952331678302 12.332210109452715 228.10102855681907 16.370829810824944 138.65854248893447 57.775721778278239 418.84689197968692 110.4816972038243 56.90572558704298 151.41523563378723 6.5632465896487693 997.25285256560892 47.228579462505877 8.975097518792607 159.13012293353677 171.11641295129084 44.205881515808869 12.243059467524288 172.79068481398281 253.88592604798032 765.10827057179995 100.60140232625417 25.078318802872673 7.0396093477029344 11.573901092808226 22.704636192705948 41.507043216435704 21.263572928495705 282.50095389317721 4.7073445633286601 20.888523591042031
leaf_count=836838 1562 3540 5538 511 12921 746 42743 1794 2487 1538 2691 1183 1886 156 76752 2413 49 24613 14062 2188 4713 386 267 1474 4502 9239 7895 2053 433 6877
internal_value=0 0.029738 -0.0478842 0.00991326 0.00245895 0.0353845 -0.0225314 0.00649111 0.0155035 -0.00902122 0.0292514 0.04209 -0.00405384 0.0430747 -0.0537363 0.0168691 0.0329538 -0.0159699 -0.00215977 0.0413772 0.00515685 -0.0020304 0.0211466 -0.000187419 -0.0391051 -0.0428579 -0.0425524 0.0219316 0.00171067 -0.0273852
internal_weight=0 3739.36 2322.29 828.949 690.29 2910.41 435.513 632.515 341.04 239.931 1520.1 1390.31 291.474 1343.09 1886.78 50.7691 1009.5 189.162 282.499 1183.96 189.625 132.719 32.1179 270.167 195.582 172.877 192.38 510.602 258.593 62.3956
internal_count=1074050 55102 1018948 42496 41985 12606 97463 29064 9647 34102 8333 4273 19417 3090 921485 3951 2740 30151 17531 2934 7160 5366 653 15969 63361 58859 84647 5593 14495 16116
is_linear=0
shrinkage=0.05


Tree=22
num_leaves=31
num_cat=0
split_feature=1 1 1 77 42 1 71 40 79 84 42 66 71 59 42 79 1 3 61 77 41 76 76 0 0 61 71 48 81 59
split_gain=3250.27 186.497 105.441 61.8922 58.9551 36.3343 35.5771 30.4966 20.224 17.1292 15.8497 14.5076 12.4967 12.3606 11.1843 11.9432 10.6269 10.5822 9.11278 8.74874 8.34742 8.33124 7.89943 8.08883 7.82593 7.50436 7.44437 7.34453 7.31911 7.7785
threshold=0.19204907757119541 0.68981449621504665 0.030380062479932603 0.026070000000000003 7.5000000000000009 0.94875966535953815 90.500000000000014 11.500000000000002 0.067282000000000008 0.58333333333350013 1.0000000180025095e-35 1.0000000180025095e-35 12.500000000000002 1.5000000000000002 207.50000000000003 0.052713500000000003 0.0088049481694041625 3321.0000000000005 1.5000000000000002 0.053591500000000007 1.0000000180025095e-35 0.034499000000000009 1.0456840000000003 0.036674500000000006 0.098890500000000006 67.500000000000014 3.5000000000000004 1.0000000180025095e-35 2029.5000000000002 1.5000000000000002
decision_type=2 2 2 2 2 2 2 2 2 2 2 2 2 2 2 2 2 2 2 2 2 2 2 2 2 2 2 2 2 2
left_child=2 3 16 6 5 8 10 14 12 -5 26 19 -3 -13 15 21 -1 -12 -19 20 -6 -4 -9 -24 -7 -18 -2 -23 29 -14
right_child=1 4 7 9 11 24 -8 22 -10 -11 17 13 28 -15 -16 -17 25 18 -20 -21 -22 27 23 -25 -26 -27 -28 -29 -30 -31
leaf_value=-0.054624035312585528 -9.2061937672975559e-05 0.016828727314280045 -0.049015906422369318 0.020598929496858501 0.039439125083917725 0.034563381721394636 -0.035761050629722062 -0.049230986331827507 0.027911594866180583 0.056507733302951717 -0.0305357988664972 -0.030743836721046164 -0.032028667885144434 0.032547777462561177 0.030555444698955887 -0.0039471538019767187 -0.043796267028932259 0.0020451644009596452 0.027500449360683323 0.052651374864162215 0.055556500666009395 -0.026844010002425808 -0.038920750215314021 0.014207061508367994 -0.0029631803816521016 0.015382019437557846 -0.017789573009202506 0.0096473541525711332 -0.060311994562662313 0.0077752561617380218
leaf_weight=1631.9569989725424 159.3442604286829 310.05172774405219 31.608122358593391 121.00549751787912 516.04989674867829 1296.9835661370307 78.041988858603872 106.27974205970531 463.92937862919644 45.773299629800022 12.590205135056747 11.173174753785132 15.976096313446758 24.917948327958584 13.845908268063793 107.96565722988453 181.92363137664506 58.908291690633632 87.208334072376601 277.65493657579646 95.146486620418727 61.430925476422999 21.092142488720132 10.849831397528758 14.04350223764777 5.5196273648762135 94.758005566458451 17.779489789856598 5.7189518819795913 52.966355751384981
leaf_count=836838 8485 4281 11270 3024 1642 3405 17878 41427 3491 70 1880 139 536 243 566 12889 83159 3684 1920 348 141 13196 5940 1892 49 1488 9633 1902 961 1673
internal_value=0 0.0283134 -0.048376 0.00413939 0.0334673 0.0289436 -0.00480175 -0.0240769 0.0208828 0.0304543 0.00105114 0.0440298 0.0124066 0.0129538 -0.0130246 -0.0157826 -0.053329 0.013448 0.0172379 0.0452916 0.0419482 -0.0273134 -0.0426781 -0.0208747 0.0341614 -0.0420536 -0.00669169 -0.0186532 -0.0059574 -0.00144854
internal_weight=0 3742.24 2190.25 657.63 3084.61 2159.67 490.851 370.852 848.643 166.779 412.809 924.942 384.713 36.0911 232.63 218.784 1819.4 158.707 146.117 888.851 611.196 110.819 138.222 31.942 1311.03 187.443 254.102 79.2104 74.6614 68.9425
internal_count=1074050 63483 1010567 46574 16909 14396 43480 89082 10942 3094 25602 2513 7451 382 39823 39257 921485 7484 5604 2131 1783 26368 49259 7832 3454 84647 18118 15098 3170 2209
is_linear=0
shrinkage=0.05


Tree=23
num_leaves=31
num_cat=0
split_feature=1 1 1 42 77 1 77 71 79 40 71 42 1 60 64 64 76 3 42 1 77 0 53 65 42 57 66 76 76 0
split_gain=3060.77 204.716 83.7626 69.587 49.5657 45.8411 35.1741 25.8529 19.0103 16.1443 15.975 13.3688 10.0652 9.80392 9.6576 9.63608 9.31471 9.17353 9.1618 10.2762 10.2496 8.00851 7.92706 7.69399 7.63545 7.42061 7.37899 7.25949 7.15936 19.2215
threshold=0.15548050853772452 0.60678019017954943 0.012339227772512141 5.5000000000000009 0.029255500000000004 0.86620967868038068 0.027459500000000005 114.50000000000001 0.046833500000000007 5.5000000000000009 3.5000000000000004 44.500000000000007 0.94875966535953815 0.029483500000000003 1420.5000000000002 1570.1666666650001 0.072614500000000012 49821.500000000007 1758.5000000000002 0.86620967868038068 0.062645500000000007 0.051216500000000005 1.5000000000000002 1.0000000180025095e-35 1.0000000180025095e-35 1.0000000180025095e-35 2.5000000000000004 0.091939000000000007 1.1029575000000003 0.051531500000000001
decision_type=2 2 2 2 2 2 2 2 2 2 2 2 2 2 2 2 2 2 2 2 2 2 2 2 2 2 2 2 2 2
left_child=2 4 -1 5 7 10 8 15 23 18 13 -6 22 -3 17 16 -2 -12 19 20 27 -8 -7 28 25 -14 -11 -5 -4 -30
right_child=1 3 6 9 11 12 21 -9 -10 26 14 -13 24 -15 -16 -17 -18 -19 -20 -21 -22 -23 -24 -25 -26 -27 -28 -29 29 -31
leaf_value=-0.05400474318628206 -0.010701800736530202 0.014820295690770566 -0.047694102410338543 0.015289727951324559 0.013767613358288831 0.030647955117734656 0.011846620074546461 -0.036886635025067963 -0.016862960466362584 0.024302350754221203 -0.022839728555403338 0.04732391972102587 0.029995113042282015 0.037906693805837555 -0.0540005969454335 -0.0591326342549129 0.0057407623790913381 0.0085664669171750772 0.054416299160285599 0.045178030529405694 0.048676787760986259 -0.040840078533860291 0.017427812920163887 -0.012858746780089213 0.040303262269303398 0.054913608016643183 -0.052023572843460777 0.042217978403961791 -0.046636268462055437 0.032620989403967633
leaf_weight=1624.1766809372639 174.03481729127816 227.74749066098593 224.11996418214403 85.353542369790375 79.61931243701838 229.30830947402865 55.007459622807801 70.927062367729377 102.81439405371202 78.303122024459299 28.826670012087561 47.322903524735011 956.77806256897748 57.620810247492045 7.9698113854392423 7.6963310732389791 170.53328775294358 120.21572479093447 183.8194066574797 589.77937129046768 58.554835614748299 8.3009921096381714 224.31228787230793 21.01119633280905 266.99776010145433 30.839951168745756 3.3000507806427768 35.412132574245334 26.927816839277511 10.68532700097421
leaf_count=862486 14820 3979 92490 587 2956 1312 7478 18702 22031 1302 1678 231 2677 413 1570 1921 11883 3300 239 994 120 2503 2169 4500 638 63 318 113 9130 1447
internal_value=0 0.0270398 -0.0487211 0.0319045 -0.00112552 0.0267787 -0.0296028 -0.00934532 -0.0352745 0.0425602 0.012434 0.0262771 0.0304935 0.0194818 -0.000375409 -0.00379998 -0.00256406 0.00249211 0.044388 0.0419912 0.0315096 0.00493835 0.0241107 -0.0419695 0.0328013 0.0307732 0.0212157 0.0231859 -0.0443064 -0.0241205
internal_weight=0 3735.27 2073.04 3185.14 550.134 2150.62 448.867 423.191 385.559 1034.52 442.381 126.942 1708.24 285.368 157.012 352.264 344.568 149.042 952.919 769.1 179.321 63.3085 453.621 282.744 1254.62 987.618 81.6032 120.766 261.733 37.6131
internal_count=1074050 71985 1002065 21472 50513 17799 139579 47326 129598 3673 10940 3187 6859 4392 6548 28624 26703 4978 2053 1814 820 9981 3481 107567 3378 2740 1620 700 103067 10577
is_linear=0
shrinkage=0.05


Tree=24
num_leaves=31
num_cat=0
split_feature=1 1 42 1 71 53 1 71 65 39 77 42 77 1 76 69 40 1 71 69 60 76 0 79 76 0 1 79 1 42
split_gain=2883.75 215.733 88.1248 92.5311 46.571 33.979 17.9423 17.6268 17.596 16.4205 15.978 12.4265 11.9102 12.0595 11.2291 11.001 10.7379 10.6059 9.47162 8.98463 8.49988 7.86478 7.79102 7.68933 7.66859 7.62911 8.16802 7.56709 7.55619 7.47632
threshold=0.37969951586789719 0.030380062479932603 2.5000000000000004 0.7740980979447657 6.5000000000000009 7.5000000000000009 0.94875966535953815 180.50000000000003 1.0000000180025095e-35 1.0000000180025095e-35 0.031041000000000003 764.50000000000011 0.062645500000000007 0.86620967868038068 0.093402500000000013 7.5000000000000009 7.5000000000000009 0.0088049481694041625 236.50000000000003 8.5000000000000018 0.0017535000000000003 0.093402500000000013 0.019275000000000004 0.081284000000000009 0.019444500000000003 0.069732500000000017 0.94875966535953815 0.090804500000000024 0.061123824279792356 1.0000000180025095e-35
decision_type=2 2 2 2 2 2 2 2 2 2 2 2 2 2 2 2 2 2 2 2 2 2 2 2 2 2 2 2 2 2
left_child=1 17 3 7 10 8 16 15 12 18 14 25 13 -4 28 20 19 -1 -6 24 -2 -21 -17 -12 -5 26 -7 -19 -3 -16
right_child=2 4 5 6 9 11 -8 -9 -10 -11 23 -13 -14 -15 29 22 -18 27 -20 21 -22 -23 -24 -25 -26 -27 -28 -29 -30 -31
leaf_value=-0.053977057001570919 0.0022728823120485848 -0.040012780295391792 0.021784309645562501 -0.014345819830831198 -0.028496788438693712 -0.026107537431799235 0.03133737775535754 -0.039896533289472895 0.047797039844358846 0.047609190872257685 -2.0776764663983454e-05 0.041193389022624573 0.050008520128849737 0.038124017923281441 -0.0043185966083311876 -0.038903045785646385 0.00056090607094045621 -0.045037947372561969 -0.04902587457572008 -0.0068437179879266971 0.021985685295051096 0.025915995237736723 -0.0029308253306800213 0.031018520885956521 0.026498585871579435 0.032668488909223588 0.033982673764771397 -0.014278430476529588 -0.013308059606092409 0.032008509173190473
leaf_weight=1512.023752936424 201.48549094473128 32.313242275035009 176.86020663648378 11.785060932394115 163.90429649862926 34.733398176409537 1167.1969286040403 25.49099733971525 584.85144434706308 6.0832840629154807 43.431432839366607 18.151573412236758 116.45793301984668 312.36191041721031 55.211687580274884 22.485208178084577 59.443995601963252 154.63520748534938 85.491829679376679 43.719693410443142 75.052934165112674 31.536290494492278 45.533533797599375 36.909367840155028 461.90488293673843 9.8286411372246203 6.7550618709065011 22.963704142544884 146.96467051116633 19.050315861182753
leaf_count=836838 8855 8572 1882 236 43369 4152 3212 4941 1222 120 3898 320 259 740 5132 1864 1764 75656 33876 812 1490 260 2292 1013 3553 323 57 8991 17652 699
internal_value=0 -0.0435338 0.029132 0.0229685 -0.0174866 0.0396277 0.0277086 0.000223881 0.0416111 -0.0335543 -0.00519183 0.00563654 0.0356379 0.032217 -0.011349 0.00319207 0.0207469 -0.0526194 -0.0355341 0.0229328 0.00762297 0.00688436 -0.0148223 0.014239 0.0254824 -0.00694041 -0.0163238 -0.0410607 -0.0181213 0.00500034
internal_weight=0 2278.98 3405.64 2145.64 589.36 1260 1775.59 370.048 1190.53 255.479 333.881 69.4687 605.68 489.222 253.54 344.557 608.39 1689.62 249.396 548.946 276.538 75.256 68.0187 80.3408 473.69 51.3171 41.4885 177.599 179.278 74.262
internal_count=1074050 1035816 38234 29279 114331 8955 9837 19442 4103 77365 36966 4852 2881 2622 32055 14501 6625 921485 77245 4861 10345 1072 4156 4911 3789 4532 4209 84647 26224 5831
is_linear=0
shrinkage=0.05


Tree=25
num_leaves=31
num_cat=0
split_feature=1 1 1 42 42 71 53 1 53 81 65 77 77 1 73 79 4 4 73 40 77 4 73 79 42 64 57 3 59 44
split_gain=2711.24 185.852 83.5797 62.0183 56.8267 36.2141 33.3842 22.9497 21.5172 17.343 16.4118 14.7484 14.5473 14.6473 11.6589 13.1755 13.488 15.6118 11.5202 9.37275 9.2986 9.25586 9.23023 8.76479 8.5699 8.46331 7.74788 7.63672 7.60129 7.81626
threshold=0.15548050853772452 0.68981449621504665 0.012339227772512141 1.0000000180025095e-35 40.500000000000007 3.5000000000000004 3.5000000000000004 0.94875966535953815 7.5000000000000009 1811.5000000000002 1.0000000180025095e-35 0.027459500000000005 0.064086000000000018 0.94875966535953815 2.5000000000000004 0.062726000000000018 1392.5000000000002 550920.50000000012 15.500000000000002 97.500000000000014 0.043715000000000011 1654303.0000000002 1.0000000180025095e-35 0.36529200000000006 1.0000000180025095e-35 814.37500000000011 1.0000000180025095e-35 8.9884656743000007e+307 94.500000000000014 31.500000000000004
decision_type=2 2 2 2 2 2 2 2 2 2 2 2 2 2 2 2 2 2 2 2 2 2 2 2 2 2 2 2 2 2
left_child=2 4 -1 7 5 24 11 20 12 18 19 -4 13 14 -5 16 -16 -18 -7 -6 21 28 -23 -8 -2 -10 27 -9 29 -3
right_child=1 3 6 8 10 9 23 26 25 -11 -12 -13 -14 -15 15 -17 17 -19 -20 -21 -22 22 -24 -25 -26 -27 -28 -29 -30 -31
leaf_value=-0.053380535958126786 0.0013685984755673183 0.018256108498379869 -0.021501305339697963 0.038704934730782604 0.023142966896214198 -0.011232616794780576 -0.041184256674608802 0.030722520526776792 0.016097486421243357 -0.056874549173229219 0.053953635934671777 0.0095367407299846579 0.050384219796932674 0.042857617329641329 -0.049109029463910173 0.031734619664964332 0.022742119915440347 -0.047786899973838962 -0.055029464199770561 -0.034875754419107695 0.032938061216761044 -0.031810825011097693 0.0081947019460599495 0.045984817106426101 0.019883852940245434 -0.042326629501508034 0.053367038803049528 0.020578932907406245 -0.0625650879125043 -0.022611451411816696
leaf_weight=1501.3166920679505 216.50514605533681 416.16075448493939 125.50435223866953 252.24598220502958 75.246589942777064 208.80467648449121 250.12133715543314 683.04793819133192 52.344632920110598 26.881512974679936 50.403826928930357 55.065904150076676 266.76443562330678 564.33840043796226 9.357785532018168 164.72010134905577 67.180451950058341 8.8837438875343633 16.177983656176366 7.6705822677758979 72.363570309244096 19.852083205478266 52.675872838764917 2.9173797426046795 87.857669737393735 7.0312759599182746 31.015956105664372 254.75624130666256 3.0148099679499856 12.038329507457091
leaf_count=862486 11387 5714 29763 881 1849 23573 102041 1960 1136 9718 160 7614 396 1059 268 673 399 105 3445 2341 481 669 884 161 2603 872 63 717 311 321
internal_value=0 0.0254956 -0.0477958 0.0309788 0.00213484 -0.00489244 -0.0284594 0.0240808 0.0386298 -0.0189172 0.0314533 -0.0120361 0.0399411 0.0373296 0.0311199 0.023471 0.00753609 0.0145048 -0.0143819 0.0177757 0.0161781 0.0137705 -0.00275546 -0.0401793 0.00671323 0.00917892 0.0287802 0.027967 0.0165501 0.0171072
internal_weight=0 3627.34 1934.93 2937.79 689.548 556.227 433.609 1544.93 1392.87 251.864 133.321 180.57 1333.49 1066.73 502.388 250.142 85.422 76.0642 224.983 82.9172 576.105 503.742 72.528 253.039 304.363 59.3759 968.82 937.804 431.214 428.199
internal_count=1074050 71985 1002065 16909 55076 50726 139579 11120 5789 36736 4350 37377 3781 3385 2326 1445 772 504 27018 4190 8380 7899 1553 102202 13990 2008 2740 2677 6346 6035
is_linear=0
shrinkage=0.05


Tree=26
num_leaves=31
num_cat=0
split_feature=1 1 1 78 42 71 53 42 77 42 73 3 1 71 65 79 4 42 79 0 77 3 71 85 64 76 85 48 0 44
split_gain=2558.7 182.701 86.8228 85.0465 52.6183 41.5442 33.7985 20.6929 14.9378 14.9207 16.841 14.7727 12.159 12.1296 10.4698 11.842 9.32751 8.15303 7.98669 7.91929 7.89223 9.41634 8.00203 7.77142 7.63825 7.62704 7.08605 6.8638 6.8622 6.81914
threshold=0.15548050853772452 0.7740980979447657 0.012339227772512141 0.018857000000000002 1.0000000180025095e-35 90.500000000000014 3.5000000000000004 1.0000000180025095e-35 0.027459500000000005 50.500000000000007 33.500000000000007 647.50000000000011 0.94875966535953815 7.5000000000000009 1.0000000180025095e-35 0.029730000000000003 981904.50000000012 297.50000000000006 0.36529200000000006 0.028647500000000003 0.029255500000000004 844989.00000000012 4.5000000000000009 8.5000000000000018 1570.1666666650001 0.13732050000000004 15.500000000000002 1.0000000180025095e-35 0.032887000000000007 25.500000000000004
decision_type=2 2 2 2 2 2 2 2 2 2 2 2 2 2 2 2 2 2 2 2 2 2 2 2 2 2 2 2 2 2
left_child=2 3 -1 5 12 7 8 24 25 10 13 -9 26 -6 15 23 -5 19 -8 -10 21 -14 -23 28 29 27 -3 -4 -13 -2
right_child=1 4 6 16 9 -7 18 11 17 -11 -12 14 20 -15 -16 -17 -18 -19 -20 -21 -22 22 -24 -25 -26 -27 -28 -29 -30 -31
leaf_value=-0.053128640835257104 -0.0013072237473841356 0.019035252573422187 -0.030984433063146591 0.050148054752176846 0.037655664958420806 -0.031190994751512248 -0.040549709561401068 -0.049490140068861314 0.02007430550682579 0.046491173787049596 -0.018542518967167087 -0.012096088456653159 0.029899771778348013 0.013752112032021355 0.035107059989652904 0.021487871317963276 0.018933800368321627 0.056613554096725444 0.043247286031247271 -0.020400836198321077 0.04085070438421224 0.021129299892569488 -0.010196597126223124 -0.062331823765746419 -0.061302837794145838 0.01049640367910752 -0.039919363201415967 0.0043530724757905488 0.019610353629420853 -0.033611196315362676
leaf_weight=1446.8302902774303 389.02375548268901 475.2076389597496 92.284540639724582 99.250409547472373 737.13158820918761 99.204817316582194 244.36750646162545 8.6824533611070347 27.572649229667149 429.71044594945852 14.444556593196465 43.577301053650444 598.93667494598776 57.189030403271317 59.705950514937285 111.57649014302297 31.538257913896814 8.0530572475981881 2.876953257189597 21.515152565494645 108.55726976878941 221.45311560947448 22.452972743660212 5.3170005633146493 5.6304147849732535 16.78542954637669 5.1521897292695931 16.14560029518907 28.049340629950166 17.052548385458067
leaf_count=862486 22726 5422 25456 266 2069 22680 102041 1350 2849 886 259 3793 1755 1059 841 2418 330 89 161 4676 246 622 117 892 1206 1791 171 2516 1222 1655
internal_value=0 0.0248526 -0.047268 0.00535124 0.0314154 -0.000997219 -0.0275303 0.00348274 -0.0112002 0.0389621 0.0349617 0.0146179 0.0248875 0.0359347 0.0168603 0.0110814 0.0426211 0.00998387 -0.0395746 0.00233408 0.0281616 0.0265272 0.0182456 -0.00400911 -0.00346571 -0.0208673 0.0184029 -0.0257226 0.000320308 -0.00266378
internal_weight=0 3568.84 1876.43 898.609 2670.24 767.82 429.601 668.615 182.356 1238.48 808.765 256.909 1431.76 794.321 248.226 188.52 130.789 57.1409 247.244 49.0878 951.4 842.843 243.906 76.9436 411.707 125.216 480.36 108.43 71.6266 406.076
internal_count=1074050 71985 1002065 59379 12606 58783 139579 36103 37377 4273 3387 10516 8333 3128 9166 8325 596 7614 102202 7525 2740 2494 739 5907 25587 29763 5593 27972 5015 24381
is_linear=0
shrinkage=0.05


Tree=27
num_leaves=31
num_cat=0
split_feature=1 1 42 1 53 71 53 50 71 77 1 77 81 77 40 61 0 1 69 3 76 67 4 1 79 42 76 42 42 3
split_gain=2416.1 200.066 83.5144 82.3959 39.594 26.1644 22.1079 19.6847 14.6758 14.4157 13.7884 13.8816 12.6211 12.2319 10.9347 10.7689 12.6151 10.0047 9.22626 12.0003 9.01013 8.49874 9.22325 8.45461 8.36289 8.20232 8.0988 8.02198 8.00759 7.78952
threshold=0.37969951586789719 0.030380062479932603 6.5000000000000009 0.86620967868038068 86.500000000000014 3.5000000000000004 2.5000000000000004 1.0000000180025095e-35 396.50000000000006 0.041174000000000009 0.0088049481694041625 0.11735600000000002 2717.5000000000005 0.029255500000000004 1.5000000000000002 2.5000000000000004 0.001433 0.86620967868038068 8.5000000000000018 5097.0000000000009 0.012722000000000002 0.086694000000000007 182686.50000000003 0.53809039466125175 0.046275500000000004 1.0000000180025095e-35 0.22695950000000001 764.50000000000011 13.500000000000002 49821.500000000007
decision_type=2 2 2 2 2 2 2 2 2 2 2 2 2 2 2 2 2 2 2 2 2 2 2 2 2 2 2 2 2 2
left_child=1 10 3 5 7 13 21 9 17 20 -1 -12 23 24 18 16 -16 27 26 -20 -3 22 -4 -7 -2 -9 -5 -8 -22 -25
right_child=2 4 6 14 -6 12 8 25 -10 -11 11 -13 -14 -15 15 -17 -18 -19 19 -21 28 -23 -24 29 -26 -27 -28 -29 -30 -31
leaf_value=-0.053218138947795035 -0.0015883906342749471 -0.048961042009070116 0.043953603310036789 0.034474382349355646 -0.044744472832254238 -0.022800598053440937 0.0046345475810400097 -8.914556510886533e-05 -0.050573094139245933 0.0063769106512551093 -0.040438788815046998 0.046644936086175898 -0.057998637670748115 0.030224299161364012 -0.088531366827047459 0.028383023290250182 0.017794439724609364 0.036415220647423439 -0.030715353289011552 0.023914047094615073 -0.020270249774695406 0.053086162778196555 0.029388603984187703 -0.020329246675500338 0.015705942901720858 0.033711130188496516 -0.026464340092558589 0.036618559479659384 0.0037596730512415317 0.0060807631204833268
leaf_weight=1345.2644062624167 110.94224569544895 23.94059606679366 444.10924189700745 674.25117096165195 103.83991967240581 48.376458583923522 61.713524295046227 47.989890346769243 6.1734311865293412 64.846764111542143 162.20611818865291 4.7090699249529271 11.506308073177932 91.143705315887928 2.8122857995331279 498.64459084579721 347.00898387702182 131.02158393431455 11.266889297869055 93.275525979232043 262.46477786960895 169.85531077906489 143.91608639014885 34.871312430826947 188.96205312327947 28.672842405794654 5.4966732598841181 28.731650523724966 39.944920062291203 140.05803219310474
leaf_count=836838 4086 7874 1213 2247 42842 5533 2218 4966 1516 5528 84122 525 3420 963 13 2003 2219 418 105 326 46704 198 541 2489 3585 1073 24 270 5344 4847
internal_value=0 -0.0420105 0.0269856 0.0216863 -0.0168141 0.00626139 0.0391303 -0.0106151 0.025466 -0.0151552 -0.0515364 -0.037982 -0.00693154 0.0141833 0.0275989 0.0236649 0.0169397 0.0275857 0.0318549 0.0180265 -0.0194337 0.0432346 0.0403889 -0.0043002 0.00930833 0.0125526 0.0339816 0.0147949 -0.0170962 0.000816056
internal_weight=0 2083.88 3244.14 2258.62 571.7 625.86 985.521 467.86 227.64 391.197 1512.18 166.915 234.812 391.048 1632.76 848.466 349.821 221.467 784.29 104.542 326.35 757.881 588.025 223.306 299.904 76.6627 679.748 90.4452 302.41 174.929
internal_count=1074050 1035816 38234 31860 114331 24923 6374 71489 4422 65450 921485 84647 16289 8634 6937 4235 2232 2906 2702 431 59922 1952 1754 12869 7671 6039 2271 2488 52048 7336
is_linear=0
shrinkage=0.05


Tree=28
num_leaves=31
num_cat=0
split_feature=1 1 1 67 42 71 77 1 1 79 42 1 64 77 69 76 66 79 81 42 0 42 4 3 60 0 65 59 4 69
split_gain=2280.23 173.649 86.6311 77.8419 49.8812 37.3932 31.7436 20.3688 20.1802 16.9267 14.8416 11.9388 11.4936 10.5206 9.59797 8.84311 8.78412 8.63343 8.26995 8.17169 8.63587 7.98168 8.9384 7.40109 7.20018 7.10744 6.98021 6.6455 6.53331 6.5193
threshold=0.15548050853772452 0.7740980979447657 0.012339227772512141 0.047535500000000001 2.5000000000000004 90.500000000000014 0.027459500000000005 0.94875966535953815 0.48090646582193369 0.052713500000000003 2.5000000000000004 0.94875966535953815 8.7083333333350019 0.023390500000000005 7.5000000000000009 0.012067000000000003 1.0000000180025095e-35 0.046275500000000004 90.500000000000014 8.5000000000000018 0.028647500000000003 139.50000000000003 370.00000000000006 943.50000000000011 0.10380200000000002 0.098890500000000006 1.0000000180025095e-35 137.50000000000003 593143.50000000012 6.5000000000000009
decision_type=2 2 2 2 2 2 2 2 2 2 2 2 2 2 2 2 2 2 2 2 2 2 2 2 2 2 2 2 2 2
left_child=2 3 -1 5 7 8 9 13 15 26 14 12 -6 17 -10 -2 21 -3 -19 20 -8 22 -14 -12 -22 -9 -4 -17 -5 -13
right_child=1 4 6 28 11 -7 19 25 10 -11 23 29 16 -15 -16 27 -18 18 -20 -21 24 -23 -24 -25 -26 -27 -28 -29 -30 -31
leaf_value=-0.052633192430854105 -0.050596728439053544 0.0062505917486571586 -0.041545516724670807 0.053367019114354819 0.039375963140798859 -0.030051868451294553 0.013770394076417662 0.029468069016323473 0.0082275012891606433 -0.014292894327400022 -0.048218027691421084 0.047708406683109772 -0.054368329945306028 0.032239991507458855 -0.016370724884854582 -0.0038358703557715423 -0.031975780508929255 0.014672286637273105 0.033615973983568907 0.038135186748719151 -0.037855988312178672 0.039785785536079421 0.019062310842579248 0.025682379958216303 0.053597285234099068 -0.007011325402539262 -0.010985415650685379 -0.055256626171212277 0.024121190105720482 0.032582848688385915
leaf_weight=1338.0237808757665 11.050226029416079 194.68240233534016 236.45127643164597 74.509679960552603 281.72733478108421 96.671726381609915 29.050435734447092 1074.1026076930575 202.63752958943951 93.603823974903207 3.4756064421380861 391.81976782227866 4.3694626945070913 99.542810626327991 49.305359489691909 276.71183430557721 7.1409824216389088 210.05133178597316 79.385804892517626 14.754856778425163 19.536507323733534 54.628229004563764 80.401972675696015 134.39379450900014 2.4186607317533335 13.520441155880688 20.288535444065928 6.4293323613528619 25.676861730171368 87.069678488653153
leaf_count=862486 2123 3581 104617 124 765 22719 3594 3163 6433 20416 296 641 173 579 2819 21618 263 1907 558 851 5515 183 522 1725 21 49 4565 1356 166 222
internal_value=0 0.0235469 -0.0464367 0.00438066 0.0300946 -0.000944008 -0.0265113 0.024971 0.00316987 -0.0324945 0.0106308 0.039534 0.0334684 0.0174359 0.00341362 -0.00671603 0.0221111 0.014392 0.0198681 0.00536455 -0.00411532 0.0248818 0.0152774 0.0238194 -0.0277812 0.0290146 -0.0391305 -0.00500349 0.0458716 0.0449583
internal_weight=0 3459.3 1754.13 880.862 2578.44 780.675 416.104 1671.29 684.004 350.344 389.812 907.157 428.268 583.662 251.943 294.191 146.541 484.12 289.437 65.7605 51.0056 139.4 84.7714 137.869 21.9552 1087.62 256.74 283.141 100.187 478.889
internal_count=1074050 71985 1002065 59379 12606 59089 139579 9837 36370 129598 11273 2769 1906 6625 9252 25097 1141 6046 2465 9981 9130 878 695 2021 5536 3212 109182 22974 290 863
is_linear=0
shrinkage=0.05


Tree=29
num_leaves=31
num_cat=0
split_feature=1 1 1 78 42 79 53 81 1 42 77 40 84 42 73 71 4 69 1 3 76 59 81 4 3 79 53 76 66 3
split_gain=2147.27 167.93 87.2164 74.3451 53.5691 34.5532 31.0541 24.7313 18.5628 14.4319 14.1017 12.9427 10.1495 9.76674 8.80235 8.73588 8.58416 8.58231 8.55173 8.37334 8.19669 8.6193 8.09287 7.94172 7.83558 7.46884 7.46202 7.4132 7.31958 7.32214
threshold=0.15548050853772452 0.7740980979447657 0.012339227772512141 0.018857000000000002 5.5000000000000009 0.029730000000000003 3.5000000000000004 1811.5000000000002 0.94875966535953815 1.0000000180025095e-35 0.030463500000000001 10.500000000000002 0.58333333333350013 1758.5000000000002 11.500000000000002 90.500000000000014 1694852.0000000002 11.500000000000002 0.86620967868038068 3646.0000000000005 0.42896300000000004 30.500000000000004 340.50000000000006 1455534.0000000002 65683.000000000015 0.068753500000000009 1.5000000000000002 0.049453500000000004 4.5000000000000009 146963.00000000003
decision_type=2 2 2 2 2 2 2 2 2 2 2 2 2 2 2 2 2 2 2 2 2 2 2 2 2 2 2 2 2 2
left_child=2 3 -1 5 8 7 10 15 11 24 -4 14 16 18 23 17 -5 -2 22 -12 -17 -22 -6 26 -7 -8 -3 -16 29 -10
right_child=1 4 6 12 13 9 25 -9 28 -11 19 -13 -14 -15 27 20 -18 -19 -20 -21 21 -23 -24 -25 -26 -27 -28 -29 -30 -31
leaf_value=-0.052404366049372701 -0.0028776601092032187 0.030594474638069705 -0.019753328246372485 0.034368575400102311 0.028801013301676982 0.01609324513261259 -0.041258554681243141 -0.054311405826715703 0.032262330616515643 0.021033437367672478 -0.047472611876822585 -0.0086984455326330999 0.052990107872950443 0.052687100771332644 -0.023920758715295896 -0.041588144679784722 -0.013465364051430589 -0.043324620886345866 0.040229120564064837 0.016965233163329121 0.011704237483364964 -0.043911231711203307 -0.019509312206392446 0.0073723476593806209 -0.0054856335282925557 -0.013135818107602544 0.017548466095197324 0.012978290506786533 -0.00078910471979533087 0.02401517509893349
leaf_weight=1284.8006214357447 279.1254898874613 234.96262153261341 122.57540613372112 43.994989976286888 80.796286103315651 58.868911363184452 204.48643463739427 32.080533565691439 672.43094573565759 150.55635960414656 5.6013566758483639 43.160813056922052 67.347900923807174 134.40535776037723 18.844564906787127 34.837253623729339 11.920494289253837 13.761732742481398 538.2032147035934 50.436431709007593 21.345595239341495 10.341899651219135 9.710766534204593 79.873639764264226 147.40462201077025 26.690605184907326 205.44616460474208 49.019533699029125 21.062900939956307 448.73806879110634
leaf_count=862486 18879 1589 30145 238 420 2447 95094 11158 1923 3692 1753 1608 115 214 315 8704 243 2162 1294 5479 2129 2112 210 918 7500 7108 2106 554 95 1360
internal_value=0 0.0228705 -0.0459982 0.0039364 0.0293762 -0.00199031 -0.0259131 -0.0122477 0.02461 0.00926352 -0.0102541 0.0177293 0.039917 0.0404532 0.0196687 -0.0084932 0.024171 -0.00477812 0.0378378 0.0105242 -0.0248495 -0.00644707 0.0236177 0.0218779 0.000672816 -0.0380116 0.0245086 0.00273213 0.0284129 0.0289615
internal_weight=0 3408.24 1694.59 871.586 2536.65 748.322 409.79 391.493 1773.54 356.83 178.613 631.307 123.263 763.116 588.147 359.412 55.9155 292.887 628.71 56.0378 66.5247 31.6875 90.5071 520.282 206.274 231.177 440.409 67.8641 1142.23 1121.17
internal_count=1074050 71985 1002065 59379 12606 58783 139579 45144 10468 13639 37377 7090 596 2138 5482 33986 481 21041 1924 7232 12945 4241 630 4613 9947 102202 3695 869 3378 3283
is_linear=0
shrinkage=0.05


Tree=30
num_leaves=31
num_cat=0
split_feature=1 1 42 1 53 65 71 1 50 77 1 77 77 77 4 77 73 42 76 71 76 79 42 64 42 79 53 42 66 3
split_gain=2024.38 189.276 80.89 74.0468 34.2127 29.0688 19.7263 19.4935 16.8124 14.0362 13.935 12.661 12.6451 11.5998 12.2073 11.3643 9.05207 9.18354 8.5483 8.48666 7.95079 8.85649 7.89902 7.46875 7.28642 7.03362 6.7475 6.59814 6.41802 10.7467
threshold=0.37969951586789719 0.030380062479932603 2.5000000000000004 0.86620967868038068 86.500000000000014 1.0000000180025095e-35 12.500000000000002 0.86620967868038068 1.0000000180025095e-35 0.062645500000000007 0.0088049481694041625 0.041174000000000009 0.032799500000000002 0.019517500000000004 22518.000000000004 0.11735600000000002 8.5000000000000018 172.50000000000003 0.053962500000000004 18.500000000000004 0.045801000000000008 0.074782000000000001 4.5000000000000009 1291.1666666650001 1993.0000000000002 0.090804500000000024 1.5000000000000002 46.500000000000007 1.0000000180025095e-35 1481.0000000000002
decision_type=2 2 2 2 2 2 2 2 2 2 2 2 2 2 2 2 2 2 2 2 2 2 2 2 2 2 2 2 2 2
left_child=1 10 3 6 8 7 12 9 11 16 -1 20 18 14 -5 25 17 -4 -2 -16 21 -3 -10 -8 -7 -12 -23 -22 -9 -30
right_child=2 4 5 13 -6 24 23 28 22 -11 15 -13 -14 -15 19 -17 -18 -19 -20 -21 27 26 -24 -25 -26 -27 -28 -29 29 -31
leaf_value=-0.052571301449703615 -0.0066356022517198264 -0.036701636060627235 0.0085819775360723386 0.026984269857996814 -0.043236783791054993 0.041757867804701324 -0.011660104450355833 0.03771870906290082 0.0021942379378012511 0.043222117513132721 -0.043290212345370838 0.0056330853975430674 0.025288073366443987 0.035735064070364995 0.017953280610152483 0.041062163193318492 -0.010490546482634812 0.033315865452371619 0.0093893530860530896 -0.02007700389242937 -0.015451762991493936 0.018446342856701794 0.040225638269079503 -0.053240518138960968 0.057380631794142337 -0.011784110934079356 -0.032422740534395707 0.017102040825332895 -0.082245181261856079 0.022911838767315409
leaf_weight=1191.4751016547089 128.5185065396945 89.108491694816621 110.6993333514838 750.5214903553715 95.608862798573682 418.7538382121129 88.007025615253951 327.66237022937275 57.581847803085111 43.864227380137891 129.6762035672582 64.319569689076161 83.725799905136228 209.95732146780938 459.45538511546329 4.5686968392110421 36.570998061739374 56.777233570173848 236.10520780505612 15.153391521889715 186.52130669759936 14.921962697873825 17.896362700674217 12.310315493130473 90.821360981091857 20.517319261241937 11.576155927526996 16.982521326310234 2.7291127074277055 22.139836801681668
leaf_count=836838 5028 23605 3820 3064 42842 1160 6616 920 5609 169 75239 5528 1089 673 2463 525 1886 675 6359 266 31721 790 430 3721 116 8883 1759 2047 95 114
internal_value=0 -0.0406116 0.024951 0.0189032 -0.0160273 0.0357592 0.00328025 0.0283052 -0.0103585 0.0175621 -0.0507379 -0.0146046 0.00776479 0.0248763 0.0230153 -0.0366232 0.012046 0.0169672 0.00374106 0.016739 -0.0186837 -0.0291549 0.0112117 -0.0167626 0.0445423 -0.0389863 -0.00377669 -0.0127351 0.0358601 0.0113719
internal_weight=0 1900.75 3093.77 1983.75 554.517 1110.02 548.667 600.443 458.908 247.912 1346.24 383.43 448.35 1435.09 1225.13 154.762 204.048 167.477 364.624 474.609 319.11 115.607 75.4782 100.317 509.575 150.194 26.4981 203.504 352.531 24.8689
internal_count=1074050 1035816 38234 29279 114331 8955 22813 7679 71489 6550 921485 65450 12476 6466 5793 84647 6381 4495 11387 2729 59922 26154 6039 10337 1276 84122 2549 33768 1129 209
is_linear=0
shrinkage=0.05


Tree=31
num_leaves=31
num_cat=0
split_feature=1 1 1 42 1 77 53 79 64 53 42 77 71 71 69 76 69 76 77 59 4 66 42 71 53 0 73 57 3 3
split_gain=1911.47 154.606 87.9393 66.4676 39.055 34.3399 29.6789 25.4616 16.8913 13.6917 13.1838 10.8185 10.1733 9.7239 9.45999 9.02707 8.78321 8.64686 8.23537 8.22926 7.7951 8.40728 7.70098 7.4136 8.7507 7.71873 7.18966 7.1447 7.1197 6.79212
threshold=0.15548050853772452 0.60678019017954943 0.012339227772512141 6.5000000000000009 0.94875966535953815 0.029255500000000004 3.5000000000000004 0.053077500000000007 1852.1666666650001 2.5000000000000004 44.500000000000007 0.030463500000000001 82.500000000000014 3.5000000000000004 8.5000000000000018 0.091939000000000007 9.5000000000000018 0.093402500000000013 0.056311000000000007 157.50000000000003 155571.50000000003 1.0000000180025095e-35 1.0000000180025095e-35 389.50000000000006 384.50000000000006 0.091251500000000013 4.5000000000000009 1.0000000180025095e-35 3646.0000000000005 5097.0000000000009
decision_type=2 2 2 2 2 2 2 2 2 2 2 2 2 2 2 2 2 2 2 2 2 2 2 2 2 2 2 2 2 2
left_child=2 5 -1 4 7 8 11 12 13 20 -7 -4 14 15 19 -2 -11 -16 -9 -3 21 -5 27 24 25 -8 -23 -6 -13 -24
right_child=1 3 6 9 22 10 23 18 -10 16 -12 28 -14 -15 17 -17 -18 -19 -20 -21 -22 26 29 -25 -26 -27 -28 -29 -30 -31
leaf_value=-0.05200489541337211 -0.0073317672192917769 0.01006772659896173 -0.017953038117337016 0.046456036901887064 0.024358774110874025 0.0079459014842517516 -0.034726674633530921 0.018313133163188989 -0.054989357029866265 0.028252481124499136 0.042976565705268144 -0.045895251628797699 -0.023310033420366794 -0.016032632182603146 -0.032217376772831201 0.015949048365948747 -0.032373656773772221 0.013447927640032066 0.039773259031398195 -0.066958021837207518 0.032826669336593402 0.030579600211470982 0.017224400161124583 -0.052630541649997246 0.068609447826111475 0.036673116896754503 -0.039021122643617678 0.04998731575091956 0.014541566208744762 0.039197331521929224
leaf_weight=1185.3873256721272 134.21089365615626 270.69387870456558 121.80638223703136 443.05289694992825 856.15280267549679 75.066976536996663 157.66411756869638 426.55405244207941 20.088221865793457 182.31389398709871 41.822743956930935 5.3973211699631056 33.64320480870083 188.9980292384862 28.628784512169659 60.366355548962019 6.1765100926859295 16.250632886891253 49.939160213805735 3.5125965077895662 182.28081443719566 14.768858380615713 42.812450431287289 56.904435383286909 2.1465488472895222 3.878341215720865 4.9553363071754566 28.086318938992918 50.164558941556606 197.01180938910693
leaf_count=862486 8734 4730 30145 866 2677 2956 69045 4576 9162 1780 231 1753 3093 27090 1345 2340 172 312 216 347 496 55 219 32587 157 413 71 63 5479 454
internal_value=0 0.0216278 -0.0451774 0.0263 0.0212557 -0.00338509 -0.0248406 0.013024 -0.0102957 0.0381205 0.0204798 -0.00961296 0.00284083 -0.00795503 0.00559808 -0.000109042 0.0262659 -0.0156822 0.0205623 0.00908102 0.0415845 0.0450341 0.0273281 -0.0370843 -0.0316799 -0.0330125 0.0130937 0.0251728 0.00867069 0.0352748
internal_weight=0 3307.39 1583.35 2786.83 1953.29 520.553 397.962 829.222 403.664 833.548 116.89 177.368 352.729 383.575 319.086 194.577 188.49 44.8794 476.493 274.206 645.058 462.777 1124.06 220.593 163.689 161.542 19.7242 884.239 55.5619 239.824
internal_count=1074050 71985 1002065 21472 18032 50513 139579 14619 47326 3440 3187 37377 9827 38164 6734 11074 1952 1657 4792 5077 1488 992 3413 102202 69615 69458 126 2740 7232 673
is_linear=0
shrinkage=0.05


Tree=32
num_leaves=31
num_cat=0
split_feature=1 1 78 1 42 79 53 81 85 42 1 53 84 4 0 42 42 1 60 4 73 4 82 76 4 76 4 3 61 61
split_gain=1800.71 166.968 69.4105 68.2709 52.3421 33.4506 23.8807 21.8482 17.834 13.9094 13.3267 12.8111 10.4927 9.84888 12.6905 9.55664 9.50482 9.52622 8.69237 8.35548 8.03845 11.2543 8.68246 7.96147 7.48009 12.9648 7.44518 7.43069 7.42405 7.41526
threshold=0.11665055024126079 0.7740980979447657 0.018857000000000002 0.012339227772512141 1.0000000180025095e-35 0.029730000000000003 3.5000000000000004 2029.5000000000002 8.5000000000000018 1.0000000180025095e-35 0.94875966535953815 7.5000000000000009 0.58333333333350013 5356.5000000000009 0.011899500000000002 1758.5000000000002 142.50000000000003 0.94875966535953815 0.026069000000000005 5051.5000000000009 1.0000000180025095e-35 1074.5000000000002 5.5000000000000009 0.69852000000000014 114529.50000000001 0.040273500000000011 189759.50000000003 68784.500000000015 5.5000000000000009 33.500000000000007
decision_type=2 2 2 2 2 2 2 2 2 2 2 2 2 2 2 2 2 2 2 2 2 2 2 2 2 2 2 2 2 2
left_child=3 2 5 -1 10 7 15 20 11 18 -3 16 26 14 -10 -5 17 29 27 28 22 23 -2 -22 -21 -26 -4 -7 -11 -6
right_child=1 4 12 6 8 9 -8 -9 13 19 -12 -13 -14 -15 -16 -17 -18 -19 -20 24 21 -23 -24 -25 25 -27 -28 -29 -30 -31
leaf_value=-0.051803080728453459 -0.026004892382168784 0.013631612545776642 0.04072163444162416 -0.013837344772530734 0.030240167409259656 0.010535315222817795 -0.037984864094143124 -0.053753826283819639 -0.068523719063856819 0.018379965597637007 0.024241868088920395 0.0078164191333929996 0.051569731951649891 0.029781438346675335 0.008242347510052107 0.051191398811300665 0.046527091757617448 0.040497366916938907 0.021863483346332414 0.035235213692665954 -0.045841343676886387 -0.0015161541875555165 0.015346455275453292 0.033545406834730999 -0.052723448738887672 0.020237409738937315 0.0033796152937494908 -0.011575781713553508 -0.032458596999695881 -0.010825766729119906
leaf_weight=1136.4102901447623 101.46678139039432 447.04175217804732 26.01218581572175 143.27230368788878 286.73666832828894 54.13356757373549 190.5854609713133 30.637287582518184 6.2986937272362402 15.578484992962332 875.59837927436456 35.274854918185156 64.035691522527486 49.164270209614187 37.061216115136631 5.8817607110540839 266.33265728875995 396.18316511064768 36.148160412558354 71.968479144503362 23.838220491888936 236.33821923861979 14.509365999139844 3.6404906527604899 7.045365426776697 44.841192272375338 27.417170516506303 127.46842981642112 13.322284384688826 11.430893925018607
leaf_count=862486 12981 5593 103 33800 1159 2658 93435 12686 109 471 2740 994 120 251 392 104 488 794 953 1210 5313 22559 958 311 377 1080 414 8192 1233 86
internal_value=0 0.0204834 0.00208509 -0.0459237 0.0273388 -0.00330498 -0.0262577 -0.013137 0.0354595 0.00758649 0.0206557 0.0374102 0.0379195 0.0144616 -0.0029091 -0.011273 0.0384968 0.0354167 -0.000527705 0.0191531 -0.00986049 -0.00503751 -0.0208316 -0.0353239 0.0248019 0.0103305 0.0215596 -0.00498471 -0.0050549 0.0286658
internal_weight=0 3309.52 898.401 1476.15 2411.12 780.936 339.74 410.43 1088.48 370.506 1322.64 995.958 117.465 92.5242 43.3599 149.154 960.683 694.351 217.75 152.756 379.793 263.817 115.976 27.4787 123.855 51.8866 53.4294 181.602 28.9008 298.168
internal_count=1074050 84225 71619 989825 12606 70982 127339 54808 4273 16174 8333 3521 637 752 501 33904 2527 2039 11803 4371 42122 28183 13939 5624 2667 1457 517 10850 1704 1245
is_linear=0
shrinkage=0.05


Tree=33
num_leaves=31
num_cat=0
split_feature=1 1 1 42 77 53 1 53 40 42 1 79 84 4 42 4 42 59 45 50 76 71 76 67 3 53 69 4 76 48
split_gain=1699.68 160.84 68.3394 67.3231 38.2858 28.9415 28.8435 28.1902 17.0891 16.3028 13.478 12.1514 11.6332 10.8083 10.2791 9.00178 7.90934 7.75145 7.62509 7.60039 7.33096 7.29279 8.74393 7.10383 7.01067 6.57168 7.68196 7.26454 6.44163 5.9882
threshold=0.11665055024126079 0.60678019017954943 0.0088049481694041625 1.0000000180025095e-35 0.026070000000000003 3.5000000000000004 0.94875966535953815 7.5000000000000009 670.50000000000011 142.50000000000003 0.94875966535953815 0.066421500000000008 0.58333333333350013 370.00000000000006 764.50000000000011 625678.00000000012 1758.5000000000002 112.50000000000001 1.0000000180025095e-35 1.0000000180025095e-35 0.084543500000000008 3.5000000000000004 0.091939000000000007 0.062324500000000012 6290.5000000000009 332.50000000000006 7.5000000000000009 1807278.0000000002 0.013634500000000003 1.5000000000000002
decision_type=2 2 2 2 2 2 2 2 2 2 2 2 2 2 2 2 2 2 2 2 2 2 2 2 2 2 2 2 2 2
left_child=2 4 -1 6 8 15 11 9 21 10 13 17 -6 18 -9 16 24 25 -5 20 -15 22 -2 -8 -4 26 27 -3 -26 -10
right_child=1 3 5 7 12 -7 23 14 29 -11 -12 -13 -14 19 -16 -17 -18 -19 -20 -21 -22 -23 -24 -25 28 -27 -28 -29 -30 -31
leaf_value=-0.052052698640933953 -0.0089083503524076246 0.01283676846644705 -0.042132349271995759 -0.031995836251931385 0.012080862348140127 -0.039248651881262926 0.02295677459572304 -0.0076048902984225805 -0.04825957015722146 0.044909402444081863 0.03780052153060251 0.016131247481038193 0.050055672230446858 0.016676757394044745 0.043065144846005703 -0.035451479025213256 0.052718050172514255 -0.065867140720916734 0.051850048133043086 0.037147060994688487 0.034217319799209077 -0.015569079600607973 0.013403515827488686 0.063626215571638792 -0.053657758547401325 -0.042512429739095123 -0.011640548254214999 -0.011124299264606223 -0.00087278497571277158 0.03993313282085853
leaf_weight=1053.4470989514957 140.81966538418783 174.78442027576966 13.370276074841966 12.999254539841788 104.43102123998688 211.65284782780509 857.57187959318981 53.979244888323592 36.083355305338046 321.36196448653936 439.91493562143296 301.17396683176048 24.99419127497822 187.71453392703552 12.287426772061734 30.619075828508358 5.6184604488662435 4.1773920292616813 3.4262783732265225 124.16436028340831 87.257995172636583 189.21575343307632 63.808148210868239 10.873470030725001 6.1188492634391869 7.7993202727520829 60.840299276111182 38.622602856718004 104.31853465917811 2.0331866252818136
leaf_count=836838 10759 3263 5180 375 4111 112239 2721 2924 16092 671 1003 3458 59 1476 114 10111 101 528 10 494 389 28758 2835 19 3183 1061 1933 1033 22173 139
internal_value=0 0.0199102 -0.0455489 0.0249751 -0.00444007 -0.0271163 0.0176779 0.033521 -0.0115874 0.0353077 0.0317008 0.00912055 0.0194144 0.0252436 0.00179055 -0.0110718 -0.00530417 0.00174368 -0.014506 0.0268794 0.022243 -0.00849356 -0.00195094 0.023466 -0.00793725 0.00274506 0.00403214 0.00850027 -0.00379737 -0.0435553
internal_weight=0 3260.33 1425.15 2698.95 561.385 371.698 1455.84 1243.11 431.96 1176.84 855.477 587.398 129.425 415.562 66.2667 160.045 129.426 286.224 16.4255 399.137 274.973 393.844 204.628 868.445 123.808 282.047 274.247 213.407 110.437 38.1165
internal_count=1074050 84225 989825 21472 62753 152987 14016 7456 58583 4418 3747 11276 4170 2744 3038 40748 30637 7818 385 2359 1865 42352 13594 2740 30536 7290 6229 4296 25356 16231
is_linear=0
shrinkage=0.05


Tree=34
num_leaves=31
num_cat=0
split_feature=1 1 1 42 77 1 71 53 64 77 42 42 67 3 69 71 42 71 79 4 0 53 76 67 65 71 0 4 0 76
split_gain=1601.2 153.49 68.3587 64.1893 36.008 34.315 21.8501 19.3958 16.3069 13.6699 11.7416 11.2218 10.5007 12.0805 9.74633 8.50607 8.4022 8.4172 8.33011 8.14372 8.37134 7.65643 8.24266 7.60701 7.90085 7.47259 8.38136 7.26639 6.43525 6.40351
threshold=0.11665055024126079 0.60678019017954943 0.012339227772512141 2.5000000000000004 0.026070000000000003 0.86620967868038068 5.5000000000000009 2.5000000000000004 1852.1666666650001 0.033014000000000009 44.500000000000007 4.5000000000000009 0.059568000000000003 67315.000000000015 11.500000000000002 7.5000000000000009 5589.0000000000009 7.5000000000000009 0.018437000000000002 1246.5000000000002 0.030188500000000004 74.500000000000014 0.30450350000000009 0.086694000000000007 1.0000000180025095e-35 3.5000000000000004 0.0027325000000000001 10859.000000000002 0.019105500000000001 0.42896300000000004
decision_type=2 2 2 2 2 2 2 2 2 2 2 2 2 2 2 2 2 2 2 2 2 2 2 2 2 2 2 2 2 2
left_child=2 4 -1 5 8 9 11 23 15 18 -6 -4 13 14 21 -2 17 -9 27 28 -21 -7 -23 24 -5 -15 -27 -3 -16 -17
right_child=1 3 6 7 10 12 -8 16 -10 -11 -12 -13 -14 25 19 29 -18 -19 -20 20 -22 22 -24 -25 -26 26 -28 -29 -30 -31
leaf_value=-0.051443802585370325 -0.003993830315991184 -0.036055193087459268 -0.017343931411174456 0.03056393327888153 0.0082070622964875422 0.029022282910760956 -0.037505942225163444 0.02542401061659736 -0.053974257989622382 0.02725833131099167 0.040569848032135238 0.020100331807584228 0.058372022322932572 0.019840466445174308 -0.079497980646669644 -0.026873074002861472 0.052765230066424335 0.0029701767014758016 0.0076484733452517762 0.037622432203736358 -0.026068642195291987 -0.070855628522054279 0.020862347055404837 0.049587152260949896 0.042187293700689139 -0.04499884030841806 0.0099069676983513169 -0.0037785155616057347 -0.0063223637810295667 -0.0045377769374970213
leaf_weight=1045.3462352056667 264.58570074071758 20.886097636510385 131.39559704162821 293.58738589147106 86.495386042835889 592.59124424867332 172.57526762946509 139.94528773264028 21.498817385407165 57.662632981315255 41.461744099156931 23.603769261753769 19.800905438140035 536.69213166297413 3.7757107834331718 92.979077314419555 19.943604384781793 59.475623387319501 179.30935021681944 20.581346152815971 6.8850176408886901 3.9754332350566965 6.3823645757511258 133.31938035041094 291.22591646900401 7.3035349175333968 143.80213747522794 105.60425277368631 14.709575557848437 49.003089744466706
leaf_count=862486 19430 1828 34356 1124 3884 2211 90160 689 11351 609 286 2823 46 2559 70 20630 68 2094 3325 81 63 81 64 184 685 91 1075 4400 125 7172
internal_value=0 0.0193104 -0.0451983 0.0243089 -0.00457916 0.0185717 -0.0252677 0.0348343 -0.0115358 0.00492802 0.0186935 -0.0116418 0.0222275 0.021692 0.0265857 -0.00929171 0.0218219 0.0187273 0.000717343 0.00438889 0.0216569 0.0282774 -0.01434 0.0388092 0.0363521 0.0170751 0.00725315 -0.00910804 -0.0212688 -0.0191644
internal_weight=0 3213.48 1372.92 2657.46 556.024 1719.96 327.575 937.497 428.067 363.462 127.957 154.999 1356.5 1336.7 648.901 406.568 219.365 199.421 305.8 45.9517 27.4664 602.949 10.3578 718.133 584.813 687.798 151.106 126.49 18.4853 141.982
internal_count=1074050 84225 989825 21472 62753 16628 127339 4844 58583 10162 4170 37179 6466 6420 2695 47232 2851 2783 9553 339 144 2356 145 1993 1809 3725 1166 6228 195 27802
is_linear=0
shrinkage=0.05


Tree=35
num_leaves=31
num_cat=0
split_feature=1 1 1 57 42 71 53 84 53 1 79 42 85 73 4 64 76 73 38 1 76 4 65 60 76 61 3 77 76 42
split_gain=1515.48 151.133 67.9296 64.6094 49.2279 27.0293 26.6264 21.4958 14.9635 14.5984 13.214 9.54388 9.30597 10.7047 8.57736 8.53367 9.93334 12.7554 8.42447 8.24449 9.78596 7.96965 7.85298 7.53313 7.62972 7.5516 7.49702 7.46924 7.34204 6.66327
threshold=0.11665055024126079 0.7740980979447657 0.0088049481694041625 1.0000000180025095e-35 1.0000000180025095e-35 12.500000000000002 3.5000000000000004 0.58333333333350013 2.5000000000000004 0.94875966535953815 0.079934000000000019 38.500000000000007 6.5000000000000009 9.5000000000000018 435.50000000000006 1852.1666666650001 0.49069550000000006 1.0000000180025095e-35 2.5000000000000004 0.86620967868038068 0.015317500000000003 625678.00000000012 1.0000000180025095e-35 0.026069000000000005 0.058333000000000003 1.5000000000000002 535982.00000000012 0.043715000000000011 0.013634500000000003 1758.5000000000002
decision_type=2 2 2 2 2 2 2 2 2 2 2 2 2 2 2 2 2 2 2 2 2 2 2 2 2 2 2 2 2 2
left_child=2 3 -1 5 9 11 21 10 12 27 22 14 18 -14 -2 16 -7 -18 -6 -10 -21 28 -5 24 25 -16 -13 -3 -4 -30
right_child=1 4 6 7 8 15 -8 -9 19 -11 -12 26 13 -15 23 -17 17 -19 -20 20 -22 -23 -24 -25 -26 -27 -28 -29 29 -31
leaf_value=-0.051730215446004972 -0.03774579298786368 0.009075628312134135 -0.053641652247323528 -0.0061475090676834602 0.040596458517097561 -0.029020866173156329 -0.038278976718630862 0.050303661544164428 0.0026937658957589291 0.022821470032970498 0.03140164565159851 0.035480760924119496 0.032455245409862554 -0.0012814259036929277 -0.025739777186655811 -0.053574302475263541 -0.032815697100883119 0.017526390927675922 0.00027721490128757573 -0.059779832822471117 0.028500349897562824 -0.034190928714840793 0.034966533034667555 0.013427990090278114 0.0021906637399226039 -0.0034227322632446912 -0.046406736380072318 0.029210189919797874 -0.0048597927882682692 0.053169967202984204
leaf_weight=969.20672512176679 16.50543885724619 379.95238921249984 7.4098032965848679 64.988587386120344 616.65301410341635 96.711267941398546 200.8754911126307 61.317097472492605 42.039046331541613 841.06387129565701 66.784149381332099 26.600890351750426 120.95437296177261 29.18680804502219 62.819042702350998 20.934645962624927 20.606414955313085 32.314500257605687 13.233637060970066 3.1906589195132247 194.58705816441216 29.497040673377342 14.141629020217804 74.892632081755437 214.82607311109314 95.579882789665135 3.123250715667381 52.415053725242615 114.54127028046059 5.1701076579047358
leaf_count=836838 2300 5264 4110 6153 1489 18257 112239 119 938 2740 696 414 420 230 6371 11285 3505 2912 48 47 1101 10111 178 2476 11249 5587 117 329 26452 75
internal_value=0 0.0188014 -0.0448589 0.00108532 0.0255389 -0.00651214 -0.02623 0.0254622 0.0337248 0.0189831 0.0150232 -0.000590585 0.037083 0.025897 -0.00234778 -0.0236744 -0.0194911 -0.00207588 0.0397494 0.022802 0.0270762 -0.0107763 0.00120012 -0.00104397 -0.00394797 -0.0122734 0.0268765 0.0115165 -0.00534314 -0.0023536
internal_weight=0 3165.42 1326.7 872.146 2293.28 664.914 357.494 207.231 1019.84 1273.43 145.914 494.347 780.028 150.141 464.623 170.567 149.632 52.9209 629.887 239.817 197.778 156.618 79.1302 448.118 373.225 158.399 29.7241 432.367 127.121 119.711
internal_count=1074050 84225 989825 71619 12606 64473 152987 7146 4273 8333 7027 28514 2187 650 27983 35959 24674 6417 1537 2086 1148 40748 6331 25683 23207 11958 531 5593 30637 26527
is_linear=0
shrinkage=0.05


Tree=36
num_leaves=31
num_cat=0
split_feature=1 1 42 1 1 42 53 71 79 77 1 65 50 59 67 4 44 81 42 4 79 0 4 53 73 77 4 3 44 44
split_gain=1431.16 174.953 64.6026 40.8661 32.6299 29.1312 28.1447 21.4743 18.6561 15.9588 16.2659 12.9053 12.3392 12.219 9.79455 9.60967 10.5132 9.22327 9.08776 8.64354 8.5822 7.74738 7.6944 7.67346 7.61898 7.53863 7.91128 6.87378 6.39219 6.29634
threshold=0.072661120000328969 0.53809039466125175 1.0000000180025095e-35 0.0088049481694041625 0.86620967868038068 13.500000000000002 7.5000000000000009 3.5000000000000004 0.13770850000000004 0.062645500000000007 0.94875966535953815 1.0000000180025095e-35 1.0000000180025095e-35 1.5000000000000002 0.059568000000000003 2826.5000000000005 30.500000000000004 1811.5000000000002 764.50000000000011 370.00000000000006 0.0085110000000000029 0.05191550000000001 593.00000000000011 3.5000000000000004 13.500000000000002 0.048884500000000004 3901.0000000000005 38.500000000000007 43.500000000000007 3.5000000000000004
decision_type=2 2 2 2 2 2 2 2 2 2 2 2 2 2 2 2 2 2 2 2 2 2 2 2 2 2 2 2 2 2
left_child=3 5 4 -1 20 7 9 -2 23 10 12 25 13 19 15 16 -6 -9 -8 -4 -3 -10 -21 -5 -15 26 -7 -12 -18 -17
right_child=1 2 6 8 14 11 18 17 21 -11 27 -13 -14 24 -16 29 28 -19 -20 22 -22 -23 -24 -25 -26 -27 -28 -29 -30 -31
leaf_value=-0.051570569372750258 -0.0034802401507583337 -0.0074851226378120144 -0.036884711240190812 -0.022331766397268155 0.028398566035175123 -0.045393949390340242 -0.0082987990340699785 -0.021721199295921683 0.014557641232382549 0.044778722483551914 0.058702320946971365 0.04621483502954836 0.036557496450077713 0.032571929874564677 0.058407237053731069 0.012531767459240881 -0.043267999677523893 -0.054594263433338341 0.038320399999095235 0.046770592572079536 0.0087460544496041261 -0.043121966629425107 0.0093574761710170616 -0.041369228747028759 -0.0076875877730448851 0.035097792773509405 0.0048759412988104165 0.035338929600127862 0.010957094537984496 0.022249536685552879
leaf_weight=928.46881934998964 234.89101006061537 140.02242989800288 9.3125673828762938 81.264197351629264 329.73429017770104 9.2415075941098603 56.36255225687637 184.50425753845775 30.029186772662797 235.62788656819612 34.194315496832132 25.887414610944688 134.72504592640325 139.23336234246381 16.164880905300379 477.40275719505735 7.4740408677607801 24.127895341618569 12.833969825878738 15.020036943489684 194.6568086851621 7.221781769039807 161.57528147648554 151.81747279630508 12.83497614529915 16.743893027363811 51.117832724456093 396.91525195445865 19.920023035723716 256.10195179143921
leaf_count=836838 18672 7259 347 29368 1215 3368 3865 37409 5366 515 46 243 593 749 40 2789 56 12992 167 113 4016 2861 1439 93757 163 275 7098 1009 84 1338
internal_value=0 0.0174719 0.0227839 -0.0465893 0.0156355 -0.00828631 0.0313094 -0.0138491 -0.0294807 0.0331896 0.0301683 0.0156693 0.0237625 0.0186622 0.0197722 0.0191996 0.0259259 -0.0255229 0.000347725 0.0100638 0.00195529 0.00337539 0.0125396 -0.0347318 0.0291739 0.00541369 -0.00282079 0.037192 -0.00383737 0.0159247
internal_weight=0 3196.63 2650.11 1198.8 1441.48 546.514 1208.64 443.523 270.333 1139.44 903.811 102.991 472.701 337.976 1106.8 1090.63 357.128 208.632 69.1965 185.908 334.679 37.251 176.595 233.082 152.068 77.1032 60.3593 431.11 27.3941 733.505
internal_count=1074050 105860 25803 968190 16797 80057 9006 69073 131352 4974 4459 10984 3404 2811 5522 5482 1355 50401 4032 1899 11275 8227 1552 123125 912 10741 10466 1055 140 4127
is_linear=0
shrinkage=0.05


Tree=37
num_leaves=31
num_cat=0
split_feature=1 1 42 1 1 53 77 79 71 42 42 79 1 69 79 76 81 42 79 74 3 64 4 53 57 0 69 69 59 76
split_gain=1356.67 165.236 64.0496 40.0294 33.9175 27.2903 27.0965 17.1432 16.3787 16.243 13.9246 12.6528 12.5333 9.14663 8.51112 9.40784 8.85176 8.19827 7.80151 7.61432 7.43971 7.20398 7.45938 7.12469 6.92325 6.86199 6.69354 6.65506 7.03281 6.65042
threshold=0.072661120000328969 0.53809039466125175 1.0000000180025095e-35 0.0088049481694041625 0.94875966535953815 7.5000000000000009 0.031041000000000003 0.13770850000000004 308.50000000000006 172.50000000000003 1.0000000180025095e-35 0.066421500000000008 0.94875966535953815 7.5000000000000009 0.052713500000000003 0.058333000000000003 12.500000000000002 764.50000000000011 0.033776000000000007 1.5000000000000002 12049.500000000002 1331.2500000000002 1654303.0000000002 3.5000000000000004 1.0000000180025095e-35 0.05191550000000001 7.5000000000000009 5.5000000000000009 1.5000000000000002 0.49069550000000006
decision_type=2 2 2 2 2 2 2 2 2 2 2 2 2 2 2 2 2 2 2 2 2 2 2 2 2 2 2 2 2 2
left_child=3 6 4 -1 11 9 8 23 14 12 -8 21 13 18 15 -2 -17 -7 -4 -11 -15 22 26 -5 -6 -9 -3 -16 -29 -18
right_child=1 2 5 7 24 17 10 25 -10 19 -12 -13 -14 20 27 16 29 -19 -20 -21 -22 -23 -24 -25 -26 -27 -28 28 -30 -31
leaf_value=-0.051421726163326791 -0.029495679583777874 0.0084330962958168599 0.014243898511181517 -0.022378204575359308 0.020861094608241974 -0.0081443901894219708 -0.0060701913981804868 0.012643054417045814 -0.043041622743697543 0.03690924996086304 0.030142629209642349 0.013299041723250258 0.035431743097430225 -0.035668243781640671 0.0094411091640162689 0.0048450201100551302 -0.034268905462089209 0.036314688030322138 0.030152813600648528 0.053943176959122388 0.012755817537303454 -0.046818024098202661 -0.016538559074932263 -0.040923436755464046 0.047248139152978957 -0.042393474236559057 -0.011584580387423285 -0.029058120919395226 0.0010554480888119162 -0.0059662316550746827
leaf_weight=891.04238972122403 87.437878615048248 186.4456670479849 107.06083118566312 79.857614740947611 791.80419447412714 55.747508109066985 47.268197877448983 30.067518482697778 42.971888603235129 187.98018310591578 60.552614576969063 303.76955563295633 401.87556307809427 10.128243138489777 73.965203545376426 65.925305207725614 40.294317405030597 12.738477417500688 275.01532522868365 100.77726519107819 36.575845527695492 8.3926057575736177 54.505119773442857 147.34799444263626 25.663839789107442 6.9778992360952534 53.814316293050069 32.998986263468396 47.008033070858801 42.803640176396584
leaf_count=836838 16687 4608 1103 29368 2677 3865 3218 5366 21566 549 1688 4074 1012 405 4702 5259 11491 167 1350 128 427 1585 1916 93757 63 2861 1874 3960 3523 7963
internal_value=0 0.0169815 0.0221911 -0.0463533 0.0150414 0.0307643 -0.00816313 -0.0292628 -0.0137432 0.0326388 0.0142671 0.00608702 0.0290877 0.0231418 -0.0105186 -0.0164756 -0.00883627 0.000125053 0.025695 0.0428541 0.00225458 -0.00113955 0.000161016 -0.0344052 0.0216895 0.00227634 0.00394946 -0.00137012 -0.0113649 -0.0196902
internal_weight=0 3153.52 2612.29 1155.29 1424.4 1187.9 541.226 264.251 433.405 1119.41 107.821 606.927 830.656 428.78 390.433 236.461 149.023 68.486 382.076 288.757 46.7041 303.158 294.765 227.206 817.468 37.0454 240.26 153.972 80.007 83.098
internal_count=1074050 105860 25803 968190 16797 9006 80057 131352 75151 4974 4906 14057 4297 3285 53585 41400 24713 4032 2453 677 832 9983 8398 123125 2740 8227 6482 12185 7483 19454
is_linear=0
shrinkage=0.05


Tree=38
num_leaves=31
num_cat=0
split_feature=1 1 42 1 1 77 53 71 40 53 42 71 66 77 4 71 64 76 73 3 45 79 42 79 42 64 67 59 42 38
split_gain=1280.39 155.833 58.7764 39.8388 33.8493 32.2178 19.5407 17.794 15.9684 13.6609 13.0609 9.976 9.28571 9.21432 9.04564 8.21437 8.11114 7.69106 7.60905 10.8688 7.36718 7.82799 8.16988 7.047 6.99345 6.86666 6.94752 6.54606 6.42356 6.19322
threshold=0.072661120000328969 0.60678019017954943 5.5000000000000009 0.0088049481694041625 0.94875966535953815 0.031041000000000003 1.5000000000000002 29.500000000000004 3.5000000000000004 2.5000000000000004 1.0000000180025095e-35 82.500000000000014 1.0000000180025095e-35 0.023390500000000005 155571.50000000003 396.50000000000006 124.77500000000002 0.052801000000000008 9.5000000000000018 61355.500000000007 1.0000000180025095e-35 0.062726000000000018 15.500000000000002 0.13770850000000004 5.5000000000000009 4.2916666666650007 0.068676000000000015 157.50000000000003 5589.0000000000009 2.5000000000000004
decision_type=2 2 2 2 2 2 2 2 2 2 2 2 2 2 2 2 2 2 2 2 2 2 2 2 2 2 2 2 2 2
left_child=3 5 4 -1 6 7 13 12 23 14 -7 17 24 18 16 28 -4 -8 19 -3 21 22 -16 -5 -2 -24 -27 -19 -11 -12
right_child=1 2 9 8 -6 10 11 -9 -10 15 29 -13 -14 -15 20 -17 -18 27 -20 -21 -22 -23 25 -25 -26 26 -28 -29 -30 -31
leaf_value=-0.051269108107415855 -0.0061329350291548677 0.032097594814073989 0.043579379785567321 -0.021797762830857912 0.023055559125293557 -0.0025387626314597482 -0.0061016142732999356 -0.028135710094447243 -0.039181398545213214 0.019630773401504112 0.032515205709353533 -0.023925662466400061 -0.02282545146770781 0.03281145344525787 0.029569304718675322 -0.049221321145377299 0.01831449492106613 0.0099287140604302944 -0.0084711841124070174 0.0088148339235481887 0.053806267993830016 0.029918382243280996 -0.050289854101334533 0.0072287558163196671 0.013810574738494733 -0.038661506526971534 0.047594473908257162 -0.064416361766096483 0.050870250269015642 -0.051021576974308695
leaf_weight=853.06855682413152 233.77756868876168 75.958674828987569 376.60348380962387 76.609318455317407 999.86651480733417 53.576892880373634 124.54175909294281 126.76814192155143 152.64022299970384 148.08205783658195 71.283040101523511 34.693951267196098 68.830796836307854 79.632325215730816 15.168961660936473 4.020797605480765 34.694404612760991 252.15417478652671 34.580636723316275 147.38257435197011 22.764703951776028 103.85402728710324 9.3022573944181222 28.759825974979321 54.136175655701663 4.1260317740961892 5.376462996006012 2.9960219946224234 18.512583518400788 2.2899899515323332
leaf_count=836838 24426 753 894 28667 3378 3372 2803 42418 97412 1431 1732 3142 8955 524 59 624 150 4233 648 1989 31 319 60 5273 3423 36 13 329 56 62
internal_value=0 0.0164828 0.0220252 -0.0460622 0.0170283 -0.00615556 0.00901368 -0.012045 -0.0288465 0.0338145 0.0162401 0.00173894 -0.00632717 0.0179442 0.0375189 0.0213978 0.0414482 0.00408402 0.0133541 0.0167333 0.0274554 0.0231031 0.00226934 -0.0138752 -0.00238297 -0.0197523 0.0101417 0.00905574 0.0231022 0.0299151
internal_weight=0 3104.98 2494.31 1111.08 1751.81 610.663 751.94 483.513 258.009 742.506 127.15 414.386 356.745 337.554 571.89 170.615 411.298 379.692 257.922 223.341 160.592 137.828 33.9737 105.369 287.914 18.8048 9.50249 255.15 166.595 73.573
internal_count=1074050 105860 21472 968190 17799 84388 14421 79222 131352 3673 5166 10507 36804 3914 1562 2111 1044 7365 3390 2742 518 487 168 33940 27849 109 49 4562 1487 1794
is_linear=0
shrinkage=0.05


Tree=39
num_leaves=31
num_cat=0
split_feature=1 1 42 42 1 1 71 65 71 53 77 1 66 42 69 77 81 77 77 79 71 3 42 4 3 81 81 45 85 4
split_gain=1207.25 148.642 50.7843 44.753 39.475 24.0157 23.2935 15.8361 15.3086 14.9447 11.5114 11.1469 10.7832 9.68369 10.0862 9.19178 9.11818 8.60063 8.16055 8.04855 7.72737 7.49541 6.64751 6.43755 8.52627 6.76538 6.19451 7.1249 6.14607 6.03848
threshold=0.072661120000328969 0.68981449621504665 5.5000000000000009 40.500000000000007 0.0088049481694041625 0.94875966535953815 12.500000000000002 1.0000000180025095e-35 5.5000000000000009 1.5000000000000002 0.060070000000000005 0.86620967868038068 1.0000000180025095e-35 1.0000000180025095e-35 9.5000000000000018 0.052253500000000001 743.50000000000011 0.023390500000000005 0.043102500000000009 0.19454300000000002 82.500000000000014 38.500000000000007 100.50000000000001 613349.50000000012 21284.000000000004 6.5000000000000009 563.50000000000011 1.0000000180025095e-35 10.500000000000002 145340.50000000003
decision_type=2 2 2 2 2 2 2 2 2 2 2 2 2 2 2 2 2 2 2 2 2 2 2 2 2 2 2 2 2 2
left_child=4 3 5 6 -1 9 13 18 19 17 11 12 15 -2 23 16 22 28 -5 -6 -11 -13 -4 24 -15 -25 -8 -28 29 -3
right_child=1 2 10 7 8 -7 26 -9 -10 20 -12 21 -14 14 -16 -17 -18 -19 -20 -21 -22 -23 -24 25 -26 -27 27 -29 -30 -31
leaf_value=-0.051109343969273892 -0.0077423570279227779 0.02013487614784415 0.013019215712867528 0.0012261128404133185 -0.020778361367634668 0.022325740132433179 -0.018465487979634359 0.049530345474424121 -0.039433685389373439 0.005204197184973061 0.044835231960016243 0.057374446251250294 -0.052406770589443333 -0.010504403267642846 -0.05076960251766395 -0.060474358924764916 -0.028068658342269875 0.033105247551305457 0.037707013115006363 0.014737820864487664 -0.022289096091130309 0.032006577717190669 0.037700254935749342 -0.032162162207552351 0.026279996605342137 0.01753568207110855 -0.042905226711797501 0.051159871149130287 -0.024044869917472914 0.0014222029587918003
leaf_weight=816.31561262513424 322.0795924053964 163.42464039148763 50.912123761954717 56.369665221151081 92.089297749713296 989.16654671588913 114.66875154417357 41.156321298447438 140.80484686210548 328.7746241913992 171.35696344962344 31.757819572463632 5.3585699682007535 20.148450180888176 6.7771207788900929 3.4418380707502356 8.313035110535564 73.028743288945407 21.055448042869102 19.293662284355378 27.711685627378756 350.35315275483299 58.779018578818068 14.871657735086048 72.217135299288202 12.692251616477732 50.663281714296318 2.0963820510369251 10.44668128620833 58.560088915051892
leaf_count=836838 27538 1636 504 6873 35218 3378 23140 199 93007 5517 333 54 255 2069 1366 28 288 413 195 3127 1990 1171 226 790 2517 588 23452 224 221 895
internal_value=0 0.0159491 0.0221296 -0.00366032 -0.0457677 0.0173928 -0.00907335 0.0244688 -0.0284771 0.0100214 0.0336263 0.0298521 0.0170066 -0.00313567 0.00857421 0.0200693 0.0224186 0.0181374 0.0111469 -0.0146263 0.00306699 0.0341149 0.0262448 0.0119277 0.0182559 -0.00927798 -0.0249891 -0.0391676 0.0134346 0.0151984
internal_weight=0 3066.18 2331.39 734.796 1068.5 1651.11 616.215 118.581 252.188 661.946 680.273 508.916 126.805 448.786 126.707 121.446 118.004 305.46 77.4251 111.383 356.486 382.111 109.691 119.929 92.3656 27.5639 167.428 52.7597 232.431 221.985
internal_count=1074050 105860 16909 88951 968190 14050 81684 7267 131352 10672 2859 2526 1301 34868 7330 1046 1018 3165 7068 38345 7507 1225 730 5964 4586 1378 46816 23676 2752 2531
is_linear=0
shrinkage=0.05


Tree=40
num_leaves=31
num_cat=0
split_feature=1 1 42 1 1 53 67 67 71 40 65 1 42 77 4 77 4 42 48 73 64 42 73 71 64 4 79 76 73 44
split_gain=1139.49 143.673 66.9829 40.0445 34.969 29.6464 19.0034 17.0558 16.3746 14.8937 14.1402 15.5543 12.5955 9.55962 9.65244 8.98941 8.81512 8.36063 8.03414 7.85006 7.45246 7.3343 7.20314 7.04984 6.71002 6.53642 6.53293 6.57388 6.50112 6.42961
threshold=0.072661120000328969 0.48090646582193369 1.0000000180025095e-35 0.0088049481694041625 0.86620967868038068 7.5000000000000009 0.091866000000000017 0.086694000000000007 29.500000000000004 3.5000000000000004 1.0000000180025095e-35 0.86620967868038068 336.50000000000006 0.019517500000000004 2826.5000000000005 0.035619000000000005 175.00000000000003 5094.5000000000009 1.0000000180025095e-35 4.5000000000000009 10.100000000000001 764.50000000000011 2.5000000000000004 1.5000000000000002 5.6333333333350009 1567682.0000000002 0.073879000000000014 0.041687500000000009 8.5000000000000018 3.5000000000000004
decision_type=2 2 2 2 2 2 2 2 2 2 2 2 2 2 2 2 2 2 2 2 2 2 2 2 2 2 2 2 2 2
left_child=3 6 4 -1 15 7 8 10 12 25 11 22 18 14 16 -3 19 24 26 -6 -21 -7 23 -4 -12 -5 27 -2 -26 -16
right_child=1 2 5 9 13 21 -8 -9 -10 -11 17 -13 -14 -15 29 -17 -18 -19 -20 20 -22 -23 -24 -25 28 -27 -28 -29 -30 -31
leaf_value=-0.050972200670934067 -0.032494755311718179 -0.0038876321587055836 0.037096557030620751 -0.0085888106740844381 0.019685596214335709 -0.0098855051606689445 0.048684792084075196 0.048055905503347596 -0.029032408256130689 -0.038250220779536187 0.037613642635110064 0.029613462750292602 0.030057637600109613 0.028934678003627978 0.0077954448111015127 0.018952092701592697 0.026800145702598477 0.060636844672822099 0.012671030628968447 -0.00062473401263074167 -0.064956148060202362 0.031726021558804586 0.0019367795569010225 0.0088452142911470584 0.028210800484896627 -0.046703241182076034 -0.0027540979701698881 -0.011401354299192978 -0.0064452426398824468 0.018668911698679024
leaf_weight=782.41690563153679 54.755437185638584 307.38846118730726 40.797230534488335 90.030110435531242 40.334643109119497 57.755302551406203 13.303760772338135 131.20171089097857 106.88103354582563 144.27914589583816 282.76821903127711 350.22966321231797 21.9209052407532 153.54246961511672 380.2667830074206 50.1035452617798 249.26501844613813 31.297966696321964 37.344962559407577 18.637132194358859 5.9356559230945996 12.966865923197473 93.661784658033866 48.137079128180631 78.997066917363554 12.854794064638552 113.7854850749427 113.51147565167048 16.329530686605722 211.60663913097233
leaf_count=836838 10820 13034 250 27725 145 4865 48 230 39157 97412 1035 1228 538 586 2482 801 915 51 2873 88 86 210 1548 658 320 6215 8616 13933 123 1220
internal_value=0 0.0154741 0.0201013 -0.04543 0.0128357 0.0291001 -0.0102059 0.031166 -0.0119539 -0.0278856 0.0288141 0.0234451 -0.00660596 0.017398 0.0154429 -0.000686578 0.0225263 0.035802 -0.00912226 0.00611349 -0.0161642 -0.00225606 0.0116137 0.0218051 0.0337462 -0.013351 -0.0120078 -0.0182653 0.0222742 0.0116829
internal_weight=0 3022.73 2561.22 1029.58 1417.08 1144.14 461.503 1073.42 448.199 247.164 942.219 532.826 341.318 1059.59 906.046 357.492 314.172 409.393 319.397 64.9074 24.5728 70.7222 182.596 88.9343 378.095 102.885 282.052 168.267 95.3266 591.873
internal_count=1074050 105860 29875 968190 19357 10518 75985 5443 75937 131352 5213 3684 36780 5522 4936 13835 1234 1529 36242 319 174 5075 2456 908 1478 33940 33369 24753 443 3702
is_linear=0
shrinkage=0.05


Tree=41
num_leaves=31
num_cat=0
split_feature=1 1 67 42 1 79 42 64 1 79 79 1 73 76 71 4 59 82 77 66 0 64 76 0 69 67 4 84 4 42
split_gain=1079.34 138.844 57.1699 44.2981 39.4513 29.4906 16.0269 15.89 15.6943 14.4166 11.1367 9.46115 8.06046 8.82606 15.629 9.00314 8.01806 7.59789 7.33489 7.07236 6.85727 6.60866 5.97427 13.3152 5.87483 5.85512 6.22588 5.8208 5.78629 5.64532
threshold=0.072661120000328969 0.7740980979447657 0.047535500000000001 6.5000000000000009 0.0088049481694041625 0.048967500000000004 1.0000000180025095e-35 1570.1666666650001 0.94875966535953815 0.045607500000000002 0.044466000000000006 0.94875966535953815 1.0000000180025095e-35 0.49069550000000006 23.500000000000004 435.50000000000006 39.500000000000007 5.5000000000000009 0.031041000000000003 1.0000000180025095e-35 0.095871500000000012 4.2916666666650007 1.0456840000000003 0.052479000000000005 8.5000000000000018 0.096819500000000017 642325.50000000012 0.58333333333350013 593143.50000000012 1.0000000180025095e-35
decision_type=2 2 2 2 2 2 2 2 2 2 2 2 2 2 2 2 2 2 2 2 2 2 2 2 2 2 2 2 2 2
left_child=4 2 5 8 -1 7 -7 12 10 21 20 19 17 14 15 -14 -15 28 -17 -5 -3 -6 -23 -24 -11 26 -13 -4 -2 -10
right_child=1 3 27 11 9 6 -8 -9 29 24 -12 25 13 16 -16 18 -18 -19 -20 -21 -22 22 23 -25 -26 -27 -28 -29 -30 -31
leaf_value=-0.050820480674173475 -0.018699252794415238 0.00075538656358434524 0.019232723239580977 0.029029308106072613 -0.013219541893624127 -0.0033403575420669512 0.01852979805134914 -0.047655942219799963 0.019627885502867769 -0.0035261849565859241 0.016584469903382335 0.040215699467965604 -0.046024145763327473 0.028445564211098895 -0.034959970431712652 -0.0065988802091993372 -0.020784283993594908 0.010504447519773663 0.016669892946114536 -0.013447680703443335 0.066431215551649311 -0.044288752832572158 -0.043440579053288735 0.043306314421726624 -0.043784547010726205 0.058386710736700424 0.013780513869433268 0.048673502853975259 -0.043491429462930435 0.029211958604762091
leaf_weight=750.17344507914822 74.570778303415864 209.03913811402163 24.467399840417784 264.52885732706636 27.325007574851043 203.04395793360891 142.60301520070061 31.882783347726217 776.61652182019316 63.652963332031504 339.82412342471071 224.81343242118601 12.168557512544792 29.778543157066451 51.09504178253701 162.94424651435111 11.451513712498125 15.871822219545718 42.754170348809566 10.176324275147634 4.0515125130768856 120.60774970783677 13.388806837836457 6.6064078350755144 10.566239321196916 39.184149570763111 24.72214219532907 53.498233100632206 34.387703354237601 191.54445532150567
leaf_count=836838 10496 4157 200 1137 9873 12890 4371 17633 2740 18241 3001 544 2790 2439 15768 15255 2136 1414 1775 214 22 88303 8014 1278 5643 48 70 123 5964 673
internal_value=0 0.0150619 -0.00146409 0.022122 -0.0451563 -0.00538835 0.00568258 -0.0135841 0.0176859 -0.0276088 0.0109653 0.0340982 -0.011087 -0.0067694 -0.0100716 -0.00423465 0.0147721 -0.0218157 -0.00176249 0.0274558 0.00200409 -0.0357195 -0.0400922 -0.0147795 -0.00925758 0.0404183 0.0375967 0.0394343 -0.0265238 0.021524
internal_weight=0 2975.02 890.518 2084.5 992.321 812.552 345.647 466.905 1521.08 242.147 552.915 563.425 435.022 310.192 268.962 217.867 41.2301 124.83 205.698 274.705 213.091 167.928 140.603 19.9952 74.2192 288.72 249.536 77.9656 108.958 968.161
internal_count=1074050 105860 93254 12606 968190 92931 17261 75670 10593 131352 7180 2013 58037 40163 35588 19820 4575 17874 17030 1351 4179 107468 97595 9292 23884 662 614 323 16460 3413
is_linear=0
shrinkage=0.05


Tree=42
num_leaves=31
num_cat=0
split_feature=1 1 42 1 1 77 71 42 40 60 42 73 64 67 3 69 4 64 71 64 4 40 3 44 79 79 76 76 76 71
split_gain=1016.61 133.877 55.3344 39.186 37.4184 26.8247 14.7257 14.3694 14.0454 13.3859 11.4397 10.9917 9.0684 8.59746 8.95408 10.1239 8.56293 11.1357 8.41986 7.90227 7.76891 7.74416 8.70941 8.3867 7.69035 7.67238 7.54608 8.15015 11.2877 7.3663
threshold=0.072661120000328969 0.60678019017954943 24.500000000000004 0.0088049481694041625 0.86620967868038068 0.031041000000000003 308.50000000000006 1.0000000180025095e-35 6.5000000000000009 0.033152500000000008 44.500000000000007 33.500000000000007 63.100000000000009 0.059568000000000003 7534.5000000000009 10.500000000000002 642.50000000000011 121.08333333350002 82.500000000000014 96.100000000000009 702908.50000000012 1.5000000000000002 9983.0000000000018 3.5000000000000004 0.19454300000000002 0.052259000000000007 0.053962500000000004 0.068337000000000023 0.084543500000000008 2.5000000000000004
decision_type=2 2 2 2 2 2 2 2 2 2 2 2 2 2 2 2 2 2 2 2 2 2 2 2 2 2 2 2 2 2
left_child=3 5 4 -1 9 6 25 13 24 18 -7 29 20 14 15 16 -6 -18 -3 -14 -4 -16 -23 26 -5 -2 -24 -28 -29 -9
right_child=1 2 12 8 7 10 -8 11 -10 -11 -12 -13 19 -15 21 -17 17 -19 -20 -21 -22 22 23 -25 -26 -27 27 28 -30 -31
leaf_value=-0.050664055622952724 -0.015157814205115715 0.0016321955816088884 0.041163116739651895 -0.021336075691784629 0.015281349193512173 0.0038959103869442278 -0.040912717290878919 0.033001271877515018 -0.04058527739335642 0.025116967963822734 0.037300238090830322 -0.025003798208667789 -0.026062160621355634 0.054299889221491773 0.018703633289051509 -0.0082903324285741719 0.040820362634828335 -0.0052667454222945038 -0.027650132561928456 0.025233341044800607 0.01913151767001605 -0.033856475973589699 -0.01257755786244712 0.018301724757208652 0.012267044875410076 -0.0014211515556633713 0.028916113745467362 -0.032195900848817793 0.0090871072973316962 0.018976282444523995
leaf_weight=717.46858757191512 249.69505086969002 339.53119730891194 339.73768612754066 109.0230244245322 83.380305228987709 83.769916361314245 41.12290428209235 298.80568530689925 106.94412622076925 59.332046714378521 36.928434018336702 9.7757813213393074 8.6172669911757094 14.962267709895967 373.67789014894515 21.289089882280678 118.35075664054602 14.739125853870062 26.462267299531959 58.334763914928772 45.355543251149356 11.669176379684357 54.641600761096925 170.62241530697793 20.177795383307966 171.4444540158147 38.762707579880953 19.575849095359445 107.39581943885423 136.34313846169971
leaf_count=836838 43523 8124 972 47292 355 4845 22601 943 80552 600 321 133 73 40 1769 198 393 66 3290 687 219 86 486 960 3508 13098 173 209 787 909
internal_value=0 0.0145754 0.0198931 -0.0448492 0.0161512 -0.00687376 -0.0123543 0.019921 -0.0271823 0.00308643 0.0141162 0.027429 0.0356154 0.0166749 0.0161198 0.0246096 0.0278452 0.0357164 -0.000484992 0.0186312 0.0385683 0.0135198 0.0087091 0.00997945 -0.0160881 -0.00956567 0.00353607 0.00884863 0.0027223 0.0286069
internal_weight=0 2934.32 2351.36 953.614 1899.32 582.961 462.262 1473.99 236.145 425.326 120.698 444.925 452.045 1029.07 1014.1 237.759 216.47 133.09 365.993 66.952 385.093 776.345 402.668 390.998 129.201 421.14 220.376 165.734 126.972 435.149
internal_count=1074050 105860 21472 968190 19521 84388 79222 7507 131352 12014 5166 1985 1951 5522 5482 1012 814 459 11414 760 1191 4470 2701 2615 50800 56621 1655 1169 996 1852
is_linear=0
shrinkage=0.05


Tree=43
num_leaves=31
num_cat=0
split_feature=1 1 42 1 1 42 40 79 53 40 65 66 79 42 81 79 4 3 44 64 79 4 77 4 44 64 81 76 55 71
split_gain=967.108 130.451 49.831 38.6786 32.0891 26.85 18.1769 17.2498 14.3628 13.6093 13.5307 7.82721 8.17398 7.34828 7.04781 6.94953 6.9064 6.79076 8.75123 7.21261 7.79573 6.90152 6.69938 6.68251 6.67133 6.63709 8.93702 7.23885 6.4291 6.3108
threshold=0.072661120000328969 0.60678019017954943 6.5000000000000009 0.0088049481694041625 0.94875966535953815 13.500000000000002 11.500000000000002 0.053077500000000007 2.5000000000000004 6.5000000000000009 1.0000000180025095e-35 1.0000000180025095e-35 0.088854000000000002 1.0000000180025095e-35 2182.5000000000005 0.19454300000000002 155571.50000000003 146963.00000000003 33.500000000000007 2.0833333333350006 0.12994650000000002 642.50000000000011 0.047550500000000002 3434.5000000000005 31.500000000000004 140.12500000000003 5.5000000000000009 0.052801000000000008 8.5000000000000018 396.50000000000006
decision_type=2 2 2 2 2 2 2 2 2 2 2 2 2 2 2 2 2 2 2 2 2 2 2 2 2 2 2 2 2 2
left_child=3 5 4 -1 7 6 -2 14 11 15 22 16 -13 24 -3 -5 -4 21 19 20 -19 -6 23 -7 -9 26 -23 -27 -28 -10
right_child=1 2 8 9 17 10 -8 13 29 -11 -12 12 -14 -15 -16 -17 -18 18 -20 -21 -22 25 -24 -25 -26 27 28 -29 -30 -31
leaf_value=-0.050527158568192121 -0.0069052693298537991 -0.00040002769965138209 0.040498270551215403 -0.021019311230882482 0.013282765195363786 -0.045427310312796593 -0.030502672158569635 0.011113248725573234 0.019467831848926864 -0.040365437088124123 0.044219653398751418 -0.042038571825013929 0.027021916054538988 0.024225552276265952 -0.044718558578428186 0.011020883927454178 0.027152248317555625 0.056869936184417741 -0.043827567421123655 0.014751539797998243 0.0032143318705808578 0.024223412177956684 0.0312094573423027 0.0031661347576487525 -0.026878822305623214 0.028103431819773074 0.044125682246297766 -0.018473466891308663 0.0078834561674984826 -0.048522016600237722
leaf_weight=690.10583480195783 363.65956326836022 306.74640711411485 341.16617737524211 107.66613892756141 108.44515384989791 8.1403471365119895 105.2197992947622 277.56986377062276 149.5384388564853 103.67487554615218 29.49284065887332 6.3827499025501337 13.034488983452318 120.47878001909703 9.2408905260963348 20.080536054854747 135.41159131657332 21.347624985501174 6.0339109078049651 337.83837578585371 9.9133196379989368 289.41634113993496 18.318396657356061 54.058354423417768 12.056828077882527 17.505976680666208 112.28786824643612 15.935643923468886 13.733164159581063 3.4927172370080362
leaf_count=836838 36172 8231 866 47292 491 3420 36704 3479 1376 80552 281 93 59 971 1596 3508 470 52 41 1275 39 995 300 7511 342 55 295 97 73 576
internal_value=0 0.0142374 0.0195613 -0.0445952 0.014965 -0.00698479 -0.0122007 0.0070836 0.0313069 -0.0269061 0.0152462 0.0354384 0.00432065 0.0138484 -0.0016961 -0.0159829 0.0367062 0.0211021 0.0159013 0.0168777 0.0398549 0.0246028 0.00463342 -0.0031936 0.00953168 0.0273376 0.0290626 0.00590855 0.0401762 0.0179161
internal_weight=0 2886.47 2307.58 921.527 1658.55 578.889 468.879 726.093 649.026 231.422 110.01 495.995 19.4172 410.105 315.987 127.747 476.578 932.457 375.133 369.099 31.2609 557.324 80.5171 62.1987 289.627 448.879 415.437 33.4416 126.021 153.031
internal_count=1074050 105860 21472 968190 18032 84388 72876 14619 3440 131352 11512 1488 152 4792 9827 50800 1336 3413 1407 1366 91 2006 11231 10931 3821 1515 1363 152 368 1952
is_linear=0
shrinkage=0.05


Tree=44
num_leaves=31
num_cat=0
split_feature=1 1 42 1 42 71 65 77 40 76 3 40 61 67 4 77 4 71 0 59 41 42 50 54 3 69 4 3 76 81
split_gain=917.157 129.124 60.7904 38.7866 33.2524 32.6779 16.1497 14.7562 13.1205 11.6263 9.63756 9.50143 9.49658 9.44694 8.74979 7.94945 7.84378 7.24043 7.26719 6.95593 6.86284 6.83616 6.80018 6.1592 6.08782 10.3466 5.97332 6.21536 5.97267 5.87849
threshold=0.072661120000328969 0.86620967868038068 92.500000000000014 0.0088049481694041625 7.5000000000000009 12.500000000000002 1.0000000180025095e-35 0.031041000000000003 3.5000000000000004 0.045801000000000008 100931.00000000001 3.5000000000000004 1.5000000000000002 0.062324500000000012 175.00000000000003 0.053591500000000007 1654303.0000000002 308.50000000000006 0.06879650000000001 4.5000000000000009 1.0000000180025095e-35 1.5000000000000002 1.0000000180025095e-35 0.028771000000000001 393.00000000000006 7.5000000000000009 728670.50000000012 6000.5000000000009 0.019444500000000003 5.5000000000000009
decision_type=2 2 2 2 2 2 2 2 2 2 2 2 2 2 2 2 2 2 2 2 2 2 2 2 2 2 2 2 2 2
left_child=3 2 5 24 10 7 11 9 26 12 14 16 -2 23 -3 20 -4 -7 -19 -20 -6 29 -9 -12 25 -1 27 -5 -29 -11
right_child=1 4 6 8 15 17 -8 22 -10 21 13 -13 -14 -15 -16 -17 -18 18 19 -21 -22 -23 -24 -25 -26 -27 -28 28 -30 -31
leaf_value=-0.051197004045887617 -0.028068969386021173 0.0080199520587084169 0.030217945911388579 -0.049771418071997281 0.026832928577654316 -0.01600022072198324 0.048570115922732138 0.0080019200742349021 -0.036931990600967995 -0.0065738704328423547 0.013327627395766456 -0.0062129743662360012 -0.0042699108043775169 0.04945577359896227 0.024911557662978315 0.045665299480811702 -0.03924366628143016 -0.047801805760638409 -0.048566608172599807 0.029046856573029169 0.046226016625740662 0.013945389183623281 0.030983945704200967 -0.050960465669091452 -0.050825934175727373 0.09468383882788621 -0.040701340374359449 -0.052225423675771043 0.0012878534047646283 0.0074734393176458819
leaf_weight=3.2373800646892041 68.184536596818361 88.207621770212427 71.657553750439547 7.7712659220414926 244.93383452692069 165.65513642730366 62.640073108254001 115.82879652210977 128.9621496335385 207.87963510793634 585.10737618803978 31.97002668177447 108.80539629218401 18.239010626450181 585.85027428169269 119.985799504444 4.308577842777594 39.490130548569141 4.9397204912529542 6.9463676718296483 56.060926734469831 91.355942967289593 44.57369088154519 3.7495331605896345 657.87131337778555 1.9461255800197248 15.908680090113192 5.6426692433014969 68.663207664605579 116.05556850272114
leaf_count=5216 7781 572 596 4340 921 28627 205 4171 97412 11863 3583 4563 7030 56 2782 237 107 19381 2907 954 125 2462 475 25 831477 145 7973 3726 17901 6437
internal_value=0 0.0138691 0.000848845 -0.044294 0.0225916 -0.00399307 0.0283748 0.000935609 -0.0264527 -0.00270767 0.0185855 0.0166546 -0.0134384 0.014016 0.0227011 0.034783 0.0262783 -0.0210861 -0.0374849 -0.0032084 0.0304449 0.00186557 0.0143883 0.0129183 -0.0504007 0.00357335 -0.0126605 -0.00722551 -0.00277586 -0.00154117
internal_weight=0 2842.43 1140.29 890.003 1702.13 969.715 170.576 752.684 226.948 592.281 1281.15 107.936 176.99 607.096 674.058 420.981 75.9661 217.031 51.3762 11.8861 300.995 415.291 160.402 588.857 663.055 5.18351 97.9858 82.0771 74.3059 323.935
internal_count=1074050 105860 97559 968190 8301 92088 5471 40219 131352 35573 7018 5266 14811 3664 3354 1283 703 51869 23242 3861 1046 20762 4646 3608 836838 5361 33940 25967 21627 18300
is_linear=0
shrinkage=0.05


Tree=45
num_leaves=31
num_cat=0
split_feature=1 1 42 1 53 77 67 84 69 53 85 79 77 4 4 42 69 76 0 53 76 59 4 76 73 42 3 0 48 3
split_gain=867.575 131.105 56.2273 57.2024 23.4682 16.4148 14.0721 11.381 14.4785 10.9027 10.0319 9.55991 8.92151 11.4781 14.0112 11.0615 8.64116 8.36286 8.13692 7.92509 7.83254 11.7695 7.53854 7.46838 8.27093 7.37694 10.1918 7.91763 7.64474 6.99072
threshold=0.37969951586789719 0.012339227772512141 24.500000000000004 0.86620967868038068 86.500000000000014 0.032799500000000002 0.048749500000000008 0.58333333333350013 1.0000000180025095e-35 2.5000000000000004 11.500000000000002 0.0085110000000000029 0.019517500000000004 2826.5000000000005 156.50000000000003 1.0000000180025095e-35 5.5000000000000009 0.013634500000000003 0.069732500000000017 4.5000000000000009 1.4228595000000002 43.500000000000007 18557.000000000004 0.091939000000000007 14.500000000000002 1.0000000180025095e-35 3321.0000000000005 0.0075560000000000011 1.0000000180025095e-35 227.00000000000003
decision_type=2 2 2 2 2 2 2 2 2 2 2 2 2 2 2 2 2 2 2 2 2 2 2 2 2 2 2 2 2 2
left_child=1 -1 3 5 6 11 17 8 -4 10 12 18 13 14 -5 -15 -12 -3 22 -10 -6 -22 -2 24 -13 28 -27 -28 -19 -16
right_child=2 4 7 9 20 -7 -8 -9 19 -11 16 23 -14 15 29 -17 -18 25 -20 -21 21 -23 -24 -25 -26 26 27 -29 -30 -31
leaf_value=-0.04975597456714731 -0.032717586624948815 -0.04049532753818802 0.020189517427151429 0.0015848424097552266 -0.046634997239870621 0.018499814615269557 0.03819068479322868 0.047560074087038606 0.042217594293278538 0.01173407645770118 -0.088584217339268717 7.6535605368738694e-06 0.032331336853100932 0.011141576935048164 0.053382179866214047 0.027229497731329683 0.0029417530681859674 -0.019328691048389818 0.01441459183884705 -0.021370597631881268 0.038902063863117745 -0.045056782631243679 -0.0094379006281963603 0.01542289886310646 -0.041994419955212116 -0.03902554481199725 -0.036785780559383544 0.0089918148453719607 0.0037864037780987836 0.029605101275617059
leaf_weight=661.02416573680966 46.196652117156191 26.753261779391323 217.6943479658803 40.572112627327442 74.430643883650191 101.68569148494862 13.624525269813601 99.34426667355001 150.81044248561375 389.70351181470323 2.7885492965579024 179.00348233262775 188.21734689269215 364.73263895628043 36.968102339655161 151.1122969686985 34.290434932801872 246.52247194759548 26.495505894607049 5.0644930153503074 7.307301784661834 9.7351044316019379 140.66031770737027 80.302474621275906 12.541899992444085 15.524155849525412 10.500707570055964 94.004717192074168 41.840228436551115 188.74331537541002
leaf_count=862486 6026 13704 2742 216 57407 1557 170 167 519 2973 15 5326 665 2097 60 534 239 61207 1618 131 1073 5952 10157 1690 794 7241 3708 15635 7233 708
internal_value=0 -0.034823 0.017026 0.0133332 -0.0165516 0.00023392 -0.0118467 0.0325188 0.0285189 0.0188357 0.0215828 -0.00359415 0.0225582 0.0202063 0.0286368 0.0158544 -0.00394152 -0.0134133 -0.0115164 0.0401516 -0.0396339 -0.0090576 -0.0151933 0.00262344 -0.00274253 -0.0116392 -0.00122338 0.00439208 -0.0159748 0.0334994
internal_weight=0 1201.27 2456.93 1984.01 540.243 586.886 448.77 472.914 373.569 1397.13 1007.42 485.2 970.346 782.128 266.284 515.845 37.079 435.146 213.352 155.875 91.4731 17.0424 186.857 271.848 191.545 408.392 120.03 104.505 288.363 225.711
internal_count=1074050 1035816 38234 34675 173330 27168 108898 3559 3392 7507 4534 25611 4280 3615 984 2631 254 108728 17801 650 64432 7025 16183 7810 6120 95024 26584 19343 68440 768
is_linear=0
shrinkage=0.05


Tree=46
num_leaves=31
num_cat=0
split_feature=1 1 42 1 1 65 50 40 40 81 67 4 77 71 42 76 42 71 4 67 42 4 73 3 40 73 81 64 71 3
split_gain=820.89 116.354 51.4359 41.9753 37.1555 24.1204 14.6044 12.2817 11.1181 12.4276 11.0057 11.9792 8.8898 8.33031 7.98119 7.69054 7.69023 7.5404 7.52382 6.94745 6.76374 6.74352 11.9378 6.69555 7.86124 8.09594 11.9927 9.32442 7.07686 8.99575
threshold=0.072661120000328969 0.48090646582193369 20.500000000000004 0.94875966535953815 0.0088049481694041625 1.0000000180025095e-35 1.0000000180025095e-35 3.5000000000000004 7.5000000000000009 5.5000000000000009 0.085786000000000015 625678.00000000012 0.052045000000000008 308.50000000000006 1.5000000000000002 0.036665500000000011 821.00000000000011 7.5000000000000009 909872.50000000012 0.091866000000000017 98.500000000000014 117173.00000000001 10.500000000000002 68784.500000000015 3.5000000000000004 1.5000000000000002 26.500000000000004 10.100000000000001 8.5000000000000018 15838.500000000002
decision_type=2 2 2 2 2 2 2 2 2 2 2 2 2 2 2 2 2 2 2 2 2 2 2 2 2 2 2 2 2 2
left_child=4 6 3 5 -1 8 13 -6 9 12 11 17 21 16 -7 -11 19 -4 -13 -2 -8 22 -3 28 -25 26 -26 -27 -5 -30
right_child=1 2 10 23 7 14 20 -9 -10 15 -12 18 -14 -15 -16 -17 -18 -19 -20 -21 -22 -23 -24 24 25 27 -28 -29 29 -31
leaf_value=-0.050160943905931038 -0.014824197193741579 0.0043799997630370952 0.034642722408967673 0.026414784188294595 -0.012545515378705458 0.012932974082650163 0.0043577771784142003 -0.036548471993305444 -0.014092996706140946 -0.002179303888937644 0.047730036823607547 -0.056397230973618852 0.019696926132822402 -0.038770409514391438 0.031842838158225133 0.016531095034101662 0.021666387121185161 0.011528548083590209 0.011221261249938164 0.047992553366496771 0.04941047445566759 -0.019830673969773709 -0.039223452164764951 0.019794076750629275 0.002260212150715243 -0.011293544297236661 -0.059792632333569851 0.035951577003181183 -0.018151331521697244 0.034830309083742177
leaf_weight=606.8246923239858 315.05549082555808 117.55147483001929 288.85393836960429 483.35687730461359 94.839112243826094 195.04980735492427 53.942271322928718 121.65340116000152 107.66367272984644 77.493036262399983 92.885862566065043 4.5766257544746614 32.941902464488521 32.495924579110579 78.159257693216205 188.54053374496289 15.913712641267919 40.193721986026503 40.683010936423671 4.4640096637886009 9.8523605157970433 78.832530117128044 18.116459766752087 361.52804015344009 33.520532249473035 16.755128610879183 10.142188358120618 27.724063757108524 20.379091951530427 13.201843903400002
leaf_count=836838 50377 2241 1012 1654 33940 3540 4061 97412 9291 1976 172 55 328 20546 537 2859 891 1235 464 26 84 1923 580 1312 156 98 61 117 216 48
internal_value=0 0.0130712 0.0174922 0.0137684 -0.0438166 0.00596168 -0.0107694 -0.0260335 0.000515881 0.00357901 0.0323248 0.0285019 -0.00448655 -0.0145987 0.0183427 0.0110809 -0.012257 0.0318193 0.00438372 -0.0139466 0.0113157 -0.00820053 -0.0014426 0.0209916 0.0165298 0.00314078 -0.0121537 0.0181545 0.0248728 0.00267761
internal_weight=0 2759.87 2328.15 1860.96 823.317 894.349 431.724 216.493 621.14 513.476 467.193 374.307 247.442 367.929 273.209 266.034 335.433 329.048 45.2596 319.52 63.7946 214.5 135.668 966.608 449.67 88.1419 43.6627 44.4792 516.938 33.5809
internal_count=1074050 105860 29875 26937 968190 23275 75985 131352 19198 9907 2938 2766 5072 71840 4077 4835 51294 2247 519 50403 4145 4744 2821 3662 1744 432 217 215 1918 264
is_linear=0
shrinkage=0.05


Tree=47
num_leaves=31
num_cat=0
split_feature=1 1 67 1 42 79 1 42 79 64 71 4 42 42 4 3 73 76 71 4 59 57 1 61 0 0 3 64 73 69
split_gain=776.522 112.931 46.5644 37.0866 33.769 22.1016 18.2709 13.6936 13.1522 12.9501 12.199 8.20718 8.10697 7.91449 7.34809 7.44844 7.21529 7.46954 11.9686 7.18115 7.05897 6.93451 6.56209 6.27696 6.16628 6.03356 5.98096 5.95697 5.8974 5.86663
threshold=0.072661120000328969 0.7740980979447657 0.026084500000000004 0.0083575017706393109 50.500000000000007 0.048967500000000004 0.94875966535953815 1.0000000180025095e-35 0.065345000000000014 1570.1666666650001 5.5000000000000009 593143.50000000012 1.0000000180025095e-35 1.5000000000000002 370.00000000000006 38.500000000000007 1.0000000180025095e-35 0.49069550000000006 23.500000000000004 435.50000000000006 167.50000000000003 1.0000000180025095e-35 0.94875966535953815 13.500000000000002 0.0021160000000000003 0.09822400000000002 5097.0000000000009 606.25000000000011 32.500000000000007 6.5000000000000009
decision_type=2 2 2 2 2 2 2 2 2 2 2 2 2 2 2 2 2 2 2 2 2 2 2 2 2 2 2 2 2 2
left_child=3 2 5 -1 6 9 8 -7 14 16 29 -4 21 27 -3 -16 -2 18 19 -18 -19 25 -6 26 -21 -8 -15 -10 -14 -5
right_child=1 4 11 10 22 7 12 -9 13 -11 -12 -13 28 23 15 -17 17 20 -20 24 -22 -23 -24 -25 -26 -27 -28 -29 -30 -31
leaf_value=-0.050087469081431815 -0.022340933944715854 -0.032516046365778054 0.042237338962779092 -0.004852732811859814 0.028499747398341518 -0.0050863316072174373 0.017642322811787483 0.016132848985296194 0.0096026262289973449 -0.047060398423304881 -0.036922363466901774 0.0092806475218610001 0.028878524222823526 -0.029673987905740409 0.056126633832467576 0.0023348919715874199 -0.044269616838663824 0.019845933874714734 -0.033709937721763415 -0.06183197522769121 -0.055190643576142923 0.045811652249102691 0.044057669097892348 0.001338299963091152 -0.0016899941387604111 -0.020907441296908778 0.034838897243804616 0.056373860382690766 -0.017225852075412409 -0.030828156443767941
leaf_weight=578.97816064646395 115.94062653253786 14.799911811947821 59.939658959425287 68.751273702800972 145.73081888013985 193.21300621679984 669.28675866639242 125.36725465438212 221.43543246341869 27.920268066714925 114.7332666328839 27.584052662801696 291.55735891102813 3.7377412635833016 6.6043124683201304 251.57960900192847 11.220290231372926 34.662479726102902 46.030561695610231 4.3634935460577244 3.4458449928206383 21.63573438115418 126.70399486739188 19.668049753643572 183.12927035032772 10.30639220587909 92.569979175459594 7.0237490367144337 7.1051416005939236 31.787489235535759
leaf_count=832729 17837 564 223 22957 604 12873 2629 4269 2241 17633 95887 426 987 59 28 4474 2790 3775 15719 856 800 63 282 169 16053 48 365 27 66 16617
internal_value=0 0.01269 -0.00264962 -0.0434993 0.0194502 -0.00670118 0.016707 0.00326381 0.00994401 -0.014141 -0.0257804 0.0318507 0.0208831 0.0164407 0.00174682 0.00371088 -0.0118362 -0.00753032 -0.0107365 -0.00541489 0.0130609 0.0179449 0.0357354 0.0270784 -0.00308967 0.0170577 0.0323351 0.0110406 0.0277817 -0.0130654
internal_weight=0 2722.56 832.817 794.25 1889.74 745.293 1617.31 318.58 617.419 426.713 215.272 87.5237 999.891 344.435 272.984 258.184 398.793 282.852 244.744 198.713 38.1083 701.229 272.435 115.976 187.493 679.593 96.3077 228.459 298.663 100.539
internal_count=1074050 105860 93254 968190 12606 92605 11720 17142 7927 75463 135461 649 3793 2861 5066 4502 57830 39993 35418 19699 4575 2740 886 593 16909 2677 424 2268 1053 39574
is_linear=0
shrinkage=0.05


Tree=48
num_leaves=31
num_cat=0
split_feature=1 1 84 1 42 50 71 1 40 42 42 40 1 65 69 66 69 50 76 0 69 71 0 76 0 44 64 3 38 4
split_gain=733.64 105.572 44.6844 40.442 32.2622 22.7974 15.2546 13.3083 12.7614 11.0723 9.51601 9.38449 9.00164 8.43274 7.58534 7.56123 6.82758 6.81049 6.39616 6.31122 6.30013 6.1166 8.40317 6.11093 11.6456 7.15821 6.06649 6.01207 5.99387 5.80436
threshold=0.07939372682956107 0.7740980979447657 0.58333333333350013 0.0088049481694041625 7.5000000000000009 1.0000000180025095e-35 12.500000000000002 0.94875966535953815 8.5000000000000018 22.500000000000004 3.5000000000000004 7.5000000000000009 0.94875966535953815 1.0000000180025095e-35 7.5000000000000009 1.0000000180025095e-35 6.5000000000000009 1.0000000180025095e-35 0.013634500000000003 0.077459500000000014 7.5000000000000009 12.500000000000002 0.071234000000000006 1.2469325000000002 0.036674500000000006 53.500000000000007 5.3666666666650009 333529.00000000006 1.5000000000000002 31223.500000000004
decision_type=2 2 2 2 2 2 2 2 2 2 2 2 2 2 2 2 2 2 2 2 2 2 2 2 2 2 2 2 2 2
left_child=3 2 5 -1 7 6 9 11 18 20 -7 14 15 27 17 21 -14 -3 -5 -9 26 -6 -23 25 -25 -10 -2 -11 -28 -21
right_child=1 4 -4 8 12 10 -8 19 23 13 -12 -13 16 -15 -16 -17 -18 -19 -20 29 -22 22 -24 24 -26 -27 28 -29 -30 -31
leaf_value=-0.049906885992622607 -0.011802783979064067 0.010398875603469054 0.044690403375958601 -0.052191700074601027 0.027628103004752921 0.0044810863961901818 -0.02152067939174121 0.019998275712416948 -0.049306085102409004 0.020215769252237628 0.034164391446213298 -0.010796383679640323 0.040357267192571412 0.0440095789005992 -0.00065275719108717561 -0.024692820132202614 0.013230522706621985 0.025906671531831738 -0.011647280995495659 0.014665271870393633 -0.019564349385388008 -0.018918859367577125 0.060547857038321856 -0.05218808650997292 0.033576252418766175 0.019676911277886826 0.0045128235600587494 -0.013307250603025012 -0.046907227627687495 -0.019965395331509581
leaf_weight=556.83369087032042 141.11552819525241 261.32160486001521 46.944713505217806 10.566267440059162 208.15334301069379 83.063493921828922 183.9539619891948 824.80577858584002 68.554598589820671 27.45857581688324 40.004041636333568 54.527117528836243 206.71144021651708 17.337263312889263 105.49991640890948 7.8828016803599885 26.127801968716085 97.105471265036613 122.5253325228332 33.32141440641135 87.86647652152169 15.289863704005258 4.2517705247737458 8.2952097880042839 7.5704148150034589 3.9788919222337418 148.19619044291903 26.075193618657067 5.8927312483574488 18.998309718444943
leaf_count=836838 10638 2846 126 8571 760 4742 51252 3176 68271 723 535 2013 505 142 1644 190 116 756 48740 181 9945 306 16 6107 2007 1891 9652 769 495 97
internal_value=0 0.0124439 -0.00265257 -0.0427187 0.0189872 -0.00557321 -0.00937447 0.0151762 -0.0246473 -0.00445238 0.0141299 0.00882541 0.0303413 0.0137025 0.0111316 0.0234504 0.0373133 0.0146003 -0.0148661 0.0189301 -0.00781118 0.0251172 -0.00162889 -0.0393736 -0.0112649 -0.045522 -0.00431289 0.0038874 0.0025464 0.0020902
internal_weight=0 2671.9 807.908 778.324 1864 760.963 637.896 1395.58 221.491 453.942 123.068 518.454 468.417 70.871 463.927 235.578 232.839 358.427 133.092 877.126 383.071 227.695 19.5416 88.3991 15.8656 72.5335 295.204 53.5338 154.089 52.3197
internal_count=1074050 101625 89019 972425 12606 88893 83616 10713 135587 32364 5277 7259 1893 1634 5246 1272 621 3602 57311 3454 30730 1082 322 78276 8114 70162 20785 1492 10147 278
is_linear=0
shrinkage=0.05


Tree=49
num_leaves=31
num_cat=0
split_feature=1 1 67 1 42 40 71 73 42 67 76 3 71 4 44 44 48 81 64 60 42 76 65 66 48 44 44 4 4 42
split_gain=695.006 115.213 50.3921 51.8268 21.8961 20.0384 16.697 11.0467 10.9046 10.7001 9.33708 8.99314 8.98041 8.8994 11.2138 8.16359 7.51043 7.45057 13.2216 10.1362 7.25383 7.59123 6.92569 8.63494 6.80564 6.682 6.52587 7.86823 8.24319 6.44761
threshold=0.37969951586789719 0.012339227772512141 0.062324500000000012 0.86620967868038068 1.0000000180025095e-35 8.5000000000000018 3.5000000000000004 32.500000000000007 100.50000000000001 0.083035500000000012 0.013634500000000003 38.500000000000007 217.50000000000003 2826.5000000000005 55.500000000000007 30.500000000000004 1.0000000180025095e-35 2.5000000000000004 9.5500000000000025 0.11689250000000002 1.0000000180025095e-35 0.080539500000000014 1.0000000180025095e-35 1.5000000000000002 1.0000000180025095e-35 47.500000000000007 2.5000000000000004 3901.0000000000005 1841617.5000000002 798.50000000000011
decision_type=2 2 2 2 2 2 2 2 2 2 2 2 2 2 2 2 2 2 2 2 2 2 2 2 2 2 2 2 2 2
left_child=1 17 3 6 13 9 8 11 22 10 -3 -6 -13 15 26 -5 29 18 19 -1 24 -22 23 -2 -12 -17 -15 -28 -29 -8
right_child=2 5 -4 4 7 -7 16 -9 -10 -11 20 12 -14 14 -16 25 -18 -19 -20 -21 21 -23 -24 -25 -26 -27 27 28 -30 -31
leaf_value=-0.043607578287229436 0.0039560237639262377 -0.045069438166335581 0.041916959001801452 0.023416260724439114 0.053691262920103615 -0.030895419950566289 -0.013047113502323958 -0.013772759103200633 0.027962333760830533 0.046093997712363666 -0.017196246025664063 0.026684470852806053 -0.029399811103669363 0.006593534832194315 -0.074736509800636494 -0.035353322400304837 0.020620335524932084 -0.050873033216520536 0.048404970366321007 0.094938440864437368 -0.0061281818774984471 0.025711884264922859 0.014813396128028955 -0.022034414893000922 0.0069101480072293582 0.021164089474043982 -0.015720528396729536 0.022697341262545856 -0.0051291566070357994 0.01985904552928713
leaf_weight=40.060857652450068 205.07306019641692 18.828496337519027 165.6868870598264 265.58538552653044 30.84454166283831 158.99838034046843 219.12613624679216 16.737487088656053 58.561188935767859 8.4549852675700077 194.90053332789103 512.24618539656512 7.238489477778784 362.88805716764182 3.8430384136736384 11.198691903147848 20.676103960140608 511.43509127359357 4.8260708196612532 1.3651532907388162 64.451731663022656 26.382758837840811 114.69148631382268 37.856852109427564 34.453937807949842 9.8118891925550979 17.22102163080126 214.49986080033705 30.38452756870538 15.971205249399643
leaf_count=79309 5045 10075 432 1215 73 100267 18639 186 288 65 44682 2114 223 2544 36 83 1210 779456 3713 8 11231 2021 2637 1541 4989 57 110 1210 230 361
internal_value=0 -0.0334568 0.0153453 0.0133018 0.0185228 -0.016193 0.00178309 0.0262434 0.00796189 -0.00946539 -0.010851 0.0274605 0.025903 0.0137403 0.0104121 0.0210427 -0.00827077 -0.0491351 -0.0299175 -0.0390419 -0.00883883 0.00311972 0.00468677 -9.41823e-05 -0.013575 -0.00895983 0.0109357 0.0169474 0.0192447 -0.0108117
internal_weight=0 1064.16 2320.14 2154.46 1482.5 506.471 671.956 567.067 416.183 347.472 339.017 550.329 519.485 915.432 628.837 286.596 255.773 557.687 46.2521 41.426 320.189 90.8345 357.621 242.93 229.354 21.0106 624.993 262.105 244.884 235.097
internal_count=1074050 1035816 38234 37802 8081 173330 29721 2596 9511 73063 72998 2410 2337 5485 4130 1355 20210 862486 83030 79317 62923 13252 9223 6586 49671 140 4094 1550 1440 19000
is_linear=0
shrinkage=0.05


Tree=50
num_leaves=31
num_cat=0
split_feature=1 1 84 1 42 50 71 1 71 42 53 42 53 42 38 69 76 77 3 76 61 85 0 64 64 65 0 64 64 64
split_gain=655.787 99.683 41.674 36.2268 31.1159 21.1391 17.4756 15.4662 14.2846 11.7845 10.0608 9.2517 9.47382 9.18381 8.68114 8.58087 7.46137 6.54747 7.42023 6.6977 9.32201 6.38055 6.28946 6.38116 6.4128 9.84866 6.70864 6.14831 6.2632 7.25457
threshold=0.072661120000328969 0.7740980979447657 0.58333333333350013 0.0030842274181046617 5.5000000000000009 1.0000000180025095e-35 4.5000000000000009 0.94875966535953815 23.500000000000004 1758.5000000000002 1.5000000000000002 5094.5000000000009 2.5000000000000004 3.5000000000000004 2.5000000000000004 7.5000000000000009 0.024131000000000003 0.029255500000000004 193655.50000000003 0.055314000000000009 3.5000000000000004 5.5000000000000009 0.077459500000000014 2.0833333333350006 4.083333333335001 1.0000000180025095e-35 0.0056850000000000008 1468.5000000000002 5.3666666666650009 7.708333333335001
decision_type=2 2 2 2 2 2 2 2 2 2 2 2 2 2 2 2 2 2 2 2 2 2 2 2 2 2 2 2 2 2
left_child=3 2 5 -1 7 8 16 10 9 15 21 12 14 -7 -6 27 -5 18 -9 20 -20 -3 23 -21 25 26 -25 28 -2 -30
right_child=1 4 -4 6 11 13 -8 17 -10 -11 -12 -13 -14 -15 -16 -17 -18 -19 19 22 -22 -23 -24 24 -26 -27 -28 -29 29 -31
leaf_value=-0.050964074826523001 -0.010355517413312599 0.02362345565149165 0.044060720394740016 -0.049442963326811751 0.031803900653812348 0.0036963581910792426 -0.038198471676372768 0.020522135091468979 -0.023189048891375019 0.028892462354252066 0.00036321695389530392 0.04832449116221306 0.012777393007842214 0.033018657176863468 -0.017758544747230442 -0.020456846044174085 -0.0066825498705015878 0.031166836833814712 -0.030372698331741589 0.04401940617336237 0.012958482779603375 0.0070006810255732483 -0.012883955895172286 -0.080176387365491777 0.023313035644551491 0.013581192988018157 -0.010996212913450321 -0.061816423818369409 0.02074615952399772 -0.0021387090508084897
leaf_weight=457.29856031835516 159.77255183560192 107.18068909272552 44.239406348671764 11.489257078625085 325.41804745839909 82.426806446077535 151.67033932553386 473.23500132909976 147.14048470936541 23.814075593312737 260.86588576994836 54.440927049610764 97.947845231508836 39.500082759244833 9.0816592648625356 96.282375033712015 91.036755692963197 88.114811521023512 22.376661820337176 19.152448182925582 27.873381185345352 125.11909306724556 19.922064348123968 4.378968961536887 88.001870158361271 70.120009284466505 17.546007478609681 4.49225123830547 44.39587899367325 157.43254264366988
leaf_count=744064 11588 862 127 12215 1057 4939 165850 1923 47932 264 4782 128 917 546 36 12308 46061 300 148 59 132 1446 102 11 400 236 67 1250 2156 12144
internal_value=0 0.0115987 -0.00310618 -0.0425524 0.0180912 -0.00586899 -0.0274197 0.0141164 -0.00953928 -0.00540832 0.00710238 0.0288991 0.0264536 0.0131958 0.0304583 -0.00717493 -0.0114744 0.0182804 0.0167513 0.0101267 -0.00633717 0.0146703 0.0139022 0.0165812 0.0136624 0.0044357 -0.0248132 -0.0036818 -0.00295958 0.00289524
internal_weight=0 2610.27 799.496 711.495 1810.78 755.257 254.196 1323.89 633.33 486.19 493.166 486.888 432.448 121.927 334.5 462.376 102.526 830.721 742.606 269.371 50.25 232.3 219.121 199.199 180.047 92.045 21.925 366.093 361.601 201.828
internal_count=1074050 105860 93254 968190 12606 93127 224126 10468 87642 39710 7090 2138 2010 5485 1093 39446 58276 3378 3078 1155 280 2308 875 773 714 314 78 27138 25888 14300
is_linear=0
shrinkage=0.05


Tree=51
num_leaves=31
num_cat=0
split_feature=1 1 65 1 42 42 71 71 42 42 1 1 45 76 77 79 79 69 4 0 59 3 3 85 66 66 71 76 0 61
split_gain=622.012 96.9338 43.0431 39.1776 27.896 27.5425 18.2999 15.8363 14.1808 8.96272 8.53131 7.93518 7.52712 7.17733 7.0905 6.96208 6.93683 6.92417 6.25594 6.18019 6.49047 5.89283 5.70477 5.64699 5.61812 5.60738 5.60734 5.36454 15.6296 5.22774
threshold=0.07939372682956107 0.86620967868038068 1.0000000180025095e-35 0.0030842274181046617 7.5000000000000009 1.0000000180025095e-35 151.50000000000003 4.5000000000000009 24.500000000000004 1454.0000000000002 0.94875966535953815 0.53809039466125175 1.0000000180025095e-35 0.024131000000000003 0.062645500000000007 0.11778250000000003 0.21957800000000002 8.5000000000000018 2463.5000000000005 0.071234000000000006 4.5000000000000009 3321.0000000000005 7534.5000000000009 6.5000000000000009 4.5000000000000009 4.5000000000000009 3.5000000000000004 0.89367850000000015 0.052479000000000005 73.500000000000014
decision_type=2 2 2 2 2 2 2 2 2 2 2 2 2 2 2 2 2 2 2 2 2 2 2 2 2 2 2 2 2 2
left_child=3 2 6 -1 10 26 8 13 11 21 15 -2 18 -5 16 -3 29 24 -6 -8 -21 -7 -20 -15 -13 -12 -4 -9 -29 -10
right_child=1 4 5 7 12 9 19 27 14 -11 25 17 -14 23 -16 -17 -18 -19 22 20 -22 -23 -24 -25 -26 -27 -28 28 -30 -31
leaf_value=-0.050892052428295122 -0.013703649159990684 0.0030312476750906404 0.0052891756257086855 -0.049347832052390732 0.038496274108169387 -0.023086937093083855 -0.036959964503764105 -0.040787621368207211 0.0027765387781885057 0.056464012603250173 0.018887645614196768 0.0020582639084702806 0.049588639339488122 0.0007774626819097957 0.035295117293226298 0.01789739748416893 0.043572519653392802 -0.021674282980400542 -0.024997002380670586 -0.04319906193211797 0.032589437565983002 0.028913898769359587 0.024991263163192754 -0.025487169692892931 -0.051813270204544605 -0.012170372480408531 -0.022989715835850646 -0.045003754142089007 0.041829679960868248 -0.084531298989728026
leaf_weight=440.11669629411335 263.40987329235213 201.26131574669853 106.52130983071402 11.331666471982315 106.44302540365607 5.7817449697322436 59.753616777532443 128.14331897966622 98.628314260669868 31.571476683486253 820.43449150258675 259.08753943089687 49.809056771919131 66.728602478524408 24.031463888706639 129.38569007953629 10.720375635661183 38.389335817453684 5.8753901231102637 4.673199548997216 7.1426714356348384 94.40286869276315 199.67064464231953 29.518042750751192 4.9317526160157277 14.794969367794691 20.982595418521669 14.714651893460543 7.9994203023234141 1.7448716522194434
leaf_count=744064 38397 2583 5507 12411 415 470 27373 151964 4317 74 3359 7178 112 28590 186 981 58 2039 60 2715 895 1300 696 18347 288 95 2433 14397 2652 94
internal_value=0 0.0114135 -0.000426629 -0.0418184 0.0194102 0.0172018 -0.00634285 -0.026366 -0.00388382 0.0332336 0.0156464 -0.00735925 0.0315391 -0.0117091 0.0106691 0.00884853 0.00534201 -0.00183302 0.0286575 -0.0304263 0.00261494 0.0259129 0.0235624 -0.00727768 0.00105197 0.0183375 0.000635479 -0.036818 -0.0144228 0.00125879
internal_weight=0 2559.45 1031.77 698.552 1527.67 259.26 772.513 258.436 700.944 131.756 1165.88 565.819 361.798 107.578 135.125 330.647 111.094 302.409 311.989 71.5695 11.8159 100.185 205.546 96.2466 264.019 835.229 127.504 150.857 22.7141 100.373
internal_count=1074050 101625 93324 972425 8301 9784 83540 228361 52557 1844 7018 47902 1283 59348 4655 3564 4469 9505 1171 30983 3610 1770 756 46937 7466 3454 7940 169013 17049 4411
is_linear=0
shrinkage=0.05


Tree=52
num_leaves=31
num_cat=0
split_feature=1 1 57 1 42 71 65 42 4 79 69 79 81 77 4 35 0 53 71 42 48 4 76 44 77 1 77 61 71 82
split_gain=588.48 93.6819 41.3217 35.6066 27.7511 24.2256 19.9157 10.5844 10.4239 10.221 10.1165 8.81704 8.77977 8.68846 9.27415 8.14419 7.58125 7.3894 7.06834 6.88357 6.23435 5.96513 5.74389 6.56645 5.91917 5.85731 5.70453 5.66573 5.44703 5.356
threshold=0.072661120000328969 0.86620967868038068 1.0000000180025095e-35 0.0088049481694041625 2.5000000000000004 12.500000000000002 1.0000000180025095e-35 1.0000000180025095e-35 123701.00000000001 0.045607500000000002 8.5000000000000018 0.19454300000000002 11.500000000000002 0.019517500000000004 22518.000000000004 1.0000000180025095e-35 0.023953500000000006 2.5000000000000004 20.500000000000004 1454.0000000000002 1.0000000180025095e-35 192371.00000000003 0.045801000000000008 27.500000000000004 0.029255500000000004 0.68981449621504665 0.063548500000000022 3.5000000000000004 817.50000000000011 3.5000000000000004
decision_type=2 2 2 2 2 2 2 2 2 2 2 2 2 2 2 2 2 2 2 2 2 2 2 2 2 2 2 2 2 2
left_child=3 2 5 -1 13 7 8 22 26 -5 -9 12 16 14 -3 17 27 21 -16 -8 28 -6 24 25 -2 -24 -4 -10 -7 -15
right_child=1 4 6 9 15 20 19 10 11 -11 -12 -13 -14 29 18 -17 -18 -19 -20 -21 -22 -23 23 -25 -26 -27 -28 -29 -30 -31
leaf_value=-0.049571597528176622 -0.020136195935034271 0.016690124105571566 0.011398750655309904 -0.032062889177528357 0.034635439131251292 -0.021972160799534929 0.026962571449046104 0.013070194139595105 -0.043090417458256237 -0.0074712169790876401 -0.022280147395643775 0.038494156843016915 0.0034400676584173842 0.030231966864189753 0.007644816875948088 0.055233635907046198 -0.062079241597874563 0.01524302756537107 -0.031724814162518038 0.057345624946055454 0.0052704347689125249 0.018825342140519577 -0.0061819812039422333 -0.042545280390683782 0.0055270909805986215 0.0080984110449789527 0.044182849819734533 0.015172764905821957 -0.049848511027441096 0.0055649510856221355
leaf_weight=467.06454315905285 101.03321938644513 542.38300934713334 33.84890717491362 128.17908510219422 255.59669077536091 139.50197701401339 50.032479409535881 161.84862760121177 7.3111830122070449 63.029939665189886 23.131087877452956 11.104188560158944 50.736465995956678 119.29062649793923 351.70119446376339 28.027397884055972 11.726823680714004 96.644585436675698 11.782736913068218 29.712843130342662 18.389901595786796 77.827377378940582 184.28943067348155 9.6364787624333967 28.894370319729205 117.64353546570055 21.823840593686327 9.7199082887382229 20.041294597314845 26.984274236485362
leaf_count=836838 10571 3064 1835 107468 795 31299 458 5974 310 23884 2079 113 6126 514 2480 55 520 701 249 66 3316 284 15697 982 1251 2300 117 174 14371 159
internal_value=0 0.010916 -0.000707558 -0.0421312 0.0188466 -0.00601496 0.0181819 -0.00139068 0.00722289 -0.0239565 0.00864975 -0.00324037 -0.00907007 0.0143744 0.0125486 0.0291184 -0.0311412 0.0274165 0.00636861 0.0382832 -0.0222964 0.0309451 -0.00559745 -0.00191461 -0.014429 -0.000617846 0.0242502 -0.00983871 -0.0254739 0.0256815
internal_weight=0 2540.66 1030.43 658.274 1510.24 804.41 226.017 626.477 146.271 191.209 184.98 90.5986 79.4944 1052.14 905.867 458.096 28.7579 430.069 363.484 79.7453 177.933 333.424 441.497 311.569 129.928 301.933 55.6727 17.0311 159.543 146.275
internal_count=1074050 105860 97559 968190 8301 87840 9719 38854 9195 131352 8053 7243 7130 6466 5793 1835 1004 1780 2729 524 48986 1079 30801 18979 11822 17997 1952 484 45670 673
is_linear=0
shrinkage=0.05


Tree=53
num_leaves=31
num_cat=0
split_feature=1 1 77 1 42 1 50 65 79 42 79 3 81 64 74 38 61 3 69 3 73 42 4 64 3 3 79 76 42 42
split_gain=557.799 103.778 41.9005 33.2006 21.637 19.6063 13.6941 13.4355 12.1421 11.5111 10.8811 13.9562 9.27905 8.6065 8.57211 11.4664 8.66558 8.26421 8.70351 8.46548 7.1398 6.05102 6.00538 6.03051 5.8838 8.84021 7.85442 5.8617 5.79721 5.70024
threshold=0.043984350660107828 0.48090646582193369 0.053591500000000007 0.94875966535953815 1.0000000180025095e-35 0.0019437620776660012 1.0000000180025095e-35 1.0000000180025095e-35 0.046833500000000007 1.0000000180025095e-35 0.031352000000000005 38.500000000000007 2.5000000000000004 1852.1666666650001 1.5000000000000002 2.5000000000000004 28.500000000000004 430911.50000000006 2.5000000000000004 819853.50000000012 2.5000000000000004 98.500000000000014 370.00000000000006 1852.1666666650001 38.500000000000007 4095.0000000000005 0.12595200000000004 0.18394450000000004 821.00000000000011 1707.0000000000002
decision_type=2 2 2 2 2 2 2 2 2 2 2 2 2 2 2 2 2 2 2 2 2 2 2 2 2 2 2 2 2 2
left_child=5 6 3 4 17 -1 13 10 -7 -5 11 -6 -13 28 15 16 -4 18 -3 -19 -12 -8 -14 -24 -11 26 -26 -9 -2 -22
right_child=1 2 14 9 7 8 21 27 -10 24 20 12 22 -15 -16 -17 -18 19 -20 -21 29 -23 23 -25 25 -27 -28 -29 -30 -31
leaf_value=-0.05121435139732148 -0.014866942722369601 -0.013450182996380317 0.029623054752916152 0.014625616895877602 0.055179539743653874 -0.038910062853325274 0.0030874721431863633 0.028883087883294974 -0.01021661201400622 0.051746625168827456 0.026479733098756064 -0.045703653866165941 -0.043050566683303731 -0.046382245801438453 0.042865947489427382 -0.049254477889618481 -0.04086183854850909 -0.032101771600225613 0.0095362211007213073 -0.004714858759724808 0.0013056740767233063 0.046550560229831714 0.003715133327079412 -0.059260014397442974 -0.0089119496484401945 0.028907537786841145 0.028966687654703307 -0.040820219752400397 0.015829782014510522 0.03677696239049396
leaf_weight=377.44518206201246 350.44899418410932 52.298119577972102 148.34895188035443 606.40830237627961 9.1684817505592928 147.80099091004013 58.866264868964208 123.19439104769845 49.12351295539338 21.433723039925098 80.847170964698307 14.906027168035505 8.6055251420475525 21.068662954421598 119.3591548432596 5.0189390750601879 4.4926483186427495 32.37387672267505 193.71734273829497 219.73298587676254 81.389130730123725 9.2690086672664602 81.372290296130814 3.9878046135563627 32.932181525975466 232.04426372144371 23.417110035195947 3.091875633224844 16.086684758454794 13.15697905467823
leaf_count=697189 76898 3086 1138 2595 85 201040 5383 860 44306 45 667 276 1040 17592 306 46 66 1323 4206 7310 1139 111 3108 1354 254 797 83 31 1656 60
internal_value=0 0.00996613 0.0146369 0.0118984 0.00517713 -0.0445418 -0.0116721 0.0135403 -0.0317524 0.0186315 0.00767167 -0.00406496 -0.00905416 -0.015306 0.0327546 0.0251093 0.0275512 -0.00186973 0.00464976 -0.0082317 0.0155705 0.00900012 -0.00324035 0.000773096 0.0264721 0.0245937 0.0068293 0.0271765 -0.0135197 0.00624184
internal_weight=0 2567.04 2111.3 1834.08 917.842 574.37 455.74 419.72 196.925 916.236 293.433 118.04 108.872 387.604 277.22 157.861 152.842 498.122 246.015 252.107 175.393 68.1353 93.9656 85.3601 309.827 288.394 56.3493 126.286 366.536 94.5461
internal_count=1074050 131515 29875 28319 24545 942535 101640 8620 245346 3774 7729 5863 5778 96146 1556 1250 1204 15925 7292 8633 1866 5494 5502 4462 1179 1134 337 891 78554 1199
is_linear=0
shrinkage=0.05


Tree=54
num_leaves=31
num_cat=0
split_feature=1 1 67 1 42 71 79 71 81 42 1 4 42 76 4 85 42 4 76 53 4 67 76 61 45 40 0 81 50 69
split_gain=527.167 85.3418 36.3559 34.3104 29.1019 17.4688 16.612 14.3791 11.2413 10.5005 10.2054 9.23103 7.62524 8.56839 7.28867 8.31892 7.15343 6.96495 6.95958 6.93042 6.875 6.82393 6.51818 6.3092 6.30363 6.41183 6.03335 6.01899 5.9711 5.90732
threshold=0.072661120000328969 0.7740980979447657 0.047535500000000001 0.0030842274181046617 50.500000000000007 8.5000000000000018 0.029730000000000003 4.5000000000000009 2029.5000000000002 1.0000000180025095e-35 0.94875966535953815 156.50000000000003 1.5000000000000002 0.048798500000000009 2826.5000000000005 8.5000000000000018 297.50000000000006 1288875.0000000002 0.019444500000000003 84.500000000000014 175.00000000000003 0.096819500000000017 0.25835200000000008 13.500000000000002 1.0000000180025095e-35 2.5000000000000004 0.023406000000000003 398.50000000000006 1.0000000180025095e-35 11.500000000000002
decision_type=2 2 2 2 2 2 2 2 2 2 2 2 2 2 2 2 2 2 2 2 2 2 2 2 2 2 2 2 2 2
left_child=3 2 6 -1 5 10 8 16 29 -8 11 -3 17 26 15 20 -5 -13 -7 -20 -12 -16 -21 -15 25 -6 -14 -17 -25 -2
right_child=1 4 -4 7 24 18 9 -9 -10 -11 14 12 13 23 21 27 -18 -19 19 22 -22 -23 -24 28 -26 -27 -28 -29 -30 -31
leaf_value=-0.05064466739376669 -0.010660815662440939 -0.035590178456906547 0.033605637171157818 -0.01402148403090233 0.033932925376507161 -0.06709078982712452 -0.0062937217253866348 -0.036773316360742797 -0.047743934691460627 0.01158401111857894 0.01307657127950218 0.0097699008224000246 0.011020167745998415 0.032220655332325841 0.014469398113434853 0.01350410875630963 0.057843183678846367 -0.010259793601742444 0.0040111572245178839 -0.070345136075527268 0.033200750182196641 0.05596510784160507 -0.010255068305140733 -0.042071385791333911 0.048450217049138794 0.012823468290686613 -0.036337783415212495 -0.042186833421681273 0.025852569387589432 -0.045059774662219866
leaf_weight=384.57301322478816 326.21668774886348 10.945090937661005 60.283923871233128 91.324826592204772 139.3985288431868 4.181110674981027 198.40835114529182 132.96176717971321 23.489266530370514 140.15376054019725 53.861402838025242 287.36923142545857 28.52926927851513 93.741509054088965 521.47815509513021 61.737411377951503 3.5992404029639138 51.123209811979905 103.2313885789481 6.159070010995495 200.14250538125634 10.099474312737582 16.88560782262357 5.9080446828156692 50.074816999665927 48.483669498702511 8.7996990527026338 5.2655021436512461 7.1527938614599407 12.977229282041661
leaf_count=744064 52330 264 323 57991 409 150 15171 165850 16349 5631 188 3459 204 480 2175 302 285 848 1593 431 632 20 728 54 131 346 102 51 39 3450
internal_value=0 0.0102736 -0.00365483 -0.0415348 0.0164599 0.0138449 -0.006858 -0.0261612 -0.0142933 0.00110708 0.0155379 0.00981611 0.0108458 0.0204772 0.0188503 0.0247994 -0.0112966 0.00674477 -0.00362464 -0.00152322 0.0289334 0.0152578 -0.0263151 0.0276845 0.0326868 0.0284856 -0.000143701 0.00912757 -0.0048727 -0.0119769
internal_weight=0 2476.1 761.529 612.459 1714.57 1476.61 701.245 227.886 362.683 338.562 1346.15 493.569 482.624 144.131 852.584 321.007 94.9241 338.492 130.457 126.276 254.004 531.578 23.0447 106.802 237.957 187.882 37.329 67.0029 13.0608 339.194
internal_count=1074050 105860 93254 968190 12606 11720 92931 224126 72129 20802 8818 5450 5186 879 3368 1173 58276 4307 2902 2752 820 2195 1159 573 886 755 306 353 93 55780
is_linear=0
shrinkage=0.05


Tree=55
num_leaves=31
num_cat=0
split_feature=1 1 42 1 1 65 79 50 77 42 66 3 42 71 71 71 64 4 85 4 76 0 57 65 79 65 81 73 0 0
split_gain=498.986 96.1839 39.7997 30.3092 21.1071 18.712 13.583 12.7587 11.6188 9.95124 8.39193 8.91086 8.0923 8.01725 7.42789 7.4048 7.57474 7.2972 7.27441 8.57091 7.8169 6.8811 6.85011 6.7433 6.55157 6.50728 6.31061 6.25494 6.11495 9.18546
threshold=0.043984350660107828 0.48090646582193369 2.5000000000000004 0.94875966535953815 0.0019437620776660012 1.0000000180025095e-35 0.046833500000000007 1.0000000180025095e-35 0.023390500000000005 1707.0000000000002 1.0000000180025095e-35 4095.0000000000005 542.50000000000011 308.50000000000006 156.50000000000003 94.500000000000014 93.100000000000009 120938.00000000001 7.5000000000000009 3185.5000000000005 0.055314000000000009 0.069732500000000017 1.0000000180025095e-35 1.0000000180025095e-35 0.20072500000000001 1.0000000180025095e-35 2.5000000000000004 1.5000000000000002 0.012433500000000002 0.012640000000000002
decision_type=2 2 2 2 2 2 2 2 2 2 2 2 2 2 2 2 2 2 2 2 2 2 2 2 2 2 2 2 2 2
left_child=4 7 3 8 -1 10 -6 13 15 26 14 -12 -8 28 17 16 18 -4 19 27 -20 -16 -5 -24 -19 -21 -7 -3 -2 -30
right_child=1 2 5 22 6 9 12 -9 -10 -11 11 -13 -14 -15 21 -17 -18 24 20 25 -22 -23 23 -25 -26 -27 -28 -29 29 -31
leaf_value=-0.051176398564985438 -0.022741799887963585 0.040256713919307824 0.025137602593987958 0.015143273458643134 -0.038329549624108943 0.034800301885981447 -0.012793045562513759 0.0084220874307361967 0.016198388632342919 0.053502692498386961 -0.0584069629834469 0.0059412974017440017 0.072857234096023335 -0.038855016689432198 -0.041663935430014711 -0.025434822081478643 0.012955480968593461 0.003248113066747332 -0.034601856141762498 -0.0084339323303112123 -0.005822997692893777 0.041200695423544292 -0.001039301407145888 0.059252482893308173 0.037951028547283688 0.0086116846671488619 0.017719737668944191 0.0041404094654827282 0.055490653043263075 -0.009994436295720218
leaf_weight=346.79841704399587 110.21583730593557 21.660344677744433 228.60506617536885 718.01092750998214 138.53305317302875 164.26398763991892 45.772765820856876 66.840913977473974 107.61029043432791 50.758120046928525 6.9139212728332522 24.250515513733262 2.9345496273745075 32.911992789369833 9.1306274716480385 31.210867657282506 88.430357647739584 83.261152494582348 32.220079415710643 166.25552426429931 88.147949677950237 3.4526542482199138 6.3927779253572252 16.89164362475276 16.25578999100253 84.421235589426942 80.614995556068607 26.847452840011101 5.4830520511604837 229.22321526223823
leaf_count=697189 26680 232 1960 3129 201040 597 44158 5494 1529 117 574 593 148 27241 1466 4644 2429 895 1581 4588 2484 128 38 45 81 1638 460 667 326 41899
internal_value=0 0.00937078 0.013932 0.00910741 -0.0438724 0.0239648 -0.0303443 -0.0117143 0.00119777 0.0333538 0.0165005 -0.00833455 -0.00763273 -0.0152765 0.0187722 -0.001796 -0.000343608 0.0202179 -0.0031467 0.00102931 -0.0135265 -0.0189272 0.0160088 0.0426993 0.00891673 -0.00269342 0.0291773 0.0202675 -0.0130267 -0.00846462
internal_weight=0 2500.28 2055.61 1388.1 534.039 667.507 187.24 444.675 646.804 295.637 371.87 31.1644 48.7073 377.834 340.705 539.194 507.983 328.122 419.553 299.185 120.368 12.5833 741.295 23.2844 99.5169 250.677 244.879 48.5078 344.922 234.706
internal_count=1074050 131515 29875 23004 942535 6871 245346 101640 19792 1174 5697 1167 44306 96146 4530 18263 13619 2936 11190 7125 4065 1594 3212 83 976 6226 1057 899 68905 42225
is_linear=0
shrinkage=0.05


Tree=56
num_leaves=31
num_cat=0
split_feature=1 1 42 1 53 1 84 71 77 69 73 38 71 67 41 70 79 79 4 3 42 48 61 3 4 57 0 4 3 3
split_gain=471.934 89.8736 34.3427 23.4758 21.0694 20.5329 17.8392 13.2503 11.24 10.4729 9.07018 8.15821 7.95125 6.80867 7.46583 7.06045 6.75729 6.74788 9.97105 6.60279 6.54923 6.79808 6.47116 6.41567 6.26282 5.98295 5.83373 5.56062 5.04914 4.93001
threshold=0.043984350660107828 0.53809039466125175 1.0000000180025095e-35 0.94875966535953815 2.5000000000000004 0.0030842274181046617 0.58333333333350013 12.500000000000002 0.030463500000000001 6.5000000000000009 29.500000000000004 2.5000000000000004 419.50000000000006 0.13751950000000004 1.0000000180025095e-35 5.5000000000000009 0.066421500000000008 0.11417900000000002 5356.5000000000009 2646.5000000000005 13.500000000000002 1.0000000180025095e-35 51.500000000000007 115433.50000000001 1654303.0000000002 1.0000000180025095e-35 0.095871500000000012 13206.000000000002 152.00000000000003 393.00000000000006
decision_type=2 2 2 2 2 2 2 2 2 2 2 2 2 2 2 2 2 2 2 2 2 2 2 2 2 2 2 2 2 2
left_child=5 6 3 16 9 29 7 20 22 11 17 13 19 14 15 -4 24 18 28 -6 21 -2 -7 -21 26 -5 -3 -25 -11 -1
right_child=1 2 4 25 12 8 -8 -9 -10 10 -12 -13 -14 -15 -16 -17 -18 -19 -20 23 -22 -23 -24 27 -26 -27 -28 -29 -30 -31
leaf_value=0.016795110296877996 -0.012061846112145528 -0.0030837879734942814 0.026677742436609777 0.013676813940912864 -0.012518292770504409 -0.036929029650562946 0.048094148201185821 -0.02476992899313803 0.0024503529039561311 0.040881425364742013 -0.066367453008662342 -0.010714153914739915 -0.041638455488841465 0.050218677968218987 0.042928667135887888 -0.020349775610378915 0.0058864559436267302 0.0262703797599134 0.017091485104944595 0.023302221061892388 0.010849082225717331 0.01105954658712734 0.013084312469454308 -0.059886501967308284 -0.022013645035827936 0.042742722448243377 0.059743443796512002 0.0071556535467565937 -0.042907981979787291 -0.050949178686631347
leaf_weight=2.7064393824039135 255.11389423419314 201.28354434450739 376.10641930892598 612.52202692371793 27.889340890658787 130.00250356095421 12.813530182233078 137.6797976739872 24.317108671861206 2.071242368547245 3.5695650646230197 12.487977446056901 7.6378611856634953 39.146616630256176 74.972882139263675 8.1542424187064153 247.65172137122136 56.776391291525215 30.867159259039909 89.932728465049877 47.457286523203948 36.316052961847163 6.8063267524958055 3.189176242100074 47.884775474871276 18.231626268476248 3.7638845377368844 102.46124986826908 13.626808856613932 348.85988319348689
leaf_count=3948 35547 7698 1910 2677 1052 177194 57 64324 16076 11 101 74 1839 94 271 34 4074 299 239 1226 2505 3279 5201 120 2249 63 36 1488 248 740116
internal_value=0 0.00906253 0.0138043 0.00810054 0.0214058 -0.0436537 -0.0101244 -0.0116898 -0.0288732 0.0262237 0.0119929 0.0292019 0.00852694 0.0302021 0.0284958 0.0256798 1.563e-05 0.0146996 0.000591473 0.0102415 -0.00637568 -0.00918061 -0.0344408 0.013487 -0.00573263 0.0145169 -0.00193052 0.00513191 -0.0318526 -0.0504277
internal_weight=0 2469.61 1980.23 1131.34 848.89 512.692 489.381 476.567 161.126 617.779 106.911 510.868 231.11 498.38 459.234 384.261 500.584 103.342 46.5652 223.472 338.887 291.43 136.809 195.583 252.932 630.754 205.047 105.65 15.6981 351.566
internal_count=1074050 131515 25803 16797 9006 942535 105712 105655 198471 3281 898 2383 5725 2309 2215 1944 14057 797 498 3886 41331 38826 182395 2834 9983 2740 7734 1608 259 744064
is_linear=0
shrinkage=0.05


Tree=57
num_leaves=31
num_cat=0
split_feature=1 1 67 79 42 1 42 71 79 69 79 4 3 65 71 76 42 4 3 40 35 60 59 73 4 77 4 48 0 77
split_gain=444.627 89.4213 39.9735 24.4152 24.1951 20.1609 14.8539 13.5594 13.268 7.21975 7.18961 8.32609 8.71918 7.17613 6.83061 6.86853 6.79281 6.74624 6.68387 7.252 6.55832 5.95165 5.81175 5.73432 5.47047 6.34402 5.38769 5.31364 5.30131 5.06914
threshold=0.043984350660107828 0.86620967868038068 0.062324500000000012 0.045607500000000002 9.5000000000000018 0.0019437620776660012 98.500000000000014 90.500000000000014 0.046833500000000007 7.5000000000000009 0.12595200000000004 72.500000000000014 38.500000000000007 1.0000000180025095e-35 3.5000000000000004 0.016988000000000003 542.50000000000011 23453.500000000004 65683.000000000015 7.5000000000000009 1.0000000180025095e-35 0.019627500000000003 302.50000000000006 1.0000000180025095e-35 189759.50000000003 0.038111000000000006 6493.0000000000009 1.0000000180025095e-35 0.06879650000000001 0.11735600000000002
decision_type=2 2 2 2 2 2 2 2 2 2 2 2 2 2 2 2 2 2 2 2 2 2 2 2 2 2 2 2 2 2
left_child=5 2 3 7 10 -1 13 9 29 22 11 21 -13 -5 -14 -16 23 -12 19 -17 24 -3 27 26 25 -6 -10 -2 -9 -7
right_child=1 4 -4 6 20 8 -8 28 16 -11 17 12 14 -15 15 18 -18 -19 -20 -21 -22 -23 -24 -25 -26 -27 -28 -29 -30 -31
leaf_value=-0.050921595602075931 -0.0072669713355584175 -0.030967273894870508 0.035778983788936979 -0.0043652076156334135 0.025839269117848718 -0.03960184447467531 0.027666709147434462 -0.035974605104751832 0.054265187978748103 -0.023706281744637694 0.022915179721878655 0.055146325573880051 0.013720367129304467 0.010348742154468267 -0.04937230038196315 0.02375838042883157 0.070635213686007545 0.0096808211475359948 -0.0052166050946367828 -0.010165650148368137 0.054102585324596254 0.033796864412680476 -0.045124647393548052 -0.024185489952507591 0.015278439139557516 0.045260914569127154 -0.0091915723930411416 0.011342623356325184 -0.0040736385552409401 0.023685872371455304
leaf_weight=315.00049624348321 296.45172505626397 19.156448902445849 63.904153264593333 279.16793992248131 149.07269226724748 127.58751404639042 55.277685226537869 73.266131179938384 5.3083905710700483 68.166266417043516 288.93774330173619 11.150520330294965 467.17159555782564 117.84493700152962 6.2320930166169992 58.40195844671689 2.656410127561684 144.42545375972986 90.784573419950902 21.572918126475997 24.676390912383795 4.3535784222185603 9.2036797639593697 29.823894734458008 71.461542244069278 58.565481496974826 9.0433122376089141 44.059023418987636 15.838439150466 3.2444531938454011
leaf_count=697189 33197 246 292 17814 676 199645 708 40486 1439 12312 1330 27 2880 5570 77 349 148 842 992 364 55 18 2387 34307 299 146 8412 4264 6184 1395
internal_value=0 0.00875099 -0.00251118 -0.00506195 0.0168891 -0.0433255 0.00338338 -0.0125962 -0.0298574 -0.00882032 0.0134732 0.0102612 0.01131 2.31945e-06 0.0105512 0.00218628 -0.00701936 0.0185046 0.00406798 0.0146075 0.0293951 -0.0189743 -0.00591876 -0.011689 0.0272106 0.0313173 0.0142797 -0.00485906 -0.0303042 -0.0380324
internal_weight=0 2439.14 1023.18 959.276 1415.96 492.664 452.291 506.985 177.664 417.881 1112.19 678.824 655.314 397.013 644.163 176.992 46.832 433.363 170.759 79.9749 303.776 23.51 349.714 44.1756 279.1 207.638 14.3517 340.511 89.1046 130.832
internal_count=1074050 131515 123214 122922 8301 942535 24092 98830 245346 52160 7125 4953 4689 23384 4662 1782 44306 2172 1705 713 1176 264 39848 44158 1121 822 9851 37461 46670 201040
is_linear=0
shrinkage=0.05


Tree=58
num_leaves=31
num_cat=0
split_feature=1 1 42 1 42 71 65 60 67 64 81 77 3 4 66 3 78 50 65 64 35 4 53 76 81 44 4 1 85 69
split_gain=422.901 71.4832 36.3905 34.4299 21.5051 17.3756 15.4147 10.4442 9.92404 9.25017 8.09432 7.50829 7.49752 6.86561 6.78035 7.39381 6.76403 6.51219 6.43711 6.41001 6.35017 6.12749 7.47662 6.15363 5.92568 13.1883 8.07548 5.95471 5.47982 6.76188
threshold=0.07939372682956107 0.86620967868038068 31.500000000000004 0.0088049481694041625 5.5000000000000009 3.5000000000000004 1.0000000180025095e-35 0.029091500000000003 0.060868500000000006 389.12500000000006 1811.5000000000002 0.060070000000000005 67315.000000000015 1654303.0000000002 1.0000000180025095e-35 230577.50000000003 0.043424000000000011 1.0000000180025095e-35 1.0000000180025095e-35 11.100000000000001 1.0000000180025095e-35 173901.00000000003 5.5000000000000009 0.46321800000000007 5.5000000000000009 26.500000000000004 4745.5000000000009 0.0030842274181046617 3.5000000000000004 11.500000000000002
decision_type=2 2 2 2 2 2 2 2 2 2 2 2 2 2 2 2 2 2 2 2 2 2 2 2 2 2 2 2 2 2
left_child=3 2 5 24 11 7 14 18 10 16 -7 12 28 -9 15 -4 -5 19 -2 -17 21 22 -6 -24 25 27 -27 -1 -3 -30
right_child=1 4 6 9 20 8 -8 13 -10 -11 -12 -13 -14 -15 -16 17 -18 -19 -20 -21 -22 -23 23 -25 -26 26 -28 -29 29 -31
leaf_value=-0.04936949371872746 -0.008074126284103169 0.003712645218250986 0.026358121898732413 -0.017661272548464849 0.031609620666870737 -0.013938681160686776 0.039944453552581249 0.022257843720559563 0.055696581128814031 -0.043772407487086572 -0.044619758527723367 0.02987425562455023 0.0075555874362110923 -0.013260040912715801 -0.030190594935718268 0.011172026854663668 0.058665889882345883 0.037500851157800698 0.0063567983572637328 -0.025057651479391048 0.052106693776297321 0.013514314259649851 -0.023571604217051081 0.052002284165740348 -0.051337097858206275 0.086605723098611254 -0.051007955344137282 -0.0012586953562574315 0.020488506280798787 -0.0026230026131234823
leaf_weight=38.460191757185385 249.61158236647316 73.733032701071352 50.295431810583977 138.55066778673427 225.98659555567428 288.80589530829457 58.636695788765792 71.927719107305165 4.87157630897127 38.259236696318112 23.225868311688828 60.824551451951265 510.4642542663496 16.779902758309618 10.277504771445818 24.041748238465516 2.9647099157155017 9.7652586043113825 111.92603747113026 24.80505124758929 23.811102610081434 81.662464002147317 11.103306014440021 3.556292403722181 310.17414243291751 3.4573692589619887 1.5413336932269883 7.723040398424927 372.70464137359522 34.585118129150942
leaf_count=121865 15897 602 2936 90647 774 45240 329 2159 27 44861 15598 285 3735 606 1665 437 79 82 5372 2976 55 356 231 26 692360 1084 4905 16624 1862 375
internal_value=0 0.00919982 -0.0014235 -0.0398404 0.0163784 -0.00614747 0.0189564 0.000165575 -0.0151168 -0.0219595 -0.0162224 0.0128224 0.0117763 0.0155393 0.00863073 0.0122943 -0.0160622 0.000225964 -0.00360655 -0.00722588 0.0271897 0.0253489 0.0293649 -0.00523803 -0.0487362 -0.032974 0.044173 -0.0413241 0.0162553 0.018526
internal_weight=0 2343.4 944.97 541.131 1398.43 767.149 177.822 450.245 316.903 179.775 312.032 1052.31 991.487 88.7076 119.185 108.907 141.515 58.6121 361.538 48.8468 346.12 322.309 240.646 14.6596 361.356 51.1819 4.9987 46.1832 481.023 407.29
internal_count=1074050 101625 93324 972425 8301 84899 8425 24034 60865 135587 60838 6859 6574 2765 8096 6431 90726 3495 21269 3413 1442 1387 1031 257 836838 144478 5989 138489 2839 2237
is_linear=0
shrinkage=0.05


Tree=59
num_leaves=31
num_cat=0
split_feature=1 1 42 1 1 53 53 67 77 42 73 76 79 3 38 77 3 3 61 85 71 48 64 42 57 4 4 44 4 4
split_gain=401.535 82.0375 33.9722 22.819 19.1846 17.5599 13.0829 10.4531 10.3358 9.06579 7.93937 7.17529 7.81807 7.07364 6.8497 6.56302 7.08198 9.00725 6.13994 6.06229 5.94772 5.93198 5.83395 5.39526 5.15273 5.07694 4.94839 7.03959 6.34381 6.30772
threshold=0.043984350660107828 0.53809039466125175 1.0000000180025095e-35 0.94875966535953815 0.0030842274181046617 2.5000000000000004 3.5000000000000004 0.086694000000000007 0.030463500000000001 222.50000000000003 35.500000000000007 0.027136500000000004 0.063397500000000009 2646.5000000000005 2.5000000000000004 0.039101000000000004 430911.50000000006 627059.50000000012 51.500000000000007 7.5000000000000009 23.500000000000004 1.0000000180025095e-35 1852.1666666650001 18.500000000000004 1.0000000180025095e-35 101173.50000000001 2826.5000000000005 3.5000000000000004 1694852.0000000002 593143.50000000012
decision_type=2 2 2 2 2 2 2 2 2 2 2 2 2 2 2 2 2 2 2 2 2 2 2 2 2 2 2 2 2 2
left_child=4 6 3 15 -1 7 9 10 18 21 11 12 -4 -7 -13 16 20 -18 -6 -19 25 -2 -15 -8 26 -3 -5 29 -29 -28
right_child=1 2 5 24 8 13 23 -9 -10 -11 -12 14 -14 22 -16 -17 17 19 -20 -21 -22 -23 -24 -25 -26 -27 27 28 -30 -31
leaf_value=-0.050142538244580183 -0.008954218789991867 0.0077607768472991879 -0.023142797403201902 0.018878752848014442 -0.03653481036658917 -0.014542049571471295 -0.023993981398965969 0.042297750659784333 0.0024150425203399131 0.027432588280756755 -0.020166124331606517 0.026072799357130156 0.020342505112015484 0.013182922457381955 -0.023599585572079317 0.013989957533386072 -0.050449207411633556 -0.0024498738870117327 0.012918521689354793 -0.023720403579853958 -0.023977372776404174 0.014279481683071957 -0.055120533585462289 -0.00053381216303524767 0.040174876827141423 -0.025698294590996235 -0.0023004192205444206 0.022454529693842047 -0.01267772254093124 0.013946836088417678
leaf_weight=306.90743040605412 227.18721671242383 184.45788652898045 16.414993068552576 212.35984271066263 118.9605176174482 28.722838962989044 163.27895253423776 77.000771390274167 23.176689880085178 21.798325761745218 10.656685304827986 450.4962422962999 27.910441846819595 189.49845259409631 7.04895150149241 63.830449799308553 12.780368328560142 152.47556581045501 6.626026876299874 42.929454462369904 18.463296343761613 31.251955645740964 3.1786418917617985 28.834919407436246 17.659486539661884 12.079887040541506 145.77113469340838 118.25857606623322 14.415576955303548 101.21840295242146
leaf_count=744064 26942 4047 259 893 177194 1679 64779 209 16076 429 155 2465 134 3121 59 835 539 4795 5201 1663 1726 2490 925 11072 63 452 816 524 76 368
internal_value=0 0.00823274 0.012852 0.0071144 -0.0429998 0.0206116 -0.0104226 0.0251206 -0.0282639 -0.00353285 0.0225399 0.0234467 0.00423864 0.00860545 0.0253075 -0.000955247 -0.00320948 -0.00978267 -0.0339256 -0.0071229 0.00315535 -0.00614467 0.0120561 -0.0204728 0.0135605 0.00570427 0.0127666 0.00934781 0.0186373 0.00435784
internal_weight=0 2379.98 1907.63 1096.7 455.671 810.928 472.351 589.528 148.763 280.237 512.527 501.871 44.3254 221.4 457.545 487.017 423.186 208.185 125.587 195.405 215.001 258.439 192.677 192.114 609.683 196.538 592.024 379.664 132.674 246.99
internal_count=1074050 131515 25803 16797 942535 9006 105712 3281 198471 29861 3072 2917 393 5725 2524 14057 13222 6997 182395 6458 6225 29432 4046 75851 2740 4499 2677 1784 600 1184
is_linear=0
shrinkage=0.05


Tree=60
num_leaves=31
num_cat=0
split_feature=1 1 84 42 65 1 79 1 71 42 81 1 42 40 44 42 73 59 73 64 77 64 0 76 0 69 50 4 4 66
split_gain=379.714 79.603 34.4787 23.4722 19.2594 19.0057 12.1136 11.853 10.9712 10.5308 9.96375 8.93798 7.7402 7.18418 6.54204 6.48539 6.42216 6.33327 8.15547 6.22699 6.10176 5.92478 5.6869 5.5371 5.28007 5.40429 6.57679 5.1895 8.56818 5.05741
threshold=0.043984350660107828 0.7740980979447657 0.58333333333350013 6.5000000000000009 1.0000000180025095e-35 0.0019437620776660012 0.029730000000000003 0.94875966535953815 4.5000000000000009 3.5000000000000004 2029.5000000000002 0.94875966535953815 1.0000000180025095e-35 7.5000000000000009 1.5000000000000002 542.50000000000011 21.500000000000004 1.5000000000000002 2.5000000000000004 4.2916666666650007 0.039101000000000004 332.12500000000006 0.06879650000000001 0.036191500000000008 0.095871500000000012 7.5000000000000009 1.0000000180025095e-35 593143.50000000012 5051.5000000000009 4.5000000000000009
decision_type=2 2 2 2 2 2 2 2 2 2 2 2 2 2 2 2 2 2 2 2 2 2 2 2 2 2 2 2 2 2
left_child=5 2 4 7 6 -1 10 13 15 -6 22 17 14 24 -8 -7 27 18 -5 -20 21 -13 -2 -21 25 26 -3 28 -14 -9
right_child=1 3 -4 11 9 8 12 29 -10 -11 -12 20 16 -15 -16 -17 -18 -19 19 23 -22 -23 -24 -25 -26 -27 -28 -29 -30 -31
leaf_value=-0.050737110852717232 -0.018162160763094373 0.0045565748558240651 0.042799673216944299 0.023510370897492555 0.00032072547231078066 -0.015273694479816427 0.0093773424649617604 0.015241051291049794 -0.038912078380913338 0.030235657240840902 -0.049189050677665762 0.02889246762992595 -0.013588721897271963 -0.013909742935425618 -0.016795489462725216 0.069339974479436808 -0.042886194836198585 0.025442400647735182 0.012347283957439283 -0.0575771510047971 0.045792746773997806 -0.022246930005121356 0.0052355342874608503 -0.0072481861877773243 0.049435345932376015 -0.0048803907870666454 0.021201292498538565 -0.010911690041693648 0.024088466091783223 -0.015607789108533547
leaf_weight=275.4680515244072 262.85140625811982 220.09370474913158 35.506175555521622 41.62022814899683 111.84842052854947 56.160180343598768 30.016601586714387 737.95760241767857 104.27688248731101 39.918341425451217 24.276746321633254 127.59026125445962 19.929676740561263 47.826705922401743 116.69852329006244 2.3597760225056836 6.3602357711206414 110.6351730619208 21.874831710010767 8.295816693222152 60.234110912308097 5.9267989764921358 28.816967096827284 16.014973485842347 7.0658086948096743 90.629785215947777 81.258313522208482 25.433770605421159 62.129993072696379 13.529464493505655
leaf_count=697189 60548 2798 130 209 10510 62879 1931 3318 182270 778 20389 462 2067 1985 12818 197 775 772 105 123 150 50 5533 142 28 1622 747 1383 2047 95
internal_value=0 0.00795477 -0.0053127 0.0143258 -0.00765834 -0.0427327 -0.0118302 0.010851 -0.0291884 0.00818908 -0.0184121 0.0249432 -0.00384938 0.00440256 -0.0114408 -0.0118617 0.0059331 0.0174848 0.00745819 -0.00700725 0.0325822 0.0266224 -0.0158505 -0.0244224 0.00659732 0.00582513 0.00904475 0.00882167 0.0149379 0.0146857
internal_weight=0 2354.34 763.787 1590.55 728.281 438.265 576.514 1198.36 162.797 151.767 315.945 392.192 260.569 446.874 146.715 58.52 113.854 198.441 87.8059 46.1856 193.751 133.517 291.668 24.3108 399.048 391.982 301.352 107.493 82.0597 751.487
internal_count=1074050 131515 118909 12606 118779 942535 107491 10593 245346 11288 86470 2013 21021 7180 14749 63076 6272 1351 579 370 662 512 66081 265 5195 5167 3545 5497 4114 3413
is_linear=0
shrinkage=0.05


Tree=61
num_leaves=31
num_cat=0
split_feature=1 1 67 77 1 65 71 42 79 85 4 81 42 77 3 79 42 61 4 41 3 79 3 59 76 73 4 4 0 4
split_gain=359.099 74.2012 32.3308 22.5752 18.8759 15.476 15.1111 15.1581 11.5081 10.8886 10.7307 9.14065 8.96077 8.94612 8.74254 8.06026 7.13274 7.05221 6.90383 6.32518 6.11928 5.852 5.90156 5.83765 5.71314 7.07467 5.62592 6.49867 5.45984 5.22926
threshold=0.043984350660107828 0.7740980979447657 0.047535500000000001 0.053591500000000007 0.0088049481694041625 1.0000000180025095e-35 8.5000000000000018 1.0000000180025095e-35 0.029730000000000003 9.5000000000000018 2826.5000000000005 2029.5000000000002 3.5000000000000004 0.030463500000000001 38.500000000000007 0.15961450000000002 1.0000000180025095e-35 51.500000000000007 126565.50000000001 1.0000000180025095e-35 65683.000000000015 0.041573500000000006 943.50000000000011 1.5000000000000002 0.56929950000000018 29.500000000000004 5051.5000000000009 593143.50000000012 0.06879650000000001 593143.50000000012
decision_type=2 2 2 2 2 2 2 2 2 2 2 2 2 2 2 2 2 2 2 2 2 2 2 2 2 2 2 2 2 2
left_child=4 2 5 6 -1 8 7 10 11 14 -3 28 -7 17 -9 -11 20 -6 19 24 -10 22 -16 -24 25 -8 -18 -28 -2 -4
right_child=1 3 29 -5 13 12 18 9 16 15 -12 -13 -14 -15 21 -17 26 -19 -20 -21 -22 -23 23 -25 -26 -27 27 -29 -30 -31
leaf_value=-0.048577771558203357 -0.018135750489317742 0.018114255114976541 0.042648459839826847 0.030357521409118828 -0.034830447153249226 -0.00052701738862569278 -0.0054869027555856046 0.050384526835350552 0.0059805745202672796 -0.022489872680872602 0.0053230303389845447 -0.048504050652429472 0.028561787700173303 0.0066810029345784078 -0.024348733971072185 0.027301365351703535 -0.016670426286413929 0.022953299587898997 -0.025501414686373569 0.030677705801124267 -0.017243640853142891 0.02441092477661147 0.00017344818519910582 0.024703174421144794 0.024335438552081989 -0.068713612858454662 0.020692562614732641 -0.011025291414721928 0.0050108657052073671 0.0080031527689023284
leaf_weight=316.20848782077701 257.12355076424865 232.53484235983342 37.323146203358192 183.15188017254695 80.244429905473226 108.77115229013725 62.897698349639541 26.562520910054445 38.782927311593085 24.300956068909727 556.01148433133494 23.159112861012545 34.991874688566895 19.253776626905164 10.679575665853916 12.212858123239128 21.339229083925602 5.652167028070834 30.312336893344764 15.888845748966558 105.57264138745086 301.07429021503776 40.83401504624635 59.737000070977956 14.826825725787783 4.7590617272071531 59.949219813322998 22.103846276164404 28.278768466982001 15.379671010887249
leaf_count=836838 60484 1312 141 810 95080 10501 1383 77 3407 339 4926 20385 758 7838 85 74 2574 2779 885 164 11325 1354 283 301 414 199 2212 1393 5527 202
internal_value=0 0.00768599 -0.00522761 0.013855 -0.0424752 -0.0080707 0.0116847 0.0133466 -0.0118499 0.0203985 0.00909504 -0.0182937 0.00655319 -0.0241233 0.0225812 -0.00583608 -0.00382423 -0.0310282 -0.00463833 0.00179039 -0.0110042 0.02079 0.0109909 0.0147436 -0.00377419 -0.00993435 0.00620034 0.0121483 -0.0158423 0.0325383
internal_weight=0 2328.56 752.775 1575.78 421.359 700.072 1392.63 1263.95 556.309 475.401 788.546 308.561 143.763 105.15 438.887 36.5138 247.748 85.8966 128.685 98.3724 144.356 412.325 111.251 100.571 82.4836 67.6568 103.392 82.0531 285.402 52.7028
internal_count=1074050 131515 118909 12606 942535 118566 11796 8751 107307 2513 6238 86396 11259 105697 2100 413 20911 97859 3045 2160 14732 2023 669 584 1996 1582 6179 3605 66011 343
is_linear=0
shrinkage=0.05


Tree=62
num_leaves=31
num_cat=0
split_feature=1 1 42 1 1 53 50 79 69 77 42 77 3 59 4 73 42 4 73 42 3 42 71 74 73 76 53 42 79 85
split_gain=341.061 71.5537 34.7578 29.7505 18.6868 13.6371 11.0909 10.5795 8.20595 7.14722 7.0638 6.9036 6.86983 6.53945 6.32703 6.64132 6.05344 5.88414 5.91692 5.66835 6.80937 5.62241 5.60058 5.13457 5.09187 5.00737 5.46333 4.92862 4.88811 6.44589
threshold=0.043984350660107828 0.48090646582193369 172.50000000000003 0.94875966535953815 0.0019437620776660012 1.5000000000000002 1.0000000180025095e-35 0.046833500000000007 7.5000000000000009 0.058644500000000009 3.5000000000000004 0.05011100000000001 174210.00000000003 302.50000000000006 642.50000000000011 1.5000000000000002 1.0000000180025095e-35 3185.5000000000005 10.500000000000002 1.0000000180025095e-35 3646.0000000000005 1.0000000180025095e-35 308.50000000000006 1.5000000000000002 20.500000000000004 0.053962500000000004 291.50000000000006 542.50000000000011 0.13770850000000004 6.5000000000000009
decision_type=2 2 2 2 2 2 2 2 2 2 2 2 2 2 2 2 2 2 2 2 2 2 2 2 2 2 2 2 2 2
left_child=4 6 3 5 -1 8 11 -6 16 12 23 22 24 14 15 -7 17 18 -3 20 -16 -13 -2 28 -4 -22 -27 -9 -5 -30
right_child=1 2 9 10 7 13 -8 27 -10 -11 -12 21 -14 -15 19 -17 -18 -19 -20 -21 25 -23 -24 -25 -26 26 -28 -29 29 -31
leaf_value=-0.050585230527849703 -0.015380991640109299 0.03527160989642629 0.037673327767044434 0.010111142041531095 -0.036453002805746496 0.0037068408300694779 0.0079691243905127464 -0.010897466194103282 -0.0086129401132320274 0.045000932045595861 0.025576880417091039 -0.013790057907607898 0.011638919490946188 -0.06220952498579805 0.036029195277422398 -0.042354994381781697 0.0204148082291771 0.002437047789510898 -0.035368211874240559 0.0064335168402017417 -0.016939982427629684 0.024160992091585291 -0.038876335202753208 0.0572015677851406 -0.033416743619197824 -8.9441596482531187e-05 -0.041333456119663187 0.068038512095700318 0.0096397033475894445 0.025675821097449987
leaf_weight=252.4170757095053 279.37296878477355 25.645601819152947 68.411321619249065 440.54099348885939 112.65463816615193 13.133599401189711 61.97478638413304 39.51735696617834 52.063594562059734 66.108502447605133 153.04398242651951 19.918478641731781 56.025677345285658 4.6247612492152248 9.5902002122311369 19.362299234009697 143.31446139491163 145.2538183744764 3.3518407120136535 164.88505679839727 83.665144875994883 19.134108706130064 27.896153096266062 6.7255571596324435 2.6151183429465155 166.91815599121037 8.4350037057083664 2.0816648029685885 109.69804511941038 146.15681900712661
leaf_count=697189 64874 340 479 2206 201040 488 5494 44158 1320 179 612 2709 520 924 198 1932 1108 2855 126 4721 3226 1420 27143 19 44 5574 1956 148 472 576
internal_value=0 0.00746962 0.011571 0.00928272 -0.0422066 0.00259885 -0.0115113 -0.028496 0.00978635 0.0316675 0.0158423 -0.0149974 0.0247298 -0.00304635 -0.00245918 -0.0237386 0.0128028 0.0065423 0.0271063 -0.000864016 -0.0053436 0.00480434 -0.0175141 0.0137234 0.0350559 -0.00687543 -0.0020734 -0.00694742 0.0133035 0.0188003
internal_weight=0 2297.87 1889.57 1696.41 406.671 840.244 408.296 154.254 369.629 193.161 856.165 346.322 127.052 470.614 465.989 32.4959 317.566 174.251 28.9974 433.494 268.609 39.0526 307.269 703.121 71.0264 259.018 175.353 41.599 696.396 255.855
internal_count=1074050 131515 29875 28653 942535 24768 101640 245346 5749 1222 3885 96146 1043 19019 18095 2420 4429 3321 466 15675 10954 4129 92017 3273 523 10756 7530 44306 3254 1048
is_linear=0
shrinkage=0.05


Tree=63
num_leaves=31
num_cat=0
split_feature=1 1 84 42 1 65 65 79 42 1 81 77 4 77 4 3 61 3 4 44 50 64 44 42 64 79 45 81 44 4
split_gain=323.041 69.6343 31.2843 22.0579 18.2748 16.7638 13.6145 10.9166 9.38661 8.74919 8.13215 8.02401 8.01708 10.502 6.62556 6.53307 6.48338 6.26707 8.49801 5.90203 5.85672 5.68984 5.45265 5.44618 6.92492 6.59066 5.4209 5.23013 11.2631 6.26122
threshold=0.043984350660107828 0.7740980979447657 0.58333333333350013 50.500000000000007 0.0088049481694041625 1.0000000180025095e-35 1.0000000180025095e-35 0.015229000000000001 3.5000000000000004 0.94875966535953815 1934.5000000000002 0.030463500000000001 2563.5000000000005 0.031335500000000009 175.00000000000003 945202.50000000012 51.500000000000007 393.00000000000006 156.50000000000003 3.5000000000000004 1.0000000180025095e-35 96.100000000000009 16.500000000000004 1.0000000180025095e-35 3.0833333333350006 0.27983250000000004 1.0000000180025095e-35 5.5000000000000009 26.500000000000004 4745.5000000000009
decision_type=2 2 2 2 2 2 2 2 2 2 2 2 2 2 2 2 2 2 2 2 2 2 2 2 2 2 2 2 2 2
left_child=4 2 5 6 27 7 9 10 -7 17 -2 16 14 23 -8 -11 -6 -3 -19 21 -9 -17 -20 -14 -25 -26 -5 28 -1 -30
right_child=1 3 -4 26 11 8 12 20 -10 15 -12 -13 13 -15 -16 19 -18 18 22 -21 -22 -23 -24 24 25 -27 -28 -29 29 -31
leaf_value=-0.040771594987112178 -0.016005905737935529 0.035142987244218028 0.041907693640305298 0.024464369561861796 -0.0341681054282333 -0.00030099832314537842 0.0045699809848944103 -0.0075162115893145191 0.028269297866774179 0.014878566386267217 -0.047472947565375921 0.0060133163560131455 0.0045980241459548923 0.029427609196633866 0.029513563935706782 -0.0046576988471273683 0.021254709187546558 -0.049567771893935256 0.0024665993962101089 0.016494397692580293 0.013200292707751372 -0.056240107362186521 -0.02136515321946723 0.034726014792316524 0.012633047508157547 -0.049516228486192679 0.044676459678345985 -0.051020623735815611 0.082321779941705253 -0.050937726720289504
leaf_weight=36.460382203831614 264.97780263845925 12.579453708953222 33.297430414939299 161.38315854995744 76.094929538470751 108.03080007412063 32.210477091372013 226.32176044803782 39.173450240537932 309.74349015078042 22.256699536166707 18.658300973318546 231.56610218517017 76.008289800956845 153.45056961639784 52.170402907766402 5.6698934596133759 8.7026444709335902 292.49671556291287 33.148346252739429 40.171848922982463 5.9564780388027421 26.146860380889848 39.868004854302853 56.930010607931763 4.6112833637744179 41.756617376580834 250.05750678157165 3.1039833212780641 1.2310502375803478
leaf_count=138489 62630 121 130 755 95080 10510 244 21798 778 1449 20604 7838 1958 342 785 281 2779 473 4792 169 2459 48 537 178 309 34 131 692360 1084 4905
internal_value=0 0.00722368 -0.00544556 0.013269 -0.041963 -0.00769506 0.0109343 -0.0116819 0.00730202 0.0064119 -0.0184442 -0.0235733 0.0165694 0.0126577 0.0251861 0.0114142 -0.0303249 0.000510551 -0.000820325 -0.000342097 -0.00439336 -0.00994354 0.000511043 0.00882969 0.0184926 0.00797621 0.0286191 -0.0483125 -0.0317126 0.0444791
internal_weight=0 2272.96 734.23 1538.73 391.276 700.932 1335.59 553.728 147.204 740.944 287.235 100.423 594.645 408.984 185.661 401.019 81.7648 339.926 327.346 91.2752 266.494 58.1269 318.644 332.975 101.409 61.5413 203.14 290.853 40.7954 4.33503
internal_count=1074050 131515 118909 12606 942535 118779 11720 107491 11288 7870 83234 105697 3850 2821 1029 1947 97859 5923 5802 498 24257 329 5329 2479 521 343 886 836838 144478 5989
is_linear=0
shrinkage=0.05


Tree=64
num_leaves=31
num_cat=0
split_feature=1 1 42 42 1 71 65 65 77 81 35 67 1 42 84 53 4 71 0 66 85 85 4 4 4 64 53 3 0 76
split_gain=305.7 68.1586 32.2868 19.7508 18.1341 17.3483 11.6838 8.86116 8.03345 7.58835 7.47018 7.00244 6.96512 5.94323 5.70885 5.68813 5.97072 5.56166 5.51493 5.58477 5.19618 7.67564 5.28822 5.18611 6.06892 5.06085 5.55262 4.99784 4.93048 4.81195
threshold=0.043984350660107828 0.86620967868038068 92.500000000000014 2.5000000000000004 0.0030842274181046617 8.5000000000000018 1.0000000180025095e-35 1.0000000180025095e-35 0.030463500000000001 5.5000000000000009 1.0000000180025095e-35 0.068180000000000004 0.94875966535953815 1.0000000180025095e-35 0.58333333333350013 2.5000000000000004 1954.5000000000002 241.50000000000003 0.001433 1.0000000180025095e-35 2.5000000000000004 6.5000000000000009 642325.50000000012 532860.00000000012 1074.5000000000002 389.12500000000006 384.50000000000006 38468.500000000007 0.06879650000000001 0.036665500000000011
decision_type=2 2 2 2 2 2 2 2 2 2 2 2 2 2 2 2 2 2 2 2 2 2 2 2 2 2 2 2 2 2
left_child=4 2 5 11 -1 7 18 9 25 -2 15 12 20 -9 17 16 -5 -7 -4 -20 -3 27 -23 24 -15 26 -6 -22 -19 -11
right_child=1 3 6 10 8 14 -8 13 -10 29 -12 -13 -14 23 -16 -17 -18 28 19 -21 21 22 -24 -25 -26 -27 -28 -29 -30 -31
leaf_value=-0.049724275608936608 -0.012771851372159311 -0.011425343916704161 -0.10623085717338841 0.036576036598615344 -0.027271385519450859 -0.015884660931145034 0.04152854991519405 -0.00026348219544622794 0.0013064000678805845 -0.010547489876674624 0.053307112626646613 0.05378939476075182 0.01267694284592075 -0.049078470878974718 0.065071758063934532 0.010670721125243712 0.020747884088389772 -0.044707120358930964 0.01465996789308789 -0.034138444231234681 0.035229717883242952 0.0012953883305613495 -0.034417941219893972 -0.004762619219022695 0.031026486859751002 -0.048746525405493769 0.060331391983300446 0.0095800024956143488 -0.0050834786940307823 0.0058936984060378346
leaf_weight=245.74387440841383 230.25559122113918 50.613085648976266 1.0197385252977245 87.399518574588001 74.537570915357719 156.95036629035894 43.079115609289147 115.24691512038407 21.46893978324988 66.194976478494937 20.632461797446012 9.2369601409882289 672.02335089223925 2.4919628642965099 1.9759356235153962 80.486265513929538 187.18798280786723 34.960963872836146 73.811253331350599 6.369116073838085 26.948154377751052 93.710161994677037 11.654609789140521 17.565767275518738 46.213549232692458 32.326413467990278 1.8538358802397841 64.320925969164819 10.124498123550437 135.80986242076324
leaf_count=744064 18841 908 64 327 120472 38083 224 9069 16076 7612 55 37 3194 404 7 701 752 26992 5418 1281 196 1279 226 381 912 61735 188 626 5212 8714
internal_value=0 0.00698402 -0.00326379 0.0143863 -0.0417313 -0.00687222 0.0204807 -0.00267367 -0.0266437 -0.00656678 0.0240592 0.0104723 0.0100371 0.00659723 -0.0195038 0.0223597 0.0257859 -0.0203309 0.00931416 0.0107837 0.00286176 0.00653923 -0.00265494 0.0185281 0.026928 -0.0321631 -0.0251455 0.0171534 -0.0358091 0.000506085
internal_weight=0 2246.28 942.07 1304.21 375.931 817.79 124.279 613.779 130.187 432.26 375.706 928.507 919.27 181.518 204.012 355.074 274.588 202.036 81.2001 80.1804 247.247 196.634 105.365 66.2713 48.7055 108.718 76.3914 91.2691 45.0855 202.005
internal_count=1074050 131515 123214 8301 942535 116227 6987 45933 198471 35167 1835 6466 6429 10766 70294 1780 1079 70287 6763 6699 3235 2327 1505 1697 1316 182395 120660 822 32204 16326
is_linear=0
shrinkage=0.05


Tree=65
num_leaves=31
num_cat=0
split_feature=1 1 42 1 40 53 79 2 4 76 66 77 81 59 65 44 81 48 4 85 3 42 0 76 53 42 44 73 81 44
split_gain=289.578 75.0532 29.3087 22.0257 13.7642 12.0006 10.3504 9.89144 9.27342 7.72932 6.60008 6.39628 6.31591 6.13609 6.13547 6.08257 5.25689 6.41505 5.16269 5.24904 5.17763 6.27102 5.09234 5.01841 6.10407 4.97027 5.95475 6.2263 4.88498 9.84463
threshold=0.42569895731548962 0.0088049481694041625 6.5000000000000009 0.94875966535953815 11.500000000000002 2.5000000000000004 0.050908000000000009 1.0000000180025095e-35 189759.50000000003 0.013634500000000003 1.0000000180025095e-35 0.056311000000000007 2383.5000000000005 39.500000000000007 1.0000000180025095e-35 25.500000000000004 11.500000000000002 1.0000000180025095e-35 625678.00000000012 6.5000000000000009 3321.0000000000005 1.0000000180025095e-35 0.012433500000000002 0.066613500000000006 2.5000000000000004 5589.0000000000009 8.5000000000000018 14.500000000000002 5.5000000000000009 26.500000000000004
decision_type=2 2 2 2 2 2 2 2 2 2 2 2 2 2 2 2 2 2 2 2 2 2 2 2 2 2 2 2 2 2
left_child=1 28 3 6 7 8 13 9 10 -3 -4 12 14 -2 16 18 17 -8 19 20 -11 -22 -23 24 -16 26 27 -7 29 -1
right_child=2 4 5 -5 -6 25 11 -9 -10 15 -12 -13 -14 -15 23 -17 -18 -19 -20 -21 21 22 -24 -25 -26 -27 -28 -29 -30 -31
leaf_value=-0.040267471838265241 -0.0047594046426258007 -0.042753386618358362 0.032731598589881464 0.012828527768443449 -0.028814351421598716 0.014597897352390055 -0.013624679947965941 0.047919810305279469 0.012665773846383286 -0.029265473400575739 -0.0035585241101283426 0.025862561932077668 0.045004926951846956 -0.0363965803917723 0.035518784802499447 -0.041504485684753095 0.0057171462871324699 0.037343154901840175 -0.019053322912708587 -0.014220235848507165 -0.0027662340464663497 -0.020962625569478907 0.027033980598769894 0.0054977775194622195 -0.044820461944015538 0.037960675204009975 -0.018110278959179937 -0.031407266266431422 -0.050833438145623022 0.0423056223652487
leaf_weight=33.566227753035491 298.44027640840068 17.587194913117855 240.4922376286122 716.15269720193464 123.34410283061516 78.986444392758131 98.35820630134549 7.4054310150095253 97.018391479039565 12.021219623675277 13.217477667960337 36.444386959075928 9.038241060159633 16.155941567223636 28.620783649734225 13.460369071995954 97.092844877333846 6.5871901207137844 68.89344478480416 73.759479940308665 88.046189995566237 6.4491114425400147 38.622092679277557 86.712542633875273 2.5772077937144777 12.176204571136621 23.369157190842088 8.1096666161465674 228.57735623736153 4.0445714699144437
leaf_count=138489 15360 13211 1078 3413 110939 2562 2388 39 600 5669 163 298 80 2574 287 4905 2185 102 19756 21981 21198 1476 3887 1696 101 126 500 638 692360 5989
internal_value=0 -0.0270443 0.0103542 0.00670891 -0.0145861 0.0211057 0.0002642 -0.00920684 0.0258134 -0.0105337 0.030841 0.00598767 0.00378598 -0.00638412 0.00262158 -0.00865268 -0.0026679 -0.0104255 -0.00711616 -0.0033592 0.00216039 0.00499831 0.0201663 0.011685 0.0288821 0.00764283 0.004301 0.0103143 -0.0480859 -0.0313878
internal_weight=0 715.777 1869.55 1396.18 449.589 473.37 680.028 326.245 350.728 318.839 253.71 365.431 328.987 314.596 319.949 301.252 202.038 104.945 287.792 218.898 145.139 133.117 45.0712 117.911 31.198 122.641 110.465 87.0961 266.188 37.6108
internal_count=1074050 1039899 34151 28484 203061 5667 25071 92122 1841 92083 1241 7137 6839 17934 6759 78872 4675 2490 73967 54211 32230 26561 5363 2084 388 3826 3700 3200 836838 144478
is_linear=0
shrinkage=0.05


Tree=66
num_leaves=31
num_cat=0
split_feature=1 1 1 77 42 42 71 76 84 4 59 40 53 0 64 0 69 76 35 4 3 69 67 53 76 0 0 4 44 73
split_gain=274.359 54.0453 29.4186 27.8332 18.832 14.7078 10.801 10.2169 9.22962 7.89028 7.45018 7.42335 6.9104 5.81522 6.46106 6.29246 6.43601 5.86146 5.80128 5.8036 5.55181 6.00792 5.9935 5.42216 5.36728 8.467 5.20168 5.93364 5.16247 5.01884
threshold=0.07939372682956107 0.86620967868038068 0.0088049481694041625 0.029255500000000004 6.5000000000000009 1707.0000000000002 90.500000000000014 0.091939000000000007 0.58333333333350013 1205311.0000000002 76.500000000000014 8.5000000000000018 332.50000000000006 0.03244650000000001 533.12500000000011 0.048908000000000007 25.500000000000004 0.038892000000000003 1.0000000180025095e-35 173901.00000000003 67315.000000000015 11.500000000000002 0.062324500000000012 5.5000000000000009 1.2469325000000002 0.036674500000000006 0.049305000000000009 175.00000000000003 53.500000000000007 4.5000000000000009
decision_type=2 2 2 2 2 2 2 2 2 2 2 2 2 2 2 2 2 2 2 2 2 2 2 2 2 2 2 2 2 2
left_child=2 3 -1 5 12 6 7 13 9 -5 -9 -4 20 17 15 16 -15 -2 19 23 21 29 -22 -6 28 -26 27 -23 -13 -3
right_child=1 4 11 8 18 -7 -8 10 -10 -11 -12 24 -14 14 -16 -17 -18 -19 -20 -21 22 26 -24 -25 25 -27 -28 -29 -30 -31
leaf_value=-0.047979553165216911 -0.015717491809544886 0.020680669488133768 -0.011990076809618819 0.015127224055284137 0.029322770005000345 0.02809761443106723 -0.027351496102646328 0.0048967193767290714 0.037138306459213344 -0.013639609478046362 -0.030531404653087842 -0.047371143256044544 -0.044222532314740617 -0.04148323840718332 0.04024546446948956 -0.011745450532730316 0.07241272056515756 -0.0010562772417167983 0.050781429286685525 0.010616486156522231 0.0062891797765973843 -0.052935732870605157 0.042777222144379352 -0.0051910557678302646 -0.051420422564520965 0.035670988475490641 -0.040885808530735444 0.015543846151693227 0.017858599781458147 0.0097789842447604282
leaf_weight=254.62911598298706 127.28894972686248 256.35604997980408 97.948539203680411 114.77071913823602 189.25618536630645 28.305906100918946 69.476605583138735 196.83761998399859 36.983034308999777 30.085266309732106 16.049114240449853 41.411362091570481 5.7607101922039865 43.730935913685244 3.9537992385667158 44.549308211557218 1.2765451368759375 146.78575040464057 20.052177783101797 70.935505038592964 501.78056923963595 3.7171800890937474 11.512541158124803 12.107572178938424 5.1209952984900138 6.132945802721224 8.0495648477226478 21.228914960287511 3.2729706046156926 179.49377023847774
leaf_count=836838 14518 1297 57311 4547 731 1131 35016 14182 149 1331 3416 68271 202 5175 152 3801 16 9890 55 344 3815 85 56 234 6107 2007 119 179 1891 1184
internal_value=0 0.0071667 -0.0375486 -0.00252683 0.013679 -0.00718404 -0.00872059 -0.00649066 0.0148444 0.00915262 0.00222586 -0.0202891 0.0103801 -0.0115388 -0.0223054 -0.0250669 -0.0382528 -0.00786541 0.0248264 0.022915 0.0107004 0.0146338 0.00710756 0.0272475 -0.0348207 -0.0039591 -0.00593732 0.00533981 -0.0425933 0.0161911
internal_weight=0 2140.34 408.516 860.094 1280.25 678.255 649.949 580.472 181.839 144.856 212.887 153.887 987.899 367.585 93.5106 89.5568 45.0075 274.075 292.351 272.299 982.139 468.845 513.293 201.364 55.9383 11.2539 32.9957 24.9461 44.6843 435.85
internal_count=1074050 101625 972425 93324 8301 87297 86166 51150 6027 5878 17598 135587 6937 33552 9144 8992 5191 24408 1364 1309 6735 2864 3871 965 78276 8114 383 264 70162 2481
is_linear=0
shrinkage=0.05


Tree=67
num_leaves=31
num_cat=0
split_feature=1 1 65 45 1 40 42 77 4 42 85 42 76 42 71 79 81 81 84 85 73 61 0 61 3 4 4 44 79 48
split_gain=259.539 69.6126 29.0107 16.4915 15.3629 12.8956 10.0897 10.031 10.5418 8.84743 8.47487 7.90736 7.67994 7.37516 6.27436 7.4562 7.16747 5.91745 5.89061 5.87278 5.82422 5.77912 5.70702 6.17711 5.68769 5.75398 5.65253 5.59303 5.53759 5.51165
threshold=0.42569895731548962 0.0088049481694041625 1.0000000180025095e-35 1.0000000180025095e-35 0.86620967868038068 11.500000000000002 1.0000000180025095e-35 0.028191500000000005 2563.5000000000005 44.500000000000007 9.5000000000000018 1.0000000180025095e-35 0.013634500000000003 207.50000000000003 3.5000000000000004 0.19454300000000002 280.50000000000006 4.5000000000000009 0.70833333333350013 2.5000000000000004 11.500000000000002 15.500000000000002 0.0085455000000000027 26.500000000000004 6290.5000000000009 1599.5000000000002 463519.00000000006 25.500000000000004 0.065345000000000014 1.0000000180025095e-35
decision_type=2 2 2 2 2 2 2 2 2 2 2 2 2 2 2 2 2 2 2 2 2 2 2 2 2 2 2 2 2 2
left_child=1 -1 4 7 9 12 14 8 -4 29 18 -10 -3 27 17 16 -16 22 19 28 -13 -12 23 -6 -24 -26 -18 -14 -8 -2
right_child=2 5 3 -5 6 -7 10 -9 11 -11 21 20 13 -15 15 -17 26 -19 -20 -21 -22 -23 24 -25 25 -27 -28 -29 -30 -31
leaf_value=-0.047772851834191062 -0.0082785804542888277 -0.042142945482936289 0.02249323069955747 0.04960417253228197 -0.0295774158495151 -0.028527841314434588 -0.0033153167791789154 0.027388304045112079 0.002803037069698755 0.012816565497307484 -0.03220165941491928 0.021407202416499072 -0.007776147268737885 0.023617776643604201 -0.018806115923988009 0.024909405318726562 0.015550196474223083 0.01668712089173081 0.057870311657372026 0.02502628688313277 -0.011477760027788868 0.020379977668408246 0.026743254427025888 0.046566298265739325 -0.058262910010983028 0.0032076113943050114 -0.070536089914558397 -0.041232495726027829 0.020391276791259374 0.015690144370131838
leaf_weight=243.86606123962156 313.88731870038464 16.738682862396672 184.62203941622283 37.523562922142446 21.50407382845879 118.06922631519228 48.046894983330276 144.35913843812887 254.91682756564114 72.281352794394479 13.988022880163046 120.69072907662485 270.16498504790252 18.076188515795366 73.327291778521612 17.584263794356957 28.938539408962246 121.43434260122012 9.6749097071588022 129.78759744344279 15.154970675765069 8.3418779936619085 26.671773625537753 3.0400741118937722 3.9525516196154049 103.33043265459128 2.0413531847298136 13.09755299572498 50.549909320194274 25.968894373887451
leaf_count=836838 19398 13211 1279 108 193 110939 588 939 3596 1634 225 772 73117 927 840 96 306 745 19 576 171 77 131 15 30 810 69 4867 259 1275
internal_value=0 -0.0263787 0.00979342 0.0172886 0.0045104 -0.0144164 0.00922729 0.0156038 0.0126472 -0.0030686 0.0168941 0.00799526 -0.00917822 -0.00734711 0.00425904 -0.00520937 -0.0102868 0.00838188 0.0196568 0.018038 0.0177386 -0.0125585 0.0020188 -0.0201461 0.00608001 0.000942896 0.00987773 -0.00932311 0.00883889 -0.0064471
internal_weight=0 680.013 1831.62 757.267 1074.35 436.147 662.214 719.744 575.385 412.138 260.389 390.763 318.077 301.339 401.825 121.891 104.307 279.933 238.059 228.384 135.846 22.3299 158.499 24.5441 133.955 107.283 30.9799 283.263 98.5968 339.856
internal_count=1074050 1039899 34151 6865 27286 203061 4979 6757 5818 22307 1744 4539 92122 78911 3235 1311 1215 1924 1442 1423 943 302 1179 208 971 840 375 77984 847 20673
is_linear=0
shrinkage=0.05


Tree=68
num_leaves=31
num_cat=0
split_feature=1 1 84 42 1 65 79 71 1 66 4 85 42 67 81 64 53 0 42 4 4 61 76 4 59 40 4 73 81 48
split_gain=246.911 56.8763 25.9212 18.4967 17.3175 13.7135 10.9663 8.88774 8.58746 8.26434 9.34206 8.10169 7.72654 7.07298 6.9967 6.1357 6.12937 6.8645 5.96402 5.52177 5.72954 5.34613 5.04086 5.19334 5.03732 6.23504 5.0369 5.8633 4.91364 4.81653
threshold=0.043984350660107828 0.7740980979447657 0.58333333333350013 6.5000000000000009 0.0019437620776660012 1.0000000180025095e-35 0.015229000000000001 4.5000000000000009 0.94875966535953815 1.0000000180025095e-35 2463.5000000000005 7.5000000000000009 1.0000000180025095e-35 0.086694000000000007 2029.5000000000002 75.125000000000014 1.5000000000000002 0.095871500000000012 1.0000000180025095e-35 5051.5000000000009 593143.50000000012 22.500000000000004 0.028402 625678.00000000012 1.5000000000000002 10.500000000000002 356018.00000000006 9.5000000000000018 14.500000000000002 1.0000000180025095e-35
decision_type=2 2 2 2 2 2 2 2 2 2 2 2 2 2 2 2 2 2 2 2 2 2 2 2 2 2 2 2 2 2
left_child=4 2 5 8 -1 6 14 22 16 10 11 -5 -7 15 -2 -12 26 24 -8 -20 -21 -17 -6 -24 -18 -26 27 -3 -22 -28
right_child=1 3 -4 9 7 12 18 -9 -10 -11 13 -13 -14 -15 -16 21 17 -19 19 20 28 -23 23 -25 25 -27 29 -29 -30 -31
leaf_value=-0.05013745592606661 -0.016238879200115099 0.017729062887183848 0.039268706676378419 0.039742208576170168 -0.048198052163100816 -0.0029768696226073216 -0.010660833451851629 -0.036712501293426229 0.011999032982963507 -0.01026190525400832 0.017529743241898797 -0.025840084363823235 0.021290813480432508 0.036913244133052581 -0.047509748513034911 -0.00033694932992803749 -0.012841648853055304 0.065233119144062116 -0.017196101942864386 0.018618613983375578 -0.036298514502220158 -0.070250397249072255 0.0042977552646643628 -0.044396305052476562 0.0081903936767047138 -0.01973890839550178 -0.0023734413795731477 -0.0089361392596360688 0.0088994515311859226 -0.08146228786146216
leaf_weight=193.57277800929114 249.60920173046179 129.64319861517288 30.701455074828118 94.391935391817242 7.302645206138549 86.670082811106113 144.76748515899817 81.887701864913652 693.36236290098168 18.990936546295416 163.75593551481143 4.9564199515152714 52.769940749858506 41.098218722036108 19.268485325959773 21.64423025719589 91.850044194492511 3.6451382773229843 22.645178120947094 62.22832696983096 10.259427104727367 3.129765468183904 35.587933535165575 6.4713335993965293 99.655632114969194 24.994909086351981 38.414776458637789 24.513480182504281 14.528619142773094 2.0266159456223241
leaf_count=697189 63165 1354 130 438 16260 9463 16493 182270 3413 293 797 92 1825 126 20069 239 1976 26 3460 2629 675 28 34377 12439 1450 1397 555 395 1000 27
internal_value=0 0.00613991 -0.00564563 0.0117527 -0.0406311 -0.00772626 -0.0114389 -0.0266106 0.00859478 0.0218092 0.0236606 0.0364704 0.00620704 0.0181185 -0.0184798 0.0140213 0.00290361 -0.00281121 -0.00399817 0.00479741 0.010521 -0.0091693 -0.0098523 -0.00319442 -0.00395685 0.00259001 0.00936869 0.0134889 -0.00980736 -0.00633677
internal_weight=0 2149.52 693.448 1456.07 324.822 662.747 523.307 131.25 1108.11 347.967 328.977 99.3484 139.44 229.628 268.878 188.53 414.744 220.146 254.429 109.662 87.0164 24.774 49.3619 42.0593 216.501 124.651 194.598 154.157 24.788 40.4414
internal_count=1074050 131515 118909 12606 942535 118779 107491 245346 10593 2013 1720 530 11288 1190 83234 1064 7180 4849 24257 7764 4304 267 63076 46816 4823 2847 2331 1749 1675 582
is_linear=0
shrinkage=0.05


Tree=69
num_leaves=31
num_cat=0
split_feature=1 1 1 84 42 50 1 71 1 40 42 3 53 60 67 59 73 77 4 66 81 48 81 61 66 4 44 76 64 42
split_gain=234.529 45.5756 26.8877 21.7806 17.5204 12.1688 8.45673 8.15662 7.78369 6.42257 6.12437 7.29686 5.87541 5.4068 5.14103 5.11159 7.33252 5.09493 5.08927 5.74511 5.53665 5.00859 4.89011 9.10686 4.94126 5.68129 5.09296 4.87539 4.86509 14.2569
threshold=0.07939372682956107 0.7740980979447657 0.0088049481694041625 0.58333333333350013 6.5000000000000009 1.0000000180025095e-35 0.94875966535953815 12.500000000000002 0.94875966535953815 8.5000000000000018 46.500000000000007 419784.50000000006 1.5000000000000002 0.026069000000000005 0.096819500000000017 1.5000000000000002 2.5000000000000004 0.060070000000000005 182686.50000000003 1.0000000180025095e-35 1.5000000000000002 1.0000000180025095e-35 5.5000000000000009 23.500000000000004 4.5000000000000009 4745.5000000000009 21.500000000000004 0.09082850000000002 9.9000000000000021 11.500000000000002
decision_type=2 2 2 2 2 2 2 2 2 2 2 2 2 2 2 2 2 2 2 2 2 2 2 2 2 2 2 2 2 2
left_child=2 3 22 5 6 7 12 10 15 -4 -2 -12 -3 -7 18 16 -6 -18 19 -10 -21 -14 23 -1 25 28 -26 -13 29 -25
right_child=1 4 9 -5 8 13 -8 -9 14 -11 11 27 21 -15 -16 -17 17 -19 -20 20 -22 -23 -24 24 26 -27 -28 -29 -30 -31
leaf_value=-0.039841337524781473 -0.0084403124986121222 0.0090384214919445593 -0.012137509675643587 0.036915394944318107 0.020751038706510808 0.0031673269586134458 0.011760386460662917 -0.02029978855676777 0.033637444296418462 -0.034064018351373064 0.028684429654653978 -0.028628454340873695 -0.0047897611482365827 0.031748113309941137 0.054089713165544756 0.021581372117386716 -0.021304550108770928 0.017623004217500553 0.0065757449682095365 0.026007929059149823 -0.051617830605993821 0.028544055595248741 -0.050523854476220834 0.023032088509545579 0.95383282902447242 -0.051456406763866119 -0.050743383753115649 0.028490263049232207 0.064372701579120686 1.9297616921595335
leaf_weight=27.924580053268983 315.94371320249775 193.00059323245659 93.985943519805005 29.96333574084565 36.334824363468215 79.056176389683969 690.50334998045582 138.00419978325226 110.687203603331 51.806114119219274 25.67219037518953 13.257258785713931 204.84692099731183 20.927994259167463 18.331741277128458 98.241063467896311 29.195857258222532 11.80383714661002 27.414414943195879 5.3866997528821212 4.0049061606405303 11.925006890727671 192.32979659929333 0.033965691258344477 0.029566157609224208 1.3561471101802451 0.022008117399309413 5.2017034611781119 2.7945381487297709 0.013781350393401226
leaf_count=136455 31251 2331 57311 126 209 4850 3413 51252 421 78276 531 458 4661 427 48 772 315 55 119 21 53 188 692360 193 1 6553 114 124 1143 19
internal_value=0 0.00655684 -0.0366482 -0.00468473 0.0114539 -0.00676892 0.00838356 -0.00996441 0.0213492 -0.0199289 -0.00600322 0.0114444 0.0026933 0.00914966 0.0291177 0.0140121 0.00439648 -0.0100973 0.0260139 0.0304517 -0.00709438 -0.00295601 -0.0475056 -0.0294637 0.0387225 0.0327471 0.525153 -0.0125325 0.0729234 0.573376
internal_weight=0 2069.7 370.296 628.027 1441.68 598.063 1100.28 498.079 341.401 145.792 360.075 44.1312 409.773 99.9842 165.825 175.576 77.3345 40.9997 147.493 120.079 9.39161 216.772 224.504 32.1746 4.25001 4.19843 0.0515743 18.459 2.84229 0.047747
internal_count=1074050 101625 972425 89019 12606 88893 10593 83616 2013 135587 32364 1113 7180 5277 662 1351 579 370 614 495 74 4849 836838 144478 8023 7908 115 582 1355 212
is_linear=0
shrinkage=0.05


Tree=70
num_leaves=31
num_cat=0
split_feature=1 1 1 57 42 65 71 4 71 64 77 76 42 3 41 81 4 85 3 3 82 81 53 42 78 77 1 77 3 3
split_gain=221.889 43.5302 26.1572 20.7848 17.7055 10.8856 9.75201 9.33451 8.85675 8.04142 7.87919 6.61691 6.45038 6.55524 6.3783 7.84942 6.15606 6.08409 9.1089 7.03157 6.01841 5.97121 5.72841 5.51181 5.3118 5.06776 6.6304 4.92294 4.7675 7.08389
threshold=0.07939372682956107 0.7740980979447657 0.0030842274181046617 1.0000000180025095e-35 50.500000000000007 1.0000000180025095e-35 12.500000000000002 593143.50000000012 84.500000000000014 389.12500000000006 0.084256500000000012 0.012722000000000002 1.0000000180025095e-35 3321.0000000000005 1.0000000180025095e-35 61.500000000000007 2563.5000000000005 9.5000000000000018 9157.0000000000018 33530.500000000007 1.5000000000000002 5.5000000000000009 2.5000000000000004 1.0000000180025095e-35 0.043424000000000011 0.052045000000000008 0.94875966535953815 0.032799500000000002 26422.500000000004 45148.000000000007
decision_type=2 2 2 2 2 2 2 2 2 2 2 2 2 2 2 2 2 2 2 2 2 2 2 2 2 2 2 2 2 2
left_child=2 3 -1 6 5 8 12 22 14 24 11 -7 -2 -14 15 25 -13 -17 -19 -20 23 -9 -5 -18 -4 26 -3 -15 -22 -30
right_child=1 4 9 7 -6 10 -8 21 -10 -11 -12 16 13 27 -16 17 20 18 19 -21 28 -23 -24 -25 -26 -27 -28 -29 29 -31
leaf_value=-0.049077312856409858 -0.0094802809102339167 -0.0086390019409639876 -0.017635953014207784 0.034323014417859371 0.025692001584845432 -0.062515075517739827 -0.02190916271403992 -0.024307007310649886 -0.021517484087777233 -0.043050813741369674 0.037402765198330128 0.020995036318244682 -0.028050156528076159 0.0040558225602828129 0.025464008026803542 0.015665337604476019 0.00988797066810654 -0.054963470807099193 0.042734366646045768 -0.013247457547143232 -0.030252716248004997 0.01067316927020023 0.0020465710816206972 0.028175723235097584 0.061772866970715205 0.021097627023422251 0.0049154511899766606 0.033174957766758176 0.037747648860669933 5.9884421139756733e-05
leaf_weight=189.18349991637751 272.93782086405554 160.62374815007206 131.11109187144484 51.289939479989698 182.47241827959078 2.9097201498225322 116.62918589163746 19.326595835926128 30.548381788772531 35.802972386199144 34.321188010275364 167.53178891935386 13.210046611638971 77.025479713578534 39.646532337064855 190.65050551033346 156.71680157189257 7.78077208955074 8.8455627048388141 15.330688113579525 10.969575583469121 33.084870467500878 18.780412971427722 55.897209222428501 2.1403109112106895 27.853462650906295 205.84783537872136 17.884901970741339 13.947699895594267 117.56003550346941
leaf_count=744064 27735 2797 155297 491 886 41 45203 758 1415 72973 141 1003 2291 4426 262 1637 1029 172 68 228 149 4744 2907 277 91 223 1068 464 76 1134
internal_value=0 0.00634557 -0.0363055 -0.00471706 0.0111451 0.00901643 -0.00925799 0.0137344 0.00479961 -0.0220131 0.0141919 0.012676 -0.00538589 0.00494993 0.00602406 0.00477477 0.0130946 0.0122811 -0.00790879 0.00723507 0.00936725 -0.00222568 0.0256722 0.0146959 -0.0163605 0.000537242 -0.00102544 0.00954303 0.00141548 0.00405705
internal_weight=0 2049.62 358.238 620.169 1429.45 1246.98 497.687 122.482 687.127 169.054 559.854 525.533 381.058 108.12 656.579 616.933 522.623 222.608 31.957 24.1763 355.091 52.4115 70.0704 212.614 133.251 394.325 366.472 94.9104 142.477 131.508
internal_count=1074050 101625 972425 89019 12606 11720 80119 8900 7870 228361 3850 3709 34916 7181 6455 6193 3668 2105 468 296 2665 5502 3398 1306 155388 4088 3865 4890 1359 1210
is_linear=0
shrinkage=0.05


Tree=71
num_leaves=31
num_cat=0
split_feature=1 1 42 1 71 53 69 85 76 84 42 84 76 4 73 66 42 81 79 76 59 48 79 4 64 81 61 82 0 53
split_gain=211.568 63.8293 25.0008 16.0168 15.1199 11.7158 9.10314 9.46721 9.33088 9.04146 7.32014 6.90954 6.60762 6.47999 5.98158 6.25234 5.79519 5.75385 5.68569 5.53628 8.32241 5.47777 5.11913 5.10642 5.2059 4.93194 8.84654 4.78361 4.71767 4.6631
threshold=0.48090646582193369 0.0088049481694041625 1.0000000180025095e-35 0.94875966535953815 7.5000000000000009 3.5000000000000004 6.5000000000000009 2.5000000000000004 0.010055500000000002 0.87500000000000011 287.50000000000006 0.58333333333350013 0.013634500000000003 613349.50000000012 6.5000000000000009 1.0000000180025095e-35 297.50000000000006 1851.5000000000002 0.066421500000000008 0.49069550000000006 137.50000000000003 1.0000000180025095e-35 0.41276600000000002 1654303.0000000002 1375.5000000000002 5.5000000000000009 23.500000000000004 17.500000000000004 0.0075560000000000011 56.500000000000007
decision_type=2 2 2 2 2 2 2 2 2 2 2 2 2 2 2 2 2 2 2 2 2 2 2 2 2 2 2 2 2 2
left_child=1 25 3 18 6 12 7 9 -8 -4 13 21 -3 14 -10 -16 -14 19 23 29 -21 27 -9 24 -2 26 -1 28 -6 -7
right_child=2 5 4 -5 11 17 8 22 10 -11 -12 -13 16 -15 15 -17 -18 -19 -20 20 -22 -23 -24 -25 -26 -27 -28 -29 -30 -31
leaf_value=-0.03930229554709392 -0.0031601294853537652 -0.049135133094735259 0.01216491911475495 0.0098862238673821864 -0.055917551038724173 -0.019454283480133259 -0.087959620310591749 0.031327717715162177 0.017025010255236978 0.037120216587038957 0.052909982036450004 0.053137079801249126 -0.0069359227486922763 -0.061754334849966876 0.0015479559519966126 -0.051161628878151337 0.025013194048528659 -0.046600491196039789 0.002950212149365325 0.0061918818028256486 -0.054429190219403768 0.042479399575037005 -0.019608728426761181 -0.023183909682795788 -0.053620622726267692 -0.050360551463610882 0.039399015668497801 0.020218259293532201 -0.010530927866610612 -0.041532372779855845
leaf_weight=25.836721714395939 183.59209424161236 8.7684153488735301 229.20432263548719 552.48099446261767 6.3230592213658374 101.14439185105221 2.5070755829219697 210.83566020987928 73.145870557113085 43.124504823237658 9.0102757313288731 5.1803772039711466 229.47327889905864 3.4092045377474269 39.081565187865635 6.5721518767531952 15.129307170027458 22.421452441718429 223.35530622064834 34.61339183633936 6.7687923394478267 5.3708330044755703 5.050796451047062 45.745685125984892 5.2576977271819478 176.46959028597757 4.1432744964149597 11.400882044865282 60.581572961360507 31.322592562693899
leaf_count=136455 7675 6339 1868 2740 690 55129 58 1213 692 137 32 15 49731 70 508 173 447 33380 4599 15726 3944 198 37 2764 1579 692360 8023 246 4581 42641
internal_value=0 -0.0241595 0.00920903 0.00415489 0.0163937 -0.0135921 0.0191501 0.022316 0.00759195 0.0161167 0.00941757 -0.00289932 -0.00648856 0.00621093 0.00816134 -0.00603993 -0.00495979 -0.0227622 -0.0027595 -0.0196877 -0.00372377 -0.00636852 0.030136 -0.00819564 -0.00456498 -0.0471752 -0.0284257 -0.00971891 -0.0148204 -0.0246748
internal_weight=0 656.091 1721.23 1010.43 710.798 449.642 621.941 488.215 133.726 272.329 131.219 88.8567 253.371 122.209 118.8 45.6537 244.603 196.271 457.951 173.849 41.3822 83.6763 215.886 234.595 188.85 206.45 29.98 78.3055 66.9046 132.467
internal_count=1074050 1044175 29875 19357 10518 207337 4788 3255 1533 2005 1475 5730 56517 1443 1373 681 50178 150820 16617 117440 19670 5715 1250 12018 9254 836838 144478 5517 5271 97770
is_linear=0
shrinkage=0.05


Tree=72
num_leaves=31
num_cat=0
split_feature=1 1 42 1 1 42 65 40 77 71 42 77 66 3 67 66 4 53 64 85 4 73 76 59 70 48 42 79 73 66
split_gain=200.52 48.1975 22.2781 15.8174 15.2815 10.5708 10.3483 8.26267 7.74006 7.66137 7.41963 7.09675 6.52342 6.95221 6.26413 5.13023 4.86159 4.76306 7.33392 5.60511 7.0333 5.4287 5.27481 4.85584 4.75174 4.58871 4.47466 4.22259 5.4627 4.79565
threshold=0.043984350660107828 0.53809039466125175 2.5000000000000004 0.0019437620776660012 0.94875966535953815 13.500000000000002 1.0000000180025095e-35 11.500000000000002 0.078854500000000008 4.5000000000000009 1993.0000000000002 0.023390500000000005 1.0000000180025095e-35 9983.0000000000018 0.086694000000000007 3.5000000000000004 189759.50000000003 82.500000000000014 93.100000000000009 7.5000000000000009 3185.5000000000005 1.5000000000000002 0.055314000000000009 1.5000000000000002 7.5000000000000009 1.0000000180025095e-35 542.50000000000011 0.13770850000000004 21.500000000000004 4.5000000000000009
decision_type=2 2 2 2 2 2 2 2 2 2 2 2 2 2 2 2 2 2 2 2 2 2 2 2 2 2 2 2 2 2
left_child=3 5 4 -1 11 7 12 25 -7 26 16 17 14 -14 24 -9 -8 18 19 20 21 -3 -21 -20 -4 -2 -5 28 29 -6
right_child=1 2 6 9 27 8 10 15 -10 -11 -12 -13 13 -15 -16 -17 -18 -19 23 22 -22 -23 -24 -25 -26 -27 -28 -29 -30 -31
leaf_value=-0.049708208941733736 -0.01216391123148493 0.037437763840623237 0.012378201925619125 -0.012746434551383374 0.0064311945952543418 0.00010008295490454139 0.027556597312427423 -0.033830812189456154 0.044671486970217916 -0.035746803784795146 0.048080507313637146 0.012226758704677512 -0.051449708810136913 0.0057504589512492278 0.041975428196962955 0.0067331253137845361 0.010310031731160657 -0.028554042934120186 -0.0022026535802676292 -0.035284908348031441 -0.0054193088441126854 0.00067867542400867247 -0.0088140376524549601 0.023322991966227554 -0.061924330999665371 0.0079065318469673743 0.070413369169653781 0.015856400983212889 0.027357156428790965 -0.039638592552182876
leaf_weight=162.53106895715064 229.71401801973116 18.419617318897508 239.61951339045481 44.188362379361934 368.24474987806752 55.224123720881835 131.37345207884209 62.984474529908766 11.826150273875099 73.458010338833446 32.37644518353045 84.123095990624279 8.0072791310958582 15.782278341925119 18.398622598033398 8.8955185751547088 59.308137190528214 18.374080199908349 34.432400649879128 25.685158383013913 203.60854641429614 22.088688066287432 70.407356980955228 40.601299187343102 2.171214811038225 32.508720827769139 1.6790744573154359 233.16845817456488 31.652799883857369 5.7367809349670997
leaf_count=697189 40822 207 3693 62879 1949 14564 677 43208 107 182270 106 1302 557 422 59 3261 339 3325 1177 1398 5358 616 2199 1124 32 3750 197 1034 174 55
internal_value=0 0.00540023 0.00915154 -0.0395592 0.00532042 -0.0101565 0.0178903 -0.0137925 0.00796147 -0.0257355 0.02595 -0.00106368 0.0115596 -0.0135024 0.0138511 -0.0288108 0.0221924 -0.00364207 -0.00253974 -0.00566036 -0.0016338 0.0173935 -0.0158896 0.0116095 0.011711 -0.0096757 -0.00970219 0.0104946 0.00741255 0.0057245
internal_weight=0 2064.73 1663.58 281.857 1156.54 401.153 507.037 334.103 67.0503 119.325 223.058 517.74 283.979 23.7896 260.189 71.88 190.682 433.617 415.243 340.209 244.117 40.5083 96.0925 75.0337 241.791 262.223 45.8674 638.803 405.634 373.982
internal_count=1074050 131515 25803 942535 19918 105712 5885 91041 14671 245346 1122 16706 4763 979 3784 46469 1016 15404 12079 9778 6181 823 3597 2301 3725 44572 63076 3212 2178 2004
is_linear=0
shrinkage=0.05


Tree=73
num_leaves=31
num_cat=0
split_feature=1 1 42 1 42 71 65 69 71 42 3 85 77 73 79 77 4 44 64 76 79 79 79 73 73 0 79 85 82 66
split_gain=189.873 47.18 24.3605 15.528 15.0382 13.396 10.0256 8.10156 7.14535 6.6592 6.59215 6.54281 6.46989 8.27395 6.16648 5.79736 5.43201 5.87977 5.06163 4.94951 4.72281 4.67777 6.50304 5.71524 7.8993 7.85523 5.57885 5.07049 4.89134 4.92516
threshold=0.043984350660107828 0.86620967868038068 92.500000000000014 0.0019437620776660012 1.0000000180025095e-35 12.500000000000002 1.0000000180025095e-35 7.5000000000000009 4.5000000000000009 1.0000000180025095e-35 38.500000000000007 2.5000000000000004 0.026711000000000002 33.500000000000007 0.21957800000000002 0.048884500000000004 23453.500000000004 33.500000000000007 332.12500000000006 0.089504500000000015 0.22447400000000003 0.074782000000000001 0.054978000000000006 15.500000000000002 4.5000000000000009 0.066344500000000015 0.042348000000000004 7.5000000000000009 13.500000000000002 2.5000000000000004
decision_type=2 2 2 2 2 2 2 2 2 2 2 2 2 2 2 2 2 2 2 2 2 2 2 2 2 2 2 2 2 2
left_child=3 2 5 -1 16 7 15 9 -5 -2 -6 -11 13 18 19 20 21 -18 -12 -13 -4 22 23 24 26 -26 27 -3 29 -23
right_child=1 4 6 8 10 -7 -8 -9 -10 11 12 14 -14 -15 -16 -17 17 -19 -20 -21 -22 28 -24 -25 25 -27 -28 -29 -30 -31
leaf_value=-0.049581020376766316 -0.0049554277705290868 0.016630895574322103 -0.0060670899540097283 -0.0098959570334840458 0.0463146875015212 -0.019839294105151815 0.038986288627536329 -0.014864596242937353 -0.035290438548986731 -0.0019782606467535872 0.016871203139561027 0.015791609598846647 0.028177514002818479 -0.032646330398902926 -0.020459178314099394 0.030911338311462352 0.0033880992836919214 -0.044741311332735074 -0.010390287192675514 0.047436251328206308 0.04343363324687461 0.010645140171265589 -0.025502029933853407 0.027191965920821522 -0.026146546042559862 0.036843040607940157 0.051761286533039755 -0.013018698293023143 0.048326149935921187 0.029951363676703951
leaf_weight=155.45955380233681 292.79080091490323 45.784296073019505 48.431401161640679 45.22741992070587 20.718968314584345 160.20785751901894 37.83619761938462 123.59734538733755 71.47858368296238 85.257451541277987 302.95682855066843 53.654255858942633 106.32037234539166 9.2419161383295414 9.2066838798928057 19.121993210865185 323.15054465743015 6.4728036248125127 18.040656932222191 16.053929233457893 5.3509333080146453 197.90768703399226 16.345818197354674 29.976331188459881 31.357479014899582 5.8771545132622114 7.8852916136384001 21.04881090647541 10.765231451019643 39.653144686948508
leaf_count=697189 25579 337 6547 63076 74 66568 224 16205 182270 4595 1774 2594 458 162 402 177 2750 102 311 284 39 1106 136 220 298 45 33 212 69 214
internal_value=0 0.00522145 -0.00376976 -0.0392332 0.0116363 -0.00703963 0.0181031 -0.00350752 -0.0254492 -0.000435705 0.0187577 0.00762493 0.0174499 0.0139962 0.018 0.00726513 0.00721301 0.00244298 0.0153391 0.0230794 -0.00114214 0.01108 0.00436243 0.00780188 0.00261003 -0.0162042 0.0119858 0.00729288 0.0153615 0.0138677
internal_weight=0 2045.01 851.509 272.166 1193.5 740.768 110.741 580.56 116.706 456.963 457.279 164.172 436.56 330.239 78.9149 72.9043 736.225 329.623 320.997 69.7082 53.7823 406.601 158.275 141.929 111.953 37.2346 74.7184 66.8331 248.326 237.561
internal_count=1074050 131515 123214 942535 8301 116227 6987 49659 245346 33454 2779 7875 2705 2247 3280 6763 5522 2852 2085 2878 6586 2670 1281 1145 925 343 582 549 1389 1320
is_linear=0
shrinkage=0.05


Tree=74
num_leaves=31
num_cat=0
split_feature=1 1 1 42 45 50 42 64 64 60 71 73 4 79 85 46 4 64 64 53 76 69 85 4 4 4 69 78 67 4
split_gain=180.929 39.1757 23.6184 22.4932 13.5286 12.5408 9.34958 7.89899 7.41732 6.70761 6.541 6.33358 5.78688 7.52671 7.08735 6.73447 6.25097 6.71054 6.95144 5.45607 5.37488 5.27552 5.2181 5.35679 5.12941 5.10341 4.89145 4.86602 4.69629 4.67566
threshold=0.07939372682956107 0.86620967868038068 0.0030842274181046617 44.500000000000007 1.0000000180025095e-35 1.0000000180025095e-35 1.0000000180025095e-35 39.816666666650001 389.12500000000006 0.029091500000000003 12.500000000000002 33.500000000000007 2826.5000000000005 0.7307435000000001 7.5000000000000009 0.18333333333350002 1246.5000000000002 9.9000000000000021 7.3666666666650009 7.5000000000000009 0.11531050000000002 6.5000000000000009 13.500000000000002 728670.50000000012 31223.500000000004 15662.500000000002 2.5000000000000004 0.043424000000000011 0.10825450000000002 1396602.0000000002
decision_type=2 2 2 2 2 2 2 2 2 2 2 2 2 2 2 2 2 2 2 2 2 2 2 2 2 2 2 2 2 2
left_child=2 3 -1 5 6 10 12 28 27 24 21 19 14 -14 26 16 17 18 20 22 -16 -2 23 -8 -7 -24 -3 -4 -5 -25
right_child=1 4 8 7 -6 9 11 -9 -10 -11 -12 -13 13 -15 15 -17 -18 -19 -20 -21 -22 -23 25 29 -26 -27 -28 -29 -30 -31
leaf_value=-0.048613551771725994 -0.0030282403682312313 0.0028300511288236255 -0.017036018447208034 0.018541953342303415 0.041704535524587985 0.014619207888136712 0.021521296437756646 -0.0044031099014364104 -0.042676211029381503 0.031139851189377211 -0.01966397896510028 -0.024356723018926621 0.0045307130323535907 -0.076841421068560248 0.003650660310223066 0.07598871326970405 0.015652032548832236 -0.037220712671321876 0.039473260798375397 -0.0086056097609231337 -0.05674360746538936 -0.01532028869980253 -0.076997944490182921 -0.028750660549319264 -0.0087832278439987036 0.018686681025044036 0.025278312548358634 0.061793608804074335 0.048865753557407993 0.01122694214285766
leaf_weight=159.67589027684608 280.84850673942856 31.001462540938519 122.78842123671257 81.262116400626837 35.776522401720285 43.001202078827191 338.01691884594038 35.075682816086555 32.258335434070432 24.706707066856325 131.76430947823064 9.3101186124840734 499.03416074468987 2.8580762995406976 11.433557040058082 2.9300532452762118 31.502597708720714 17.761367506347597 8.5782458642497641 19.294275065883994 5.4352679681032887 126.65239416524128 2.8012087387032798 9.0786244347691518 51.404928501666291 2.7730482965707779 111.7060654789675 1.9893659939880297 15.148279397282748 37.62642608769238
leaf_count=744064 19410 228 155297 1735 136 2043 1671 5428 72973 432 47111 172 4133 21 91 7 173 218 42 477 52 13954 40 65 3160 15 542 91 51 218
internal_value=0 0.00564779 -0.0350728 -0.00296606 0.0114288 -0.00673676 0.0104796 0.0159146 -0.0213044 0.00794629 -0.00997995 0.0164223 0.00703285 0.00406733 0.0137875 0.00163025 -0.00128597 -0.0136352 0.00282683 0.0173492 -0.0158088 -0.00684864 0.0186323 0.0193282 0.00187639 -0.0293973 0.0204017 -0.0157792 0.0233065 0.00345601
internal_weight=0 1966.78 316.712 789.864 1176.92 658.378 1141.14 131.486 157.036 119.113 539.265 418.901 722.241 501.892 220.349 77.6411 74.711 43.2084 25.4471 409.591 16.8688 407.501 390.296 384.722 94.4061 5.57426 142.708 124.778 96.4104 46.7051
internal_count=1074050 101625 972425 93324 8301 86110 8165 7214 228361 5635 80475 2658 5507 4154 1353 583 576 403 185 2486 143 33364 2009 1954 5203 55 770 155388 1786 283
is_linear=0
shrinkage=0.05


Tree=75
num_leaves=31
num_cat=0
split_feature=1 1 65 1 45 50 42 64 4 77 44 42 77 0 53 61 44 0 42 3 77 42 76 59 81 76 81 61 42 3
split_gain=172.947 52.3912 21.4116 13.4385 12.4713 10.8805 9.51536 7.74755 7.34718 8.14113 6.21218 6.17417 6.09997 6.43796 6.04095 6.03235 5.9316 5.92915 5.65491 5.2427 5.03088 7.08714 5.51608 4.96943 5.57402 10.4505 4.94924 7.93175 4.61184 4.6042
threshold=0.42569895731548962 0.0088049481694041625 1.0000000180025095e-35 0.94875966535953815 1.0000000180025095e-35 1.0000000180025095e-35 172.50000000000003 1852.1666666650001 335368.00000000006 0.031335500000000009 7.5000000000000009 98.500000000000014 0.021637500000000004 0.082090500000000011 291.50000000000006 12.500000000000002 5.5000000000000009 0.001433 2.5000000000000004 945202.50000000012 0.078854500000000008 1.0000000180025095e-35 0.036665500000000011 302.50000000000006 65.500000000000014 0.032648500000000004 5.5000000000000009 23.500000000000004 1.0000000180025095e-35 68784.500000000015
decision_type=2 2 2 2 2 2 2 2 2 2 2 2 2 2 2 2 2 2 2 2 2 2 2 2 2 2 2 2 2 2
left_child=1 26 3 6 8 7 12 20 9 18 16 -7 13 14 23 -12 -10 -8 29 28 -3 22 -22 24 -2 -26 27 -1 -5 -4
right_child=2 5 4 19 -6 11 17 -9 10 -11 15 -13 -14 -15 -16 -17 -18 -19 -20 -21 21 -23 -24 -25 25 -27 -28 -29 -30 -31
leaf_value=-0.037961211007223702 -0.010314537015006019 -0.016785009872547149 0.014946931622732224 0.0090742479935616276 0.045172991104338055 0.00039337209101429795 -0.1049780186856792 -0.047973952443608997 0.0050968627437254785 0.030816863626937075 -0.068345835495785087 0.050458690983786192 0.0079737634141884371 0.025485650746503771 -0.040916557644116607 -0.0054260600461680623 0.042727024250476191 0.018370684487592118 0.023422784636433363 -7.5711453562995397e-05 0.044950151562236945 0.04381835178482054 -0.041112042028164854 -0.062175201704826766 -0.023047321997935202 0.0081074242749401594 -0.050039787153425379 0.039536194800798459 0.022055258578193165 0.0022863647204936902
leaf_weight=22.208607335400306 247.40997898718342 298.87511386054393 185.3919885631185 186.98921300162328 32.119645131751895 49.243715454716948 0.98899541920400125 19.160461620047499 144.35753521654988 81.748694428941235 5.1761756422929492 7.0382134380924972 94.579143250361085 15.646522235969313 12.861384639723836 14.426232718164099 11.291370400227605 65.271397753611382 106.85631939599989 88.105365314986557 2.5125270295502578 8.445506698539246 7.1894303775625303 3.9166043931691084 34.027350842443411 128.81783801753045 149.70694978306892 3.8782433991227654 107.90693956823088 117.21179871747154
leaf_count=136455 9002 157782 1762 968 108 10438 10 31361 1488 577 81 143 1616 656 5064 211 84 1022 612 526 453 642 2242 919 1751 5167 692360 8023 585 1942
internal_value=0 -0.0238534 0.00804398 0.00330116 0.0147417 -0.0136926 -0.00134771 -0.017099 0.0132751 0.0164108 0.00448596 0.00665418 -0.00355252 -0.00601513 -0.00716932 -0.0220405 0.0078267 0.0165296 0.0135347 0.0106267 -0.0152329 0.0103284 -0.0188244 -0.00612136 -0.00558623 0.00159748 -0.0465377 -0.0264399 0.0138242 0.0100429
internal_weight=0 568.259 1685.1 986.521 698.58 392.465 603.519 336.183 666.46 491.209 175.251 56.2819 537.259 442.68 427.033 19.6024 155.649 66.2604 409.46 383.002 317.023 18.1475 9.70196 414.172 410.255 162.845 175.794 26.0869 294.896 302.604
internal_count=1074050 1039899 34151 27286 6865 203061 25207 192480 6757 4893 1864 10581 24175 22559 21903 292 1572 1032 4316 2079 161119 3337 2695 16839 15920 6918 836838 144478 1553 3704
is_linear=0
shrinkage=0.05


Tree=76
num_leaves=31
num_cat=0
split_feature=1 1 77 84 1 65 42 84 81 64 4 42 79 42 73 50 1 4 53 61 1 4 71 0 64 64 76 42 3 4
split_gain=163.607 49.9994 21.5184 13.3045 10.5748 10.5581 9.31397 9.2889 8.41341 7.92318 6.75646 6.20773 6.47918 7.61261 5.69679 5.66143 6.49717 5.43989 8.68204 5.35617 6.47166 5.22512 5.22472 5.00066 4.73775 6.38856 4.61998 4.54869 4.38874 6.60861
threshold=0.02010440681351101 0.7740980979447657 0.026070000000000003 0.70833333333350013 0.94875966535953815 1.0000000180025095e-35 3.5000000000000004 0.58333333333350013 4.5000000000000009 1852.1666666650001 955381.00000000012 542.50000000000011 0.066939500000000013 181.50000000000003 10.500000000000002 1.0000000180025095e-35 0.26731028589363609 117173.00000000001 2.5000000000000004 26.500000000000004 0.0030842274181046617 42948.000000000007 1.5000000000000002 0.087930000000000022 606.25000000000011 272.12500000000006 0.070376000000000008 3.5000000000000004 8.9884656743000007e+307 162984.00000000003
decision_type=2 2 2 2 2 2 2 2 2 2 2 2 2 2 2 2 2 2 2 2 2 2 2 2 2 2 2 2 2 2
left_child=8 2 5 4 11 9 28 10 19 15 -4 12 13 14 17 16 23 18 -3 20 -1 27 -12 -2 25 -14 -16 -7 -6 -30
right_child=1 3 7 -5 6 21 -8 -9 -10 -11 22 -13 24 -15 26 -17 -18 -19 -20 -21 -22 -23 -24 -25 -26 -27 -28 -29 29 -31
leaf_value=-0.050134826594185181 -0.025099713649205147 0.01877105220235769 0.010848715916193465 0.037629575954152755 0.012432174621003026 0.0059814843241693099 0.02352627322132262 0.037822247476723643 -0.046976408854893036 -0.04696994148795583 0.011537943805445516 0.02297175459000822 0.0075777064211394671 -0.074249293291280438 -0.044076947355679554 0.0082269895428833551 -0.010011833705039393 -0.0099282292577855223 -0.0095037173026525281 0.032667089576360726 -0.0024902687056231939 -0.0066001662036932508 -0.034907342507705587 0.031209876848659137 0.049992736043108936 -0.039870340983071378 -0.0025242152918206777 0.041974992258824222 -0.02769334406721486 0.0061951093639484997
leaf_weight=14.80524891168807 137.97495722678104 65.818580143502913 92.21730384555849 41.8897669557482 456.11852788587566 30.288709754546289 158.72536931070499 25.384356208931422 172.21031166101147 18.38044018284927 9.5352143127820472 38.199882534099743 254.25267168844584 3.8170191069366401 14.26905610249378 28.146303083274688 241.28723662193806 80.54913452945766 46.211453896656167 4.2989166781635495 13.743699992610344 58.502824912618962 16.590314541565021 4.058763130389706 6.3413167574908575 7.2978701067622742 12.592754943296312 12.359403464193745 15.999419219326226 142.67870945367031
leaf_count=107295 85957 812 8773 147 2443 3721 746 127 757708 27010 532 212 2808 68 479 2891 24738 1902 1582 6760 24177 8260 2022 1232 41 106 443 241 117 700
internal_value=0 0.00432083 -0.00678602 0.00989363 0.00900186 -0.0114315 0.0127283 0.0103768 -0.0425532 -0.0148517 0.00448977 0.00355659 0.00204655 -0.00424415 -0.00302646 -0.0134169 -0.0150062 -1.76907e-05 0.00710795 -0.0193635 -0.0271983 0.00310258 -0.0179559 -0.0234906 0.00728915 0.0062538 -0.0245971 0.0164124 0.00994049 0.00277816
internal_weight=0 2019.49 674.726 1344.76 1302.87 530.999 773.522 143.727 205.058 429.848 118.343 529.35 491.15 223.258 219.441 411.467 383.321 192.579 112.03 32.8479 28.5489 101.151 26.1255 142.034 267.892 261.551 26.8618 42.6481 614.797 158.678
internal_count=1074050 178110 165504 12606 12459 154050 4006 11454 895940 141828 11327 8453 8241 5286 5218 114818 111927 4296 2394 138232 131472 12222 2554 87189 2955 2914 922 3962 3260 817
is_linear=0
shrinkage=0.05


Tree=77
num_leaves=31
num_cat=0
split_feature=1 1 1 42 42 50 65 40 71 76 0 79 64 69 76 71 3 4 79 64 44 82 82 3 66 4 50 4 3 3
split_gain=154.43 37.4847 21.917 20.0701 12.3668 9.91629 8.28278 6.53796 6.13285 5.89748 9.44667 5.82301 7.01403 5.75817 5.71273 8.02237 5.63162 5.14196 5.61775 9.47366 6.05874 6.20983 5.095 8.06031 4.73755 4.75771 6.04712 4.71316 5.11682 4.65162
threshold=0.07939372682956107 0.86620967868038068 0.0030842274181046617 31.500000000000004 5.5000000000000009 1.0000000180025095e-35 1.0000000180025095e-35 8.5000000000000018 90.500000000000014 0.89367850000000015 0.036674500000000006 0.12994650000000002 2.0833333333350006 6.5000000000000009 0.015317500000000003 1.5000000000000002 994244.00000000012 23453.500000000004 0.31096600000000002 2.7083333333350006 3.5000000000000004 5.5000000000000009 2.5000000000000004 1334.0000000000002 1.0000000180025095e-35 123701.00000000001 1.0000000180025095e-35 72.500000000000014 38.500000000000007 30785.000000000004
decision_type=2 2 2 2 2 2 2 2 2 2 2 2 2 2 2 2 2 2 2 2 2 2 2 2 2 2 2 2 2 2
left_child=2 3 -1 5 11 8 24 -4 13 -9 -11 12 -3 -2 15 -6 -16 18 20 -20 -13 22 -22 -24 25 -5 -27 -14 -29 -25
right_child=1 4 7 6 14 -7 -8 9 -10 10 -12 17 27 -15 16 -17 -18 -19 19 -21 21 -23 23 29 -26 26 -28 28 -30 -31
leaf_value=-0.048265696546278582 -0.0047501843084238396 0.027307183286809714 -0.012540492525042633 0.017265084039295494 0.040220628345343387 0.0061031779172631175 0.031458495339407554 -0.043299128565226046 -0.026073922694172469 -0.050341229798869472 0.035570665984018139 0.031570066041925006 -0.023806357792631436 -0.017130644569545824 0.026396869100384732 -0.06678483309002102 0.0099242599264230298 0.0045682997068325929 -0.046775215795201136 0.012228375744550287 0.014640794386388973 0.041338342904201159 0.044493234707862817 -0.064245532653672943 -0.030718416588340826 -0.018636244110465539 0.040816326566398192 0.048857030259936624 0.0036929289755259064 -0.0072099757050094488
leaf_weight=140.46248455058867 327.53473435339038 32.706519258208573 92.401436911554811 56.508108727437502 2.9507757276296607 114.3378844664112 44.950721905392129 42.32577445307561 54.269690022279974 6.0133035383660154 6.838572430890963 85.987148334155791 15.411145241989287 131.67565782614838 181.28553566307528 4.3100090343505144 72.690545926103368 113.93081802432425 7.8140851799398652 52.576956539414823 43.722875564009883 14.830426566768436 4.1727086051832911 6.8483061194419843 8.3009840493250504 23.377202353018223 5.2348389603430396 6.3523069173097602 491.41423863632372 7.4786504516378045
leaf_count=744064 31421 214 97687 3514 10 5602 329 113659 31084 12308 4707 406 228 16792 1003 43 386 777 46 277 283 90 22 54 1665 2855 62 21 4375 66
internal_value=0 0.005145 -0.0341285 -0.00341433 0.0108752 -0.00721346 0.013823 -0.0206729 -0.0101787 -0.0342917 -0.00462691 0.00804853 0.00485699 -0.0083002 0.0204321 -0.0232979 0.0216822 0.0132128 0.0176207 0.00459381 0.0224459 0.0122639 0.0053341 -0.0166617 0.00533742 0.00885361 -0.00775884 0.00342616 0.0042693 -0.0344731
internal_weight=0 1910.67 288.042 766.19 1144.48 627.818 138.372 147.579 513.48 55.1777 12.8519 883.246 545.884 459.21 261.237 7.26078 253.976 337.362 223.431 60.391 163.04 77.053 62.2225 18.4997 93.4211 85.1202 28.612 513.178 497.767 14.327
internal_count=1074050 101625 972425 93324 8301 84899 8425 228361 79297 130674 17015 6859 4838 48213 1442 53 1389 2021 1244 323 921 515 425 142 8096 6431 2917 4624 4396 120
is_linear=0
shrinkage=0.05


Tree=78
num_leaves=31
num_cat=0
split_feature=1 1 65 1 45 50 48 77 3 64 60 79 66 3 85 76 42 55 42 81 61 42 82 70 61 73 73 4 59 4
split_gain=147.094 46.9508 19.6785 11.3459 11.2152 9.62467 7.12144 7.03508 8.25762 6.78903 6.71164 6.6208 7.74269 8.50005 7.49487 6.19295 6.09869 5.59086 5.3575 4.86214 6.96839 4.83631 5.11035 5.49692 5.67393 5.05917 5.09257 6.08741 5.73676 4.70801
threshold=0.42569895731548962 0.0088049481694041625 1.0000000180025095e-35 0.86620967868038068 1.0000000180025095e-35 1.0000000180025095e-35 1.0000000180025095e-35 0.031215500000000004 68784.500000000015 1852.1666666650001 0.029483500000000003 0.076116500000000017 1.0000000180025095e-35 243696.00000000003 9.5000000000000018 0.033702000000000003 1825.0000000000002 4.5000000000000009 98.500000000000014 5.5000000000000009 23.500000000000004 1.0000000180025095e-35 7.5000000000000009 3.5000000000000004 13.500000000000002 18.500000000000004 5.5000000000000009 23453.500000000004 3.5000000000000004 106680.00000000001
decision_type=2 2 2 2 2 2 2 2 2 2 2 2 2 2 2 2 2 2 2 2 2 2 2 2 2 2 2 2 2 2
left_child=1 19 3 6 7 9 10 8 -4 -3 16 12 13 14 -5 -13 -2 -15 -7 20 -1 25 23 24 -23 26 28 -28 -10 -9
right_child=2 5 4 11 -6 18 -8 29 21 -11 -12 15 -14 17 -16 -17 -18 -19 -20 -21 -22 22 -24 -25 -26 -27 27 -29 -30 -31
leaf_value=-0.037116985233546618 -0.010616585775998014 -0.014906434867239327 0.016680312997290198 0.01869129399814062 0.043532649301945295 0.00012750806568207469 0.020412555633219184 0.033665513939751437 -0.0086140848260896283 -0.047104723499242121 0.01070028144307246 0.02939838015607063 -0.01515052399691386 -0.00086322676148905197 -0.012904494526094781 0.009310239732360245 0.023039306100092093 -0.036353446539119053 0.047502507278164768 -0.049777571117484203 0.036434648718007438 0.024721337823169768 -0.033185257118223968 -0.02808077436532699 -0.021528795247723751 -0.0465212960760263 0.043312389944162609 0.0012005935549955938 0.013829769467601258 0.01396504516362662
leaf_weight=19.783998728089504 277.1255289280125 302.3680644362621 247.26565313560423 118.30508549330989 30.485672908835113 48.187588817503638 27.453475993126631 57.914574675494805 112.32392780634109 17.308396548246492 50.879433683818206 45.445222333073616 54.699520502763335 91.695665070204996 22.308447156799957 246.33377886179369 14.147449583731939 12.624710864387451 6.8111640642237026 131.60040935736379 3.8462949946624567 70.806034092325717 5.4520745029440141 6.3226873753592363 7.3165176864713422 5.7482124631642355 14.317444854357744 21.420419296715409 38.138949035899714 63.663831842131913
leaf_count=136455 19815 161119 2166 957 108 10438 1320 425 1967 31361 942 261 777 900 265 1619 230 200 143 692360 8023 466 83 56 62 133 172 523 224 480
internal_value=0 -0.0229055 0.00739119 0.00278314 0.0138923 -0.0133258 -0.00408911 0.0125036 0.0100115 -0.0166498 -0.00605507 0.00707798 0.00185748 0.00565577 0.0136786 0.012439 -0.00898188 -0.00515821 0.00599453 -0.0460278 -0.025145 0.00416092 0.0137316 0.0167607 0.0203898 -0.000321384 0.00110486 0.0180716 -0.00292507 0.0233495
internal_weight=0 529.906 1642.19 961.018 681.176 374.675 369.606 650.69 529.112 319.676 342.152 591.412 299.633 244.934 140.614 291.779 291.273 104.32 54.9988 155.231 23.6303 281.846 89.8973 84.4452 78.1226 191.949 186.201 35.7379 150.463 121.578
internal_count=1074050 1039899 34151 27286 6865 203061 22307 6757 5852 192480 20987 4979 3099 2322 1222 1880 20045 1100 10581 836838 144478 3686 667 584 528 3019 2886 695 2191 905
is_linear=0
shrinkage=0.05


Tree=79
num_leaves=31
num_cat=0
split_feature=1 1 74 1 79 53 42 42 61 76 77 81 42 0 4 3 71 73 82 55 4 81 61 81 76 0 77 48 76 3
split_gain=140.173 47.7224 18.9256 18.6575 10.1152 9.44691 7.76997 6.8305 6.15556 5.83686 5.72281 5.26097 5.16921 5.02883 5.17818 10.784 7.15111 6.53637 5.02208 5.24361 4.93911 4.61229 6.34809 4.50277 5.2232 7.81129 4.39974 4.29825 4.17416 4.14849
threshold=0.48090646582193369 0.0088049481694041625 1.5000000000000002 0.94875966535953815 0.046275500000000004 3.5000000000000004 1.5000000000000002 3.5000000000000004 13.500000000000002 0.013634500000000003 0.042865000000000007 720.50000000000011 297.50000000000006 0.091251500000000013 120938.00000000001 819853.50000000012 2.5000000000000004 10.500000000000002 6.5000000000000009 17.500000000000004 109478.50000000001 5.5000000000000009 23.500000000000004 1851.5000000000002 0.49069550000000006 0.033644500000000008 0.019517500000000004 1.0000000180025095e-35 0.018447000000000002 3321.0000000000005
decision_type=2 2 2 2 2 2 2 2 2 2 2 2 2 2 2 2 2 2 2 2 2 2 2 2 2 2 2 2 2 2
left_child=1 21 3 4 13 9 11 -5 28 -3 -10 26 27 14 16 -16 17 -2 -9 -20 -19 22 -1 24 -7 -26 -6 29 -8 -11
right_child=2 5 -4 7 6 23 8 18 10 12 -12 -13 -14 -15 15 -17 -18 20 19 -21 -22 -23 -24 -25 25 -27 -28 -29 -30 -31
leaf_value=-0.037061906850023495 0.014811408695147571 -0.048539593989541836 0.030914662603913574 0.0094510157255330886 -0.0052269669144805499 -0.024065831358009774 -0.027983708472231379 0.023801889189063802 0.0015950929349622122 -0.041649003988081919 -0.070608242028651833 0.022724984397535633 0.024531245105891553 0.038076452564913148 -0.05734497247337194 -0.0095874676075533693 -0.010452117328643866 -0.033861896250892781 -0.034505909487766162 0.04511269862102317 0.059560518076820529 -0.0496708333965186 0.03345935693837248 -0.04536299389319487 -0.024393193728101597 0.021511217369618026 0.01234738511289076 0.011758068989985186 0.020385012308460005 -0.0076829643214949258
leaf_weight=19.151840493507738 74.544894985185238 7.855055462467134 81.975422295043245 598.43003338936251 192.45712214044761 117.2752445275255 4.6150211666245005 141.04872170335148 33.652216026501264 9.4849012923259561 2.9879867676645508 23.724022878624965 14.17625739593859 6.3864646231559155 13.115022843943732 119.76315843303018 101.97678788016492 12.014155807439236 7.4357687227893603 2.8646389646455646 1.603611503029241 125.84549634359973 3.829134822197374 17.927041796308913 19.478856243951668 17.677720268343364 43.69931979267858 27.489154125974892 133.18331319856225 172.14897996573382
leaf_count=136455 1584 6339 359 3254 4908 97770 38 649 552 4472 29 409 447 299 1238 6016 8252 492 61 15 14 692360 8023 33380 13024 6646 524 5054 1182 40205
internal_value=0 -0.0217093 0.00751557 0.00624821 0.000747696 -0.0127837 0.00575898 0.011851 0.0139218 -0.00617748 -0.00429305 0.000279872 -0.0046873 -0.00585967 -0.00672835 -0.0143011 -0.00143615 0.00899252 0.0213406 -0.0123632 -0.0228606 -0.0459094 -0.0253115 -0.0216434 -0.0188899 -0.00255358 -0.00197494 -0.006668 0.0187651 -0.00945667
internal_weight=0 552.34 1595.48 1513.5 763.723 403.513 434.319 749.779 174.439 231.154 36.6402 259.88 223.299 329.404 323.018 132.878 190.139 88.1627 151.349 10.3004 13.6178 148.826 22.981 172.359 154.432 37.1566 236.156 209.123 137.798 181.634
internal_count=1074050 1044175 29875 29516 25537 207337 7642 3979 1801 56517 581 5841 50178 17895 17596 7254 10342 2090 725 76 506 836838 144478 150820 117440 19670 5432 49731 1220 44677
is_linear=0
shrinkage=0.05


Tree=80
num_leaves=31
num_cat=0
split_feature=1 1 42 77 65 1 81 42 60 50 64 73 4 4 0 50 76 64 4 85 61 82 4 61 71 76 0 60 3 64
split_gain=133.267 45.5077 14.6057 13.8338 13.2053 9.60332 8.48619 7.0757 6.63586 6.42657 6.18189 5.94104 9.8603 6.7118 6.41991 6.19573 5.58331 6.16916 5.0066 6.27174 6.08128 7.11276 6.65479 5.58883 5.36898 6.93217 4.97691 4.95697 4.9497 4.93528
threshold=0.016616566037286794 0.68981449621504665 1.0000000180025095e-35 0.053591500000000007 1.0000000180025095e-35 0.94875966535953815 4.5000000000000009 412.50000000000006 0.079052500000000012 1.0000000180025095e-35 1852.1666666650001 2.5000000000000004 156.50000000000003 13632.000000000002 0.095871500000000012 1.0000000180025095e-35 0.049453500000000004 98.77500000000002 2463.5000000000005 8.5000000000000018 5.5000000000000009 3.5000000000000004 625678.00000000012 22.500000000000004 5.5000000000000009 0.086223500000000008 0.018039000000000003 0.028647500000000003 21284.000000000004 776.58333333350004
decision_type=2 2 2 2 2 2 2 2 2 2 2 2 2 2 2 2 2 2 2 2 2 2 2 2 2 2 2 2 2 2
left_child=6 2 10 5 8 7 -1 11 9 -4 -2 13 -13 15 27 -3 17 -14 19 24 21 29 -22 -24 -7 -26 -21 -15 -11 -20
right_child=1 3 4 -5 -6 18 -8 -9 -10 28 -12 12 16 14 -16 -17 -18 -19 20 26 22 -23 23 -25 25 -27 -28 -29 -30 -31
leaf_value=-0.017604076623139266 -0.013761557869060546 0.0081975670738730164 -0.0099562579701681312 0.022356939961030487 0.025432278594513219 0.023023051939267809 -0.047734152547665429 0.021328339283298303 0.054479796819842288 -0.058327517773554688 -0.053432070059036663 -0.056563257391529689 -0.024259199998475048 -0.0037617134406667807 0.073121847953082936 0.038325324373887915 0.0017232885789791109 0.0078869310059003477 0.0078049230571018485 -0.018579340305291285 0.02132758515570022 -0.013217429919249464 -0.023841510512359599 0.023519456870589907 -0.051540741139523588 0.021188597799009348 0.012490225217051044 0.024632520851810127 0.036782644641336376 -0.048006058448398448
leaf_weight=28.047602052835828 330.35491602019829 57.920680172137509 138.21642566890932 158.09260595752858 46.403044122062056 175.25019882747438 140.11723584313722 42.480990747251781 4.5615523773012674 1.5424136971414544 10.121191136444393 9.1601848549616971 52.10226245096419 169.90180970563961 2.9520817371667354 24.192297405097634 154.72810632664186 20.916346894868184 256.08984402607894 19.68021976435557 114.0720235304907 52.604930328554474 16.892314838711176 9.8677343982271832 5.7112263031303865 7.6849648831412196 37.353400892578065 16.8996740761213 12.092666959208143 4.0232975995168081
leaf_count=136051 93005 1450 63262 1025 2201 742 747186 296 134 392 14386 749 1249 4088 18 224 3501 380 1322 150 577 379 106 46 57 76 287 155 524 32
internal_value=0 0.00367962 -0.00861347 0.00842109 0.00200854 0.00665925 -0.0427089 0.00172438 -0.00494058 -0.00672554 -0.0149408 8.75154e-05 -0.00570048 0.00513122 -3.67776e-05 0.0170739 -0.00365473 -0.0150509 0.0105498 0.0162983 0.00743588 0.00355054 0.0160633 -0.00637721 0.0206909 -0.00981825 0.00176925 -0.00119293 0.0260237 0.00694167
internal_weight=0 1951.87 543.292 1408.58 202.816 1250.48 168.165 551.254 156.413 151.852 340.476 508.773 236.907 271.867 189.754 82.113 227.747 73.0186 699.23 245.68 453.55 312.718 140.832 26.76 188.646 13.3962 57.0336 186.801 13.6351 260.113
internal_count=1074050 190813 173904 16909 66513 15884 883237 12110 64312 64178 107391 11814 5879 5935 4261 1674 5130 1629 3774 1312 2462 1733 729 152 875 133 437 4243 916 1354
is_linear=0
shrinkage=0.05


Tree=81
num_leaves=31
num_cat=0
split_feature=1 1 1 42 65 42 77 50 71 70 40 0 71 3 4 4 64 53 3 76 0 64 4 77 76 0 61 66 0 55
split_gain=126.929 32.6646 19.4143 17.2922 12.3142 10.8897 7.4965 6.11487 6.00402 5.87991 5.74912 5.47499 6.06783 5.39856 6.37376 6.40896 9.32381 5.85528 5.10657 5.0563 7.91802 4.62371 4.43615 5.50218 5.88266 4.91639 7.39081 4.70612 4.54093 4.41029
threshold=0.07939372682956107 0.86620967868038068 0.0030842274181046617 1.0000000180025095e-35 1.0000000180025095e-35 8.5000000000000018 0.078854500000000008 1.0000000180025095e-35 12.500000000000002 4.5000000000000009 8.5000000000000018 0.081245000000000026 144.50000000000003 43454.500000000007 156.50000000000003 144.50000000000003 2.3666666666650005 7.5000000000000009 2102.5000000000005 0.89367850000000015 0.036674500000000006 1117.1666666650001 2180.0000000000005 0.028898000000000004 0.052801000000000008 0.011899500000000002 22.500000000000004 2.5000000000000004 0.0060935000000000008 83.500000000000014
decision_type=2 2 2 2 2 2 2 2 2 2 2 2 2 2 2 2 2 2 2 2 2 2 2 2 2 2 2 2 2 2
left_child=2 3 -1 8 6 13 7 11 -2 -8 -4 12 -5 14 15 -3 -17 -16 -6 29 -21 -15 27 24 28 -26 -27 -7 -24 -12
right_child=1 5 10 4 18 22 9 -9 -10 -11 19 -13 -14 21 17 16 -18 -19 -20 20 -22 -23 23 -25 25 26 -28 -29 -30 -31
leaf_value=-0.047734784151460485 -0.0072471657693943276 0.0036630255308079717 -0.012427028513641416 -0.0051253182431304336 -0.033419369973892221 0.032965330738964842 0.040223726188178079 0.021429535013235287 -0.022244623870001229 -0.040097591098299606 -0.042816594004716463 0.045611376972947877 -0.037261543898936746 0.0046756780836986781 0.016307691205564061 0.061375655088857256 -0.069594676531300054 -0.01398378883708592 0.02366136713150984 -0.049977754858469933 0.032511629297306339 -0.044910524696827395 -0.05391807172496408 0.026950849109125614 0.041934420978518218 0.01276456844076458 -0.060886134845312315 -0.019614238697988718 -0.0019647016009244184 1.2521362103117584
leaf_weight=119.13254658230562 336.8540423589584 43.061165684834123 87.46068303525135 166.09331571740768 4.1078753754554773 70.987292132806033 16.439041716890646 21.776452386679011 83.220768625687924 2.6451242694165549 37.949436738846089 4.8961540029195012 16.113758422215142 506.69560195424128 305.84864642715547 1.6938824066892246 6.8714726627222262 16.831080885604024 84.872857108581229 5.3393826811861782 6.3914105900630602 4.7452300796285263 5.6983729396015432 56.791824840940535 13.023912982083855 48.52135316003114 3.6634396463632575 4.5270730616175561 16.058177611790597 0.0065761978912622912
leaf_count=744064 30055 416 97687 16629 433 349 357 565 27694 23 113657 670 15487 4199 1882 9 131 320 1411 12308 4707 126 46 251 63 287 29 83 110 2
internal_value=0 0.00458695 -0.0329691 -0.00356582 0.00525132 0.0100246 -0.000906059 -0.00364672 -0.0102183 0.0290909 -0.020143 -0.00656528 -0.00796733 0.00755502 0.0121179 -0.00419398 -0.043694 0.0147277 0.0210262 -0.033725 -0.0050342 0.00421561 0.0200006 0.0148462 0.00694136 0.0144529 0.00759419 0.0298132 -0.0155721 -0.0425922
internal_weight=0 1842.04 256.28 737.019 316.945 1105.02 227.964 208.88 420.075 19.0842 137.147 187.103 182.207 885.747 374.306 51.6265 8.56536 322.68 88.9807 49.6868 11.7308 511.441 219.271 143.757 86.9653 65.2087 52.1848 75.5144 21.7566 37.956
internal_count=1074050 101625 972425 93324 35575 8301 33731 33351 57749 380 228361 32786 32116 7083 2758 556 140 2202 1844 130674 17015 4325 1218 786 535 379 316 432 156 113659
is_linear=0
shrinkage=0.05


Tree=82
num_leaves=31
num_cat=0
split_feature=1 1 65 45 42 1 53 0 77 42 4 76 76 79 0 81 73 4 3 71 42 73 4 76 78 46 41 4 42 4
split_gain=120.689 42.4391 18.4773 11.097 9.84539 10.0092 9.0029 8.72134 5.85425 6.0295 5.76665 5.81593 5.54944 5.38958 6.17781 5.55706 6.9564 8.36216 7.06987 5.37249 6.41486 6.5935 5.26916 5.24801 4.70756 4.70417 4.69986 4.69177 4.65937 4.59008
threshold=0.48090646582193369 0.0088049481694041625 1.0000000180025095e-35 1.0000000180025095e-35 172.50000000000003 0.94875966535953815 3.5000000000000004 0.001433 0.031215500000000004 1.5000000000000002 17222.000000000004 0.012722000000000002 0.013634500000000003 0.0085110000000000029 0.068965500000000027 2383.5000000000005 3.5000000000000004 126565.50000000001 854474.50000000012 2.5000000000000004 336.50000000000006 10.500000000000002 370.00000000000006 0.10695150000000002 0.04615650000000001 0.18333333333350002 1.0000000180025095e-35 106680.00000000001 297.50000000000006 72435.000000000015
decision_type=2 2 2 2 2 2 2 2 2 2 2 2 2 2 2 2 2 2 2 2 2 2 2 2 2 2 2 2 2 2
left_child=1 24 4 8 5 13 12 -6 9 10 11 -4 -3 14 -2 16 17 25 -19 20 21 -11 -18 -23 -1 29 -7 -10 -14 -15
right_child=2 6 3 -5 7 26 -8 -9 27 19 -12 -13 28 15 -16 -17 22 18 -20 -21 -22 23 -24 -25 -26 -27 -28 -29 -30 -31
leaf_value=-0.045414577362981566 -0.013438506962650179 -0.048925502270615942 -0.079145284495839713 0.04381691087185368 -0.10349293905600017 0.0056864731874516688 -0.021438717611143257 0.021238646507863529 0.032744445823889273 0.032309836779359356 -0.00019262011302164568 0.013208334275413434 -0.0065028124810599264 0.0076422556807161689 0.014959097034380696 0.036576760074937202 -0.053892899208481532 -0.063582138850466638 -0.003735486818599493 0.00053587582344959801 -0.011758202655976905 0.023578440347699424 -0.0077013992236035266 -0.047584003343097342 1.4491279533735708 0.070074875055306476 0.028850145838794045 0.012563020480028862 0.023258261517940138 0.037039186466229251
leaf_weight=131.89690132413489 174.17821073828236 7.2898218360824094 1.7203872385434795 28.649589194916189 1.4267127578787029 314.89542976522353 163.69339799150021 79.071934221719857 54.875990043627098 87.715309093357064 177.10986058204435 187.11820943740895 202.86556914805806 83.82474617875414 21.517894962180435 10.261303628940366 6.549429561244323 5.4335194738814598 53.767546249611769 32.377101184101775 11.413932319730518 5.52523584384471 107.6646036716993 4.8781863327603787 0.005269103133740737 3.6523336051031938 23.534941973164678 60.602958269417286 14.062999064139147 15.778139445232226
leaf_count=836800 12599 6339 21 107 9 1876 150820 941 384 470 2641 1855 49731 1498 1328 145 454 221 1203 355 50 60 2842 43 38 15 112 453 447 193
internal_value=0 -0.0208547 0.00697796 0.0133901 0.00234081 0.000704758 -0.0125239 0.019028 0.0119917 0.00968106 0.00628844 0.012367 -0.00601545 -0.0039181 -0.010316 0.000445483 -0.000894574 0.00575314 -0.00922826 0.0184298 0.0237191 0.0278461 -0.0103502 -0.00978978 -0.0453549 0.0143427 0.00729731 0.0221533 -0.00457347 0.012299
internal_weight=0 519.814 1553.54 651.987 901.557 821.058 387.912 80.4986 623.337 507.858 365.948 188.839 224.218 482.628 195.696 286.932 276.67 162.456 59.2011 141.91 109.533 98.1187 114.214 10.4034 131.902 103.255 338.43 115.479 216.929 99.6029
internal_count=1074050 1044175 29875 6439 23436 22486 207337 950 6332 5495 4517 1876 56517 20498 13927 6571 6426 3130 1424 978 623 573 3296 103 836838 1706 1988 837 50178 1691
is_linear=0
shrinkage=0.05


Tree=83
num_leaves=31
num_cat=0
split_feature=1 1 42 65 77 81 1 79 42 0 0 76 64 3 61 79 73 3 64 77 55 76 46 53 76 76 45 41 4 85
split_gain=114.306 39.183 14.2532 12.3816 11.8183 8.26516 7.11678 6.14937 6.12704 6.05179 5.73871 5.61533 5.45412 5.64178 6.27923 5.51868 5.22668 5.05114 6.13928 5.62303 5.34565 5.01389 4.93039 4.90726 5.13827 5.18331 4.73117 4.71091 4.8068 4.53594
threshold=0.016616566037286794 0.60678019017954943 172.50000000000003 1.0000000180025095e-35 0.031041000000000003 4.5000000000000009 0.94875966535953815 0.052259000000000007 1.0000000180025095e-35 0.020436500000000003 0.034499000000000009 0.012722000000000002 1.1666666666650001 923564.50000000012 2.5000000000000004 0.14635200000000004 1.0000000180025095e-35 221919.50000000003 5.083333333335001 0.036218500000000008 6.5000000000000009 0.055314000000000009 0.18333333333350002 1239.5000000000002 0.49069550000000006 0.035619000000000005 1.0000000180025095e-35 1.0000000180025095e-35 166361.50000000003 5.5000000000000009
decision_type=2 2 2 2 2 2 2 2 2 2 2 2 2 2 2 2 2 2 2 2 2 2 2 2 2 2 2 2 2 2
left_child=5 4 3 6 7 -1 22 10 9 -6 -2 -4 -13 -14 15 -15 -16 20 29 -20 27 -18 -3 24 25 -12 -5 28 -8 -19
right_child=1 2 11 26 8 -7 17 -9 -10 -11 23 12 13 14 16 -17 21 18 19 -21 -22 -23 -24 -25 -26 -27 -28 -29 -30 -31
leaf_value=-0.016407154689499277 -0.025000251875251196 -0.0035328907810397701 -0.044221886095847179 0.010719241130363388 0.015707025673263424 -0.047246752955651741 0.0093896411357963262 -0.0055198572086022964 0.019849832271642231 -0.022016927488699538 0.085346178448968968 -0.023300002849208395 0.032791038890660547 0.01251273794030295 -0.074985952610858539 0.073164860750785612 -0.054294229330235769 0.00085827675706440232 0.010947562176280182 -0.036802608173752804 -0.023028626378289944 0.017742641083917179 0.041452232747547307 -0.054867810524988327 0.019906601548457636 -0.014271290224745629 0.047996018142088655 0.037389278504306504 0.056348905884912343 -0.03334692329194202
leaf_weight=26.309741839932485 139.96314941801938 410.72922695855959 3.0694059119559816 557.18993684547604 18.059129200271855 124.69265339908998 188.99475113116205 140.02569434674479 44.334290737104311 25.848077915583417 1.3377615795325244 5.7874408252537242 92.80991223037563 14.554191128700042 2.894763682037591 5.0523897334933272 3.2382714254781595 17.834324202965945 68.916949454462156 6.7711485810577861 10.809633092721922 9.5067817755043489 6.1826114538125685 5.2209038035734912 16.433516724800938 54.653288320053434 8.6440624762326461 18.133662154898047 5.6112574096769086 21.229605007916689
leaf_count=136051 86592 13288 22 5212 2131 747186 1030 26178 3392 5346 104 29 588 120 14 14 43 111 444 40 134 58 60 12587 5284 27727 36 68 18 143
internal_value=0 0.00332118 0.00728796 0.00569643 -0.00964971 -0.0418734 0.00150649 -0.0136932 0.00673819 -0.00650098 -0.0189525 0.0226444 0.0241778 0.0263235 0.00929342 0.0281421 -0.0143359 0.00689473 -0.00163273 0.00667577 0.011272 -0.000560534 -0.00286578 -0.00805101 -0.0046761 -0.0118912 0.0112887 0.0130149 0.0107437 -0.0177308
internal_weight=0 1903.84 1457.96 1321.05 445.876 151.002 755.213 357.634 88.2415 43.9072 217.609 136.913 133.844 128.056 35.2464 19.6066 15.6398 338.301 114.752 75.6881 223.549 12.7451 416.912 77.6455 72.4246 55.991 565.834 212.74 194.606 39.0639
internal_count=1074050 190813 21472 20584 169341 883237 15336 158472 10869 7477 132294 888 866 837 249 134 115 1988 738 484 1250 101 13348 45702 33115 27831 5248 1116 1048 254
is_linear=0
shrinkage=0.05


Tree=84
num_leaves=31
num_cat=0
split_feature=1 1 1 42 77 42 50 73 4 40 53 59 79 0 64 77 69 3 4 85 0 81 73 3 53 76 65 53 73 42
split_gain=108.132 27.5322 18.2041 16.5526 11.5578 11.0312 8.21605 7.10419 6.86013 6.44267 6.34773 6.61285 6.45697 7.1563 7.43786 6.07733 6.99881 6.36067 7.12557 5.98442 5.92783 6.78854 5.33414 7.62586 5.0342 4.90757 4.89512 4.80432 4.75333 4.73038
threshold=0.07939372682956107 0.7740980979447657 0.0019437620776660012 1.0000000180025095e-35 0.078854500000000008 20.500000000000004 1.0000000180025095e-35 1.0000000180025095e-35 170500.00000000003 8.5000000000000018 1.5000000000000002 1.5000000000000002 0.18937600000000002 0.0085455000000000027 9.1000000000000014 0.023390500000000005 11.500000000000002 42554.500000000007 23.500000000000004 13.500000000000002 0.0090165000000000019 2083.5000000000005 6.5000000000000009 27365.500000000004 5.5000000000000009 0.05467650000000001 1.0000000180025095e-35 5.5000000000000009 2.5000000000000004 1.0000000180025095e-35
decision_type=2 2 2 2 2 2 2 2 2 2 2 2 2 2 2 2 2 2 2 2 2 2 2 2 2 2 2 2 2 2
left_child=2 3 -1 7 6 10 26 -2 -7 -4 15 19 13 14 -13 16 17 18 -3 -12 -15 -22 -20 -24 -21 28 -5 -16 -10 -18
right_child=1 5 9 4 -6 8 -8 -9 25 -11 11 12 -14 20 27 -17 29 -19 22 24 21 -23 23 -25 -26 -27 -28 -29 -30 -31
leaf_value=-0.048276562773991144 -0.024366378866282738 -0.060166304141573049 -0.01188094662853784 -0.0079169812234553237 0.03362442435858836 0.024559045872475094 0.021147512532707597 -0.007859151735048123 0.0061537416136559281 -0.034424986723095373 -0.0029862336939563087 -0.042514019090492058 0.020411020278403642 0.050891816501783295 0.015180836653199043 0.021494689623359528 -0.058255595828338107 0.0033782740415796947 0.021578282522927629 -0.077617481109896219 0.0062707910125520787 -0.065358965946438807 0.0078776465545620199 -0.071286887750500502 -0.010901017045296075 0.013213012771959335 0.018495130282838834 -0.035286752913536605 -0.050685042742792299 0.013108555893215466
leaf_weight=98.39860898202096 93.215150431486109 3.0887906621210268 87.108578847959052 137.76561613257672 30.425579445494805 146.41497858572984 38.722445099105244 216.70650761654542 7.6693865344859642 49.814883453629136 180.04953506658785 16.286283405148424 66.536607969552279 7.3072294360026708 17.229132557753477 92.926797996973619 6.6656892122700793 267.44985974795418 140.10063299315516 5.0445549581199867 186.04038352245698 3.3676002692518514 52.528369918116368 3.2290639155544332 6.4335819178668316 35.524907096114475 20.102521210850682 6.4928335978765963 7.0683800522238016 3.5634362592827529
leaf_count=697189 20212 30 117843 31638 462 902 1014 34726 60 157393 2521 199 466 32 179 558 94 2310 832 102 2503 443 463 51 192 223 967 340 72 34
internal_value=0 0.00417149 -0.0318719 -0.0053105 0.00494695 0.00820889 0.000508643 -0.012824 0.0190878 -0.0200828 0.0061986 0.00205578 0.00664948 0.00278148 -0.0164954 0.0097976 0.00751704 0.00841434 0.0151845 -0.00521777 0.00670205 0.00499724 0.0163728 0.00329301 -0.0402224 0.00314996 -0.00455373 0.00136758 -0.0211067 -0.0333951
internal_weight=0 1797.96 235.322 536.938 227.016 1261.02 196.591 309.922 196.678 136.923 1064.34 494.788 303.26 236.723 40.0082 569.553 476.626 466.397 198.947 191.528 196.715 189.408 195.858 55.7574 11.4781 50.2627 157.868 23.722 14.7378 10.2291
internal_count=1074050 101625 972425 89019 34081 12606 33619 54938 1257 275236 11349 6977 4162 3696 718 4372 3814 3686 1376 2815 2978 2946 1346 514 294 355 32605 519 132 128
is_linear=0
shrinkage=0.05


Tree=85
num_leaves=31
num_cat=0
split_feature=1 1 65 45 1 50 48 84 57 41 53 71 81 79 4 4 3 85 81 4 73 73 76 4 85 42 4 76 77 42
split_gain=103.681 34.3923 18.7411 10.3035 9.64615 9.33668 7.71073 6.04636 6.0456 5.72009 5.59791 5.47556 6.61989 6.19136 5.43176 5.19999 5.19126 5.34478 4.94867 4.77344 5.43463 5.38272 4.86597 4.63458 5.41892 4.6254 4.7821 5.45634 4.53851 5.43712
threshold=0.37969951586789719 0.0088049481694041625 1.0000000180025095e-35 1.0000000180025095e-35 0.86620967868038068 1.0000000180025095e-35 1.0000000180025095e-35 0.87500000000000011 1.0000000180025095e-35 1.0000000180025095e-35 86.500000000000014 6.5000000000000009 5.5000000000000009 0.45336700000000002 1653.0000000000002 132018.50000000003 6000.5000000000009 2.5000000000000004 14.500000000000002 1455534.0000000002 6.5000000000000009 1.0000000180025095e-35 0.015317500000000003 15662.500000000002 7.5000000000000009 21.500000000000004 175.00000000000003 0.068337000000000023 0.078854500000000008 1.0000000180025095e-35
decision_type=2 2 2 2 2 2 2 2 2 2 2 2 2 2 2 2 2 2 2 2 2 2 2 2 2 2 2 2 2 2
left_child=1 -1 4 14 6 10 8 9 19 11 28 12 13 16 25 -10 17 -6 -17 20 -2 -21 -23 24 -19 26 27 -4 -3 -30
right_child=2 5 3 -5 7 -7 -8 -9 15 -11 -12 -13 -14 -15 -16 18 -18 23 -20 21 -22 22 -24 -25 -26 -27 -28 -29 29 -31
leaf_value=-0.044707964293704834 -0.0031076969706344197 -0.015519418580839465 0.03750425849436604 0.042492081113770876 -0.021185293839911069 0.0074562517113201847 0.020370411820806816 0.054470611462219813 0.021943664645154889 0.025257774242665731 -0.033837494559105945 -0.0087204733651815528 0.012645822397965974 -0.067322979773829936 0.0086063921677333958 -0.026125223922505741 -0.0026671496931258941 0.028429757706933852 0.0083208995106065064 -0.048827204233542476 -0.021308577914346601 0.045857510736631142 -0.019801297188691204 0.071692771982670878 -0.012439188016019499 0.038944650666657574 0.020765266784330716 -0.017072841417326717 -0.016069219281601162 0.043174100464525487
leaf_weight=117.66931944205317 172.2364953501492 213.63253931473446 6.0379617132712182 27.401704075746238 8.4998086178675276 47.229851897248409 28.047239544008335 6.2523853611201039 29.746364787832135 32.82822658366058 40.268253742305205 75.365034950315021 197.94975045416504 3.3367285188287488 478.11199945581029 17.120689200470224 185.74183088436257 28.54837280837819 26.667730285724247 15.789665034128118 53.831906099698244 3.1876752648095161 24.583642451343621 4.2587310932576647 11.329717861022798 25.659987828577869 92.230202988925157 18.959374170488445 8.0335039231758838 7.4777941118809386
leaf_count=836838 12866 111841 56 110 80 10333 1515 19 588 219 73517 1349 1428 24 5897 457 1574 137 1385 2066 5267 87 1750 12 137 129 815 267 2654 633
internal_value=0 -0.0216271 0.00596857 0.0124868 0.00140107 -0.0130498 -0.00483611 0.0055795 -0.00689627 0.00502153 -0.0166447 0.00373166 0.00586614 0.000314007 0.0111628 0.0058117 0.00126076 0.0151214 -0.00514708 -0.0103621 -0.00744173 -0.0255177 -0.0122648 0.0221133 0.0168185 0.0197166 0.0155078 -0.00389006 -0.0136233 0.0124912
internal_weight=0 434.311 1573.72 648.401 925.322 316.642 371.211 554.111 343.164 547.858 269.412 515.03 439.665 241.715 621 73.5348 238.378 52.6366 43.7884 269.629 226.068 43.561 27.7713 44.1368 39.8781 142.888 117.228 24.9973 229.144 15.5113
internal_count=1074050 1035816 38234 7274 30960 198978 25981 4979 24466 4960 188645 4741 3392 1964 7164 2430 1940 366 1842 22036 18133 3903 1837 286 274 1267 1138 323 115128 3287
is_linear=0
shrinkage=0.05


Tree=86
num_leaves=31
num_cat=0
split_feature=1 1 57 42 71 64 81 77 65 79 45 4 82 3 1 55 55 81 85 79 69 3 59 76 60 76 69 0 4 0
split_gain=97.8471 37.2429 18.2102 10.3911 9.2627 8.25648 8.23821 6.85261 6.80078 6.04504 5.81825 5.39212 8.40786 5.36266 5.32394 5.23661 4.67098 4.61956 4.38696 4.37572 4.34694 4.48498 4.27294 5.54332 4.3236 4.24426 4.25581 4.10564 4.09871 4.06313
threshold=0.01473053741135971 0.7740980979447657 1.0000000180025095e-35 1.0000000180025095e-35 7.5000000000000009 1852.1666666650001 5.5000000000000009 0.061967500000000009 1.0000000180025095e-35 0.079934000000000019 1.0000000180025095e-35 625678.00000000012 3.5000000000000004 38.500000000000007 0.94875966535953815 17.500000000000004 11.500000000000002 5.5000000000000009 9.5000000000000018 0.14777350000000003 8.5000000000000018 1830.5000000000002 289.50000000000006 1.2469325000000002 0.029091500000000003 0.07529050000000001 25.500000000000004 0.095871500000000012 613349.50000000012 0.0077455000000000006
decision_type=2 2 2 2 2 2 2 2 2 2 2 2 2 2 2 2 2 2 2 2 2 2 2 2 2 2 2 2 2 2
left_child=6 2 5 10 13 8 -1 9 11 -4 14 20 -13 -5 27 16 29 -11 -15 -20 21 -2 23 24 -23 26 -22 -3 -26 -6
right_child=1 3 7 4 15 -7 -8 -9 -10 17 -12 12 -14 18 -16 -17 -18 -19 19 -21 25 22 -24 -25 28 -27 -28 -29 -30 -31
leaf_value=-0.01616411914137587 -0.033004127204923732 -0.0024312927096340319 -0.0094773845664976857 0.041512030641929404 -0.063517199655766368 -0.047269646616266696 -0.047867690722960828 0.03037213455527997 0.0015478770883927166 -0.003686627842500058 0.071185515463714863 -0.033401639995391072 0.0013478014289928023 0.016223850494753757 0.0071442400248083633 0.030611184056091992 -0.047349131292188151 0.034233226209016802 -0.019778839510318523 0.020522666647359768 -0.037828079629875055 -0.0096225527740530017 -0.05899442957463602 0.025073569032225292 0.0087425016264735898 0.002806828307930827 0.050621827767376719 0.044029952907504069 0.25007538943722252 -0.00013197315930322113
leaf_weight=25.411756801017418 16.040344384803575 265.82049936370458 42.012345521880889 19.716409424087033 2.7638054694398297 15.261687250816065 105.81125395856088 33.324559718879755 102.32881617413477 13.415934972785179 3.2384257139055981 63.464244864286229 23.986301712398927 382.80516534741037 487.71194272715366 7.7809267726843236 8.4102460736175981 20.012641723444176 17.371060874022081 11.000149530591441 30.192664993401198 195.31053991713179 3.7067424527594985 14.500140944468511 32.401903234887868 10.529743146993495 1.4241094102762861 4.8414785724598906 0.17689624731428821 29.668000205769204
leaf_count=152003 10990 5538 15404 96 134 27882 723022 369 16109 363 26 22173 5491 2354 2732 106 174 602 309 86 14140 61195 1546 3226 4748 2053 121 37 7 1014
internal_value=0 0.00294516 -0.00708272 0.00793911 0.0137049 -0.0110487 -0.0417282 0.011489 -0.00992982 0.00314777 0.00430894 -0.012928 -0.0238704 0.0160393 0.00402336 -0.00698228 -0.0141443 0.0190148 0.0148178 -0.00415305 -0.0097832 -0.00738691 -0.0057172 -0.00490246 -0.00680977 -0.0246873 -0.033844 -0.00160022 0.0100529 -0.0055336
internal_weight=0 1859.22 618.09 1241.13 479.516 509.324 131.223 108.765 494.062 75.4409 761.612 391.734 87.4505 430.893 758.374 48.623 40.8421 33.4286 411.176 28.3712 304.283 262.137 246.096 242.389 227.889 42.1465 31.6168 270.662 32.5788 32.4318
internal_count=1074050 199025 186419 12606 4273 169681 875025 16738 141799 16369 8333 125690 27664 2845 8307 1428 1322 965 2749 395 98026 81712 70722 69176 65950 16314 14261 5575 4755 1148
is_linear=0
shrinkage=0.05


Tree=87
num_leaves=31
num_cat=0
split_feature=1 1 57 42 71 81 65 4 41 71 4 4 76 69 4 53 77 73 0 50 3 4 4 3 76 4 3 61 1 30
split_gain=92.7247 33.7653 16.3715 10.3635 8.8582 7.99144 7.51583 6.49519 6.00842 6.5736 5.88509 7.33688 5.6188 5.4191 5.54723 5.09386 5.03431 4.96607 4.78079 4.76933 4.65657 4.27729 4.20143 6.35802 4.18482 5.45064 4.00434 3.95959 5.59314 3.89048
threshold=0.016616566037286794 0.7740980979447657 1.0000000180025095e-35 64.500000000000014 12.500000000000002 5.5000000000000009 1.0000000180025095e-35 593143.50000000012 1.0000000180025095e-35 84.500000000000014 159592.50000000003 16722.500000000004 0.012722000000000002 7.5000000000000009 28737.000000000004 58.500000000000007 0.10285950000000001 4.5000000000000009 0.014743000000000001 1.0000000180025095e-35 193655.50000000003 435.50000000000006 2826.5000000000005 20577.500000000004 0.69852000000000014 4745.5000000000009 152.00000000000003 23.500000000000004 0.0030842274181046617 1.0000000180025095e-35
decision_type=2 2 2 2 2 2 2 2 2 2 2 2 2 2 2 2 2 2 2 2 2 2 2 2 2 2 2 2 2 2
left_child=5 2 4 6 13 27 8 19 9 15 11 24 -8 14 21 -3 18 -16 29 -4 -19 -2 -5 -24 -6 -26 -11 28 -1 -14
right_child=1 3 7 22 10 -7 12 -9 -10 26 -12 -13 16 -15 17 -17 -18 20 -20 -21 -22 -23 23 -25 25 -27 -28 -29 -30 -31
leaf_value=-0.048773896780228192 -0.02437761405174001 0.0017200719415719696 0.01239072481927243 0.034096855403776542 -0.038932395077665424 -0.046846090450644778 -0.063591214288603495 -0.003003163019590143 0.02240069224382979 0.042939620591701255 -0.036278506290882508 0.0012212089359404932 0.02053401757887334 -0.017666133561687072 -0.014773028449421891 0.051611703611659621 0.036913388997565043 -0.042748972505962317 0.0066432600269162104 0.042798574047975248 0.0080352024830023395 0.0084035259781740004 -0.042640850871587019 0.017803022123046672 0.028621950987625405 -0.04769506462250897 -0.029616539599492821 0.028813857482837532 0.0011739344721663906 -0.0045395577925173482
leaf_weight=11.497681166757053 11.026361015585278 534.33127271570265 41.724100107889171 40.698471586103551 28.82924440795432 104.54649324680304 2.5397173576056948 46.967403344307968 34.900559746252839 2.0690096933394697 46.196975650562308 39.989684322730682 128.45585740054958 86.905408265904043 118.72624799420555 5.1654653135919935 18.016359428875148 4.9639994419703717 328.88501351955347 18.663087515495135 49.779458961016644 102.01921406469774 4.5682820712099774 91.337747148936614 5.9957720344991667 3.8367650945929199 23.50392504343472 4.136338140996485 10.935731303819919 17.589077880140394
leaf_count=120200 3290 6149 6104 233 32023 729626 41 9925 279 35 32684 22742 914 22950 19741 77 85 1081 2799 166 7833 12754 58 520 2676 4238 1376 8760 24651 40
internal_value=0 0.00289841 -0.00676843 0.00765018 -0.0105843 -0.0406232 0.00603082 0.0109422 0.00226715 0.00102363 -0.022114 -0.0137943 0.0105881 -0.00672947 -0.00341217 0.00219776 0.0109703 -0.00902846 0.00998618 0.0217885 0.00343022 0.00520608 0.0206361 0.0149239 -0.0293255 -0.0011578 -0.0237463 -0.0161373 -0.0244256 0.0175143
internal_weight=0 1837.68 605.624 1232.06 498.269 131.116 1095.46 107.355 599.97 565.07 124.848 78.6515 495.486 373.421 286.515 539.497 492.946 173.47 474.93 60.3872 54.7435 113.046 136.605 95.906 38.6618 9.83254 25.5729 26.5698 22.4334 146.045
internal_count=1074050 190813 178207 12606 162012 883237 11795 16195 7916 7637 94363 61679 3879 67649 44699 6226 3838 28655 3753 6270 8914 16044 811 578 38937 6914 1411 153611 144851 954
is_linear=0
shrinkage=0.05


Tree=88
num_leaves=31
num_cat=0
split_feature=1 1 65 42 50 42 1 64 2 79 77 4 42 69 0 45 3 76 4 4 76 64 40 77 59 76 53 85 4 44
split_gain=88.6373 33.9943 15.4993 9.97238 9.00801 8.86199 6.70243 6.25762 6.19016 6.75019 6.06851 6.00851 5.80513 5.55986 5.05581 4.95019 4.6201 5.72816 4.17735 5.27988 4.60289 3.89787 4.11195 3.80184 3.74579 4.82563 7.63042 4.12448 4.02996 3.80469
threshold=0.48090646582193369 0.0030842274181046617 1.0000000180025095e-35 1993.0000000000002 1.0000000180025095e-35 1.0000000180025095e-35 0.7740980979447657 1852.1666666650001 1.0000000180025095e-35 0.025862000000000003 0.10757750000000001 440045.50000000006 297.50000000000006 9.5000000000000018 0.069732500000000017 1.5000000000000002 100931.00000000001 0.012067000000000003 370.00000000000006 1246.5000000000002 0.029243500000000002 2.0833333333350006 683.50000000000011 0.098647000000000012 137.50000000000003 0.49069550000000006 8.5000000000000018 6.5000000000000009 625678.00000000012 46.500000000000007
decision_type=2 2 2 2 2 2 2 2 2 2 2 2 2 2 2 2 2 2 2 2 2 2 2 2 2 2 2 2 2 2
left_child=1 -1 5 10 7 6 -2 24 9 13 16 15 23 14 18 -11 17 -4 -7 20 -20 -21 -23 -6 25 26 27 28 -3 -28
right_child=2 4 3 -5 12 8 -8 -9 -10 11 -12 -13 -14 -15 -16 -17 -18 -19 19 21 -22 22 -24 -25 -26 -27 29 -29 -30 -31
leaf_value=-0.04662424803001014 -0.014044330392426611 -0.0020941412808903621 -0.076865187179456992 0.042888703169499075 0.0045719461575638659 -0.040511681773881141 0.00027254761541125363 -0.04663286401222428 0.050138554833872417 0.0163618448400644 0.032154881681267254 -0.0062755278531681467 0.055580637699148887 -0.046158515761787186 0.033198162576334768 -0.066682408589558248 0.0051715012774992651 0.014739727042824044 -0.058213193745083353 -0.054386475879276121 0.034890350620027329 -0.00086633462126146097 -0.055771845838758966 -0.049702674826792081 -0.054480963823482942 0.0059224275126366554 -0.036936417773519477 -0.021887967172722782 -0.020715451068957266 0.012388470517929184
leaf_weight=90.092182816277727 102.07942152853502 113.72230228968101 1.7173099804203946 24.976839894428849 47.051316722793217 7.1820457955473094 410.42960668951855 15.517331612139513 8.4157207570970041 182.43188505142462 31.107067395932972 38.066568325157277 5.3589600096256609 7.0441546159418058 10.193095469407124 1.8123232452198852 298.18290546472417 272.26246482160059 1.4689630761276919 3.9965906545985481 13.786121197717874 67.520770031376742 3.5913907679205286 3.4641195607809996 5.6310269429968676 29.378955691683586 46.79907898876445 65.020315954157013 39.025625241029957 4.2659296785163852
leaf_count=744064 9253 52866 17 110 15195 817 5447 42988 28 1976 184 559 91 519 484 12 3622 2506 67 83 428 2129 1634 501 5138 22424 96459 43076 17431 3942
internal_value=0 -0.0190438 0.00596231 0.0119294 -0.0124218 0.00159319 -0.00257903 -0.0156622 0.00778201 0.00672456 0.0106476 0.0118086 0.0060993 -0.00312221 -0.000308428 0.015545 0.00947829 0.0141655 -0.00380971 -0.000892669 0.0259251 -0.00633953 -0.00363924 0.000850039 -0.0140805 -0.0133177 -0.0154203 -0.0113412 -0.00685171 -0.0328159
internal_weight=0 465.327 1486.27 628.247 375.235 858.019 512.509 319.361 345.51 337.094 603.27 222.311 55.8744 114.783 107.739 184.244 572.163 273.98 97.5459 90.3638 15.2551 75.1088 71.1122 50.5154 303.843 298.212 268.833 217.768 152.748 51.065
internal_count=1074050 1044175 29875 6439 300111 23436 14700 284324 8736 8708 6329 2547 15787 6161 5642 1988 6145 2523 5158 4341 495 3846 3763 15696 241336 236198 213774 113373 70297 100401
is_linear=0
shrinkage=0.05


Tree=89
num_leaves=31
num_cat=0
split_feature=1 1 42 1 71 53 67 57 48 42 0 76 79 81 42 81 61 0 76 76 48 0 3 4 4 71 76 4 3 79
split_gain=84.2662 32.5328 15.146 11.8363 10.179 7.34743 6.22314 5.33325 5.2724 5.22126 6.58819 4.8266 4.36863 4.81715 4.36507 4.25089 5.36128 4.2374 4.57845 5.52991 4.22275 4.16713 4.04606 4.46817 4.04484 3.97093 4.19168 3.94156 3.86701 4.29676
threshold=0.48090646582193369 0.0088049481694041625 1.0000000180025095e-35 0.94875966535953815 2.5000000000000004 3.5000000000000004 0.085786000000000015 1.0000000180025095e-35 1.0000000180025095e-35 5094.5000000000009 0.0017535000000000003 0.013634500000000003 0.0073685000000000009 694.50000000000011 227.50000000000003 5.5000000000000009 23.500000000000004 0.036674500000000006 0.10535950000000001 0.12235400000000002 1.0000000180025095e-35 0.039967000000000009 3321.0000000000005 625678.00000000012 23.500000000000004 208.50000000000003 0.39340100000000006 408121.00000000006 38.500000000000007 0.029730000000000003
decision_type=2 2 2 2 2 2 2 2 2 2 2 2 2 2 2 2 2 2 2 2 2 2 2 2 2 2 2 2 2 2
left_child=1 15 3 12 9 11 8 24 25 10 -4 -3 17 -14 20 16 -1 -2 -19 -20 22 -21 -13 27 -5 -6 -27 -24 -12 -30
right_child=2 5 4 7 6 -7 -8 -9 -10 -11 28 14 13 -15 -16 -17 -18 18 19 21 -22 -23 23 -25 -26 26 -28 -29 29 -31
leaf_value=-0.03497047926347089 -0.017825182140884036 -0.048089839695818461 -0.056608390220529048 -0.02825790522380562 0.00135979836928702 -0.020263963817474737 0.040747316225314217 0.038628831172734385 0.036318001926775964 0.03973601362049517 0.039838198027496413 -0.043266178526772114 -0.0028107171264423014 0.020817432865824631 0.022382904839253051 -0.048564441394148596 0.035145957928980509 -0.016200388675068744 0.045031127796977745 0.052667646532352445 0.012897106822046417 -0.0083615121301179804 -0.0056449319069465818 -0.022513960236433119 0.0066806904589286386 -0.053392336248771238 0.011684032131280475 0.025246264477876579 0.0044453291861995545 0.018052665360666225
leaf_weight=14.18124909362996 94.987145560684439 6.4946872756190706 3.1411006182897827 8.4342798872385156 185.40566871374904 146.36983547231648 10.608844511210917 12.910998039413242 10.318033759427633 23.685269828885794 16.387772932066582 8.2904234408524626 220.59480206336593 23.908998793573119 14.248608131045328 83.251704423821138 3.375117088071419 27.580381026287796 8.9181231101392751 3.1980399341482579 24.826805677890661 22.308186453097733 106.7343024687907 37.260297512541001 464.37861331427121 6.8612366719498805 3.8702483970155299 11.432191064042852 75.121622123813722 254.75112719426397
leaf_count=136455 6771 6339 38 46 4368 150820 49 63 272 107 96 4457 5825 509 504 692360 8023 1525 176 75 5053 1736 26669 11586 2631 1957 927 1909 897 1807
internal_value=0 -0.0187771 0.00580158 0.00167263 0.0120089 -0.0116705 0.00339996 0.00692322 0.00148084 0.0170177 0.0154777 -0.00566049 -0.00467947 -0.00050022 -0.00430164 -0.0438494 -0.021491 -0.0111883 -0.00102116 0.0111403 -0.00631824 -0.00070951 -0.00923214 -0.00741677 0.00605744 -0.00035181 -0.0299229 -0.00265632 0.0161316 0.0149539
internal_weight=0 456.465 1477.37 887.22 590.151 355.657 217.064 485.724 206.455 373.087 349.402 209.287 401.496 244.504 202.793 100.808 17.5564 156.992 62.0047 34.4243 188.544 25.5062 163.717 155.427 472.813 196.137 10.7315 118.166 346.261 329.873
internal_count=1074050 1044175 29875 19357 10518 207337 7573 2740 7524 2945 2838 56517 16617 6334 50178 836838 144478 10283 3512 1987 49674 1811 44621 40164 2677 7252 2884 28578 2800 2704
is_linear=0
shrinkage=0.05


Tree=90
num_leaves=31
num_cat=0
split_feature=1 1 42 1 79 69 79 67 3 76 53 64 77 77 81 85 42 81 44 76 64 76 0 64 73 42 4 66 81 61
split_gain=80.7929 31.3733 14.4822 13.9065 7.70178 7.61861 7.26129 5.79299 5.61771 5.1548 5.45579 4.99051 4.8899 4.71883 4.46602 4.41288 5.23516 4.41261 4.39122 5.15117 4.21627 4.04038 3.95711 3.9265 5.82729 4.6273 4.74725 5.80273 3.89717 4.81677
threshold=0.48090646582193369 0.0083575017706393109 402.50000000000006 0.94875966535953815 0.0085110000000000029 7.5000000000000009 0.073879000000000014 0.096819500000000017 8.9884656743000007e+307 0.053408000000000004 82.500000000000014 1852.1666666650001 0.061159000000000005 0.029255500000000004 3.5000000000000004 5.5000000000000009 1.0000000180025095e-35 2808.5000000000005 1.5000000000000002 0.20008450000000003 4.2916666666650007 0.0054610000000000014 0.05936650000000001 3.7750000000000004 6.5000000000000009 278.50000000000006 219020.50000000003 1.0000000180025095e-35 5.5000000000000009 23.500000000000004
decision_type=2 2 2 2 2 2 2 2 2 2 2 2 2 2 2 2 2 2 2 2 2 2 2 2 2 2 2 2 2 2
left_child=1 28 3 4 9 17 11 8 13 -2 -11 -3 -4 21 18 16 -8 23 20 22 -10 -5 -20 -6 25 26 -25 -28 29 -1
right_child=2 6 12 7 5 -7 15 -9 14 10 -12 -13 -14 -15 -16 -17 -18 -19 19 -21 -22 -23 -24 24 -26 -27 27 -29 -30 -31
leaf_value=-0.035262314621853717 -0.019582386338814747 -0.014947377706479168 0.016813910233455687 -0.047516865779361983 0.012502804943985691 -0.01027789895652105 -0.0073628544419611988 0.052526910094714822 0.0096252205699012827 0.00021266639966920601 -0.025235948765292344 -0.046899433915312115 0.040946852157727802 0.027110660516549132 -0.010255068947682737 -0.012045392876329863 0.021362425609018874 0.044016385674524899 -0.0062589837865407033 0.044881570762055512 0.048770617586595948 0.010419196599585956 -0.052470638685313875 0.012469413230661093 -0.016184059663953445 -0.080931468784519053 6.6273774747115224e-05 -0.052356189808469178 -0.048475125928381019 0.031831585533720327
leaf_weight=13.568295800499074 67.752472972337273 222.8151476453404 69.76067409440293 3.0292080608196548 129.81427540490404 84.004434443981154 30.760995509946952 7.6820295276120296 72.508862013928592 150.76744855678407 24.480118888139259 12.929583140094108 30.024383503943682 44.372766315471381 57.633266572956927 53.473594708472319 32.746633805671991 7.6614540432055938 27.57736318197567 4.1797038391232482 7.599670620635151 457.77402483022888 5.5677789542824021 108.90222721380997 38.328360759682255 1.5403711395338167 58.329793602635618 5.8041001410456365 79.462235222092431 3.3319452151717988
leaf_count=135715 3428 151347 731 17 1789 2831 8502 31 286 6344 6208 32547 126 224 396 15680 3370 85 194 12 35 2714 34 1824 1177 19 1151 219 689057 7957
internal_value=0 -0.0185537 0.00568719 0.00434328 -0.000742014 0.0032456 -0.0116463 0.00935066 0.00886307 -0.00787025 -0.00334222 -0.0166998 0.0240753 0.0115379 0.00114449 -0.00146221 0.00744885 0.00648789 0.0067391 -0.0074256 0.0133388 0.0100383 -0.0140217 0.00564895 0.00146995 0.00534589 0.00611394 -0.00467795 -0.0438379 -0.0220345
internal_weight=0 449.088 1465.09 1365.31 677.385 434.385 352.726 687.925 680.243 243 175.248 235.745 99.7851 505.176 175.067 116.981 63.5076 350.381 117.433 37.3248 80.1085 460.803 33.1451 342.719 212.905 174.576 173.036 64.1339 96.3625 16.9002
internal_count=1074050 1044175 29875 29018 25075 9095 211446 3943 3912 15980 12552 183894 857 2955 957 27552 11872 6264 561 240 321 2731 228 6179 4390 3213 3194 1370 832729 143672
is_linear=0
shrinkage=0.05


Tree=91
num_leaves=31
num_cat=0
split_feature=1 1 77 1 50 42 42 3 59 64 45 73 85 69 0 61 81 4 85 53 4 76 81 42 3 64 4 1 3 79
split_gain=76.779 30.3102 13.9342 11.2752 8.31194 6.35054 6.33491 5.95985 5.46221 5.42354 5.39048 5.319 4.39002 4.35736 4.50271 4.22149 4.55738 4.50407 4.23928 4.04737 4.06266 3.96333 3.91525 3.74031 3.68553 3.64891 6.92277 6.5654 6.35853 5.87518
threshold=0.48090646582193369 0.0030842274181046617 0.029255500000000004 0.86620967868038068 1.0000000180025095e-35 172.50000000000003 1.5000000000000002 84103.500000000015 3.5000000000000004 1852.1666666650001 1.0000000180025095e-35 11.500000000000002 14.500000000000002 2.5000000000000004 0.087595500000000007 3.5000000000000004 543.50000000000011 642.50000000000011 8.5000000000000018 1.5000000000000002 370.00000000000006 0.012722000000000002 4.5000000000000009 297.50000000000006 27365.500000000004 3.0833333333350006 2563.5000000000005 0.94875966535953815 21696.000000000004 0.41276600000000002
decision_type=2 2 2 2 2 2 2 2 2 2 2 2 2 2 2 2 2 2 2 2 2 2 2 2 2 2 2 2 2 2
left_child=1 -1 3 6 9 19 -2 10 -9 -3 12 15 13 21 25 16 18 -17 -8 20 -4 -5 -14 -6 -23 26 -15 -28 -27 -30
right_child=2 4 5 7 23 -7 11 8 -10 -11 -12 -13 22 14 -16 17 -18 -19 -20 -21 -22 24 -24 -25 -26 28 27 -29 29 -31
leaf_value=-0.046131680238563205 -0.0097107542931829799 -0.013834121519877132 0.052812708991386896 -0.057020532611563035 0.0018326964257936004 0.031519141472841121 0.008620775883842342 -0.00071200947060996538 0.01453261030600338 -0.045594600663823565 0.045634419269582192 -0.022483975217704271 0.020628015128877363 0.03185622376083265 -0.02603926566193451 -0.061817282300577682 -0.032967467429391752 0.02298359185837465 -0.06445421611726021 0.0028868139975411905 0.015390833757967806 0.0068291461316062705 -0.047505741022981038 0.048027947737475055 -0.022164273527914429 0.0046230781556781883 0.042171814672029892 -0.016074843506633074 0.02343698021730789 -0.025190470262065195
leaf_weight=79.883376827797065 211.56984007281426 293.2136176200429 7.761745738098397 3.0034755561500779 49.587548356552361 54.17226530960761 49.000923065512325 338.50501753180288 71.101100242114626 14.087324306245135 10.496985685080288 15.784728938666374 3.1900917422026378 57.73533012252301 7.472221818752586 1.622937746811657 8.9778582041144528 44.499347829783801 2.0684809838421634 73.187428956036456 110.58590959105641 60.454064841091167 6.218949199130293 4.8065342474246782 13.388136263529303 174.4545899896184 6.6824604570865658 17.527064432855695 96.206426767806988 6.6402515717782071
leaf_count=744064 14547 241336 61 28 15696 280 1588 3222 527 42988 44 1261 27 247 75 136 1656 689 179 1230 886 674 165 91 190 1386 60 126 554 37
internal_value=0 -0.0182574 0.00555123 0.00334114 -0.0121012 0.0164044 -0.00447899 0.00632851 0.00193421 -0.0152901 0.0102121 0.00459723 0.00939124 0.0101081 0.0123767 0.00862352 -0.00011447 0.0199996 0.005661 0.0121294 0.0178451 -0.000717652 -0.0244053 0.00591474 0.00157243 0.0131757 0.0224455 2.75371e-06 0.0104364 0.0202974
internal_weight=0 441.578 1452.31 1206.6 361.695 245.707 333.524 873.076 409.606 307.301 463.47 121.954 452.973 443.564 366.718 106.17 60.0473 46.1223 51.0694 191.535 118.348 76.8457 9.40904 54.3941 73.8422 359.246 81.9449 24.2095 277.301 102.847
internal_count=1074050 1044175 29875 27418 300111 2457 20056 7362 3749 284324 3613 5509 3569 3377 2485 4248 3423 825 1767 2177 947 892 192 15787 864 2410 433 186 1977 591
is_linear=0
shrinkage=0.05


Tree=92
num_leaves=31
num_cat=0
split_feature=1 1 65 45 50 79 42 3 64 53 4 4 76 73 77 60 42 0 61 82 1 44 42 42 4 4 76 4 60 79
split_gain=73.0869 26.6923 14.2933 9.81177 8.16885 7.93256 7.61518 5.84401 7.1893 5.54949 5.49686 5.83874 5.52785 6.03539 5.06945 5.14779 4.94566 4.82445 4.81471 6.84662 4.50485 4.48712 4.41733 4.66918 4.34082 4.47315 6.91947 4.64592 4.30914 4.27367
threshold=0.37969951586789719 0.0030842274181046617 1.0000000180025095e-35 1.0000000180025095e-35 1.0000000180025095e-35 0.065345000000000014 5094.5000000000009 38.500000000000007 2245.5000000000005 406.50000000000006 642.50000000000011 103185.00000000001 0.056058000000000004 3.5000000000000004 0.031215500000000004 0.042264000000000003 2.5000000000000004 0.0017535000000000003 8.5000000000000018 2.5000000000000004 0.86620967868038068 5.5000000000000009 2787.5000000000005 764.50000000000011 1653.0000000000002 6789.0000000000009 0.10695150000000002 532860.00000000012 0.092001000000000013 0.060835000000000007
decision_type=2 2 2 2 2 2 2 2 2 2 2 2 2 2 2 2 2 2 2 2 2 2 2 2 2 2 2 2 2 2
left_child=1 -1 5 14 9 6 7 -2 10 -3 12 22 13 -9 16 -16 -4 -7 21 -20 -14 24 23 29 -18 26 -26 -27 -17 -12
right_child=2 4 3 -5 -6 17 -8 8 -10 -11 11 -13 20 -15 15 28 18 -19 19 -21 -22 -23 -24 -25 25 27 -28 -29 -30 -31
leaf_value=-0.045930908365085205 0.032945417741166681 -0.014328733134239484 0.0044494162020057553 0.041478150548031861 0.0066479179665976211 -0.034288436609748278 0.036736759448395183 -0.011239743968871415 -0.055830763026215827 -0.042849009095545287 0.0029384347171077397 -0.010040751135399482 -0.044554026978862765 -0.069080449055945986 0.031354526306224345 0.0049967517383043211 0.033161576836121698 0.0065663734670542056 0.020534165866220273 -0.037508967917202971 0.011219219581002554 0.055906812076297885 -0.063397931848299574 0.038486043275419997 0.013300382010542237 0.026411601709862939 -0.062411543629906557 -0.0089453536273792957 0.049485409729049482 -0.033838680119908614
leaf_weight=76.717366361498989 10.07733022564207 239.53189355806762 367.58800631519989 24.987798505462706 45.366627996298575 7.3554848809726527 11.369693828477464 8.2579361901589454 7.0001394072587564 18.363965730546624 205.05505016660391 169.34612222338183 4.9688706362339881 9.9371110556894546 48.60617120214738 54.086750124231912 29.734758932056138 410.67770487320377 11.183828781824561 9.309905191883443 13.341833343089093 8.3354079690761846 2.5332820510957381 8.8995716765421076 7.6275082296924648 34.399527277797461 4.9933210229501128 12.728969389572738 6.051954675698652 8.2157480310997908
leaf_count=744064 167 214325 5344 110 15291 126 147 273 4455 62136 8131 8564 1396 931 337 592 169 6244 75 100 242 47 44 77 65 226 34 141 34 163
internal_value=0 -0.0195831 0.00497182 0.010785 -0.0129178 0.00086475 -0.00367326 -0.00469966 -0.00556666 -0.0163596 -0.00474945 -0.00302989 -0.0233107 -0.0428291 0.00949524 0.0192539 0.00731125 0.00584751 0.0162027 -0.0058337 -0.00391565 0.0208194 0.00225379 0.00300238 0.0175511 0.00978236 -0.0166544 0.016862 0.00947379 0.00152168
internal_weight=0 379.98 1496.67 619.634 303.262 877.036 459.003 447.633 437.556 257.896 430.556 394.05 36.5058 18.195 594.646 108.745 485.901 418.033 118.313 20.4937 18.3107 97.8195 224.704 222.17 89.4841 59.7493 12.6208 47.1285 60.1387 213.271
internal_count=1074050 1035816 38234 7274 291752 30960 24590 24443 24276 276461 19821 16979 2842 1204 7164 963 6201 6370 857 175 1638 682 8415 8371 635 466 99 367 626 8294
is_linear=0
shrinkage=0.05


Tree=93
num_leaves=31
num_cat=0
split_feature=1 1 65 42 53 1 42 76 77 42 42 78 45 71 73 0 42 0 81 40 76 53 42 0 67 48 73 3 70 42
split_gain=70.4357 28.0443 13.5912 9.08358 8.22381 7.30734 6.87121 4.98821 4.79087 5.29219 5.36283 5.19602 4.98394 4.51974 5.13581 4.54197 4.34884 4.21591 4.65759 5.98513 5.65808 4.49903 4.11621 3.97472 3.96269 3.86427 3.88353 3.82469 4.38967 4.08337
threshold=0.48090646582193369 0.0019437620776660012 1.0000000180025095e-35 1993.0000000000002 3.5000000000000004 0.94875966535953815 2.5000000000000004 0.013634500000000003 0.084256500000000012 1508.5000000000002 2.5000000000000004 0.041199000000000006 1.0000000180025095e-35 156.50000000000003 6.5000000000000009 0.085733000000000018 227.50000000000003 0.001433 731.50000000000011 2164.0000000000005 0.041174000000000009 82.500000000000014 3860.0000000000005 0.091251500000000013 0.089498000000000008 1.0000000180025095e-35 8.5000000000000018 813523.00000000012 3.5000000000000004 56.500000000000007
decision_type=2 2 2 2 2 2 2 2 2 2 2 2 2 2 2 2 2 2 2 2 2 2 2 2 2 2 2 2 2 2
left_child=1 -1 5 8 7 6 17 -3 9 10 12 -12 -4 14 -8 -15 25 -2 21 20 -20 23 27 -19 -16 26 -9 -7 29 -29
right_child=2 4 3 -5 -6 22 13 16 -10 -11 11 -13 -14 15 24 -17 -18 18 19 -21 -22 -23 -24 -25 -26 -27 -28 28 -30 -31
leaf_value=-0.046999593734582852 -0.060563025713483779 -0.048130790713696581 0.0055919040310702236 0.042508680283973858 -0.021005348207550956 0.0092920979129418706 0.01232591969153609 -0.013237674276109376 0.025146003874751646 -0.069571910691164016 0.020161770852758595 -0.025190907487999733 0.082217144275116893 -0.048449722237589699 -0.012391750791343609 0.060408222218196021 0.022754266962754163 -0.0083136192226814839 -0.014712915689181406 -0.061098664688897533 0.025392732487873628 -0.040708330927133766 0.04471775102262053 0.035365436441627152 0.054286056889243983 0.011949226191319631 0.0054445628410710756 -0.0033586564101639989 -0.055859110803330114 0.046759089360488199
leaf_weight=68.893327373288685 3.6194833960034876 6.7050650284136273 401.21437662054086 22.104815227910876 152.25469084025349 241.12222843428026 122.48252210098872 126.28189251470485 47.042702329577878 2.1618300285190335 120.28514289844315 6.6654204595834008 2.1334001664072266 6.4436178901851227 37.186533931511804 1.12560461807152 13.840082544792493 262.42778008234745 12.53408520988887 2.8787018752300346 29.473828792233689 10.567802649326039 7.0520513616502276 5.3138171836617394 2.3703006561845532 25.134180723414829 35.675388726865094 74.985154230031185 3.7705710720038033 4.2971123903989783
leaf_count=697189 190 11427 5081 110 253932 1495 2012 56679 314 11 859 52 12 1983 1148 92 660 10098 631 2039 1463 1624 26 66 11 10020 14268 505 35 18
internal_value=0 -0.0177736 0.00533216 0.011051 -0.0121789 0.00117519 -0.00266244 -0.00570664 0.0098511 0.0084998 0.00881807 0.0177806 0.00599719 0.00550315 0.00726723 -0.0322617 -0.00429095 -0.00690016 -0.00629919 0.00864675 0.0134262 -0.00870972 0.00692679 -0.00744673 -0.00839632 -0.00629162 -0.00912242 0.0061047 -0.00314909 -0.000642266
internal_weight=0 428.785 1429.26 601.608 359.891 827.651 496.424 207.637 579.503 532.46 530.298 126.951 403.348 169.609 162.039 7.56922 200.932 326.815 323.196 44.8866 42.0079 278.309 331.227 267.742 39.5568 187.091 161.957 324.175 83.0528 79.2823
internal_count=1074050 1044175 29875 6439 346986 23436 21357 93054 6329 6015 6004 911 5093 5246 3171 2075 81627 16111 15921 4133 2094 11788 2079 10164 1159 80967 70947 2053 558 523
is_linear=0
shrinkage=0.05


Tree=94
num_leaves=31
num_cat=0
split_feature=1 1 65 45 1 50 4 42 57 64 48 84 79 66 3 85 41 81 3 76 60 42 64 76 82 79 81 64 42 64
split_gain=67.2918 27.1189 12.8897 8.14806 7.17433 6.25739 5.21478 5.51648 5.09927 5.03632 4.9414 4.927 5.42181 5.80831 5.84847 5.62137 4.87477 4.78852 4.67966 4.8776 4.49159 4.56745 4.46822 4.19976 7.15773 4.12854 4.04526 3.95198 3.9264 3.91491
threshold=0.48090646582193369 0.0088049481694041625 1.0000000180025095e-35 1.0000000180025095e-35 0.86620967868038068 1.0000000180025095e-35 335368.00000000006 2.5000000000000004 1.0000000180025095e-35 2.0833333333350006 1.0000000180025095e-35 0.70833333333350013 0.076116500000000017 1.0000000180025095e-35 284909.00000000006 9.5000000000000018 1.0000000180025095e-35 525.50000000000011 353214.50000000006 0.066613500000000006 0.029483500000000003 1825.0000000000002 1852.1666666650001 0.069319000000000019 4.5000000000000009 0.049574000000000007 3.5000000000000004 364.16666666650002 821.00000000000011 7.083333333335001
decision_type=2 2 2 2 2 2 2 2 2 2 2 2 2 2 2 2 2 2 2 2 2 2 2 2 2 2 2 2 2 2
left_child=1 25 4 6 10 22 7 8 23 -5 20 12 13 14 15 -6 -14 -17 -16 27 21 -2 28 24 -4 -1 -15 -20 -3 -12
right_child=2 5 3 9 11 -7 -8 -9 -10 -11 29 -13 16 26 18 17 -18 -19 19 -21 -22 -23 -24 -25 -26 -27 -28 -29 -30 -31
leaf_value=-0.04759488521384822 -0.011086059149657927 -0.014034444632891425 0.025995975396409854 0.0049552968989010427 0.014166916154821688 0.0046531381037208655 0.001712718351758671 0.021705866322195566 0.050574680066522971 0.054184519961742339 -0.012954701873629551 0.050599331029029249 0.0075400807017549712 -0.038760777751334213 -0.065419089917862799 -0.030089072495084856 0.03608263196545191 0.026261280129477545 -0.020079521201170528 0.009022793906286913 0.0083520258976455923 0.019903015244952867 -0.04439059697255418 0.0048145633001927804 -0.023444815560924852 -0.016834814534367398 -0.0070586460890736105 0.028109065179961576 0.017016973613195395 0.033396716851842152
leaf_weight=71.468540885818811 224.46800589207123 262.32177829665443 54.557387556647882 7.496173512190583 104.58349077554885 52.547849178768047 153.94729101570556 116.74685749172932 7.1723055792972437 16.925739027559757 6.7232791924034272 5.7777561005204907 241.10144977009622 14.506402632454408 3.3328665713779619 14.232802096987145 15.948753840290008 5.128535190538968 43.525865341653116 35.6348341552075 41.690327372984029 12.55549055591109 11.694695072837474 233.30740981962299 8.4550780984864087 12.873294861939938 32.848369371437002 4.7156313844025126 10.591622418736277 14.128667501605376
leaf_count=705172 16359 161390 620 34 976 10829 1745 781 31 73 483 22 1787 213 46 201 86 66 545 436 811 189 32158 2892 263 131666 562 39 2960 615
internal_value=0 -0.0175426 0.00520896 0.0107885 0.00114033 -0.0111993 0.00958542 0.0124694 0.00891639 0.0390739 -0.00502601 0.00468359 0.00416902 -0.000943963 0.00260531 0.00958536 0.00931101 -0.0151627 -0.00731498 -0.00500619 -0.00678249 -0.00944452 -0.0141262 0.00790807 0.019362 -0.0428999 -0.0167701 -0.0153691 -0.0128294 0.0184517
internal_weight=0 421.498 1419.51 598.608 820.903 337.156 574.186 420.239 303.492 24.4219 299.566 521.337 515.559 258.509 211.154 123.945 257.05 19.3613 87.2092 83.8763 278.714 237.023 284.608 296.32 63.0125 84.3418 47.3548 48.2415 272.913 20.8519
internal_count=1074050 1044175 29875 6439 23436 207337 6332 4587 3806 107 18457 4979 4957 3084 2309 1243 1873 267 1066 1020 17359 16548 196508 3775 883 836838 775 584 164350 1098
is_linear=0
shrinkage=0.05


Tree=95
num_leaves=31
num_cat=0
split_feature=1 1 42 50 67 81 77 3 64 4 44 65 85 71 42 69 70 44 66 79 79 81 66 3 71 76 1 64 81 4
split_gain=63.7189 26.8077 14.5194 9.44904 8.68089 7.103 6.96765 6.91137 5.40492 7.73934 5.92448 5.36923 5.2207 5.02552 4.63472 5.02089 4.35236 3.98421 3.93173 3.85143 6.10145 4.65397 5.09844 4.86331 4.3049 4.24653 3.91514 8.30897 5.20994 8.30758
threshold=0.016616566037286794 0.7740980979447657 1.0000000180025095e-35 1.0000000180025095e-35 0.059568000000000003 5.5000000000000009 0.078854500000000008 84103.500000000015 140.12500000000003 15662.500000000002 6.5000000000000009 1.0000000180025095e-35 14.500000000000002 24.500000000000004 3.5000000000000004 1.0000000180025095e-35 3.5000000000000004 25.500000000000004 1.0000000180025095e-35 0.12595200000000004 0.32344300000000009 2.5000000000000004 1.0000000180025095e-35 30785.000000000004 2.5000000000000004 0.12064600000000002 0.94875966535953815 3.0833333333350006 4.5000000000000009 175.00000000000003
decision_type=2 2 2 2 2 2 2 2 2 2 2 2 2 2 2 2 2 2 2 2 2 2 2 2 2 2 2 2 2 2
left_child=5 2 13 6 7 -1 11 8 12 -10 -11 -4 14 17 19 -16 -8 -2 -17 26 -21 -22 24 -24 -23 -26 27 -3 -28 -30
right_child=1 4 3 -5 -6 -7 16 -9 9 10 -12 -13 -14 -15 15 18 -18 -19 -20 20 21 22 23 -25 25 -27 28 -29 29 -31
leaf_value=-0.013532546400894874 -0.0091199898238305144 0.025583909893248481 -0.0091251133028615455 0.022242974887696002 0.026234705900595276 -0.045700243617707775 0.044948586602729143 0.0018126260798569445 0.0021668288882438513 -0.078758313676263653 0.031236187130905514 0.019119875647937993 -0.027241566310368427 -0.026174714477772278 0.0046443766950109528 0.030958906884618827 -0.011020537647554665 -0.038971478421205512 -0.0097019803536802646 0.020179276451846043 -0.021250034843987919 0.023018280286981104 0.0051219783791184494 0.07821198495891693 -0.077525997104670438 0.010667830105443473 0.001496694935664604 -0.021279609974622041 -0.04362187606812501 0.028444070228742097
leaf_weight=21.950506809609578 264.66471849033132 13.174425441306083 136.98473392080541 50.319145008303167 53.5972081591608 78.649202238374301 11.721303204420112 573.18011306873814 58.65623181668343 5.3613386976066968 1.5864283186383543 19.181574225410259 8.5073319329239876 61.591914254660878 33.212056268472224 74.697626843815669 4.9363533179275683 11.670525208997786 6.4593500633491194 127.72326628456358 17.836058649467304 5.3103459225967544 4.5731573775410634 4.5306952837854624 3.1972727486863732 2.3815639670938253 88.625816001789644 33.532756090222392 4.3988056886009863 44.001790194306523
leaf_count=153611 58716 200 64140 1833 289 729626 575 6758 1208 162 16 1424 220 47208 278 441 57 4254 102 869 142 29 40 14 29 21 578 919 51 240
internal_value=0 0.00225504 -0.00672332 0.00317487 0.00658077 -0.0386814 -0.00237697 0.00563257 0.00970407 -0.00374364 -0.0536426 -0.00565584 0.0115725 -0.0132594 0.0122847 0.0210209 0.0283626 -0.0103807 0.0277227 0.00942418 0.0149554 -0.00268231 0.0138822 0.0414965 -0.0092046 -0.0398767 0.00444035 -0.00806109 0.00870162 0.0218945
internal_weight=0 1725.61 561.07 223.143 1164.54 100.6 172.824 1110.95 537.766 65.604 6.94777 156.166 472.162 337.927 463.655 114.369 16.6577 276.335 81.157 349.286 165.552 37.8291 19.993 9.10385 10.8892 5.57884 183.734 46.7072 137.026 48.4006
internal_count=1074050 190813 178207 68029 12606 883237 66196 12317 5559 1386 178 65564 4173 110178 3953 821 632 62970 543 3132 1144 275 133 54 79 50 1988 1119 869 291
is_linear=0
shrinkage=0.05


Tree=96
num_leaves=31
num_cat=0
split_feature=1 1 1 42 67 53 42 76 53 73 0 76 69 42 77 58 61 4 42 44 0 77 42 81 40 44 76 71 76 64
split_gain=61.1969 25.5173 12.0877 10.0707 9.3824 7.42888 5.30156 4.9553 6.12786 5.69906 5.0334 4.74182 4.29908 4.99578 4.2531 5.12821 4.24808 4.15064 4.14195 4.1371 4.07451 4.59254 3.98085 3.71061 4.65517 4.5685 3.71192 3.70053 3.9656 3.54807
threshold=0.48090646582193369 0.0019437620776660012 0.94875966535953815 1.5000000000000002 0.096819500000000017 3.5000000000000004 20.500000000000004 0.048798500000000009 10.500000000000002 6.5000000000000009 0.071234000000000006 0.013634500000000003 1.0000000180025095e-35 4462.5000000000009 0.036908500000000004 0.032581500000000006 13.500000000000002 126565.50000000001 4462.5000000000009 41.500000000000007 0.0021160000000000003 0.062645500000000007 742.50000000000011 438.50000000000006 2164.0000000000005 17.500000000000004 0.027756500000000003 94.500000000000014 0.10695150000000002 22.100000000000005
decision_type=2 2 2 2 2 2 2 2 2 2 2 2 2 2 2 2 2 2 2 2 2 2 2 2 2 2 2 2 2 2
left_child=1 -1 3 14 6 11 -4 9 16 22 -10 -3 13 -8 15 23 17 -9 -7 -13 -11 -22 -5 27 25 26 -25 28 -2 -18
right_child=2 5 4 7 -6 18 12 8 10 20 -12 19 -14 -15 -16 -17 29 -19 -20 -21 21 -23 -24 24 -26 -27 -28 -29 -30 -31
leaf_value=-0.046553656513497355 -0.011853595603093247 -0.048156220641899602 0.0073748387035322887 -0.0012246129757731124 0.050195176444546512 -0.021310084283591945 0.0014075022444484408 0.024574427614646583 -0.024481954199756933 0.038673795050489582 0.039139875290117171 -0.0030888314924108502 0.034588253577924243 0.051673597406243311 0.0079729791057093387 0.070734149522954107 -0.019643856789572981 0.0077273587758785629 0.049375501877232782 -0.055963512297220623 -0.041072048431542441 0.056897496578895937 0.029917812329466848 -0.019868943138203449 -0.059998702222168188 -0.056524459099898075 0.016887533820957142 -0.038524992449423257 0.0005841761903934992 0.020652934751800772
leaf_weight=61.961941189784284 206.85166766541079 6.3085880092789912 597.64713261302677 53.853066907526227 14.042997930198906 144.30030295808842 29.695793524384499 95.1294308538927 17.598628057869067 2.1750653147173606 3.7757582077319958 191.2136170695087 34.224336298881099 5.9301269426941863 59.82073038443923 2.1424793443875378 14.77275284624193 59.381359318213072 2.1026460391892661 3.772466458543021 16.278106695797764 1.2910971627570678 12.677057982305994 8.1349121042730967 2.6430239111941765 2.6174727711040751 44.126328099264356 10.26901943690609 92.853765995852882 8.6674437187612039
leaf_count=697189 8600 11427 3646 994 58 252423 179 1061 3080 37 289 79659 170 22 1111 26 179 598 1509 1968 745 14 94 463 1911 201 2136 1301 2854 106
internal_value=0 -0.016993 0.00498448 0.000443176 0.00974914 -0.0117251 0.00889822 0.00771949 0.0120525 -0.00229125 -0.0132432 -0.00549217 0.0219325 0.00977457 -0.00439573 -0.00639743 0.0150908 0.0180998 -0.0202949 -0.00411182 -0.0258808 -0.0338726 0.00470946 -0.0068471 0.00481598 0.00793753 0.0111661 -0.00901141 -0.00800017 -0.00474338
internal_weight=0 409.66 1396.6 715.059 681.54 347.698 667.497 285.6 199.325 86.2744 21.3744 201.295 69.8503 35.6259 429.459 369.639 177.951 154.511 146.403 194.986 19.7443 17.5692 66.5301 367.496 57.5217 54.8787 52.2612 309.974 299.705 23.4402
internal_count=1074050 1044175 29875 25800 4075 346986 4017 7197 5313 1884 3369 93054 371 201 18603 17492 1944 1659 253932 81627 796 759 1088 17466 4711 2800 2599 12755 11454 285
is_linear=0
shrinkage=0.05


Tree=97
num_leaves=31
num_cat=0
split_feature=1 1 65 45 50 1 48 3 53 59 42 42 66 66 77 65 66 4 60 76 60 76 34 0 79 4 0 53 3 73
split_gain=58.2006 22.6524 12.3727 8.48164 7.89655 7.75465 5.75143 5.65172 5.51293 4.99308 4.5248 4.40687 4.36981 4.31005 4.17365 4.01737 4.09632 3.83033 3.6407 3.58075 3.56549 4.60656 3.54119 3.47572 3.44548 3.50971 4.1026 4.32207 6.63301 4.09906
threshold=0.37969951586789719 0.0019437620776660012 1.0000000180025095e-35 1.0000000180025095e-35 1.0000000180025095e-35 0.86620967868038068 1.0000000180025095e-35 945202.50000000012 392.50000000000006 43.500000000000007 2.5000000000000004 5.5000000000000009 1.0000000180025095e-35 1.5000000000000002 0.041014500000000002 1.0000000180025095e-35 1.0000000180025095e-35 189759.50000000003 0.043715000000000011 0.27818150000000003 0.049833000000000009 0.050523000000000005 1.0000000180025095e-35 0.001433 0.41276600000000002 120938.00000000001 0.075419000000000014 2.5000000000000004 182918.50000000003 6.5000000000000009
decision_type=2 2 2 2 2 2 2 2 2 2 2 2 2 2 2 2 2 2 2 2 2 2 2 2 2 2 2 2 2 2
left_child=1 -1 5 10 8 6 9 11 15 13 14 22 -13 23 -4 20 -17 -12 -16 -18 -3 -22 -7 -2 25 26 27 -25 -29 -30
right_child=2 4 3 -5 -6 7 -8 -9 -10 -11 17 12 -14 -15 18 16 19 -19 -20 -21 21 -23 -24 24 -26 -27 -28 28 29 -31
leaf_value=-0.046365978432646789 -0.070157265747054748 -0.018028572873777165 0.0041519098692996172 0.039404864154941904 0.0070425382360527452 0.0042091405636746756 0.017930789304158035 -0.0042358967179527253 -0.042626716877908574 -0.038728300490530318 0.021316045631132836 0.021673245008295445 -0.02346600907267328 -0.019643596421239931 0.03741553134884975 0.014288481339071674 -0.049444312319125008 0.0044099329832048666 0.0096285195857145622 0.2912591266450843 0.058486534921662087 -0.0074848244379202566 0.051012296561719989 0.0091742861240584131 -0.045852831636243221 -0.0085372964730683707 0.039100733334398716 -0.026321219853183333 0.020398622176714686 -0.028528661954722874
leaf_weight=59.485420004600883 1.9282231190591108 190.37612312985993 364.74472560617141 23.504025903530419 43.864683633614277 290.2467709715711 24.59238222418935 136.8704443119932 17.990916486794731 12.060958286605453 107.09035279406817 71.391419412451796 5.7969544198713256 47.980198399918663 18.081073234556243 20.359613804065933 3.706393316323783 48.757185055874288 33.869186359283049 0.078757639503237331 3.3831703045584609 12.145672146890318 4.0985349379479876 73.341061511397129 4.5552643922856069 110.87498426250204 7.6303034774009566 27.857653321498219 18.957420424405431 5.5293495013702332
leaf_count=697189 96 225150 5428 110 17720 2815 1515 1478 72383 3114 791 529 140 5104 139 12056 3679 389 417 5 405 7229 17 2368 99 7012 542 4532 1061 538
internal_value=0 -0.0182439 0.00445265 0.00996725 -0.0125131 0.000556822 -0.00534569 0.00444971 -0.0159714 -0.00718797 0.00875877 0.00764942 0.0182832 -0.00591423 0.00604041 -0.0138868 0.00540849 0.0160269 0.0192997 -0.0423553 -0.0161494 0.00688794 0.00486084 -0.00328637 -0.002768 -0.00196427 0.00350233 0.00134116 -0.00963402 0.00935037
internal_weight=0 351.391 1439.76 596.047 291.905 843.712 335.308 508.404 248.041 310.715 572.543 371.534 77.1884 298.654 416.695 230.05 24.1448 155.848 51.9503 3.78515 205.905 15.5288 294.345 250.674 248.746 244.191 133.316 125.685 52.3444 24.4868
internal_count=1074050 1035816 38234 7274 338627 30960 25981 4979 320907 24466 7164 3501 669 21352 5984 248524 15740 1180 556 3684 232784 7634 2832 16248 16152 16053 9041 8499 6131 1599
is_linear=0
shrinkage=0.05


Tree=98
num_leaves=31
num_cat=0
split_feature=1 1 1 42 45 77 66 79 61 4 81 3 4 4 42 67 53 73 3 0 0 71 85 71 71 60 4 82 44 85
split_gain=55.4943 18.6129 12.3202 10.6286 8.92236 7.11574 5.41834 5.29875 5.23267 5.25894 5.18105 5.08303 7.6921 5.59411 5.54666 4.86716 4.64275 4.54805 4.44938 5.13088 4.50488 3.96897 3.90766 3.75872 4.04706 3.69148 3.68103 3.57613 3.44085 3.42058
threshold=0.07939372682956107 0.86620967868038068 0.0019437620776660012 1.0000000180025095e-35 1.0000000180025095e-35 0.063548500000000022 1.0000000180025095e-35 0.054978000000000006 3.5000000000000004 3185.5000000000005 694.50000000000011 8.9884656743000007e+307 48730.000000000007 61653.000000000007 5.5000000000000009 0.067069500000000018 2.5000000000000004 1.0000000180025095e-35 68784.500000000015 0.0090165000000000019 0.0085455000000000027 8.5000000000000018 8.5000000000000018 22.500000000000004 73.500000000000014 0.031135500000000003 532860.00000000012 7.5000000000000009 12.500000000000002 8.5000000000000018
decision_type=2 2 2 2 2 2 2 2 2 2 2 2 2 2 2 2 2 2 2 2 2 2 2 2 2 2 2 2 2 2
left_child=2 3 -1 7 11 6 8 17 10 -10 29 14 -13 -14 -3 21 -16 27 28 20 25 22 -4 -15 -25 -20 -11 -2 -9 -5
right_child=1 4 15 5 -6 -7 -8 18 9 26 -12 12 13 23 16 -17 -18 -19 19 -21 -22 -23 -24 24 -26 -27 -28 -29 -30 -31
leaf_value=-0.046156872282053486 -0.027914316219138938 0.0065191827524516549 -0.0055592693826811935 0.002384802805793557 0.03615098813073863 0.022224795723042493 -0.021233100830103699 0.017439582259198852 -0.022422954618210117 0.024461451147608382 -0.030124965455036807 -0.066932945032424015 0.066765504185256022 0.0018799242534169539 0.023258071676493051 0.085105288595516596 0.00096768275824643643 -0.0092576527058266245 -0.0043332404959780689 -0.01317530357631295 0.062754886679073543 -0.029833742314377382 -0.040727780142961668 -0.075266704476664045 0.00093609581199944757 0.05882282728789312 0.00070647458957131257 0.017198648092357827 -0.022551025766556973 -0.039621775149024381
leaf_weight=57.161693891403047 67.145481689944063 546.20296257239534 54.903514185275526 96.204256664366767 25.875983103178442 43.231759281014092 26.326335559831932 35.390241002118273 9.6216250987381482 50.868577297420416 16.273714524909337 4.1442912290804079 3.2641320079565039 261.28343072521966 99.322256546467543 1.1415295467600106 30.544383897795342 128.62595148467153 18.77490927968757 91.31737025075563 3.7651554871699764 46.260117349830807 9.2258290007318902 3.3205264734569928 3.6659971039043739 2.6389249801286487 24.003200247214409 4.7004075740514955 6.3428800386245703 5.1033214392555228
leaf_count=697189 17767 4857 72115 11605 136 950 7348 2104 1762 1802 10027 60 19 2123 549 38 410 26541 1393 8229 42 180473 22610 57 90 46 1135 728 899 946
internal_value=0 0.00286223 -0.0272824 -0.00383724 0.00718178 0.00362379 0.000102987 -0.00948723 0.00288266 0.0123741 -0.00393787 0.00639417 0.000671948 0.00170377 0.0087275 -0.0176089 0.0180154 -0.0148862 -0.00264696 -0.0076653 0.012318 -0.018671 -0.0106187 0.00091214 -0.0352813 0.00344977 0.0168458 -0.0249629 0.0113615 0.000268741
internal_weight=0 1607.96 168.693 630.334 977.624 271.633 228.401 358.701 202.075 84.4934 117.581 951.748 275.678 271.534 676.07 111.531 129.867 200.472 158.229 116.496 25.179 110.389 64.1293 268.27 6.98652 21.4138 74.8718 71.8459 41.7331 101.308
internal_count=1074050 101625 972425 93324 8301 35575 34625 57749 27277 4699 22578 8165 2349 2289 5816 275236 959 45036 12713 9710 1481 275198 94725 2270 147 1439 2937 18495 3003 12551
is_linear=0
shrinkage=0.05


Tree=99
num_leaves=31
num_cat=0
split_feature=1 1 1 42 67 50 3 71 42 71 0 63 77 76 0 0 71 76 73 42 85 4 79 4 73 43 61 4 44 73
split_gain=53.7751 21.4475 11.1077 8.89087 8.84358 7.18331 5.19539 5.15752 4.88536 4.71122 5.10129 4.48452 4.33579 4.5559 4.23023 4.17911 4.10713 4.00694 4.55426 4.03915 3.93318 5.02023 3.77547 3.73964 5.71457 4.69355 3.62687 4.09468 3.86206 3.48743
threshold=0.42569895731548962 0.0019437620776660012 0.94875966535953815 1.5000000000000002 0.096819500000000017 1.0000000180025095e-35 8.9884656743000007e+307 8.5000000000000018 19.500000000000004 18.500000000000004 0.0075560000000000011 0.032581500000000006 0.078854500000000008 0.49069550000000006 0.001433 0.051531500000000001 4.5000000000000009 0.048798500000000009 6.5000000000000009 742.50000000000011 6.5000000000000009 728670.50000000012 0.10911300000000002 746738.00000000012 1.0000000180025095e-35 1.5000000000000002 12.500000000000002 126565.50000000001 8.5000000000000018 7.5000000000000009
decision_type=2 2 2 2 2 2 2 2 2 2 2 2 2 2 2 2 2 2 2 2 2 2 2 2 2 2 2 2 2 2
left_child=1 -1 3 11 6 7 8 20 -4 17 -11 14 13 -9 -2 -15 -8 18 19 -5 21 29 -18 25 -25 -16 27 -19 -29 -3
right_child=2 5 4 9 -6 -7 16 12 -10 10 -12 -13 -14 15 23 -17 22 26 -20 -21 -22 -23 -24 24 -26 -27 -28 28 -30 -31
leaf_value=-0.045936631267498376 -0.060757978883063446 -0.0045148878800513386 0.0091379404995096999 9.2781888092061687e-05 0.050416344923872258 0.0058883102564017001 0.003132548355412477 -0.034175798697971008 0.0250139976063956 -0.064671912857242483 -0.0037033409087929695 0.038800809149095852 0.026739629266551924 -0.022332910431881514 -0.0024277755496232901 0.017819471698879853 -0.043218085041457022 0.02265671664679713 -0.022840144190872217 0.033128820561306192 -0.021318101541371533 -0.023727466588656796 0.010267604949577571 -0.030952836716151479 -0.0048130480559210112 0.074995602425194208 -0.0042384355948267899 0.0084941046917569717 -0.057573885509935863 0.01877073406261473
leaf_weight=54.911496913365454 3.365610033783013 63.369510049837118 434.03200978867244 50.342629169957945 12.703178265132008 47.394640094205442 154.38615035451949 63.178424232455654 54.546118751983158 3.9081247392969081 28.096721565561893 5.9456062737153834 4.0018168827459695 23.01836653094324 330.20905393578869 9.0197238039827408 9.5036273908335698 94.647081529714342 17.3385116475838 11.33576707029715 50.551435428916648 25.97012666105411 5.0540361013263455 30.726585350657842 65.433429528397028 1.9691538426559407 25.312410437589278 57.724092266347725 2.3000944037921718 21.546680565714269
leaf_count=697189 210 35567 2746 912 58 17968 823 168661 300 585 4034 90 2383 39178 15643 9134 108 1159 707 76 43951 15163 40 2552 3077 16 349 638 28 10705
internal_value=0 -0.0171489 0.00444956 0.000176487 0.00909517 -0.0120174 0.00829685 -0.0152731 0.0109104 0.00694968 -0.0111482 -0.0043272 -0.0242446 -0.0263874 -0.00492118 -0.0110288 0.000738626 0.00918605 -0.00019999 0.00616442 -0.00975934 -0.00448986 -0.0246493 -0.00448245 -0.0131657 -0.00196881 0.0133067 0.0161781 0.00596242 0.00139362
internal_weight=0 362.962 1398.88 728.655 670.225 308.051 657.522 260.656 488.578 291.005 32.0048 437.649 99.2183 95.2165 431.704 32.0381 168.944 259.001 79.0169 61.6784 161.438 110.886 14.5577 428.338 96.16 332.178 179.984 154.671 60.0242 84.9162
internal_count=1074050 1039899 34151 30076 4075 342710 4017 324742 3046 8488 4619 21588 219356 216973 21498 48312 971 3869 1695 988 105386 61435 148 21288 5629 15659 2174 1825 666 46272
is_linear=0
shrinkage=0.05


end of trees

feature_importances:
Column_1=437
Column_42=337
Column_4=222
Column_76=182
Column_71=157
Column_79=155
Column_77=142
Column_3=141
Column_0=131
Column_53=124
Column_64=96
Column_81=96
Column_73=77
Column_65=63
Column_69=63
Column_40=50
Column_67=48
Column_85=47
Column_61=44
Column_44=43
Column_59=43
Column_66=42
Column_48=38
Column_50=36
Column_60=33
Column_84=24
Column_57=23
Column_45=21
Column_82=16
Column_55=12
Column_41=10
Column_78=9
Column_70=8
Column_38=7
Column_35=5
Column_74=4
Column_39=3
Column_46=3
Column_2=2
Column_30=1
Column_34=1
Column_43=1
Column_54=1
Column_58=1
Column_63=1

parameters:
[boosting: gbdt]
[objective: lambdarank]
[metric: ndcg]
[tree_learner: serial]
[device_type: cpu]
[data_sample_strategy: bagging]
[data: ]
[valid: ]
[num_iterations: 100]
[learning_rate: 0.05]
[num_leaves: 31]
[num_threads: 0]
[seed: 0]
[deterministic: 0]
[force_col_wise: 0]
[force_row_wise: 0]
[histogram_pool_size: -1]
[max_depth: -1]
[min_data_in_leaf: 20]
[min_sum_hessian_in_leaf: 0.001]
[bagging_fraction: 1]
[pos_bagging_fraction: 1]
[neg_bagging_fraction: 1]
[bagging_freq: 0]
[bagging_seed: 3]
[feature_fraction: 1]
[feature_fraction_bynode: 1]
[feature_fraction_seed: 2]
[extra_trees: 0]
[extra_seed: 6]
[early_stopping_round: 0]
[early_stopping_min_delta: 0]
[first_metric_only: 0]
[max_delta_step: 0]
[lambda_l1: 0]
[lambda_l2: 0]
[linear_lambda: 0]
[min_gain_to_split: 0]
[drop_rate: 0.1]
[max_drop: 50]
[skip_drop: 0.5]
[xgboost_dart_mode: 0]
[uniform_drop: 0]
[drop_seed: 4]
[top_rate: 0.2]
[other_rate: 0.1]
[min_data_per_group: 100]
[max_cat_threshold: 32]
[cat_l2: 10]
[cat_smooth: 10]
[max_cat_to_onehot: 4]
[top_k: 20]
[monotone_constraints: ]
[monotone_constraints_method: basic]
[monotone_penalty: 0]
[feature_contri: ]
[forcedsplits_filename: ]
[refit_decay_rate: 0.9]
[cegb_tradeoff: 1]
[cegb_penalty_split: 0]
[cegb_penalty_feature_lazy: ]
[cegb_penalty_feature_coupled: ]
[path_smooth: 0]
[interaction_constraints: ]
[verbosity: 0]
[saved_feature_importance_type: 0]
[use_quantized_grad: 0]
[num_grad_quant_bins: 4]
[quant_train_renew_leaf: 0]
[stochastic_rounding: 1]
[linear_tree: 0]
[max_bin: 255]
[max_bin_by_feature: ]
[min_data_in_bin: 3]
[bin_construct_sample_cnt: 200000]
[data_random_seed: 1]
[is_enable_sparse: 1]
[enable_bundle: 1]
[use_missing: 1]
[zero_as_missing: 0]
[feature_pre_filter: 1]
[pre_partition: 0]
[two_round: 0]
[header: 0]
[label_column: ]
[weight_column: ]
[group_column: ]
[ignore_column: ]
[categorical_feature: ]
[forcedbins_filename: ]
[precise_float_parser: 0]
[parser_config_file: ]
[objective_seed: 5]
[num_class: 1]
[is_unbalance: 0]
[scale_pos_weight: 1]
[sigmoid: 1]
[boost_from_average: 1]
[reg_sqrt: 0]
[alpha: 0.9]
[fair_c: 1]
[poisson_max_delta_step: 0.7]
[tweedie_variance_power: 1.5]
[lambdarank_truncation_level: 30]
[lambdarank_norm: 1]
[label_gain: ]
[lambdarank_position_bias_regularization: 0]
[eval_at: ]
[multi_error_top_k: 1]
[auc_mu_weights: ]
[num_machines: 1]
[local_listen_port: 12400]
[time_out: 120]
[machine_list_filename: ]
[machines: ]
[gpu_platform_id: -1]
[gpu_device_id: -1]
[gpu_use_dp: 0]
[num_gpu: 1]

end of parameters

pandas_categorical:null
