tree
version=v4
num_class=1
num_tree_per_iteration=1
label_index=0
max_feature_idx=81
objective=lambdarank
feature_names=Column_0 Column_1 Column_2 Column_3 Column_4 Column_5 Column_6 Column_7 Column_8 Column_9 Column_10 Column_11 Column_12 Column_13 Column_14 Column_15 Column_16 Column_17 Column_18 Column_19 Column_20 Column_21 Column_22 Column_23 Column_24 Column_25 Column_26 Column_27 Column_28 Column_29 Column_30 Column_31 Column_32 Column_33 Column_34 Column_35 Column_36 Column_37 Column_38 Column_39 Column_40 Column_41 Column_42 Column_43 Column_44 Column_45 Column_46 Column_47 Column_48 Column_49 Column_50 Column_51 Column_52 Column_53 Column_54 Column_55 Column_56 Column_57 Column_58 Column_59 Column_60 Column_61 Column_62 Column_63 Column_64 Column_65 Column_66 Column_67 Column_68 Column_69 Column_70 Column_71 Column_72 Column_73 Column_74 Column_75 Column_76 Column_77 Column_78 Column_79 Column_80 Column_81
feature_infos=[1.7307033847328553e-09:0.99975985096384834] [0:1] [1:1.7976931348599999e+308] [1:1.7976931348599999e+308] none none none none none none none none none none none none none none none none none none none [0:1] [0:1] none none none [0:1] [0:2] [0:33] [0:1] [0:1] [0:82] [0:1] [0:1] [0:342737] [0:36] [0:3] [0:1] [0:31591] [0:1] [0:788] [0:17] [0:114] [0:125] [0:2] [0:1] [1:441993] [0:1] [0:1] [0:1] [0:36] [0:0.124639] [0:0.13569000000000001] [0:1] [0:2] [0:97] [1:320498] [0:0.10625] [0:951] [0:70] [1:20421] [0:0.189973] [0:1] [0:141] [0:0.72638000000000003] [0:0.189973] [0:130] [0:6] [0:65] [0:0.11750099999999999] [1:441993] [0:21] [0:182] [0:2] [517:749] [0:4] [0:4] [0:332847] [0:1] [0:0.124639]
tree_sizes=3481 3471 3490 3483 3484 3467 3495 3491 3480 3477 3495 3500 3484 3474 3499 3513 3486 3493 3485 3499 3500 3493 3481 3490 3484 3488 3487 3498 3488 3483 3492 3512 3498 3489 3478 3486 3472 3509 3501 3489 3500 3477 3485 3491 3494 3477 3481 3474 3491 3499 3515 3494 3502 3488 3486 3507 3487 3476 3497 3494 3479 3478 3493 3469 3502 3491 3481 3511 3509 3482 3514 3484 3483 3488 3482 3498 3484 3495 3486 3473 3502 3488 3506 3496 3505 3492 3486 3517 3475 3487 3488 3471 3470 3499 3479 3512 3498 3485 3513 3493

Tree=0
num_leaves=31
num_cat=0
split_feature=0 48 0 58 0 36 3 0 36 76 76 58 2 76 3 36 0 48 3 76 3 68 40 36 70 0 40 0 76 62
split_gain=7090.3 288.54 167.36 107.249 85.5982 78.9795 48.2226 42.3731 27.0562 26.7915 26.5505 23.5497 24.9436 20.7143 19.4716 16.7878 13.1883 19.4212 18.2557 11.8094 11.7417 10.8847 10.5238 16.4121 10.0826 9.9996 9.75722 9.08806 9.08022 8.56315
threshold=0.15548050853772452 70.500000000000014 0.030380062479932603 4.5000000000000009 0.48090646582193369 10300.500000000002 999189.50000000012 0.48090646582193369 997.50000000000011 575.50000000000011 577.50000000000011 3.5000000000000004 201361.00000000003 669.50000000000011 1.5000000000000002 270.50000000000006 0.0088049481694041625 3.5000000000000004 877486.50000000012 569.50000000000011 397.00000000000006 2.5000000000000004 1.0000000180025095e-35 1316.5000000000002 5.5000000000000009 0.0048211075022283351 22.500000000000004 0.7740980979447657 635.50000000000011 16.500000000000004
decision_type=2 2 2 2 2 2 2 2 2 2 2 2 2 2 2 2 2 2 2 2 2 2 2 2 2 2 2 2 2 2
left_child=2 4 13 6 11 7 20 10 15 -8 -3 19 -13 16 -6 -5 -1 18 -18 26 -4 -12 23 -11 -10 -15 -2 -16 -19 -23
right_child=1 5 3 8 14 -7 9 -9 24 22 21 12 -14 25 27 -17 17 28 -20 -21 -22 29 -24 -25 -26 -27 -28 -29 -30 -31
leaf_value=-0.098955707293143791 -0.044259526485459937 -0.09376529621075734 -0.099999999999999645 -0.085334000308683711 -0.10000000000000001 -0.093251632888986011 -0.093028315468899725 0.061197405486995676 -0.091236255638795033 -0.039385139893775026 -0.089546801845073298 0.052556011452349866 -0.031495967667259588 -0.084522897431986654 0.084821852690414715 0.022456115490169591 0.022186848872005858 -0.095306452936203781 -0.069641697379987585 0.071386679450113733 0.077182082601601837 -0.011609127310724755 0.060700714493363409 0.067187461591683234 0.048996761787554605 0.064308022279059143 0.071853295983967058 0.097432473895542493 0.0034774601772120436 0.069987070449266428
leaf_weight=887.92945118060197 4.2769152279433902 9.357915595435772 0.97654966509435581 5.605435984290124 1.2775584114715446 20.867123807080134 9.9140073310918506 29.828744907455985 66.924592980574744 15.227412843341886 2.1921921386128806 19.926558787548856 15.84609399700639 1.8271694657596516 171.58660758296537 10.158652189609709 7.6020798395329647 80.382904049713943 18.789704533715849 66.645947083372448 21.998176016553771 6.1615011277972354 6.1505835841016951 4.7361327539038021 1.3068056332122058 2.9518866676953621 3.1358498965855688 853.63696225043168 2.3956195785722221 6.7246740092668915
leaf_count=835833 3725 7469 730 2486 35 10165 4265 4417 37211 3866 949 7301 4609 883 11160 15027 13315 62030 8287 8168 15395 1972 573 814 213 307 360 11113 830 542
internal_value=0 0.0843155 -0.0892194 -0.0386185 0.09059 -0.0105826 0.0130459 0.021207 -0.0749103 -0.0230504 -0.0276082 0.0486367 0.0153238 -0.0964417 0.0950788 -0.0158722 -0.0969394 -0.0805398 -0.0431907 0.0647278 0.0696509 0.0134502 0.0035161 -0.014102 -0.0885504 0.00740572 0.00486012 0.0953219 -0.0924476 0.030972
internal_weight=0 1211.46 1144.88 142.998 1136.33 75.1322 59.0029 54.265 83.9955 36.0281 24.4363 109.831 35.7727 1001.88 1026.5 15.7641 997.1 109.17 26.3918 74.0587 22.9747 15.0784 26.1141 19.9635 68.2314 4.77906 7.41277 1025.22 82.7785 12.8862
internal_count=1074050 71985 1002065 80580 46471 25514 25643 15349 54937 9518 10932 24163 11910 921485 22308 17513 920295 84462 21602 12253 16125 3463 5253 4680 37424 1190 4085 22273 62860 2514
is_linear=0
shrinkage=0.05


Tree=1
num_leaves=31
num_cat=0
split_feature=0 58 0 0 40 76 0 40 76 40 79 76 79 0 40 76 0 57 40 0 0 72 36 2 76 42 76 74 76 76
split_gain=17144.3 510.247 483.528 204.782 192.036 185.169 180.072 111.624 101.637 70.4803 66.2486 65.6771 63.4663 55.8444 52.5567 50.0571 38.9147 38.448 36.2525 31.6159 30.773 30.4744 29.3238 27.896 30.8089 25.4252 24.1914 36.4597 23.5811 23.4965
threshold=0.48090646582193369 7.5000000000000009 0.043984350660107828 0.86620967868038068 1.0000000180025095e-35 576.50000000000011 0.86620967868038068 13.500000000000002 577.50000000000011 1.0000000180025095e-35 151.50000000000003 616.50000000000011 177.50000000000003 0.94875966535953815 336.50000000000006 681.50000000000011 0.23938287544958989 1.0000000180025095e-35 764.50000000000011 0.60678019017954943 0.60678019017954943 63.100000000000009 1761.5000000000002 425782.50000000006 565.50000000000011 1.0000000180025095e-35 575.50000000000011 6.5000000000000009 657.50000000000011 616.50000000000011
decision_type=2 2 2 2 2 2 2 2 2 2 2 2 2 2 2 2 2 2 2 2 2 2 2 2 2 2 2 2 2 2
left_child=2 3 -1 4 8 14 10 11 20 13 18 12 16 23 -4 -15 -7 -16 19 -3 -2 29 -23 -5 -25 -10 27 -6 -12 -21
right_child=1 6 5 9 26 7 -8 -9 25 -11 28 -13 -14 15 17 -17 -18 -19 -20 21 -22 22 -24 24 -26 -27 -28 -29 -30 -31
leaf_value=-0.089541667813999817 -0.066954327421539006 -0.05862598967130337 -0.082756066750464402 0.064899741771822325 0.064815714043979719 -0.049664277365912994 0.050602111135459198 0.052528039499758261 0.026218386609576674 0.086957605280814421 -0.076541923698233233 -0.00046024774615700998 -0.092687888927374049 0.079525632939080604 -0.081350279819205742 0.02516233035673647 -0.008952902595830382 0.065506105544330381 0.075728174367054674 -0.044409571705944874 0.0018860305940138955 0.054463273444754025 -0.037146887984072917 -0.066010583072840259 0.044451037467223793 0.051294177645673761 0.080780037065488253 -0.023476447756577683 0.044468290972925602 0.034684262297680513
leaf_weight=2903.6361088667909 19.68233352684183 28.876380018424243 253.37867897201795 423.22471294389106 102.10213158512488 151.62630684309988 140.0395061338786 42.376149559553596 151.65354343940271 1241.8568226713687 55.00910013075918 115.08080385462381 56.380216045174166 1151.7693893980468 7.596772371936825 43.960408942773938 95.773920576422825 10.782970631378701 12.76584311656188 39.07144606608199 92.657537352119107 33.760266624274664 11.784322183346374 6.6201726468279949 135.77057380694896 303.17016224074177 389.1156633583596 13.204729825258253 4.3437651948770499 12.360322904307393
leaf_count=942535 1390 1739 55300 1722 1049 17171 1161 1930 2219 2246 5574 6857 11411 2445 2558 95 6095 318 104 1120 2177 493 694 99 533 2726 1655 493 29 112
internal_value=0 0.0662431 -0.0803813 0.0711399 0.0523752 -0.0440943 0.00721067 -0.0248043 0.0324138 0.0778354 -0.0234832 -0.032628 -0.044814 0.0714037 -0.0768339 0.077527 -0.033904 0.00480697 -0.00455686 -0.0127006 -0.010175 0.000974529 0.0307598 0.058459 0.0393153 0.0429331 0.0748194 0.0547047 -0.0676857 -0.0254014
internal_weight=0 4412.8 3636.63 4074.79 1071.59 732.996 338.011 461.237 567.164 3003.2 197.971 418.861 303.78 1761.35 271.758 1195.73 247.4 18.3797 138.619 125.853 112.34 96.9764 45.5446 565.615 142.391 454.824 504.423 115.307 59.3529 51.4318
internal_count=1074050 29875 1044175 18849 11709 101640 11026 43464 8512 7140 9865 41534 34677 4894 58176 2540 23266 2876 4262 4158 3567 2419 1187 2354 632 4945 3197 1542 5603 1232
is_linear=0
shrinkage=0.05


Tree=2
num_leaves=31
num_cat=0
split_feature=0 0 0 79 58 36 40 76 40 40 0 36 76 76 72 79 76 40 76 54 54 36 50 0 76 0 72 68 3 68
split_gain=15683.7 439.369 358.862 198.653 180.308 92.66 61.7663 63.5997 60.8996 59.1979 59.5114 59.8009 51.5029 31.3148 30.3325 29.4319 23.2562 23.0504 22.6895 20.0915 19.0498 18.9717 18.0117 19.2304 17.8905 17.0891 16.0638 15.9571 15.5061 14.8412
threshold=0.33581906297173442 0.043984350660107828 0.68981449621504665 6.5000000000000009 4.5000000000000009 1618.5000000000002 13.500000000000002 575.50000000000011 1.0000000180025095e-35 5.5000000000000009 0.94875966535953815 18470.500000000004 591.50000000000011 691.50000000000011 1570.1666666650001 12.500000000000002 569.50000000000011 1.0000000180025095e-35 669.50000000000011 0.0023915000000000004 0.11689250000000002 1234.5000000000002 1.0000000180025095e-35 0.23938287544958989 641.50000000000011 0.016616566037286794 2146.3333333350006 30.500000000000004 943.50000000000011 129.50000000000003
decision_type=2 2 2 2 2 2 2 2 2 2 2 2 2 2 2 2 2 2 2 2 2 2 2 2 2 2 2 2 2 2
left_child=1 18 4 6 8 24 7 -3 16 10 11 15 -5 -12 17 -4 -2 -14 20 -18 -1 22 23 27 -6 -20 -17 -9 -10 -7
right_child=2 3 9 12 5 29 -8 21 28 -11 13 -13 14 -15 -16 26 19 -19 25 -21 -22 -23 -24 -25 -26 -27 -28 -29 -30 -31
leaf_value=-0.083873641795459392 -0.047652103230240273 -0.062190202769230686 0.059951302041484668 -0.078359585792627084 0.003979383409807912 -0.074966094902266925 0.054945878483079948 0.0076088450607347414 -0.01846646628961706 0.078739624432643832 0.072410376366268847 -0.07829819288268601 -0.036553931506259532 0.017132244321954818 -0.086450651723893684 0.034903192129450436 0.016512116316490043 0.024016746283709395 -0.065114104741042206 0.055417693247875148 0.071509512714917498 0.025346237759541698 0.024189485499157892 0.015505585929272293 0.066916242895058348 0.052372443900575674 -0.092438106613427079 -0.05536177699795173 0.066778211562961223 -0.0082217053756304618
leaf_weight=3104.8929131652112 10.830073191900736 49.894035198492929 930.61100747669116 187.71919177245582 84.298597413813695 54.798770481720567 39.943863071152009 13.46980866033118 5.4915923728840417 1205.7446217534016 1543.9309568980243 8.2140870000002888 52.549447517609224 26.052565615624189 20.991669233539142 100.24960580142215 111.66827691416256 22.403335242532194 7.5713316198671219 47.214423264376819 1.9737744892481703 57.812961158342659 27.593918905244209 22.744014858035371 13.037879957351832 5.2353913998231292 2.5392956890864289 39.747381541528739 186.69043438113295 9.8214861806482059
leaf_count=941278 1966 12181 7182 48535 6709 8225 1458 1342 359 2859 3307 892 6204 71 3692 2267 4124 1772 1101 920 27 3691 2190 1396 119 129 331 6482 2115 1126
internal_value=0 -0.0763226 0.0642506 -0.034453 0.025444 -0.0184055 -0.00207273 -0.0128534 0.0450677 0.069576 0.0653452 0.0560788 -0.0631282 0.0714931 -0.0333274 0.0571469 0.0232411 -0.0184494 -0.0835012 0.0280735 -0.0837749 0.00240126 -0.0104085 -0.0229767 0.0124096 -0.0170856 0.0317574 -0.0394233 0.0643423 -0.0648218
internal_weight=0 3654.54 4341.19 534.87 523.852 161.957 251.206 211.262 361.895 3817.34 2611.6 1041.61 283.664 1569.98 95.9445 1033.4 169.713 74.9528 3119.67 158.883 3106.87 161.368 103.555 75.9612 97.3365 12.8067 102.789 53.2172 192.182 64.6203
internal_count=1074050 1031478 42572 88943 25663 16179 28740 27282 9484 16909 14050 10672 60203 3378 11668 9780 7010 7976 942535 5044 941305 15101 11410 9220 6828 1230 2598 7824 2474 9351
is_linear=0
shrinkage=0.05


Tree=3
num_leaves=31
num_cat=0
split_feature=0 0 0 58 79 58 40 0 40 70 36 68 76 76 76 76 74 62 76 76 0 2 2 54 54 38 36 62 48 79
split_gain=13577.3 416.474 250.09 188.513 126.801 78.3249 63.033 65.0118 54.0491 44.743 42.6635 39.0612 38.7202 32.5149 26.4694 23.5341 22.7722 20.1711 19.5542 18.8327 32.0417 18.3902 17.6762 16.2217 15.5389 14.7927 13.4333 32.8663 13.3829 13.0497
threshold=0.23938287544958989 0.60678019017954943 0.040916356323413693 4.5000000000000009 6.5000000000000009 84.500000000000014 2.5000000000000004 0.7740980979447657 4.5000000000000009 1.0000000180025095e-35 1542.5000000000002 24.500000000000004 597.50000000000011 616.50000000000011 577.50000000000011 576.50000000000011 7.5000000000000009 3.5000000000000004 563.50000000000011 635.50000000000011 0.0088049481694041625 19896.000000000004 22518.000000000004 0.0017535000000000003 0.11689250000000002 2.5000000000000004 410.50000000000006 15.500000000000002 3.5000000000000004 308.50000000000006
decision_type=2 2 2 2 2 2 2 2 2 2 2 2 2 2 2 2 2 2 2 2 2 2 2 2 2 2 2 2 2 2
left_child=2 3 19 9 8 6 7 16 12 15 14 -7 -4 26 -5 28 -3 -13 25 24 -21 -22 -9 -24 -1 -10 27 -6 -2 -16
right_child=1 5 4 10 13 11 -8 22 18 -11 -12 17 -14 -15 29 -17 -18 -19 -20 20 21 -23 23 -25 -26 -27 -28 -29 -30 -31
leaf_value=-0.079513595164104278 -0.036117306833111325 0.039951696356901364 -0.044398575930828327 -0.049355739088209893 -0.065874223718275823 -0.06412997309480982 0.07196782062366272 0.065667673029430204 -0.088329578776262366 0.067723009869899028 -0.061150032449644266 -0.056827268363932995 0.0065829672394393862 -0.015105286918689041 0.018753072121317649 0.031098557544597519 -0.0029499151708177042 0.043706142910574453 0.05634780863290844 -0.074395003670580079 0.054117247648822669 -0.044552217522093943 0.053306869593409079 0.068503537871333398 0.06403289229653579 0.07093456131742458 -0.074911563639026499 0.076127392891148907 0.027302353037542013 -0.084878344200688752
leaf_weight=2989.8468320256798 23.008393617696129 164.60447802813724 85.116837501118425 25.825665780866984 18.762779033801056 15.046490673441438 1532.1603166108252 1174.3753190375865 4.51495893287938 78.777278243913315 71.919417856901418 5.7903520908439523 66.217727073584683 30.914413721766323 49.605796884861775 178.97761059575714 38.088561251293868 36.070876407902688 35.837863450753503 47.671744100051001 9.026010885601865 9.9042440057964978 793.81348422274459 225.48756768275052 1.8864717071410257 2.1533302511670627 177.72688204102451 5.2052202841732642 13.028933707275426 3.2359443346504113
leaf_count=923397 3850 3537 17905 5327 4653 2002 3620 4268 1179 803 12920 643 5544 2765 2987 6150 1606 1058 1028 12985 501 1636 4064 674 19 46 47177 113 1022 571
internal_value=0 0.0580842 -0.0738359 0.0121715 -0.0379654 0.0632035 0.0640471 0.0589829 -0.00809856 0.0354866 -0.0333158 0.00496484 -0.0220912 -0.0628543 -0.00786915 0.0236759 0.0318899 0.0298001 0.0417193 -0.0788377 -0.052541 0.00249372 0.0614862 0.0566686 -0.0794231 -0.0368999 -0.0701729 -0.0350352 -0.0131886 0.0124068
internal_weight=0 4429.82 3484.79 444.379 426.45 3985.44 3928.53 2396.37 193.841 293.792 150.587 56.9077 151.335 232.609 78.6674 215.015 202.693 41.8612 42.5062 3058.34 66.602 18.9303 2193.68 1019.3 2991.73 6.66829 201.695 23.968 36.0373 52.8417
internal_count=1074050 55102 1018948 33630 80410 21472 17769 14149 25702 11825 21805 3703 23449 54708 8885 11022 5143 1701 2253 938538 15122 2137 9006 4738 923416 1225 51943 4766 4872 3558
is_linear=0
shrinkage=0.05


Tree=4
num_leaves=31
num_cat=0
split_feature=0 0 0 58 79 58 69 48 0 40 81 72 76 76 76 76 0 76 76 40 68 68 68 40 48 54 62 76 79 43
split_gain=12017.7 364.149 233.18 158.299 107.261 80.6562 52.3287 50.2272 48.5425 46.5601 39.0857 34.9774 32.7882 28.326 28.2958 24.5611 18.0741 16.7072 16.5241 16.0636 15.6062 21.581 28.3551 15.4948 15.0956 14.2637 13.4096 13.0191 20.7031 13.3229
threshold=0.23938287544958989 0.60678019017954943 0.043984350660107828 4.5000000000000009 6.5000000000000009 7.5000000000000009 1.5000000000000002 2072.5000000000005 0.94875966535953815 4.5000000000000009 0.019601000000000004 708.12500000000011 575.50000000000011 577.50000000000011 634.50000000000011 564.50000000000011 0.94875966535953815 560.50000000000011 669.50000000000011 19.500000000000004 106.50000000000001 99.500000000000014 100.50000000000001 1.0000000180025095e-35 4.5000000000000009 0.11689250000000002 167.50000000000003 580.50000000000011 55.500000000000007 1.5000000000000002
decision_type=2 2 2 2 2 2 2 2 2 2 2 2 2 2 2 2 2 2 2 2 2 2 2 2 2 2 2 2 2 2
left_child=2 3 18 10 9 6 8 16 15 12 17 13 -4 -5 27 24 26 -2 25 -15 21 -17 -23 -19 -3 -1 -7 -6 -29 -30
right_child=1 5 4 11 14 7 -8 -9 -10 -11 -12 -13 -14 19 -16 20 -18 23 -20 -21 -22 22 -24 -25 -26 -27 -28 28 29 -31
leaf_value=-0.075313916079937343 -0.028306624608214592 0.022993505940694388 -0.06187354456382213 -0.052346638482263147 -0.074066777283605487 0.02705679931500354 0.068276810947954819 -0.079390444435518528 0.061852218465218746 0.039720508005762482 0.069828476127176617 -0.069769568047499994 -0.0063979678080782936 -0.0067550147163833911 0.0084812568762222245 0.046243805784009932 0.057445872505645659 0.017444558778527318 -0.015808022985023706 0.063715905897709882 0.057907045019578877 -0.056739771466373851 0.04178575995562122 0.04580618137798656 -0.060742916958377205 0.052891667416350409 -0.081041047025557353 -0.015660545074026852 -0.073282944488075402 0.032110238263734228
leaf_weight=3014.7324999571429 14.640704905963501 42.221082540694624 35.377473888802342 35.139525066653732 116.87047847098438 138.24291578645352 1459.6493625638541 10.145529626519417 1438.8313712198287 42.078666815010365 56.331680985109415 42.247306008182932 107.78312730672769 59.492460648994893 14.754420459968967 494.40876306092832 60.667150167748332 144.77770139276981 11.748267182148991 9.3586515380884503 307.48414263105951 12.051095654955136 18.532596655189991 72.159855938865803 6.1685566189698866 2.1710522985085836 2.9297525642905375 30.845923508342821 50.62084653461352 3.1873804141068822
leaf_count=941278 2315 1177 9814 7958 35617 4320 2734 1701 2967 2162 319 8885 12479 4749 884 4772 328 7424 1230 213 2009 563 186 1767 403 27 312 4706 10578 173
internal_value=0 0.0544462 -0.0702446 0.0109582 -0.0344407 0.0591766 0.0608599 0.0291652 0.0561929 -0.00651663 0.0324757 -0.0314049 -0.0201069 -0.0158189 -0.0583572 0.0469488 0.0346218 0.0233896 -0.0749912 0.00282381 0.0489617 0.0437225 0.00296309 0.0268785 0.0123191 -0.0752217 0.0248134 -0.0632507 -0.0483185 -0.0670399
internal_weight=0 4425.48 3430.17 434.148 401.518 3991.33 3779.35 211.985 2319.7 185.239 287.91 146.238 143.161 103.991 216.279 880.866 201.84 231.578 3028.65 68.8511 832.477 524.992 30.5837 216.938 48.3896 3016.9 141.173 201.525 84.6542 53.8082
internal_count=1074050 55102 1018948 33630 76413 21472 14811 6661 12077 24455 11825 21805 22293 12920 51958 9110 4960 11506 942535 4962 7530 5521 749 9191 1580 941305 4632 51074 15457 10751
is_linear=0
shrinkage=0.05


Tree=5
num_leaves=31
num_cat=0
split_feature=0 0 0 58 79 40 40 0 40 68 76 36 76 76 76 76 76 74 2 3 40 76 0 3 76 40 3 79 36 2
split_gain=10798.9 318.952 217.634 178.033 96.7156 53.9872 45.1279 45.8988 40.5618 34.7279 31.4947 30.3025 25.7007 23.1899 21.216 19.2695 17.052 16.8882 16.9597 16.2628 15.8347 15.3587 24.6706 14.732 14.6352 14.329 16.3862 13.8077 12.6581 12.6139
threshold=0.23938287544958989 0.68981449621504665 0.043984350660107828 6.5000000000000009 6.5000000000000009 1.0000000180025095e-35 7.5000000000000009 0.86620967868038068 13.500000000000002 20.500000000000004 575.50000000000011 18470.500000000004 616.50000000000011 578.50000000000011 578.50000000000011 691.50000000000011 545.50000000000011 9.5000000000000018 1246.5000000000002 734399.50000000012 20.500000000000004 635.50000000000011 0.0088049481694041625 897056.00000000012 574.50000000000011 38.500000000000007 3321.0000000000005 76.500000000000014 3565.5000000000005 19896.000000000004
decision_type=2 2 2 2 2 2 2 2 2 2 2 2 2 2 2 2 2 2 2 2 2 2 2 2 2 2 2 2 2 2
left_child=2 3 21 5 8 14 7 11 10 -5 -4 24 -6 19 -2 -9 -7 -8 -19 -11 -15 -1 -23 -21 27 26 -18 -3 -14 -24
right_child=1 6 4 9 12 16 17 15 -10 13 -12 -13 28 20 -16 -17 25 18 -20 23 -22 22 29 -25 -26 -27 -28 -29 -30 -31
leaf_value=-0.072279318440596776 -0.014776446089500784 0.025058986642619796 -0.057291742977713472 -0.062940841528940708 -0.062617058030012718 -0.089644794968604419 0.065684257821417111 0.056802486230278018 0.042603791825537508 -0.075045386316513502 -0.0043895881132843557 -0.080487699302416199 0.004499206915095276 -0.0058083303840526139 0.023580163079084768 0.019733262802923247 -0.032594195845714137 -0.072548405193900461 0.043624957070265903 0.061426864446958607 0.058162365208768163 -0.067361744201910101 0.044119845666720524 -0.037959559220051058 0.043980719390199235 0.065553048483817489 0.044829135644869005 -0.06289718706743147 -0.075649982591172768 -0.038845405097115628
leaf_weight=2926.5573324541328 44.84049947897438 67.126849443418905 37.239095955679659 51.560534403892234 181.78525718883611 2.1552238961448884 1184.203087522299 2138.0651065541897 34.661256908555515 19.168459058098961 115.06459979363717 5.3054968414362511 23.377414174959998 46.69411811727332 183.92890862305649 35.642090018838644 7.2505557448021127 4.125208095880228 13.175102953333406 5.2709237108938405 12.201311762211843 44.745541931129992 8.9175276383757609 12.742876149306539 349.65627977158874 102.4144108312903 118.94860941870138 4.7797000946011385 6.2413990234490475 9.4219426999334228
leaf_count=927335 5681 1945 10447 9134 49317 423 2336 6925 1196 5348 12812 816 1832 4223 6520 93 864 103 74 159 258 12985 519 2611 4038 623 2349 579 809 1696
internal_value=0 0.0515797 -0.0671273 0.0179283 -0.0324115 0.0332745 0.0569537 0.053251 -0.00621442 -0.0298382 -0.0173245 0.0382615 -0.05558 -0.0120736 0.016062 0.0561947 0.0503379 0.0649678 0.0159238 -0.0429894 0.00744442 -0.0717532 -0.047344 -0.00887862 0.039756 0.0516575 0.0403809 0.0192125 -0.0123902 0.00149627
internal_weight=0 4409.26 3388.01 607.176 398.369 459.538 3802.08 2600.58 186.965 147.638 152.304 426.868 211.404 96.0777 228.769 2173.71 230.769 1201.5 17.3003 37.1823 58.8954 2989.64 63.085 18.0138 421.563 228.614 126.199 71.9065 29.6188 18.3395
internal_count=1074050 55102 1018948 38193 76413 16460 16909 14396 24455 21733 23259 7378 51958 12599 12201 7018 4259 2513 177 8118 4481 942535 15200 2770 6562 3836 3213 2524 2641 2215
is_linear=0
shrinkage=0.05


Tree=6
num_leaves=31
num_cat=0
split_feature=0 0 0 58 79 58 40 70 48 40 76 0 68 76 36 76 76 76 76 62 42 0 62 40 0 76 0 79 76 76
split_gain=9766.1 278.734 203.466 125.378 101.713 63.5257 54.9984 41.3809 38.8266 37.8849 32.555 30.9608 22.3339 21.1279 21.3716 18.6961 16.9827 16.7896 15.9534 16.5066 17.3038 18.0163 15.497 14.8977 14.2253 13.8233 22.1729 12.8852 12.6164 12.4341
threshold=0.23938287544958989 0.60678019017954943 0.030380062479932603 6.5000000000000009 6.5000000000000009 7.5000000000000009 1.0000000180025095e-35 1.0000000180025095e-35 2164.0000000000005 4.5000000000000009 597.50000000000011 0.86620967868038068 5.5000000000000009 580.50000000000011 3565.5000000000005 567.50000000000011 567.50000000000011 576.50000000000011 571.50000000000011 1.5000000000000002 1.0000000180025095e-35 0.94875966535953815 26.500000000000004 18.500000000000004 0.94875966535953815 639.50000000000011 0.0032200281855830795 151.50000000000003 677.50000000000011 612.50000000000011
decision_type=2 2 2 2 2 2 2 2 2 2 2 2 2 2 2 2 2 2 2 2 2 2 2 2 2 2 2 2 2 2
left_child=2 3 25 7 9 6 11 17 24 10 -4 -3 -5 -6 22 -14 -11 -2 19 20 21 -8 28 -17 27 -1 -27 -7 -15 -29
right_child=1 5 4 12 13 8 18 -9 -10 16 -12 -13 15 14 -16 23 -18 -19 -20 -21 -22 -23 -24 -25 -26 26 -28 29 -30 -31
leaf_value=-0.070051743032438607 -0.011605650611873443 0.033943872282686222 -0.039203170555354015 -0.067030283179275132 -0.068198849282635157 0.029449396995871308 -0.048513116013012336 0.056150250512845029 -0.076050940744091716 -0.030020536721075092 0.0050708413960353325 0.051273673293476485 -0.059718115572433499 -0.036666225216485458 -0.070808092470171877 -0.017057179922141789 0.046007564858224576 0.022508370161749218 0.062332402380620038 0.058893719364242439 0.043579445370107599 0.047675086651691373 0.039805229923937216 0.046387836091912257 0.050369704068743595 -0.070556561713489757 -0.0020310157414224254 -0.034088120054534321 0.070508545407570469 0.034749329296703844
leaf_weight=2813.0215748838964 44.458508734125644 309.85804897896014 94.851072683813982 34.922695365850814 143.09627418022137 107.28948352276348 11.593683631392196 88.627700870507397 8.9063722714781743 9.1359178428538126 73.845291456847917 1532.001261405414 21.014085334201809 64.290096348209772 36.144827047595754 48.176486794895027 37.471214229415637 191.09175210341346 1639.6872901117895 172.11632382660173 85.036178501090035 8.3918408299796283 8.4372537931194511 11.452094839769414 62.636248767608777 29.729619608726352 19.579021755722351 17.698445781017657 2.8684615613892666 10.423571613384409
leaf_count=909798 6116 5499 21812 6882 45877 2630 333 911 1664 1647 6659 4894 6093 11997 7876 5963 1028 7171 3066 508 487 24 544 494 330 9055 2632 1826 23 211
internal_value=0 0.0488553 -0.0645846 0.0110868 -0.0341001 0.0530434 0.0545283 0.0270273 0.0260741 -0.00879833 -0.0198226 0.0483583 -0.0336287 -0.0554768 -0.0391847 -0.019164 0.0311046 0.0160696 0.0604571 0.0493618 0.0337403 -0.00812408 -0.0240645 -0.00487211 0.0306668 -0.0695917 -0.0433471 0.0215529 -0.0320886 -0.00857316
internal_weight=0 4405.38 3332.47 439.743 470.14 3965.64 3758.68 324.178 206.954 215.303 168.696 1841.86 115.565 254.837 111.741 80.6427 46.6071 235.55 1916.83 277.138 105.022 19.9855 75.5958 59.6286 198.048 2862.33 49.3086 135.412 67.1586 28.122
internal_count=1074050 55102 1018948 33630 97463 21472 14811 14198 6661 31146 28471 10393 19432 66317 20440 12550 2675 13287 4418 1352 844 357 12564 6457 4997 921485 11687 4667 12020 2037
is_linear=0
shrinkage=0.05


Tree=7
num_leaves=31
num_cat=0
split_feature=0 0 0 58 79 40 0 81 42 36 76 40 48 74 76 79 76 76 76 40 76 76 0 2 40 36 74 76 36 62
split_gain=8896.38 263.177 204.876 109.481 101.861 63.3006 59.975 38.5312 35.8184 38.7435 33.4644 31.9507 21.333 19.388 19.0545 17.5682 17.0405 16.2165 16.0075 14.6088 14.2296 13.9761 22.5337 13.9037 13.6594 12.8465 12.6792 12.6546 12.1122 19.9828
threshold=0.23938287544958989 0.60678019017954943 0.030380062479932603 6.5000000000000009 6.5000000000000009 5.5000000000000009 0.86620967868038068 0.019601000000000004 1.0000000180025095e-35 3800.5000000000005 567.50000000000011 2.5000000000000004 710.50000000000011 7.5000000000000009 616.50000000000011 253.50000000000003 577.50000000000011 576.50000000000011 597.50000000000011 1.0000000180025095e-35 693.50000000000011 635.50000000000011 0.0088049481694041625 9821.5000000000018 336.50000000000006 1525.5000000000002 8.5000000000000018 599.50000000000011 410.50000000000006 15.500000000000002
decision_type=2 2 2 2 2 2 2 2 2 2 2 2 2 2 2 2 2 2 2 2 2 2 2 2 2 2 2 2 2 2
left_child=2 3 21 7 10 6 8 17 9 13 24 18 16 23 28 -7 -5 25 -12 -19 26 -1 -23 -3 -4 -2 -8 -17 29 -6
right_child=1 5 4 12 14 15 20 -9 -10 -11 11 -13 -14 -15 -16 27 -18 19 -20 -21 -22 22 -24 -25 -26 -27 -28 -29 -30 -31
leaf_value=-0.067845345898190093 0.0034578008044140324 -0.012211611693319517 -0.061044646498874422 -0.048396400033200032 -0.047560776084260264 0.059875547977865755 0.052179070228202576 0.059257309016652729 0.040676231388516365 -0.055853272861772343 -0.027592351315635297 0.040153248740413906 -0.063731274578601074 -0.019423168501545903 -0.016953968496756202 -0.053310419041321881 0.00025625491594926097 0.013371938074703098 0.0061068072376111553 0.0419124616513172 0.016009636532869614 -0.062096459388471519 0.0075284865250477839 0.034160176177143946 0.036346640645762908 -0.05888262406214239 0.042157640291497184 0.049250082400250236 -0.063072641890794617 0.064954624903790809
leaf_weight=2755.7634350761073 43.617342914338224 18.673028185614385 32.851170114474371 28.266911211539991 21.52954966068501 1357.4329081043834 1662.4381490016822 64.514194169314578 315.11903001717292 18.443770979996771 65.758226327598095 41.930228819372132 36.546386298607104 25.595695699099451 31.184228748432361 5.8738866295316239 49.537855089700315 140.76188407558948 75.928870735107921 65.793273155926727 30.749973451718688 42.831105596502312 15.948039522278121 120.32729527598713 4.0433665327727786 10.195607908419332 389.59406669065356 6.1637593258637935 192.80368814733811 4.8317598258145145
leaf_count=906765 4665 1065 9902 6899 5750 2917 5133 320 4033 2245 13053 1448 8402 1209 3303 696 4131 5958 6571 1358 85 12985 1735 2388 172 1897 1641 60 57131 133
internal_value=0 0.046571 -0.0622238 0.00985526 -0.0316972 0.0506533 0.0460429 0.024665 0.030458 0.0128665 -0.00691814 0.00181298 -0.0322207 0.0205669 -0.053523 0.0593423 -0.0174195 0.0160937 -0.00953327 0.0224628 0.0497705 -0.0673308 -0.0432057 0.0279307 -0.0503713 -0.00835346 0.0502764 -0.000795314 -0.0587263 -0.0269378
internal_weight=0 4389.65 3285.4 439.233 470.861 3950.41 2580.94 324.882 498.159 183.04 220.512 183.617 114.351 164.596 250.349 1369.47 77.8048 260.368 141.687 206.555 2082.78 2814.54 58.7791 139 36.8945 53.813 2052.03 12.0376 219.165 26.3613
internal_count=1074050 55102 1018948 33630 97463 21472 17799 14198 10940 6907 31146 21072 19432 4662 66317 3673 11030 13878 19624 7316 6859 921485 14720 3453 10074 6562 6774 756 63014 5883
is_linear=0
shrinkage=0.05


Tree=8
num_leaves=31
num_cat=0
split_feature=0 0 0 58 79 58 40 40 72 0 40 76 36 76 36 2 74 0 54 76 65 76 0 0 76 36 68 62 76 40
split_gain=8161.1 247.42 199.104 99.9186 92.4013 60.9529 56.0292 32.8784 30.8943 29.9532 28.9448 30.5464 26.3193 19.4151 17.2494 15.4844 14.5971 13.3919 13.3751 16.4939 13.1708 12.5432 19.3525 12.1589 11.8079 16.9641 11.6971 11.6716 11.2944 11.2725
threshold=0.23938287544958989 0.60678019017954943 0.030380062479932603 4.5000000000000009 6.5000000000000009 7.5000000000000009 1.0000000180025095e-35 14.500000000000002 2077.3333333350006 0.7740980979447657 207.50000000000003 573.50000000000011 1638.5000000000002 580.50000000000011 5681.5000000000009 2826.5000000000005 8.5000000000000018 0.94875966535953815 0.014476500000000002 559.50000000000011 50.000000000000007 635.50000000000011 0.0032200281855830795 0.94875966535953815 561.50000000000011 2062.5000000000005 108.50000000000001 26.500000000000004 577.50000000000011 2.5000000000000004
decision_type=2 2 2 2 2 2 2 2 2 2 2 2 2 2 2 2 2 2 2 2 2 2 2 2 2 2 2 2 2 2
left_child=2 3 21 7 10 6 9 18 17 26 11 -4 28 -6 27 -11 23 20 19 -2 -7 -1 -23 24 25 -8 -3 -15 -5 -13
right_child=1 5 4 12 13 8 16 -9 -10 15 -12 29 -14 14 -16 -17 -18 -19 -20 -21 -22 22 -24 -25 -26 -27 -28 -29 -30 -31
leaf_value=-0.065881383960193496 -0.072322729432937188 0.010145229306275325 -0.047701531393800928 -0.033303457892701907 -0.063604017230522128 -0.041231649285390519 0.039080479149506672 0.052399290563499505 -0.065678980101175163 0.05308834141809593 0.051305999345600033 -0.0076064572422676544 -0.049218681163754135 -0.030421798028700126 -0.067745184051304835 0.042504369442960523 0.038927815595356727 0.045624728802720955 0.034216279521342388 0.010551702223322482 0.02168961576318968 -0.06632366188899777 -0.007458793795368907 0.061491542553255812 0.054770141490921291 -0.069369086681837736 0.040269725260828691 0.027590723601115349 0.0072874558139751399 0.029059548902406342
leaf_weight=2700.5777533602086 6.2628479104605494 86.558166212984361 47.053755123692099 25.428864674468059 138.69403591344599 8.907995810848659 61.245691718533635 82.312212587799877 9.5561590418219549 488.94390244502574 19.551549145719036 130.91587874526158 63.965526421787217 68.924640166806057 29.862529170990456 1178.505293516675 116.95760473259725 61.908376921899617 65.160778705729172 145.12431459489744 125.32454361801501 34.282384837046266 23.55681965930853 850.72835889831185 876.4391380622983 3.8314932137727729 51.335158645175397 9.9177157686790434 52.557755012647249 24.958274868433364
leaf_count=906765 1550 2763 13144 5570 45877 707 413 888 1730 1488 325 16602 12575 12783 6900 5389 752 326 2081 7306 3898 11340 3380 1005 2139 109 753 757 3660 1075
internal_value=0 0.0446101 -0.060263 0.00909427 -0.0301773 0.0486036 0.0500708 0.0255003 0.0221095 0.0437558 -0.00679593 -0.0123939 -0.0254463 -0.0512036 -0.0353822 0.0456079 0.0560422 0.0263867 0.0152757 0.00712321 0.017514 -0.065388 -0.0423491 0.0571591 0.0532443 0.0326954 0.02136 -0.0231243 -0.0059479 -0.00173557
internal_weight=0 4361.05 3228.3 440.812 469.878 3920.24 3714.54 298.86 205.697 1805.34 222.479 202.928 141.952 247.399 108.705 1667.45 1909.2 196.141 216.548 151.387 134.233 2758.42 57.8392 1792.24 941.516 65.0772 137.893 78.8424 77.9866 155.874
internal_count=1074050 55102 1018948 33630 97463 21472 14811 11825 6661 10393 31146 30821 21805 66317 20440 6877 4418 4931 10937 8856 4605 921485 14720 3666 2661 522 3516 13540 9230 17677
is_linear=0
shrinkage=0.05


Tree=9
num_leaves=31
num_cat=0
split_feature=0 0 0 58 58 40 0 55 58 76 40 58 40 76 76 76 79 76 76 76 0 40 0 76 74 76 74 43 36 62
split_gain=7593.08 290.63 140.548 107.144 67.426 59.0735 55.2416 38.9274 26.0592 24.6753 20.5945 18.9282 18.7122 17.3241 16.8753 15.3957 15.1343 14.5871 13.5087 12.6128 17.1782 12.358 11.993 18.8283 11.925 11.8725 11.8213 11.301 11.2583 14.1391
threshold=0.19204907757119541 0.60678019017954943 0.030380062479932603 6.5000000000000009 4.5000000000000009 3.5000000000000004 0.86620967868038068 1.0000000180025095e-35 151.50000000000003 575.50000000000011 18.500000000000004 7.5000000000000009 336.50000000000006 637.50000000000011 604.50000000000011 567.50000000000011 396.50000000000006 574.50000000000011 668.50000000000011 639.50000000000011 0.0032200281855830795 4.5000000000000009 0.94875966535953815 693.50000000000011 9.5000000000000018 553.50000000000011 7.5000000000000009 1.0000000180025095e-35 512.50000000000011 15.500000000000002
decision_type=2 2 2 2 2 2 2 2 2 2 2 2 2 2 2 2 2 2 2 2 2 2 2 2 2 2 2 2 2 2
left_child=2 3 19 7 9 6 8 14 17 12 27 -7 -4 28 24 -12 -13 26 -10 -1 -21 -11 -8 -24 -2 -9 -3 -5 29 -6
right_child=1 5 4 10 13 11 22 25 18 21 15 16 -14 -15 -16 -17 -18 -19 -20 20 -22 -23 23 -25 -26 -27 -28 -29 -30 -31
leaf_value=-0.064163225735015622 0.0053497611792523827 0.017919926424935947 -0.052129331548876438 -0.045274977961889298 -0.041840968438942597 0.056094898079660005 0.039520198618968279 -0.048568785887037232 -0.055660789057805006 -0.006448097517718303 -0.040260541858452806 0.032961185345131046 0.038180095172844514 0.0083009321622710165 0.026989547375066682 0.041558213107745455 -0.068072341197868966 0.033389225360073736 0.065453046066522289 -0.064458494006789865 -0.0042200553241144171 0.033082922695224455 0.049045271946964723 0.0011333538357378859 -0.039890355717407247 0.05066519105940076 -0.03568732578199485 0.0079821097770968862 -0.059688797365609253 0.047003033907569478
leaf_weight=2662.2411258092616 147.13850535213714 72.171798007446341 44.178130073007196 101.79995319171576 31.635935121623334 1412.6761781284586 526.60019108676352 3.1119311624206594 13.61171588371508 115.84193618351128 9.2553314705146494 46.156804361031391 6.591709596803411 11.636774634476749 99.539189172908664 15.17882372200256 4.0302141228457904 362.19529908627737 2.7710235700942567 27.311300210072659 20.885684893117286 23.838679315056652 1407.9507436219137 20.80826660245657 16.16689254110679 95.90601366921328 11.992815895355305 11.041343971155582 173.86310435499763 5.2166471915552384
leaf_count=909798 11110 2336 12939 19818 7965 2609 3355 398 2019 14470 2876 1000 239 785 2930 749 742 5221 11 9055 2632 865 3208 65 2200 807 906 1123 51569 250
internal_value=0 0.0424729 -0.059565 0.0065594 -0.0323863 0.0470918 0.0422938 0.0208276 0.0267589 -0.0105519 -0.031052 0.0550229 -0.040404 -0.0510881 0.0107621 0.0105664 0.0248478 0.029032 -0.0351752 -0.0637043 -0.0383548 0.000298489 0.0459702 0.0483475 0.000871084 0.0475465 0.0102813 -0.0400639 -0.0543679 -0.0292647
internal_weight=0 4380.1 3123.24 499.138 412.803 3880.97 2418.1 361.863 462.743 190.45 137.275 1462.86 50.7698 222.352 262.845 24.4342 50.187 446.36 16.3827 2710.44 48.197 139.681 1955.36 1428.76 163.305 99.0179 84.1646 112.841 210.716 36.8526
internal_count=1074050 63483 1010567 42011 89082 21472 17121 17445 10493 28513 24566 4351 13178 60569 16240 3625 1742 8463 2030 921485 11687 15335 6628 3273 13310 1205 3242 20941 59784 8215
is_linear=0
shrinkage=0.05


Tree=10
num_leaves=31
num_cat=0
split_feature=0 0 0 58 58 40 40 0 36 58 76 76 76 40 76 36 76 40 62 74 68 76 0 76 57 54 54 72 0 62
split_gain=7018.2 269.936 137.395 125.68 62.7558 51.6468 50.251 31.1257 28.8497 22.8092 20.9949 19.463 16.5507 16.1524 15.2177 15.2015 15.1889 16.9032 15.7732 13.9205 12.3688 11.8067 16.2673 11.5729 12.1384 11.4654 15.0761 11.4241 11.3756 11.227
threshold=0.19204907757119541 0.68981449621504665 0.030380062479932603 6.5000000000000009 4.5000000000000009 1.0000000180025095e-35 1.0000000180025095e-35 0.94875966535953815 2302.5000000000005 7.5000000000000009 575.50000000000011 682.50000000000011 581.50000000000011 336.50000000000006 637.50000000000011 18470.500000000004 612.50000000000011 706.50000000000011 16.500000000000004 7.5000000000000009 106.50000000000001 635.50000000000011 0.0032200281855830795 576.50000000000011 1.0000000180025095e-35 0.023543000000000005 0.051758000000000005 814.37500000000011 0.94875966535953815 1.5000000000000002
decision_type=2 2 2 2 2 2 2 2 2 2 2 2 2 2 2 2 2 2 2 2 2 2 2 2 2 2 2 2 2 2
left_child=2 3 21 6 10 7 12 15 16 28 13 -9 -2 -4 -6 20 17 18 -5 23 -3 -1 -23 24 -8 29 -27 -11 -7 -12
right_child=1 5 4 8 14 9 19 11 -10 27 25 -13 -14 -15 -16 -17 -18 -19 -20 -21 -22 22 -24 -25 -26 26 -28 -29 -30 -31
leaf_value=-0.062765797799603895 -0.012749960956882259 0.027448634894399748 -0.048977089536279078 -0.040888865371907918 -0.052647987381829013 0.048950379955346984 -0.055073692477097182 0.046195819105092739 -0.051741058070185676 0.030213450525140784 -0.02763631843713937 0.0041175504757098007 0.016028689373035601 0.03505027960416425 0.005837270290646384 -0.055826838550698824 0.027094175742172006 0.044472057490783798 0.018721307966297913 -0.0019871602606306663 0.041868932193233177 -0.062954824177840749 -0.0088936251517296536 0.049333057184614552 0.030254384432758581 0.043817520338322126 -0.017274606209826369 -0.037304397833807748 0.056971334182557447 0.0062300496854147671
leaf_weight=2586.5725685390062 68.139437047706451 441.86521423188969 43.79350306262495 52.928244022186846 206.44324479764327 843.67823989200406 4.5224444590858175 1135.1100581854116 66.23547676281305 57.148193685919978 46.61591193662025 28.162901344709098 187.24878567713313 6.5782731755170962 11.755696292500941 4.9294535220833486 22.429891577106901 9.0334122204803844 14.041324930905828 18.523075144097675 224.12908752693329 32.371437143534422 24.406096369028091 178.09250635257922 53.165403001883533 27.103822427103296 16.095497955218889 7.0364622123306608 928.54056976921856 51.516171084658708
leaf_count=906765 7633 6013 12939 10220 59784 2592 590 2649 14009 1136 6302 91 6985 239 785 602 969 451 1218 1122 1765 11340 3380 1674 1703 1137 2457 872 1189 5439
internal_value=0 0.0408233 -0.058094 0.0117476 -0.0311593 0.0461651 0.0240166 0.0402306 -0.0262281 0.0520924 -0.0102871 0.0451771 0.00835034 -0.0380036 -0.049497 0.031654 -0.00906049 -0.0197304 -0.0283906 0.0397496 0.0323015 -0.0622707 -0.0397164 0.0430285 0.0235651 -0.00040872 0.0210554 0.0228116 0.0531529 -0.00985757
internal_weight=0 4344.96 3053.25 674.36 409.902 3670.6 509.692 1834.2 164.668 1836.4 191.703 1163.27 255.388 50.3718 218.199 670.924 98.4329 76.003 66.9696 254.303 665.994 2643.35 56.7775 235.78 57.6878 141.331 43.1993 64.1847 1772.22 98.1321
internal_count=1074050 63483 1010567 46574 89082 16909 19707 11120 26867 5789 28513 2740 14618 13178 60569 8380 12858 11889 11438 5089 7778 921485 14720 3967 2293 15335 3594 2008 3781 11741
is_linear=0
shrinkage=0.05


Tree=11
num_leaves=31
num_cat=0
split_feature=0 0 0 58 58 40 0 55 79 36 76 76 68 40 40 76 79 76 76 76 79 76 0 43 2 2 68 68 76 36
split_gain=6518.03 255.315 135.897 89.1284 58.4905 57.3047 57.7423 31.0572 28.7814 25.7046 22.2311 19.223 17.2131 17.2025 15.6042 14.0339 15.0907 13.4035 12.6251 12.3629 13.6886 12.0172 15.4996 11.8269 11.6256 11.2198 10.8989 11.9365 10.86 9.75992
threshold=0.19204907757119541 0.60678019017954943 0.030380062479932603 4.5000000000000009 4.5000000000000009 6.5000000000000009 0.86620967868038068 1.0000000180025095e-35 12.500000000000002 10300.500000000002 568.50000000000011 567.50000000000011 14.500000000000002 24.500000000000004 6.5000000000000009 577.50000000000011 308.50000000000006 573.50000000000011 604.50000000000011 552.50000000000011 24.500000000000004 635.50000000000011 0.0032200281855830795 1.0000000180025095e-35 6044.0000000000009 19896.000000000004 39.500000000000007 4.5000000000000009 596.50000000000011 1404.5000000000002
decision_type=2 2 2 2 2 2 2 2 2 2 2 2 2 2 2 2 2 2 2 2 2 2 2 2 2 2 2 2 2 2
left_child=2 3 21 7 11 6 8 18 17 10 -5 -4 -10 -12 23 -6 26 -3 -2 20 -7 -1 -23 28 -14 -24 27 -17 -13 -8
right_child=1 5 4 9 15 19 29 -9 12 -11 13 14 24 -15 -16 16 -18 -19 -20 -21 -22 22 25 -25 -26 -27 -28 -29 -30 -31
leaf_value=-0.061494601626494207 0.001718484471828051 0.0079636749823294682 -0.045032723003953744 -0.048158045916958776 -0.060026365474323419 0.035842010403773772 0.040921652521212527 0.044619749821375419 -0.040079952467021278 -0.061851243588688744 -0.011041304497545165 -0.032496968471719831 -0.033360179128976729 0.044901726511666927 0.033513480834808512 -0.049951164459867206 -0.05991584216705928 0.033258555616035128 0.025459607229637096 0.053385725390688532 -0.054668368449358178 -0.061590523671019318 0.032066933163105382 0.025359905762277146 0.022404654668946679 -0.036243210072062597 -0.036100341711282805 0.027143546559216095 -0.0015525866799082589 0.048444077213970788
leaf_weight=2522.8652278335649 143.10362126363907 61.45404156926088 32.301770555379335 34.734137974912301 112.35273825644981 34.565507942112163 1413.5453752648318 97.120188054279424 22.616610595607199 35.193210110301152 81.460588603978977 52.457447366265114 11.675060719833708 16.530162031413056 25.029403156309854 6.9366434025578227 37.124321031151339 354.33772942586802 91.997314320178702 1229.496018990525 4.7516295063542193 31.292943886248395 10.049864496802913 20.636140525923111 46.85369118838571 14.957751968409864 40.370615275518503 18.178002682339866 61.705761728284415 620.45851943665184
leaf_count=906765 10960 2250 9366 9803 39610 239 4969 1057 2327 7849 9327 10688 890 516 899 1568 9215 4281 2499 2717 484 11340 690 1685 1347 2690 8584 1592 5875 1968
internal_value=0 0.0394107 -0.0567472 0.00582827 -0.0298996 0.0438309 0.0394834 0.0208344 0.0242042 -0.0238609 -0.0137874 -0.00985265 -0.00303423 -0.00160422 -0.00274268 -0.0478174 -0.0344491 0.02952 0.0110086 0.0525031 0.0249035 -0.0609848 -0.0381381 -0.00947468 0.0112809 -0.00879127 -0.0200117 0.00585005 -0.0157714 0.0432163
internal_weight=0 4299.89 2986.26 500.139 407.093 3799.75 2530.94 332.221 496.937 167.918 132.725 192.131 81.1454 97.9908 159.829 214.962 102.61 415.792 235.101 1268.81 39.3171 2579.17 56.3006 134.799 58.5288 25.0076 65.4853 25.1146 114.163 2034
internal_count=1074050 63483 1010567 42011 89082 21472 18032 14516 11095 27495 19646 28513 4564 9843 19147 60569 20959 6531 13459 3440 723 921485 14720 18248 2237 3380 11744 3160 16563 6937
is_linear=0
shrinkage=0.05


Tree=12
num_leaves=31
num_cat=0
split_feature=0 0 0 79 55 58 40 76 36 0 76 40 81 58 40 74 76 76 79 68 76 76 62 3 2 76 40 68 76 0
split_gain=6060.94 238.729 133.542 119.059 72.7205 55.684 44.4761 33.7398 33.4683 18.7625 18.3801 17.7479 17.3469 15.301 14.6156 14.1678 13.4912 13.2427 13.7893 12.9689 12.545 12.4345 12.0204 12.0176 11.3753 13.1178 10.9713 10.9145 10.7637 13.432
threshold=0.19204907757119541 0.7740980979447657 0.030380062479932603 21.500000000000004 1.0000000180025095e-35 4.5000000000000009 3.5000000000000004 573.50000000000011 2302.5000000000005 0.94875966535953815 575.50000000000011 1.0000000180025095e-35 0.038813000000000007 2.5000000000000004 336.50000000000006 7.5000000000000009 641.50000000000011 577.50000000000011 308.50000000000006 105.50000000000001 575.50000000000011 693.50000000000011 5.5000000000000009 943.50000000000011 593143.50000000012 554.50000000000011 2.5000000000000004 51.500000000000007 635.50000000000011 0.0032200281855830795
decision_type=2 2 2 2 2 2 2 2 2 2 2 2 2 2 2 2 2 2 2 2 2 2 2 2 2 2 2 2 2 2
left_child=2 3 28 4 7 10 9 15 12 13 14 19 16 -3 -4 -2 22 -7 -19 -9 -15 -11 -5 -13 -6 -26 -12 -23 -1 -30
right_child=1 6 5 8 24 17 -8 11 -10 21 26 23 -14 20 -16 -17 -18 18 -20 -21 -22 27 -24 -25 25 -27 -28 -29 29 -31
leaf_value=-0.060364114190792219 -0.0042078141330370387 0.038600812500746949 -0.046337637891054953 -0.032843206384083938 0.055830548284060061 -0.058754174045396484 0.051884833096282203 0.0050801260964863032 -0.047984332805562746 0.043853981764804394 -0.0071380986765827081 -0.043391911985002612 0.055836637486463725 -0.0022254503223077954 0.033889468112351794 -0.054192759412578111 0.044002409001984932 -0.019905176140089471 -0.058557712345595925 0.027576759286812799 0.028266119807030698 0.041754603045007721 0.0036408359361902749 0.037274696576609 -0.079922023521372024 0.036106942911769739 0.028123535188579268 -0.034599651668395404 -0.060345953143162115 -0.01062101974984586
leaf_weight=2454.087202668481 68.853970130498055 482.56504382379353 43.066138930735178 50.187043700309005 150.8661227611592 109.32243979719351 1214.4545956774382 190.51412557560252 69.515526564675383 1368.8315724687418 116.54931537283119 4.783129993476904 10.983176863286642 40.227501820656471 6.5388996255351222 17.851835327455774 10.275155585957689 64.9964309525094 35.774312521622051 96.518584442383144 208.93022919015493 9.1820814982056636 41.036288545641582 133.02523159899283 2.5160773149691513 76.494471810408868 27.209380763117224 9.5463351272046548 30.1849906918942 24.689381519099697
leaf_count=906765 6464 3246 12939 7498 642 39610 2505 8663 14080 3208 14085 370 31 1289 239 3383 153 11744 9215 2673 2293 26 3847 1892 415 766 1250 39 11340 3380
internal_value=0 0.0380242 -0.055581 0.015527 0.0244221 -0.0288816 0.0442558 0.013925 -0.02071 0.0398839 -0.00951936 0.019726 -0.00385398 0.0334054 -0.0357622 -0.0144992 -0.0103131 -0.046702 -0.0336271 0.0126449 0.0233431 0.0433003 -0.0164311 0.0344749 0.0477814 0.032412 -0.000464087 0.00283496 -0.0598744 -0.0379734
internal_weight=0 4257.16 2912.42 923.421 741.424 403.457 3333.74 511.547 181.997 2119.28 193.364 424.841 112.482 731.723 49.605 86.7058 101.498 210.093 100.771 287.033 249.158 1387.56 91.2233 137.808 229.877 79.0105 143.759 18.7284 2508.96 54.8744
internal_count=1074050 63483 1010567 50877 25268 89082 12606 23445 25609 10101 28513 13598 11529 6828 13178 9847 11498 60569 20959 11336 3582 3273 11345 2262 1823 1181 15335 65 921485 14720
is_linear=0
shrinkage=0.05


Tree=13
num_leaves=31
num_cat=0
split_feature=0 0 0 58 40 58 0 54 58 36 76 79 54 76 40 79 2 74 76 76 69 76 36 40 2 76 54 0 40 76
split_gain=5651.3 231.105 132.227 76.4815 58.108 53.4571 40.3182 31.9385 29.1766 22.3703 19.4522 18.8562 17.9106 17.7178 15.4893 15.0797 14.1421 13.7407 12.6279 12.4519 11.6945 11.6586 17.1884 15.0703 11.6445 11.9908 11.5709 11.1464 10.9273 10.3015
threshold=0.19204907757119541 0.60678019017954943 0.030380062479932603 4.5000000000000009 1.0000000180025095e-35 3.5000000000000004 0.86620967868038068 0.0023915000000000004 7.5000000000000009 10300.500000000002 568.50000000000011 180.50000000000003 0.023543000000000005 577.50000000000011 24.500000000000004 308.50000000000006 2826.5000000000005 8.5000000000000018 557.50000000000011 622.50000000000011 1.5000000000000002 597.50000000000011 1149.5000000000002 951.00000000000011 910.00000000000011 582.50000000000011 0.0017535000000000003 0.94875966535953815 402.50000000000006 635.50000000000011
decision_type=2 2 2 2 2 2 2 2 2 2 2 2 2 2 2 2 2 2 2 2 2 2 2 2 2 2 2 2 2 2
left_child=2 3 29 7 6 12 11 18 17 10 -5 -3 19 -7 -12 -15 -8 27 -2 -4 -20 22 -10 -24 25 -19 -18 28 -6 -1
right_child=1 4 5 9 8 13 16 -9 21 -11 14 -13 -14 15 -16 -17 26 24 20 -21 -22 -23 23 -25 -26 -27 -28 -29 -30 -31
leaf_value=-0.059377659553901257 -0.052183378774145396 0.021750438295494015 -0.02500599752145671 -0.045903681673402363 0.042500020515317982 -0.057790210794856904 0.045286217644541361 0.036872432105650298 0.029458685283972059 -0.059194315542003662 -0.011174934619011555 -0.040103367841425215 0.018555510616858676 -0.018015378107589363 0.04149113015387814 -0.057488416097438058 0.032368565627727018 -0.07623896598510288 0.0018179356754625241 0.014685280282988423 0.032082509378002937 0.040869525106800392 -0.053059517794094117 0.051448528357187474 0.03811315763690791 0.019478566003768648 0.046077416372953095 0.053833378778068167 0.055825287442032523 -0.037294513170383695
leaf_weight=2384.5999522782804 9.0036225498188269 336.45346178056207 99.227974806679413 34.415284375165356 645.00527285295539 113.72739291278413 493.05101093649864 140.90770334633999 24.918079229770228 33.460692520748125 82.880338835180737 12.789814605494028 49.201159056217875 80.075208510243101 16.788746625068597 34.67166387027828 817.18829803774133 4.6095868714619419 145.83298715035198 24.673398126848042 40.863237568642944 31.15107252728194 16.91802373575047 4.3330662769731125 90.601637995569035 11.275187677470965 189.64416769472882 829.21931465156376 202.04493492934853 54.006233197345864
leaf_count=906765 1758 7012 18195 9803 2338 41904 1355 3384 562 7849 9327 1482 4558 13558 516 9228 3631 187 8575 1639 799 402 2023 51 469 96 536 1005 323 14720
internal_value=0 0.0367451 -0.0545107 0.00498224 0.0410623 -0.0279253 0.0347856 0.0187217 0.047302 -0.0226212 -0.0134944 0.0194853 -0.006967 -0.0438042 -0.00230361 -0.0299425 0.0383483 0.0486062 0.0056529 -0.017102 0.00844211 0.0172329 0.00128487 -0.0317505 0.03119 -0.00829761 0.0349507 0.0497125 0.0456785 -0.0588886
internal_weight=0 4213.36 2840.18 504.153 3709.2 401.577 1849.13 336.608 1860.08 167.545 134.084 349.243 173.103 228.474 99.6691 114.747 1499.88 1782.76 195.7 123.901 186.696 77.3202 46.1692 21.2511 106.486 15.8848 1006.83 1676.27 847.05 2438.61
internal_count=1074050 63483 1010567 42011 21472 89082 14016 14516 7456 27495 19646 8494 24392 64690 9843 22786 5522 4418 11132 19834 9374 3038 2636 2074 752 283 4167 3666 2661 921485
is_linear=0
shrinkage=0.05


Tree=14
num_leaves=31
num_cat=0
split_feature=0 0 0 79 40 58 40 0 58 42 76 36 76 0 3 68 40 76 76 76 79 54 42 0 76 0 36 62 66 36
split_gain=5307.85 227.505 130.013 69.6125 57.502 49.9381 44.9339 41.9675 26.2949 25.3653 23.9649 21.0067 16.8987 16.551 17.7604 14.6754 12.8753 12.6381 11.6739 11.2728 11.0409 10.9753 10.9322 10.6396 10.3352 12.6528 10.2554 10.7118 9.68043 9.62164
threshold=0.19204907757119541 0.60678019017954943 0.030380062479932603 90.500000000000014 1.0000000180025095e-35 4.5000000000000009 17.500000000000004 0.94875966535953815 2.5000000000000004 1.0000000180025095e-35 575.50000000000011 5949.5000000000009 567.50000000000011 0.86620967868038068 10904.500000000002 8.5000000000000018 6.5000000000000009 637.50000000000011 612.50000000000011 553.50000000000011 3.5000000000000004 0.014476500000000002 27.500000000000004 0.68981449621504665 635.50000000000011 0.0032200281855830795 512.50000000000011 15.500000000000002 0.086694000000000007 744.50000000000011
decision_type=2 2 2 2 2 2 2 2 2 2 2 2 2 2 2 2 2 2 2 2 2 2 2 2 2 2 2 2 2 2
left_child=2 3 24 6 7 12 10 9 28 11 21 23 -4 14 -10 -16 -14 26 -5 -8 -12 -2 29 -3 -1 -26 27 -7 -6 -11
right_child=1 4 5 18 8 17 19 -9 13 22 20 -13 16 -15 15 -17 -18 -19 -20 -21 -22 -23 -24 -25 25 -27 -28 -29 -30 -31
leaf_value=-0.058493270780214934 -0.032422036083451025 -0.016684672652834815 -0.042539814061778647 -0.048183113441954917 0.048010230400584712 -0.034601412028133979 -0.029508883801264374 0.039871735350304006 -0.023275434010321644 0.023989054733877198 0.017244883148096263 -0.049023262462496893 -0.0086518235446115931 0.042243186035131795 -0.034708972543531051 0.033439026092079618 0.030345389837535805 0.0068289814797137154 0.0016275714253576425 0.045311007866504806 -0.0055025526234446492 0.016859090361219454 -0.0010549925370703715 0.018596298684938811 -0.058739241013684843 -0.010070217718141114 -0.053065019656976957 0.043523446262336875 0.059874334981214139 0.039245414785048803
leaf_weight=2322.3887172843388 56.760915298305918 23.623733775108121 31.831952094857115 64.233669979934348 1176.9199363677762 29.978804454003694 5.3153235097415736 1111.2948749905918 19.098685468663462 169.57978106220253 174.83196485671215 13.410125352442263 139.68644523242256 311.50915166642517 8.5002836657222343 111.85284730896819 24.9453325237846 11.2997892096173 14.39971329027321 95.219258045603056 76.765568955393974 14.105370822246185 24.481035250704736 223.8998938954901 28.984667532902677 24.763947364757769 156.51071355247404 5.1397991893463759 201.35020022280514 264.58889769215602
leaf_count=906765 10385 1374 9366 15459 2779 7965 1000 2740 1371 1945 6062 1480 18248 1148 684 1277 899 785 1082 1194 5869 960 587 3695 11340 3380 51569 250 197 2195
internal_value=0 0.0357166 -0.053555 0.00413877 0.0400445 -0.0271597 0.0121695 0.0337803 0.0463144 0.0243728 0.00307027 0.011927 -0.00919097 0.0358342 0.0215177 0.0286259 -0.00274289 -0.0445559 -0.0390615 0.0413552 0.0103044 -0.022613 0.0314535 0.0152291 -0.0579916 -0.0363156 -0.0475859 -0.0231674 0.0497434 0.0332865
internal_weight=0 4161.74 2775.53 501.632 3660.11 399.393 422.998 1830.88 1829.23 719.583 322.464 260.934 196.464 450.961 139.452 120.353 164.632 202.929 78.6334 100.535 251.598 70.8663 458.65 247.524 2376.14 53.7486 191.629 35.1186 1378.27 434.169
internal_count=1074050 63483 1010567 42011 21472 89082 25470 14016 7456 11276 23276 6549 28513 4480 3332 1961 19147 60569 16541 2194 11931 11345 4727 5069 921485 14720 59784 8215 2976 4140
is_linear=0
shrinkage=0.05


Tree=15
num_leaves=31
num_cat=0
split_feature=0 0 0 54 40 79 0 79 42 36 54 76 40 74 48 76 66 68 36 76 40 43 0 76 76 0 58 74 79 2
split_gain=4969.08 217.782 128.049 65.1756 58.661 46.5767 46.4252 38.8033 24.205 21.9149 19.6624 19.5382 21.8057 15.109 13.8885 13.6893 12.8235 15.691 12.6555 12.1202 13.6082 12.6282 11.3729 10.5134 9.9287 11.4836 9.72505 9.60664 9.48368 9.30185
threshold=0.19204907757119541 0.60678019017954943 0.030380062479932603 0.0023915000000000004 5.5000000000000009 5.5000000000000009 0.86620967868038068 114.50000000000001 1.0000000180025095e-35 3800.5000000000005 0.023543000000000005 568.50000000000011 1.0000000180025095e-35 7.5000000000000009 5.5000000000000009 580.50000000000011 0.047535500000000001 24.500000000000004 1973.5000000000002 605.50000000000011 13.500000000000002 1.0000000180025095e-35 0.94875966535953815 569.50000000000011 635.50000000000011 0.0032200281855830795 392.50000000000006 7.5000000000000009 14.500000000000002 9821.5000000000018
decision_type=2 2 2 2 2 2 2 2 2 2 2 2 2 2 2 2 2 2 2 2 2 2 2 2 2 2 2 2 2 2
left_child=2 3 24 7 6 10 8 11 9 13 19 -2 -13 29 -6 -7 17 -5 -17 20 21 -4 27 -10 -1 -26 -16 -8 -19 -3
right_child=1 4 5 16 14 15 22 -9 23 -11 -12 12 -14 -15 26 18 -18 28 -20 -21 -22 -23 -24 -25 25 -27 -28 -29 -30 -31
leaf_value=-0.057726411548166295 -0.028636286527098289 -0.015842774417833105 -0.043939315056398712 -0.042008284860987462 0.049248642311247891 -0.054516303459178267 0.035259410643828766 -0.041769483042053496 -0.00065217811466532867 -0.04856841828722875 0.019576745170925596 -0.004340913633469938 0.027681418576343708 -0.025638025811108352 0.03238780081202941 -0.014588101532235682 0.052681568973175601 0.032099882661217445 -0.052513669350478881 0.0036398142035335003 0.017865099812475606 0.0090688613150835783 0.040086180927184807 0.031857622063121309 -0.057810054006006209 -0.011132577407009887 -0.058182211825303178 0.019234063302534323 -0.039805934994194492 0.022935341052590166
leaf_weight=2250.8312054463895 48.70380023738835 17.837677143397741 69.741110706760082 8.861369298771022 1138.6735043283552 113.45315794833004 382.18601945228875 67.686458549607778 27.362929933471605 16.935192448319867 46.84817186393775 163.52308489684947 78.771135826769751 23.562604043050669 93.789526102598757 59.026452717778739 49.969476530328393 79.286826641531661 35.062835030606948 45.135644387104549 14.012355291983111 13.393294290523043 1397.9583873976953 272.82849915302359 27.953797238063999 24.925835842266679 3.0606171672698101 123.81496141897514 4.8670043410966164 116.23703684355132
leaf_count=906765 9259 1065 16708 701 2053 43285 2349 15384 1048 2245 3695 11068 2540 1209 1042 10405 156 2336 8795 3574 924 1696 3378 2985 11340 3380 578 1132 567 2388
internal_value=0 0.0345791 -0.0527053 0.00370825 0.038864 -0.0264666 0.0342732 -0.00767044 0.0202849 0.00548038 -0.00851878 0.000261037 0.00606972 0.0112869 0.0477026 -0.0428221 0.0322523 0.0212773 -0.0287213 -0.0177696 -0.0277166 -0.0353995 0.0377613 0.0288943 -0.0572233 -0.0358077 0.0295256 0.0313381 0.0279412 0.0177762
internal_weight=0 4115.92 2700.38 501.669 3614.25 396.673 2378.72 358.684 474.764 174.573 189.131 290.998 242.294 157.637 1235.52 207.542 142.985 93.0152 94.0893 142.282 97.1468 83.1344 1903.96 300.191 2303.71 52.8796 96.8501 506.001 84.1538 134.075
internal_count=1074050 63483 1010567 42011 21472 89082 17799 38251 10940 6907 26597 22867 13608 4662 3673 62485 3760 3604 19200 22902 19328 18404 6859 4033 921485 14720 1620 3481 2903 3453
is_linear=0
shrinkage=0.05


Tree=16
num_leaves=31
num_cat=0
split_feature=0 0 0 79 40 40 58 76 0 58 76 76 40 79 54 66 0 79 76 36 54 36 76 36 62 76 0 79 54 36
split_gain=4645.92 200.829 126.442 78.1559 53.9389 53.1828 43.9934 25.36 24.8198 21.0505 19.3474 16.2481 16.1736 14.7638 14.2183 13.5284 13.663 13.213 11.6672 11.0145 10.9153 10.6824 10.6771 10.3027 11.9375 9.99413 10.8862 9.49492 9.49159 11.2614
threshold=0.19204907757119541 0.68981449621504665 0.030380062479932603 47.500000000000007 38.500000000000007 1.0000000180025095e-35 3.5000000000000004 575.50000000000011 0.94875966535953815 7.5000000000000009 610.50000000000011 577.50000000000011 1.0000000180025095e-35 22.500000000000004 0.023543000000000005 0.086694000000000007 0.94875966535953815 308.50000000000006 689.50000000000011 851.50000000000011 0.023543000000000005 685.50000000000011 562.50000000000011 304.50000000000006 1.5000000000000002 635.50000000000011 0.0032200281855830795 403.50000000000006 0.015617000000000001 206.50000000000003
decision_type=2 2 2 2 2 2 2 2 2 2 2 2 2 2 2 2 2 2 2 2 2 2 2 2 2 2 2 2 2 2
left_child=2 3 25 4 7 8 14 19 13 15 -5 -8 28 20 -4 16 22 -13 -10 -2 21 -3 23 -7 -25 -1 -27 -11 -9 -30
right_child=1 5 6 10 -6 9 11 12 18 27 -12 17 -14 -15 -16 -17 -18 -19 -20 -21 -22 -23 -24 24 -26 26 -28 -29 29 -31
leaf_value=-0.057027991036193618 -0.00035504646147277029 0.014117923334872851 -0.016267881432216594 -0.039815295297280784 0.045270901716632665 0.046087503005868696 -0.054924787366804728 0.0011490700441018991 0.037438907620050206 0.022949629064860366 0.011429138079251226 -0.016627223558623224 0.030029377774471053 -0.002324372914739106 0.015011743087983483 0.057892579468324483 0.048739700586896598 -0.05468490952104299 -0.0046488937185550899 -0.035037199450629136 0.04250891284536093 0.02931154263374517 0.040798124877540497 -0.031654346043104922 0.027105328638628551 -0.056927011824274044 -0.011221365005297822 -0.041254327763280529 -0.06760346364305099 0.031173668660284294
leaf_weight=2177.1085105216189 53.36492972180713 185.3979328754358 124.1497487705783 90.376751599105773 123.69069416896673 20.497170174028724 104.9190602718445 177.6735717819538 1072.2242467675824 56.902744455030188 23.133947855676524 79.682531050959369 109.19065265642712 47.994878332247026 51.358929676294792 203.57683459110558 746.9263975340873 31.951375883014407 16.723055765032768 40.090199202066287 90.282291989540681 307.67641910468228 606.66927859652787 15.325928218662737 19.824040548410267 27.013797485851683 25.163522858405486 6.406838060473091 3.0651489575393489 49.227753309183754
leaf_count=906765 5224 2647 19834 19282 1368 58 41904 9018 2671 1144 1505 13558 2248 1852 4558 191 1125 9228 69 6540 580 3301 1931 339 137 11340 3380 864 309 1080
internal_value=0 0.0334608 -0.0519045 0.00843891 0.0161539 0.0383954 -0.0257191 0.00782892 0.0322196 0.044734 -0.0293715 -0.0407975 0.0141836 0.0243322 -0.00711456 0.0458442 0.0441037 -0.0275199 0.0367926 -0.0152329 0.0265253 0.0235987 0.0388754 0.0179141 0.0014852 -0.0565097 -0.0348846 0.0164523 0.0066599 0.0253838
internal_weight=0 4066.24 2621.35 669.814 556.303 3396.43 392.062 432.612 1720.3 1676.13 113.511 216.553 339.157 631.352 175.509 1612.82 1409.24 111.634 1088.95 93.4551 583.357 493.074 662.316 55.6471 35.15 2229.29 52.1773 63.3096 229.966 52.2929
internal_count=1074050 63483 1010567 46574 25787 16909 89082 24419 11120 5789 20787 64690 12655 8380 24392 3781 3590 22786 2740 11764 6528 5948 2465 534 476 921485 14720 2008 10407 1389
is_linear=0
shrinkage=0.05


Tree=17
num_leaves=31
num_cat=0
split_feature=0 0 0 40 0 72 48 55 76 58 76 79 79 76 40 74 3 54 64 76 68 76 62 69 2 68 69 76 40 76
split_gain=4372.23 226.614 94.7487 67.4158 57.2376 50.4912 41.2307 35.6002 23.3942 20.5665 17.5939 17.177 16.846 16.2156 15.9271 14.7383 13.8907 16.7903 13.8267 12.2812 12.2115 11.8257 10.7888 10.3445 15.9415 10.2204 14.7723 9.84682 13.7518 9.66939
threshold=0.15548050853772452 0.53809039466125175 0.030380062479932603 2.5000000000000004 0.7740980979447657 545.16666666650019 8.5000000000000018 1.0000000180025095e-35 562.50000000000011 7.5000000000000009 559.50000000000011 555.50000000000011 12.500000000000002 564.50000000000011 2.5000000000000004 7.5000000000000009 43454.500000000007 0.0017535000000000003 1.0000000180025095e-35 652.50000000000011 7.5000000000000009 618.50000000000011 1.5000000000000002 1.5000000000000002 435.50000000000006 104.50000000000001 1.0000000180025095e-35 569.50000000000011 798.50000000000011 635.50000000000011
decision_type=2 2 2 2 2 2 2 2 2 2 2 2 2 2 2 2 2 2 2 2 2 2 2 2 2 2 2 2 2 2
left_child=2 5 29 4 11 7 8 10 -4 18 -2 15 16 -9 -10 20 -6 -18 23 -8 -3 -7 -14 24 -5 26 -12 28 -11 -1
right_child=1 3 6 9 12 21 19 13 14 27 25 -13 22 -15 -16 -17 17 -19 -20 -21 -22 -23 -24 -25 -26 -27 -28 -29 -30 -31
leaf_value=-0.056394261230679602 -0.044202758524768043 -0.017929413514394844 -0.059039305525309352 -0.069747099760223905 0.040166150787739885 -0.052095925778559871 -0.05117491526116702 -0.017823293641494313 -0.014148063050799116 -0.044388503206763262 -0.029316117404550958 -0.062699731657630348 -0.0074511383629738736 0.041732685513323854 0.023687341083010183 -0.014969965194804225 0.028096732345146674 0.043642206328297434 0.051226144695401266 0.034095224381102067 0.020938390491382068 0.012092173113578531 0.025200498892690767 0.043268503266253366 0.029338641648721527 0.014149458478687735 0.0024030673709714004 0.030287097901396082 0.043602829962439471 -0.034426725671747642
leaf_weight=2109.0993726624874 23.540982823964441 22.694094337988645 24.369838191720191 4.3002196894958606 749.72947547608055 52.765828623494599 134.38652638517669 13.406802622019311 143.21571573222172 12.588119096879383 49.809677933168132 8.1479009767062944 35.313288917066529 77.489694512914866 34.519433357520029 44.71831312275026 847.31981891370378 218.48455354524776 660.21420723944902 4.359649399877525 184.4951332382625 8.3049482869682816 89.212033269344829 607.51809893222526 72.4442773910705 95.097020496381447 139.5365527724498 38.557251574879047 6.8602709569968274 51.311638049781322
leaf_count=906765 6440 1722 9061 116 2554 13843 46787 2295 22425 1514 5611 1525 527 1138 2136 2282 4479 773 1076 171 4552 572 1504 1614 421 5927 10356 1030 114 14720
internal_value=0 0.0320202 -0.0520071 0.0362397 0.0307787 -0.0010294 -0.0275073 0.00545272 -0.0130988 0.0448065 -0.0026622 0.00875135 0.0337314 0.0329485 -0.00679973 0.0110624 0.0349516 0.0312835 0.0460641 -0.0484956 0.0166811 -0.0433671 0.015941 0.0410835 0.0237866 0.000775764 -0.00594102 0.0156562 -0.0133502 -0.0558725
internal_weight=0 4062.55 2501.26 3602.6 2200.11 459.952 340.851 398.881 202.105 1402.48 307.984 260.055 1940.06 90.8965 177.735 251.908 1815.53 1065.8 1344.48 138.746 207.189 61.0708 124.525 684.263 76.7445 284.443 189.346 58.0056 19.4484 2160.41
internal_count=1074050 71985 1002065 25803 19918 46182 80580 31767 33622 5885 28334 10081 9837 3433 24561 8556 7806 5252 3227 46958 6274 14415 2031 2151 537 21894 15967 2658 1628 921485
is_linear=0
shrinkage=0.05


Tree=18
num_leaves=31
num_cat=0
split_feature=0 0 0 40 58 48 0 66 58 36 76 76 40 0 79 40 76 69 2 76 74 2 76 40 54 42 76 48 64 76
split_gain=4123.12 217.071 93.5872 61.4966 58.1787 38.462 38.4546 30.3704 26.3315 22.7371 21.5244 20.5427 16.9607 18.5105 14.7082 14.0095 13.3015 13.287 12.5505 11.9083 11.8787 11.0007 10.9027 10.2965 9.85588 10.1714 10.526 9.83391 9.73059 9.67551
threshold=0.15548050853772452 0.60678019017954943 0.030380062479932603 1.0000000180025095e-35 4.5000000000000009 8.5000000000000018 0.86620967868038068 0.031057500000000005 7.5000000000000009 9603.5000000000018 562.50000000000011 568.50000000000011 172.50000000000003 0.86620967868038068 174.50000000000003 6.5000000000000009 595.50000000000011 1.5000000000000002 2826.5000000000005 577.50000000000011 6.5000000000000009 435.50000000000006 652.50000000000011 1.0000000180025095e-35 0.023543000000000005 2.5000000000000004 552.50000000000011 1824.5000000000002 1.0000000180025095e-35 635.50000000000011
decision_type=2 2 2 2 2 2 2 2 2 2 2 2 2 2 2 2 2 2 2 2 2 2 2 2 2 2 2 2 2 2
left_child=2 4 29 6 7 10 14 21 12 11 -4 -6 13 16 19 -12 20 -13 -8 -3 -5 -2 -7 -23 25 26 -20 -10 -22 -1
right_child=1 3 5 8 9 22 18 -9 27 -11 15 17 -14 -15 -16 -17 -18 -19 24 -21 28 23 -24 -25 -26 -27 -28 -29 -30 -31
leaf_value=-0.05581669623438254 -0.037419507260582491 -0.0014559200801854333 -0.058097773405013348 0.024045427782812823 -0.043780845255416811 -0.050111024813460026 0.039610596569866291 0.046413185305364903 0.017842002739153505 -0.055884411664625447 -0.013026324005094736 -0.011334159966863887 0.052625849438665953 0.044241253596714519 -0.038837429483115464 0.02637750574624852 0.040479566041751826 0.027700596753012813 -0.045682307880942706 0.021332613463153613 -0.048175445074778334 0.0026182804072836284 0.030212785229810264 0.022735701872983849 0.041846841231500703 0.03394904496676588 0.023403984590558934 -0.063880764612308669 0.030931595763996379 -0.033711734279184641
leaf_weight=2043.9305940279737 13.138049317814874 74.167768425890245 23.489887029572856 120.37533854926005 38.149816703051329 131.19323376525426 462.76368476077914 59.587504969444126 71.285969541058876 36.494434284250019 152.20048370267614 86.133952302334365 414.62421403033659 947.33704395825043 12.627588132629169 26.482134728867095 138.0523681845516 29.187802935077343 5.5811636988073579 252.46224525070284 11.111483434913682 189.36891347653 4.3651567967608562 95.770506327971816 138.96626401459798 342.32131806155667 454.19265847164206 3.8815583214163771 5.9790540474932632 50.732046272896696
leaf_count=906765 1758 2922 9061 880 11886 46787 1355 325 2149 9559 23350 9966 626 1899 1500 1211 541 1716 78 4072 415 12085 171 3218 382 1470 2237 889 57 14720
internal_value=0 0.0311939 -0.0513432 0.0358295 0.00195283 -0.0269183 0.029218 0.0138244 0.0425585 -0.0204112 -0.0131016 -0.0119759 0.0438868 0.0409237 0.014111 -0.00718637 0.0295168 -0.00145451 0.0328688 0.016158 0.0185073 0.00731403 -0.0475245 0.00937517 0.0295536 0.0274237 0.0225654 0.0136219 -0.0205002 -0.0552813
internal_weight=0 4003.56 2432.39 3455.73 547.831 337.731 1743.08 357.865 1712.65 189.966 202.173 153.472 1637.48 1222.86 339.258 178.683 275.518 115.322 1403.83 326.63 137.466 298.277 135.558 285.139 941.061 802.095 459.774 75.1675 17.0905 2094.66
internal_count=1074050 71985 1002065 21472 50513 80580 14016 17386 7456 33127 33622 23568 4418 3792 8494 24561 1893 11682 5522 6994 1352 17061 46958 15303 4167 3785 2315 3038 472 921485
is_linear=0
shrinkage=0.05


Tree=19
num_leaves=31
num_cat=0
split_feature=0 0 0 40 58 0 40 58 42 76 36 58 76 76 54 74 68 68 76 76 0 79 65 76 74 54 36 72 76 54
split_gain=3893.6 212.519 92.468 63.5038 54.2918 45.1444 37.962 36.2954 25.8943 24.0593 18.8956 17.6036 15.0691 11.281 11.1625 10.8168 9.76826 11.809 9.72205 9.6499 10.4144 9.37072 12.3683 9.25584 8.96759 8.93263 8.69097 8.68017 10.2111 8.46006
threshold=0.15548050853772452 0.60678019017954943 0.030380062479932603 2.5000000000000004 70.500000000000014 0.94875966535953815 17.500000000000004 3.5000000000000004 1.0000000180025095e-35 575.50000000000011 5949.5000000000009 2.5000000000000004 562.50000000000011 546.50000000000011 0.012735500000000002 8.5000000000000018 104.50000000000001 99.500000000000014 577.50000000000011 635.50000000000011 0.0032200281855830795 7.5000000000000009 50.000000000000007 681.50000000000011 7.5000000000000009 0.014476500000000002 1257.5000000000002 30.083333333350001 652.50000000000011 0.0017535000000000003
decision_type=2 2 2 2 2 2 2 2 2 2 2 2 2 2 2 2 2 2 2 2 2 2 2 2 2 2 2 2 2 2
left_child=2 4 19 5 6 8 9 12 10 25 15 -5 -4 -8 -14 -3 17 -11 -9 -1 -21 -13 -23 26 -10 -2 29 -20 -29 -7
right_child=1 3 7 11 -6 23 13 18 24 16 -12 21 14 -15 -16 -17 -18 -19 27 20 -22 22 -24 -25 -26 -27 -28 28 -30 -31
leaf_value=-0.055300188699516611 -0.031761451444118398 0.015821234382484482 -0.057665513481039044 0.046791785488670599 -0.037106629185685254 0.030843657468657876 -0.064230197508675632 -0.053566359787469278 0.030844775072063499 0.0046205052760360339 -0.042589513666590223 0.038442467142381261 -0.014082800333508417 0.037328251599476496 0.015390898354430841 -0.012988359630962794 0.020263577460202596 -0.038673756148960223 -0.0089184125719441454 -0.055608158457381943 -0.01000879390758483 -0.065620600730166276 0.023074867924018 0.0086425179542164287 0.015801764722204837 0.0095766606332816726 0.042195788701446538 -0.047092762926252058 0.032626699487124787 0.044380570011258356
leaf_weight=1979.4891657072585 65.578377234807704 247.72767208516598 14.254038846644105 1018.5951087491121 78.035463700391119 637.39132947265171 2.8103022481081998 87.948011638422031 414.8422254929319 171.11532535823062 16.763745710370131 216.34910326334648 91.348853790259454 101.19727849503397 49.548494735790882 37.514791441732086 95.510816037305631 17.347126835840754 31.280638313735835 25.343766741221771 24.74952129018493 4.139105836802627 77.985568721778691 30.731728828512132 130.15369699080475 16.32058576354757 423.45195345603861 56.003541864542058 4.3272035237168884 140.93927920935676
leaf_count=906765 12764 4659 5256 1993 19086 1811 807 38122 3697 9182 1935 713 12741 1952 3930 1268 3836 1621 4954 11340 3380 544 1594 111 1857 1265 1004 15425 152 286
internal_value=0 0.0304107 -0.0507362 0.0350721 0.00151476 0.0296311 0.00792883 -0.026387 0.0207444 0.000351445 0.00900029 0.0436627 -0.00867423 0.0345841 -0.00371797 0.0120322 0.00723713 0.000635462 -0.0416921 -0.0547517 -0.0330789 0.0329841 0.0186046 0.0357383 0.0272523 -0.0235237 0.0364312 -0.0302927 -0.0413749 0.0332949
internal_weight=0 3944.5 2364.29 3396.59 547.915 2079.52 469.88 334.711 847.002 365.872 302.006 1317.07 155.151 104.008 140.897 285.242 283.973 188.462 179.559 2029.58 50.0933 298.474 82.1247 1232.51 544.996 81.899 1201.78 91.6114 60.3307 778.331
internal_count=1074050 71985 1002065 21472 50513 16628 31427 80580 13416 28668 7862 4844 21927 2759 16671 5927 14639 10803 58653 921485 14720 2851 2138 3212 5554 14029 3101 20531 15577 2097
is_linear=0
shrinkage=0.05


Tree=20
num_leaves=31
num_cat=0
split_feature=0 0 0 55 79 40 79 76 76 74 0 76 68 48 73 54 42 76 40 36 2 76 72 74 76 76 40 43 0 36
split_gain=3666.96 183.824 116.361 97.4434 59.1759 45.6241 33.9384 24.8342 22.5261 22.3603 20.9431 20.5771 16.629 15.9311 12.8226 12.139 11.8959 11.6064 10.3715 10.1369 9.64336 9.45224 9.28896 9.13491 12.0005 9.02984 10.9394 11.7011 8.97907 8.7323
threshold=0.19204907757119541 0.7740980979447657 0.030380062479932603 1.0000000180025095e-35 12.500000000000002 5.5000000000000009 5.5000000000000009 641.50000000000011 599.50000000000011 8.5000000000000018 0.94875966535953815 551.50000000000011 23.500000000000004 7.5000000000000009 1.5000000000000002 0.023543000000000005 1.0000000180025095e-35 580.50000000000011 1758.5000000000002 1973.5000000000002 126565.50000000001 639.50000000000011 6.083333333335001 11.500000000000002 615.50000000000011 605.50000000000011 13.500000000000002 1.0000000180025095e-35 0.0032200281855830795 1404.5000000000002
decision_type=2 2 2 2 2 2 2 2 2 2 2 2 2 2 2 2 2 2 2 2 2 2 2 2 2 2 2 2 2 2
left_child=2 3 21 4 8 10 15 12 9 16 13 -5 -6 23 -13 25 -2 -8 22 -19 -18 -1 -7 -3 -25 26 27 -4 -23 -12
right_child=1 5 6 11 7 18 17 -9 -10 -11 29 14 -14 -15 -16 -17 20 19 -20 -21 -22 28 -24 24 -26 -27 -28 -29 -30 -31
leaf_value=-0.054771500484184513 -0.0091753978995891359 0.028304189851065427 -0.04030529276047215 -0.032176687847646566 -0.055834566874961605 0.046815537938706582 -0.050691898517215651 0.035980134586645722 0.020806956514584106 -0.038545362252218135 0.032745472798682555 0.030907036885570977 -0.020383343270179453 0.0011354934084883224 0.054977611691505536 0.012702638100790113 0.022302091171902065 -0.01334761097176335 0.056398725134482686 -0.048763896321604827 -0.0069884749065673643 -0.054641951827721982 0.035633098579765425 -0.038106987723495966 0.03822836554611464 0.0021108355890471302 0.016203334527335019 0.0096330396699638565 -0.0079268218645631664 0.041610045280173619
leaf_weight=1918.8067433454271 93.274305608763825 615.43999048811384 69.100923348800279 10.365874741284641 49.686034359328914 498.4045250620693 99.915206410863902 14.658811692497691 214.05578643875197 34.488561622449197 882.44490718934685 149.92403997937799 98.961384804628324 64.586357362451963 87.687848626635969 47.903619753022213 98.506401406368241 57.329413758881856 165.76371190603822 31.199279611260863 39.31586505251471 19.955438161501661 296.00240499037318 11.955058616818862 9.0431336769834143 44.997174808755517 13.823335485940332 14.128319290059151 21.228871548199095 405.46187763148919
leaf_count=909798 6468 4769 16708 1994 10884 777 43285 393 4833 4038 2427 2851 13837 1943 165 3695 3150 10405 214 8795 2264 9055 1147 312 66 3574 924 1696 2632 951
internal_value=0 0.0300591 -0.0493621 0.0101556 -0.000113771 0.0360719 -0.0239776 -0.0261101 0.00873734 -0.0009905 0.0317509 0.0367817 -0.0322331 0.0247966 0.03979 -0.0090631 0.00461414 -0.0390116 0.0450226 -0.025829 0.0139465 -0.0542628 0.0426489 0.0271977 -0.00523221 -0.0164032 -0.024987 -0.0318282 -0.0305622 0.0355362
internal_weight=0 3840.03 2338.39 890.925 642.947 2949.1 378.397 163.306 479.641 265.585 1988.93 247.978 148.647 701.025 237.612 189.953 231.097 188.444 960.171 88.5287 137.822 1959.99 794.407 636.438 20.9982 142.05 97.0526 83.2292 41.1843 1287.91
internal_count=1074050 63483 1010567 50877 45867 12606 89082 25114 20753 15920 10468 5010 24721 7090 3016 26597 11882 62485 2138 19200 5414 921485 1924 5147 378 22902 19328 18404 11687 3378
is_linear=0
shrinkage=0.05


Tree=21
num_leaves=31
num_cat=0
split_feature=0 0 58 40 79 0 72 76 50 76 70 36 66 0 76 62 3 54 54 76 42 68 76 62 3 40 36 40 76 0
split_gain=3466.49 237.56 86.2829 68.7405 55.8938 51.7045 28.7963 16.9881 16.9769 15.6569 15.731 15.2883 14.8433 14.9317 16.2537 14.9608 13.5142 13.9178 13.39 14.4735 13.3191 12.823 11.7036 11.2835 9.6225 9.55908 9.53751 9.51732 9.43043 9.26975
threshold=0.37969951586789719 0.030380062479932603 8.5000000000000018 2.5000000000000004 6.5000000000000009 0.7740980979447657 2077.3333333350006 589.50000000000011 1.0000000180025095e-35 577.50000000000011 2.5000000000000004 1140.5000000000002 0.086694000000000007 0.94875966535953815 573.50000000000011 1.5000000000000002 68784.500000000015 0.0023915000000000004 0.0017535000000000003 620.50000000000011 1.0000000180025095e-35 14.500000000000002 567.50000000000011 2.5000000000000004 4095.0000000000005 1.0000000180025095e-35 389.50000000000006 951.00000000000011 635.50000000000011 0.01473053741135971
decision_type=2 2 2 2 2 2 2 2 2 2 2 2 2 2 2 2 2 2 2 2 2 2 2 2 2 2 2 2 2 2
left_child=1 28 3 5 8 18 7 11 22 -6 -11 -4 13 14 15 20 -7 -18 19 23 -5 -9 -3 -2 -22 -24 -10 -13 -1 -30
right_child=2 4 6 12 9 16 -8 21 26 10 -12 27 -14 -15 -16 -17 17 -19 -20 -21 24 -23 25 -25 -26 -27 -28 -29 29 -31
leaf_value=-0.054376173327078961 -0.012436969526608273 -0.033815245221874367 0.0089693923381624231 -0.056638387324931976 -0.048345032731216597 0.036165758993804295 -0.059134220946056575 -0.017224707773100357 -0.026003154896132155 -0.029004408162050067 0.030058580383611363 -0.038374962367249077 0.054841500499935893 0.047008334803682411 0.039269908427610883 0.034333860076525585 0.024149458306242017 0.03901320631128484 0.026721426493636981 0.024096717608017279 -0.066159386373261145 0.028856420605560075 -0.011846518211831553 0.018442137838726416 0.017370533210734739 0.011011923516393541 0.025681420012017959 0.039077991011782658 -0.043782951870424927 0.0088359397536868205
leaf_weight=1847.2794753019698 124.23250080703292 43.594448856660165 58.780498920823447 8.9949156280490552 121.023096275836 791.43964501749724 17.825441595166922 18.198684567352757 10.545151742640881 130.60989665539819 12.338691580691373 38.259002582461108 213.28218093886971 478.07197497971356 483.0155290546827 67.343497471825685 742.28804726991802 199.90325143979862 77.152334558661096 57.471580472076312 3.7732282736105835 88.572453789762221 166.08835699653719 38.830831944593228 39.978020492591895 63.117463728995062 58.129787294717971 4.4249637725297353 37.055482201976702 10.812216314487157
leaf_count=906765 6836 11204 2863 525 49785 3040 4394 993 1342 26825 755 4939 225 719 1711 445 4247 776 1757 1009 209 1772 17757 1281 370 3365 3298 123 13745 975
internal_value=0 -0.0450977 0.0317501 0.0337818 -0.0178319 0.0280435 0.00185914 0.00708031 -0.0044748 -0.0351108 -0.0239064 -0.00756958 0.0427866 0.0404086 0.0351771 0.0187153 0.0313491 0.0273031 0.00879293 0.0025208 -0.00122573 0.0210021 -0.0100685 -0.00508362 0.0101667 -0.00555188 0.0177452 -0.0303456 -0.0538084 -0.0318975
internal_weight=0 2500.59 3551.84 3325.78 605.447 2031.32 226.061 208.236 341.475 263.972 142.949 101.464 1294.46 1081.18 603.105 120.09 1733.63 942.191 297.687 220.535 52.7462 106.771 272.8 163.063 43.7512 229.206 68.6749 42.684 1895.15 47.8677
internal_count=1074050 1035816 38234 23150 114331 18946 15084 10690 36966 77365 27580 7925 4204 3979 3260 1549 8063 5023 10883 9126 1104 2765 32326 8117 579 21122 4640 5062 921485 14720
is_linear=0
shrinkage=0.05


Tree=22
num_leaves=31
num_cat=0
split_feature=0 0 0 40 0 36 48 66 76 76 48 36 76 79 40 54 76 40 40 79 62 0 76 76 74 36 76 68 42 76
split_gain=3268.26 192.847 87.6037 68.8206 58.8809 38.0749 30.1233 28.83 26.4227 21.616 17.9611 17.2039 17.1349 15.3893 14.428 13.3066 12.3265 12.6273 12.0606 11.3589 10.9029 9.40261 9.36252 9.06769 8.84338 8.79197 18.2369 8.65559 8.57985 11.0944
threshold=0.15548050853772452 0.53809039466125175 0.030380062479932603 13.500000000000002 0.86620967868038068 10300.500000000002 8.5000000000000018 0.052111500000000012 577.50000000000011 566.50000000000011 1.5000000000000002 18470.500000000004 562.50000000000011 76.500000000000014 18.500000000000004 0.021795500000000006 561.50000000000011 31.500000000000004 6.5000000000000009 3.5000000000000004 26.500000000000004 0.94875966535953815 639.50000000000011 633.50000000000011 8.5000000000000018 279.50000000000006 643.50000000000011 42.500000000000007 1.0000000180025095e-35 640.50000000000011
decision_type=2 2 2 2 2 2 2 2 2 2 2 2 2 2 2 2 2 2 2 2 2 2 2 2 2 2 2 2 2 2
left_child=2 5 22 4 8 7 12 9 13 -2 -6 15 -4 24 19 28 17 -5 -14 -11 -21 -12 -1 -8 -3 26 27 -23 29 -10
right_child=1 3 6 16 10 -7 23 -9 11 14 21 -13 18 -15 -16 -17 -18 -19 -20 20 -22 25 -24 -25 -26 -27 -28 -29 -30 -31
leaf_value=-0.053933148400918611 -0.029163618055469021 0.0048003836616219977 -0.055637762237304801 -0.039560501330544076 0.037294569707254407 -0.053371511616509097 -0.048368296469218079 0.047630191639043758 -0.001773595024349136 0.0070444883223318077 0.019952458515052104 -0.065177194273747838 -0.013579696154020713 -0.057284708302350919 0.028667449928609701 0.038302421545224119 0.046113790858658132 0.031444760192291261 0.023041764000068306 -0.019475172113444229 0.02734842344106523 0.029850012094916348 -0.02929795188706933 0.0045634891702330798 -0.037912715546799758 0.032542179846826745 -0.064523024949499116 -0.02436517101290972 0.022323742080244281 0.038680395942110611
leaf_weight=1789.5652793784102 62.352082601340953 112.45778832427459 21.292445405968465 6.8931579409399992 899.91601448552683 34.151021706784377 114.64890104759252 31.378386743599549 94.309455584501848 164.05643433408113 289.778934906004 5.853529796935617 152.89854914392345 12.82879479828989 46.78759068925865 89.18280667765066 795.8963867436396 68.315994887962006 26.357893289474305 98.552418048959225 14.22713832138106 52.151880006305873 39.416898153780494 8.7053872741525975 13.581664182012899 622.67217705864459 6.7349489815533152 8.5720449667423946 222.05036182724871 20.660936146741733
leaf_count=909798 14977 3869 9061 345 2829 9080 46228 128 3289 8013 2486 1097 23350 2245 1096 693 1915 804 1211 11942 946 164 11687 730 1150 1722 20 50 2888 237
internal_value=0 0.0280469 -0.0491578 0.0322142 0.0279235 -0.00261305 -0.0251905 0.00154038 0.0138605 -0.00220655 0.0321946 0.0199587 -0.0132319 -0.00511255 0.00298723 0.021128 0.0442854 0.0249369 -0.00819487 -0.00135294 -0.0135684 0.0275109 -0.0534022 -0.0446328 0.000197738 0.0306846 0.0135389 0.0221968 0.0165833 0.00549625
internal_weight=0 3773.36 2152.89 3321.86 2450.75 451.505 323.903 417.354 570.925 385.976 1879.83 432.057 200.549 138.868 323.624 426.204 871.106 75.2092 179.256 276.836 112.78 979.91 1828.98 123.354 126.039 690.131 67.4589 60.7239 337.021 114.97
internal_count=1074050 71985 1002065 25803 22739 46182 80580 37102 15468 36974 7271 8204 33622 7264 21997 7107 3064 1149 24561 20901 12888 4442 921485 46958 5019 1956 234 214 6414 3526
is_linear=0
shrinkage=0.05


Tree=23
num_leaves=31
num_cat=0
split_feature=0 0 0 58 40 40 0 58 42 36 76 62 36 76 0 76 3 76 69 68 76 76 0 74 76 54 76 68 64 70
split_gain=3080.58 187.079 86.6867 57.5566 57.4717 40.6581 37.408 28.3393 19.0456 18.4866 18.1257 12.3692 12.138 12.0301 11.2354 11.9174 13.353 10.752 10.2154 12.9153 9.98516 9.67833 9.29569 9.13634 8.99517 8.66774 8.36861 7.94621 7.94487 7.74212
threshold=0.15548050853772452 0.68981449621504665 0.030380062479932603 6.5000000000000009 7.5000000000000009 38.500000000000007 0.94875966535953815 3.5000000000000004 1.0000000180025095e-35 3565.5000000000005 581.50000000000011 17.500000000000004 7592.5000000000009 562.50000000000011 0.94875966535953815 570.50000000000011 4095.0000000000005 641.50000000000011 1.0000000180025095e-35 115.50000000000001 599.50000000000011 635.50000000000011 0.0032200281855830795 8.5000000000000018 577.50000000000011 0.012735500000000002 693.50000000000011 117.50000000000001 1.0000000180025095e-35 1.0000000180025095e-35
decision_type=2 2 2 2 2 2 2 2 2 2 2 2 2 2 2 2 2 2 2 2 2 2 2 2 2 2 2 2 2 2
left_child=2 3 21 5 6 10 8 13 12 11 -2 17 23 -4 15 16 -6 29 19 -12 -10 -1 -23 -3 -9 -15 27 -8 -7 -5
right_child=1 4 7 9 14 28 26 24 20 -11 18 -13 -14 25 -16 -17 -18 -19 -20 -21 -22 22 -24 -25 -26 -27 -28 -29 -30 -31
leaf_value=-0.05361958466479172 -0.010891192591379358 0.015047827605043002 -0.055280987949513527 -0.031671846855397777 -0.04760899860128015 0.027204441108001545 0.030951962924327864 -0.051281735606695612 0.018484772414077696 -0.046374315292075786 -0.025463325816006993 0.019045134871829544 -0.041650730470237797 -0.014143014654510754 0.048992348082715506 0.041356461089378765 0.026338086804526095 0.038560034168096752 0.016113505119495105 0.031844389714630127 0.03194720519727591 -0.05385364140933066 -0.0088963203810719579 -0.012086085572008458 -0.027964673507244422 0.011836543852393669 -0.0010834228460543398 0.039194413375240295 0.054362347895715757 0.004239211824295981
leaf_weight=1717.6845309346972 124.38022679329151 239.15258537209593 12.998363022867123 69.150488128187135 6.673979429062455 59.878995192295406 787.54997803573497 78.859739347244613 269.9395976040978 50.74760218380834 34.426137156086043 27.490095370769268 11.16626824357081 91.310907340317499 432.45716967293993 402.38591210055165 71.590186846093275 7.4789117702748618 241.83325093064923 13.761511028744279 281.2363203028217 22.039241703867447 24.039411661913618 35.647492302348837 86.986575465823989 49.515947878593579 17.219281706959009 465.08788254507817 48.940082401968539 19.169311568315607
leaf_count=906765 12185 3775 5256 13028 397 816 2269 38122 3129 14030 2240 2215 1303 12741 621 996 499 186 7426 293 1685 11340 3380 1050 20531 3930 66 1119 150 2507
internal_value=0 0.0272781 -0.048671 0.00393388 0.0326677 0.012219 0.0281271 -0.0247144 0.0199217 -0.0209744 0.00507662 -0.0105194 0.00945148 -0.00925645 0.0431452 0.0378842 0.0200322 -0.0190031 0.0119247 -0.00909729 0.0253539 -0.0530129 -0.0303992 0.011528 -0.0390519 -0.00500838 0.0335364 0.0340123 0.0394184 -0.0238776
internal_weight=0 3717.36 2083.43 697.257 3020.11 523.22 2107 319.672 837.142 174.036 414.401 123.289 285.966 153.825 913.107 480.65 78.2642 95.7987 290.021 48.1876 551.176 1763.76 46.0787 274.8 165.846 140.827 1269.86 1252.64 108.819 88.3198
internal_count=1074050 71985 1002065 55076 16909 23110 14396 80580 10942 31966 22144 17936 6128 21927 2513 1892 896 15721 9959 2533 4814 921485 14720 4825 58653 16671 3454 3388 966 15535
is_linear=0
shrinkage=0.05


Tree=24
num_leaves=31
num_cat=0
split_feature=0 0 0 55 40 79 48 76 58 76 0 76 74 76 68 0 40 36 74 3 2 40 79 76 0 76 2 68 60 68
split_gain=2907.08 180.237 86.2064 86.0315 49.6689 44.9391 30.9123 20.1299 20.0246 19.5969 19.5096 16.7356 15.6886 13.8354 13.3048 12.7499 12.2414 12.0624 10.0817 9.82431 9.66798 9.56101 11.275 9.01418 9.15571 9.012 8.83672 8.47797 8.34152 8.29502
threshold=0.15548050853772452 0.7740980979447657 0.024637024168185744 1.0000000180025095e-35 1.0000000180025095e-35 12.500000000000002 8.5000000000000018 638.50000000000011 2.5000000000000004 578.50000000000011 0.94875966535953815 575.50000000000011 9.5000000000000018 566.50000000000011 23.500000000000004 0.94875966535953815 1.0000000180025095e-35 1149.5000000000002 7.5000000000000009 8407.0000000000018 593143.50000000012 412.50000000000006 7.5000000000000009 634.50000000000011 0.01473053741135971 564.50000000000011 435.50000000000006 117.50000000000001 33.500000000000007 24.500000000000004
decision_type=2 2 2 2 2 2 2 2 2 2 2 2 2 2 2 2 2 2 2 2 2 2 2 2 2 2 2 2 2 2
left_child=2 3 23 5 10 9 11 14 20 18 25 -4 15 -10 -7 21 -13 -11 29 -14 -5 22 28 -1 -25 -3 -19 -12 -6 -2
right_child=1 4 6 8 12 7 -8 -9 13 17 27 16 19 -15 -16 -17 -18 26 -20 -21 -22 -23 -24 24 -26 -27 -28 -29 -30 -31
leaf_value=-0.053477177136949695 -0.036008195520998973 -0.0059613996827222382 -0.037263593787601267 0.049753456190180151 0.036096781108950551 -0.050599322713960941 -0.044328606084680672 0.028495435538680822 -0.029230480761477187 0.0038621315158945228 0.027404652993907208 -0.013381400276939579 -0.016495531278565304 0.022925753166815499 -0.019407308293725889 0.045790740064555323 0.018514466916599987 -0.042206581733510509 -0.040661742311811938 0.028088419077634028 0.024399211876534425 0.047718416375797088 0.0066826643968147473 -0.041727801109742529 0.015685221623883631 0.020390732904921969 0.024346646774379747 0.037364707725755203 -0.0019636500582266431 0.0022240891986120711
leaf_weight=1631.2847324497707 17.260655597376171 34.893861975520849 54.190340254892362 119.49830391432624 371.97930530738086 50.365484269917943 130.78533766699547 16.586722741601989 17.090518567943946 220.80308770021657 636.14827211480588 114.29837132307875 17.526827404275537 49.665812365070451 106.42767765556346 686.02630124404095 40.82681226018758 5.1610949347959822 24.197013320692349 41.883651489391923 54.8599028022727 125.4495726285968 39.820481275673956 36.584188435284887 8.5708552103606035 462.03660877607763 148.3847132367664 321.69551726686768 14.975431581959127 79.675967173534445
leaf_count=892884 1923 863 19139 426 1202 12320 54279 525 3500 8486 1936 16658 341 1299 16677 1154 3216 360 4065 227 651 262 998 15132 757 4730 3371 804 89 5776
internal_value=0 0.0265451 -0.0482108 0.00725421 0.0329228 -0.00197633 -0.0252585 -0.0238856 0.0328601 0.00569021 0.0265792 -0.0133431 0.0400345 0.00957306 -0.0294269 0.0412387 -0.00498685 0.0113467 -0.0117904 0.0149356 0.041776 0.0355837 0.0320168 -0.0528672 -0.0308303 0.0185403 0.0221096 0.0307498 0.0346238 -0.0045836
internal_weight=0 3662.41 2016.54 909.977 2752.44 668.862 340.101 173.38 241.115 495.483 1454.77 209.316 1297.66 66.7563 156.793 1238.25 155.125 374.349 121.134 59.4105 174.358 552.225 426.775 1676.44 45.155 496.93 153.546 957.844 386.955 96.9366
internal_count=1074050 71985 1002065 59379 12606 53503 93292 29522 5876 23981 8333 39013 4273 4799 28997 3705 19874 12217 11764 568 1077 2551 2289 908773 15889 5593 3731 2740 1291 7699
is_linear=0
shrinkage=0.05


Tree=25
num_leaves=31
num_cat=0
split_feature=0 0 0 55 40 79 76 68 2 76 36 50 50 76 70 0 36 76 79 76 0 58 69 74 36 54 76 40 65 69
split_gain=2746.72 217.16 81.0963 63.4048 45.839 42.5303 40.6875 18.8383 16.6371 17.3307 15.5916 16.3659 14.4624 14.3651 12.6648 12.3883 11.4549 9.62193 9.2592 8.78876 8.60758 8.48101 8.35841 8.34057 8.22655 8.3626 8.32719 8.11215 7.91383 7.73461
threshold=0.37969951586789719 0.030380062479932603 0.86620967868038068 1.0000000180025095e-35 5.5000000000000009 6.5000000000000009 577.50000000000011 1.5000000000000002 242584.50000000003 554.50000000000011 1245.5000000000002 1.0000000180025095e-35 1.0000000180025095e-35 577.50000000000011 2.5000000000000004 0.94875966535953815 1069.5000000000002 635.50000000000011 867.50000000000011 567.50000000000011 0.0032200281855830795 1.5000000000000002 1.5000000000000002 6.5000000000000009 1404.5000000000002 0.0017535000000000003 681.50000000000011 1368.0000000000002 50.000000000000007 1.0000000180025095e-35
decision_type=2 2 2 2 2 2 2 2 2 2 2 2 2 2 2 2 2 2 2 2 2 2 2 2 2 2 2 2 2 2
left_child=1 17 3 6 15 12 10 -8 -5 -10 -2 -12 19 -7 -15 21 23 -1 -18 -3 -19 -4 -6 -9 25 26 -17 -21 -14 -23
right_child=2 5 4 8 22 13 7 16 9 -11 11 -13 28 14 -16 24 18 20 -20 27 -22 29 -24 -25 -26 -27 -28 -29 -30 -31
leaf_value=-0.053013281705951869 -0.0019830607809303959 -0.031613816109190611 0.028954152927585821 0.046313974146211766 0.02553057276031731 -0.04603515984638034 -0.024654380403226681 0.016738763508292127 -0.0651273069486763 0.02630180620159886 -0.04340582207798304 0.041947897123828799 -0.021367488208510178 -0.026583909734075074 0.026942145884384858 0.027568162449496277 0.027017483801944492 -0.053197719505645419 -0.056763455377061338 -0.0086235233872168377 -0.0089786105017670946 -0.0048648803529770697 0.045932679321227549 -0.0018675050104121505 0.037884479520681684 0.039862242985432866 -0.0061017955190788972 0.040362231627757386 0.023179237420652213 0.01946403275819843
leaf_weight=1594.3278955649439 108.68381328927353 42.0449659730657 219.47260221466422 168.74763866147259 54.363892574096099 111.24688120387145 28.043420683708973 180.58594936178997 5.4094835760770357 123.83409892074997 51.569958183012204 6.3024625962134442 12.142967130814212 122.85804494668264 12.14345359202707 652.60589861683547 222.70257515012054 20.436503544973675 3.3473570118658236 221.05920274701202 23.847327296680305 39.84805712569505 655.60964591777883 90.372416222468019 379.14847097638994 144.97913646232337 18.895087673328817 8.7875128220766765 55.714291867858265 181.32548979530111
leaf_count=906765 5926 11204 1312 880 236 49785 2863 3557 734 1174 7476 91 1611 26825 755 2030 3725 11340 893 21074 3380 543 1206 2614 951 327 70 48 3029 1626
internal_value=0 -0.0430327 0.0286976 0.0166936 0.0337606 -0.0169097 0.00838609 0.0152166 0.0359746 0.022475 -0.0131462 -0.0341106 -0.00544189 -0.0327318 -0.0217692 0.0291571 0.0174662 -0.0523747 0.0257769 -0.0105955 -0.0293852 0.0219907 0.0443705 0.010533 0.0317982 0.028972 0.0266207 -0.0067507 0.0152077 0.0150808
internal_weight=0 2224.61 3335.85 989.599 2346.25 585.997 691.608 525.052 297.991 129.244 166.556 57.8724 339.749 246.248 135.001 1636.27 497.008 1638.61 226.05 271.892 44.2838 440.646 709.974 270.958 1195.63 816.48 671.501 229.847 67.8573 221.174
internal_count=1074050 1035816 38234 29933 8301 114331 27145 13652 2788 1908 13493 7567 36966 77365 27580 6859 10789 921485 4618 32326 14720 3481 1442 6171 3378 2427 2100 21122 4640 2169
is_linear=0
shrinkage=0.05


Tree=26
num_leaves=31
num_cat=0
split_feature=0 0 0 40 81 79 0 48 40 68 76 76 58 76 76 40 76 3 79 76 76 79 76 36 36 74 0 58 68 40
split_gain=2595.8 170.964 84.497 57.5033 52.5763 38.6086 32.4955 24.4981 17.3116 15.8946 15.4102 14.9046 14.0725 13.3404 12.6218 11.49 10.7475 10.6205 10.0682 9.98501 9.59034 9.30756 8.86748 8.74081 8.66069 8.49811 8.1869 8.11817 7.81563 7.67351
threshold=0.15548050853772452 0.68981449621504665 0.030380062479932603 2.5000000000000004 0.018857000000000002 57.500000000000007 0.94875966535953815 11.500000000000002 1.0000000180025095e-35 105.50000000000001 638.50000000000011 562.50000000000011 2.5000000000000004 573.50000000000011 616.50000000000011 6.5000000000000009 578.50000000000011 647.50000000000011 28.500000000000004 633.50000000000011 635.50000000000011 396.50000000000006 546.50000000000011 9603.5000000000018 744.50000000000011 9.5000000000000018 0.0032200281855830795 3.5000000000000004 99.500000000000014 1993.0000000000002
decision_type=2 2 2 2 2 2 2 2 2 2 2 2 2 2 2 2 2 2 2 2 2 2 2 2 2 2 2 2 2 2
left_child=2 4 20 6 5 8 13 11 9 16 -7 -4 29 27 17 -13 -2 -10 24 -9 -1 -14 -19 25 -15 -24 -22 -3 -18 -5
right_child=1 3 7 12 -6 10 -8 19 14 -11 -12 15 21 18 -16 -17 28 22 -20 -21 26 -23 23 -25 -26 -27 -28 -29 -30 -31
leaf_value=-0.052723249337287115 -0.030327477393436386 0.010090501364693702 -0.053792959295311728 0.040872533310540138 0.04057091246172178 -0.036044825878639247 0.030441308248954912 -0.047483347882533583 -0.057664951176882556 0.0128521692865583 0.030050706698344226 -0.014029248385574195 0.030451518539618267 0.013811752878514633 0.041508264213506132 0.021358948337078736 -0.0010299656053292714 -0.057219874955399569 -0.0064126500583790887 0.010619424409361301 -0.052874879589156903 -0.041239537031596031 0.018936543765872543 -0.067470478102942127 0.026622826279585989 -0.040605227520575035 -0.009293984917509766 -0.018362479303717313 -0.037514601966215574 0.05447939057390884
leaf_weight=1534.6855230322253 55.080307501659263 81.293397928588092 20.502147612103727 700.35235990397632 80.864562982111238 95.236378888221225 1109.4527171847876 97.261256197045441 5.7365807629539622 99.938783748424612 9.7186376859899593 156.44086384138791 232.28435759060085 221.71165915555321 37.648469162289985 26.87809263636882 144.47794074978447 4.5075828286935566 34.5039609176456 8.0026649903738853 19.608836946485098 4.6173619231558396 124.67424783782917 3.2074357392266384 325.75369779346511 6.2952366789686485 23.92381944344379 36.247279266011901 16.338525407016277 121.60483506135643
leaf_count=906765 8575 1436 9866 1612 486 23405 3212 43962 1133 4934 351 24774 1419 2520 374 1303 7318 1149 1442 675 11340 553 4410 664 2847 954 3380 1714 1323 154
internal_value=0 0.0251805 -0.0473849 0.0305369 0.00271328 -0.00236475 0.0251201 -0.0234785 0.00344466 -0.00363403 -0.0299245 -0.0133624 0.0397911 0.0166805 0.0157241 -0.00884066 -0.0112655 0.00900249 0.0197836 -0.0430661 -0.0520668 0.0290542 0.0117601 0.0140775 0.0214346 0.0160746 -0.0289246 0.00131615 -0.00473671 0.0428856
internal_weight=0 3551.55 1887.3 2867.82 683.725 602.86 1808.96 309.085 497.905 315.836 104.955 203.821 1058.86 699.51 182.07 183.319 215.897 144.421 581.969 105.264 1578.22 236.902 138.685 134.177 547.465 130.969 43.5327 117.541 160.816 821.957
internal_count=1074050 71985 1002065 16909 55076 54590 13171 80580 30834 22150 23756 35943 3738 9959 8684 26077 17216 8310 6809 44637 921485 1972 7177 6028 5367 5364 14720 3150 8641 1766
is_linear=0
shrinkage=0.05


Tree=27
num_leaves=31
num_cat=0
split_feature=0 0 0 40 0 58 58 72 66 76 66 76 0 68 54 68 40 68 79 66 76 40 76 36 79 40 63 79 76 76
split_gain=2437.81 160.918 85.0776 67.9073 41.161 33.9996 32.5379 28.6927 23.4085 17.6362 17.4467 15.6482 14.8568 14.5231 13.9968 13.1037 12.291 12.0364 11.1966 11.1505 10.0586 9.65427 12.8195 11.2599 9.20261 8.828 8.42276 8.29367 8.07851 7.98923
threshold=0.15548050853772452 0.53809039466125175 0.012339227772512141 1.0000000180025095e-35 0.86620967868038068 3.5000000000000004 7.5000000000000009 1921.5000000000002 0.052111500000000012 566.50000000000011 0.063933000000000004 652.50000000000011 0.86620967868038068 107.50000000000001 0.023543000000000005 117.50000000000001 18.500000000000004 96.500000000000014 76.500000000000014 0.059568000000000003 604.50000000000011 1758.5000000000002 575.50000000000011 833.50000000000011 16.500000000000004 13.500000000000002 0.023723000000000005 3.5000000000000004 573.50000000000011 583.50000000000011
decision_type=2 2 2 2 2 2 2 2 2 2 2 2 2 2 2 2 2 2 2 2 2 2 2 2 2 2 2 2 2 2
left_child=2 7 -1 4 13 14 10 8 9 -2 12 -7 21 17 28 19 27 18 -3 24 25 22 23 -5 -6 -8 -16 -11 -4 -14
right_child=1 3 5 6 15 11 20 -9 -10 16 -12 -13 29 -15 26 -17 -18 -19 -20 -21 -22 -23 -24 -25 -26 -27 -28 -29 -30 -31
leaf_value=-0.05272610218805196 -0.028593333828068092 0.0065400806231536886 -0.041153549629406885 0.018433046110381213 0.02228184021776379 -0.042365527696335357 -0.027448476624314145 -0.056216102525186419 0.043032365148982767 0.0039172331205335692 0.050274419895682758 0.025598027369298049 0.031766477616639636 0.021540598867332603 0.015880856769295241 0.033101298681706963 0.024929942609526953 -0.034271047006878927 -0.035111890288532545 0.059880727418975759 0.032715378571978128 0.04781707003614008 0.028180329036222414 -0.027521014452640061 -0.0051430391882179311 0.012767007750868947 -0.056302690927506151 -0.013589937372433551 -0.012255195137826433 0.042160975235787268
leaf_weight=1414.5213479996455 61.293152718804777 208.8222199534066 32.886310164962197 35.837781459791586 780.74085495946929 216.13418457204534 26.798758968361653 24.725354503330891 28.409839349100366 165.28355941799236 239.29003910906613 8.8148352456046251 272.17740314500406 110.70511850184994 51.531489324624999 400.67265825462528 44.910839992808178 23.50373713823501 17.485453207918908 19.075981726869941 22.564747770375106 43.126843822654337 201.90397537592798 21.224298118730076 31.836041172966361 27.80507151450729 4.385172679059905 114.51859602320474 91.389701372885611 576.20639435946941
leaf_count=862486 14909 5691 13817 416 3643 101796 2464 8347 128 8104 322 406 836 2132 6172 1422 1076 1264 2188 40 346 104 1274 787 417 1222 1056 13618 16332 1235
internal_value=0 0.0244119 -0.0469401 0.0284741 0.0213258 -0.0267386 0.0362359 -0.00389218 -0.000770372 -0.00399423 0.0379906 -0.0397023 0.0354357 0.00646551 -0.0105549 0.0256731 0.000649122 -0.000215086 0.00332188 0.0220944 0.00463423 0.0259139 0.0222663 0.00134039 0.0212074 -0.00697016 0.01022 -0.00324817 -0.0199024 0.0388262
internal_weight=0 3498.92 1819.66 3059.78 1592.84 405.142 1466.94 439.141 414.416 386.006 1389.77 224.949 1150.48 360.517 180.193 1232.33 324.713 249.811 226.308 831.653 77.1686 302.093 258.966 57.0621 812.577 54.6038 55.9167 279.802 124.276 848.384
internal_count=1074050 71985 1002065 25803 16797 139579 9006 46182 37835 37707 4974 102202 4652 11275 37377 5522 22798 9143 7879 4100 4032 2581 2477 1203 4060 3686 7228 21722 30149 2071
is_linear=0
shrinkage=0.05


Tree=28
num_leaves=31
num_cat=0
split_feature=0 0 40 0 0 54 76 42 72 36 40 76 58 42 76 76 66 2 42 69 74 40 54 69 76 68 76 79 79 76
split_gain=2298.17 178.703 67.0946 64.8927 50.1821 34.0216 27.8239 25.7964 22.7814 16.8019 16.4813 15.3873 14.8974 12.366 13.6036 11.2183 10.965 13.6975 11.8247 10.1787 9.41398 9.20493 8.37343 8.17348 11.7508 8.00754 7.95843 9.6875 7.94497 8.12113
threshold=0.11665055024126079 0.53809039466125175 6.5000000000000009 0.012339227772512141 0.94875966535953815 0.015475000000000001 575.50000000000011 1.0000000180025095e-35 1921.5000000000002 13441.500000000002 13.500000000000002 557.50000000000011 8.5000000000000018 1.0000000180025095e-35 652.50000000000011 592.50000000000011 0.085786000000000015 593143.50000000012 16.500000000000004 1.5000000000000002 8.5000000000000018 64.500000000000014 0.10380200000000002 1.5000000000000002 578.50000000000011 1.5000000000000002 644.50000000000011 82.500000000000014 1.5000000000000002 576.50000000000011
decision_type=2 2 2 2 2 2 2 2 2 2 2 2 2 2 2 2 2 2 2 2 2 2 2 2 2 2 2 2 2 2
left_child=3 5 4 -1 7 8 -5 9 11 20 13 -2 16 14 22 28 17 23 -19 25 26 -7 -8 24 -4 -13 27 -3 -9 -30
right_child=1 2 12 6 -6 21 10 15 -10 -11 -12 19 -14 -15 -16 -17 -18 18 -20 -21 -22 -23 -24 -25 -26 -27 -28 -29 29 -31
leaf_value=-0.052482267900223124 -0.041339405171874621 0.0089311485531250057 -0.034376020368407839 -0.046280942113757058 0.029703431491960898 0.011018293147383507 -0.039519266423953356 0.022282408553716288 -0.055476833008799825 -0.055193961568719356 0.027529113621750041 -0.041959238928865522 0.0095540236882912313 -0.0064073670568451039 0.022181300863653223 0.025923601687123422 0.051800483579860106 0.025476905770156922 -0.046687687964703975 0.012804720158973257 -0.017752395861343553 0.043917116881100643 0.060174178083739788 0.042190790828298852 0.031970412346953227 -0.0071842002412879514 0.034552162259149012 -0.023003987154315897 -0.0114155906682259 0.01369346786617074
leaf_weight=1360.8518534543546 32.377571946839453 224.53283217275748 8.1056976872496289 132.04349581991846 1152.2352849354502 81.179874815512449 101.81126379552006 104.59782754327171 27.85613472557452 12.02254702959908 18.867877450247761 17.794367348629748 41.404310885409359 80.610031887568766 10.530510233482344 354.71876011451241 166.65147852525115 108.39070538501255 5.9902365710586301 63.19685777516861 39.680974243208766 28.806490404880606 2.1507466186303636 566.54817150789313 37.779410478891805 237.4899980656046 26.121365815866739 26.555952153925318 52.654225170030259 82.910310523817316
leaf_count=862486 11457 4665 156 73661 3413 4228 35205 1301 10472 2257 1931 3986 1785 16014 512 2965 198 415 37 4488 1661 226 16 1445 148 23565 225 2284 1742 1106
internal_value=0 0.0231996 0.0277516 -0.0475663 0.0227429 -0.00484524 -0.0282321 0.014061 -0.0119547 0.00282441 -0.0170939 -0.00849933 0.0388742 -0.0214093 -0.0319716 0.0202738 0.0402329 0.0375806 0.0216976 -0.00516073 0.00502558 0.0196348 -0.0374568 0.0405469 0.0202502 -0.00960816 0.00828611 0.00555359 0.0119292 0.00394093
internal_weight=0 3499.6 3010.9 1706.87 2076.03 488.701 346.014 923.795 378.715 328.914 213.97 350.859 934.87 195.103 114.493 594.881 893.466 726.814 114.381 318.481 316.891 109.986 103.962 612.433 45.8851 255.284 277.21 251.089 240.162 135.565
internal_count=1074050 84225 25803 989825 21619 58422 127339 18206 53968 11092 53678 43496 4184 51747 35733 7114 2399 2201 452 32039 8835 4454 35221 1749 304 27551 7174 6949 4149 2848
is_linear=0
shrinkage=0.05


Tree=29
num_leaves=31
num_cat=0
split_feature=0 0 0 40 54 72 0 76 79 79 73 40 72 54 2 76 62 76 76 40 36 36 58 0 3 42 60 42 76 76
split_gain=2166.3 173.125 65.182 58.9535 52.0689 31.2062 30.2072 21.762 20.592 18.9741 16.7154 13.6853 13.3581 13.0523 11.7293 11.2508 11.223 10.6746 9.76264 10.3555 12.045 9.0425 8.98792 8.07652 7.81076 8.50993 8.29131 7.79154 7.6942 7.58185
threshold=0.11665055024126079 0.68981449621504665 0.030380062479932603 2.5000000000000004 0.0023915000000000004 1852.1666666650001 0.94875966535953815 618.50000000000011 11.500000000000002 124.50000000000001 1.5000000000000002 46.500000000000007 130.29166666650005 0.023543000000000005 175.00000000000003 593.50000000000011 2.5000000000000004 635.50000000000011 562.50000000000011 2.5000000000000004 1131.5000000000002 354.50000000000006 2.5000000000000004 0.0032200281855830795 138702.50000000003 33.500000000000007 26.500000000000004 1.0000000180025095e-35 646.50000000000011 576.50000000000011
decision_type=2 2 2 2 2 2 2 2 2 2 2 2 2 2 2 2 2 2 2 2 2 2 2 2 2 2 2 2 2 2
left_child=2 4 17 6 5 7 13 9 18 11 27 16 22 15 -14 -3 29 -1 -4 20 -20 28 -5 -19 -8 26 -26 -6 -17 -2
right_child=1 3 8 12 10 -7 24 -9 -10 -11 -12 -13 14 -15 -16 21 -18 23 19 -21 -22 -23 -24 -25 25 -27 -28 -29 -30 -31
leaf_value=-0.052090283501708336 -0.030327395293064552 0.0040053299386738628 -0.052993949718231161 0.042499298650238333 0.0014492994837112601 -0.055305914180928423 0.031607177745542711 0.016024327978448188 -0.041414521041588014 -0.039774151601276758 0.049682151128878693 0.020446646245320076 -0.053258075697952871 0.031464507886837599 0.024658096006732751 0.0039536111156974864 0.0052369122490777261 -0.051985639311292131 -0.028317050761948428 0.020013457256187223 0.0056513457050165845 0.021172961928252531 0.030048267826987801 -0.0065705786814527593 0.02194233586499901 -0.032880955652865376 0.049418346064537731 0.025058588903956652 -0.062415475224021633 -0.0096140141763799009
leaf_weight=1361.8312661170494 62.682313191427966 264.31095580011606 13.048897809319895 708.61178296525031 61.500432213069871 31.8720500132913 618.66786187468097 104.38432680536062 95.916827078632195 46.156979519422748 45.47792547615245 43.88049512746511 5.0882651536958283 96.555173913016915 95.205153672606684 33.251646695658565 91.268892591440817 17.042751364351716 64.659260055195773 26.973420152862673 43.759078472066903 275.4152271807543 182.20950590004213 23.002602899796329 410.00449637230486 6.7276111389510325 29.427908292040229 80.93537283455953 5.0270862635225049 149.65911231745849
leaf_count=906765 11540 5800 6626 1549 3762 12029 1845 3642 42961 13813 134 1920 281 725 951 443 8923 11340 12227 1416 5110 2935 957 3380 1265 41 61 2208 56 9345
internal_value=0 0.0225278 -0.0471883 0.028272 0.000677304 -0.00734193 0.0227262 -0.00427243 -0.023358 -0.00965456 0.023291 -0.00565379 0.0380049 0.0144476 0.0207051 0.0116049 -0.00942606 -0.0513421 -0.0116905 -0.0077097 -0.014607 0.0180082 0.0399526 -0.0258986 0.0279706 0.0229279 0.0237823 0.0148647 -0.00476254 -0.0157285
internal_weight=0 3448.32 1646.23 2730.5 717.818 529.904 1739.39 498.032 244.357 393.648 187.914 347.491 991.115 674.56 100.293 578.005 303.61 1401.88 148.441 135.392 108.418 313.694 890.821 40.0454 1064.83 446.16 439.432 142.436 38.2787 212.341
internal_count=1074050 84225 989825 16909 67316 61212 13171 49183 68340 45541 6104 31728 3738 9959 1232 9234 29808 921485 25379 18753 17337 3434 2506 14720 3212 1367 1326 5970 499 20885
is_linear=0
shrinkage=0.05


Tree=30
num_leaves=31
num_cat=0
split_feature=0 0 40 0 58 79 76 40 76 48 54 76 3 66 76 68 76 76 74 43 0 40 68 40 74 64 3 2 76 36
split_gain=2043.28 196.563 76.0302 76.8773 34.9648 25.7808 22.3483 18.3926 18.0621 16.5688 15.946 15.0043 11.9475 11.5714 10.8821 10.8247 10.7631 10.4628 13.3736 9.99803 9.75352 10.4248 8.84639 8.62413 9.99795 8.49571 8.48218 14.7334 9.86412 9.23394
threshold=0.37969951586789719 0.030380062479932603 13.500000000000002 0.86620967868038068 86.500000000000014 12.500000000000002 562.50000000000011 1.0000000180025095e-35 561.50000000000011 1.5000000000000002 0.029091500000000003 641.50000000000011 3321.0000000000005 0.047914000000000005 617.50000000000011 120.50000000000001 635.50000000000011 599.50000000000011 8.5000000000000018 1.0000000180025095e-35 0.94875966535953815 402.50000000000006 20.500000000000004 1.0000000180025095e-35 11.500000000000002 1.0000000180025095e-35 393.00000000000006 175.00000000000003 586.50000000000011 1234.5000000000002
decision_type=2 2 2 2 2 2 2 2 2 2 2 2 2 2 2 2 2 2 2 2 2 2 2 2 2 2 2 2 2 2
left_child=1 16 3 5 6 10 -3 19 13 23 17 22 -9 15 -6 -4 -1 18 -2 -8 21 -10 -7 24 -5 -14 -11 28 -28 -29
right_child=2 4 8 9 14 11 7 12 20 26 -12 -13 25 -15 -16 -17 -18 -19 -20 -21 -22 -23 -24 -25 -26 -27 27 29 -30 -31
leaf_value=-0.051841946509410319 0.0044701123820481258 -0.039403931217993467 -0.019033257813773817 0.028902444488406728 -0.050066668378705763 -0.042197346171502496 -0.016693458352478374 -0.037377319515359324 0.029774319947919015 0.039216403954923505 0.029531358513563484 0.036947306661576869 0.0069934207339090483 0.054362454626271109 -0.0031238873105116395 0.025300082251676122 -0.025282480264230779 0.01577705031802212 -0.030400124667342533 0.010630427888254013 0.048381163484872168 0.045659750731435841 -0.011261766982011152 0.039499476379140606 -0.029893932726721043 0.03810375754069445 -0.05449975388742756 0.017391750284782726 0.0058830937067155583 0.028827383216812569
leaf_weight=1307.6735785863711 218.11258855205961 56.35702624048281 26.502764381060842 549.41419199481606 82.157233140489552 33.518846665218007 239.78195576142753 11.839473406536852 249.22451120743062 62.799770471989177 93.312597349286079 12.523742294055408 80.565926616473007 14.37767910491675 14.528956205409484 28.656298839254305 39.291271979018347 184.49761633062735 31.463000092946459 38.911681395053165 279.37212120834738 176.3627703905222 74.413710956578143 238.05505360243842 7.3266100408509365 30.159689325693762 10.028021031059327 492.28154763905331 20.776203949470073 275.21238741721027
leaf_count=906765 7013 23252 1513 2120 40972 6264 34721 2187 1585 169 1191 245 6936 17 1870 606 14720 3049 2399 3557 430 500 6151 643 66 836 185 2664 167 1257
internal_value=0 -0.040754 0.0251717 0.0206154 -0.0156926 0.00601268 -0.0099204 -0.00577942 0.0387241 0.0263285 0.0107796 -0.0148578 0.0103627 0.0144122 -0.0430126 0.00399885 -0.0510672 0.00674849 7.41605e-05 -0.0128785 0.0411223 0.0363572 -0.0208689 0.0315344 0.0281287 0.0154673 0.0215234 0.0201316 -0.013774 0.0214924
internal_weight=0 1901.27 3078.23 2303.74 554.302 647.842 457.616 401.259 774.496 1655.89 527.386 120.456 122.565 69.5367 96.6862 55.1591 1346.96 434.073 249.576 278.694 704.959 425.587 107.933 794.796 556.741 110.726 861.098 798.298 30.8042 767.494
internal_count=1074050 1035816 38234 33583 114331 26312 71489 48237 4651 7271 13652 12660 9959 2136 42842 2119 921485 12461 9412 38278 2515 2085 12415 2829 2186 7772 4442 4273 352 3921
is_linear=0
shrinkage=0.05


Tree=31
num_leaves=31
num_cat=0
split_feature=0 0 81 0 40 72 58 76 0 40 68 58 74 79 76 76 76 0 76 68 68 43 76 64 2 36 36 40 74 36
split_gain=1932.91 160.482 71.0671 64.5434 49.6377 39.4462 26.1874 25.1368 22.5382 20.009 13.1922 11.5 11.0423 11.5273 10.4863 10.0703 9.87157 9.86061 9.56196 9.11624 11.2785 9.30349 8.73953 8.45225 8.43153 8.40932 8.24176 10.3064 8.22604 8.7691
threshold=0.11665055024126079 0.7740980979447657 0.018857000000000002 0.012339227772512141 5.5000000000000009 1420.5000000000002 3.5000000000000004 577.50000000000011 0.94875966535953815 1.0000000180025095e-35 21.500000000000004 1.5000000000000002 7.5000000000000009 144.50000000000003 633.50000000000011 562.50000000000011 620.50000000000011 0.94875966535953815 579.50000000000011 105.50000000000001 99.500000000000014 1.0000000180025095e-35 562.50000000000011 1.0000000180025095e-35 3185.5000000000005 555.50000000000011 997.50000000000011 1.0000000180025095e-35 8.5000000000000018 403.50000000000006
decision_type=2 2 2 2 2 2 2 2 2 2 2 2 2 2 2 2 2 2 2 2 2 2 2 2 2 2 2 2 2 2
left_child=3 2 5 -1 8 7 15 10 11 19 -2 -3 13 23 -8 -5 24 22 -13 20 21 -9 25 -12 -11 -6 27 -17 -10 -30
right_child=1 4 -4 6 17 -7 14 9 28 16 12 18 -14 -15 -16 26 -18 -19 -20 -21 -22 -23 -24 -25 -26 -27 -28 -29 29 -31
leaf_value=-0.051819554246633884 -0.043190839654103169 0.022792305079683845 0.039341440524506111 -0.051899966422322141 0.032746074224087665 -0.050420159557794123 -0.043175701182204949 -0.0068019614757214566 0.029803405433767895 -0.015085630931053981 -0.0050801105834455546 -0.005645620319122407 -0.038727191427535182 -0.046758337816090394 0.00054500162453704354 -0.029367482287292909 0.039077086407764944 0.044313701604422683 0.014137528071884946 0.011239064739244804 -0.039560047123877437 0.02373471077985545 0.035043241487779923 0.026833325292243217 0.018328164382997184 -0.02258065559732441 0.0066731018376639945 0.014817559641213316 -0.0038313220408186764 0.023328681645926098
leaf_weight=1207.6249871698819 32.887372715107631 290.38533405098133 118.71413053577999 13.613904692116192 14.038126049097629 40.193572619769839 163.89411196490983 186.10070020271814 865.95632391469553 22.699105958279688 114.32076296364539 82.250414452748373 26.243354157544672 14.077830932044888 14.967289227031868 53.064416557230288 48.153724378091283 387.19045691261999 237.29891778866295 108.14027899951907 22.984028272214346 28.803052825445775 324.29729274183046 25.347693618619815 112.20345042835106 13.446650655590927 61.349612931982847 17.56656589769409 35.257892213761806 189.18004934233613
leaf_count=862486 7070 2308 637 8252 69 14440 91833 11595 2548 1763 12406 2041 5505 5548 1602 14521 546 697 2741 4433 2293 1070 1014 1087 3226 358 9015 2116 122 708
internal_value=0 0.0213288 0.00329447 -0.0465001 0.0279892 -0.00217668 -0.0267011 0.000436774 0.0232871 0.0062744 -0.0140721 0.0155902 -0.00875154 -0.00363492 -0.0395171 -0.0109568 0.0196429 0.0388084 0.00904544 -0.000797829 -0.00626962 -0.0027092 0.0327489 0.000711691 0.0127059 0.00567803 -0.00673343 -0.0183783 0.0275925 0.019062
internal_weight=0 3340.17 900.869 1532.08 2439.3 782.155 324.456 741.961 1700.33 529.084 212.877 609.935 179.99 153.746 178.861 145.595 183.056 738.973 319.549 346.028 237.888 214.904 351.782 139.668 134.903 27.4848 131.981 70.631 1090.39 224.438
internal_count=1074050 84225 71619 989825 12606 70982 127339 56542 10468 24926 31616 7090 24546 19041 93435 33904 5535 2138 4782 19391 14958 12665 1441 13493 4989 427 25652 16637 3378 830
is_linear=0
shrinkage=0.05


Tree=32
num_leaves=31
num_cat=0
split_feature=0 0 81 0 40 72 58 76 40 0 74 79 68 68 76 76 76 69 79 36 36 40 2 64 3 54 2 44 76 68
split_gain=1823.6 151.328 66.0241 64.6056 47.0272 37.1053 28.9265 24.4044 25.1425 18.1506 17.0583 12.9102 11.9094 13.6791 10.4074 10.3076 9.744 9.51149 8.64663 8.46033 8.43975 10.4365 8.41335 8.38368 8.37566 8.13731 8.10772 8.01998 7.7362 7.70783
threshold=0.11665055024126079 0.7740980979447657 0.018857000000000002 0.010406240774075972 1.0000000180025095e-35 1852.1666666650001 3.5000000000000004 568.50000000000011 1.0000000180025095e-35 0.94875966535953815 8.5000000000000018 6.5000000000000009 100.50000000000001 99.500000000000014 562.50000000000011 597.50000000000011 620.50000000000011 2.5000000000000004 144.50000000000003 997.50000000000011 1122.5000000000002 1.0000000180025095e-35 910.00000000000011 1.0000000180025095e-35 943.50000000000011 0.030651500000000002 5746.0000000000009 1.0000000180025095e-35 571.50000000000011 106.50000000000001
decision_type=2 2 2 2 2 2 2 2 2 2 2 2 2 2 2 2 2 2 2 2 2 2 2 2 2 2 2 2 2 2
left_child=3 2 5 -1 9 7 14 19 12 29 11 27 13 -9 -5 -8 18 -13 24 -2 21 -16 -12 -4 -10 -22 -23 28 -6 -3
right_child=1 4 23 6 10 -7 15 8 16 -11 22 17 -14 -15 20 -17 -18 -19 -20 -21 25 26 -24 -25 -26 -27 -28 -29 -30 -31
leaf_value=-0.051821452264957435 -0.0082891089726420709 0.0081915131221103298 0.025037127060654613 -0.051580912310772047 0.024984433035561162 -0.054974506786887693 -0.046698861692769322 -0.0060873451932153336 -0.044989217592485822 0.025141552670593165 -0.020954150375509833 0.0087974105428357072 0.0092188827170500646 -0.049093496176085688 -0.02754889802996573 -0.01921102807584061 0.037756567047789229 0.043979614935533623 -0.029664834062753366 -0.033997909516480213 -0.0042696920750822983 -0.053790190939791198 0.020531024982174937 0.051802420460247051 0.01749031782869823 0.03664844741863775 0.028776237625565689 0.052294887708416352 0.0388831713391629 0.022183733921259149
leaf_weight=1141.1268972808175 72.915675765441847 303.55455872952007 59.845999325858429 13.998015803823362 116.63540220633149 31.893459429615177 140.95591045467154 244.31522484967718 5.5585490513476534 854.98651009425521 15.00155632290989 66.345814588246867 128.40702637319919 20.00383433769457 58.748252744786441 44.990748173222528 48.122347603784874 27.040284283459187 11.462022291321771 57.030331111818668 39.287050870567327 3.6187911071174339 65.947614937089384 57.240283791907132 153.2032716775575 17.590627900644904 16.667537797926343 94.487096436321735 707.02493675681762 145.64779676054604
leaf_count=849956 10104 4299 516 9049 492 12666 89122 17273 606 2740 315 1135 6170 2555 17225 13467 566 116 2684 14050 7109 1156 393 121 4308 1278 1463 131 1691 1294
internal_value=0 0.0207384 0.00313237 -0.0461483 0.0272763 -0.0021681 -0.0268727 0.000104689 0.00428901 0.0208661 0.0349288 0.0366963 -0.00327332 -0.00934208 -0.0105302 -0.040048 0.0178909 0.0189845 0.0122749 -0.0195721 -0.00630223 -0.0168721 0.012843 0.0381219 0.0153028 0.00838511 0.0140476 0.0384978 0.036915 0.0127283
internal_weight=0 3286.67 889.998 1476.98 2396.67 772.912 335.857 741.018 611.072 1304.19 1092.48 1011.53 392.726 264.319 149.91 185.947 218.346 93.3861 170.224 129.946 135.912 79.0346 80.9492 117.086 158.762 56.8777 20.2863 918.147 823.66 449.202
internal_count=1074050 84225 71619 989825 12606 70982 139869 58316 34162 8333 4273 3565 25998 19828 37280 102589 8164 1251 7598 24154 28231 19844 708 637 4914 8387 2619 2314 2183 5593
is_linear=0
shrinkage=0.05


Tree=33
num_leaves=31
num_cat=0
split_feature=0 0 40 0 0 58 54 58 36 42 36 76 76 76 66 76 69 2 1 65 74 36 40 40 69 76 68 68 55 3
split_gain=1715.07 144.788 64.7177 63.6875 45.0367 28.6132 25.8971 18.9381 18.2788 16.1491 12.5778 11.8138 11.0242 10.2911 9.81563 9.73234 10.1581 9.94757 9.61288 9.86568 9.27467 8.07501 8.04367 8.04003 7.65388 9.13118 7.42745 7.62836 7.28177 7.50308
threshold=0.11665055024126079 0.53809039466125175 2.5000000000000004 0.0088049481694041625 0.94875966535953815 3.5000000000000004 0.015475000000000001 2.5000000000000004 10300.500000000002 1.0000000180025095e-35 7592.5000000000009 557.50000000000011 597.50000000000011 562.50000000000011 0.086694000000000007 572.50000000000011 1.5000000000000002 137122.00000000003 1.0000000180025095e-35 32.500000000000007 7.5000000000000009 997.50000000000011 18.500000000000004 1.5000000000000002 2.5000000000000004 556.50000000000011 100.50000000000001 98.500000000000014 1.0000000180025095e-35 146963.00000000003
decision_type=2 2 2 2 2 2 2 2 2 2 2 2 2 2 2 2 2 2 2 2 2 2 2 2 2 2 2 2 2 2
left_child=3 6 4 -1 9 13 8 14 11 10 -3 -2 -7 -5 15 16 -4 -18 19 -8 26 23 -13 -15 25 -9 27 -11 29 -6
right_child=1 2 7 5 28 12 18 24 -10 20 -12 22 -14 21 -16 -17 17 -19 -20 -21 -22 -23 -24 -25 -26 -27 -28 -29 -30 -31
leaf_value=-0.051842934207074122 -0.038473863528678737 0.0026794928223710483 -0.036161299690608863 -0.051195994230522374 0.028454873339990444 -0.046699145627377016 -0.037391282244335779 -0.021109156783231112 -0.049673093041389553 0.015181143702863699 -0.044511154721444506 -0.0088003502036586561 -0.018800346560509981 -0.026587076634258994 0.050188649006552261 0.038422664738374822 0.03499803434721202 -0.0029013879739866631 0.056446630584416881 0.015983864050732131 0.0029522971902027472 0.0059980507768234411 0.016149204352866004 0.015116158356992605 0.038055837274128902 0.020461461778818888 0.027740932831041371 -0.031642841381700058 0.048562277289127216 0.019466013312968676
leaf_weight=1074.3105151968994 30.347015291146818 275.01916221814463 7.1033628737786776 14.367773545498492 580.29898402933031 146.07616188721295 9.6674527587601897 14.35190329881152 29.73601183287974 208.64019484375603 14.884135670785325 263.1163937485544 46.738549427507678 57.807599953812314 142.96106364950538 520.3279246923048 71.635331553872675 22.832148094195873 12.921285545453427 82.864657382830046 117.35458872863092 65.429165683497558 36.826405672283727 14.445374140588681 57.840448689064942 165.98595879992354 148.1847686949186 9.0767138453666103 33.523670277092606 386.95322589669377
leaf_count=836838 11813 7681 136 9903 1846 97527 1257 1056 11229 2674 2435 29047 14712 18693 193 1391 293 172 29 3168 2216 10642 1879 1510 471 2173 1317 383 83 1283
internal_value=0 0.0200643 0.02439 -0.0458417 0.0186504 -0.027147 -0.00574261 0.034541 -0.0121254 0.00958642 0.000256644 -0.00874494 -0.0399364 -0.0109287 0.0383749 0.0356591 0.0215021 0.025838 0.0160486 0.0104074 0.0151833 -0.00672657 -0.00573709 -0.0182494 0.0222293 0.0171531 0.0191061 0.013229 0.0256529 0.0248588
internal_weight=0 3242.45 2776.97 1419.18 1773.94 344.865 465.479 1003.04 360.026 773.16 289.903 330.29 192.815 152.05 764.86 621.899 101.571 94.4675 105.453 92.5321 483.256 137.682 299.943 72.253 238.178 180.338 365.902 217.717 1000.78 967.252
internal_count=1074050 84225 25803 989825 19918 152987 58422 5885 53968 16706 10116 42739 112239 40748 2185 1992 601 465 4454 4425 6590 30845 30926 20203 3700 3229 4374 3057 3212 3129
is_linear=0
shrinkage=0.05


Tree=34
num_leaves=31
num_cat=0
split_feature=0 0 40 0 0 54 76 64 36 42 76 69 40 76 36 72 54 1 79 65 54 68 42 72 40 0 36 76 74 38
split_gain=1615.71 137.254 64.2161 63.7745 41.3295 24.5862 23.8676 20.616 17.1046 15.4961 14.7245 14.4069 12.3663 11.0443 11.0405 10.9486 10.5689 10.301 9.78523 8.33644 8.29123 8.22634 9.05509 9.94347 8.158 7.90131 7.75757 8.82457 7.17221 7.03761
threshold=0.11665055024126079 0.53809039466125175 2.5000000000000004 0.012339227772512141 0.94875966535953815 0.015475000000000001 575.50000000000011 1.0000000180025095e-35 10300.500000000002 1.0000000180025095e-35 587.50000000000011 1.5000000000000002 13.500000000000002 557.50000000000011 6903.0000000000009 569.83333333350004 0.034066000000000006 1.0000000180025095e-35 183.50000000000003 32.500000000000007 0.023543000000000005 104.50000000000001 16.500000000000004 10.550000000000002 1993.0000000000002 0.94875966535953815 671.50000000000011 680.50000000000011 8.5000000000000018 2.5000000000000004
decision_type=2 2 2 2 2 2 2 2 2 2 2 2 2 2 2 2 2 2 2 2 2 2 2 2 2 2 2 2 2 2
left_child=3 5 4 -1 9 8 16 10 13 14 11 25 15 -2 28 -8 -5 19 -13 -7 26 22 -12 -24 -9 -4 27 -11 -3 -21
right_child=1 2 7 6 -6 17 12 24 -10 20 21 18 -14 -15 -16 -17 -18 -19 -20 29 -22 -23 23 -25 -26 -27 -28 -29 -30 -31
leaf_value=-0.051314053905914203 -0.037903155856617805 0.0054212551811652033 -0.038351678478234397 -0.047980000978529572 0.024703328345122382 -0.035100510218628721 -0.01344152251143544 0.038656960485066061 -0.049057666182993356 0.0034574792236690176 0.030226289805345863 0.023924798374775097 0.025064172840508322 -0.0059110672953100983 -0.041361192179116595 -0.04824240186343242 0.013120159767704831 0.057346387136591605 -0.042513037694276251 0.017402218471520847 0.029957804754444831 0.043771892810779686 -0.092795875973267064 0.013277829828585422 0.056439900701387082 0.024263721387083284 0.01656219078073318 -0.0936793608066359 -0.019121251237561459 -0.064998823934278888
leaf_weight=1061.3209146460431 29.662390108816908 234.72844747215277 16.172326573985632 103.49309223356249 987.36976310494356 9.3508905579219554 148.51200710934063 379.80514694796875 28.707400974686607 124.70534195529763 127.04872842837358 223.02856524370145 17.746261695909197 297.97654531421722 15.296746241947401 26.657121266602189 7.5970996513206037 12.906893430044873 5.6834033429331603 79.602155827917159 75.062798407510854 138.28074352361728 3.1205066330730897 7.5664027374004945 77.685044320300221 7.3180223484523585 276.33952770556789 2.3827895326539865 34.091923945466988 2.6783797771204254
leaf_count=862486 11813 6069 966 71905 3212 1257 38869 1016 11229 2238 657 1688 1931 30926 2516 12878 1756 29 875 3024 555 469 14 51 106 43 3782 15 1531 144
internal_value=0 0.0194471 0.0236997 -0.0455305 0.0179504 -0.0057951 -0.0253395 0.0339068 -0.01205 0.0092071 0.0271773 0.018444 -0.0147082 -0.00880743 -4.24089e-05 -0.0187375 -0.0438016 0.0155264 0.0222738 0.00963579 0.0146993 0.035157 0.0265081 -0.017695 0.0416766 -0.0188449 0.0118602 0.00163625 0.00230876 0.0147199
internal_weight=0 3196.57 2735.69 1365.33 1749.98 460.885 304.006 985.709 356.346 762.608 528.219 252.202 192.915 327.639 284.117 175.169 111.09 104.538 228.712 91.6314 478.49 276.016 137.736 10.6869 457.49 23.4903 403.428 127.088 268.82 82.2805
internal_count=1074050 84225 25803 989825 19918 58422 127339 5885 53968 16706 4763 3572 53678 42739 10116 51747 73661 4454 2563 4425 6590 1191 722 65 1122 1009 6035 2253 7600 3168
is_linear=0
shrinkage=0.05


Tree=35
num_leaves=31
num_cat=0
split_feature=0 0 40 0 40 79 76 72 76 74 72 48 76 58 40 43 66 54 42 60 36 62 79 2 55 2 76 68 54 74
split_gain=1524.07 133.805 69.7852 62.6 45.1507 33.7551 22.6213 21.0495 19.0655 16.7848 14.9635 13.8448 12.3997 11.4282 11.1247 10.6294 10.0459 9.80868 8.97358 8.58362 11.6196 8.61027 11.4393 9.40661 8.57295 9.45477 8.32194 7.71009 8.46816 8.43509
threshold=0.11665055024126079 0.86620967868038068 37.500000000000007 0.012339227772512141 11.500000000000002 12.500000000000002 575.50000000000011 39.816666666650001 599.50000000000011 8.5000000000000018 1921.5000000000002 1.5000000000000002 650.50000000000011 86.500000000000014 6.5000000000000009 1.0000000180025095e-35 0.073183000000000012 0.033152500000000008 1.0000000180025095e-35 2.5000000000000004 1404.5000000000002 1.5000000000000002 4.5000000000000009 238.50000000000003 1.0000000180025095e-35 3434.5000000000005 631.50000000000011 119.50000000000001 0.016635000000000004 9.5000000000000018
decision_type=2 2 2 2 2 2 2 2 2 2 2 2 2 2 2 2 2 2 2 2 2 2 2 2 2 2 2 2 2 2
left_child=3 2 5 -1 11 8 17 16 9 18 12 27 -7 14 -8 -11 -4 -5 -2 21 -21 22 23 -13 25 -23 -15 28 -3 -29
right_child=1 4 7 6 -6 10 13 -9 -10 15 -12 19 -14 26 -16 -17 -18 -19 -20 20 -22 24 -24 -25 -26 -27 -28 29 -30 -31
leaf_value=-0.051130115717563332 -0.0089710068668184904 0.020258102968050674 0.029788060442672373 -0.047672720389179357 0.040578719879772275 -0.016755791129430302 -0.014002949901843623 0.0023179523613920637 0.013851030043916893 -0.038832356865503653 -0.054072183723221492 -0.070720582790736106 0.036105368580432666 -0.052536598268606474 0.025752861947025224 0.030487371280052408 0.054978265162037243 0.010810044821380899 0.0071987166123189802 0.016878786224888882 0.033749281978176407 0.028291591805120572 -0.022739718025187233 0.015565546574462671 0.053258962972162149 0.0064015890160716753 0.0061832595471338157 0.036702458182141844 0.037608974264271677 0.0033119456381095359
leaf_weight=1016.974022891729 137.3269872128003 363.29584026755765 129.17548745052773 99.206527817877941 457.77900618710555 172.34542059732485 133.99510221200762 55.065805596706923 308.36896912561497 43.031952675286448 25.71128772830707 3.3060774072073391 11.856999082956461 28.381675502241706 20.256646494730376 6.3456387681653714 57.062735558953136 7.7281029532023231 228.68793289223686 304.86239930381998 153.43177316151559 80.773925724904984 35.69186662370339 70.795450579375029 15.686180198797954 126.71126454672776 7.662973648577462 255.46843065647408 87.200110876001418 20.426310581620783
leaf_count=862486 9626 1630 1533 71855 1094 26428 34273 4599 7281 5725 11346 34 246 17140 1482 222 91 1806 8827 1545 535 439 386 419 59 990 783 813 245 112
internal_value=0 0.0188681 0.00550711 -0.0452306 0.0268152 -0.000687597 -0.0250454 0.0294762 0.00443234 -0.00255968 -0.0183406 0.0226636 -0.0133532 -0.0147052 -0.00878214 -0.0299239 0.0375063 -0.0434462 0.00113192 0.018088 0.0225268 0.0119783 0.00051496 0.0117158 0.0176179 0.0149234 -0.0400529 0.0276479 0.0236166 0.0342303
internal_weight=0 3150.41 1174.98 1314.21 1975.43 933.675 297.231 241.304 723.761 415.393 209.914 1517.65 184.202 190.296 154.252 49.3776 186.238 106.935 366.015 791.259 458.294 332.965 109.793 74.1015 223.171 207.485 36.0446 726.391 450.496 275.895
internal_count=1074050 84225 75924 989825 8301 69701 127339 6223 31681 24400 38020 7207 26674 53678 35755 5947 1624 73661 18453 4407 2080 2327 839 453 1488 1429 17923 2800 1875 925
is_linear=0
shrinkage=0.05


Tree=36
num_leaves=31
num_cat=0
split_feature=0 0 0 73 40 72 58 76 40 2 58 74 66 0 76 2 76 76 79 36 76 79 68 68 42 60 54 74 2 2
split_gain=1440.29 129.435 61.5523 58.4837 47.6689 31.2521 26.5095 25.9838 25.3921 15.5147 14.9621 12.5081 12.2436 10.1772 10.15 10.2685 9.91767 9.77065 9.41426 9.31153 8.98316 8.24001 8.12534 12.9023 7.83912 8.44275 8.51566 7.49962 8.669 7.35764
threshold=0.11665055024126079 0.7740980979447657 0.0088049481694041625 1.5000000000000002 1.0000000180025095e-35 1852.1666666650001 3.5000000000000004 573.50000000000011 1.0000000180025095e-35 2826.5000000000005 2.5000000000000004 6.5000000000000009 0.059568000000000003 0.42569895731548962 606.50000000000011 3185.5000000000005 560.50000000000011 597.50000000000011 12.500000000000002 1257.5000000000002 562.50000000000011 7.5000000000000009 100.50000000000001 99.500000000000014 55.500000000000007 5.5000000000000009 0.03244650000000001 7.5000000000000009 1246.5000000000002 64.000000000000014
decision_type=2 2 2 2 2 2 2 2 2 2 2 2 2 2 2 2 2 2 2 2 2 2 2 2 2 2 2 2 2 2
left_child=2 3 -1 5 9 7 20 19 22 18 11 -6 16 -10 15 29 -11 -8 27 -2 -4 -12 23 -9 25 26 -18 -3 -29 -13
right_child=1 4 6 -5 10 -7 17 8 13 12 21 14 -14 -15 -16 -17 24 -19 -20 -21 -22 -23 -24 -25 -26 -27 -28 28 -30 -31
leaf_value=-0.051345128914261157 -0.0089278199989945191 0.033728486255985034 -0.050317809635001591 0.045906997271589832 0.039056246329269552 -0.054193260447483432 -0.045901091547524663 -0.005381085169409462 0.0014492730901589923 -0.012936626940680401 0.027504973783749054 0.030330052582318606 0.057072494344337969 0.0249898293838615 0.036136263092323234 0.02243357768232972 0.0097496912896472901 -0.01867288692756728 -0.0041184106924814752 -0.033332519370135087 -0.0064082599266617121 0.0067582006377267306 0.007417266850662004 -0.050126793778784852 -0.057135073033511521 0.022975399160129084 0.029305218643279719 0.0050606532242353612 0.034905268992764395 -0.035342042425224089
leaf_weight=945.59619915961957 118.57004055463767 238.05068135168403 12.766148082038852 69.000204558367841 633.5844748839736 27.778137358283857 131.81328555763321 222.4311371864751 64.675885429314803 33.671410144655965 175.39065583236516 5.6977901486679938 16.556175515986979 158.26319898106158 66.442903550341725 45.076749966945499 522.29471373034175 43.927804781567829 23.063876016065478 58.305027407550369 132.98784495602013 65.819760696729645 117.72684282466071 17.368248746730387 3.7757273679599157 239.78209300804883 62.31127535039559 58.723220914136618 41.546952193370089 16.960283315740526
leaf_count=836838 15366 874 9903 198 1580 12666 97527 14745 4500 603 750 17 48 2369 175 204 4159 14712 310 14119 30845 1336 5430 2226 56 1440 269 396 178 211
internal_value=0 0.0183433 -0.0449194 0.00177324 0.024637 -0.00210546 -0.0260197 -0.000194954 0.0049174 0.0180697 0.0327065 0.0361193 0.0144821 0.0181606 0.0222513 0.00863125 0.0136639 -0.0390952 0.02679 -0.0169726 -0.0102542 0.0218437 -0.00334052 -0.00862194 0.0147454 0.0150746 0.0118341 0.028897 0.0174268 -0.0188276
internal_weight=0 3102.87 1267.09 854.119 2248.75 785.119 321.495 757.34 580.465 1239.78 1008.97 767.762 878.391 222.939 134.178 67.7348 861.835 175.741 361.385 176.875 145.754 241.21 357.526 239.799 828.164 824.388 584.606 338.321 100.27 22.6581
internal_count=1074050 84225 989825 71619 12606 71421 152987 58755 29270 8333 4273 2187 6575 6869 607 432 6527 112239 1758 29485 40748 2086 22401 16971 5924 5868 4428 1448 574 228
is_linear=0
shrinkage=0.05


Tree=37
num_leaves=31
num_cat=0
split_feature=0 0 40 0 40 79 76 76 74 64 72 2 76 3 54 66 58 40 40 48 54 42 48 42 36 62 40 76 74 42
split_gain=1362.02 125.748 67.4954 61.8164 42.0696 34.7632 20.9265 18.5303 16.1088 14.4957 13.7288 12.971 12.0751 10.8742 11.4055 10.5419 10.3149 10.1458 10.0025 9.55783 8.66487 8.18453 8.78112 8.02375 7.94269 9.12606 13.4372 8.35676 7.9077 9.26987
threshold=0.11665055024126079 0.86620967868038068 92.500000000000014 0.012339227772512141 1.0000000180025095e-35 12.500000000000002 575.50000000000011 596.50000000000011 8.5000000000000018 1.0000000180025095e-35 1921.5000000000002 2826.5000000000005 650.50000000000011 38.500000000000007 0.0017535000000000003 0.059568000000000003 86.500000000000014 1.0000000180025095e-35 4.5000000000000009 3.5000000000000004 0.033152500000000008 2.5000000000000004 1.5000000000000002 1.0000000180025095e-35 642.50000000000011 15.500000000000002 1.0000000180025095e-35 589.50000000000011 10.500000000000002 30.500000000000004
decision_type=2 2 2 2 2 2 2 2 2 2 2 2 2 2 2 2 2 2 2 2 2 2 2 2 2 2 2 2 2 2
left_child=3 2 5 -1 11 7 20 8 23 19 12 28 24 -6 -15 21 18 -9 -8 -4 -5 22 -13 -2 25 26 -7 -26 29 -3
right_child=1 4 9 6 13 10 16 17 -10 -11 -12 15 -14 14 -16 -17 -18 -19 -20 -21 -22 -23 -24 -25 27 -27 -28 -29 -30 -31
leaf_value=-0.050811178165919117 -0.0086394483490581809 0.032304892918806533 0.030092047618857577 -0.046798106367201754 0.059017149771231216 -0.034753708240233896 -0.0140835217534528 0.0066022857563458525 -0.030463635173785475 0.050080844555901984 -0.053461152751472299 0.016625375736788694 0.035520144426070037 0.028763414913993035 0.041676319243653316 0.056737840919672579 -0.039243540425122875 0.024303841010808968 0.022023418677505697 -0.0032754822802424457 0.0087539137973528646 0.020901762260377339 0.0021018792178462329 0.0067744507307781546 -0.035647360080423851 0.04138063510162468 0.018293602903242064 -0.0089243032008796287 0.0038224957965207508 -0.0010747677421536486
leaf_weight=936.67619072351226 136.69354698238021 280.93675560271367 81.264702638203744 93.064453824088559 41.805662072729319 26.490640472155064 129.00692792938207 224.1034116439987 46.298025426571257 72.289220106555149 24.492126110373647 231.63843665039167 11.700110597303135 540.22780152142514 250.20526534109376 15.157056983560322 33.850029623412411 126.71875431551598 22.530571090639569 29.162559668548056 7.5920733719540285 300.75170314637944 188.98730466258712 220.81804138165899 68.831416131608421 10.118717500416095 21.730167753776186 50.881525638455059 32.333397903479636 22.462356369011104
leaf_count=862486 9483 991 600 71855 74 4299 33840 6977 5780 194 11639 1091 246 2144 561 40 17923 1334 1915 3397 1806 1585 1451 8609 16872 284 1457 4753 246 118
internal_value=0 0.0178435 0.00480046 -0.0445985 0.0257302 -0.000456228 -0.0242545 0.00459019 -0.00271277 0.0326747 -0.0182312 0.0191833 -0.0136839 0.0341653 0.0328509 0.0154705 -0.0142893 0.0129962 -0.00871515 0.0212801 -0.0426081 0.0146034 0.0101 0.00088099 -0.0169172 -0.00178963 -0.0108485 -0.0242893 0.0273286 0.0298336
internal_weight=0 3056.1 1151.59 1222.72 1904.51 968.876 286.044 754.632 403.81 182.716 214.245 1072.27 189.753 832.239 790.433 736.535 185.388 350.822 151.537 110.427 100.657 721.377 420.626 357.512 178.052 58.3395 48.2208 119.713 335.733 303.399
internal_count=1074050 84225 75924 989825 8301 71733 127339 32183 23872 4191 39550 5522 27911 2779 2705 4167 53678 8311 35755 3997 73661 4127 2542 18092 27665 6040 5756 21625 1355 1109
is_linear=0
shrinkage=0.05


Tree=38
num_leaves=31
num_cat=0
split_feature=0 0 40 0 58 58 76 76 40 58 76 79 79 0 40 74 76 65 76 68 42 54 40 36 36 69 3 46 36 36
split_gain=1283.36 156.434 65.4788 52.2227 23.9062 23.8612 19.4352 14.6497 13.4505 13.1034 11.8139 11.767 11.0204 10.5516 11.9074 10.5176 10.4534 9.65462 9.13197 8.7973 8.53633 8.32204 7.79399 8.33055 7.51357 7.37853 7.23802 7.06812 7.05394 7.20664
threshold=0.37969951586789719 0.030380062479932603 2.5000000000000004 0.94875966535953815 2.5000000000000004 86.500000000000014 583.50000000000011 562.50000000000011 55.500000000000007 3.5000000000000004 634.50000000000011 22.500000000000004 7.5000000000000009 0.94875966535953815 188.50000000000003 6.5000000000000009 572.50000000000011 50.000000000000007 617.50000000000011 106.50000000000001 1.0000000180025095e-35 0.023390500000000005 764.50000000000011 657.50000000000011 737.50000000000011 1.0000000180025095e-35 63382.000000000007 1.0000000180025095e-35 1658.5000000000002 555.50000000000011
decision_type=2 2 2 2 2 2 2 2 2 2 2 2 2 2 2 2 2 2 2 2 2 2 2 2 2 2 2 2 2 2
left_child=1 10 3 6 13 7 9 -3 20 -2 -1 15 -6 14 16 19 -4 -14 -7 25 27 -22 23 -19 -17 -8 -21 -9 29 -11
right_child=2 5 4 -5 12 18 11 8 -10 28 -12 -13 17 -15 -16 24 -18 22 -20 26 21 -23 -24 -25 -26 -27 -28 -29 -30 -31
leaf_value=-0.0503488744115567 0.0027499645377787275 -0.036171935672010484 -0.003676729654117221 0.02283720905544254 0.025059170487250728 -0.047799614341772212 -0.0041828658341165241 -0.011461639064833933 0.025019912887014242 -0.036747014921978308 -0.01952003411686486 -0.012236309383534377 -0.055295719148953905 0.042396822253263008 0.041102141165136115 -0.0090998739968920894 0.027288193991929801 0.024131951847043906 -0.0014709172648502784 0.045273849197084971 -0.0076679335833654098 0.018822186615768802 0.035164976413721488 -0.015519662654360384 0.01137318145655607 0.018064674261431428 0.019105427000381286 -0.034849174984610189 -0.042680039223125237 -0.0018904103034478961
leaf_weight=939.45003725937568 182.00363047304563 47.910851099091815 31.024343683326151 922.00055009126663 155.09042223668075 65.326727243744244 48.601040305220522 113.09102639839693 30.493745344385388 20.884191509685479 32.138544423884014 49.789975731488084 6.6386424697702742 308.66168225277215 154.77222869032994 69.376560093020089 224.37542152428068 20.423165786429308 12.705341852648415 46.759962708456442 146.10587182511517 37.196529143489897 19.190674262237735 37.69422148555168 126.58226436545374 159.83731011336204 60.76055037882179 45.224012345614028 25.316054536466254 51.141109114891151
leaf_count=905302 5325 23252 587 3212 1092 40972 1119 17116 948 1649 16183 3970 1357 597 416 1645 1046 428 1870 314 18895 1898 245 3187 2129 2137 634 9380 4263 2882
internal_value=0 -0.0376496 0.0203355 0.0146183 0.0308586 -0.0148654 0.0056084 -0.0101483 -0.00679767 -0.00516958 -0.0493291 0.0109684 0.0171607 0.0354136 0.0301586 0.0132254 0.0235268 0.0025683 -0.0402563 0.0188695 -0.00963779 -0.00229244 0.00753723 -0.0015856 0.00412497 0.0128773 0.0304859 -0.0181425 -0.0199771 -0.0119973
internal_weight=0 1469.64 2720.92 1763.05 957.871 498.054 841.053 420.022 372.111 279.345 971.589 561.708 239.037 718.834 410.172 511.918 255.4 83.9467 78.0321 315.959 341.617 183.302 77.3081 58.1174 195.959 208.438 107.521 158.315 97.3414 72.0253
internal_count=1074050 1035816 38234 29279 8955 114331 26067 71489 48237 14119 921485 11948 6309 2646 2049 7978 1633 5217 42842 4204 47289 20793 3860 3615 3774 3256 948 26496 8794 4531
is_linear=0
shrinkage=0.05


Tree=39
num_leaves=31
num_cat=0
split_feature=0 0 0 40 66 0 79 36 76 76 40 0 76 68 68 69 76 46 79 76 48 69 36 76 3 55 3 74 3 60
split_gain=1212.23 118.544 60.8912 48.2455 36.8081 26.0634 24.1565 22.8411 17.0329 14.3556 12.6138 12.5836 10.8423 10.4947 10.1013 9.24259 9.13655 8.9198 8.6171 8.55876 8.16449 8.22831 7.71198 10.8233 9.51086 9.12655 8.00531 7.62555 7.39265 7.30672
threshold=0.11665055024126079 0.68981449621504665 0.0088049481694041625 5.5000000000000009 0.047535500000000001 0.94875966535953815 5.5000000000000009 10300.500000000002 578.50000000000011 573.50000000000011 1.0000000180025095e-35 0.94875966535953815 562.50000000000011 106.50000000000001 95.500000000000014 3.5000000000000004 633.50000000000011 1.0000000180025095e-35 39.500000000000007 562.50000000000011 225.50000000000003 3.5000000000000004 1404.5000000000002 558.50000000000011 8.9884656743000007e+307 1.0000000180025095e-35 3321.0000000000005 6.5000000000000009 943.50000000000011 6.5000000000000009
decision_type=2 2 2 2 2 2 2 2 2 2 2 2 2 2 2 2 2 2 2 2 2 2 2 2 2 2 2 2 2 2
left_child=2 4 -1 5 7 9 19 8 20 -3 -10 12 17 14 18 -14 -8 -5 -11 -4 21 -2 25 29 26 -7 28 -21 -25 -24
right_child=1 3 6 11 -6 22 16 -9 10 13 -12 -13 15 -15 -16 -17 -18 -19 -20 27 -22 -23 23 24 -26 -27 -28 -29 -30 -31
leaf_value=-0.050923354084756671 -0.014817664378138088 -0.0061786960025479627 -0.049904547728894785 0.020997634080819481 0.038521251938618634 0.018358007273379995 -0.042479615875944336 -0.046514097882665903 -0.0038228390980711135 0.01255942298129783 0.015241487865379764 0.040429578736606006 0.026481208635728407 0.022258144608929879 -0.019205907245994396 0.051589238871826343 -0.00055568567961215539 -0.031140143258910243 -0.023826790097561255 0.0015065815800030531 -0.048501196357395866 0.04635923166965944 -0.069343544909241564 0.029495817180266493 0.00084504064671805869 0.045852712817608943 0.038448719516336341 -0.023973138791287225 -0.0081548456800491307 0.024314378250885851
leaf_weight=833.26784928681445 151.80663219724374 116.37637040292611 12.467275290517135 20.400078845443204 51.338532479829155 638.09263829048723 139.46641570694919 32.266548060215428 259.0697947103763 299.06451340101194 130.45491644830327 319.85679133515805 293.60498891829047 200.75004233204527 31.279738979792455 41.881249795667827 14.331045848754 13.720746096980291 17.207735284580849 92.181716726605373 17.609288044361165 5.7028504715417503 4.5660698628053051 41.897170401643962 24.028383722528815 31.680536310188472 203.8562371567823 43.091108565560717 18.927276474889368 3.828510470688343
leaf_count=836838 22885 3443 10999 283 231 2341 106374 12893 17258 3523 4945 697 1320 1869 775 86 1846 473 1062 19852 8943 161 36 138 95 86 560 13916 105 17
internal_value=0 0.0167993 -0.043956 0.0220791 -0.00210474 0.0173929 -0.0247026 -0.00559886 -0.00326076 0.00977102 0.00256196 0.0331684 0.0268846 0.0131563 0.00789901 0.0296156 -0.0385731 3.18689e-05 0.0105797 -0.0102635 -0.0162125 -0.0126027 0.0226326 0.0293373 0.0309646 0.0196585 0.0336989 -0.00660997 0.0177797 -0.026629
internal_weight=0 2969.27 1134.81 2321.02 648.249 1631.56 301.538 596.91 564.643 664.678 389.525 689.464 369.607 548.302 347.552 335.486 153.797 34.1208 316.272 147.74 175.119 157.509 966.877 297.104 288.709 669.773 264.681 135.273 60.8244 8.39458
internal_count=1074050 84225 989825 16909 67316 14050 152987 67085 54192 10672 22203 2859 2162 7229 5360 1406 108220 756 4585 44767 31989 23046 3378 951 898 2427 803 33768 243 53
is_linear=0
shrinkage=0.05


Tree=40
num_leaves=31
num_cat=0
split_feature=0 0 66 0 40 42 36 79 68 76 79 74 36 64 54 40 76 79 76 74 74 69 76 60 46 43 76 42 2 58
split_gain=1143.97 120.945 58.7478 56.5123 40.0862 36.7669 22.1297 21.2318 16.0921 16.0493 17.1636 11.8236 11.7697 11.0708 10.7808 10.2306 10.6127 10.1658 9.45691 8.81014 8.66618 8.58137 8.41064 7.86073 7.53163 7.11512 6.88045 6.77271 6.6893 6.53849
threshold=0.10563387865889716 0.86620967868038068 0.062324500000000012 0.0088049481694041625 7.5000000000000009 1.0000000180025095e-35 10300.500000000002 5.5000000000000009 126.50000000000001 616.50000000000011 177.50000000000003 7.5000000000000009 1329.5000000000002 1.0000000180025095e-35 0.0017535000000000003 336.50000000000006 554.50000000000011 5.5000000000000009 573.50000000000011 6.5000000000000009 8.5000000000000018 1.5000000000000002 652.50000000000011 6.5000000000000009 1.5000000000000002 1.0000000180025095e-35 559.50000000000011 10.500000000000002 2826.5000000000005 3.5000000000000004
decision_type=2 2 2 2 2 2 2 2 2 2 2 2 2 2 2 2 2 2 2 2 2 2 2 2 2 2 2 2 2 2
left_child=3 2 5 -1 12 6 9 19 13 10 11 24 14 15 18 16 -7 26 20 -5 -3 -6 -9 -19 -2 -11 -14 -25 -20 -16
right_child=1 4 -4 7 21 8 -8 22 -10 25 -12 -13 17 -15 29 -17 -18 23 28 -21 -22 -23 -24 27 -26 -27 -28 -29 -30 -31
leaf_value=-0.050819476349857368 0.000803341777857645 0.0057080755265427746 0.041610305405857848 -0.0020570700473911446 0.010579016409588176 -0.049743964528657716 -0.047902226014571683 -0.040864955673743666 0.026036354526383643 0.0063860611554091978 -0.045546141691561542 -0.031969286323002617 -0.0080633321947626325 0.016519898018180584 0.030528750763401998 0.0294963859271163 -0.0011743656524952342 -0.0067648259592230781 0.023864680917290562 -0.029234180757064722 -0.035931409459952539 0.038623815591253746 0.016478556662863648 0.050041852465967644 -0.018519728517927981 0.048565158857557494 0.030735860499973629 -0.00013517389311752055 0.012760816077104451 -0.012228305426803338
leaf_weight=798.19755088633246 189.98487158617354 71.104112994857132 91.789551716297865 93.722097705314809 29.11291929683648 11.684487598657141 36.774914351146435 137.03527500353812 104.40689164338983 70.534642237995286 34.764046024356503 45.48351722402731 11.790025670547037 133.79572400145116 155.77503414545208 26.270025374280522 300.37275382578082 37.441245984053239 191.49017062457278 43.736850869063346 15.159708276623858 432.46666381042451 6.7073976706597014 15.638728428632023 68.650945778645109 11.649685958051121 370.53905137302354 11.798730530776082 465.00529778283089 9.4857962881214899
leaf_count=836838 13841 619 275 25122 179 2352 14344 104656 2673 2811 13152 5729 100 3913 604 282 13500 491 833 18307 232 1104 443 41 7259 252 1410 109 2508 71
internal_value=0 0.0161486 0.00327425 -0.0440289 0.0241288 -0.000127665 -0.0107059 -0.0247538 0.00827287 -0.00745726 -0.0122644 -0.00846 0.0197944 0.00434459 0.0165244 -0.000470282 -0.00299298 0.026434 0.0139545 -0.0107043 -0.0016095 0.036855 -0.0381892 0.00813383 -0.00432567 0.012365 0.0295394 0.0284646 0.0159997 0.0280745
internal_weight=0 2942.97 1126.16 1079.4 1816.81 1034.37 457.843 281.202 576.53 421.068 338.883 304.119 1355.23 472.123 908.02 338.327 312.057 447.208 742.759 137.459 86.2638 461.58 143.743 64.8787 258.636 82.1843 382.329 27.4375 656.495 165.261
internal_count=1074050 88684 80383 985366 8301 80108 57388 148528 22720 43044 39981 26829 7018 20047 4867 16134 15852 2151 4192 43429 851 1283 105099 641 21100 3063 1510 150 3341 675
is_linear=0
shrinkage=0.05


Tree=41
num_leaves=31
num_cat=0
split_feature=0 0 40 0 48 76 76 69 72 58 1 43 36 62 48 3 40 2 1 74 40 74 2 74 73 68 76 68 42 36
split_gain=1084.93 143.882 60.2369 51.4591 27.5329 22.8279 17.5427 14.0975 14.326 12.1641 12.1256 10.01 9.13043 9.74455 8.91845 8.10109 10.7726 9.32962 8.02633 7.93862 7.9214 7.90715 7.30302 7.53508 7.19916 7.16547 6.70792 6.61595 8.68869 7.84026
threshold=0.37969951586789719 0.012339227772512141 6.5000000000000009 0.94875966535953815 8.5000000000000018 599.50000000000011 551.50000000000011 3.5000000000000004 6.083333333335001 1.5000000000000002 1.0000000180025095e-35 1.0000000180025095e-35 786.50000000000011 15.500000000000002 1824.5000000000002 3321.0000000000005 1.0000000180025095e-35 491351.00000000006 1.0000000180025095e-35 6.5000000000000009 1.5000000000000002 5.5000000000000009 130586.50000000001 7.5000000000000009 1.5000000000000002 41.500000000000007 617.50000000000011 122.50000000000001 9.5000000000000018 607.50000000000011
decision_type=2 2 2 2 2 2 2 2 2 2 2 2 2 2 2 2 2 2 2 2 2 2 2 2 2 2 2 2 2 2
left_child=1 -1 3 5 10 9 18 8 22 19 11 15 13 -6 -11 -3 -17 21 -4 -2 -7 -18 23 -8 27 -15 -14 28 29 -10
right_child=2 4 6 -5 12 20 7 -9 24 14 -12 -13 26 25 -16 16 17 -19 -20 -21 -22 -23 -24 -25 -26 -27 -28 -29 -30 -31
leaf_value=-0.050219270233249937 0.014175852325514838 -0.044646615722297604 -0.019258760766931046 0.022148292935164994 -0.02670345946166941 0.010988588856835227 0.043055519047776339 0.05042104273028522 0.030703590256217123 -0.0065224318120323428 0.054712748352759577 0.011260469790323659 -0.045055206040027961 0.049694523970003901 -0.058611120062185246 -0.017635451305684037 0.022152923845192608 -0.028831241881577319 0.061547253268222184 -0.0089460949802206667 0.029225212897718608 -0.015658856773841292 0.025993557249456962 0.0037720037204175987 0.041933114673244183 -0.046258921838342196 -0.011035861582098818 0.029117120016671605 -0.013003779255127957 0.0047742265454591972
leaf_weight=790.68789872156049 141.53704724647105 19.749886748257268 23.519420277181784 948.22318118391559 39.951020625048841 342.94359993355465 230.67284376209136 93.49032507953234 56.125530398334377 294.97970581060508 7.2736582444049409 46.241096853002091 108.07889018714195 8.1989913120778493 8.4530376417678763 213.05434309521661 49.693651914960355 17.961622496361088 3.5349233746528617 50.320502494054381 72.057588074996602 19.156095987324079 122.0969099693466 12.889022159855811 34.306377626955509 2.5510059155058107 16.733777453511721 77.884869383065961 29.821108600590378 60.663677441654727
leaf_count=862486 2594 7397 1782 3413 20158 6198 637 213 343 14077 34 6818 75353 391 3241 47674 4654 2844 3 1616 721 3642 473 110 69 1126 3239 767 355 1622
internal_value=0 -0.036568 0.0188117 0.0139965 -0.0168943 0.00550502 0.030824 0.0323134 0.0296024 -0.0017428 -0.00921226 -0.0104832 -0.0332258 -0.0153329 -0.00797352 -0.013629 -0.0115861 0.00326042 -0.00870064 0.00811142 0.0141551 0.0116325 0.0359737 0.0409767 0.0206005 0.0269245 -0.0404942 0.0173406 0.0110844 0.0172351
internal_weight=0 1339.33 2603.52 1858.51 548.644 910.291 745.005 717.951 624.46 495.29 373.13 365.857 175.514 50.701 303.433 319.616 299.866 86.8114 27.0543 191.858 415.001 68.8497 365.659 243.562 258.802 10.75 124.813 224.495 146.61 116.789
internal_count=1074050 1035816 38234 31860 173330 28447 6374 4589 4376 21528 73063 73029 100267 21675 17318 66211 58814 11140 1785 4210 6919 8296 1220 747 3156 1517 78592 3087 2320 1965
is_linear=0
shrinkage=0.05


Tree=42
num_leaves=31
num_cat=0
split_feature=0 0 73 40 0 76 40 54 0 69 76 68 36 58 66 2 69 3 3 76 76 72 68 55 64 36 2 3 68 50
split_gain=1023.78 126.188 53.2676 39.586 38.3033 27.6833 27.7537 17.0305 16.6659 14.3619 14.1287 12.1266 10.5803 10.2457 9.50306 11.4806 10.5293 9.40685 8.69184 8.16948 7.84055 7.82277 8.14171 7.47001 8.03934 7.80759 8.13735 7.84125 7.38582 7.25458
threshold=0.072661120000328969 0.7740980979447657 1.5000000000000002 5.5000000000000009 0.0088049481694041625 573.50000000000011 2.5000000000000004 0.023543000000000005 0.94875966535953815 1.0000000180025095e-35 598.50000000000011 108.50000000000001 1257.5000000000002 1.5000000000000002 0.072493000000000016 2463.5000000000005 1.5000000000000002 943.50000000000011 3321.0000000000005 575.50000000000011 686.50000000000011 75.125000000000014 104.50000000000001 1.0000000180025095e-35 1.0000000180025095e-35 1404.5000000000002 72.500000000000014 8.9884656743000007e+307 44.500000000000007 1.0000000180025095e-35
decision_type=2 2 2 2 2 2 2 2 2 2 2 2 2 2 2 2 2 2 2 2 2 2 2 2 2 2 2 2 2 2
left_child=4 2 5 8 -1 12 9 10 13 11 -6 20 -2 -3 15 16 -5 -8 -17 -15 -7 22 -20 25 -25 -10 -27 -28 -29 -14
right_child=1 3 -4 14 7 6 17 -9 23 -11 -12 -13 29 19 -16 18 -18 -19 21 -21 -22 -23 -24 24 -26 26 27 28 -30 -31
leaf_value=-0.050545361560150937 -0.011937150723245984 0.01734996783575754 0.043538440118579963 -0.001842382058244135 -0.042007760461730465 -0.032829169742486605 -0.046485436034354038 0.0045844561447416768 0.017097108890531513 -0.00096161888883483583 -0.011322267553944073 0.012304139357634452 -0.039469927313263209 -0.014136404708159939 0.046018917567636514 -0.044173849931338098 0.043760819727389266 0.019966094718554619 0.020452366799048861 0.0076145645769717316 0.061341783129426099 0.0044941697200114603 0.038384776403562797 0.0064860452263244724 0.059884508496260251 -0.0075738495215769688 0.031769054871419677 0.028543852290381873 -0.029483400625088863 0.031910902812579155
leaf_weight=733.2553616830337 121.3733782682466 254.13795019313693 61.655118160822894 13.792490774765609 126.57151860021258 83.383871137586539 5.5050391234544795 36.408740191822289 612.50156040210277 337.51536839842447 53.313326640753075 20.70827988293604 70.719875242801209 53.233838397311047 106.57638140954077 4.6417167794425032 153.8268156592967 163.44981373853807 150.85261194873601 228.33904933091253 2.270491706673055 41.070428986800835 109.05459415912628 9.9881100347265583 23.950271867215633 15.934867026284335 245.29141889279708 11.381251657381656 10.582629237323998 3.748151809180853
leaf_count=836838 20511 2308 215 162 104747 12658 719 9433 2341 25860 17172 1104 26533 1676 181 108 548 5420 553 3106 22 274 312 47 52 75 770 37 56 212
internal_value=0 0.0146858 -0.00125992 0.0214717 -0.0450913 -0.00467545 0.000554212 -0.0266013 0.0170959 -0.00601046 -0.0329134 -0.0220317 -0.0210403 0.0100716 0.0325303 0.0294926 0.0400084 0.0178009 0.0237251 0.00350235 -0.0303329 0.0247723 0.0279766 0.0211438 0.0441693 0.0202713 0.0271367 0.0292063 0.000585182 -0.0358772
internal_weight=0 2915.49 870.329 2045.16 949.549 808.674 612.833 216.294 1465.34 443.878 179.885 106.363 195.841 535.711 579.815 473.239 167.619 168.955 305.619 281.573 85.6544 300.978 259.907 929.63 33.9384 895.692 283.19 267.255 21.9639 74.468
internal_count=1074050 105860 93254 12606 968190 93039 45783 131352 10468 39644 121919 13784 47256 7090 2138 1957 710 6139 1247 4782 12680 1139 865 3378 99 3279 938 863 93 26745
is_linear=0
shrinkage=0.05


Tree=43
num_leaves=31
num_cat=0
split_feature=0 0 40 0 0 58 68 50 79 69 76 76 68 1 36 76 74 3 79 69 0 76 46 76 54 45 50 60 40 74
split_gain=967.603 120.846 54.9278 36.5264 33.2253 26.7382 17.5548 16.9548 16.5852 16.0454 14.3357 13.5638 14.5067 12.6829 12.4178 10.5724 9.46593 9.68558 9.28591 9.06633 8.7821 8.68985 8.95972 8.19126 8.04755 7.7403 7.41595 9.53754 7.34185 6.56026
threshold=0.072661120000328969 0.48090646582193369 1.0000000180025095e-35 0.0088049481694041625 0.94875966535953815 7.5000000000000009 106.50000000000001 1.0000000180025095e-35 5.5000000000000009 3.5000000000000004 578.50000000000011 607.50000000000011 99.500000000000014 1.0000000180025095e-35 10300.500000000002 557.50000000000011 8.5000000000000018 115433.50000000001 12.500000000000002 1.5000000000000002 0.94875966535953815 642.50000000000011 1.5000000000000002 652.50000000000011 0.023543000000000005 2.5000000000000004 1.0000000180025095e-35 33.500000000000007 98.500000000000014 7.5000000000000009
decision_type=2 2 2 2 2 2 2 2 2 2 2 2 2 2 2 2 2 2 2 2 2 2 2 2 2 2 2 2 2 2
left_child=3 7 4 -1 6 9 11 14 24 10 13 12 18 25 15 -2 20 26 -3 -17 -12 22 -7 -10 -5 -4 27 -18 -9 -8
right_child=1 2 5 8 -6 21 29 28 23 -11 16 -13 -14 -15 -16 19 17 -19 -20 -21 -22 -23 -24 -25 -26 -27 -28 -29 -30 -31
leaf_value=-0.050373306506727715 -0.039290938757705438 -0.0020795300573448632 0.015099767728193278 -0.020828137299489173 0.018843275352339432 0.0057990286503402672 0.020936476672034746 0.006406512597217107 -0.043276869067793579 0.04947001712089541 0.026917544327249982 0.0093878191369530326 -0.050193965041592216 0.058189506416553544 -0.04609509918398879 -0.013249237700491327 -0.018663604961080514 -0.039789996410501169 -0.029326157903699523 0.0074906602535750383 0.038555952897221739 0.051069622827145257 -0.0327515599815318 0.017888310704863981 0.010583355010859979 -0.029484943606487402 0.041162774942060651 0.050868888618932455 0.052824869501917664 5.302089044942576e-05
leaf_weight=701.09992614181101 31.224961285304744 205.82471267576329 206.21608129708329 72.30769093647541 741.90096100512892 41.153271864081034 142.75222810162813 52.572835623577703 104.10024984801566 86.686969202011824 357.91256797406822 145.99232469344861 20.324865646689432 16.722872067242861 28.16019355692697 244.12282817427331 17.720099968370054 8.1660988286603224 36.87288405772415 67.198379974033742 296.25203097984195 6.8047935469076029 23.782017963807448 5.777505552454385 28.398742558878439 10.217091826954855 20.99374156165868 6.8336450783535829 10.165752035449257 51.05582126439549
leaf_count=836838 16607 5546 2181 32518 2740 2344 2113 4061 92621 164 1827 2499 1335 23 14046 35079 224 96 3927 6108 703 45 2686 386 5827 104 93 28 84 1197
internal_value=0 0.0142214 0.0185363 -0.0448883 0.0117588 0.0268257 0.00303977 -0.0101101 -0.0266272 0.0288859 0.0269897 -0.00283363 -0.00961722 0.0162366 -0.0141783 -0.0115545 0.0305314 0.0103536 -0.00621909 -0.00877255 0.0321882 -0.00268652 -0.00831981 -0.0400607 -0.0119702 0.0129951 0.0193438 0.000688245 0.0139278 0.015435
internal_weight=0 2877.63 2444.19 911.684 1344.72 1099.46 602.823 433.445 210.584 1027.72 941.034 409.015 263.022 233.156 370.706 342.546 707.878 53.7136 242.698 311.321 654.165 71.7401 64.9353 109.878 100.706 216.433 45.5475 24.5537 62.7386 193.808
internal_count=1074050 105860 29875 968190 19357 10518 16617 75985 131352 5443 5279 13307 10808 2308 71840 57794 2971 441 9473 41187 2530 5075 5030 93007 38345 2285 345 252 4145 3310
is_linear=0
shrinkage=0.05


Tree=44
num_leaves=31
num_cat=0
split_feature=0 0 40 0 40 76 72 79 36 36 54 76 79 76 3 2 62 64 72 42 69 36 66 62 76 68 76 76 54 42
split_gain=909.983 115.576 55.9032 39.4636 38.2404 27.1402 17.9099 17.7486 17.6474 13.3579 13.1386 10.3754 10.2718 10.1775 9.80206 9.96265 9.10137 8.666 9.10326 8.82171 8.5046 8.09018 7.87542 7.68784 7.65683 7.55972 14.3334 7.40607 7.34999 7.21517
threshold=0.072661120000328969 0.86620967868038068 38.500000000000007 0.0088049481694041625 5.5000000000000009 575.50000000000011 45.100000000000009 4.5000000000000009 18470.500000000004 950.50000000000011 0.021408500000000004 657.50000000000011 241.50000000000003 573.50000000000011 100931.00000000001 175.00000000000003 14.500000000000002 1.0000000180025095e-35 32.366666666650005 3.5000000000000004 1.0000000180025095e-35 1131.5000000000002 0.10825450000000002 1.5000000000000002 589.50000000000011 100.50000000000001 672.50000000000011 578.50000000000011 0.023543000000000005 1.0000000180025095e-35
decision_type=2 2 2 2 2 2 2 2 2 2 2 2 2 2 2 2 2 2 2 2 2 2 2 2 2 2 2 2 2 2
left_child=3 2 5 -1 13 9 22 28 10 16 11 12 23 -3 15 -15 -2 19 -19 -16 -12 25 -4 -7 -9 26 -17 -21 -5 -25
right_child=1 4 6 7 -6 8 -8 24 -10 -11 20 -13 -14 14 17 21 -18 18 -20 27 -22 -23 -24 29 -26 -27 -28 -29 -30 -31
leaf_value=-0.050304146435105883 -0.012242363606381517 0.0058685609569450146 0.026836028141254489 -0.018361585468526245 0.034305697851152332 -0.0086776697551716585 -0.0024964191422652093 -0.04803780267801467 -0.048327432656798952 -0.033087025830943965 -0.013352634369094649 0.026194618679872762 -0.035922353513186948 0.0057549993020793583 0.0016200321384168858 0.015458537600374363 0.039103452031503401 0.022632559021436266 -0.028064884818627206 -0.048002772768040852 0.021392256826586326 0.032790510278107442 0.054476959841047723 -0.0055449654968604762 -0.020722844375846917 0.030092450955240924 -0.070439265655525593 0.023595526563076261 0.012265542565287118 0.011047876628898976
leaf_weight=672.35100878789672 115.23720738809789 165.14647135348059 133.35417008094373 66.142277528851992 458.76297048432752 212.81802942525246 48.072432519453287 74.681575746333692 17.783870784580358 97.784346242406173 20.810542745166458 32.076812278944999 22.803840131382458 67.089019724866375 179.27742494805716 137.06709489924833 9.329207733680958 251.38042625505477 9.177785942796616 3.7659259065985671 114.59385066630784 242.46279583335854 31.942243056371808 113.35693368491775 39.082095897298132 105.29257684806362 5.0349274948239318 88.243909133598208 27.831962245531031 155.23526243909146
leaf_count=836838 15829 1450 2124 28835 1442 11408 5927 77413 7374 28745 1190 576 6495 391 1164 777 574 1147 54 55 3011 940 54 8862 19693 404 28 449 5411 5390
internal_value=0 0.0137752 0.00132626 -0.0444189 0.0219538 -0.0040649 0.0243653 -0.0253711 0.000833766 -0.019255 0.00213536 -0.00137842 -0.00313254 0.0174347 0.0191891 0.0238251 -0.0083969 0.0143343 0.0208468 0.00807934 0.0160523 0.0262999 0.0321774 -0.00157933 -0.0386541 0.0199386 0.012415 0.020665 -0.00929088 0.00404502
internal_weight=0 2837.9 1125.2 880.089 1712.7 911.83 213.369 207.738 689.479 222.351 671.695 536.291 504.214 1253.94 1088.79 556.946 124.566 531.845 260.558 271.287 135.404 489.857 165.296 481.41 113.764 247.395 142.102 92.0098 93.9742 268.592
internal_count=1074050 105860 97559 968190 8301 89454 8105 131352 44306 45148 36932 32731 32155 6859 5409 2540 16403 2869 1201 1668 4201 2149 2178 25660 97106 1209 805 504 34246 14252
is_linear=0
shrinkage=0.05


Tree=45
num_leaves=31
num_cat=0
split_feature=0 0 40 0 0 58 48 50 54 76 36 76 66 76 76 69 69 76 74 72 65 2 55 3 76 68 57 68 36 2
split_gain=859.682 108.196 52.0238 42.7305 33.5565 20.0345 17.1063 15.4583 15.0003 10.761 10.5151 10.4376 9.90146 9.01478 8.78367 8.64762 8.16681 8.08333 7.85593 7.35794 8.90972 7.95258 7.22967 7.50797 7.79467 12.8807 9.60712 8.90712 9.8731 8.03442
threshold=0.07939372682956107 0.48090646582193369 2.5000000000000004 0.0088049481694041625 0.94875966535953815 2.5000000000000004 8.5000000000000018 1.0000000180025095e-35 0.023543000000000005 572.50000000000011 10300.500000000002 593.50000000000011 0.045806000000000006 557.50000000000011 562.50000000000011 3.5000000000000004 1.5000000000000002 631.50000000000011 8.5000000000000018 5.7750000000000012 50.000000000000007 370.00000000000006 1.0000000180025095e-35 146963.00000000003 587.50000000000011 7.5000000000000009 7.5000000000000009 118.50000000000001 140.50000000000003 370.00000000000006
decision_type=2 2 2 2 2 2 2 2 2 2 2 2 2 2 2 2 2 2 2 2 2 2 2 2 2 2 2 2 2 2
left_child=3 7 4 -1 8 9 14 10 11 12 13 18 -4 -2 -5 19 -15 -8 -3 -7 -21 -22 23 24 26 -26 27 28 -6 -30
right_child=1 2 5 6 22 15 17 -9 -10 -11 -12 -13 -14 16 -16 -17 -18 -19 -20 20 21 -23 -24 -25 25 -27 -28 -29 29 -31
leaf_value=-0.050162284965460061 -0.038401503129364842 -0.0021818588410999892 0.0068447500568033053 -0.049893528910828371 0.052110558576108058 0.02653941507371127 -0.047804036812743859 0.013139309568195735 0.022075148510671039 0.035126076440093079 -0.044927422120262156 0.0075098429191895275 0.046284742382437384 -0.013559228576977101 -0.0088926127808969593 0.046359780318227822 0.0065749894636284115 0.0026642803261569662 -0.025484177741605069 -0.041790513799382964 -0.032232987324002559 0.012276890545894828 0.043892976486048361 0.012344911145540606 -0.037121715597089724 0.02748082263803088 -0.051113517847898672 0.028996142793419506 -0.046250431025283922 0.0035412045871023425
leaf_weight=643.88273919025596 28.975861696024367 248.14275816745067 67.014929577184375 14.67606032219919 8.9870300497859699 53.366741910926066 73.591144678925048 60.503835737748886 101.12549185741227 520.40648255776614 25.836623785136908 320.2765637547709 20.86910686083138 231.50572282019129 118.81573653262603 18.980069766868837 64.367544933127647 8.892758657326338 42.340848799445666 9.6290985400555638 11.049514239828566 109.34493646398187 28.068110927939415 336.84213669691235 7.8938155472278586 342.16263711173087 5.7732431814074507 60.274473913013935 9.5141417505219561 54.577455032384023
leaf_count=836838 15597 10121 630 15791 24 313 76976 3937 1322 1664 13385 6030 42 33084 41520 115 5747 1300 2319 967 824 2316 83 1283 44 1158 65 205 54 296
internal_value=0 0.0134806 0.0175778 -0.0437069 0.0122553 0.0278594 -0.0244615 -0.0102005 0.00423825 0.0323932 -0.0142273 0.00128494 0.0162102 -0.0117856 -0.0134002 0.0142318 -0.00917901 -0.0423629 -0.0055784 0.0109067 0.00449036 0.00819188 0.0189375 0.0180895 0.0220451 0.026024 0.0120336 0.0147674 0.00303175 -0.00385016
internal_weight=0 2787.83 2376.64 859.858 1565.98 810.661 215.976 411.19 711.886 608.291 350.686 610.76 87.884 324.849 133.492 202.37 295.873 82.4839 290.484 183.39 130.024 120.394 854.093 826.025 489.183 350.056 139.126 133.353 73.0786 64.0916
internal_count=1074050 101625 29875 972425 23004 6871 135587 71750 19792 2336 67813 18470 672 54428 57311 4535 38831 78276 12440 4420 4107 3140 3212 3129 1846 1202 644 579 374 350
is_linear=0
shrinkage=0.05


Tree=46
num_leaves=31
num_cat=0
split_feature=0 0 40 0 40 76 64 58 36 54 36 76 76 76 79 62 79 36 76 0 79 62 54 69 2 68 2 50 72 60
split_gain=814.069 111.219 49.4873 38.3884 33.495 26.5495 16.3474 16.0817 15.9799 12.9684 11.9749 10.8379 10.7368 9.78223 11.8355 9.87465 9.37858 9.83269 8.39227 8.20644 8.05635 7.99324 7.213 6.94774 6.81823 8.28189 6.63219 6.62063 6.61798 6.72339
threshold=0.072661120000328969 0.86620967868038068 44.500000000000007 0.0088049481694041625 7.5000000000000009 575.50000000000011 1.0000000180025095e-35 3.5000000000000004 18470.500000000004 0.021408500000000004 950.50000000000011 573.50000000000011 577.50000000000011 618.50000000000011 241.50000000000003 1.5000000000000002 291.50000000000006 1404.5000000000002 589.50000000000011 0.42569895731548962 2.5000000000000004 14.500000000000002 0.0017535000000000003 1.5000000000000002 53544.000000000007 30.500000000000004 2826.5000000000005 1.0000000180025095e-35 2.7750000000000004 2.5000000000000004
decision_type=2 2 2 2 2 2 2 2 2 2 2 2 2 2 2 2 2 2 2 2 2 2 2 2 2 2 2 2 2 2
left_child=3 2 5 -1 11 10 12 -5 9 13 21 24 20 14 15 -7 17 22 -9 -11 -4 -2 26 -6 -3 -26 -13 -12 -19 -30
right_child=1 4 6 7 23 8 -8 18 -10 19 27 16 -14 -15 -16 -17 -18 28 -20 -21 -22 -23 -24 -25 25 -27 -28 -29 29 -31
leaf_value=-0.050022304732603134 -0.012751767543652148 0.011600888704273131 0.017266549302230871 -0.0096609943047258409 0.0084277930038311501 -0.013357610117245828 0.042628761891363165 -0.048475609647917695 -0.0478459203858244 -0.0022959428770399702 -0.036058715582897964 0.021885839407105017 0.02447816738211173 0.0090221889098017656 -0.048415253192770576 0.0031842834716444982 -0.035661656763278031 0.041988352645935798 -0.018894506921510134 0.024052303998782752 -0.022958808264801137 0.035963720214627161 0.027007700179773154 0.035268185127916789 0.011575922148943697 -0.030266254875923 0.010577139211028352 0.018913401783058389 0.013733809339336586 0.029702270558126315
leaf_weight=617.34288945122898 114.18918679162016 118.29801485035568 22.210863772023004 93.441622433441808 25.733939753612503 163.13312383423909 70.514277270354796 68.656679296895163 16.653648926105234 43.607626724988222 90.090015087916981 183.91164352698252 75.80238105301396 150.2693271037715 15.796837727611999 201.84299459212343 7.8206762815825632 56.903561347164214 36.84354072903443 91.688065301859751 28.316518009960419 9.0906750587309926 126.52248794957995 382.178002421977 22.095805099699646 25.444361473899335 439.42605956294574 5.8316925915132733 110.63457519328222 163.0880794567056
leaf_count=836838 15929 910 338 34894 179 9732 293 77164 7383 3081 28705 844 965 5517 5763 11792 185 181 19294 1131 5972 580 512 1104 206 376 2551 378 618 635
internal_value=0 0.0129688 0.000628191 -0.043867 0.021129 -0.00432771 0.0233425 -0.0247663 0.000531465 0.00174055 -0.019468 0.0170809 0.0125774 -0.00178026 -0.00604337 -0.00420944 0.0188953 0.0192902 -0.0381451 0.0155599 -0.00527652 -0.00915948 0.016123 0.0335749 0.00517393 -0.0108188 0.0139137 -0.0327166 0.0264734 0.0232481
internal_weight=0 2761.09 1099.04 816.285 1662.06 902.193 196.844 198.942 682.992 666.338 219.202 1254.15 126.33 531.042 380.773 364.976 1088.31 1080.49 105.5 135.296 50.5274 123.28 749.86 407.912 165.838 47.5402 623.338 95.9217 330.626 273.723
internal_count=1074050 105860 97559 968190 8301 89991 7568 131352 44399 37016 45592 7018 7275 32804 27287 21524 5526 5341 96458 4212 6310 16509 3907 1283 1492 582 3395 29083 1434 1253
is_linear=0
shrinkage=0.05


Tree=47
num_leaves=31
num_cat=0
split_feature=0 0 40 0 58 79 68 74 79 38 76 76 76 76 2 76 54 74 39 42 2 2 3 54 66 0 68 76 40 36
split_gain=769.604 123.844 48.2524 37.52 27.5542 26.3984 14.651 14.0536 11.7557 11.567 11.1243 10.1706 9.94769 9.78601 9.6016 9.25273 8.3266 8.02795 7.57189 7.48705 7.34429 7.3155 8.19373 9.02457 7.21193 6.9803 9.02902 6.84083 6.74249 10.3298
threshold=0.37969951586789719 0.0088049481694041625 1.0000000180025095e-35 0.94875966535953815 2.5000000000000004 8.5000000000000018 106.50000000000001 6.5000000000000009 7.5000000000000009 2.5000000000000004 581.50000000000011 607.50000000000011 568.50000000000011 577.50000000000011 3434.5000000000005 642.50000000000011 0.0023915000000000004 9.5000000000000018 1.0000000180025095e-35 20.500000000000004 64.000000000000014 625678.00000000012 3321.0000000000005 0.029483500000000003 0.13751950000000004 0.94875966535953815 123.50000000000001 669.50000000000011 951.00000000000011 555.50000000000011
decision_type=2 2 2 2 2 2 2 2 2 2 2 2 2 2 2 2 2 2 2 2 2 2 2 2 2 2 2 2 2 2
left_child=1 -1 3 6 7 17 10 9 -6 12 16 14 -4 -7 20 28 -2 21 27 -8 -9 22 -3 -24 25 26 -14 -15 29 -10
right_child=2 5 4 -5 8 13 19 11 15 -11 -12 -13 24 18 -16 -17 -18 -19 -20 -21 -22 -23 23 -25 -26 -27 -28 -29 -30 -31
leaf_value=-0.04994791121083144 -0.022917184363418303 -0.036379915268819438 0.016452423776127611 0.017601177905542022 0.018391399581733768 -0.04319921906431784 0.014508475934928123 0.029367840946733854 0.018257418072010603 -0.0093072110133948626 0.000963505771319999 0.028999716920720564 0.022372871852005448 -0.026163156066147275 0.014142102825126538 0.051371691457354818 0.0078531179339239345 -0.03133412589920926 0.049101045777526629 -0.024112841826245537 -0.039613122476430937 -0.019489204545017947 -0.0040500625137203893 0.020429553958048106 0.052497156038697035 0.040294348396928602 0.04215228761140391 0.035439602370434531 0.023466385170985021 -0.022667571635974298
leaf_weight=592.1613720974201 104.85975212277845 15.161649063062212 78.97787730867276 702.65625586686656 186.95460870148963 89.859652956314676 187.5769629580318 4.8716339315287795 20.607812169590034 16.555662293918431 295.34857405172079 59.148795279674232 194.07589967991225 98.975507687300706 45.406612855498679 7.4018183586304067 27.818630955880508 32.780327919463161 3.7352932253270401 13.44831407262245 18.556174923665822 69.018677319792914 160.82101136077108 49.157410630163213 55.64109911583364 213.31952939741313 82.106628464069217 4.7215780342230564 15.639565000543369 61.237078063262743
leaf_count=836838 8000 4936 759 2740 1801 84538 3864 32 580 99 8678 245 1171 44424 422 58 853 12089 180 447 387 15665 32538 4450 98 506 314 158 325 6855
internal_value=0 -0.034279 0.0159973 0.0096603 0.0239548 -0.0165796 0.000790271 0.0289209 0.0108749 0.0319426 -0.00443911 0.0137943 0.0330368 -0.0310233 0.000728507 -0.00252276 -0.0164656 -0.00786358 -0.0208389 0.0119248 -0.0252691 -0.00524808 -0.000882343 0.00168079 0.0354395 0.0335006 0.0282531 -0.0233582 -0.00661486 -0.012363
internal_weight=0 1116.39 2392.21 1331.71 1060.5 524.231 629.052 768.66 291.841 640.677 428.027 127.983 624.121 197.292 68.8344 104.886 132.678 326.939 107.432 201.025 23.4278 294.159 225.14 209.978 545.143 489.502 276.183 103.697 97.4845 81.8449
internal_count=1074050 1035816 38234 24582 13652 198978 21842 4033 9619 2947 17531 1086 2848 129300 841 7818 8853 69678 44762 4311 419 57589 41924 36988 2089 1991 1485 44582 7760 7435
is_linear=0
shrinkage=0.05


Tree=48
num_leaves=31
num_cat=0
split_feature=0 0 66 0 40 42 79 76 79 68 76 3 42 64 74 2 76 74 64 60 76 0 43 68 76 2 68 36 68 62
split_gain=726.779 102.013 45.1216 43.4847 31.5383 28.4254 15.9923 14.6403 18.2156 13.0417 10.5587 10.1462 9.90908 8.94341 8.73904 8.4108 7.64507 7.61206 7.22437 8.97079 7.17166 7.77367 6.92283 6.87865 11.9404 6.67291 6.52787 7.12317 6.48317 6.35442
threshold=0.07939372682956107 0.86620967868038068 0.062324500000000012 0.0088049481694041625 7.5000000000000009 1.0000000180025095e-35 8.5000000000000018 616.50000000000011 177.50000000000003 126.50000000000001 573.50000000000011 68784.500000000015 26.500000000000004 1.0000000180025095e-35 7.5000000000000009 175.00000000000003 652.50000000000011 8.5000000000000018 1.0000000180025095e-35 6.5000000000000009 562.50000000000011 0.94875966535953815 1.0000000180025095e-35 100.50000000000001 669.50000000000011 149609.00000000003 43.500000000000007 1279.5000000000002 18.500000000000004 1.5000000000000002
decision_type=2 2 2 2 2 2 2 2 2 2 2 2 2 2 2 2 2 2 2 2 2 2 2 2 2 2 2 2 2 2
left_child=3 2 5 -1 10 7 17 8 14 12 -3 15 13 -7 28 -12 -8 26 19 -13 21 -6 -9 24 -17 -4 -5 -28 -2 -27
right_child=1 4 25 6 20 9 16 22 -10 -11 11 18 -14 -15 -16 23 -18 -19 -20 -21 -22 -23 -24 -25 -26 29 27 -29 -30 -31
leaf_value=-0.04989560246344131 -0.023549045054041411 0.0044197908334885991 0.048710208317408327 0.01399287501493663 -0.022756078695316626 -0.0010837475936616846 -0.042528629699117776 0.001056077594104347 -0.045210455562747782 0.021768850393691089 0.0059426651607685614 0.0024643174770511774 -0.021995261074052686 0.015159111154500622 -0.032478374067861929 0.020862220226144507 0.019070455284637855 -0.042420927557253477 0.019306963935336045 0.021972798427930918 0.034817448734640224 0.027185796378149697 0.042953526355058454 0.031429995281046258 -0.055013088347272344 -0.015200558698183078 -0.027884293772566217 0.0045848793992161879 -0.0044593162358453854 0.033181791295425492
leaf_weight=566.4072031409778 56.767703294273815 161.98408497637138 46.388503849506378 29.991615104117955 11.390768457436932 284.06601334731386 84.299915763935132 69.523161450662883 47.975675879337359 95.239090591567219 60.845648380694911 206.74217031267472 41.133856918197125 120.77755500542116 44.843514517364383 188.19715746259317 5.3571021992829619 16.233426050213893 278.6045379685238 82.420888666063547 353.19622950605117 24.660870131105185 11.488602394267216 240.93850266048685 5.332033919170498 9.499174678232519 39.361275737603137 29.589870184972824 205.41198362246359 23.763998300535604
leaf_count=836838 8689 1492 93 8516 171 15050 88441 3932 26538 3133 403 1409 4119 3919 6892 1014 353 11131 1337 429 1023 89 347 894 40 97 18865 8281 20425 90
internal_value=0 0.0123447 0.000268604 -0.0427559 0.0202508 -0.0026809 -0.0230132 -0.0121817 -0.0165586 0.00497309 0.0163115 0.0181234 0.00138634 0.00376201 -0.0120814 0.0233532 -0.038848 -0.0106868 0.013561 0.00802487 0.0326491 0.0114063 0.00699772 0.0257915 0.0187717 0.0364554 -0.0054802 -0.0139504 -0.00859266 0.0193649
internal_weight=0 2671.19 1056.88 771.24 1614.31 977.227 204.833 436.011 354.999 541.217 1225.07 1063.08 445.977 404.844 307.023 495.313 89.657 115.176 567.768 289.163 389.248 36.0516 81.0118 434.468 193.529 79.6517 98.9428 68.9511 262.18 33.2632
internal_count=1074050 101625 93324 972425 8301 93044 135587 66823 62544 26221 7018 5526 23088 18969 36006 2351 88794 46793 3175 1838 1283 260 4279 1948 1054 280 35662 27146 29114 187
is_linear=0
shrinkage=0.05


Tree=49
num_leaves=31
num_cat=0
split_feature=0 0 0 81 40 76 58 40 76 40 43 72 68 76 54 0 3 64 76 40 3 73 3 42 36 50 79 3 69 40
split_gain=687.135 117.318 45.6521 35.6752 26.8131 26.1665 23.1996 21.5339 14.8978 11.3851 9.60226 9.16272 9.28247 8.68937 8.66906 8.30058 8.06297 7.21565 7.08856 7.05783 6.93083 6.83249 6.72689 7.04454 6.65073 7.39878 6.46106 6.43935 10.2957 6.41068
threshold=0.37969951586789719 0.0088049481694041625 0.94875966535953815 0.018857000000000002 3.5000000000000004 567.50000000000011 86.500000000000014 1.5000000000000002 567.50000000000011 1.0000000180025095e-35 1.0000000180025095e-35 2.7750000000000004 1.5000000000000002 617.50000000000011 0.021795500000000006 0.7740980979447657 3321.0000000000005 1.0000000180025095e-35 634.50000000000011 951.00000000000011 877486.50000000012 1.5000000000000002 146963.00000000003 33.500000000000007 997.50000000000011 1.0000000180025095e-35 3.5000000000000004 393.00000000000006 1.0000000180025095e-35 1.5000000000000002
decision_type=2 2 2 2 2 2 2 2 2 2 2 2 2 2 2 2 2 2 2 2 2 2 2 2 2 2 2 2 2 2
left_child=1 27 3 5 21 19 8 14 -3 10 -10 -9 -13 -8 15 18 -11 -18 -7 24 -5 22 -4 -24 -2 29 -16 28 -1 -26
right_child=2 6 4 20 -6 7 13 11 9 16 -12 12 -14 -15 26 -17 17 -19 -20 -21 -22 -23 23 -25 25 -27 -28 -29 -30 -31
leaf_value=0.097425358012834945 -0.0087991411488299396 -0.031438789195088156 0.02124438426094109 0.042902416229696774 0.035630198756949186 -0.011733484558667436 -0.047998918950875075 0.034536181551984992 -0.016978301513843365 -0.036414606148809855 0.010590546409608397 -0.051617853685378412 0.015663378982093613 -0.0051336287194543723 0.023759863212949654 0.0053083891138833569 0.0032710530076142026 0.035397150681012311 0.014867647475616533 0.021500168209919363 0.021697178501555579 0.061767265412610961 0.012919006080181726 -0.045964886167249086 -0.022102943744073612 0.032735749575877313 -0.013364140615279574 -0.050260395527667895 -0.05103590399176975 -0.059069955165319293
leaf_weight=1.9248156794783415 82.187742686044658 77.358071445891255 475.4561977579724 66.527082118438557 287.07067983853631 168.16377023603127 68.189294503266865 71.733143623918295 212.04456181217029 9.5710243565481488 37.112705944462505 5.237475880465353 241.80367974951514 14.302475752003373 70.214754545828328 314.07446591532789 65.228713799471734 23.875990715234366 29.425876964814961 12.548798076924866 91.575584202772006 8.7746794447302801 333.29877555649728 5.1578495278954497 29.167834980515181 4.1294812611304215 14.068478063796645 537.72537788563204 2.9692994969518622 19.61424682966026
leaf_count=55 3987 51993 1905 181 802 11537 70468 369 53662 3165 6464 734 3415 3125 873 4528 8925 1176 736 291 484 19 1308 41 3248 81 464 831477 5306 3231
internal_value=0 -0.0335769 0.0151341 0.00846062 0.0224733 0.00516285 -0.0163007 0.00831549 -0.0115928 -0.0071791 -0.0128718 0.0188049 0.014237 -0.0405669 0.0027047 0.000257153 0.00719512 0.0118794 -0.00777193 -0.0143687 0.03062 0.0178823 0.0174092 0.0120217 -0.0177004 -0.0315267 0.0175632 -0.0497408 0.0073527 -0.0369666
internal_weight=0 1050.3 2330.23 1220.47 1109.76 1062.37 507.683 914.722 425.191 347.833 249.157 318.774 247.041 82.4918 595.947 511.664 98.6757 89.1047 197.59 147.648 158.103 822.688 813.913 338.457 135.099 52.9116 84.2832 542.619 4.89412 48.7821
internal_count=1074050 1035816 38234 34159 4075 33494 198978 22656 125385 73392 60126 4518 4149 73593 18138 16801 13266 10101 12273 10838 665 3273 3254 1349 10547 6560 1337 836838 5361 6479
is_linear=0
shrinkage=0.05


Tree=50
num_leaves=31
num_cat=0
split_feature=0 0 0 40 0 1 79 76 50 68 64 46 54 54 69 76 42 74 3 68 69 2 40 54 76 76 42 69 76 48
split_gain=649.532 94.106 38.1054 35.4866 25.1644 20.3263 15.4684 15.305 13.8017 13.0767 12.8448 11.6726 11.0049 10.2749 9.93952 9.24834 8.50458 8.36029 8.11064 7.51987 7.35355 7.36242 7.33397 7.25863 7.14778 7.14108 7.07688 7.30717 6.80219 6.7261
threshold=0.072661120000328969 0.60678019017954943 0.0088049481694041625 6.5000000000000009 0.94875966535953815 1.0000000180025095e-35 121.50000000000001 589.50000000000011 1.0000000180025095e-35 121.50000000000001 1.0000000180025095e-35 1.5000000000000002 0.029691500000000003 0.035545500000000001 1.0000000180025095e-35 567.50000000000011 1.0000000180025095e-35 9.5000000000000018 4095.0000000000005 115.50000000000001 1.0000000180025095e-35 415276.50000000006 1.5000000000000002 0.0028705000000000002 546.50000000000011 627.50000000000011 16.500000000000004 1.5000000000000002 652.50000000000011 260.50000000000006
decision_type=2 2 2 2 2 2 2 2 2 2 2 2 2 2 2 2 2 2 2 2 2 2 2 2 2 2 2 2 2 2
left_child=2 5 -1 4 8 6 14 12 15 10 11 26 -4 -14 19 -3 28 24 -13 -2 21 29 -10 -22 -16 -12 27 -5 -9 -17
right_child=1 3 7 9 -6 -7 -8 16 22 -11 25 18 13 -15 17 20 -18 -19 -20 -21 23 -23 -24 -25 -26 -27 -28 -29 -30 -31
leaf_value=-0.049610338295871997 -0.0297445402125616 -0.015557980248652776 -0.042230471336128367 -0.026254181413476615 0.017873732023737588 0.048990630634204661 -0.033589190557251423 -0.031859948264563058 0.012197285639281344 0.036791347092064212 0.025433931407662654 -0.054471465442068982 0.045634462138273921 -0.037245856955980365 -0.05261443483388243 0.0050569242582366343 0.010378613978632607 -0.02658963391493499 0.00039745725306760928 0.010130440019667643 0.0035483763940945805 -0.030006449507279917 0.038379921310951588 0.021993951623776955 0.00071370105804229999 0.049602846908880838 -0.023032167811453966 0.023302419679220979 0.021569334997128344 -0.058833514672773014
leaf_weight=518.52403973988112 63.819594561107806 72.558487436559517 90.242922406963771 7.8601313229009966 853.01650508958846 15.366830840328474 58.344065173288982 33.662020471238066 120.24694306962192 207.47896572866011 138.2586939164903 9.2050366903422383 7.4574456158006779 7.500730888605176 6.407555089404922 59.002759448019788 38.315138082103658 33.336493316695851 25.100245232955785 14.51220204833953 284.60289085717523 28.476660563406767 34.396045208442956 65.634680638089776 324.42745402435685 39.235728316009045 9.9011081815697235 138.67629357770784 7.2378927091485812 4.4285670272365669
leaf_count=836838 11624 3341 95968 156 3413 51 31441 20295 1666 954 458 468 1010 3711 3396 1157 9840 6754 315 1215 5777 1140 230 665 29907 95 108 886 528 643
internal_value=0 0.0114727 -0.0426678 0.0161782 0.0121793 -0.00765217 -0.00939007 -0.0231474 0.0049223 0.0267523 0.021096 0.0120878 -0.0356465 0.00407438 -0.00619941 0.000986822 -0.00654794 -0.00272397 -0.0143254 -0.0223571 0.00370191 -0.00888562 0.0180209 0.00700509 -0.000319149 0.0307766 0.0178799 0.0206442 -0.0224048 0.000596304
internal_weight=0 2614.29 702.94 2098.08 1522.36 516.214 500.847 184.416 669.347 575.716 368.237 190.743 105.201 14.9582 442.503 514.704 79.2151 364.172 34.3053 78.3318 442.146 91.908 154.643 350.238 330.835 177.494 156.438 146.536 40.8999 63.4313
internal_count=1074050 105860 968190 21472 18032 84388 84337 131352 14619 3440 2486 1933 100689 4721 52896 12723 30663 40057 783 12839 9382 2940 1896 6442 33303 553 1150 1042 20823 1800
is_linear=0
shrinkage=0.05


Tree=51
num_leaves=31
num_cat=0
split_feature=0 0 0 73 40 69 76 68 76 40 76 54 3 2 64 54 42 3 0 58 72 76 2 40 42 64 60 76 68 36
split_gain=611.613 91.0452 38.9346 37.9518 28.0528 20.3146 20.5106 15.1448 14.7873 13.7282 13.1022 10.83 10.5714 10.4532 9.39216 9.31336 8.32254 8.26916 7.8157 7.51506 7.22433 6.97243 6.93683 7.46793 6.834 6.5833 6.57912 9.19636 7.37838 6.32905
threshold=0.072661120000328969 0.7740980979447657 0.0088049481694041625 1.5000000000000002 24.500000000000004 1.0000000180025095e-35 566.50000000000011 108.50000000000001 589.50000000000011 2.5000000000000004 573.50000000000011 0.029691500000000003 43454.500000000007 175.00000000000003 1.0000000180025095e-35 0.035545500000000001 1.0000000180025095e-35 38.500000000000007 0.94875966535953815 7.5000000000000009 6.3666666666650009 603.50000000000011 2826.5000000000005 1.0000000180025095e-35 1.0000000180025095e-35 1.0000000180025095e-35 4.5000000000000009 572.50000000000011 28.500000000000004 1087.5000000000002
decision_type=2 2 2 2 2 2 2 2 2 2 2 2 2 2 2 2 2 2 2 2 2 2 2 2 2 2 2 2 2 2
left_child=2 3 -1 5 10 7 20 -2 11 21 -3 -4 13 -12 -11 -13 -10 -15 26 29 -7 24 -14 -24 -8 -25 27 -6 -28 -19
right_child=1 4 8 -5 18 6 9 -9 16 14 12 15 22 17 -16 -17 -18 19 -20 -21 -22 -23 23 25 -26 -27 28 -29 -30 -31
leaf_value=-0.049479856036777327 -0.032526718786561187 0.0029993771774851647 -0.041675984473568017 0.038168071301889685 0.00013811116002187686 -0.0043367128835870294 -0.020374940104455834 0.010514488991239426 -0.022184296553919174 0.0064948573049019567 0.0037511514899361918 0.043632775206414329 0.03472336078851692 0.05955931859289857 0.033658196314037457 -0.035926162134051365 0.010282855994180204 0.018125673372738071 0.038931037896870663 -0.0062507617262254614 -0.034009289575818356 0.0046292734920238242 0.0086393786293260857 0.010925850481051902 -0.0018030666109089565 0.029384474219897334 -0.051802389873379165 0.036830070965119074 0.014189616274423555 0.030778687808102848
leaf_weight=497.29584583063115 104.16548292043444 215.10612407649751 87.149963758554804 51.778172456048196 21.072133145178668 30.968485548015451 89.053496257809456 25.426642414851813 39.961281386502378 125.93448864825768 67.999652722850442 7.5153313992923341 34.05535344639793 16.491983198095113 42.583396900750813 7.2051310128299519 39.00310971341969 182.57993346499279 153.4465922198724 20.248987313592806 60.757203570465208 135.68818435796129 543.39915082359221 97.359736206475645 111.62034754415799 95.868632789235562 4.6825504135340443 90.074703367776237 44.378776176832616 215.45700048399158
leaf_count=836838 21774 3058 95968 215 255 3835 16045 2005 20823 7665 570 1010 163 43 589 3711 9840 990 377 422 25473 7378 4310 608 8275 374 29 300 218 889
internal_value=0 0.0111056 -0.0422552 -0.00318972 0.0172765 -0.00613855 -0.00224099 -0.0240818 -0.0223875 0.00171056 0.014413 -0.0349758 0.016341 0.0219811 0.0133589 0.00469157 -0.0061477 0.0248323 0.0308663 0.0234631 -0.0239912 -0.00412526 0.0126614 0.0116415 -0.0100447 0.0200839 0.0231419 0.0298737 0.00789115 0.0249747
internal_weight=0 2580.2 678.131 777.976 1802.22 726.198 596.606 129.592 180.835 504.88 1488.57 101.87 1273.46 502.778 168.518 14.7205 78.9644 434.778 313.655 418.286 91.7257 336.362 770.683 736.628 200.674 193.228 160.208 111.147 49.0613 398.037
internal_count=1074050 105860 968190 93254 12606 93039 69260 23779 131352 39952 11427 100689 8369 2914 8254 4721 30663 2344 1179 2301 29308 31698 5455 5292 24320 982 802 555 247 1879
is_linear=0
shrinkage=0.05


Tree=52
num_leaves=31
num_cat=0
split_feature=0 0 0 73 66 76 40 40 79 79 2 76 36 3 36 42 68 69 76 64 68 74 2 74 68 38 42 76 76 50
split_gain=576.774 84.0137 42.1578 36.0769 27.313 18.6402 18.5613 17.8648 14.7931 12.4778 10.701 9.88344 9.42076 9.21765 8.61707 7.91019 7.73095 7.55771 7.37972 7.3546 7.27436 7.01802 6.75005 6.49447 6.71386 6.76926 6.39288 6.36696 6.10027 7.02066
threshold=0.07939372682956107 0.7740980979447657 0.0088049481694041625 1.5000000000000002 0.059568000000000003 573.50000000000011 2.5000000000000004 1.0000000180025095e-35 8.5000000000000018 7.5000000000000009 2826.5000000000005 552.50000000000011 18470.500000000004 38.500000000000007 1257.5000000000002 31.500000000000004 43.500000000000007 1.0000000180025095e-35 580.50000000000011 1.0000000180025095e-35 108.50000000000001 14.500000000000002 415276.50000000006 9.5000000000000018 128.50000000000003 1.0000000180025095e-35 43.500000000000007 597.50000000000011 622.50000000000011 1.0000000180025095e-35
decision_type=2 2 2 2 2 2 2 2 2 2 2 2 2 2 2 2 2 2 2 2 2 2 2 2 2 2 2 2 2 2
left_child=2 3 -1 5 7 14 12 10 16 11 15 -9 17 -13 -2 21 -4 20 -12 28 -7 -3 -11 24 25 -15 -17 -10 29 -8
right_child=1 4 8 -5 -6 6 19 9 27 22 18 13 -14 23 -16 26 -18 -19 -20 -21 -22 -23 -24 -25 -26 -27 -28 -29 -30 -31
leaf_value=-0.049363761822050094 -0.012052209190033223 0.022414920263875468 0.01120719508436295 0.037661535005596956 0.040241106266574289 -0.026567057636930309 -0.0037806468634812595 -0.014848524209956651 -0.046555202427808307 0.0059548760383642185 -0.0020332837515960622 0.051215166202666029 -0.054238622924961268 0.022275626899436615 -0.035641479389245667 -0.051926484119391728 -0.018044539557866352 -0.0020968158849778789 0.010370392103865372 0.032141649410179239 0.0090506262384620773 -0.042257036059124058 -0.047564583987152534 0.0019981307670627088 0.03328762931731389 -0.015337863547345254 0.0074252976281809326 -0.015046788246213541 0.033220357282454892 0.038415010766217166
leaf_weight=476.51162264162849 107.33835379793891 268.15402027452365 32.032720223931392 50.669594078906812 116.24003052152693 67.322959357989021 78.344100212758349 15.992761667817829 57.539254606337636 54.464831197576132 151.88928269961616 31.680076435208321 10.355116139995515 330.7020515082404 60.554868099872692 6.3768119011074331 76.604523856480228 294.07932116507436 569.67228537524352 39.385833290361916 18.21340212164796 4.261577079538255 6.606045222550164 33.075916433008388 161.14261858630925 12.410624830983577 15.725298796780406 22.226500635799312 18.282006761495722 11.276783566281663
leaf_count=836838 19486 1509 10132 214 289 9298 4902 175 77513 1247 2290 86 6118 1436 25486 68 36661 21585 4237 516 943 84 162 322 539 65 97 11281 293 178
internal_value=0 0.0108747 -0.0414473 -0.00308985 0.0168097 -0.00601809 -0.00147367 0.0151711 -0.0214247 0.0216717 0.0110376 0.0239168 -0.00718517 0.0250063 -0.0205603 0.0190692 -0.00941939 -0.00590165 0.00775941 0.0136485 -0.0189829 0.0214032 0.000165669 0.0234611 0.0248689 0.0209151 -0.00969864 -0.0377755 0.00689825 0.00152873
internal_weight=0 2534.22 664.915 755.822 1778.39 705.153 537.26 1662.15 188.403 646.075 1016.08 585.004 389.971 569.011 167.893 294.518 108.637 379.616 721.562 147.289 85.5364 272.416 61.0709 537.331 504.255 343.113 22.1021 79.7658 107.903 89.6209
internal_count=1074050 101625 972425 89019 12606 88805 43833 12317 135587 4032 8285 2623 37944 2448 44972 1758 46793 31826 6527 5889 10241 1593 1409 2362 2040 1501 165 88794 5373 5080
is_linear=0
shrinkage=0.05


Tree=53
num_leaves=31
num_cat=0
split_feature=0 0 40 0 40 76 79 76 74 64 54 40 66 3 76 74 54 44 2 72 58 68 2 36 79 76 2 42 65 70
split_gain=545.148 84.1037 41.2556 39.5774 25.8265 24.8202 18.0313 13.4667 13.3434 13.1981 12.0985 10.2826 9.27623 9.81393 9.24546 12.8573 9.22378 8.92963 8.61328 12.9786 8.4384 8.38881 8.07999 7.39427 7.25287 7.23157 7.16538 6.90497 6.6749 6.67409
threshold=0.072661120000328969 0.86620967868038068 92.500000000000014 0.0088049481694041625 2.5000000000000004 599.50000000000011 177.50000000000003 589.50000000000011 7.5000000000000009 1.0000000180025095e-35 0.029691500000000003 1.0000000180025095e-35 0.059568000000000003 100931.00000000001 587.50000000000011 7.5000000000000009 0.035545500000000001 1.0000000180025095e-35 3901.0000000000005 136.58333333350001 2.5000000000000004 18.500000000000004 440045.50000000006 1658.5000000000002 1.5000000000000002 670.50000000000011 175.00000000000003 1.0000000180025095e-35 50.000000000000007 19.500000000000004
decision_type=2 2 2 2 2 2 2 2 2 2 2 2 2 2 2 2 2 2 2 2 2 2 2 2 2 2 2 2 2 2
left_child=3 2 5 -1 12 6 8 10 21 28 -5 -7 13 14 15 -3 -12 20 -17 -20 22 23 -6 -2 -13 26 -16 -9 -4 -30
right_child=1 4 9 7 17 11 -8 27 -10 -11 16 24 -14 -15 25 18 -18 -19 19 -21 -22 -23 -24 -25 -26 -27 -28 -29 29 -31
leaf_value=-0.049366207860418065 -0.011575732477439826 0.016656543962095711 -0.034791802469348945 -0.041230439495781514 0.03282254726103695 -0.0004989818545506953 -0.044864210867358562 -0.020514218801559972 -0.027742509642515963 0.043595789477871058 0.044911938261376606 0.032502837192816401 0.055295637176349582 0.0080567090794555745 0.0017618514456900648 -0.032412477952036237 -0.034575408839456499 0.047469450052228579 -0.024161721556547167 0.059993142381062473 0.011845932882996081 -0.0023324348386238652 0.011081414220139908 -0.049645131091287459 0.0067862508134899071 -0.0078464967743972682 0.025987005406556119 0.0094517513238545486 0.018655754170524608 -0.064447317845605576
leaf_weight=455.55334494356066 46.175803786929464 116.58667108183727 6.9403575064861789 81.86464268868076 260.4185705659911 226.0059507627011 38.153691400319076 38.863270270943758 80.558959694593796 53.544653553166427 7.8736988075979735 48.833917248877697 13.175662923604248 503.05478187953122 33.714956540614367 27.373606913955882 6.803064533698489 51.562118571251631 10.788560648448767 7.9631961649283758 89.635315930936486 339.88631726169842 51.124966421164572 17.62306896901282 62.516059262401541 19.149679707363248 322.54723269911483 38.041764266563405 82.182761221152759 2.4891808751854105
leaf_count=836838 4411 763 1680 95968 838 13325 24140 20823 12738 205 1010 463 46 3429 237 288 3711 118 132 21 681 29654 198 4861 2496 98 1452 9840 3532 54
internal_value=0 0.0104234 -0.000780658 -0.0416273 0.017894 -0.0049434 -0.0117704 -0.0213011 -0.00916292 0.0238749 -0.0337359 0.00562823 0.013605 0.0130774 0.0177709 0.00781596 0.00806747 0.0278826 -0.0145295 0.0115758 0.0253651 -0.00545519 0.0292548 -0.0220916 0.0180646 0.0220856 0.0236945 -0.00569128 0.0123487 0.0162127
internal_weight=0 2512.01 1004.91 629 1507.1 859.754 522.398 173.446 484.244 145.157 96.5414 337.356 1054.35 1041.18 538.124 162.712 14.6768 452.741 46.1254 18.7518 401.179 403.685 311.544 63.7989 111.35 375.412 356.262 76.905 91.6123 84.6719
internal_count=1074050 105860 97559 968190 8301 92088 75804 131352 51664 5471 100689 16284 6466 6420 2991 1204 4721 1835 441 153 1717 38926 1036 9272 2959 1787 1689 30663 5266 3586
is_linear=0
shrinkage=0.05


Tree=54
num_leaves=31
num_cat=0
split_feature=0 0 66 0 76 58 40 40 58 76 69 1 72 76 43 40 3 2 36 68 36 54 76 3 42 76 68 2 72 36
split_gain=513.647 102.882 40.0044 41.4502 23.0995 19.3914 15.2095 14.0673 12.7421 12.7111 11.8508 10.1465 9.31083 7.84116 7.63619 7.51584 7.72441 7.27143 7.2386 6.80905 6.64522 7.35617 6.39098 8.37893 7.62104 7.10442 10.6348 6.22988 6.22685 6.24407
threshold=0.37969951586789719 0.0088049481694041625 0.062324500000000012 0.94875966535953815 583.50000000000011 86.500000000000014 1.5000000000000002 3.5000000000000004 4.5000000000000009 567.50000000000011 1.5000000000000002 1.0000000180025095e-35 3.7750000000000004 617.50000000000011 1.0000000180025095e-35 1.0000000180025095e-35 3321.0000000000005 120938.00000000001 1658.5000000000002 18.500000000000004 744.50000000000011 0.021795500000000006 570.50000000000011 813523.00000000012 10.500000000000002 689.50000000000011 58.500000000000007 378061.50000000006 2.0833333333350006 1234.5000000000002
decision_type=2 2 2 2 2 2 2 2 2 2 2 2 2 2 2 2 2 2 2 2 2 2 2 2 2 2 2 2 2 2
left_child=1 -1 3 4 8 9 20 22 10 -3 -2 14 -8 -7 15 -11 -17 -12 -10 -14 -6 -22 23 24 -5 28 -27 -18 -24 -30
right_child=2 5 -4 7 6 13 12 -9 18 11 17 -13 19 -15 -16 16 27 -19 -20 -21 21 -23 25 -25 -26 26 -28 -29 29 -31
leaf_value=-0.049211859231894362 -0.0085185090335954585 -0.030459154555240148 0.037683431983172533 0.015377225604093887 -0.003175975902992411 -0.047273088492471395 0.032527338398204139 0.030075203668833567 -0.012195781062920651 -0.016508062728050745 0.022626424006322674 0.054453658931523333 -0.023791113964591035 -0.004526749778238112 0.011384678245661327 -0.050729667262539052 0.014102794231257204 -0.0038769842752510741 -0.041793068713652973 0.015413275301975202 0.0060815601603649528 0.030949006065405252 0.036474740801483621 -0.035870102271130619 -0.041038524479841028 0.02248041263235016 -0.047369916050502704 -0.021094114225614777 0.012926034614909033 0.023267485981187132
leaf_weight=435.39223836922611 166.65354468196165 69.963650371297263 153.84152361843735 53.914255281211808 177.43248706095619 58.335833404562436 91.133366842521355 210.70747740729712 69.112900891836034 197.42300408075243 68.54231513774721 6.5868134272750458 12.036662328828241 13.145602493488694 42.921598744062067 6.4552853179120566 56.929509244197106 41.578214695793577 29.465487187815597 138.67383211036213 222.29453576651576 34.33229366724845 42.199110510293394 12.482680896297095 6.7339172028005114 11.333319235593082 10.495543306693433 16.135497815983399 406.50094614806585 227.73838118510321
leaf_count=836838 6273 51993 432 287 4411 70468 521 713 5456 53659 857 30 569 3125 7528 2808 6964 518 6726 1592 6564 353 144 122 66 37 41 2403 1683 869
internal_value=0 -0.031719 0.0130996 0.0112396 0.00433957 -0.0154414 0.00986281 0.0186255 -0.00560622 -0.011119 -0.000108284 -0.00697414 0.0199111 -0.0394119 -0.00823909 -0.0112804 0.00169801 0.0126195 -0.0210425 0.0122822 0.00426423 0.0094084 0.015498 0.00143505 0.00911324 0.0169708 -0.0111043 0.00632999 0.0178768 0.0166394
internal_weight=0 903.289 2187.2 2033.36 1051.26 467.897 675.903 982.106 375.352 396.415 276.774 326.452 241.844 71.4814 319.865 276.943 79.5203 110.121 98.5784 150.71 434.059 256.627 771.398 73.1309 60.6482 698.267 21.8289 73.065 676.438 634.239
internal_count=1074050 1035816 38234 37802 33840 198978 14010 3962 19830 125385 7648 73392 2682 73593 73362 65834 12175 1375 12182 2161 11328 6917 3249 475 353 2774 78 9367 2696 2552
is_linear=0
shrinkage=0.05


Tree=55
num_leaves=31
num_cat=0
split_feature=0 0 0 73 66 76 40 76 40 72 76 64 54 2 74 2 3 76 50 3 68 36 2 72 54 36 2 40 40 3
split_gain=486.509 78.5736 37.4897 33.6156 22.5818 17.2087 16.2069 15.6159 15.8807 12.4557 12.1771 8.90051 8.77556 8.22773 13.5771 7.96449 7.70636 7.4446 8.40285 7.42161 7.41483 7.08662 7.08331 7.01047 6.51287 6.46976 6.34697 6.08593 10.3617 6.06993
threshold=0.072661120000328969 0.7740980979447657 0.0088049481694041625 1.5000000000000002 0.059568000000000003 573.50000000000011 1.0000000180025095e-35 583.50000000000011 1.0000000180025095e-35 3.0833333333350006 562.50000000000011 1.0000000180025095e-35 0.019906500000000004 117173.00000000001 8.5000000000000018 8.9884656743000007e+307 138702.50000000003 621.50000000000011 1.0000000180025095e-35 161439.00000000003 21.500000000000004 1257.5000000000002 3901.0000000000005 1570.1666666650001 0.046833500000000007 5419.5000000000009 1455534.0000000002 6861.0000000000009 39.500000000000007 393.00000000000006
decision_type=2 2 2 2 2 2 2 2 2 2 2 2 2 2 2 2 2 2 2 2 2 2 2 2 2 2 2 2 2 2
left_child=2 3 29 5 7 20 23 13 16 15 -4 17 25 14 -3 -10 -9 18 -8 -18 -2 -11 -16 -7 -14 26 -12 28 -15 -1
right_child=1 4 10 -5 -6 6 11 8 9 21 12 -13 24 27 22 -17 19 -19 -20 -21 -22 -23 -24 -25 -26 -27 -28 -29 -30 -31
leaf_value=0.011214195644661732 -0.043344014242410467 0.014852211595187181 -0.050361220137611663 0.036460719603144086 0.037552868914555421 -0.0078353884571600741 -0.0075710086235695022 0.018217561177640906 0.039180027989138763 0.011005973727864422 -0.010888676509983928 0.026709332131231819 0.024718861463517469 -0.001737433234677754 -0.033623046251786734 -0.017313312911847123 -0.046519707208073378 0.026377374028043261 0.033361184901565324 0.0088899798153522971 -0.01579952814113729 0.027696048586963742 0.0035779746633702093 -0.051767398552863643 -0.023164998143225979 -0.050785010664981367 -0.048466768005095417 0.057993918077750062 -0.051154901542629694 -0.049645672417788701
leaf_weight=4.1380231538460057 29.878979685003287 277.70327039720723 29.094258358800289 48.334344111382961 110.09213518816978 319.55101123682107 105.10625729207095 354.78413539181929 142.45594495395198 141.0182828665711 76.485062492451107 52.293412513143267 20.804584901139609 110.63551693543559 23.123864701366983 6.5245778430253258 6.1409242062363765 27.018010100844549 14.236541796126401 379.72752971993759 134.04109310789136 115.85079473350197 28.6487927287817 9.3464169606013439 10.781180645015409 16.15372925448537 13.171759405529881 3.7735559958964577 11.732267567189409 412.87104871247357
leaf_count=5361 12218 2634 47693 215 289 28516 9408 2169 432 771 48234 1107 3849 1617 467 34 77 608 331 2853 35038 743 376 5813 4549 15236 11791 11 133 831477
internal_value=0 0.00976467 -0.0410337 -0.00385186 0.015648 -0.00666973 -0.0022729 0.0141428 0.0172547 0.0252042 -0.0209759 0.00900345 -0.0147534 0.00631226 0.0104697 0.0367059 0.0128986 0.0026773 -0.00268816 0.00800816 -0.0208203 0.0185334 -0.0130376 -0.00908382 0.00837465 -0.0216574 -0.0164094 -0.00454682 -0.00647544 -0.0490418
internal_weight=0 2452.02 583.5 739.806 1712.21 691.472 527.552 1602.12 1146.5 405.85 166.491 198.654 137.396 455.617 329.476 148.981 740.653 146.361 119.343 385.868 163.92 256.869 51.7727 328.897 31.5858 105.811 89.6568 126.141 122.368 417.009
internal_count=1074050 105860 968190 93254 12606 93039 45783 12317 7079 1980 131352 11454 83659 5238 3477 466 5099 10347 9739 2930 47256 1514 843 34329 8398 75261 60025 1761 1750 836838
is_linear=0
shrinkage=0.05


Tree=56
num_leaves=31
num_cat=0
split_feature=0 0 40 50 0 0 40 76 54 36 76 40 40 72 60 76 68 40 54 76 43 76 1 72 68 3 3 3 2 68
split_gain=460.059 86.4125 26.5152 24.3528 22.1849 21.8516 18.2727 15.1463 13.4685 12.7318 11.2324 9.95399 8.93408 8.71042 8.28518 7.65834 8.3481 7.59529 6.84938 6.94138 6.45384 6.69241 6.87619 6.42811 6.28008 6.07544 8.26908 6.40675 6.17922 5.71235
threshold=0.043984350660107828 0.68981449621504665 172.50000000000003 1.0000000180025095e-35 0.0088049481694041625 0.94875966535953815 4462.5000000000009 599.50000000000011 0.019906500000000004 10300.500000000002 575.50000000000011 3.5000000000000004 1.0000000180025095e-35 2.7083333333350006 51.500000000000007 564.50000000000011 122.50000000000001 44.500000000000007 0.0017535000000000003 570.50000000000011 1.0000000180025095e-35 659.50000000000011 1.0000000180025095e-35 426.12500000000006 44.500000000000007 38.500000000000007 5097.0000000000009 40642.000000000007 7386.5000000000009 38.500000000000007
decision_type=2 2 2 2 2 2 2 2 2 2 2 2 2 2 2 2 2 2 2 2 2 2 2 2 2 2 2 2 2 2
left_child=4 3 5 6 -1 7 9 15 14 10 -2 -5 18 -9 -6 24 -17 -18 19 -7 21 22 -12 25 -3 -14 -27 -28 -29 -15
right_child=1 2 -4 11 8 12 -8 13 -10 -11 20 -13 23 29 -16 16 17 -19 -20 -21 -22 -23 -24 -25 -26 26 27 28 -30 -31
leaf_value=-0.048973778140043951 -0.023101176373105634 0.0026019869119517022 0.032298399588282116 0.0036128888176743959 -0.036238145716824752 -0.0072583172285194952 0.039624661754615625 0.030145113744120738 0.012514227319454917 -0.043498564085411591 -0.011135361792338967 0.03575692958228946 0.054305660677445945 -0.0035507210231757284 0.028040404451354441 -0.00097371845828367548 0.0099764928665171115 0.055756322781612501 0.02670685032961281 0.013628456238302286 0.012978881881947672 0.029180055565151471 0.038582340646191891 -0.020966400104001897 -0.027783206624162771 0.0060956433208172464 0.038624676442453418 -0.013914443167623171 0.024582715503000122 0.013746876170617168
leaf_weight=398.35979356070129 135.87384673153429 28.175347709155176 185.31087386910804 67.07483220204449 78.500086092968559 43.153097553178668 17.122777738826699 64.559773846063763 21.152197961982893 31.853621189657133 297.11252626048372 37.577185207148432 17.619212495163083 62.492490637523588 5.355125182602932 269.83468000691209 35.083289832924493 12.214523124508558 92.355748168192804 508.5916357669048 39.057981779347756 11.321122040157205 7.1211878862231961 7.5194331142120054 42.893396508676233 51.954367804341018 88.593729839893058 11.475248953327535 113.73547947406769 202.03478347446071
leaf_count=836838 50644 937 715 5816 94577 312 765 442 8320 20295 32858 626 38 990 2800 5553 519 38 340 2088 3265 315 22 76 1735 301 276 57 397 2095
internal_value=0 0.00884028 0.0143641 -0.00691863 -0.0435845 0.0123527 -0.0112007 0.00578779 -0.0231396 -0.0128668 -0.0108775 0.0151548 0.017389 0.0136791 -0.0321332 -0.000901857 0.00242265 0.021799 0.0141044 0.0119949 -0.00619386 -0.00856698 -0.00997162 0.0246617 -0.0157369 0.0258724 0.0239874 0.028335 0.0210545 0.00966045
internal_weight=0 2481.71 1837.6 644.115 503.367 1652.29 539.463 717.288 105.007 522.34 490.487 104.652 934.998 329.087 83.8552 388.201 317.132 47.2978 644.1 551.745 354.613 315.555 304.234 290.897 71.0687 283.378 265.759 213.804 125.211 264.527
internal_count=1074050 131515 16909 114606 942535 16194 108164 12309 105697 107399 87104 6442 3885 3527 97377 8782 6110 557 2740 2400 36460 33195 32880 1145 2672 1069 1031 730 454 3085
is_linear=0
shrinkage=0.05


Tree=57
num_leaves=31
num_cat=0
split_feature=0 0 40 0 0 1 50 79 54 72 76 74 68 76 40 40 76 40 60 68 72 3 76 2 76 66 2 72 36 68
split_gain=435.348 82.7315 30.1577 24.0623 22.3133 17.1246 15.834 14.5987 12.9856 10.8726 9.9759 8.59677 11.9341 8.48987 7.80484 7.58482 7.55269 7.39768 7.36554 7.199 12.2206 7.74663 6.81698 6.68679 6.3464 6.32292 9.21988 6.25668 7.30223 6.2474
threshold=0.043984350660107828 0.60678019017954943 34.500000000000007 0.94875966535953815 0.0083575017706393109 1.0000000180025095e-35 1.0000000180025095e-35 121.50000000000001 0.019906500000000004 59.125000000000007 573.50000000000011 6.5000000000000009 16.500000000000004 575.50000000000011 1.0000000180025095e-35 1.5000000000000002 579.50000000000011 287.50000000000006 37.500000000000007 117.50000000000001 121.08333333350002 227.00000000000003 623.50000000000011 23.500000000000004 648.50000000000011 0.15069600000000002 567261.00000000012 96.100000000000009 1095.5000000000002 41.500000000000007
decision_type=2 2 2 2 2 2 2 2 2 2 2 2 2 2 2 2 2 2 2 2 2 2 2 2 2 2 2 2 2 2
left_child=4 5 3 6 -1 7 10 13 16 25 -3 12 24 17 -15 -8 -6 -2 -18 20 23 -21 -22 -5 -12 26 -4 28 -11 -10
right_child=1 2 9 19 8 -7 15 -9 29 27 11 -13 -14 14 -16 -17 18 -19 -20 21 22 -23 -24 -25 -26 -27 -28 -29 -30 -31
leaf_value=-0.048917966097417144 -0.023595094398267746 -0.012983744746960266 0.032583388612665312 -0.029427130242966837 -0.047466714969868193 0.046047376194601829 0.0093681911451143317 -0.033966163085406086 0.042559602717216816 -0.066347605901984921 -0.024641668915417889 -0.006873764576228918 0.012098585737289762 -0.0085305798439186051 0.0078823727556748963 0.031167570623835142 -0.025059487221554051 0.015981347394467105 0.037920575048433179 0.050610873453369079 -0.02350190639581249 0.020080124097931577 0.029358396478149019 0.015597183175307148 0.03462328315044387 0.052011186503877975 0.0029104900365126947 0.014102850201852719 0.032070175332704912 -0.011616427820549351
leaf_weight=379.99121672150432 103.1980736723126 119.26341229022364 199.53416314185597 8.3821361716836673 40.12072710691973 13.767914441908941 112.46081354806665 58.510670273324649 9.2926664371771057 5.6145516405813378 35.390996566158719 140.46225674331072 257.61294116140925 232.35380417502893 105.23812232353521 61.845644345739856 37.695211599182585 13.333156458422307 5.2943884768210401 22.341805228963494 32.877691031666473 296.59799321414903 7.4883741522207847 509.19210359221324 5.1781459326739414 33.27612931933254 30.13178231427446 39.373337097407784 2.8371006462257355 12.451900949374247
leaf_count=832729 35638 5505 780 40 66946 54 1666 41079 1854 41 1919 2895 3599 25928 5938 369 32754 1406 1408 59 187 1189 50 2226 72 63 194 588 30 6844
internal_value=0 0.00857872 0.0133935 0.0106395 -0.0432834 -0.0089815 0.00394842 -0.0104594 -0.0228641 0.0276531 -0.000161401 0.00332488 0.00812907 -0.00743074 -0.00341414 0.0171028 -0.0318643 -0.0190669 -0.0173032 0.0162268 0.0128015 0.0222188 -0.0136957 0.014868 -0.0170772 0.0316417 0.0286904 0.00572401 -0.0333101 0.011536
internal_weight=0 2446.26 1919.86 1609.09 484.846 526.402 732.214 512.634 104.855 310.767 557.908 438.644 298.182 454.123 337.592 174.306 83.1103 116.531 42.9896 876.88 557.94 318.94 40.3661 517.574 40.5691 262.942 229.666 47.825 8.45165 21.7446
internal_count=1074050 131515 21472 19776 942535 110043 16025 109989 109806 1696 13990 8485 5590 68910 31866 2035 101108 37044 34162 3751 2503 1248 237 2266 1991 1037 974 659 71 8698
is_linear=0
shrinkage=0.05


Tree=58
num_leaves=31
num_cat=0
split_feature=0 0 0 40 76 40 79 74 64 76 48 74 76 54 2 0 76 79 68 2 3 76 72 69 68 74 76 42 74 36
split_gain=412.675 69.2459 35.6656 34.5512 21.402 20.883 15.7408 12.4471 11.6845 11.011 9.77513 9.75184 8.63004 8.44497 7.91217 7.88642 7.69728 7.44948 8.41542 7.17626 8.13398 6.95352 7.45774 6.91413 6.03358 5.99815 7.31224 5.93996 11.7732 8.72076
threshold=0.072661120000328969 0.86620967868038068 0.0088049481694041625 122.50000000000001 599.50000000000011 11.500000000000002 177.50000000000003 7.5000000000000009 1.0000000180025095e-35 562.50000000000011 1.5000000000000002 11.500000000000002 576.50000000000011 0.0023915000000000004 1567682.0000000002 0.94875966535953815 657.50000000000011 389.50000000000006 43.500000000000007 256875.50000000003 996929.50000000012 562.50000000000011 2.3666666666650005 1.0000000180025095e-35 126.50000000000001 2.5000000000000004 562.50000000000011 3.5000000000000004 5.5000000000000009 325.50000000000006
decision_type=2 2 2 2 2 2 2 2 2 2 2 2 2 2 2 2 2 2 2 2 2 2 2 2 2 2 2 2 2 2
left_child=2 3 -1 4 6 10 7 19 12 -4 11 24 -5 16 17 -12 -6 18 -11 20 25 22 -7 -15 -3 26 -2 -17 -29 -30
right_child=1 5 9 8 13 21 -8 -9 -10 14 15 -13 -14 23 -16 27 -18 -19 -20 -21 -22 -23 -24 -25 -26 -27 -28 28 29 -31
leaf_value=-0.048758479269968888 -0.045089347296278726 0.016563250280878041 -0.049763041547904507 -0.0095142127794154915 -0.0027518171790600456 -0.069452053246784926 -0.044604929767257891 -0.027936204556668471 0.042198178599069602 0.017031930125115748 -0.0002959008261974557 -0.031922168277208902 0.024355824667763828 -0.023518646577182223 -0.0463394076938081 0.006772187239789916 0.024387673464823043 -0.047633036941889528 -0.014502216181195736 -0.014257855542595378 0.016651978553312758 0.030539874472314557 0.013236635123015567 0.025760001313661931 0.032466218707533717 0.0027183263400621916 -0.0078906747825082738 -0.0018862774934627121 -0.027615376345522431 0.029547567951717525
leaf_weight=365.98021233611507 16.655784574366407 465.86786601156928 26.246285146260561 31.253210233349819 221.59260222656303 3.1021364144980934 34.122088986896415 75.887214365822729 47.935349986073561 30.007152758276789 180.72217428684235 9.7254658238962275 47.226039412416867 8.0430003939545696 16.744145685039257 223.79630707902834 29.618058012740221 11.514793047408601 71.734156835096655 152.15026025208863 54.283810038519732 256.7445167012047 22.53771538939327 61.894176346249878 68.399742566049099 100.79054643998097 63.876240781253728 49.801767802098766 7.0397586449980727 127.76986334426329
leaf_count=836838 5911 2415 47693 4102 13817 20 24356 12759 183 10293 2460 88 652 672 15170 1128 638 15888 42308 15480 4023 871 203 1182 297 6639 7145 257 46 516
internal_value=0 0.008897 -0.0402208 -0.00158149 -0.00533719 0.0158949 -0.0118298 -0.00941768 0.0227479 -0.0202226 0.0128632 0.017696 0.0108676 0.00472607 -0.0142586 0.00840062 0.000447963 -0.00951568 -0.00520167 -0.00579345 -0.000327286 0.0280604 0.00323223 0.0200928 0.0185992 -0.00541049 -0.0155842 0.0122489 0.018888 0.0265625
internal_weight=0 2360.84 522.227 945.328 818.914 1415.51 497.766 463.644 126.415 156.247 1133.12 543.993 78.4792 321.148 130 589.13 251.211 113.256 101.741 387.757 235.606 282.384 25.6399 69.9372 534.268 181.323 80.532 408.408 184.611 134.81
internal_count=1074050 105860 968190 97559 92622 8301 76313 51957 4937 131352 7207 2800 4754 16309 83659 4407 14455 68489 52601 39198 23718 1094 223 1854 2712 19695 13056 1947 819 562
is_linear=0
shrinkage=0.05


Tree=59
num_leaves=31
num_cat=0
split_feature=0 0 66 0 0 58 76 68 68 1 40 54 74 69 50 76 76 65 60 69 74 3 69 36 76 40 3 2 42 2
split_gain=390.62 76.5213 29.7339 24.0492 21.2795 15.9706 14.7726 15.3976 18.3427 12.8755 12.3325 11.639 9.78276 9.62579 7.2131 6.7891 6.74388 6.6054 6.21319 6.10174 5.79557 5.55707 7.30073 5.41106 5.33143 8.02251 8.44489 6.05066 5.65859 6.80982
threshold=0.043984350660107828 0.60678019017954943 0.063052000000000011 0.94875966535953815 0.0088049481694041625 11.500000000000002 567.50000000000011 104.50000000000001 98.500000000000014 1.0000000180025095e-35 3.5000000000000004 0.019906500000000004 7.5000000000000009 1.0000000180025095e-35 1.0000000180025095e-35 582.50000000000011 657.50000000000011 50.000000000000007 51.500000000000007 3.5000000000000004 9.5000000000000018 393.00000000000006 1.0000000180025095e-35 11484.000000000002 573.50000000000011 1.5000000000000002 813523.00000000012 2826.5000000000005 10.500000000000002 9254.0000000000018
decision_type=2 2 2 2 2 2 2 2 2 2 2 2 2 2 2 2 2 2 2 2 2 2 2 2 2 2 2 2 2 2
left_child=4 5 3 6 21 9 17 8 13 14 24 15 -9 -8 23 -6 19 -3 -17 -15 -19 22 -1 -2 25 26 28 -26 -5 -30
right_child=1 2 -4 10 11 -7 7 12 -10 -11 -12 -13 -14 16 -16 18 -18 20 -20 -21 -22 -23 -24 -25 27 -27 -28 -29 29 -31
leaf_value=0.088930543591649605 -0.0083797214700248295 -0.039161984186452864 0.036336910639707412 0.018799350447186308 -0.045427834108437565 -0.026480573776951011 -0.012451382768224085 0.021592659134100814 -0.038022525170938903 0.044075635846514402 0.027824089082303549 0.011027446331648001 -0.0016030671301831556 0.0047606423423557122 0.0085755258004178419 -0.022656916579202623 0.034096914883972505 -0.0032474919459508423 0.044786129835417118 0.046945472246242133 -0.052343161214283222 -0.049223425913952533 -0.052578059369517129 -0.053671851844127663 0.021610354224667307 -0.058256085886747702 -0.028474772723903183 0.011527587093672881 -0.059864963592669608 0.036641574286541294
leaf_weight=1.6906782372025184 319.69216482517368 18.523104479172616 124.42098938580602 58.449949685484171 40.038161626800502 104.891402578829 70.710063155245734 218.6896650994895 27.265273455152055 13.145392512204124 193.13279904820956 20.757648650203919 57.382579875615193 307.58724858074856 68.101683260647405 33.255678822886694 22.791465308982879 89.440175942785572 3.8057152199326074 8.8177103577181679 6.4441319562611161 346.86376884156925 1.9776356082347772 6.7333158010587786 233.35104322852567 5.1996130102779707 14.707932723686097 410.62016058189329 5.206157732754944 2.8170362636446953
leaf_count=55 43492 1159 362 319 68745 58932 2582 2242 1028 54 713 8320 1053 5236 5527 27932 160 3112 700 28 547 831477 5306 2038 938 43 140 1741 53 16
internal_value=0 0.00803997 0.0127188 0.0110407 -0.0428209 -0.00908083 0.00485131 0.00752667 0.0016887 -0.00460399 0.0165879 -0.0222055 0.0167713 0.00433012 -0.00622597 -0.0311529 0.00782845 -0.0118276 -0.0157314 0.00593627 -0.00654708 -0.048576 0.0126414 -0.00931398 0.0136166 0.00195253 0.00580887 0.0151812 0.0133945 -0.0259804
internal_weight=0 2388.12 1875.56 1751.14 448.389 512.564 827.651 713.244 437.172 407.673 923.485 97.8572 276.072 409.906 394.527 77.0996 339.196 114.407 37.0614 316.405 95.8843 350.532 3.66831 326.425 730.352 86.3807 81.1811 643.971 66.4731 8.02319
internal_count=1074050 131515 21472 21110 942535 110043 17147 12329 9034 51111 3963 105697 3295 8006 51057 97377 5424 4818 28632 5264 3659 836838 5361 45530 3250 571 528 2679 388 69
is_linear=0
shrinkage=0.05


Tree=60
num_leaves=31
num_cat=0
split_feature=0 0 64 44 76 79 40 1 36 74 72 72 54 0 3 0 40 40 76 79 3 36 36 2 41 76 76 68 76 60
split_gain=370.767 84.1284 34.1496 21.4841 20.2103 15.4169 14.1252 12.8482 11.7438 11.0287 11.4339 10.254 10.2021 9.52681 10.8194 8.85256 8.21371 7.96024 7.80611 7.56541 7.17884 6.6396 6.63209 6.58069 6.48781 7.44831 6.55703 6.44458 6.41602 6.15762
threshold=0.37969951586789719 0.0088049481694041625 1.0000000180025095e-35 1.0000000180025095e-35 589.50000000000011 6.5000000000000009 23.500000000000004 1.0000000180025095e-35 1719.5000000000002 9.5000000000000018 127.70833333350002 1852.1666666650001 0.023543000000000005 0.94875966535953815 221919.50000000003 0.86620967868038068 297.50000000000006 1.5000000000000002 577.50000000000011 6.5000000000000009 393.00000000000006 2302.5000000000005 737.50000000000011 238.50000000000003 1.0000000180025095e-35 546.50000000000011 539.50000000000011 125.50000000000001 557.50000000000011 3.5000000000000004
decision_type=2 2 2 2 2 2 2 2 2 2 2 2 2 2 2 2 2 2 2 2 2 2 2 2 2 2 2 2 2 2
left_child=1 -1 4 8 7 16 13 9 12 11 -11 15 17 20 -15 18 -3 27 -2 -19 -6 28 -14 -22 25 26 -17 -4 -7 -8
right_child=2 5 3 -5 6 21 29 -9 -10 10 -12 -13 22 14 -16 24 -18 19 -20 -21 23 -23 -24 -25 -26 -27 -28 -29 -30 -31
leaf_value=-0.048474133758781457 -0.014340867691990703 -0.0096634912764144119 0.0051321724921111382 0.051899811759420406 0.050171723606488389 -0.048300081298585311 0.039997655264158313 0.052071455234811173 0.029350839981142341 -0.040083937553987738 0.011687533139952647 -0.04880998475380334 0.018266854515503441 0.023818141912726618 0.0022135338568267907 0.019290030618323975 0.029460882337761393 0.022781370991684279 0.0049594953519639697 -0.051116332227332077 -0.042121155432686998 -0.041638486201652315 0.042902809885616074 0.0028863526206383988 0.040729846157796318 0.0068381413828413123 -0.077935977901631426 0.029345035144601045 -0.01476311945535572 0.011509719461775867
leaf_weight=335.7138312716379 128.43696627856116 250.23278532317636 342.50692108232761 46.640770958736539 7.8104511798592275 16.928696689354183 57.826331673626555 11.078544571995733 154.17119503894355 35.476075140599278 15.249029606449765 10.546162410384566 75.167350040981546 161.1807805984281 90.480169720714912 2.6857300130650392 14.174710016017341 139.59776032302761 88.480725667410297 3.5515777459368101 8.360433717054546 53.257664772807402 42.914733869489282 284.28933569212677 13.639845106285064 244.74569072388113 4.894301459658891 29.879011970420834 90.50888081326957 28.227782329544425
leaf_count=836838 10281 62937 4265 110 71 27336 294 24 1015 1892 602 3440 580 624 408 38 494 774 3026 86 423 55085 215 7676 69 1865 71 229 53126 156
internal_value=0 -0.0297646 0.0111673 0.018927 0.00574167 -0.0149892 0.0118108 -0.00123414 0.0169748 -0.0023194 -0.0245203 -3.71193e-05 0.0139635 0.0088741 0.0160506 0.00102808 -0.00756606 0.0109271 -0.00646825 0.0209479 0.00286318 -0.0272032 0.0272203 0.00160058 0.00714198 0.00532633 -0.0434872 0.00707493 -0.0200475 0.0306529
internal_weight=0 760.817 2027.84 834.429 1193.41 425.103 638.175 555.233 787.789 544.155 50.7251 493.429 633.617 552.121 251.661 482.883 264.407 515.535 216.918 143.149 300.46 160.695 118.082 292.65 265.966 252.326 7.58003 372.386 107.438 86.0541
internal_count=1074050 1035816 38234 7274 30960 198978 9652 21308 7164 21284 2494 18790 6149 9202 1032 15350 63431 5354 13307 860 8170 135547 795 8099 2043 1974 109 4494 80462 450
is_linear=0
shrinkage=0.05


Tree=61
num_leaves=31
num_cat=0
split_feature=0 0 40 0 0 76 50 54 36 79 36 76 40 40 36 66 2 40 73 74 3 68 36 36 76 79 69 76 69 76
split_gain=350.375 70.6963 27.3931 23.3959 20.6648 15.4524 15.4398 11.2136 10.8997 8.99872 11.9411 8.76334 7.85149 7.62659 8.92261 7.43659 7.11512 8.0251 6.97117 6.78302 6.48632 9.04947 6.52683 6.88632 6.52576 6.38408 7.26679 6.1435 5.85189 7.19139
threshold=0.043984350660107828 0.60678019017954943 172.50000000000003 0.94875966535953815 0.0088049481694041625 597.50000000000011 1.0000000180025095e-35 0.019906500000000004 10300.500000000002 4.5000000000000009 1437.5000000000002 557.50000000000011 3.5000000000000004 13.500000000000002 1131.5000000000002 0.096819500000000017 238.50000000000003 1.5000000000000002 1.5000000000000002 6.5000000000000009 8.9884656743000007e+307 62.500000000000007 1579.5000000000002 1122.5000000000002 681.50000000000011 4.5000000000000009 1.0000000180025095e-35 579.50000000000011 2.5000000000000004 577.50000000000011
decision_type=2 2 2 2 2 2 2 2 2 2 2 2 2 2 2 2 2 2 2 2 2 2 2 2 2 2 2 2 2 2
left_child=4 6 3 5 -1 9 8 27 11 19 -11 -2 -8 -13 -15 20 -7 -18 28 -3 24 25 23 -23 -5 -22 -27 -6 29 -4
right_child=1 2 18 15 7 16 12 -9 -10 10 -12 13 -14 14 -16 -17 17 -19 -20 -21 21 22 -24 -25 -26 26 -28 -29 -30 -31
leaf_value=-0.04831740199476426 -0.035118602953459012 0.0063324388567375413 -0.02782438037165956 0.018327305844917888 -0.046326428420433066 -0.031242963533710894 0.00072817194714568036 0.010758154315784767 -0.044190417301388868 -0.0045834755647712264 -0.040069694026931585 -0.011633300060586372 0.035455690745201565 0.022306656949725945 -0.020102592930173666 0.054199395523866892 0.0068576870624826973 0.022677161917805805 0.04511439686779109 -0.010964062822337209 0.016783646204227669 -0.011906641909954717 -0.055778265812408682 0.035692637926541433 -0.015443762009897818 -0.085908346489118131 0.00075247711585976252 -0.01732431379249607 0.031801269493757847 0.02003275626872426
leaf_weight=321.60284756171313 33.893229280794912 206.34914416039828 10.018458290462148 633.15823134058155 34.245308360377749 9.6983414477435854 51.374980552718625 20.763896361895604 26.045017611788353 80.437414097890723 33.612575148465112 307.43544358503641 23.823190998300561 37.795788901043124 18.460173361239868 12.303492696955798 239.33218750305241 120.54935023860889 55.483411341439933 78.148915153986309 146.64700601994991 41.91016499325633 6.6937236357480279 9.2811900638043863 14.635455541312693 3.1164326295256606 10.809238221496342 39.117579630876207 84.299200451641809 36.263695139670745
leaf_count=836838 24459 3075 204 2841 64485 227 5486 8320 19517 2882 3704 55492 560 1568 2961 26 3787 809 123 2215 545 214 45 40 75 34 65 32892 400 161
internal_value=0 0.00753987 0.0120821 0.0100273 -0.0422866 0.00365344 -0.00914872 -0.021681 -0.0128549 -0.00317569 -0.0150419 -0.0108022 0.01173 -0.00853605 0.00839023 0.0156 0.0110179 0.0121567 0.030267 0.00158125 0.0150518 0.00760135 -0.00934789 -0.00327671 0.0175643 0.0137114 -0.0186414 -0.0308623 0.0239584 0.00967337
internal_weight=0 2331.58 1832.75 1646.68 415.73 768.128 498.828 94.1268 423.63 398.548 114.05 397.585 75.1982 363.691 56.256 878.555 369.58 359.882 186.065 284.498 866.251 218.458 57.8851 51.1914 647.794 160.573 13.9257 73.3629 130.581 46.2822
internal_count=1074050 131515 21472 20584 942535 16699 110043 105697 103997 11876 6586 84480 6046 60021 4529 3885 4823 4596 888 5290 3859 943 299 254 2916 644 99 97377 765 365
is_linear=0
shrinkage=0.05


Tree=62
num_leaves=31
num_cat=0
split_feature=0 0 64 0 44 76 79 36 40 54 40 76 68 76 48 62 36 50 40 76 79 40 58 69 68 43 2 2 76 2
split_gain=332.337 78.4612 32.0616 21.0732 19.3367 14.9714 14.1358 11.3375 10.7493 10.3795 10.0249 8.13093 7.52437 8.14541 7.42351 7.40207 7.29342 7.16628 7.60044 6.64878 6.38652 6.34709 7.38599 6.65246 8.73739 6.27728 6.20481 6.2323 5.38605 5.36634
threshold=0.37969951586789719 0.0088049481694041625 1.0000000180025095e-35 0.86620967868038068 1.0000000180025095e-35 577.50000000000011 6.5000000000000009 1719.5000000000002 1.0000000180025095e-35 0.023543000000000005 135.50000000000003 588.50000000000011 114.50000000000001 559.50000000000011 91.500000000000014 1.5000000000000002 18470.500000000004 1.0000000180025095e-35 102.50000000000001 669.50000000000011 236.50000000000003 1.5000000000000002 5.5000000000000009 1.5000000000000002 125.50000000000001 1.0000000180025095e-35 1741219.0000000002 1159668.5000000002 605.50000000000011 746738.00000000012
decision_type=2 2 2 2 2 2 2 2 2 2 2 2 2 2 2 2 2 2 2 2 2 2 2 2 2 2 2 2 2 2
left_child=1 28 3 5 7 -2 17 9 12 21 16 15 14 -14 -5 -10 25 -3 -19 20 -8 23 -23 24 -4 26 27 29 -1 -7
right_child=2 6 4 8 -6 10 19 -9 11 -11 -12 -13 13 -15 -16 -17 -18 18 -20 -21 -22 22 -24 -25 -26 -27 -28 -29 -30 -31
leaf_value=-0.050270700129074468 -0.0165952783019735 -0.011713563321043419 0.0054464885461962065 0.0021922179509721164 0.050067575086330189 0.0015573450324403789 -0.022205071145354905 0.028567399334907068 -0.0036190141608165439 0.026800463678880157 0.027604702942311252 0.026169623145620977 -0.042800701563385946 0.016955439606197453 -0.046054204205979596 0.020444123301060223 -0.058796815278355397 0.001839266466671654 0.059934017576165316 0.036784370710610102 -0.045391801453855275 0.021389978353096705 -0.041422343561830437 -0.041509473967018477 0.035069822043316629 0.025942003927538759 -0.019324230993265815 0.036680229206423824 -0.027289610325159731 -0.040049738214400221
leaf_weight=280.07631174351809 141.74026838255668 208.98928334647644 330.70091301377397 266.84111893875524 44.847687912173569 194.46258605073672 109.20597197208008 151.37248216400621 60.735069292131811 115.93899326934479 36.45945565783768 150.85613074922003 5.9348673415370277 145.84249070542865 8.2185173011384887 67.451535167871043 5.2212473871186367 42.6891383733564 6.4852418668815508 4.0027688061236395 40.790571444988018 135.98670458857669 4.846955496352165 7.0092967050150028 26.917739112017443 22.87558249355061 40.597319735359633 12.211448276793815 28.049211714285775 8.0713283199293056
leaf_count=754760 14330 55683 4203 2217 110 6425 77505 1015 501 795 258 716 59 782 177 527 2186 7668 80 177 57865 766 94 80 211 561 1644 287 82078 290
internal_value=0 -0.0290927 0.010556 0.00523845 0.0181492 -0.00306803 -0.0148244 0.0162968 0.0106708 0.0133077 0.0029256 0.018302 0.00568199 0.0146188 0.000750661 0.00904296 -0.000248931 -0.00767268 0.00950095 -0.0268134 -0.0285105 0.0102128 0.0192282 0.00673072 0.00767622 0.000849822 -0.00139813 0.00199077 -0.0481787 -0.00010077
internal_weight=0 720.288 1985.14 1167.52 817.621 461.639 412.163 772.773 705.88 621.401 319.899 279.043 426.837 151.777 275.06 128.187 283.44 258.164 49.1744 153.999 149.997 505.462 140.834 364.628 357.619 278.218 255.343 214.745 308.126 202.534
internal_count=1074050 1035816 38234 30960 7274 25981 198978 7164 4979 6149 11651 1744 3235 841 2394 1028 11393 63431 7748 135547 135370 5354 860 4494 4414 9207 8646 7002 836838 6715
is_linear=0
shrinkage=0.05


Tree=63
num_leaves=31
num_cat=0
split_feature=0 0 40 0 0 54 54 76 76 76 40 3 76 76 60 55 3 68 2 79 36 3 3 72 68 2 2 79 42 44
split_gain=314.469 65.3673 25.7296 19.3279 19.2183 13.948 10.0674 9.54946 9.12076 9.06375 8.82165 8.23951 8.13061 7.51753 8.46429 6.81385 7.9609 7.1915 7.07328 6.74068 7.90391 6.97149 12.3947 7.41967 6.823 6.57181 6.34259 6.20184 11.363 6.19693
threshold=0.043984350660107828 0.60678019017954943 29.500000000000004 0.86620967868038068 0.0088049481694041625 0.0023915000000000004 0.019906500000000004 575.50000000000011 601.50000000000011 570.50000000000011 102.50000000000001 994244.00000000012 558.50000000000011 605.50000000000011 3.5000000000000004 1.0000000180025095e-35 227.00000000000003 115.50000000000001 370.00000000000006 16.500000000000004 1234.5000000000002 3197.5000000000005 34851.000000000007 416.16666666650002 6.5000000000000009 156.50000000000003 219020.50000000003 4.5000000000000009 1.5000000000000002 1.0000000180025095e-35
decision_type=2 2 2 2 2 2 2 2 2 2 2 2 2 2 2 2 2 2 2 2 2 2 2 2 2 2 2 2 2 2
left_child=4 5 3 8 13 7 -6 -2 25 26 -7 -11 -5 -1 -15 16 17 18 -14 20 -18 -22 23 -23 -21 -3 -4 -16 -29 -13
right_child=1 2 9 12 6 10 -8 -9 -10 11 -12 29 15 14 27 -17 19 -19 -20 24 21 22 -24 -25 -26 -27 -28 28 -30 -31
leaf_value=-0.050370116952866785 -0.02691688711037335 -0.053199371657982664 0.014523685771544344 -0.0086143525151256943 -0.030485860083495794 -0.00090936107296909455 0.0094885320245487043 -0.0089619705564164941 0.008343142633267242 0.035838731643505504 0.033652682059407045 0.010260504892110021 -0.015041010175386324 -0.039154649829547639 0.060805195840113881 0.027030303098174099 0.0081588165518231559 0.051094572706476396 0.038166861042414089 -0.054954085353409211 -0.0003603714419914427 0.035272986105216224 0.011742730920665389 -0.021829250921657401 -6.643983206950472e-05 -0.0064411440332658694 -0.030339422095941843 1.014058767947883 -0.047169831177352094 0.050253133206506699
leaf_weight=269.21122792876304 102.35541350241692 7.8100469214841715 47.901779573134263 46.193851218791679 69.981354191510036 93.916343977340148 20.324886893875373 267.83257213157776 139.40044600205147 158.98328093381133 22.980052050537779 67.099459004239179 11.977320569567384 20.337117432332892 4.3953798472502958 78.135159988421947 596.04874499246944 23.80129879550077 13.053355832584201 6.6852397879119954 46.107441051397473 118.46654818626121 169.1938765712548 5.9757285229861727 36.990125373238698 198.68603673520556 9.4289671519363747 0.025474677720922378 2.5646329433220671 11.320459797978399
leaf_count=754760 56614 763 615 586 97377 9467 8320 43616 2697 630 346 312 61 67194 5876 357 3885 71 50 184 328 477 1000 33 537 8642 212 13 8995 32
internal_value=0 0.00707129 0.0114832 0.00882712 -0.0416838 -0.00917184 -0.021489 -0.0139264 -0.00153866 0.0249878 0.00588501 0.0292967 0.0119378 -0.0478339 -0.0228445 0.0127959 0.0117143 0.0314174 0.0127066 0.010732 0.0116281 0.0177146 0.0205527 0.0325309 -0.00846791 -0.00820962 0.00714522 0.0246399 -0.0367323 0.0160337
internal_weight=0 2280.34 1793.26 1498.53 386.84 487.084 90.3062 370.188 345.897 294.734 116.896 237.403 1152.63 296.534 27.3226 1106.43 1028.3 48.832 25.0307 979.468 935.792 339.744 293.636 124.442 43.6754 206.496 57.3307 6.98549 2.59011 78.4199
internal_count=1074050 131515 21472 19671 942535 110043 105697 100230 12102 1801 9813 974 7569 836838 82078 6983 6626 182 111 6444 5723 1838 1510 510 721 9405 827 14884 9008 344
is_linear=0
shrinkage=0.05


Tree=64
num_leaves=31
num_cat=0
split_feature=0 0 73 0 40 42 76 76 54 58 40 42 72 69 2 54 42 46 54 0 42 68 62 62 65 38 40 76 60 60
split_gain=297.937 62.5202 26.866 20.1853 18.1725 16.5319 12.0742 11.3429 10.6776 10.5239 9.49784 8.85389 8.41371 8.15642 8.11107 9.15993 8.87984 8.97525 7.64098 7.28795 7.41869 8.88825 7.12821 7.27115 7.10513 7.01571 6.12923 5.97599 7.33978 5.96719
threshold=0.043984350660107828 0.7740980979447657 1.5000000000000002 0.0083575017706393109 29.500000000000004 1.0000000180025095e-35 587.50000000000011 634.50000000000011 0.019906500000000004 1.5000000000000002 1758.5000000000002 25.500000000000004 593.12500000000011 1.5000000000000002 2826.5000000000005 0.03244650000000001 3.5000000000000004 1.0000000180025095e-35 0.029091500000000003 0.94875966535953815 2.5000000000000004 27.500000000000004 1.5000000000000002 20.500000000000004 50.000000000000007 1.0000000180025095e-35 383.50000000000006 611.50000000000011 4.5000000000000009 51.500000000000007
decision_type=2 2 2 2 2 2 2 2 2 2 2 2 2 2 2 2 2 2 2 2 2 2 2 2 2 2 2 2 2 2
left_child=3 2 5 27 6 7 9 10 29 -3 12 13 -2 18 -8 16 -16 -18 -7 20 26 -22 -11 -24 -15 -17 -6 -1 -29 -5
right_child=1 4 -4 8 19 11 14 -9 -10 22 -12 -13 -14 24 15 25 17 -19 -20 -21 21 -23 23 -25 -26 -27 -28 28 -30 -31
leaf_value=-0.050021264057475701 -0.017272823717716289 0.011500210643066703 0.033309741913881967 -0.034368844961200844 0.012441512739408203 -0.0067377562954153113 0.020782205992506714 0.012344129313340379 0.010085306341216606 -0.01522802393120219 0.030078758593032853 -0.024368745920142418 -0.041690430351973368 -0.03911461584518662 0.0033289930819494656 0.02910688432083601 0.0075126318659986344 0.029258857508750881 0.019381879635349739 0.03482809162568367 -0.058297245163686041 0.009630515006268563 0.0053253229984300994 -0.066186057981728913 0.018384118471696333 -0.033586804350682474 0.041133941542594026 -0.038838932006484639 0.032928108363203618 0.024166027965778686
leaf_weight=262.44355845454447 236.16390021413827 194.19612178800162 42.086251535423798 64.625030267858165 36.148591214383487 190.41414840863945 264.54664416483138 31.543172313904506 21.255254869261989 90.575908306986094 9.4397071909879724 34.634420250065887 41.475191904370149 5.7299195473606224 357.22722247632919 80.454835940152407 113.63246303074993 81.463996142148972 32.826903861467144 108.22983670281246 5.3784739477559915 46.026059649186209 120.55391270839027 3.6626120817963956 86.189617742882547 4.7243887465447179 38.368669134913944 14.39039688760022 4.7348686574441663 4.6684402134596885
leaf_count=774308 50961 1697 227 98193 299 20511 1559 2052 8698 1491 1203 6553 31910 672 2874 395 794 492 1524 345 38 244 1828 350 3296 36 164 48883 9538 2915
internal_value=0 0.0068381 -0.00543764 -0.041451 0.0124827 -0.00787734 0.0101911 -0.0161164 -0.0209159 0.00306507 -0.0192435 -0.000372555 -0.0209205 0.00226449 0.0134221 0.0103679 0.00801419 0.0165929 -0.00289694 0.0253133 0.0171353 0.00252321 -0.00456123 0.00321676 0.0147999 0.0256296 0.0272151 -0.0480549 -0.0210715 -0.0304252
internal_weight=0 2255.69 710.503 372.118 1545.19 668.417 1311.04 318.622 90.5487 408.989 287.079 349.795 277.639 315.161 902.05 637.503 552.324 195.096 223.241 234.152 125.922 51.4045 214.792 124.217 91.9195 85.1792 74.5173 281.569 19.1253 69.2935
internal_count=1074050 131515 118909 942535 12606 118682 11516 86126 109806 5366 84074 32556 82871 26003 6150 4591 4160 1286 22035 1090 745 282 3669 2178 3968 431 463 832729 58421 101108
is_linear=0
shrinkage=0.05


Tree=65
num_leaves=31
num_cat=0
split_feature=0 0 50 0 40 69 76 76 79 66 54 79 40 2 60 54 69 68 76 48 76 72 62 36 2 36 76 36 40 3
split_gain=282.082 60.5712 25.2465 19.8758 18.8593 14.6684 12.8306 12.7675 11.1097 10.3611 9.53637 8.38769 8.38334 7.91876 7.35803 7.18053 6.96287 10.2906 6.71316 7.04174 6.56018 6.53442 6.96621 6.49191 7.89551 5.76881 5.69147 5.62501 5.58098 5.47595
threshold=0.043984350660107828 0.7740980979447657 1.0000000180025095e-35 0.0088049481694041625 50.500000000000007 3.5000000000000004 587.50000000000011 621.50000000000011 151.50000000000003 0.019188000000000004 0.019906500000000004 6.5000000000000009 1.0000000180025095e-35 2826.5000000000005 2.5000000000000004 0.059273000000000013 1.0000000180025095e-35 119.50000000000001 562.50000000000011 2.5000000000000004 573.50000000000011 3.5500000000000003 3.5000000000000004 1944.5000000000002 4151.5000000000009 563.50000000000011 579.50000000000011 2124.5000000000005 6861.0000000000009 393.00000000000006
decision_type=2 2 2 2 2 2 2 2 2 2 2 2 2 2 2 2 2 2 2 2 2 2 2 2 2 2 2 2 2 2
left_child=3 2 5 29 6 7 11 8 16 -4 26 -3 -9 21 -15 23 17 -2 -6 -20 -18 -8 -23 -16 -25 -24 -5 -12 -21 -1
right_child=1 4 9 10 18 -7 13 12 -10 -11 27 -13 -14 14 15 -17 20 -19 19 28 -22 22 25 24 -26 -27 -28 -29 -30 -31
leaf_value=0.019475709271335601 -0.034360481313627809 0.0056440947192933398 0.0077365413706245827 -0.04550923516850558 -4.2936562265299516e-05 0.038321307689465615 0.0316330670939639 -0.0043468278958970728 -0.038043287197627867 0.044157254749419672 -0.0068612642185928137 -0.014739219149014191 0.029761925781301258 0.0053902690751551526 0.010719659068622163 0.049816909150690668 -0.019855116233591957 0.01081072210429871 0.035280842898556743 0.0027323430684742405 -0.0047398185689811814 0.017754044332205295 0.049051324413106369 -0.039578682043515646 0.035815653634081471 -0.037622185756130994 -0.016124670580967851 0.051470195551721644 0.046339111675638082 -0.048687079024228898
leaf_weight=2.9793331900691546 63.359025911682693 360.60969380673487 101.88728014534718 30.757579217801322 21.289107641787268 15.29711212283655 89.091523863840848 53.799365874932846 45.022426349636589 24.157573981297901 15.226719511258127 58.683033826760948 27.083504866459407 345.96325187163893 229.06051492807455 15.017026457004247 99.695870422052394 15.740677402762229 135.29822200071067 34.036771886050701 256.38817359180393 167.85829663655022 2.3734269542619577 3.7440528087317935 47.87797329807654 10.044284751405938 35.496692404134592 5.6726256078327415 9.3538337573409063 267.29193372698683
leaf_count=5361 14833 3594 6767 64485 207 581 368 4610 38518 120 7632 1899 742 2815 1511 64 29818 1484 443 204 21436 1099 11 22 229 108 32892 688 32 831477
internal_value=0 0.0066019 -0.00555356 -0.0412402 0.0121814 -0.00998633 0.0100294 -0.0113033 -0.0143988 0.0147169 -0.0204768 0.0027913 0.00707444 0.0133606 0.0103403 0.0161317 -0.0119526 -0.0253715 0.0264978 0.0296598 -0.00897178 0.0205553 0.0150807 0.0143295 0.0303474 -0.0210561 -0.029766 0.00897141 0.0121328 -0.0479357
internal_weight=0 2232.73 702.431 357.425 1530.3 576.386 1330.32 561.089 480.206 126.045 87.1536 419.293 80.8829 911.03 641.663 295.7 435.184 79.0997 199.978 178.689 356.084 269.368 180.276 280.683 51.622 12.4177 66.2543 20.8993 43.3906 270.271
internal_count=1074050 131515 118909 942535 12606 112022 11720 111441 106089 6887 105697 5493 5352 6227 4641 1826 67571 16317 886 679 51254 1586 1218 1762 251 119 97377 8320 236 836838
is_linear=0
shrinkage=0.05


Tree=66
num_leaves=31
num_cat=0
split_feature=0 0 64 44 0 50 69 76 40 76 40 72 2 76 60 79 79 45 40 65 76 54 3 76 3 72 3 36 48 58
split_gain=267.292 73.0138 26.6451 18.1589 16.6821 14.1196 12.6522 10.973 10.9256 10.1173 9.3359 8.59229 7.80717 7.15066 7.08159 7.00946 6.61708 6.67658 6.28295 6.20319 9.70386 8.27577 5.78767 5.74322 6.07876 7.34473 6.09599 5.77183 5.72279 5.71178
threshold=0.012339227772512141 0.48090646582193369 1.0000000180025095e-35 1.0000000180025095e-35 0.94875966535953815 1.0000000180025095e-35 1.5000000000000002 574.50000000000011 1.0000000180025095e-35 557.50000000000011 98.500000000000014 1921.5000000000002 21207.500000000004 605.50000000000011 2.5000000000000004 162.50000000000003 419.50000000000006 51.500000000000007 3860.0000000000005 50.000000000000007 646.50000000000011 0.031135500000000003 393.00000000000006 589.50000000000011 221919.50000000003 83.366666666650019 266435.00000000006 311.50000000000006 2.5000000000000004 6.5000000000000009
decision_type=2 2 2 2 2 2 2 2 2 2 2 2 2 2 2 2 2 2 2 2 2 2 2 2 2 2 2 2 2 2
left_child=13 5 4 8 6 9 7 -3 12 -2 -7 -11 -4 -1 -15 22 17 -8 23 20 -14 -21 -9 -6 25 -25 -26 28 -28 -10
right_child=1 2 3 -5 18 10 16 15 29 11 -12 -13 19 14 -16 -17 -18 -19 -20 21 -22 -23 -24 24 26 -27 27 -29 -30 -31
leaf_value=-0.049355068956145068 -0.041436695452732319 -0.020319995614532516 0.016921414499015932 0.049979961430571609 0.0042906614097933471 0.0011740651871439756 0.01153734973812489 0.051564298224919702 0.023666895550538167 -0.011739940124303577 0.055112480626205676 -0.046714581687939648 -0.0048736260650901995 -0.038634484677214226 0.017775206880241031 -0.032259824544888259 -0.053678242040918436 -0.08284225108158709 0.051489687320403377 0.002455311268986269 -0.083706370227722843 0.031830598540524543 -0.00016710583115439443 0.027839073685330392 -0.052785196715636078 0.001936136296292991 0.0061301332952674306 0.014821612249949262 -0.055307692146954225 -0.036449845465835844
leaf_weight=246.76203119374168 36.182570022692744 94.581458046523039 223.06004467263119 39.774579514749348 164.36296771746129 54.609947023258428 212.52387665267452 5.5052566835656753 285.68025798152667 323.9562855138156 9.4037465623623557 18.567191469666795 21.613832782080866 19.157039345105662 7.840887270644088 16.959623233778984 4.0664688225078853 1.8905307687818993 10.095135122537611 164.17146873584716 4.7640888807363799 28.076880012638867 302.12326854128332 125.43738286569715 4.1932030469179145 35.002928666071966 9.4457119293510896 73.153104696539231 6.3306550644338122 4.006533373380079
leaf_count=777736 47834 7133 1891 107 958 9360 3391 47 1568 102511 145 21839 504 67459 17291 2521 1280 6 26 1976 58 216 6979 467 13 191 51 341 32 119
internal_value=0 0.00560627 0.00999946 0.0170787 0.00487671 -0.0126208 -0.000248656 -0.00533345 0.0152894 -0.016292 0.00909773 -0.0136358 0.0103403 -0.0466822 -0.0222517 -0.000966537 0.00950685 0.0107052 0.0125123 0.0036257 -0.0191115 0.00674542 0.000758669 0.0115708 0.0162899 0.0221879 0.00612823 0.00890612 -0.0185233 0.0228354
internal_weight=0 2279.54 1836.82 771.148 1065.67 442.72 637.65 419.17 731.373 378.706 64.0137 342.523 441.686 273.76 26.9979 324.588 218.481 214.414 428.021 218.626 26.3779 192.248 307.629 417.926 253.563 160.44 93.1227 88.9295 15.7764 289.687
internal_count=1074050 211564 29875 6439 23436 181689 21357 16680 6332 172184 9505 124350 4645 862486 84750 9547 4677 3397 2079 2754 562 2192 7026 2053 1095 658 437 424 83 1687
is_linear=0
shrinkage=0.05


Tree=67
num_leaves=31
num_cat=0
split_feature=0 0 54 76 40 0 50 79 40 76 3 76 36 40 68 68 76 60 40 40 48 40 36 58 69 41 72 72 43 36
split_gain=254.237 69.681 26.7666 22.4926 16.1318 15.6054 12.693 11.722 10.6691 9.7036 9.11958 8.78802 8.2343 7.80217 6.79102 8.12585 6.78771 6.59459 6.30208 6.23507 6.53703 6.2296 6.15584 5.57833 6.39386 5.53857 5.48696 5.42164 5.26318 5.79322
threshold=0.012339227772512141 0.48090646582193369 0.0017535000000000003 573.50000000000011 1.0000000180025095e-35 0.94875966535953815 1.0000000180025095e-35 2.5000000000000004 172.50000000000003 557.50000000000011 373181.00000000006 699.50000000000011 15506.500000000002 98.500000000000014 100.50000000000001 98.500000000000014 605.50000000000011 2.5000000000000004 688.50000000000011 1707.0000000000002 2.5000000000000004 995.50000000000011 3037.5000000000005 1.5000000000000002 1.0000000180025095e-35 1.0000000180025095e-35 1852.1666666650001 11.708333333350001 1.0000000180025095e-35 1914.5000000000002
decision_type=2 2 2 2 2 2 2 2 2 2 2 2 2 2 2 2 2 2 2 2 2 2 2 2 2 2 2 2 2 2
left_child=16 6 3 26 5 10 9 22 23 25 14 -12 18 -8 15 -5 -1 -18 28 20 27 -22 -6 -4 -25 -2 -3 -9 -11 -30
right_child=1 2 8 4 7 -7 13 19 -10 12 11 -13 -14 -15 -16 -17 17 -19 -20 -21 21 -23 -24 24 -26 -27 -28 -29 29 -31
leaf_value=-0.049236693253063443 -0.044802561786879684 -0.0066021095327225476 0.022414356815718572 -0.00045637249686740554 0.020286698608684296 0.011186674949670045 0.0011238159093701296 -0.0062368271194047538 0.036726905455902535 -0.015313577982247088 -0.013521363498695718 0.059926932278362072 -0.044560855265833005 0.051695058473676531 0.01578691744197798 -0.061655040024199692 -0.038634470889636452 0.016288436121744933 0.025936220424663092 0.038089045926667932 0.0078374952645113519 -0.084499459281111133 0.040909253739988362 -0.019209881655847152 0.013330303261763113 0.065736763048375432 -0.064688333430434702 -0.076298337673708472 -0.0098074276207924527 0.030229629226789484
leaf_weight=236.29005489617703 33.782861820005564 229.05259865586413 182.92625048413174 80.948885368619813 219.52587354253046 439.35648606542964 54.069243865224053 7.4407132365740818 87.403158399509266 267.47985511386469 158.45155989618797 4.1799940578639498 19.976557752768713 8.8794086417692579 77.807824276824249 5.8136114048102163 18.561838573157733 7.7461930583340282 10.876743943177642 14.206568757770581 130.92243122441869 1.8524699353147287 43.328283974900842 17.678242182708345 103.35075617284747 1.1725247027425201 4.1390733656662624 4.3906975029967725 25.847225519795757 13.890859453924348
leaf_count=777736 47679 8705 1344 2575 1274 2018 9360 77 315 92783 5431 15 20004 145 1403 445 67459 17291 981 68 2702 16 173 395 1367 155 1506 46 8208 2374
internal_value=0 0.0054364 0.00975273 0.00656471 0.00935107 0.00503017 -0.0125108 0.0172061 0.0213317 -0.0160155 -0.0032366 -0.0116336 -0.0134224 0.00825729 0.00506145 -0.00455705 -0.0465544 -0.0224629 -0.0114669 0.00648106 0.0033758 0.00654921 0.0236861 0.0169047 0.00857728 -0.0410947 -0.00763312 -0.032237 -0.0127911 0.00418794
internal_weight=0 2248.75 1812.78 1421.42 1188.23 766.558 435.975 421.667 391.358 373.027 327.202 162.632 338.071 62.9487 164.57 86.7625 262.598 26.308 318.095 158.813 144.606 132.775 262.854 303.955 121.029 34.9554 233.192 11.8314 307.218 39.7381
internal_count=1074050 211564 29875 26454 16243 11887 181689 4356 3421 172184 9869 5446 124350 9505 4423 3020 862486 84750 104346 2909 2841 2718 1447 3106 1762 47834 10211 123 103365 10582
is_linear=0
shrinkage=0.05


Tree=68
num_leaves=31
num_cat=0
split_feature=0 0 64 0 44 76 76 40 40 40 66 76 2 40 68 36 76 68 74 43 41 76 68 60 57 54 62 72 42 3
split_gain=241.847 67.8889 25.5276 16.3345 15.6814 12.1768 10.1239 10.0533 9.8097 8.83486 8.78458 8.16846 7.13325 6.76986 6.68401 6.61176 6.47689 6.43682 7.3487 6.19377 6.00535 6.86168 5.9872 5.95545 5.79259 5.60381 6.91342 5.54756 5.33053 6.7268
threshold=0.012339227772512141 0.48090646582193369 1.0000000180025095e-35 0.86620967868038068 1.0000000180025095e-35 575.50000000000011 577.50000000000011 1.0000000180025095e-35 1.0000000180025095e-35 92.500000000000014 0.092661500000000022 561.50000000000011 21207.500000000004 821.00000000000011 33.500000000000007 11484.000000000002 605.50000000000011 19.500000000000004 7.5000000000000009 1.0000000180025095e-35 1.0000000180025095e-35 559.50000000000011 113.50000000000001 2.5000000000000004 6.5000000000000009 0.0017535000000000003 3.5000000000000004 3.7083333333350006 3.5000000000000004 20577.500000000004
decision_type=2 2 2 2 2 2 2 2 2 2 2 2 2 2 2 2 2 2 2 2 2 2 2 2 2 2 2 2 2 2
left_child=16 5 3 6 7 13 -3 12 20 17 15 14 -4 -2 -10 19 -1 -8 -19 -7 21 -5 28 -18 -9 26 -14 -16 -23 -30
right_child=1 2 4 8 -6 10 9 24 11 -11 -12 -13 25 -15 27 -17 23 18 -20 -21 -22 22 -24 -25 -26 -27 -28 -29 29 -31
leaf_value=-0.049102144131434079 -0.029130156258460594 -0.016025948233735855 0.016413513238174221 -0.024857493072178539 0.047916875296007827 -0.0099938735406254614 -0.023534274155844141 0.023400463445286623 0.043277100096393406 0.025302240010230428 0.040980555941384701 0.019905150407370432 -0.0059464413850361941 0.020115446148597626 -0.074031182165957318 -0.042250164853086525 -0.038338852461127289 0.0060426260162359715 -0.018650165976390846 0.011915565817514172 0.027865512028003678 -0.0065424724715558219 0.012908705719445477 0.014292246097748996 -0.022084829932778556 0.020328513862665144 0.018005811780902943 -0.0086997644552579793 -0.013294584096278445 0.018142672653432248
leaf_weight=226.49427041735362 112.80130674150496 117.07428704565973 219.04856826667674 21.276741412002593 37.91978498455137 249.00047103546785 29.877319819686818 275.28813507326413 5.2103447581175741 34.347261706949212 9.1310656907880894 231.82315005594864 131.07852725731209 7.4391117902850956 3.8690350651741054 14.081366555972634 17.950717956693556 159.40037537254102 37.153759487206116 37.058519396410702 25.348667343030684 140.2721577717457 130.17337557161227 7.6721164890604987 7.1821719545405349 40.132994491606951 39.115996057516895 20.287917580688372 23.618109486065805 60.873308836016804
leaf_count=777736 100069 9967 1891 308 107 58835 2790 1525 52 224 54 1359 2097 2982 43 13066 67459 3978 1498 6683 169 1368 750 17291 162 433 224 290 175 465
internal_value=0 0.00527051 0.00955323 0.00448539 0.0165869 -0.0125816 -0.00381109 0.014918 0.00921544 0.00167266 -0.00733223 0.016758 0.0100985 -0.0260834 -0.00808521 -0.00880204 -0.0464067 -0.0019117 0.00137506 -0.00715554 0.00430947 0.0027223 0.00437558 -0.0225798 0.0222439 0.00352169 -0.000441468 -0.0191634 -0.00056644 0.00935493
internal_weight=0 2219.88 1790.37 1040.61 749.766 429.512 377.853 711.846 662.753 260.779 309.271 261.19 429.376 120.24 29.3673 300.14 252.117 226.431 196.554 286.059 401.562 376.214 354.937 25.6228 282.47 210.328 170.195 24.157 224.764 84.4914
internal_count=1074050 211564 29875 23436 6439 181689 18457 6332 4979 8490 78638 1744 4645 103051 385 78584 862486 8266 5476 65518 3235 3066 2758 84750 1687 2754 2321 333 2008 640
is_linear=0
shrinkage=0.05


Tree=69
num_leaves=31
num_cat=0
split_feature=0 0 66 0 76 40 50 76 40 72 72 54 40 72 2 79 42 0 2 2 48 79 2 36 74 74 40 41 76 72
split_gain=229.444 64.2138 24.8498 25.8252 13.8932 14.3191 12.4146 8.81473 8.07906 7.52259 7.44515 7.40745 6.70732 6.39189 6.25521 6.24323 11.9359 7.22052 6.02384 6.36467 5.7212 5.53161 5.48465 6.42711 5.35145 6.00515 5.42514 5.15567 4.99258 7.91631
threshold=0.012339227772512141 0.48090646582193369 0.062324500000000012 0.94875966535953815 573.50000000000011 1.5000000000000002 1.0000000180025095e-35 557.50000000000011 3.5000000000000004 1921.5000000000002 3.5500000000000003 0.021795500000000006 98.500000000000014 332.12500000000006 166361.50000000003 2.5000000000000004 26.500000000000004 0.0044021329524748061 440045.50000000006 370.00000000000006 1.5000000000000002 3.5000000000000004 1509230.5000000002 451.50000000000006 11.500000000000002 1.0000000180025095e-35 6243.0000000000009 1.0000000180025095e-35 573.50000000000011 36.583333333350005
decision_type=2 2 2 2 2 2 2 2 2 2 2 2 2 2 2 2 2 2 2 2 2 2 2 2 2 2 2 2 2 2
left_child=15 6 3 4 -3 11 7 27 28 -9 20 -6 -8 24 -4 16 17 -1 19 -12 -7 -13 -20 -24 25 26 -10 -2 29 -5
right_child=1 2 14 8 5 10 12 9 13 -11 18 21 -14 -15 -16 -17 -18 -19 22 -21 -22 -23 23 -25 -26 -27 -28 -29 -30 -31
leaf_value=-0.05010049187748427 -0.044232183326628809 -0.011165762351540945 0.044165642083595247 -0.010053285533420164 -0.0034972368846933667 0.033998815792556779 0.0017724555078260447 -0.011693911027394407 0.0097211258359390096 -0.04580637117462466 -0.031320454968452822 0.021463178750773408 0.049701532668907172 -0.02313082590740119 0.020110416952875625 -0.049479265152774912 0.055522498961922663 0.0096769654952961505 -0.033124235697290956 0.016135425443854389 0.0051369867410428066 -0.018759875122226474 0.028619849224951217 -0.028530205923443464 -0.02548108310270264 0.035052832820559189 0.060847629000027249 0.065545729836064159 0.013133783052582025 0.026480450095556021
leaf_weight=23.243281396636124 31.932150740929501 170.13012416593119 55.669658270198852 56.432788795791566 361.16900292117498 63.46535417274572 52.872735195765927 311.73932811040322 52.495718223974109 17.045164943041527 7.524769541778368 53.342498285113834 8.4686223121680069 6.9437508410774162 52.521255523432046 207.96939983804168 3.9388769057186428 6.4544542805178926 14.987310867145423 115.73068157673697 23.538683201884851 10.178551821853032 12.748848084826024 8.0106603503809293 4.9194950149394563 97.807111937552691 5.7578071802854529 1.1065988198097318 578.68295064975973 20.112215182278305
leaf_count=113217 47679 10502 152 448 11010 344 9360 102511 237 21839 319 637 145 62 259 730602 4871 13796 138 1719 181 325 108 219 46 354 14 155 2678 123
internal_value=0 0.00508967 0.00926831 0.00775858 0.0015954 0.00483242 -0.0124101 -0.0159363 0.0140541 -0.0134624 0.0144315 -0.000727925 0.00838941 0.0238389 0.032488 -0.0462469 -0.0262614 -0.0371086 0.00799715 0.0132382 0.0261903 0.0150179 -0.0100742 0.00656684 0.0258649 0.0274834 0.0147745 -0.0405553 0.0115464 -0.000454039
internal_weight=0 2195.33 1772.17 1663.98 840.826 670.696 423.165 361.823 823.152 328.784 246.006 424.69 61.3414 167.924 108.191 241.606 33.6366 29.6977 159.002 123.255 87.004 63.5211 35.7468 20.7595 160.98 156.061 58.2535 33.0387 655.228 76.545
internal_count=1074050 211564 29875 29464 25502 15000 181689 172184 3962 124350 3028 11972 9505 713 411 862486 131884 127013 2503 2038 525 962 465 327 651 605 251 47834 3249 571
is_linear=0
shrinkage=0.05


Tree=70
num_leaves=31
num_cat=0
split_feature=0 0 64 40 76 40 36 43 69 76 0 55 3 2 76 48 2 36 36 54 2 76 72 76 79 45 62 42 55 64
split_gain=218.115 60.7758 27.6664 21.5462 18.9795 14.1394 10.0156 8.66093 8.63537 8.44932 8.00284 7.80113 7.66144 7.63857 6.45368 6.20118 8.33826 6.03079 5.98407 6.41166 5.95555 5.87955 5.84674 5.74998 6.05757 5.70206 5.61337 5.45944 5.43081 6.9123
threshold=0.012339227772512141 0.86620967868038068 1.0000000180025095e-35 1.0000000180025095e-35 575.50000000000011 11.500000000000002 12402.500000000002 1.0000000180025095e-35 1.5000000000000002 562.50000000000011 0.94875966535953815 1.0000000180025095e-35 2102.5000000000005 123701.00000000001 599.50000000000011 2.5000000000000004 728670.50000000012 1113.5000000000002 2124.5000000000005 0.029483500000000003 1654303.0000000002 605.50000000000011 2.3666666666650005 661.50000000000011 189.50000000000003 2.5000000000000004 27.500000000000004 13.500000000000002 1.0000000180025095e-35 1.0000000180025095e-35
decision_type=2 2 2 2 2 2 2 2 2 2 2 2 2 2 2 2 2 2 2 2 2 2 2 2 2 2 2 2 2 2
left_child=21 2 4 17 11 10 7 8 20 22 14 18 -5 -13 -3 16 -11 -4 -2 -20 23 -1 -7 24 25 26 -6 -17 -12 -30
right_child=1 5 3 12 6 9 -8 -9 -10 15 28 13 -14 -15 -16 27 -18 -19 19 -21 -22 -23 -24 -25 -26 -27 -28 -29 29 -31
leaf_value=-0.048870744919773647 -0.021891547622464973 -0.004928599194430356 -0.010842729201372659 -0.036143529624693346 -0.0082317475773326845 -0.071878922992235458 -0.039396919588703526 0.017258518940267861 0.0065831254814487442 0.035722935314186667 0.011554478206545187 0.020447992789763746 0.030146318295698485 -0.020536602007476049 0.0099986672390375599 0.019223602233419294 -3.1863077692117181e-05 0.014926876296260203 -0.049244876683885642 0.036502298508651145 -0.02471519883802412 -0.022614958287739392 0.0039491579202240714 0.028104262893370858 -0.0400739295627386 0.082602922799683176 0.031317803513436902 -0.02212187540769367 0.00094899626596992189 0.052721830943863346
leaf_weight=207.42017162775301 123.58335793870719 143.8816296570003 85.861162758206774 4.5579920975505948 227.6152446182914 2.9265617541968849 19.463122219243814 48.355175389908254 116.56689995970919 137.06745824730024 689.55866402212996 18.835655904460509 99.682768849062995 28.677915966380169 145.7627128791064 45.285868314327672 18.507720682770014 30.865403384930687 37.270259629979591 2.3155142927571424 52.503428555191931 23.765308162337533 19.351052656769753 11.625147167360408 13.796364363031897 1.8021693394111924 9.3399692680904973 9.6931859715841693 10.087849233299496 17.863070176914334
leaf_count=777736 57739 2319 12845 597 29054 20 14520 5929 6392 479 3422 3307 2143 11520 1344 247 88 2788 36071 179 8881 84750 203 268 9750 9 1271 57 60 62
internal_value=0 0.00491288 -0.00472915 0.0107259 -0.00952727 0.0121656 -0.00423289 -0.0028118 -0.00505186 0.0232702 0.00959847 -0.0221189 0.0272478 -0.00428921 0.00258351 0.0263684 0.0314694 -0.00402861 -0.0273108 -0.0442292 -0.00933456 -0.0461717 -0.00601221 -0.00627778 -0.0078604 -0.00599897 -0.00667284 0.0119341 0.0124303 0.0340363
internal_weight=0 2172.7 932.718 220.967 711.75 1239.99 501.068 481.604 433.249 232.832 1007.15 210.683 104.241 47.5136 289.644 210.554 155.575 116.727 163.169 39.5858 316.682 231.185 22.2776 264.179 252.554 238.757 236.955 54.9791 717.51 27.9509
internal_count=1074050 211564 203263 18373 184890 8301 76074 61554 55625 1094 7207 108816 2740 14827 3663 871 567 15633 93989 36250 49233 862486 223 40352 40084 30334 30325 304 3544 122
is_linear=0
shrinkage=0.05


Tree=71
num_leaves=31
num_cat=0
split_feature=0 0 66 0 76 40 58 40 68 76 68 79 40 76 74 76 3 72 2 76 3 62 68 36 36 2 76 54 36 36
split_gain=207.055 58.5051 23.5467 21.9474 13.6123 15.7054 11.6188 8.57867 8.11192 7.48591 9.81158 7.17173 6.5325 6.39686 6.01466 5.84905 5.72129 7.03242 6.25378 5.63531 5.53137 5.43079 5.41555 5.38786 5.22817 7.37975 7.54138 5.157 5.09949 5.81603
threshold=0.012339227772512141 0.48090646582193369 0.062324500000000012 0.94875966535953815 567.50000000000011 1.0000000180025095e-35 3.5000000000000004 29.500000000000004 106.50000000000001 607.50000000000011 92.500000000000014 2.5000000000000004 227.50000000000003 574.50000000000011 7.5000000000000009 605.50000000000011 68784.500000000015 398.12500000000006 175.00000000000003 676.50000000000011 93830.500000000015 3.5000000000000004 126.50000000000001 817.50000000000011 466.50000000000006 173901.00000000003 567.50000000000011 0.039224500000000002 1234.5000000000002 5009.5000000000009
decision_type=2 2 2 2 2 2 2 2 2 2 2 2 2 2 2 2 2 2 2 2 2 2 2 2 2 2 2 2 2 2
left_child=15 6 3 4 23 8 12 16 9 10 -6 14 13 -2 22 -1 17 18 -5 28 -10 -18 -7 -3 -8 26 -26 -9 -20 -30
right_child=1 2 -4 7 5 11 24 27 20 -11 -12 -13 -14 -15 -16 -17 21 -19 19 -21 -22 -23 -24 -25 25 -27 -28 -29 29 -31
leaf_value=-0.048735299198974451 -0.024859281399107439 -0.0042242501351702775 0.03187067503734449 0.0012120716650909089 -0.0098372813691170596 0.015793496645729651 -0.0047017240731912491 0.023334455650282162 0.01892217165612569 0.0027172802672929897 -0.048479057180424723 0.003367042099250173 0.025953610323813638 -0.0032340910024957464 -0.0099559898344007535 -0.022265158594554087 0.0038626008210843146 -0.023940840634904009 0.014674917047675238 -0.024058192022602318 -0.0014373696952958087 0.02023448888274346 0.035369582668387627 -0.025992896519558308 -0.044376620763529252 -0.042448745890045839 -0.010045423318421556 0.058097788152832633 0.029737702248159303 -0.013872821108648662
leaf_weight=198.80559477926818 42.125343499748851 60.297752328246133 103.68272997392341 55.470004942617379 139.67123964630446 115.77011798752937 34.270499824220678 57.924661291530356 59.858331564129912 107.45987763423182 18.616841837385437 124.495149633658 15.807774102082474 181.69451987878347 16.413275774684735 23.317277098663908 281.16979676717892 10.919692465569822 178.35641187010333 7.3099965099245301 75.362607898408896 61.783364031929523 50.845146275591105 53.77348769785749 20.873773325241928 47.563193710520864 68.453622250285662 13.076668489724396 136.85460213571787 8.0974640632048231
leaf_count=777736 21329 2597 411 337 6495 861 16668 244 1034 2485 1136 3541 584 27760 276 84750 1514 105 885 46 1621 206 263 5193 36741 41408 37199 36 544 45
internal_value=0 0.00475234 0.008765 0.00729845 0.00154386 0.00412477 -0.0122171 0.0131354 -0.00239467 -0.00746765 -0.0143821 0.0126252 -0.00511024 -0.00730419 0.0189226 -0.0459566 0.0115424 0.0156287 0.0167478 0.0193544 0.0075752 0.00681201 0.0217674 -0.014486 -0.0221667 -0.0265391 -0.0180678 0.029737 0.0203359 0.0273015
internal_weight=0 2148 1737.21 1633.53 822.564 708.493 410.789 810.963 400.969 265.748 158.288 307.524 239.628 223.82 183.029 222.123 739.961 397.008 386.088 330.618 135.221 342.953 166.615 114.071 171.161 136.891 89.3274 71.0013 323.308 144.952
internal_count=1074050 211564 29875 29464 25502 17712 181689 3962 12771 10116 7631 4941 49673 49089 1400 862486 3682 1962 1857 1520 2655 1720 1124 7790 132016 115348 73940 280 1474 589
is_linear=0
shrinkage=0.05


Tree=72
num_leaves=31
num_cat=0
split_feature=0 0 64 76 44 58 74 36 2 72 3 79 41 1 55 36 66 60 54 76 76 76 76 69 68 62 36 43 68 34
split_gain=196.68 55.8912 21.9132 16.7259 15.7629 10.9572 10.8932 9.82967 9.63313 8.9315 8.52393 9.69797 8.10904 8.02679 7.85133 7.18474 6.05603 6.03609 5.98843 5.92584 5.75086 5.54192 6.81041 5.52369 5.64192 8.66214 6.62983 6.72084 5.49041 7.24053
threshold=0.012339227772512141 0.48090646582193369 1.0000000180025095e-35 589.50000000000011 1.0000000180025095e-35 3.5000000000000004 9.5000000000000018 1719.5000000000002 126565.50000000001 127.70833333350002 72519.500000000015 5.5000000000000009 1.0000000180025095e-35 1.0000000180025095e-35 1.0000000180025095e-35 1069.5000000000002 0.092661500000000022 30.500000000000004 0.014261000000000001 559.50000000000011 605.50000000000011 610.50000000000011 681.50000000000011 1.0000000180025095e-35 36.500000000000007 5.5000000000000009 758.50000000000011 1.5000000000000002 26.500000000000004 1.0000000180025095e-35
decision_type=2 2 2 2 2 2 2 2 2 2 2 2 2 2 2 2 2 2 2 2 2 2 2 2 2 2 2 2 2 2
left_child=20 5 3 6 7 16 8 14 12 -8 11 -5 13 19 17 -10 -2 23 -12 -3 -1 -9 -23 24 25 28 27 -26 29 -4
right_child=1 2 4 10 -6 -7 9 21 15 -11 18 -13 -14 -15 -16 -17 -18 -19 -20 -21 -22 22 -24 -25 26 -27 -28 -29 -30 -31
leaf_value=-0.048606574544940488 -0.0066890884214568158 -0.014300313850320554 0.015641285481231715 0.022180724279553254 0.047787077132267278 -0.021905712872976268 -0.042947820710785095 0.014683751758913982 -0.0048284350165897529 0.0071955511864723615 0.0011133942636859871 -0.0054202727149015436 0.044275855853738777 0.057183674065379053 0.02350692786304371 -0.03076140247251773 0.037870979090614904 -0.015399598641355967 0.018218629508099635 0.0048948548295089257 -0.022061265860355866 0.039410637468610177 -0.017388175868608309 0.011791854429410812 -0.05089689252616264 -0.093321007575156711 0.0025958169984009022 0.03449356525309611 0.052478876166586079 -0.07109187132735903
leaf_weight=190.52057651399264 229.06403095354472 49.585818222702073 20.493418437778026 180.10983736172784 35.20607222430408 167.76668988073743 29.038594127545366 63.040882549423259 100.17671209663968 12.792739531083496 257.69641326453711 38.655639147422335 12.222119094920343 6.5784148499369612 96.051394975394942 36.417738415482745 7.8874884137912877 26.462457192246802 63.844391101505607 212.58614101121202 22.850232902914286 67.018168519251049 5.7287050667218855 355.10396716394462 15.49749799014535 1.8484262190759171 21.986991190875415 2.706807234324514 8.4734820802113955 2.7263636195566496
leaf_count=777736 49614 2623 290 1311 107 132016 1462 566 2838 455 4524 1354 84 13 524 2569 59 354 538 5665 84750 320 38 3597 267 5 252 9 85 25
internal_value=0 0.00459131 0.0085208 0.00372638 0.0151561 -0.0121284 -0.00328744 0.0134843 -0.00085052 -0.0276131 0.00968991 0.0173037 0.00444459 0.00263316 0.0105165 -0.0117425 -0.0052058 0.00777597 0.00450977 0.00126438 -0.0457638 0.0255347 0.0349378 0.00920607 -0.00324726 0.0118927 -0.0158824 -0.0382001 0.0180291 0.00545746
internal_weight=0 2126.77 1722.05 999.705 722.345 404.718 459.398 687.139 417.567 41.8313 540.306 218.765 280.972 268.75 551.351 136.594 236.952 455.299 321.541 262.172 213.371 135.788 72.7469 428.837 73.733 33.5417 40.1913 18.2043 31.6933 23.2198
internal_count=1074050 211564 29875 23436 6439 181689 15709 6332 13792 1917 7727 2665 8385 8301 5408 5407 49673 4884 5062 8288 862486 924 358 4530 933 405 528 276 400 315
is_linear=0
shrinkage=0.05


Tree=73
num_leaves=31
num_cat=0
split_feature=0 0 40 76 79 40 74 64 76 54 76 74 73 79 42 0 74 76 2 62 68 68 2 74 2 2 50 79 3 2
split_gain=187.062 54.2235 23.933 21.0171 14.8521 13.8829 10.9361 9.33452 8.86572 6.40441 7.47517 6.22253 8.35734 5.76017 10.001 6.72998 5.63123 5.36446 7.61328 5.69636 5.13897 5.13073 6.67442 7.17768 7.42994 5.88345 5.10636 5.03418 5.21003 5.04884
threshold=0.012339227772512141 0.86620967868038068 129.50000000000003 599.50000000000011 177.50000000000003 11.500000000000002 8.5000000000000018 1.0000000180025095e-35 573.50000000000011 0.012735500000000002 657.50000000000011 1.0000000180025095e-35 2.5000000000000004 2.5000000000000004 26.500000000000004 0.0044021329524748061 9.5000000000000018 575.50000000000011 580687.00000000012 34.500000000000007 46.500000000000007 25.500000000000004 211198.50000000003 7.5000000000000009 8945.0000000000018 53544.000000000007 1.0000000180025095e-35 348.50000000000006 43454.500000000007 175.00000000000003
decision_type=2 2 2 2 2 2 2 2 2 2 2 2 2 2 2 2 2 2 2 2 2 2 2 2 2 2 2 2 2 2
left_child=13 2 3 4 6 8 17 26 21 10 -5 12 -7 14 15 -1 -13 19 -19 -2 -20 -3 23 -23 -25 -26 -4 28 29 -10
right_child=1 5 7 9 -6 11 -8 -9 27 -11 -12 16 -14 -15 -16 -17 -18 18 20 -21 -22 22 -24 24 25 -27 -28 -29 -30 -31
leaf_value=-0.04982977800940544 -0.013840783501666712 0.014247353248515183 0.0010128002340582393 -0.0045387244449591651 -0.045115849610064457 0.010936845439365447 -0.033982276539422311 0.038114604695796819 0.00048250143115332662 0.016438668668358941 0.02195483968085642 0.034699564989108277 0.05470299580537507 -0.049012701587684143 0.052021944012702881 0.011856351872514766 -0.02062997650123348 0.0009508177634280331 -0.0063793407591238444 -0.054309043490424341 -0.034551969809688825 0.0066539978196544312 -0.041969390972238042 -0.048739174494865707 0.017009333089974581 -0.066065132863637938 0.041499183128638067 -0.043538605595004096 0.0076435325291801847 0.017976958080223534
leaf_weight=19.919534793713872 149.33283796021715 31.372704209643416 56.269062784468588 214.91052204238076 36.019172754300598 112.18882720312104 49.30539778712955 36.761219239589991 47.710719281341881 64.599823903983633 30.38922535101301 94.122683038935065 12.082365434616802 175.72448215342501 3.6792736178322221 5.6830802979629871 4.8348607204388818 178.90542264352553 36.203490735577361 9.2334544334589719 29.27658442021675 55.88988150365185 13.261018397286533 14.836579557857478 11.646832210011778 2.6086157993413499 9.0392388233958609 4.2595416653202838 494.10410246415995 304.13630811823532
leaf_count=113217 49923 352 9353 26687 52192 633 20886 202 376 3563 1032 358 31 730602 4871 13796 72 22612 4052 7714 4932 550 249 253 92 61 115 167 3432 1675
internal_value=0 0.00444374 -0.00483684 -0.00775217 -0.0142159 0.0113884 -0.011755 0.0179608 0.0088247 0.0024321 -0.00125654 0.0226414 0.015192 -0.0455914 -0.0250599 -0.0361371 0.0319963 -0.00903521 -0.0043882 -0.0161973 -0.0189755 -0.00335642 -0.00897797 -0.00382982 -0.0239707 0.00180747 0.00661647 0.0106817 0.0109547 0.0156047
internal_weight=0 2103.3 900.245 798.176 488.276 1203.06 452.257 102.07 979.826 309.9 245.3 223.229 124.271 205.006 29.2819 25.6026 98.9575 402.952 244.385 158.566 65.4801 129.616 98.2429 84.9819 29.092 14.2554 65.3083 850.211 845.951 351.847
internal_count=1074050 211564 203263 193593 162311 8301 110119 9670 7207 31282 27719 1094 664 862486 131884 127013 430 89233 31596 57637 8984 1557 1205 956 406 153 9468 5650 5483 2051
is_linear=0
shrinkage=0.05


Tree=74
num_leaves=31
num_cat=0
split_feature=0 0 40 0 54 76 76 74 40 2 62 40 76 68 79 3 76 36 40 73 57 76 54 42 76 70 69 72 36 74
split_gain=177.299 52.2784 19.2484 20.0047 14.7661 12.6684 11.0211 7.32261 6.61816 6.55638 6.56381 6.16772 6.07938 5.86443 5.7185 5.66911 5.64145 5.51028 5.35167 5.31816 5.15319 4.89818 4.75136 4.7403 8.21455 5.03728 4.66783 4.98597 4.89424 4.66254
threshold=0.012339227772512141 0.60678019017954943 402.50000000000006 0.94875966535953815 0.012735500000000002 601.50000000000011 577.50000000000011 7.5000000000000009 29.500000000000004 156.50000000000003 43.500000000000007 215.50000000000003 668.50000000000011 6.5000000000000009 241.50000000000003 393.00000000000006 607.50000000000011 2965.5000000000005 44.500000000000007 2.5000000000000004 12.500000000000002 546.50000000000011 0.019627500000000003 2.5000000000000004 581.50000000000011 2.5000000000000004 1.5000000000000002 1.7750000000000001 1024.5000000000002 8.5000000000000018
decision_type=2 2 2 2 2 2 2 2 2 2 2 2 2 2 2 2 2 2 2 2 2 2 2 2 2 2 2 2 2 2
left_child=16 4 3 5 6 9 17 13 29 15 20 -6 14 -7 -8 22 -1 18 -2 -4 26 -20 -3 24 -10 -25 28 -28 -11 -5
right_child=1 2 19 8 11 7 12 -9 23 10 -12 -13 -14 -15 -16 -17 -18 -19 21 -21 -22 -23 -24 25 -26 -27 27 -29 -30 -31
leaf_value=-0.048241569249735189 -0.027005906718970324 -0.030565111311915166 0.023672498479281212 0.013402559548836783 0.001248152153748845 -0.020206147015594172 -0.0081760412252827441 -0.006963346384371915 -0.0086598586080149417 -0.010976792146924968 -0.050790827468367633 0.035755482029298777 0.033618489711948051 0.014514349282226589 -0.036729429806822637 -0.052211615928313262 -0.019891924916136065 -0.049247877490392826 -0.056011457110146427 0.053240287710541734 -0.035169984225662303 0.020214181313479091 0.060525594534435415 0.025744531476650557 0.053253600910582281 -0.032220939713436619 -0.041609813379966942 0.0092171964146742849 0.00328854785923984 0.0035140382680679187
leaf_weight=176.81351170126709 82.079168259646394 3.4798454167321351 97.845797779649729 580.23443762760144 96.33115623679987 12.850446061391265 227.18710784446012 59.348001362581272 6.6832081112079313 150.29932032711804 7.173898085471591 14.960171138234726 8.1096396372886357 226.90346334291098 19.001661539621637 12.909429335180901 19.481851505193845 23.22595317964533 2.5777885790657811 18.006364375352859 11.701242467213886 11.552553435553817 2.4320916049182415 13.392723936587574 27.005692560225725 5.2044603526592246 5.0498195933178058 108.3967380838294 100.21633062199544 150.02923208405264
leaf_count=787214 65841 71 567 2839 15065 545 46244 1131 43 4667 1150 262 336 2476 21119 1033 75272 32347 4521 52 553 4357 8 54 87 29 42 1798 3436 891
internal_value=0 0.00427854 0.00863967 0.00710662 -0.0101004 0.000970531 -0.0148611 0.00876102 0.0126014 -0.00483079 -0.00341437 0.00588675 -0.00897677 0.0126534 -0.0103799 -0.0336416 -0.0454279 -0.0273898 -0.022113 0.0282681 -0.00250964 0.00630839 0.00690838 0.0297856 0.0409712 0.00952277 -0.00145962 0.00695475 -0.00527008 0.011371
internal_weight=0 2084.19 1599.16 1483.31 485.025 700.761 373.734 299.102 782.55 401.659 382.837 111.291 254.298 239.754 246.189 18.8214 196.295 119.435 96.2095 115.852 375.663 14.1303 5.91194 52.2861 33.6889 18.5972 363.962 113.447 250.516 730.264
internal_count=1074050 211564 21472 20853 190092 16910 174765 4152 3943 12758 11646 15327 67699 3021 67363 1112 862486 107066 74719 619 10496 8878 79 213 130 83 9943 1840 8103 3730
is_linear=0
shrinkage=0.05


Tree=75
num_leaves=31
num_cat=0
split_feature=0 0 64 76 44 58 73 40 36 36 0 54 41 55 79 43 68 60 45 1 72 2 76 74 3 74 43 76 74 68
split_gain=168.967 52.4983 20.9641 14.0869 12.9889 11.1618 9.50571 9.47969 9.19474 8.11983 7.48141 7.37856 7.14221 6.57182 6.55353 6.8333 6.285 6.07273 6.04567 5.61035 5.51482 7.34496 6.5174 5.77356 5.57654 5.36192 5.32596 5.65722 5.77726 5.26262
threshold=0.0088049481694041625 0.48090646582193369 1.0000000180025095e-35 589.50000000000011 1.0000000180025095e-35 3.5000000000000004 1.5000000000000002 56.500000000000007 1739.5000000000002 23183.500000000004 0.94875966535953815 0.083427500000000016 1.0000000180025095e-35 1.0000000180025095e-35 12.500000000000002 1.0000000180025095e-35 1.5000000000000002 3.5000000000000004 2.5000000000000004 1.0000000180025095e-35 16.900000000000002 175.00000000000003 559.50000000000011 8.5000000000000018 33530.500000000007 7.5000000000000009 1.0000000180025095e-35 581.50000000000011 6.5000000000000009 122.50000000000001
decision_type=2 2 2 2 2 2 2 2 2 2 2 2 2 2 2 2 2 2 2 2 2 2 2 2 2 2 2 2 2 2
left_child=-1 5 3 6 8 19 12 9 11 10 -5 13 14 29 20 16 -16 -9 -8 26 23 -22 -23 -3 -24 -18 27 28 -2 -4
right_child=1 2 4 7 -6 -7 18 17 -10 -11 -12 -13 -14 -15 15 -17 25 -19 -20 -21 21 22 24 -25 -26 -27 -28 -29 -30 -31
leaf_value=-0.046665403189558974 -0.012739864266980911 -0.0052922240419837341 0.004685410733576585 0.0011804854891347423 0.045388972392522757 -0.022170961017104109 0.045448034476744531 0.041520119020785742 0.024922189165174257 -0.064720440373435328 0.013774621436520843 0.049900804486923162 0.030105376765725451 0.021716080250183397 -0.064573433917144013 0.035352081424468183 -0.012448517692611053 0.0056100370108514638 -0.015741463024994812 0.039796392951325366 -0.049256671735864704 -0.022589808846915988 0.027586623436673063 -0.030850485075777614 0.0037010563836356227 -0.056862451608213897 0.013233368504145224 -0.0034423532994243642 -0.046397579557505508 0.021508550861905649
leaf_weight=178.57974587702256 50.246856205039876 177.60679358220659 382.04451549993246 251.71998264404829 32.523088532499969 165.78198302405235 15.481465019285681 33.757261927472427 130.56585518235806 3.9705913504440096 221.84408380510285 11.408162059262393 13.995702055486616 87.981681338977069 8.3967390042816969 5.2067618030414442 51.212852863747685 18.077916392125189 5.460564484121277 6.7229111494962117 6.0414147768460671 16.08185982806026 36.193378630036023 25.236028558632825 75.224516737303929 7.835164763746433 29.601783371646889 130.79359409637982 17.084440226171864 52.926676336559467
leaf_count=836838 17085 3803 4495 5630 107 150820 60 171 904 783 1047 58 190 505 2572 279 4565 96 35 40 251 578 394 1083 1365 534 5531 22624 11237 370
internal_value=0 0.00402385 0.00792008 0.00317908 0.0145365 -0.0122412 -0.00338912 0.00868772 0.0130274 0.00648328 0.00708029 0.0101211 -0.00501694 0.00925328 -0.0062187 -0.019837 -0.0240976 0.0289962 0.0294931 -0.00521977 -0.00327745 0.00461279 0.00716532 -0.00847197 0.0114601 -0.0183419 -0.00654873 -0.00950437 -0.0212801 0.00673243
internal_weight=0 2071.02 1670.79 973.343 697.45 400.232 443.973 529.37 664.927 477.535 473.564 534.361 423.031 522.953 409.036 72.6515 67.4448 51.8352 20.942 234.45 336.384 133.541 127.5 202.843 111.418 59.048 227.727 198.125 67.3313 434.971
internal_count=1074050 237212 29875 23436 6439 207337 15709 7727 6332 7460 6677 5428 15614 5370 15424 7950 7671 267 95 56517 7474 2588 2337 4886 1759 5099 56477 50946 28322 4865
is_linear=0
shrinkage=0.05


Tree=76
num_leaves=31
num_cat=0
split_feature=0 0 54 76 40 79 50 0 58 76 79 79 60 69 2 76 69 40 2 62 79 68 68 69 36 68 3 76 36 42
split_gain=160.149 50.4199 20.2002 16.8852 13.7901 12.1282 11.024 9.22388 8.57022 7.76226 7.13728 7.02362 6.53701 9.5499 7.41022 6.27444 5.86994 5.70535 5.48811 5.4534 6.2877 5.32325 5.0983 4.95709 5.475 8.0649 4.77572 5.10518 4.70097 5.59884
threshold=0.0088049481694041625 0.7740980979447657 0.0017535000000000003 621.50000000000011 2.5000000000000004 177.50000000000003 1.0000000180025095e-35 0.94875966535953815 2.5000000000000004 562.50000000000011 396.50000000000006 1.5000000000000002 3.5000000000000004 1.5000000000000002 5356.5000000000009 597.50000000000011 1.0000000180025095e-35 4462.5000000000009 435.50000000000006 2.5000000000000004 12.500000000000002 57.500000000000007 22.500000000000004 3.5000000000000004 354.50000000000006 122.50000000000001 393.00000000000006 607.50000000000011 104.50000000000001 1.5000000000000002
decision_type=2 2 2 2 2 2 2 2 2 2 2 2 2 2 2 2 2 2 2 2 2 2 2 2 2 2 2 2 2 2
left_child=26 2 3 5 7 12 16 15 9 11 23 -6 17 -14 -15 28 -4 19 -18 -2 -21 -11 -16 24 -10 -26 -1 -28 29 -3
right_child=1 4 6 -5 8 -7 -8 -9 10 21 -12 -13 13 14 22 -17 18 -19 -20 20 -22 -23 -24 -25 25 -27 27 -29 -30 -31
leaf_value=0.025271954006058545 -0.025466061811627763 0.052669283854351601 -0.024515849636737079 0.0068459198743284671 0.011281269871322681 -0.042136821349088194 0.031594613246914982 0.0099549989343999459 0.027906728068638881 0.012787565316235899 -0.06613999945067689 -0.052195668590955882 -0.013726603565457166 -0.035610372911456648 -0.039882376077024245 0.0063672657086983582 -0.035499393902160149 0.04009026571171237 0.0082542433841180061 0.0059975701623072421 -0.020941449504903103 0.02825376541246219 0.029258876147666549 0.043515088754982695 -0.017132313105311544 0.018029864532320607 -0.050225992971704769 -0.020682376596105671 -0.0087119486159075773 -0.047608344815115625
leaf_weight=2.2912744725590519 148.05591906231984 6.266401094850151 19.3252647696645 95.498778426910576 14.391642495640555 41.416292525833342 37.69153907107102 615.51420930214226 18.161676730029285 77.729557442013174 3.4450724946218534 6.2504743798635891 93.989690592550687 6.1821531802033851 2.900948310545572 181.08869933729875 7.687237069636466 4.0748899363388764 105.89278224014743 36.877869082320103 52.492036537914828 195.7286640140228 32.946512950142278 8.516325041651724 40.58204356895294 27.262793897767551 152.92869896640468 16.168575674482781 166.84727867349284 1.7894700064789502
leaf_count=5361 48446 64 4228 10449 107 68909 1517 3212 118 409 312 86 28432 2537 462 2319 2991 490 12530 6889 34078 887 2648 42 568 240 758811 72666 4186 56
internal_value=0 0.00388435 -0.00718255 -0.0121269 0.00944413 -0.0164519 0.00772726 0.00624985 0.0173592 0.0216258 0.00455093 -0.00793967 -0.0136341 -0.00486715 0.014945 -0.000156385 0.000958557 -0.0185719 0.00529294 -0.0195787 -0.00982525 0.0238576 0.0236636 0.0071274 0.0035243 -0.00300273 -0.0464296 -0.0474011 -0.00691075 0.0303944
internal_weight=0 2048.61 685.032 514.435 1363.57 418.936 170.597 971.506 392.068 294.1 97.9679 20.6421 377.52 136.019 42.0296 355.992 132.905 241.501 113.58 237.426 89.3699 273.458 35.8475 94.5228 86.0065 67.8448 171.389 169.097 174.903 8.05587
internal_count=1074050 237212 224606 203340 12606 192891 21266 9837 2769 1489 1280 193 123982 34079 5647 6625 19749 89903 15521 89413 40967 1296 3110 968 926 808 836838 831477 4306 120
is_linear=0
shrinkage=0.05


Tree=77
num_leaves=31
num_cat=0
split_feature=0 0 40 76 76 40 40 72 74 2 2 0 36 46 50 79 76 79 72 74 54 62 43 2 2 44 76 3 76 55
split_gain=152.504 48.5535 17.0687 17.09 13.2684 10.0751 9.3325 9.14481 7.61352 8.95268 8.47803 6.72241 6.24858 6.19676 5.9138 5.4134 7.94138 5.28284 5.26095 5.20099 5.06958 6.8261 4.972 5.08575 4.69527 4.63222 4.62778 4.73006 4.55166 4.53648
threshold=0.0088049481694041625 0.60678019017954943 1758.5000000000002 583.50000000000011 575.50000000000011 1.0000000180025095e-35 1.0000000180025095e-35 3.0833333333350006 8.5000000000000018 126565.50000000001 3901.0000000000005 0.94875966535953815 170.50000000000003 1.0000000180025095e-35 1.0000000180025095e-35 7.5000000000000009 642.50000000000011 9.5000000000000018 1921.5000000000002 8.5000000000000018 0.0040740000000000004 1.5000000000000002 1.0000000180025095e-35 1567682.0000000002 1653.0000000000002 1.5000000000000002 607.50000000000011 393.00000000000006 643.50000000000011 1.0000000180025095e-35
decision_type=2 2 2 2 2 2 2 2 2 2 2 2 2 2 2 2 2 2 2 2 2 2 2 2 2 2 2 2 2 2
left_child=26 4 3 8 17 11 18 24 9 12 -10 28 -3 20 19 -9 -17 -2 22 -8 21 -11 23 -6 -7 -15 27 -1 -5 -13
right_child=1 2 -4 5 6 7 14 15 10 13 -12 29 -14 25 -16 16 -18 -19 -20 -21 -22 -23 -24 -25 -26 -27 -28 -29 -30 -31
leaf_value=0.022466838747407514 -0.015654937848326226 0.037112863028145496 0.033205223390239118 -0.0025937327938376879 -0.0087117678722290828 0.040975260660292445 0.0038791885730652034 0.013795115419692508 -0.045212919041568149 -0.037911581746387951 -0.0044897620759532554 0.0098372328731865608 0.0045441534468613999 -0.03239533069150094 0.028778671364536042 -0.021719451131276914 0.045716286965248487 -0.036419366409328101 -0.053425215279809313 -0.048656683764071507 0.013964170827679621 -0.001004357125496494 0.0088462666981630987 -0.02989794492389283 0.020898625244231694 0.067898545381604766 -0.020720733066290561 -0.050138765656751509 0.014338286226860675 0.044528223483995044
leaf_weight=2.278098518272599 75.790958801364468 15.759810778719837 64.568504979484715 218.98712260398315 166.64643585994054 42.868015806889161 78.722814042928803 223.50380263256375 19.640613308161846 17.357297564100008 36.59179454963305 404.1487792552216 224.76768994372833 31.128878123832692 24.242223847453715 23.526852846931437 5.3604126004502168 51.408625589207077 6.9851281283081326 5.0108750606477761 29.219967530691065 45.030689412036736 32.218543362454511 34.127184359193052 90.817607225384563 1.1954921119177004 15.99367819775034 146.38778073644698 48.47754062328022 9.6487779952585679
leaf_count=5175 37503 162 318 5301 45311 176 17739 1438 735 498 1093 1924 4974 1166 1205 879 41 84762 9619 1204 363 1310 6969 11428 469 5 72852 758811 583 37
internal_value=0 0.00375781 0.00803797 0.00694591 -0.0102279 0.01031 -0.00517615 0.016763 -0.0015891 0.001053 -0.0187134 0.006653 0.00667812 -0.00986421 0.00703145 0.0111626 -0.00920586 -0.024047 -0.0106689 0.000735284 -0.00322283 -0.0112725 -0.00938703 -0.012313 0.0273365 -0.028686 -0.0462768 -0.0490262 0.000475168 0.0106461
internal_weight=0 2027.75 1552.6 1488.03 475.153 1067.34 347.953 386.077 420.692 364.46 56.2324 681.262 240.528 123.932 107.976 252.391 28.8873 127.2 239.977 83.7337 91.608 62.388 232.992 200.774 133.686 32.3244 164.66 148.666 267.465 413.798
internal_count=1074050 237212 21472 21154 215740 10848 93475 3003 10306 8478 1828 7845 5136 3342 20148 2358 920 122265 73327 18943 2171 1808 63708 56739 645 1171 836838 763986 5884 1961
is_linear=0
shrinkage=0.05


Tree=78
num_leaves=31
num_cat=0
split_feature=0 0 40 0 76 76 68 76 2 69 68 72 58 72 66 3 42 62 3 72 3 40 74 43 2 48 40 54 76 3
split_gain=144.443 46.3253 17.8787 15.7765 11.8814 10.3996 8.64125 9.03701 7.96052 7.84795 7.4758 6.95901 6.8828 6.82147 6.57696 6.53643 6.42924 5.88596 12.0985 6.4162 5.75346 5.736 6.39168 5.6805 5.0403 5.07034 5.00851 4.84365 4.63179 4.53522
threshold=0.0088049481694041625 0.48090646582193369 1.0000000180025095e-35 0.94875966535953815 587.50000000000011 567.50000000000011 106.50000000000001 607.50000000000011 567261.00000000012 2.5000000000000004 99.500000000000014 3.0833333333350006 7.5000000000000009 478.58333333350009 0.088202000000000016 12049.500000000002 16.500000000000004 1.5000000000000002 943.50000000000011 229.12500000000003 419784.50000000006 1.0000000180025095e-35 5.5000000000000009 1.0000000180025095e-35 1074.5000000000002 2.5000000000000004 37.500000000000007 0.035623500000000009 607.50000000000011 3321.0000000000005
decision_type=2 2 2 2 2 2 2 2 2 2 2 2 2 2 2 2 2 2 2 2 2 2 2 2 2 2 2 2 2 2
left_child=28 5 3 6 9 -2 7 10 11 12 15 -6 17 21 -13 24 -10 18 -4 -20 -8 23 29 -7 -3 -26 -11 -22 -1 -23
right_child=1 2 4 -5 8 13 20 -9 16 26 -12 14 -14 -15 -16 -17 -18 -19 19 -21 27 22 -24 -25 25 -27 -28 -29 -30 -31
leaf_value=-0.048917647276390697 -0.029869552020106556 -0.024217374989868756 -0.072316273406629925 0.0087749266636074612 0.031607221016270899 -0.013862144598396412 0.013263961275351602 0.0026993351933265212 0.0075782929146608882 -0.08315953989766918 -0.049722780660102141 0.014226185703387854 -0.025715040481924519 -0.030155675999845401 0.04663421942908446 -0.016108327504238323 -0.048257699417188216 0.012454986095788941 0.004425510153868828 -0.041387960906845669 -0.014924979844959177 -0.029186048439666098 -0.022347773118098033 0.0094523185905684443 0.055129684133096116 -0.011360261988895776 0.023389248014615893 0.027436494097929344 -0.020306209121856867 0.016373596160673545
leaf_weight=142.05160390240462 67.15907696569775 5.5859552880720029 6.2742216211045152 519.92056131345453 120.485669470625 171.29632487037452 93.06101811586268 104.41641618110589 56.517366580090311 1.1242018706616352 14.83607588385348 205.82956124370685 21.942104931760696 31.85358299595373 16.944004528224468 153.36182594595448 5.6729957661591461 96.442298668611329 74.129168127285084 8.5208977910515369 40.806561512014014 6.0054758548430973 16.704617846418842 30.828065417896141 8.4956862865947169 4.3278830566705428 58.314423503834405 8.0848766730632615 15.709552754780814 60.395839724717916
leaf_count=763986 90564 328 291 2740 565 59737 2008 2499 516 66 1335 2214 3630 33802 53 8747 43 994 1222 255 1239 2728 4088 7451 134 264 669 63 72852 8967
internal_value=0 0.00361703 0.00730865 0.00290387 0.0135528 -0.0119961 -0.00414613 -0.00907938 0.0189446 0.00535734 -0.0156702 0.0219267 0.000765109 -0.00821043 0.0166911 -0.012729 0.00248494 0.0038996 -0.00537909 -0.000297679 0.00596778 -0.00575965 0.00529818 -0.0103062 0.0154225 0.0326897 0.021374 -0.00791992 -0.0460686 0.0122531
internal_weight=0 2009.34 1625.09 952.897 672.197 384.243 432.976 291.024 405.45 266.747 186.607 343.259 207.309 317.084 222.774 171.771 62.1904 185.367 88.9243 82.6501 141.952 285.23 83.1059 202.124 18.4095 12.8236 59.4386 48.8914 157.761 66.4013
internal_count=1074050 237212 29875 19357 10518 207337 16617 13307 3391 7127 10808 2832 6392 116773 2267 9473 559 2762 1768 1477 3310 82971 15783 67188 726 398 735 1302 836838 11695
is_linear=0
shrinkage=0.05


Tree=79
num_leaves=31
num_cat=0
split_feature=0 0 64 76 40 40 36 76 0 73 76 36 72 76 3 3 3 68 42 36 68 36 76 68 36 50 54 79 2 74
split_gain=137.408 45.7613 20.5028 17.3678 13.4551 12.0861 8.31345 7.60893 7.26959 7.21421 6.8506 6.66418 6.24871 6.08013 6.26137 5.82253 5.56144 5.32674 7.04578 7.86433 7.81851 5.31679 5.25943 7.86124 7.7586 5.02569 4.91009 4.89468 4.94431 5.98758
threshold=0.0088049481694041625 0.86620967868038068 1.0000000180025095e-35 577.50000000000011 1.0000000180025095e-35 2.5000000000000004 18470.500000000004 669.50000000000011 0.33581906297173442 1.5000000000000002 552.50000000000011 1185.5000000000002 1054.7083333350004 573.50000000000011 808066.00000000012 3321.0000000000005 38.500000000000007 121.50000000000001 9.5000000000000018 628.50000000000011 52.500000000000007 1234.5000000000002 582.50000000000011 95.500000000000014 3677.5000000000005 1.0000000180025095e-35 0.030651500000000002 291.50000000000006 2826.5000000000005 11.500000000000002
decision_type=2 2 2 2 2 2 2 2 2 2 2 2 2 2 2 2 2 2 2 2 2 2 2 2 2 2 2 2 2 2
left_child=-1 2 3 12 11 9 7 8 25 13 21 -4 -2 14 -3 -6 -12 18 22 -20 -21 -7 23 -18 -24 -5 -10 28 29 -15
right_child=1 5 4 6 15 10 -8 -9 26 -11 16 -13 -14 27 -16 -17 17 -19 19 20 -22 -23 24 -25 -26 -27 -28 -29 -30 -31
leaf_value=-0.045860000633856174 -0.018694846370249589 0.0016699587399552622 -0.010701331317651872 -0.015847009200478587 -0.030317888408644262 0.0085154781869824763 -0.044254604599418282 0.037072809268552054 -0.0020901648714521481 0.054236867553737737 0.048254685610601845 0.017903941723080071 -0.049312428387281698 0.016858422681929733 -0.02793006544486203 0.025257792998078732 0.011942775647267027 0.027206038698760593 -0.044032679665888731 0.069660910059847148 -0.014468832015039429 -0.063050138468719361 0.02513895610231473 -0.043666828285596121 -0.0370810461454485 0.018049674909127754 0.015777623052357064 -0.037307273642898202 0.0056288393461558627 -0.015740960690848606
leaf_weight=151.75514400964312 195.23472284255831 80.289820158621296 80.668882303888495 129.70006169611952 4.9739508772690888 6.3297746051102859 12.386620772187596 11.694608777586835 220.84048519967473 7.9664817228913298 16.281077060382813 27.234833273024378 18.219504732064252 206.41298040235415 22.979213159764186 89.774578663551438 34.494027141714469 104.29713798081502 10.756214115768673 4.2195979496464115 7.9925683063920587 4.3988018140662462 110.17690302839037 7.7905795383267096 5.2489950319286427 11.941880512942587 46.554560960154049 5.8961594058200708 488.70070768939331 15.117088603321461
leaf_count=836838 100353 910 14744 52393 676 58 12496 229 9785 37 56 2730 29793 1115 439 2212 213 498 66 14 78 113 573 116 50 2613 887 168 3609 188
internal_value=0 0.00349975 -0.00528573 -0.00963516 0.00859134 0.0100481 -0.0038823 -0.00269372 -0.00383067 0.00688578 0.0184343 -0.00348138 -0.0213082 0.00642541 -0.00491658 0.0223403 0.0198325 0.0182087 0.013015 -0.012858 0.0146 -0.020827 0.016783 0.00169718 0.0223095 -0.0129892 0.00102069 0.00806098 0.00843762 0.0146339
internal_weight=0 1988.57 849.225 646.572 202.652 1139.35 433.118 420.732 409.037 827.362 311.986 107.904 213.454 819.396 103.269 94.7485 301.257 284.976 180.679 22.9684 12.2122 10.7286 157.711 42.2846 115.426 141.642 267.395 716.127 710.231 221.53
internal_count=1074050 237212 228911 208549 20362 8301 78403 65907 65678 6466 1835 17474 130146 6429 1349 2888 1664 1608 1110 158 92 171 952 329 623 55006 10672 5080 4912 1303
is_linear=0
shrinkage=0.05


Tree=80
num_leaves=31
num_cat=0
split_feature=0 0 40 0 58 76 68 76 46 36 54 62 36 76 2 79 2 68 62 2 68 66 2 76 76 36 66 3 74 36
split_gain=130.792 43.3506 16.1413 12.992 12.4124 9.2455 8.09719 8.40132 9.67315 7.52041 6.72561 6.16574 5.98084 5.78507 6.19117 5.65795 5.29671 5.07149 5.15489 4.96491 5.6924 6.82965 4.87273 4.72875 4.70957 4.58889 4.56405 4.50914 4.25204 4.02055
threshold=0.0088049481694041625 0.60678019017954943 6.5000000000000009 0.94875966535953815 3.5000000000000004 599.50000000000011 121.50000000000001 631.50000000000011 1.5000000000000002 628.50000000000011 0.029091500000000003 1.5000000000000002 786.50000000000011 566.50000000000011 186263.00000000003 1.5000000000000002 247473.50000000003 80.500000000000014 15.500000000000002 173901.00000000003 18.500000000000004 0.22114650000000002 779250.50000000012 621.50000000000011 607.50000000000011 288.50000000000006 0.049255000000000007 393.00000000000006 7.5000000000000009 786.50000000000011
decision_type=2 2 2 2 2 2 2 2 2 2 2 2 2 2 2 2 2 2 2 2 2 2 2 2 2 2 2 2 2 2
left_child=24 4 3 5 10 15 7 8 19 -10 11 23 17 -14 -15 16 -3 18 -6 -4 21 -21 -12 -2 27 -13 -18 -1 -7 -30
right_child=1 2 6 -5 12 28 -8 -9 9 -11 22 25 13 14 -16 -17 26 -19 -20 20 -22 -23 -24 -25 -26 -27 -28 -29 29 -31
leaf_value=0.022567783852814882 -0.020963556382526654 0.0076027333747767517 0.020191489990504033 0.0093413377870925091 -0.0065069076554848827 0.0093540067264981288 0.026705190293886422 0.034641778973342689 0.0121003599258853 -0.034222626615940492 0.015847342318793069 -0.030810290342345323 -0.047963180962489506 -0.012022462647460782 -0.040904312350139686 -0.013627525244911225 -0.024965737903127942 -0.030559684873671396 0.041134377403579496 -0.048345174876584102 0.0085051801966522997 0.06139204122116626 -0.01505938240833141 0.0086624046304650433 -0.019041725675295211 0.0048376105757691893 0.050772932881345406 -0.049892729714466136 -0.024863853659749326 0.0031427463259858994
leaf_weight=2.1833579979384004 90.037542577027125 79.729976585134864 91.974602954956936 634.80012738116784 42.764062632570131 186.16285127516312 129.18238643552468 32.64905226090923 14.480836523231117 22.184617051912937 59.628176676516887 10.107028156628074 26.226396952253708 58.813303133993031 27.107138267142545 162.54208936293435 23.431107239564884 19.044955207319617 6.547273126529034 8.9836179936537484 62.252558785112342 1.683562338352204 16.222335009973904 15.838582771793879 14.923178258998631 84.542299775699576 2.1736127305775872 128.91482267361062 19.209175913594663 38.494553565746173
leaf_count=5175 27649 1610 790 3413 24714 2921 954 139 109 748 8173 3109 55346 39171 21365 8139 725 14912 941 136 560 4 2020 1557 72852 16783 16 758811 535 673
internal_value=0 0.00338964 0.00747291 0.00456251 -0.0101051 -0.00136545 0.0166556 0.0111125 0.00730118 -0.0159276 -0.00344485 -0.00824197 -0.0203029 -0.0274085 -0.0211344 -0.00777781 0.00124889 -0.00864517 -0.000181374 0.0124663 0.00272234 -0.0310257 0.00923725 -0.0165316 -0.0456563 0.00103099 -0.0185362 -0.0486859 0.00567824 -0.00618046
internal_weight=0 1966.81 1509.93 1146.54 456.879 511.743 363.391 234.209 201.56 36.6655 276.376 200.525 180.503 112.147 85.9204 267.877 105.335 68.3563 49.3113 164.894 72.9197 10.6672 75.8505 105.876 146.021 94.6493 25.6047 131.098 243.867 57.7037
internal_count=1074050 237212 21472 18032 215740 14619 3440 2486 2347 857 59291 49098 156449 115882 60536 10490 2351 40567 25655 1490 700 140 10193 29206 836838 19892 741 763986 4129 1208
is_linear=0
shrinkage=0.05


Tree=81
num_leaves=31
num_cat=0
split_feature=0 0 76 40 58 1 58 65 74 40 3 72 76 54 79 2 36 0 62 68 36 76 2 66 72 38 76 42 46 57
split_gain=124.105 41.1991 16.0063 14.2346 11.9397 8.38884 7.3599 8.61793 7.82025 6.74616 6.70923 6.34965 6.25087 5.95736 6.86652 5.74724 5.73048 5.43443 5.78625 6.77878 5.38861 5.66021 5.83384 5.22326 5.1321 5.02162 4.77961 4.76978 8.79196 5.28967
threshold=0.0088049481694041625 0.60678019017954943 583.50000000000011 2.5000000000000004 3.5000000000000004 1.0000000180025095e-35 1.5000000000000002 50.000000000000007 8.5000000000000018 215.50000000000003 425182.00000000006 6.9166666666650007 562.50000000000011 0.019627500000000003 162.50000000000003 2826.5000000000005 737.50000000000011 0.94875966535953815 3.5000000000000004 126.50000000000001 786.50000000000011 589.50000000000011 173901.00000000003 0.068676000000000015 112.55000000000001 1.5000000000000002 607.50000000000011 2.5000000000000004 1.5000000000000002 1.5000000000000002
decision_type=2 2 2 2 2 2 2 2 2 2 2 2 2 2 2 2 2 2 2 2 2 2 2 2 2 2 2 2 2 2
left_child=26 4 5 13 9 6 10 -8 17 12 -3 -5 -2 14 15 -4 25 -9 19 24 -6 -22 -23 -13 -19 -15 -1 29 -29 -17
right_child=1 2 3 11 20 -7 7 8 -10 -11 -12 23 -14 16 -16 27 -18 18 -20 -21 21 22 -24 -25 -26 -27 -28 28 -30 -31
leaf_value=-0.04860644488693492 -0.035498166301025154 0.012352936385948261 0.013253939244237076 0.025842278715916062 -0.0089747012857993875 0.036205484308579693 -0.035288426828575928 -0.007237640743445759 -0.02658825401861192 0.023837370429589951 -0.0077432330550199413 0.0063583377188776938 -0.0036268957843329434 0.010937897935458907 -0.029313518536123441 0.0036810504397776882 0.03089082838544633 0.0024892621307060969 0.04366877500904312 0.03849438234309209 -0.036500932320648188 -0.0013163330035265962 -0.039914159244320201 0.036797348943370063 -0.045574531266320162 -0.052250790903671102 -0.018454170180487197 0.00019238757422405212 0.0215421085328069 -0.01116952533232265
leaf_weight=125.45572970288185 16.456899186516239 118.51359312608838 195.84905500721652 177.9631608852651 67.311159037438301 14.715958442538975 25.905948638072005 108.12111351682688 34.077119748297264 20.927429049035709 63.939525457273703 97.873528921321849 236.0771267402688 46.252050082199275 14.007953952750539 179.36923802466481 47.865611748304218 35.465467511676252 11.254363521933554 11.358418446732683 64.225712383413338 31.164154639514891 14.273436737150403 16.464378044009209 6.5851471612695596 3.3734903228469184 14.680918559796735 118.0280933881877 81.532470730366185 90.0745391571254
leaf_count=763986 13736 1378 1502 887 40567 55 1449 4811 1287 718 1091 1011 44837 453 1096 2120 335 262 44 54 92338 14720 8824 65 59 37 72852 1292 745 1439
internal_value=0 0.00326772 0.0072532 0.0105308 -0.00999186 -0.000893655 -0.0022085 -0.0081021 -0.00469747 -0.00344313 0.00531036 0.0199354 -0.00570385 0.00698994 0.00533012 0.00606004 0.0185477 -0.000380094 0.0110861 0.00422032 -0.020111 -0.0269464 -0.0134412 0.0107415 -0.00503755 0.0066424 -0.0454476 0.00305598 0.00891503 -0.00128347
internal_weight=0 1949.03 1498.59 1068.65 450.436 429.937 415.221 232.768 206.862 273.461 182.453 292.301 252.534 776.353 678.861 664.853 97.4912 172.785 64.6634 53.409 176.974 109.663 45.4376 114.338 42.0506 49.6255 140.137 469.004 199.561 269.444
internal_count=1074050 237212 21472 10982 215740 10490 10435 7966 6517 59291 2469 1963 58573 9019 8194 7098 825 5230 419 375 156449 115882 23544 1076 321 490 836838 5596 2037 3559
is_linear=0
shrinkage=0.05


Tree=82
num_leaves=31
num_cat=0
split_feature=0 0 50 76 40 0 66 68 68 36 36 40 64 3 58 76 74 74 76 36 55 76 62 66 74 74 40 74 76 2
split_gain=118.411 32.2736 21.4088 16.4027 18.3207 14.399 12.4601 11.3934 14.6018 9.98432 9.26903 7.65559 7.55315 7.58034 7.5452 7.90335 7.32235 6.53557 7.39906 6.50344 6.06977 5.98565 5.94072 5.81815 5.1565 7.02645 6.64473 5.14641 5.34484 5.11543
threshold=0.043984350660107828 0.94875966535953815 1.0000000180025095e-35 567.50000000000011 13.500000000000002 0.0019437620776660012 0.096819500000000017 104.50000000000001 99.500000000000014 13441.500000000002 1060.5000000000002 3.5000000000000004 1.0000000180025095e-35 230577.50000000003 3.5000000000000004 631.50000000000011 6.5000000000000009 2.5000000000000004 637.50000000000011 1203.5000000000002 1.0000000180025095e-35 705.50000000000011 14.500000000000002 0.045806000000000006 1.0000000180025095e-35 6.5000000000000009 4462.5000000000009 5.5000000000000009 623.50000000000011 37969.000000000007
decision_type=2 2 2 2 2 2 2 2 2 2 2 2 2 2 2 2 2 2 2 2 2 2 2 2 2 2 2 2 2 2
left_child=5 2 3 10 7 -1 11 8 9 21 22 -3 13 -6 -7 -16 17 18 20 27 -9 -5 23 -2 26 -26 -13 -4 29 -29
right_child=1 6 19 4 12 14 -8 16 -10 -11 -12 24 -14 -15 15 -17 -18 -19 -20 -21 -22 -23 -24 -25 25 -27 -28 28 -30 -31
leaf_value=-0.048459318802162102 -0.018231169281376816 0.008260941804071182 0.01303624980703127 -0.0075008130278415939 0.021112752012605533 -0.0052705723072777669 0.052349583858086191 -0.016324029272365131 -0.044449251219424918 -0.054501508624486154 -0.037022926870735363 0.0030835310931990626 0.034101438074295831 -0.0056404510295019568 -0.041850514082679112 0.022139926152287295 -0.0096687888483970169 0.019712244667865107 0.051405160282852504 0.02427139325563428 0.032468630756266437 0.059541090335498807 0.033162090421475568 0.03699337262751002 0.03775896363178613 0.0081187575576135273 0.055426185717660205 -0.00083123380577286511 0.012902026347079643 -0.037419437115046687
leaf_weight=111.92441275662168 72.861914438833992 597.06403495755512 106.42861690181599 328.79312599473815 51.255236286178842 39.672615328659504 18.489379666745663 42.24499418900632 30.588033742304106 11.355150138022507 54.625340277259966 51.404988324036822 34.928090119545232 54.771403800504231 43.033875600206557 5.4346345841477151 70.316810856729717 77.054316567526257 5.6525841721741008 71.096464169499086 7.5064261995394181 3.3634008271619669 7.098377199501555 5.1034196282125768 62.462818727362901 29.408426491077989 6.8740532398223868 22.306002188175626 25.595661959901918 16.708982640811882
leaf_count=697189 17301 3263 2819 31727 2049 64495 58 9043 7037 8752 31552 296 288 1927 177697 3154 4973 2944 205 1747 358 17 897 56 241 195 22 1238 828 1682
internal_value=0 0.00392072 -0.0015673 -0.00527449 -0.00222395 -0.0365557 0.0118022 -0.00617243 -0.0113458 -0.00839805 -0.0209505 0.0107989 0.0139357 0.00729254 -0.0214402 -0.0346755 0.00337182 0.0102946 -0.00280328 0.0115617 -0.00896226 -0.00682195 -0.0106293 -0.0146163 0.0208911 0.028271 0.00925738 0.00627858 -0.00485286 -0.0165009
internal_weight=0 1865.36 1099.65 857.519 717.83 200.066 765.704 576.875 374.1 343.512 139.689 747.214 140.955 106.027 88.1411 48.4685 202.775 132.458 55.404 242.136 49.7514 332.157 85.0637 77.9653 150.15 91.8712 58.279 171.039 64.6106 39.015
internal_count=1074050 131515 127440 119126 69320 942535 4075 65056 47533 40496 49806 4017 4264 3976 245346 180851 17523 12550 9606 8314 9401 31744 18254 17357 754 436 318 6567 3748 2920
is_linear=0
shrinkage=0.05


Tree=83
num_leaves=31
num_cat=0
split_feature=0 0 76 40 76 40 40 72 3 36 74 2 72 72 48 1 74 76 36 68 48 45 62 42 42 72 36 2 2 79
split_gain=112.19 38.9267 14.9015 13.3172 10.8969 7.88747 7.75532 6.84512 6.41639 6.95169 6.34314 6.31227 6.09765 5.9281 5.68802 6.34035 5.17273 5.06309 4.72068 4.65781 4.61104 4.36002 4.35236 4.17434 5.20604 4.19308 8.1854 4.60839 4.82976 4.26214
threshold=0.0088049481694041625 0.60678019017954943 583.50000000000011 33.500000000000007 575.50000000000011 13.500000000000002 5094.5000000000009 1570.1666666650001 100931.00000000001 1158.5000000000002 1.0000000180025095e-35 1567682.0000000002 2.0833333333350006 81.366666666650019 1.5000000000000002 1.0000000180025095e-35 6.5000000000000009 607.50000000000011 23183.500000000004 15.500000000000002 2.5000000000000004 2.5000000000000004 1.5000000000000002 10.500000000000002 14.500000000000002 11.100000000000001 7206.5000000000009 435.50000000000006 60368.000000000007 8.5000000000000018
decision_type=2 2 2 2 2 2 2 2 2 2 2 2 2 2 2 2 2 2 2 2 2 2 2 2 2 2 2 2 2 2
left_child=17 4 6 8 19 7 14 11 9 13 -11 -6 -10 -4 -3 21 -12 -1 -14 -2 22 23 -18 25 -25 29 27 -27 -29 -16
right_child=1 2 3 -5 5 -7 -8 -9 12 10 16 -13 18 -15 15 -17 20 -19 -20 -21 -22 -23 -24 24 -26 26 -28 28 -30 -31
leaf_value=-0.048441658903581875 -0.048506205330208579 0.0051933424009339086 0.0086538512650681659 0.024754053750611148 -0.0035394884244201899 0.014019411940171134 0.033737793361715958 -0.05066265941889208 0.021722985922361146 -0.0027193622044432097 0.031281518113834575 -0.02396897224600246 0.0026167792583459159 -0.020635816483953962 -0.0094181313884295747 0.049964241755080512 -0.014563261460393563 -0.016410197854919231 -0.072751805830022276 -0.019200580959163237 0.027301688853705677 -0.050121006560034369 0.014786306801604809 -0.064351151210583116 -0.01413882515313335 -0.029263694888535516 -0.057312414184676523 0.019860887987145796 -0.0046525262811359085 -0.06949281109711912
leaf_weight=115.75032766549521 15.682114367033135 154.75121822505025 197.33706337201875 135.54215214162832 223.57382789828716 45.426855062211871 15.464620474609545 9.2837265207435831 44.27432144805789 29.518596548325149 85.205448167631403 45.506267972451496 440.43902111219359 18.932743513141759 99.602912556088995 4.7905354909598818 18.546347426366992 13.808516936549493 2.0874563681209102 100.13874657274209 41.124772430135636 6.0261740221176288 39.608678744290955 6.124975796963553 32.836835223308299 8.1069275212794292 5.2727698975213562 51.026498420658754 33.146177162445383 3.0426584584638467
leaf_count=763986 19195 2098 1820 667 60371 3673 111 15005 354 798 465 14426 5351 318 2215 18 175 72852 392 103070 392 103 250 184 905 662 1357 1396 1289 152
internal_value=0 0.00305045 0.00694774 0.0101254 -0.0100065 -0.00529835 -0.00101244 -0.00845086 0.00796326 0.0124118 0.0188007 -0.00699448 0.00403129 0.00608977 -0.00234024 -0.00700401 0.0222441 -0.0450277 0.00226126 -0.0231686 0.0144878 -0.00811708 0.00542637 -0.00705869 -0.0220324 -0.00414456 0.00327808 0.00674016 0.0102078 -0.0111989
internal_weight=0 1912.42 1472.81 1052.62 439.612 323.791 420.192 278.364 917.074 430.274 214.004 269.08 486.801 216.27 404.728 249.976 184.485 129.559 442.526 115.821 99.2798 245.186 58.155 239.16 38.9618 200.198 97.5524 92.2796 84.1727 102.646
internal_count=1074050 237212 21472 10982 215740 93475 10490 89802 10315 4218 2080 74797 6097 2138 10379 8281 1282 836838 5743 122265 817 8263 425 8160 1089 7071 4704 3347 2685 2367
is_linear=0
shrinkage=0.05


Tree=84
num_leaves=31
num_cat=0
split_feature=0 0 50 0 40 76 54 40 36 79 3 76 36 73 2 76 74 79 43 74 0 76 62 72 2 76 3 79 57 57
split_gain=106.754 30.484 17.9585 14.103 12.0713 11.8594 10.18 9.58238 8.67423 7.37598 6.23275 5.85582 5.52071 5.45376 5.56072 7.26663 5.26428 5.23217 4.95057 5.75076 5.32657 5.37447 5.31726 4.94854 4.59675 7.72957 5.07012 4.56951 4.56434 4.51392
threshold=0.043984350660107828 0.86620967868038068 1.0000000180025095e-35 0.0019437620776660012 1.0000000180025095e-35 577.50000000000011 0.028191500000000005 37.500000000000007 1095.5000000000002 4.5000000000000009 38.500000000000007 614.50000000000011 12402.500000000002 1.5000000000000002 23453.500000000004 578.50000000000011 8.5000000000000018 208.50000000000003 1.0000000180025095e-35 1.0000000180025095e-35 0.26731028589363609 659.50000000000011 27.500000000000004 45.100000000000009 8236.5000000000018 604.50000000000011 75120.500000000015 22.500000000000004 83.500000000000014 1.5000000000000002
decision_type=2 2 2 2 2 2 2 2 2 2 2 2 2 2 2 2 2 2 2 2 2 2 2 2 2 2 2 2 2 2
left_child=3 2 5 -1 13 8 -4 12 -2 -5 -6 28 18 14 -3 -16 17 -12 20 -20 21 -7 -22 -9 25 -18 -26 -17 -11 -10
right_child=1 4 6 9 10 7 -8 23 29 11 16 -13 -14 -15 15 27 24 -19 19 -21 22 -23 -24 -25 26 -27 -28 -29 -30 -31
leaf_value=-0.048238775044458233 -0.0099216033865209951 0.0085347934850885706 0.0037371308508478774 -0.0037585132250034397 0.044153465887123433 -0.022305865639685968 0.033762286070722784 0.023389302688868682 -0.043263838500755027 -0.042385004236081519 0.017268443889030424 0.0037059275509977833 -0.040804436651581663 0.049870639607505624 -0.018067002899506985 0.0040244412248875254 -0.044922635189793975 -0.029794693557311482 0.027284929661154478 -0.014500256077734523 -0.0052126551285385002 0.040012251925239176 0.033228984681378575 -0.01063187648092951 0.044930178714005675 0.011175686388397846 -0.008440930417719936 -0.036371390785242888 0.88473775366303775 -0.017887311547497124
leaf_weight=103.95135252661066 112.13893967713466 374.50292744621402 109.87213247565523 36.446663509573682 18.475509565789253 68.942439815466059 37.992276157659944 45.096707497097668 40.290549322861807 38.394699962984305 342.68005401175469 8.5423167760245615 11.305868601781183 6.6800636854022732 49.680256280349568 243.63050774851581 12.002190421451816 6.0091017457889384 22.960509615950286 12.838322051633439 223.08133865654963 3.642565384740009 9.3734435647129413 14.008822153004074 8.5416992628015596 12.572592247277496 9.2890392476692778 7.2077362528070799 0.013279876293380677 31.012141284238169
leaf_count=697189 26715 2669 6803 63076 74 20680 649 534 33212 172538 1964 9729 9355 30 838 1841 278 253 2036 1176 11835 190 648 755 44 96 70 144 3 8626
internal_value=0 0.00367287 -0.00414212 -0.0359513 0.00899059 -0.0080194 0.0114518 -0.00330364 -0.0185914 -0.0206355 0.015775 -0.0337368 -0.00643049 0.00491446 0.00446957 -0.000596476 0.0144344 0.0164574 -0.00529028 0.0122998 -0.00735461 -0.0191785 -0.00366254 0.0153258 -0.00219997 -0.0162224 0.0171262 0.00286368 -0.0420644 -0.0322267
internal_weight=0 1833.83 742.556 187.348 1091.27 594.692 147.864 411.25 183.442 83.397 409.57 46.9503 352.144 681.701 675.021 300.519 391.095 348.689 340.839 35.7988 305.04 72.585 232.455 59.1055 42.4055 24.5748 17.8307 250.838 38.408 71.3027
internal_count=1074050 131515 123214 942535 8301 115762 7452 47209 68553 245346 2779 182270 45920 5522 5492 2823 2705 2217 36565 3212 33353 20870 12483 1289 488 374 114 1985 172541 41838
is_linear=0
shrinkage=0.05


Tree=85
num_leaves=31
num_cat=0
split_feature=0 0 54 76 76 40 0 40 62 58 72 72 50 36 2 68 68 74 68 2 76 74 0 0 68 40 43 76 3 65
split_gain=101.242 35.5229 13.9534 13.9187 9.95316 9.46428 10.3008 7.45663 7.00544 7.28177 5.69425 5.39302 5.19921 5.13343 6.62356 5.06341 8.39967 5.2782 5.42177 5.02117 5.01271 4.84788 4.74803 4.7387 6.39892 4.49688 4.20622 4.18863 4.18754 4.14976
threshold=0.0088049481694041625 0.60678019017954943 0.0017535000000000003 567.50000000000011 575.50000000000011 2.5000000000000004 0.94875966535953815 1.0000000180025095e-35 1.5000000000000002 3.5000000000000004 6.708333333335001 13.083333333350001 1.0000000180025095e-35 368.50000000000006 593143.50000000012 100.50000000000001 98.500000000000014 6.5000000000000009 108.50000000000001 109478.50000000001 599.50000000000011 8.5000000000000018 0.94875966535953815 0.94875966535953815 10.500000000000002 798.50000000000011 1.0000000180025095e-35 562.50000000000011 393.00000000000006 50.000000000000007
decision_type=2 2 2 2 2 2 2 2 2 2 2 2 2 2 2 2 2 2 2 2 2 2 2 2 2 2 2 2 2 2
left_child=20 4 3 29 25 6 15 26 9 23 -7 22 21 -13 -15 16 -5 -17 -19 -10 28 -9 -12 27 -25 -2 -6 -4 -1 -3
right_child=1 2 8 5 7 10 -8 12 19 -11 11 13 -14 14 -16 17 -18 18 -20 -21 -22 -23 -24 24 -26 -27 -28 -29 -30 -31
leaf_value=0.023002298204135001 -0.0252873331927191 -0.032985423358435628 -0.025802468538383 -0.0062162032304119864 -0.013279098281945307 0.021458958497203019 0.008048892293055207 0.0029543563773106506 0.041845989161237468 -0.02756274779220802 0.0006223696984784642 0.042145457427196414 0.026750175757634827 0.011485389789278768 -0.045048694164247297 0.013505508910631204 -0.054014243365930727 0.035550921084499053 -0.01330892246223259 0.017365093339041668 -0.019774599746069085 -0.049504046240438367 -0.046557063502026277 -0.030443576580027987 0.025980510361118571 0.014695351506053772 0.0068301017826215178 0.0097182997868309057 -0.050313379974840033 -0.0077939154694910435
leaf_weight=1.9863030113360753 104.61912998555454 19.381930549352546 9.0268889118451607 186.3431206443347 186.74866495247443 135.4649132253835 471.56427715683822 72.231476370733617 38.291448315256275 11.341733942565041 16.458977129659619 12.140434411121531 23.22247041384253 64.098299739962386 5.6365585489111245 69.130999277978844 9.6682984857397951 6.4571102857589713 47.041298296651803 46.23741913959384 17.294854257041152 4.6901121706123368 7.8886339003220192 5.3588717468082896 80.599532185820863 7.5392457303678375 30.210909239271132 102.98252129013417 100.01486243740328 104.42149199595588
leaf_count=5139 118842 1144 279 6178 65450 768 2514 17739 196 305 182 71 1205 1072 149 1174 679 128 1075 293 111827 1204 57 42 382 3423 7877 1155 719872 3629
internal_value=0 0.00283607 0.00657744 0.00410385 -0.00979783 0.00600448 0.00335626 -0.00526985 0.0163063 0.0114002 0.0146629 0.00599598 0.00601557 0.0121397 0.00691583 -0.00358848 -0.00857385 0.00438016 -0.00741167 0.0284549 -0.0446653 -0.000244171 -0.0146638 0.0136324 0.0224629 -0.0225997 -0.010479 0.00685567 -0.0488857 -0.0117377
internal_weight=0 1878.8 1449.53 1155.7 429.262 1031.89 790.205 317.104 293.838 209.31 241.688 106.223 100.144 81.8753 69.7349 318.641 196.011 122.629 53.4984 84.5289 119.296 76.9216 24.3476 197.968 85.9584 112.158 216.96 112.009 102.001 123.803
internal_count=1074050 237212 21472 18820 215740 14047 11748 93475 2652 2163 2299 1531 20148 1292 1221 9234 6857 2377 1203 489 836838 18943 239 1858 424 122265 73327 1434 725011 4773
is_linear=0
shrinkage=0.05


Tree=86
num_leaves=31
num_cat=0
split_feature=0 0 76 40 50 2 40 0 0 76 79 36 42 40 68 40 54 76 2 74 1 74 74 54 3 79 36 54 72 76
split_gain=96.4407 34.5853 16.3776 11.806 10.3137 8.30907 8.05466 6.69209 6.63524 6.42745 6.16673 6.0357 5.58327 5.37141 4.50887 5.86408 4.47443 4.60049 4.39827 4.34584 4.32132 4.25697 5.12677 6.50458 4.81278 4.14293 4.83251 4.3202 4.1194 5.07612
threshold=0.37969951586789719 0.0019437620776660012 583.50000000000011 2.5000000000000004 1.0000000180025095e-35 8.9884656743000007e+307 742.50000000000011 0.86620967868038068 0.94875966535953815 567.50000000000011 2.5000000000000004 10300.500000000002 11.500000000000002 297.50000000000006 17.500000000000004 40.500000000000007 0.021795500000000006 620.50000000000011 580687.00000000012 9.5000000000000018 1.0000000180025095e-35 13.500000000000002 2.5000000000000004 0.0040740000000000004 152.00000000000003 3.5000000000000004 932.50000000000011 0.090682000000000013 110.10000000000001 619.50000000000011
decision_type=2 2 2 2 2 2 2 2 2 2 2 2 2 2 2 2 2 2 2 2 2 2 2 2 2 2 2 2 2 2
left_child=1 -1 6 8 9 10 7 -2 16 -3 -5 18 14 -6 15 -12 17 -4 -11 -16 -8 22 -9 24 -24 26 27 -18 -10 -30
right_child=2 4 3 5 13 -7 20 21 28 11 12 -13 -14 -15 19 -17 25 -19 -20 -21 -22 -23 23 -25 -26 -27 -28 -29 29 -31
leaf_value=-0.048016056693713255 -0.012361501646020165 -0.032198549101992401 -0.0065867831838417115 0.024949770471796025 0.0032288848832690599 -0.0095910378764023346 0.012073061714387167 -0.0090369586994140071 0.011260544340317202 -0.0069011671020066129 -0.07515492541775412 -0.046311832274072304 -0.018711660690925218 0.06354282261916798 0.021686835534532135 0.024933980816788187 -0.0011877085623755803 0.0064010288371342322 -0.024219374077170692 -0.034286169759297512 0.057026732991543753 -0.042226709774690702 0.040665954460885188 0.024861380506380773 -0.0008934310518863589 -0.017147760744180993 0.038227830449135962 0.05149921466246337 -0.018286685635185883 0.019401083564706077
leaf_weight=95.314703142895723 160.32085601911604 56.991832589455953 188.20450407821045 189.61499435896985 40.075774129868023 26.119930521264905 32.073196068420657 78.26153724710457 413.35786798543995 150.30858127922966 3.0590383171220301 12.98345048104329 15.183288643311242 4.0659303005704706 61.095584157301346 2.8055780891008908 26.587242580833848 106.91563706415036 48.488958152670875 3.6765008273068807 6.4152660220861426 5.6650024657137683 7.360414537601172 37.357122281566262 130.07504046882968 9.5464344281936047 19.570409070700407 4.5577788001392028 26.447572966455482 13.492584766005164
leaf_count=697189 17698 147594 8434 1023 17632 288 525 1066 2022 109790 347 25185 187 88 838 34 449 2453 38338 116 21 164 36 233 1440 374 179 59 165 83
internal_value=0 -0.0216469 0.00563663 0.00891726 -0.0136148 0.0173607 -0.00232412 -0.0043347 0.00576873 -0.0172935 0.0199166 -0.0132824 0.00879591 0.00878445 0.0147086 -0.0272733 0.000653624 -0.00188158 -0.0111253 0.0185098 0.019566 0.000639281 0.0015989 0.006361 0.0013323 0.0130693 0.0187572 0.00652252 0.00977892 -0.005555
internal_weight=0 408.229 1567.76 1110.23 312.915 301.555 457.528 419.04 808.68 268.773 275.435 211.781 85.82 44.1417 70.6367 5.86462 355.382 295.12 198.798 64.7721 38.4885 258.719 253.054 174.793 137.435 60.2619 50.7154 31.145 453.298 39.9402
internal_count=1074050 1035816 38234 17051 338627 2833 21183 20637 14218 320907 2545 173313 1522 17720 1335 381 11948 10887 148128 954 546 2939 2775 1709 1476 1061 687 508 2270 248
is_linear=0
shrinkage=0.05


Tree=87
num_leaves=31
num_cat=0
split_feature=0 0 64 0 76 44 40 40 76 36 79 79 3 43 2 76 36 76 42 2 42 60 0 50 73 55 54 68 68 54
split_gain=91.9259 27.2753 16.2475 12.7407 12.2688 10.8052 8.95964 7.84361 6.87689 6.37363 6.35347 6.15984 5.76586 5.45709 5.64649 5.42387 5.25097 5.15628 4.88641 4.88157 4.94393 4.71466 4.68549 5.09892 4.63739 4.56628 4.44154 4.39561 6.18746 9.86386
threshold=0.043984350660107828 0.86620967868038068 1.0000000180025095e-35 0.0019437620776660012 577.50000000000011 1.0000000180025095e-35 36.500000000000007 1.0000000180025095e-35 669.50000000000011 1113.5000000000002 4.5000000000000009 267.50000000000006 38.500000000000007 1.0000000180025095e-35 1741219.0000000002 621.50000000000011 4381.5000000000009 587.50000000000011 9.5000000000000018 21207.500000000004 33.500000000000007 26.500000000000004 0.26731028589363609 1.0000000180025095e-35 1.5000000000000002 1.0000000180025095e-35 0.030651500000000002 101.50000000000001 99.500000000000014 0.061179500000000005
decision_type=2 2 2 2 2 2 2 2 2 2 2 2 2 2 2 2 2 2 2 2 2 2 2 2 2 2 2 2 2 2
left_child=3 2 4 -1 16 7 9 19 11 -4 -5 13 -9 14 22 -12 -2 -14 -10 25 21 24 23 -6 -21 27 -24 28 -3 -30
right_child=1 5 6 10 8 -7 -8 12 18 -11 15 -13 17 -15 -16 -17 -18 -19 -20 20 -22 -23 26 -25 -26 -27 -28 -29 29 -31
leaf_value=-0.047836280011736225 -0.016726751069881404 0.0044143574261336646 -0.0042124112062540981 -0.0044959391312385027 -0.020586635011968144 0.038087481895052094 0.029535129219473256 0.042428724782132582 0.04717281593552558 0.019051569820933076 -0.040607128296003159 -0.035332976770906889 0.0041742253704212303 0.016354346239593909 -0.02102242589943866 0.0077999896249116522 -0.046165223926681265 0.016673045272936986 -0.059841333618595963 -0.0016083394989321702 -0.045752711945796672 0.028905253408190574 -0.0022120140335696323 0.02468279594401222 0.047891321799180875 0.056134829495315931 0.017164009251765613 0.013104268631395114 -0.054578807294578285 0.074970193442795208
leaf_weight=91.265051042667437 152.54385329554134 161.92563036544016 97.239758884014009 34.96395394117144 50.43117326221909 29.835127981379628 40.542033265766804 16.348835224751383 9.8036173237051099 42.226386699308932 37.095816727679448 15.601478404594671 130.8188206187333 32.297240316111129 47.946499892492284 6.8562258167839891 16.817822845793671 223.47859629010782 1.1969503685832013 283.60680514882552 5.8656484503298989 14.023443767800925 171.81058999497327 7.0954084135009898 4.8118967376649371 4.9197837449610224 35.726482078316621 179.81079103262164 9.3406563648022694 1.743605364114045
leaf_count=697189 49866 1303 9438 63076 12621 136 351 72 181 2434 175971 14013 1269 2352 5065 6299 17384 1317 11 2662 104 109 7919 849 24 20 730 1098 183 4
internal_value=0 0.00334256 -0.00416726 -0.0351147 -0.00849488 0.00842134 0.00884559 0.00756758 -0.003415 0.00283126 -0.0204024 -0.00460202 0.0133977 -0.00321355 -0.00523262 -0.0330559 -0.01965 0.0120581 0.0355288 0.00432321 -0.000287719 0.000594042 -0.00237645 -0.015003 -0.000782501 0.008297 0.00112347 0.00762995 0.00194043 -0.0342002
internal_weight=0 1787.81 721.279 170.181 541.271 1066.53 180.008 1036.69 371.909 139.466 78.916 360.909 370.646 345.307 313.01 43.952 169.362 354.297 11.0006 666.048 308.308 302.442 265.064 57.5266 288.419 357.74 207.537 352.821 173.01 11.0843
internal_count=1074050 131515 123214 942535 110991 8301 12223 8165 43741 11872 245346 43549 2658 29536 27184 182270 67250 2586 192 5507 2899 2795 22119 13470 2686 2608 8649 2588 1490 187
is_linear=0
shrinkage=0.05


Tree=88
num_leaves=31
num_cat=0
split_feature=0 0 50 0 76 40 79 54 74 58 69 3 76 76 44 40 36 2 2 68 2 2 48 42 36 2 3 48 62 69
split_gain=87.2782 26.2243 15.3154 12.3602 10.2053 9.2967 8.26178 7.19665 6.53807 5.99789 5.75175 7.89675 5.57149 5.25026 5.12043 5.0822 4.6971 4.64096 5.77686 4.98922 4.97582 4.87438 5.4253 4.56437 8.12723 7.24612 5.01207 4.66945 5.59968 4.48785
threshold=0.043984350660107828 0.86620967868038068 1.0000000180025095e-35 0.0019437620776660012 620.50000000000011 5.5000000000000009 151.50000000000003 0.028191500000000005 6.5000000000000009 3.5000000000000004 1.5000000000000002 994244.00000000012 630.50000000000011 560.50000000000011 1.0000000180025095e-35 1758.5000000000002 1471.5000000000002 175.00000000000003 2826.5000000000005 118.50000000000001 64.000000000000014 23.500000000000004 4.5000000000000009 6.5000000000000009 1388.5000000000002 3434.5000000000005 19615.500000000004 1.5000000000000002 3.5000000000000004 1.5000000000000002
decision_type=2 2 2 2 2 2 2 2 2 2 2 2 2 2 2 2 2 2 2 2 2 2 2 2 2 2 2 2 2 2
left_child=3 2 4 -1 6 13 8 -4 15 -5 -7 -12 -11 -3 17 16 -2 19 29 20 21 22 -15 27 25 -25 -26 -20 -29 -19
right_child=1 5 7 9 -6 10 -8 -9 -10 12 11 -13 -14 14 -16 -17 -18 18 23 -21 -22 -23 -24 24 26 -27 -28 28 -30 -31
leaf_value=-0.04768300091952922 -0.0036039840866218678 -0.012162201341203259 0.0038179746443803468 -0.0053727064997810591 0.0074961676068728989 -0.0060473638613721889 -0.035292625498351306 0.029382619791005905 -0.019868013562602482 -0.040118529129070588 0.025785172531382568 0.004035002885054222 0.016176147826069555 -0.073332119202483767 0.065877940855048486 0.017472130081308494 -0.017343257619000071 0.016860656883170021 0.0072372146380953548 0.0069155465072005739 -0.051308483217494642 0.034071956542772966 0.016087054440432551 -0.071472745707360119 -0.027586964381471887 0.0075760332710080426 0.038980901664657751 -0.0067148866015081009 0.016663462895323448 -0.01263948558672384
leaf_weight=87.449731746534326 234.73357796255095 38.972328868228942 106.2214651781469 36.128821497673925 91.178144696175877 24.104476383770816 32.009399037966432 37.159557825216325 105.645967774366 36.197171289815742 150.44676071614958 57.750371735892259 5.0026109830396299 3.6024271512287687 3.6310014501214019 22.245181632497406 84.637490469169279 179.57265527965501 226.19684308680007 23.568897531775292 10.406435013399458 4.9255201055202633 3.2058681594207883 3.014194138813763 3.0941988159902385 75.886430304963142 32.82658442016691 171.62515653786249 30.107204146683216 13.889466048334723
leaf_count=697189 30565 589 6803 64495 5978 236 39468 649 20803 177471 860 346 3380 29 18 752 18196 1096 1531 225 176 32 18 36 31 684 195 1707 362 130
internal_value=0 0.00323904 -0.00416483 -0.0348057 -0.00783659 0.00823996 -0.0107535 0.0104435 -0.00899734 -0.020243 0.017075 0.019752 -0.033283 0.00575078 0.00663947 -0.00563555 -0.00724507 0.00636438 0.00732421 -0.00909501 -0.0261387 -0.0038162 -0.0312267 0.0046799 0.0135318 0.00455618 0.0332468 0.00230478 -0.00322582 0.0147427
internal_weight=0 1770.66 713.831 164.778 570.45 1056.83 479.272 143.381 447.262 77.3286 232.302 208.197 41.1998 824.525 785.553 341.616 319.371 781.922 736.213 45.7091 22.1403 11.7338 6.8083 542.751 114.821 78.9006 35.9208 427.929 201.732 193.462
internal_count=1074050 131515 123214 942535 115762 8301 109784 7452 70316 245346 1442 1206 180851 6859 6270 49513 48761 6252 5772 480 255 79 47 4546 946 720 226 3600 2069 1226
is_linear=0
shrinkage=0.05


Tree=89
num_leaves=31
num_cat=0
split_feature=0 0 64 76 44 76 58 36 69 42 68 3 36 2 76 60 68 50 72 36 40 72 76 76 36 57 72 60 0 54
split_gain=82.804 30.6876 15.6565 12.0565 10.5623 9.39016 7.79381 7.30183 7.30021 7.07193 7.84864 6.22501 6.31936 6.17646 6.12085 5.89006 5.73304 5.5151 5.45166 5.32117 5.21747 6.12824 4.9179 6.68091 4.91241 4.90511 5.00168 5.06249 5.70546 4.84825
threshold=0.37969951586789719 0.0019437620776660012 1.0000000180025095e-35 589.50000000000011 1.0000000180025095e-35 597.50000000000011 142.50000000000003 1719.5000000000002 1.5000000000000002 1.0000000180025095e-35 77.500000000000014 152.00000000000003 5949.5000000000009 642.50000000000011 551.50000000000011 36.500000000000007 104.50000000000001 1.0000000180025095e-35 3.2916666666650003 3800.5000000000005 4.5000000000000009 2.7083333333350006 681.50000000000011 610.50000000000011 1437.5000000000002 13.500000000000002 5.3666666666650009 2.5000000000000004 0.7740980979447657 0.083427500000000016
decision_type=2 2 2 2 2 2 2 2 2 2 2 2 2 2 2 2 2 2 2 2 2 2 2 2 2 2 2 2 2 2
left_child=1 -1 3 8 7 6 -3 15 11 10 -10 -2 13 18 17 29 -5 -11 -13 -12 21 24 23 -9 -18 26 27 28 -15 -4
right_child=2 5 4 16 -6 -7 -8 22 9 14 19 12 -14 25 -16 -17 20 -19 -20 -21 -22 -23 -24 -25 -26 -27 -28 -29 -30 -31
leaf_value=-0.047532185208424567 0.029281846880542285 -0.01647653066456526 0.0075374748678954835 0.0017592311439127029 0.042112711596801328 -0.0015418226303952752 -0.049199406398345122 0.010547463212931927 0.0084814227211349336 -0.06204889365664578 -0.046563899639258603 0.018135967281252684 -0.050990446191069697 -0.039422952289716894 0.01461639987370473 -0.018863958912566901 0.011500326192497128 0.065426401024124115 -0.050909566189856252 0.012861283546124464 0.026563340141943798 0.0040114280090977816 -0.024720534388139714 0.034713096303012711 0.060319364793969404 -0.056313884313660148 -0.0017193071632705061 -0.038920444414768933 5.4076423183559479e-06 0.041760637583746187
leaf_weight=83.735814762866312 9.6196476905315631 171.24009238210601 451.3659643267456 291.87762849389037 26.560995065607131 108.44326482337101 20.359981257689242 54.799390197789762 21.959360625973204 4.6572130098211337 17.379272353122364 3.527190290187721 9.8351790425840573 12.023537327724624 90.614879985871085 20.821530716901179 11.592530371621253 1.0374961446505038 15.08880389335536 4.8096142142967429 50.896272067562677 129.97201502578537 5.6261684154160312 59.824329926283099 9.2763333390466851 5.1121472073573377 153.89943416105234 20.220173257228453 38.730024556396529 10.591520444490014
leaf_count=697189 100 193398 5744 6959 110 52359 92870 632 1715 290 1760 105 3570 1462 1202 346 103 11 1538 479 439 2099 41 342 52 483 7287 722 584 59
internal_value=0 -0.0207684 0.00520363 0.000980617 0.0112547 -0.0132992 -0.0199538 0.00989553 -0.00537325 0.00386042 -0.0127104 -0.0102116 -0.0116816 -0.0101265 0.0114565 0.00714963 0.00623905 -0.0388247 -0.0378274 -0.033683 0.0127206 0.00804977 0.0209198 0.02316 0.0332007 -0.00788423 -0.00678326 -0.0177639 -0.00933519 0.00832213
internal_weight=0 383.779 1531.72 902.129 629.59 300.043 191.6 603.029 408.514 140.458 44.1482 268.056 258.436 248.601 96.3096 482.779 493.615 5.69471 18.616 22.1889 201.737 150.841 120.25 114.624 20.8689 229.985 224.873 70.9737 50.7536 461.957
internal_count=1074050 1035816 38234 30960 7274 338627 286268 7164 21308 5457 3954 15851 15751 12181 1503 6149 9652 301 1643 2239 2693 2254 1015 974 155 10538 10055 2768 2046 5803
is_linear=0
shrinkage=0.05


Tree=90
num_leaves=31
num_cat=0
split_feature=0 0 76 69 66 0 36 40 2 58 58 68 3 3 40 76 74 58 76 36 40 3 2 2 57 62 48 76 42 76
split_gain=78.7004 24.2643 16.8621 12.4867 11.9671 11.5509 8.84135 8.31839 8.51107 5.59471 5.55454 5.32319 5.99904 5.2524 5.83787 5.23727 5.06159 5.19521 4.90838 4.81447 4.62559 5.53911 5.18888 4.61485 5.74528 4.59228 5.61952 4.51844 4.3896 4.29121
threshold=0.043984350660107828 0.94875966535953815 597.50000000000011 1.5000000000000002 0.096819500000000017 0.0019437620776660012 1542.5000000000002 1.0000000180025095e-35 567261.00000000012 1.5000000000000002 3.5000000000000004 121.50000000000001 996929.50000000012 26422.500000000004 1707.0000000000002 584.50000000000011 11.500000000000002 240.50000000000003 630.50000000000011 1140.5000000000002 1.5000000000000002 135333.00000000003 10859.000000000002 593143.50000000012 2.5000000000000004 3.5000000000000004 1.5000000000000002 641.50000000000011 30.500000000000004 545.50000000000011
decision_type=2 2 2 2 2 2 2 2 2 2 2 2 2 2 2 2 2 2 2 2 2 2 2 2 2 2 2 2 2 2
left_child=5 2 3 16 11 -1 20 28 13 -8 -7 15 -13 19 -15 25 17 23 -12 -9 -5 -22 -23 -2 -25 26 -3 -21 -4 -24
right_child=1 4 7 6 -6 10 9 8 -10 -11 18 12 -14 14 -16 -17 -18 -19 -20 27 21 22 29 24 -26 -27 -28 -29 -30 -31
leaf_value=-0.047351873867109213 -0.007344882385122921 0.0071255791472295106 0.00077576345685950482 -0.030742222875420146 0.053027080856933008 -0.0056193684665487714 0.0059304707498896748 -0.02388462648142739 -0.0090468835426381379 -0.030289068577712602 -0.03964498824042885 0.02175751549869458 -0.023294061500120193 0.019858107690673917 0.057090365318660255 0.0097819229351064785 -0.040906014383884082 -0.044498306393730515 0.013973380313924278 0.00010814640942756914 0.024005322276814251 -0.073480755189818545 -0.051290959839760446 -0.03047839147338521 -0.0038738228312969816 0.019049664284728991 -0.01508165637587797 0.047753169408067807 -0.03650472545834102 0.0071248297793875849
leaf_weight=80.201108589595151 256.83783477026736 50.535465496592224 265.30785842688238 7.1937346198137666 15.855024505406616 35.296321564504979 17.01968509393555 12.158502990088889 34.484175468791364 28.541287919368187 34.283836292110209 110.81658921367489 7.9171925941482177 104.4501879253512 11.708416192122966 445.93940269417362 15.632036527476883 11.771692208472812 4.875210131149287 15.963942092846994 48.891200557846787 2.1519480807291975 3.2589893501826728 54.988426083647937 32.161252223213523 23.03891689167358 65.29391551669687 7.2297545428154981 8.1380944977572636 88.97393021831067
leaf_count=697189 37930 349 18147 1163 58 64495 580 397 755 14273 177471 542 49 2584 58 2343 5630 18880 3380 777 3657 285 1877 11303 4256 129 605 87 885 3916
internal_value=0 0.00302766 -0.00190553 -0.00767096 0.0100693 -0.0341859 0.0025383 0.00521493 0.0133725 -0.016759 -0.020004 0.00910117 0.0187535 0.0184752 0.023611 0.00714146 -0.0130597 -0.0118361 -0.0329696 0.00160015 0.00838134 0.0103457 0.00327002 -0.0107184 -0.0206604 -0.00133769 -0.00539281 0.0149597 -0.000333751 0.00506075
internal_weight=0 1746.26 1026.86 567.422 719.397 154.656 196.031 459.441 185.995 45.561 74.4554 703.541 118.734 151.511 116.159 584.808 371.391 355.759 39.159 35.3522 150.47 143.276 94.3849 343.988 87.1497 138.868 115.829 23.1937 273.446 92.2329
internal_count=1074050 131515 127440 103750 4075 942535 25751 23690 4658 14853 245346 4017 591 3903 2642 3426 77999 72369 180851 1261 10898 9735 6078 53489 15559 1083 954 864 19032 5793
is_linear=0
shrinkage=0.05


Tree=91
num_leaves=31
num_cat=0
split_feature=0 0 76 40 50 73 54 3 68 62 2 74 2 76 36 3 3 60 76 40 72 48 40 36 3 65 68 2 46 57
split_gain=76.8953 27.6704 14.7768 9.80518 8.92264 8.07344 6.72153 7.48045 7.76557 6.84023 6.4606 7.81173 6.4346 6.10442 5.66916 6.33983 7.61123 6.32093 5.5703 5.51641 5.70852 5.44496 5.36222 5.35841 5.14993 5.01845 7.90953 4.98741 4.93979 4.71471
threshold=0.37969951586789719 0.0019437620776660012 583.50000000000011 1707.0000000000002 1.0000000180025095e-35 1.5000000000000002 0.019906500000000004 72519.500000000015 5.5000000000000009 1.5000000000000002 120938.00000000001 8.5000000000000018 175.00000000000003 718.50000000000011 1087.5000000000002 6290.5000000000009 24717.000000000004 12.500000000000002 557.50000000000011 995.50000000000011 2.7750000000000004 5.5000000000000009 297.50000000000006 15506.500000000002 17021.500000000004 50.000000000000007 42.500000000000007 114529.50000000001 1.0000000180025095e-35 8.5000000000000018
decision_type=2 2 2 2 2 2 2 2 2 2 2 2 2 2 2 2 2 2 2 2 2 2 2 2 2 2 2 2 2 2
left_child=1 -1 5 6 18 10 7 8 -4 13 11 -2 -10 -9 15 25 24 -18 -3 20 -16 -19 -6 -20 -17 26 -14 -5 -12 -11
right_child=2 4 3 27 22 -7 -8 9 12 29 28 -13 14 -15 19 16 17 21 23 -21 -22 -23 -24 -25 -26 -27 -28 -29 -30 -31
leaf_value=-0.047146737961866636 0.0033574143110893977 -0.039016148961756536 -0.03712469055833819 0.041432111471342084 0.0020603924397833758 0.02554477974991878 0.016280948751123531 -0.0085739249982727441 -0.0074231977105256213 0.0062950753420979695 -0.0076448475848144033 -0.020332594263100825 0.056419881681004515 0.086827578133609584 0.037059216893298282 -0.005167969214703254 0.018529385297178371 -0.055783980134900851 -0.012674283107094134 -0.062556091972640199 0.01598553499202136 0.036574100514405301 0.063857598729077605 -0.046933516790140184 -0.043421015035231887 0.030819218571184883 -0.062685305803508673 -0.012604691327849502 -0.029428156801444269 -0.03112607992218705
leaf_weight=76.825649150496247 240.62118056031431 25.881989664015236 8.2984815133095235 30.720231006038375 39.156037974687024 23.85547540592961 172.39542577142129 148.7942435554869 39.060766844384489 326.8030338091703 98.078493572253137 40.681502790488594 2.2090349998034062 1.6958818733692158 41.606449126498774 36.368183841230348 52.440607503609499 5.6234161574393502 212.10697819487655 2.0074563119560471 141.16937245750523 2.2281245401827618 3.8560133086898523 12.062651837983593 11.606459242757408 34.861208913236624 3.7774531384347938 4.9594321902841321 35.426043429375568 8.6395752158714441
leaf_count=697189 10314 91176 701 130 17632 143 1791 3267 785 6308 5509 2387 18 4 204 479 628 83 201635 8 1714 35 88 28096 181 338 98 36 2830 243
internal_value=0 -0.020437 0.00499325 0.00814837 -0.0134351 -0.00274067 0.00726382 0.00547124 0.010714 0.00135787 -0.00436736 -6.85934e-05 0.0117784 -0.00749884 0.0140247 0.00677205 0.000439409 0.0122651 -0.0170535 0.0198773 0.0207827 -0.0295744 0.00760049 -0.0145178 -0.0144225 0.0235567 -0.0187351 0.0339211 -0.0134251 0.00533127
internal_weight=0 369.889 1513.93 1075.26 293.064 438.663 1039.59 867.19 381.257 485.933 414.807 281.303 372.959 150.49 333.898 149.114 108.267 60.2921 250.052 184.783 182.776 7.85154 43.0121 224.17 47.9746 40.8477 5.98649 35.6797 133.505 335.443
internal_count=1074050 1035816 38234 17051 338627 21183 16885 15094 5272 9822 21040 12701 4571 3271 3786 1860 1406 746 320907 1926 1918 118 17720 229731 660 454 116 166 8339 6551
is_linear=0
shrinkage=0.05


Tree=92
num_leaves=31
num_cat=0
split_feature=0 0 0 76 66 69 50 2 69 76 40 76 36 40 36 36 54 36 36 2 2 76 2 76 36 36 76 36 72 66
split_gain=72.6087 27.0216 14.4309 13.0724 10.8117 8.89876 8.29372 7.06466 7.27673 6.97473 6.0374 5.6465 5.40165 5.28724 4.84328 6.47139 7.51568 8.12004 6.29411 5.70275 5.77035 5.01958 4.95797 4.80434 11.0369 7.1999 5.89837 4.66095 4.64667 4.58936
threshold=0.37969951586789719 0.0019437620776660012 0.94875966535953815 618.50000000000011 0.096819500000000017 3.5000000000000004 1.0000000180025095e-35 1807278.0000000002 1.0000000180025095e-35 562.50000000000011 3860.0000000000005 567.50000000000011 10300.500000000002 1.5000000000000002 1404.5000000000002 481.50000000000006 0.020818500000000004 649.50000000000011 458.50000000000006 5746.0000000000009 5356.5000000000009 558.50000000000011 4151.5000000000009 614.50000000000011 878.50000000000011 766.50000000000011 608.50000000000011 24974.500000000004 447.16666666650002 0.047914000000000005
decision_type=2 2 2 2 2 2 2 2 2 2 2 2 2 2 2 2 2 2 2 2 2 2 2 2 2 2 2 2 2 2
left_child=1 -1 3 5 10 7 11 9 -9 29 14 -3 -13 -5 15 18 19 -18 -4 20 22 -16 23 26 25 -25 -17 -11 -23 -2
right_child=2 6 4 13 -6 -7 -8 8 -10 27 -12 12 -14 -15 21 16 17 -19 -20 -21 -22 28 -24 24 -26 -27 -28 -29 -30 -31
leaf_value=-0.047027275347980471 -0.021397728965768761 -0.031320962334071042 0.0104532761140992 0.0054532318053594616 0.052280276875136734 0.029162243135455693 0.0072495739593468229 -0.049802191879421365 -0.011194789700759763 0.0004690702317983993 0.050502293641182375 -0.010706626784700564 -0.046290615175357944 0.022729110571277883 -0.021624674631468735 0.0019946391355280084 -0.025340250502535362 0.0348929460470132 0.043641542146153289 -0.0095289584579004646 0.06037972399145989 0.018287039892025413 -0.044191450632324478 0.010557231736451365 0.037978031229544816 -0.053005883626360342 -0.046440962824908283 -0.05062098103315027 -0.014431345022440954 0.051700078207861683
leaf_weight=73.952107158800345 55.46069066570999 51.945480575223883 156.95396102080122 127.28820855515369 14.833257989026604 20.232241129124304 42.463910234342393 14.643189560043536 73.29768020098345 429.09224379561056 8.7108378969132882 183.81242755884682 11.32180559974722 67.920281454367796 9.0364180157193896 75.500423340126872 6.9750300087034693 28.287229816894978 15.716306499205528 121.74894183065044 4.5920054465532294 193.57729830825701 5.2624978767707935 13.458235938102009 28.240577848395333 6.6596243390813461 6.8563412968069306 4.5111152638437479 11.496182550443335 2.2337360372766843
leaf_count=697189 6782 147594 895 2851 58 233 17720 1854 3330 16360 31 148128 25185 561 86 470 46 124 69 813 16 1008 56 68 130 43 54 2176 108 12
internal_value=0 -0.0200525 0.00485098 0.000226218 0.0100426 -0.00343324 -0.0131629 -0.00457177 -0.0176234 -0.00223557 0.00913866 -0.0166711 -0.0127712 0.0114642 0.00861217 0.00577392 0.00130595 0.0229786 0.013474 -0.00160739 0.00525356 0.0148458 0.00339194 0.00530761 0.017817 -0.0104841 -0.00203771 -6.24596e-05 0.0164529 -0.0185676
internal_weight=0 363.496 1502.58 794.679 707.905 599.471 289.544 579.239 87.9409 491.298 693.072 247.08 195.134 195.208 684.361 470.251 297.581 35.2623 172.67 262.319 140.57 214.11 135.978 130.715 48.3584 20.1179 82.3568 433.603 205.073 57.6944
internal_count=1074050 1035816 38234 34159 4075 30747 338627 30514 5184 25330 4017 320907 173313 3412 3986 2784 1820 170 964 1650 837 1202 821 765 241 111 524 18536 1116 6794
is_linear=0
shrinkage=0.05


Tree=93
num_leaves=31
num_cat=0
split_feature=0 64 0 76 44 0 40 2 41 76 40 36 43 79 2 45 58 68 60 60 76 68 36 65 65 2 3 54 3 72
split_gain=68.7347 23.2081 17.1497 11.5201 10.9745 10.1897 7.68436 6.10373 5.62641 6.6883 6.69951 5.99385 5.51885 5.6527 5.2998 5.31062 4.96526 4.83356 5.42441 4.65911 4.54561 4.27851 4.18091 4.04815 5.33216 4.48952 5.61216 5.28699 4.18391 5.92913
threshold=0.043984350660107828 1.0000000180025095e-35 0.86620967868038068 576.50000000000011 1.0000000180025095e-35 0.0019437620776660012 2.5000000000000004 189759.50000000003 1.0000000180025095e-35 559.50000000000011 6.5000000000000009 721.50000000000011 1.0000000180025095e-35 817.50000000000011 1741219.0000000002 1.5000000000000002 3.5000000000000004 121.50000000000001 2.5000000000000004 14.500000000000002 630.50000000000011 24.500000000000004 2157.5000000000005 32.500000000000007 1.0000000180025095e-35 72.500000000000014 943.50000000000011 0.031135500000000003 353214.50000000006 2.7750000000000004
decision_type=2 2 2 2 2 2 2 2 2 2 2 2 2 2 2 2 2 2 2 2 2 2 2 2 2 2 2 2 2 2
left_child=5 2 3 22 6 -1 23 -8 9 11 -11 21 13 14 15 -5 -7 18 -12 -9 -18 -4 -2 24 -3 -25 -27 -28 29 -26
right_child=1 4 8 12 -6 16 7 19 -10 10 17 -13 -14 -15 -16 -17 20 -19 -20 -21 -22 -23 -24 25 28 26 27 -29 -30 -31
leaf_value=-0.04679184969750172 -0.016021724466094539 0.023996292183498573 -0.055575884348220597 -0.0036568716919316811 0.041512454815095981 -0.006303203617849854 0.024188847793232753 0.0090869903824475316 0.024810865037508057 0.0017856675182829473 0.021476959160693018 -0.035070241333392309 0.01542815566597823 -0.055141817628658697 -0.019904182997756016 0.026721561505890102 -0.039501621561664729 0.03224418874842476 -0.0093753743231585768 -0.037456250729433538 0.012943212041558544 0.020352942934205032 -0.037594288710654844 -0.023771845453590484 -0.048894731837635888 0.039452655259394454 0.0046200183536232158 0.02259350017086514 -0.044247205728220045 0.0084178209638643749
leaf_weight=71.07362463555819 123.14003892892833 9.5551652723079297 2.2227412536740294 261.95917143203769 26.7808913338813 34.220046071096021 118.15478446537963 46.169656031190243 31.942638563283253 376.35075892362511 33.223587097832933 20.707306627300568 34.7517224416315 5.6405952639815942 48.502771387904431 15.222472889465278 32.108558542069886 32.826367640634999 24.942441670689732 6.0855970155535024 4.7418542394625538 11.223912760149686 27.470272300201032 11.534503285016397 6.0957219191259382 13.587866726913488 343.09118415410194 46.455167852662271 10.654086422833641 17.37622904476666
leaf_count=697189 40251 350 78 26741 120 64495 1156 503 221 3530 244 422 3398 9222 5939 121 177471 175 179 85 3380 130 25319 207 358 104 8971 1051 1344 1296
internal_value=0 0.00278385 -0.00182425 -0.00831666 0.0101657 -0.033405 0.00883052 0.0178958 0.00446427 0.0031683 0.00472927 -0.0181912 -0.00352786 -0.0055161 -0.00465663 -0.00198853 -0.0200176 0.0169042 0.00824703 0.00366661 -0.0327531 0.00780186 -0.0199564 0.00546013 -0.00901769 0.00698522 0.00786525 0.00676344 -0.0182615 -0.00646639
internal_weight=0 1705.67 1050.13 516.687 655.541 142.144 628.76 170.41 533.44 501.497 467.343 34.154 366.077 331.325 325.684 277.182 71.0705 90.9924 58.166 52.2553 36.8504 13.4467 150.61 458.35 43.6812 414.669 403.134 389.546 34.126 23.472
internal_count=1074050 131515 115970 110991 15545 942535 15425 1744 4979 4758 4128 630 45421 42023 32801 26862 245346 598 423 588 180851 208 65570 13681 3348 10333 10126 10022 2998 1654
is_linear=0
shrinkage=0.05


Tree=94
num_leaves=31
num_cat=0
split_feature=0 0 76 40 76 0 2 58 66 38 76 70 72 68 72 72 46 72 40 79 79 38 79 74 36 40 2 62 2 2
split_gain=65.4501 25.0637 14.4819 12.2891 7.59429 7.51241 7.3409 6.83414 5.00279 4.91119 4.82547 4.56459 4.23659 5.8936 4.72852 3.96474 5.52242 4.73723 3.84076 4.42146 10.6653 3.72753 3.72064 3.77889 3.99352 3.5798 3.57718 4.35969 4.63761 3.70427
threshold=0.37969951586789719 0.0019437620776660012 572.50000000000011 2.5000000000000004 597.50000000000011 0.94875966535953815 155571.50000000003 142.50000000000003 0.045806000000000006 1.0000000180025095e-35 618.50000000000011 6.5000000000000009 110.10000000000001 13.500000000000002 1026.1666666650001 295.10000000000008 1.5000000000000002 380.12500000000006 1070.5000000000002 132.50000000000003 135.50000000000003 2.5000000000000004 291.50000000000006 6.5000000000000009 751.50000000000011 1.0000000180025095e-35 72.500000000000014 2.5000000000000004 64.000000000000014 1653.0000000000002
decision_type=2 2 2 2 2 2 2 2 2 2 2 2 2 2 2 2 2 2 2 2 2 2 2 2 2 2 2 2 2 2
left_child=1 -1 8 5 7 10 15 18 9 -2 11 22 26 -14 -15 -5 17 -17 -3 -20 -21 -12 23 -4 -25 -6 27 28 -7 -28
right_child=2 4 3 6 25 12 -8 -9 -10 -11 21 -13 13 14 -16 16 -18 -19 19 20 -22 -23 -24 24 -26 -27 29 -29 -30 -31
leaf_value=-0.046574217893714215 -0.0075853444938264224 -0.01734335421874162 -0.0003428239359165956 0.021204399066254653 -0.0074382080159248369 0.026756768068640847 0.0036468098750480102 -0.048640595469607334 0.026141479370181461 -0.058830012245288291 0.0046592092881254125 0.096740404413631409 -0.057109703944740159 -0.0054407793248619322 0.055819667783073103 -0.058172926177500361 -0.049929719826987067 0.027600050776534518 0.015670804353592156 1.6154033982851663 0.15719481219227455 0.044265533259542682 -0.04686557432987988 -0.026105930609603117 -0.004871394428532916 0.01399362658905306 0.018698562599770239 -0.053773686447135705 -0.035176924309917243 0.0076835274503552486
leaf_weight=68.336487230263629 209.66128168808063 155.97996038854717 180.45012257169219 226.4074838710585 77.303051669368188 7.703854731749745 104.96285252978123 17.59894060172337 10.804541576653717 4.7821577798895296 129.37613285494444 1.0981863467022766 5.1317302458919576 37.049390574684367 3.4426529030315569 1.9144156647962542 4.7069852396125489 10.115843464598582 5.8076644965808546 0.013499706856236915 0.17626774097334419 6.2265362118487237 5.3066253242759549 34.931854100810597 60.471903346624458 26.049948082029687 100.03231135592796 4.7342354936408801 4.9742354601621628 322.062112061074
leaf_count=697189 13940 191486 6874 1972 45547 41 1137 92870 84 468 2884 5 39 239 26 26 562 336 1712 12 188 82 2811 2011 2368 6812 524 26 49 1730
internal_value=0 -0.0193981 0.00461537 0.0067166 -0.0128342 0.0036398 0.0146978 -0.0190488 -0.00705552 -0.00872812 -0.00127416 -0.00499837 0.00787237 -0.00662991 -0.000232387 0.0194684 -0.00401427 0.0139507 -0.0158336 0.0234311 0.260929 0.00647783 -0.00539575 -0.00459799 -0.0126464 -0.00203635 0.0093778 -0.0128314 0.00245715 0.010294
internal_weight=0 351.266 1476.35 1251.1 282.929 902.992 348.108 179.576 225.248 214.443 417.861 282.259 485.131 45.6238 40.492 243.145 16.7372 12.0303 161.977 5.99743 0.189767 135.603 281.161 275.854 95.4038 103.353 439.507 17.4123 12.6781 422.094
internal_count=1074050 1035816 38234 23742 338627 19709 4033 286268 14492 14408 17035 14069 2674 304 265 2896 924 362 193398 1912 200 2966 14064 11253 4379 52359 2370 116 90 2254
is_linear=0
shrinkage=0.05


Tree=95
num_leaves=31
num_cat=0
split_feature=0 64 76 58 68 0 66 68 42 74 66 60 0 41 36 54 69 69 69 68 72 36 3 76 60 72 42 54 3 2
split_gain=62.0213 21.8784 17.2554 9.95051 9.69837 7.55751 7.28279 6.68234 5.80682 5.34518 5.1852 5.05808 5.62737 4.90698 4.89375 5.11583 4.85212 4.72571 4.70351 5.73852 7.26106 5.05804 4.61853 4.52224 4.42034 4.27557 4.15998 4.08031 4.00208 6.23929
threshold=0.043984350660107828 1.0000000180025095e-35 589.50000000000011 3.5000000000000004 121.50000000000001 0.7740980979447657 0.11901050000000001 104.50000000000001 1.0000000180025095e-35 10.500000000000002 0.086694000000000007 23.500000000000004 0.0044021329524748061 1.0000000180025095e-35 1719.5000000000002 0.052702000000000006 1.5000000000000002 3.5000000000000004 1.0000000180025095e-35 25.500000000000004 12.100000000000001 1888.5000000000002 1326.5000000000002 631.50000000000011 36.500000000000007 5.6333333333350009 38.500000000000007 0.019906500000000004 6290.5000000000009 370.00000000000006
decision_type=2 2 2 2 2 2 2 2 2 2 2 2 2 2 2 2 2 2 2 2 2 2 2 2 2 2 2 2 2 2
left_child=3 2 5 11 6 8 14 18 -2 -9 13 12 -1 -7 17 -16 -10 24 19 20 -4 22 -21 -5 -3 -24 -13 -14 29 -20
right_child=1 4 7 23 -6 10 -8 9 16 -11 -12 26 27 -15 15 -17 -18 -19 28 21 -22 -23 25 -25 -26 -27 -28 -29 -30 -31
leaf_value=-0.047673389157803635 -0.024445109959368629 0.004346443890416247 0.022637446854790681 -0.04559057735320203 0.02349367614610726 -0.0057279286060024567 0.038072495395223227 0.013204866796982568 -0.016105879726349529 -0.01515055977906922 0.045578551999706375 0.04615173069369316 -0.025780348357662148 0.028507256799554483 0.01939311500673048 -0.058593952034487078 0.0061447614184828138 0.046796288588171739 -0.017154266274745911 0.034408063398357162 -0.02163969446833848 -0.072468094943111142 -0.050580035828104497 0.00076058600057118942 -0.020868886821449065 -0.01118738699573448 -0.059961994069507966 0.012916949023672727 0.00067243064200291872 0.034762191184855663
leaf_weight=12.991214087754086 103.00033474957672 416.29223223657755 20.7683861219557 82.042739149568888 108.0068690754706 257.93831653772213 18.312429802492261 202.50469780434833 64.907168942021599 18.105941807363706 5.3050617403350762 5.23218132236775 14.588679535297617 10.909357946133239 78.604748375197232 2.1606649281748096 39.35797297159661 6.3337758639827362 7.9938484224803714 3.7845277822416383 16.708797029843481 4.8039705906885493 10.236079080175843 5.6229200819434473 18.137958835919562 21.060262936625804 1.1215984069469866 12.778859766712683 222.92376764126129 20.964176044846681
leaf_count=176905 62176 12193 586 698783 1263 4777 83 7763 15718 794 25 8683 30934 110 1167 182 4321 25 487 53 4026 838 668 12746 632 1856 5124 9360 11193 579
internal_value=0 0.0026158 -0.00190782 -0.0326857 0.0098167 -0.00881989 0.00708033 0.00414395 -0.0160248 0.0108777 -0.00337279 -0.0140466 -0.0205748 -0.00433873 0.0059921 0.0173068 -0.00770671 0.00391881 -0.000368007 -0.0111514 0.00289696 -0.0243518 -0.0177627 -0.0426176 0.00329367 -0.0240715 0.02742 -0.00771123 0.00294397 0.0204307
internal_weight=0 1679.12 1031.27 134.378 647.849 481.418 539.842 549.854 207.265 220.611 274.153 46.7125 40.3588 268.848 521.529 80.7654 104.265 440.764 329.244 77.362 37.4772 39.8848 35.0809 87.6657 434.43 31.2963 6.35378 27.3675 251.882 28.958
internal_count=1074050 131515 115970 942535 15545 87127 14282 28843 82215 8557 4912 231006 217199 4887 14199 1349 20039 12850 20286 8027 4612 3415 2577 711529 12825 2524 13807 40294 12259 1066
is_linear=0
shrinkage=0.05


Tree=96
num_leaves=31
num_cat=0
split_feature=0 0 76 40 2 50 0 2 74 54 0 76 36 36 40 73 41 58 2 2 63 36 76 36 72 38 60 48 38 76
split_gain=59.0602 23.2988 13.7052 10.6465 8.79159 7.62448 7.18582 6.57469 6.13694 5.25761 5.17093 5.03833 4.86939 4.47673 4.42122 4.33402 4.23994 3.92936 4.0014 3.95496 3.87045 3.9286 5.50844 4.00238 3.83334 3.76791 3.52785 3.96889 4.00674 3.73022
threshold=0.37969951586789719 0.0019437620776660012 578.50000000000011 2.5000000000000004 8.9884656743000007e+307 1.0000000180025095e-35 0.94875966535953815 120938.00000000001 9.5000000000000018 0.027459500000000005 0.86620967868038068 557.50000000000011 15506.500000000002 1176.5000000000002 297.50000000000006 1.5000000000000002 1.0000000180025095e-35 2.5000000000000004 1455534.0000000002 909872.50000000012 0.032581500000000006 657.50000000000011 678.50000000000011 607.50000000000011 101.10000000000001 2.5000000000000004 2.5000000000000004 1.5000000000000002 2.5000000000000004 681.50000000000011
decision_type=2 2 2 2 2 2 2 2 2 2 2 2 2 2 2 2 2 2 2 2 2 2 2 2 2 2 2 2 2 2
left_child=1 -1 7 6 17 11 9 8 10 20 -2 16 -13 25 -7 -9 -3 -5 19 -19 21 23 -23 -4 -10 -6 27 28 29 -8
right_child=2 5 3 4 13 14 26 15 24 -11 -12 12 -14 -15 -16 -17 -18 18 -20 -21 -22 22 -24 -25 -26 -27 -28 -29 -30 -31
leaf_value=-0.04619213970266086 -0.0089487598123817562 -0.041632729252067735 -0.0093515211408986623 0.020820341001692312 0.0024361235054312239 0.0022643781101123247 0.0095921117806198608 -0.017990777716866368 -0.040422556048434415 0.012653122945912684 0.0083770443714736072 -0.011813221106545431 -0.046489520956162253 -0.062465321004580555 0.060605413739731939 0.017629661941278321 0.083983972502833154 0.0059995089143310828 0.056773629976661126 -0.072707625879740251 0.067933633806587526 -0.0017919378963564482 0.042235089734198344 -0.046434733731003652 0.0061748188807438705 -0.0631897133991427 0.013004579547017964 -0.0044958266340182065 0.053557972854849513 -0.023035103564746556
leaf_weight=63.114596402214829 62.701540652089534 22.861519532221568 92.786601696250727 215.95888370147441 23.054945284267895 37.797471105679278 135.91673242126126 96.927209048331861 14.048290157814337 58.269050258793868 137.50810045230901 200.72318794435341 10.661665289889468 3.7263459660607614 3.5526097176334579 9.3645296778995526 0.6920818884500467 61.512952491186297 3.8019374469658933 1.6385945928341232 1.8743647405644868 203.92416555375166 7.3608803935348979 7.8953122745151623 6.4354772712176773 2.4164608158171168 209.06380786991213 85.775413090130314 4.8782132230699053 9.363739042542873
leaf_count=697189 7964 90910 3553 1427 226 17632 679 7261 1250 1119 1395 201635 28096 68 88 75 266 1459 94 32 21 8902 70 390 441 39 1108 590 21 50
internal_value=0 -0.018783 0.00437783 0.00698804 0.0148435 -0.0125217 0.00398751 -0.00463636 0.000284016 -0.00114006 0.00295096 -0.0160063 -0.0135622 -0.0112782 0.00727677 -0.0148525 -0.0379417 0.0175393 0.00695646 0.00395729 -0.00370095 -0.00413135 -0.000258097 -0.0122595 -0.0257828 -0.00378977 0.00827522 0.00408449 0.00898583 0.0074892
internal_weight=0 339.403 1456.2 1129.22 312.11 276.289 817.108 326.985 220.693 372.11 200.21 234.938 211.385 29.1978 41.3501 106.292 23.5536 282.912 66.9535 63.1515 313.841 311.967 211.285 100.682 20.4838 25.4714 444.998 235.934 150.159 145.28
internal_count=1074050 1035816 38234 19848 3345 338627 16503 18386 11050 14055 9359 320907 229731 333 17720 7336 91176 3012 1585 1491 12936 12915 8972 3943 1691 265 2448 1340 750 729
is_linear=0
shrinkage=0.05


Tree=97
num_leaves=31
num_cat=0
split_feature=0 0 76 40 50 36 1 3 2 69 58 60 68 74 47 60 3 76 36 0 76 69 76 76 40 76 2 41 57 72
split_gain=55.5781 22.7931 13.7359 8.04331 7.54554 7.2965 7.24538 5.64267 5.82709 5.35857 5.39472 5.25589 8.54673 5.66428 6.17808 5.13483 4.97472 4.87858 4.76263 4.73705 5.32354 7.43305 4.65613 6.19893 4.49419 4.35141 5.23992 8.61734 5.25472 4.16348
threshold=0.37969951586789719 0.0019437620776660012 583.50000000000011 60.500000000000007 1.0000000180025095e-35 18470.500000000004 1.0000000180025095e-35 43454.500000000007 175.00000000000003 1.0000000180025095e-35 2.5000000000000004 20.500000000000004 48.500000000000007 6.5000000000000009 0.22500000000000003 8.5000000000000018 479.00000000000006 567.50000000000011 10300.500000000002 0.94875966535953815 562.50000000000011 1.0000000180025095e-35 624.50000000000011 616.50000000000011 297.50000000000006 600.50000000000011 1653.0000000000002 1.0000000180025095e-35 1.5000000000000002 23.083333333350001
decision_type=2 2 2 2 2 2 2 2 2 2 2 2 2 2 2 2 2 2 2 2 2 2 2 2 2 2 2 2 2 2
left_child=1 -1 6 5 17 7 19 8 -4 10 22 13 -13 -11 15 25 -12 -3 -19 20 -2 -22 23 29 -6 -15 28 -28 -27 -10
right_child=2 4 3 -5 24 -7 -8 -9 9 11 16 12 -14 14 -16 -17 -18 18 -20 -21 21 -23 -24 -25 -26 26 27 -29 -30 -31
leaf_value=-0.046074957147868564 -0.020656865425717034 -0.030033888980747499 -0.0059071756704425554 0.020272262669333463 0.0022857555484029793 -0.05146909883307163 0.035917563266790194 0.0033060034643580833 -0.012408825040339301 0.027764265771498473 0.027424782710074869 0.056306848110351339 -0.012616413318463119 -0.021466613656051736 0.068210755891370475 0.034421236952463651 -0.048681134366713258 -0.01013846879533282 -0.045604556778043488 0.0023626836581717566 -0.03042092657355976 -0.00039336279520896288 -0.021201715952553605 0.060069646832393991 0.060395329732472608 -0.003504051161304127 0.015587317358344503 -0.040136895351253032 0.042303649104442842 0.043734679934111564
leaf_weight=60.743473525095624 68.405574693630115 47.46319298973026 41.655030434885703 107.78537305055215 38.030184774772124 5.5213118674328134 11.390694763511418 595.95926653782226 11.501865164202178 110.83616992046154 2.8142196768894783 5.3755175265250719 27.549605110281846 15.145765165303599 4.471644587814807 15.08971597230993 9.0591685228064289 174.62290296507035 10.008394071746578 154.7309011897305 23.690041684483731 158.48999556283889 9.2612292985431832 6.9937592137139282 3.6463599493868051 10.116259914706463 18.060464390495326 11.265435738605449 16.425835641566664 4.6319912862963966
leaf_count=697189 8449 147594 853 684 17632 1826 62 10334 135 1227 21 38 381 344 15 145 333 148128 25185 1243 3217 8212 84 32 88 92 191 151 121 44
internal_value=0 -0.0183667 0.00424825 0.00734837 -0.0122189 0.00583709 -0.00341092 0.00618243 0.0115352 0.0141431 -0.00181235 0.0171568 -0.00136366 0.0201844 0.0109089 0.00793299 -0.0306426 -0.0157364 -0.012061 -0.00451618 -0.00876372 -0.00429804 0.00875649 0.020753 0.00736987 0.0023045 0.00874883 -0.00581893 0.0248445 0.00370984
internal_weight=0 334.515 1446.23 1029.52 273.771 921.734 416.707 916.213 320.254 278.599 44.2622 234.336 32.9251 201.411 90.5751 86.1035 11.8734 232.094 184.631 405.317 250.586 182.18 32.3888 23.1276 41.6765 71.0138 55.868 29.3259 26.5421 16.1339
internal_count=1074050 1035816 38234 17051 338627 16367 21183 14541 4207 3354 649 2705 419 2286 1059 1044 354 320907 173313 21121 19878 11429 295 211 17720 899 555 342 213 179
is_linear=0
shrinkage=0.05


Tree=98
num_leaves=31
num_cat=0
split_feature=0 0 76 76 66 69 69 74 68 42 36 0 72 40 42 2 68 68 2 58 72 66 36 40 70 42 43 69 72 54
split_gain=52.6174 19.4352 14.6772 12.5958 9.14701 8.28071 7.70231 6.09643 5.92081 5.76547 5.93528 5.63421 5.25922 5.72148 5.05282 4.96331 4.87372 5.04136 5.6784 4.68727 4.5378 4.39713 4.30374 4.08087 4.07923 4.05353 4.02179 3.96949 5.17891 4.29564
threshold=0.072661120000328969 0.94875966535953815 597.50000000000011 589.50000000000011 0.096819500000000017 2.5000000000000004 1.0000000180025095e-35 7.5000000000000009 110.50000000000001 1.0000000180025095e-35 104.50000000000001 0.0021075803230419543 398.12500000000006 3.5000000000000004 21.500000000000004 642325.50000000012 122.50000000000001 115.50000000000001 4151.5000000000009 1.5000000000000002 3.2916666666650003 0.045806000000000006 3267.5000000000005 44.500000000000007 1.5000000000000002 1.0000000180025095e-35 1.0000000180025095e-35 1.5000000000000002 90.416666666650016 0.0072685000000000007
decision_type=2 2 2 2 2 2 2 2 2 2 2 2 2 2 2 2 2 2 2 2 2 2 2 2 2 2 2 2 2 2
left_child=3 2 5 11 12 9 8 16 -4 10 -2 -1 13 -3 27 -15 17 19 -19 -8 -21 -5 -9 -7 -25 -20 -16 28 29 -11
right_child=1 4 6 21 -6 23 7 22 -10 14 -12 -13 -14 15 26 -17 -18 18 25 20 -22 -23 -24 24 -26 -27 -28 -29 -30 -31
leaf_value=-0.050659501361797601 0.022701605911693203 0.0068323654249029132 -0.020103431870952964 -0.010456726924334636 0.050608088191761519 -0.059909144562710383 0.018739403497557941 -0.010016417851851879 0.015240801553682588 -0.016670845918516555 -0.018234594114294733 -0.027023867878561644 -0.018223765692779049 0.022059460776775577 -0.02834707008266011 -0.012846138064138861 0.023803224512079876 0.016505374775432347 0.0037386185572934982 -0.029544227278652829 0.0068340447915897981 0.099692482958069123 0.02882392634541759 0.032970095270535883 0.0030270985640525288 -0.036023933938195099 0.046341947475146326 0.0067413516930430592 0.010302021670998588 0.0054721148844149095
leaf_weight=47.469812187125854 9.2996158981040917 517.11113910269341 47.069093135434741 55.753521046708101 13.079309279099105 1.9122010583196232 98.617704714095453 61.686442688682291 15.835450234419111 97.390057800814247 185.01004665169648 53.778459609972742 18.065639458713122 111.06699943239801 29.576404758721768 11.212133716791866 58.714503645674995 15.42938226593469 10.145995696289903 9.5792785282828827 81.554309158000251 0.92100573707557387 8.0645540514597069 18.514391569379768 29.494228107581876 17.404264041630086 1.9193421914460476 78.247032719831623 34.013787258558295 28.257642345415661
leaf_count=546615 683 3140 5611 219508 58 423 2104 3304 552 9624 56668 202035 181 614 4964 82 1268 427 751 329 4562 32 180 1081 1509 493 138 2745 2848 1521
internal_value=0 0.00270432 -0.00194358 -0.0275406 0.00920434 -0.00762765 0.00494048 0.00775248 -0.011206 -0.00971066 -0.0162754 -0.0381053 0.00838066 0.00913235 -0.0049758 0.0188589 0.0109303 0.00768269 -0.00777974 0.011185 0.00301023 -0.00866672 -0.00552573 0.0117215 0.0145745 -0.0213805 -0.0237955 -0.00248433 -0.00700566 -0.011691
internal_weight=0 1608.27 937.736 157.923 670.535 513.635 424.101 361.196 62.9045 463.714 194.31 101.248 657.456 639.39 269.404 122.279 291.445 232.731 42.9796 189.751 91.1336 56.6745 69.751 49.9208 48.0086 27.5503 31.4957 237.909 159.661 125.648
internal_count=1074050 105860 101785 968190 4075 82204 19581 13418 6163 79191 57351 748650 4017 3836 21840 696 9934 8666 1671 6995 4891 219540 3484 3013 2590 1244 5102 16738 13993 11145
is_linear=0
shrinkage=0.05


Tree=99
num_leaves=31
num_cat=0
split_feature=0 0 76 40 66 2 76 58 0 1 62 62 74 58 79 40 42 68 40 50 48 76 36 36 60 62 72 54 36 58
split_gain=50.1852 21.2364 14.2795 8.02587 7.37367 7.16651 6.94335 6.61969 5.54432 5.10213 4.95582 5.31141 4.39406 4.49891 4.33087 4.60345 5.7036 4.72454 4.85192 4.2137 6.74319 9.16885 4.4121 4.0516 4.97487 3.63618 3.60464 4.31234 3.93257 4.90317
threshold=0.37969951586789719 0.0019437620776660012 581.50000000000011 2.5000000000000004 0.052641500000000008 8.9884656743000007e+307 605.50000000000011 142.50000000000003 0.94875966535953815 1.0000000180025095e-35 1.5000000000000002 51.500000000000007 6.5000000000000009 22.500000000000004 2.5000000000000004 61.500000000000007 10.500000000000002 17.500000000000004 51.500000000000007 1.0000000180025095e-35 1.5000000000000002 565.50000000000011 140.50000000000003 1579.5000000000002 15.500000000000002 6.5000000000000009 18.083333333350001 0.045602500000000004 699.50000000000011 5.5000000000000009
decision_type=2 2 2 2 2 2 2 2 2 2 2 2 2 2 2 2 2 2 2 2 2 2 2 2 2 2 2 2 2 2
left_child=1 -1 9 8 6 14 7 -3 12 10 19 -12 13 26 -5 17 -17 -16 -19 22 -21 23 -2 24 -22 -15 27 28 29 -4
right_child=2 4 3 5 -6 -7 -8 -9 -10 -11 11 -13 -14 25 15 16 -18 18 -20 20 21 -23 -24 -25 -26 -27 -28 -29 -30 -31
leaf_value=-0.045678441216935269 0.030573590876737018 -0.015363829250497825 -0.019567509679738328 0.021063802482809427 0.039610608587096877 -0.010302936897388565 -0.00027700650245748686 -0.047885581535604564 0.0082081868417477038 0.033060617164075622 0.00096019907719567781 -0.052728648854081739 -0.0080325638240791707 -0.052731194473749479 -0.061177587136129898 0.029948389456359928 -0.032143151099707577 0.005279051118170887 -0.069811752283340647 0.036439057782219363 0.041221311436856943 -0.076191626942980498 -0.016969043505932629 0.074186023482149838 -0.093791549812249103 -0.0054434129152666202 0.016473211665879822 0.018937628329133576 0.0054096770918029176 0.025371162081287302
leaf_weight=56.281090451851014 5.0696606109268023 169.72671604664038 42.614219755516388 178.63465256016934 6.7739519688366263 27.081948835024377 74.110732479766739 17.235916638606568 420.42416669911472 8.8937469571828824 204.68503481912558 4.712679537213261 120.77641243515245 5.6666019186195653 3.2245528137282227 27.902815974899568 4.2636298330035052 42.560821372557257 2.265714014414697 10.702712689642796 1.6017377977259442 4.2194199155783281 130.43280863343534 2.2232528178719804 1.1886050450266337 14.385451598682264 58.695007473768783 29.319908392615616 66.775283460272476 7.0780013343901365
leaf_count=697189 216 205521 1259 1095 164 307 35737 97205 2340 49 11034 2004 4406 1027 399 257 53 906 24 126 24 101 6506 10 24 2477 1508 532 1375 175
internal_value=0 -0.0177585 0.0040382 0.0070215 -0.0118919 0.0141695 -0.0132282 -0.018362 0.00435237 -0.00435677 -0.00526891 -0.000248116 -0.000342174 0.00379446 0.0167299 0.00707869 0.0217182 -0.00272133 0.00148366 -0.0120326 0.00942986 -0.0218786 -0.0151903 0.023831 -0.0162902 -0.0188067 0.00601079 0.00179854 -0.0025161 -0.0131666
internal_weight=0 324.128 1425.4 1051.67 267.847 285.934 261.073 186.963 765.735 373.73 364.836 209.398 345.311 224.534 258.852 80.2175 32.1664 48.0511 44.8265 155.438 19.9357 9.23302 135.502 5.0136 2.79034 20.0521 204.482 145.787 116.468 49.6922
internal_count=1074050 1035816 38234 18140 338627 3041 338463 302726 15099 20094 20045 13038 12759 8353 2734 1639 310 1329 930 7007 285 159 6722 58 48 3504 4849 3341 2809 1434
is_linear=0
shrinkage=0.05


end of trees

feature_importances:
Column_76=527
Column_0=409
Column_40=287
Column_36=205
Column_2=161
Column_68=156
Column_79=138
Column_54=115
Column_74=112
Column_3=110
Column_58=104
Column_72=94
Column_42=73
Column_69=67
Column_62=55
Column_66=49
Column_48=41
Column_50=38
Column_64=37
Column_60=36
Column_43=28
Column_55=20
Column_73=19
Column_1=18
Column_65=16
Column_44=14
Column_57=12
Column_46=11
Column_38=10
Column_41=10
Column_70=10
Column_81=7
Column_45=6
Column_63=2
Column_34=1
Column_39=1
Column_47=1

parameters:
[boosting: gbdt]
[objective: lambdarank]
[metric: ndcg]
[tree_learner: serial]
[device_type: cpu]
[data_sample_strategy: bagging]
[data: ]
[valid: ]
[num_iterations: 100]
[learning_rate: 0.05]
[num_leaves: 31]
[num_threads: 0]
[seed: 0]
[deterministic: 0]
[force_col_wise: 0]
[force_row_wise: 0]
[histogram_pool_size: -1]
[max_depth: -1]
[min_data_in_leaf: 20]
[min_sum_hessian_in_leaf: 0.001]
[bagging_fraction: 1]
[pos_bagging_fraction: 1]
[neg_bagging_fraction: 1]
[bagging_freq: 0]
[bagging_seed: 3]
[feature_fraction: 1]
[feature_fraction_bynode: 1]
[feature_fraction_seed: 2]
[extra_trees: 0]
[extra_seed: 6]
[early_stopping_round: 0]
[early_stopping_min_delta: 0]
[first_metric_only: 0]
[max_delta_step: 0]
[lambda_l1: 0]
[lambda_l2: 0]
[linear_lambda: 0]
[min_gain_to_split: 0]
[drop_rate: 0.1]
[max_drop: 50]
[skip_drop: 0.5]
[xgboost_dart_mode: 0]
[uniform_drop: 0]
[drop_seed: 4]
[top_rate: 0.2]
[other_rate: 0.1]
[min_data_per_group: 100]
[max_cat_threshold: 32]
[cat_l2: 10]
[cat_smooth: 10]
[max_cat_to_onehot: 4]
[top_k: 20]
[monotone_constraints: ]
[monotone_constraints_method: basic]
[monotone_penalty: 0]
[feature_contri: ]
[forcedsplits_filename: ]
[refit_decay_rate: 0.9]
[cegb_tradeoff: 1]
[cegb_penalty_split: 0]
[cegb_penalty_feature_lazy: ]
[cegb_penalty_feature_coupled: ]
[path_smooth: 0]
[interaction_constraints: ]
[verbosity: 0]
[saved_feature_importance_type: 0]
[use_quantized_grad: 0]
[num_grad_quant_bins: 4]
[quant_train_renew_leaf: 0]
[stochastic_rounding: 1]
[linear_tree: 0]
[max_bin: 255]
[max_bin_by_feature: ]
[min_data_in_bin: 3]
[bin_construct_sample_cnt: 200000]
[data_random_seed: 1]
[is_enable_sparse: 1]
[enable_bundle: 1]
[use_missing: 1]
[zero_as_missing: 0]
[feature_pre_filter: 1]
[pre_partition: 0]
[two_round: 0]
[header: 0]
[label_column: ]
[weight_column: ]
[group_column: ]
[ignore_column: ]
[categorical_feature: ]
[forcedbins_filename: ]
[precise_float_parser: 0]
[parser_config_file: ]
[objective_seed: 5]
[num_class: 1]
[is_unbalance: 0]
[scale_pos_weight: 1]
[sigmoid: 1]
[boost_from_average: 1]
[reg_sqrt: 0]
[alpha: 0.9]
[fair_c: 1]
[poisson_max_delta_step: 0.7]
[tweedie_variance_power: 1.5]
[lambdarank_truncation_level: 30]
[lambdarank_norm: 1]
[label_gain: ]
[lambdarank_position_bias_regularization: 0]
[eval_at: ]
[multi_error_top_k: 1]
[auc_mu_weights: ]
[num_machines: 1]
[local_listen_port: 12400]
[time_out: 120]
[machine_list_filename: ]
[machines: ]
[gpu_platform_id: -1]
[gpu_device_id: -1]
[gpu_use_dp: 0]
[num_gpu: 1]

end of parameters

pandas_categorical:null
