tree
version=v4
num_class=1
num_tree_per_iteration=1
label_index=0
max_feature_idx=103
objective=lambdarank
feature_names=Column_0 Column_1 Column_2 Column_3 Column_4 Column_5 Column_6 Column_7 Column_8 Column_9 Column_10 Column_11 Column_12 Column_13 Column_14 Column_15 Column_16 Column_17 Column_18 Column_19 Column_20 Column_21 Column_22 Column_23 Column_24 Column_25 Column_26 Column_27 Column_28 Column_29 Column_30 Column_31 Column_32 Column_33 Column_34 Column_35 Column_36 Column_37 Column_38 Column_39 Column_40 Column_41 Column_42 Column_43 Column_44 Column_45 Column_46 Column_47 Column_48 Column_49 Column_50 Column_51 Column_52 Column_53 Column_54 Column_55 Column_56 Column_57 Column_58 Column_59 Column_60 Column_61 Column_62 Column_63 Column_64 Column_65 Column_66 Column_67 Column_68 Column_69 Column_70 Column_71 Column_72 Column_73 Column_74 Column_75 Column_76 Column_77 Column_78 Column_79 Column_80 Column_81 Column_82 Column_83 Column_84 Column_85 Column_86 Column_87 Column_88 Column_89 Column_90 Column_91 Column_92 Column_93 Column_94 Column_95 Column_96 Column_97 Column_98 Column_99 Column_100 Column_101 Column_102 Column_103
feature_infos=[1.7307033847328553e-09:0.99975985096384834] [0:1] [1:1.7976931348599999e+308] [1:1.7976931348599999e+308] none none none none none none none none none none none none none none none none none none none [0:1] [0:1] none none none [0:1] [0:2] [0:33] [0:1] [0:1] [0:82] [0:1] [0:1] [0:342737] [0:36] [0:3] [0:1] [0:31591] [0:1] [0:788] [0:17] [0:114] [0:125] [0:2] [0:1] [1:441993] [0:1] [0:1] [0:1] [0:36] [0:0.124639] [0:0.13569000000000001] [0:1] [0:2] [0:97] [1:320498] [0:0.10625] [0:951] [0:70] [1:20421] [0:0.189973] [0:1] [0:141] [0:0.72638000000000003] [0:0.189973] [0:130] [0:6] [0:65] [0:0.11750099999999999] [1:441993] [0:21] [0:182] [0:2] [517:749] [0:4] [0:4] [0:332847] [0:1] [0:0.124639] [0.50040700000000005:0.76747900000000002] [1:223] [0:4] [0:0.20475399999999999] [2:9] [0:441993] [0:1] [0:7] [0:20421] [0:1] [0:9] [0:579.81079099999999] [0:3] [0:0.13467599999999999] [0:0.197407] [0:3] [1:320498] [0:0.28700100000000001] [0:21] [0:0.39139600000000002] [1:441993] [0:2]
tree_sizes=3489 3484 3492 3488 3495 3494 3487 3495 3492 3481 3487 3499 3499 3481 3505 3485 3493 3506 3507 3494 3479 3513 3500 3496 3492 3496 3495 3494 3485 3502 3492 3494 3495 3499 3492 3492 3508 3501 3494 3495 3490 3491 3467 3501 3484 3502 3494 3496 3477 3496 3497 3480 3502 3497 3490 3499 3502 3496 3474 3498 3516 3490 3515 3473 3504 3483 3495 3493 3493 3521 3503 3491 3508 3499 3508 3498 3521 3522 3496 3505 3499 3503 3497 3481 3510 3476 3519 3526 3515 3481 3519 3477 3518 3510 3490 3536 3498 3541 3515 3495

Tree=0
num_leaves=31
num_cat=0
split_feature=0 82 0 0 82 3 82 0 90 3 76 79 3 58 40 36 36 0 48 3 54 74 0 79 36 69 0 40 76 93
split_gain=7090.3 346.45 167.36 124.643 108.478 72.8719 52.2908 40.0232 27.5931 20.9634 20.7143 20.2976 20.0993 18.9647 18.5415 14.1533 15.7668 13.1883 19.4212 18.2557 12.2874 12.2139 12.038 12.549 10.3691 10.0058 9.9996 9.57194 9.08022 9.03513
threshold=0.15548050853772452 0.54061850000000011 0.030380062479932603 0.48090646582193369 0.56900050000000013 999826.50000000012 0.57261050000000002 0.86620967868038068 8.5000000000000018 1.5000000000000002 669.50000000000011 102.50000000000001 975378.50000000012 7.5000000000000009 1.0000000180025095e-35 1316.5000000000002 977.50000000000011 0.0088049481694041625 3.5000000000000004 877486.50000000012 0.033152500000000008 6.5000000000000009 0.7740980979447657 419.50000000000006 977.50000000000011 1.0000000180025095e-35 0.0048211075022283351 951.00000000000011 635.50000000000011 0.30991350000000006
decision_type=2 2 2 2 2 2 2 2 2 2 2 2 2 2 2 2 2 2 2 2 2 2 2 2 2 2 2 2 2 2
left_child=2 7 10 6 20 -6 11 27 -7 -5 17 21 -8 -14 15 16 -10 -1 19 -19 24 29 23 25 -4 -11 -12 -2 -20 -3
right_child=1 3 4 9 5 8 12 -9 14 22 26 -13 13 -15 -16 -17 -18 18 28 -21 -22 -23 -24 -25 -26 -27 -28 -29 -30 -31
leaf_value=-0.098955707293143791 -0.095013030897874079 -0.05816746172837696 -0.015548757689587817 -0.10000000000000001 0.070322442059630438 -0.086509639187243137 0.087687164219972122 0.081252394217806834 0.013302428366362921 0.053518359167371125 -0.084522897431986654 -0.087714111027797914 0.056919994706769998 -0.0080141750936101718 0.056093953555408672 0.043272939496079521 -0.078610854943388334 0.022186848872005858 -0.095306452936203781 -0.069641697379987585 0.039728904113158554 -0.08051106712404893 0.097332113422228916 -0.027494729931848313 -0.094754258071790956 0.089189160506409709 0.064308022279059143 0.045224318403519162 0.0034774601772120436 0.04199982518242848
leaf_weight=887.92945118060197 29.947052181736584 2.6944558243631134 4.4388955012982469 1.3821920519694675 25.771322402899386 16.289963490265109 37.7966198175709 3.8650558869558145 7.0720343373104759 22.41260251532367 1.8271694657596516 7.728123849752591 47.060442451238487 14.774723090311452 8.588941128284203 5.4369269015587625 13.713041193033858 7.6020798395329647 80.382904049713943 18.789704533715849 1.9002987407438912 3.255572090012719 863.04420313731316 2.5219515512144417 59.78692528638021 160.02718674059361 2.9518866676953621 1.26831502735149 2.3956195785722221 13.686148607266658
leaf_count=835833 18115 2237 9269 35 18234 5562 8341 323 5230 2770 883 4535 4532 2557 1092 1272 859 13315 62030 8287 690 3044 11561 1158 38372 8819 307 442 830 3516
internal_value=0 0.0843155 -0.0892194 0.0889328 -0.0386185 0.00177183 0.0421482 -0.0705224 -0.0327998 0.0945947 -0.0964417 -0.0190719 0.0589626 0.0414048 -0.00766596 -0.0285503 -0.0473377 -0.0969394 -0.0805398 -0.0431907 -0.0855727 0.00794333 0.0948513 0.0832758 -0.0892801 0.084807 0.00740572 -0.089315 -0.0924476 0.0255232
internal_weight=0 1211.46 1144.88 1176.38 142.998 76.8722 126.996 35.0804 51.1009 1049.39 1001.88 27.3643 99.6318 61.8352 34.8109 26.222 20.7851 997.1 109.17 26.3918 66.1261 19.6362 1048.01 184.962 64.2258 182.44 4.77906 31.2154 82.7785 16.3806
internal_count=1074050 71985 1002065 53105 80580 32249 28762 18880 14015 24343 921485 13332 15430 7089 8453 7361 6089 920295 84462 21602 48331 8797 24308 12747 47641 11589 1190 18557 62860 5753
is_linear=0
shrinkage=0.05


Tree=1
num_leaves=31
num_cat=0
split_feature=0 0 58 0 40 79 0 93 40 40 93 82 82 0 93 82 99 79 76 0 0 70 89 0 82 40 90 69 95 0
split_gain=16946.8 585.86 476.215 179.761 182.574 158.68 142.557 113.186 95.7259 71.9138 68.5684 63.3692 62.9796 56.9353 51.2235 47.5286 47.0213 43.9338 43.0206 39.9965 38.004 37.6269 36.453 33.6736 30.5526 29.6805 41.3343 27.4646 26.511 25.1313
threshold=0.48090646582193369 0.072661120000328969 7.5000000000000009 0.86620967868038068 1.0000000180025095e-35 6.5000000000000009 0.86620967868038068 0.65857850000000007 13.500000000000002 1.0000000180025095e-35 0.84649150000000006 0.57734750000000012 0.57701950000000013 0.94875966535953815 0.85877850000000011 0.59229250000000011 0.20759250000000004 76.500000000000014 642.50000000000011 0.0088049481694041625 0.19204907757119541 2.5000000000000004 1.5000000000000002 0.94875966535953815 0.55545100000000003 13.500000000000002 9.5000000000000018 1.0000000180025095e-35 0.020896500000000002 0.030380062479932603
decision_type=2 2 2 2 2 2 2 2 2 2 2 2 2 2 2 2 2 2 2 2 2 2 2 2 2 2 2 2 2 2
left_child=1 18 3 4 7 8 11 12 10 13 -3 17 -2 14 -5 -7 -15 22 29 -20 -12 28 -4 -8 -6 26 -13 -21 -17 -1
right_child=2 5 6 9 24 15 23 -9 -10 -11 20 25 -14 16 -16 21 -18 -19 19 27 -22 -23 -24 -25 -26 -27 -28 -29 -30 -31
leaf_value=-0.090482917561550802 -0.051329368015330439 -0.048342550881004788 -0.071107456248338419 0.037553612302219201 0.013228473084918049 -0.07329909064326566 0.02258566917235913 0.048400811581628518 0.063032713365940463 0.086991813959615125 -0.034001780556568578 -0.048507337223138665 0.017865749116618524 0.079259915034890452 0.069218057632997571 0.01980581740830438 0.024325515156045863 -0.07626930589683828 -0.087134122441313688 0.039892181968986105 0.018403435802249683 0.06274865555757117 0.018152192776623787 0.067100048073687316 0.077533502980142527 0.071738795088821278 0.025961487584179294 -0.058840928139611552 -0.054790513157126242 -0.073584636187559518
leaf_weight=2744.0658587019134 45.737143125676084 126.09620413489756 16.994146807468496 197.51847983058542 19.199779984948691 222.00854712229921 80.533598639420234 372.60877875401638 38.614652875636239 1224.45909450209 51.529317140913918 28.658907640143298 117.02018453553319 1144.0249029303668 361.4431770342635 14.494794070313217 40.326498910784721 51.244122715987032 28.62804672535276 16.016917826316789 105.27422808320262 9.6888416607398522 34.987714780319948 89.920561622595415 486.83460461033974 17.444976751809008 53.268640938622411 12.572146167221943 66.804523353843251 239.20375538000371
leaf_count=912303 2113 14672 1059 1180 783 44597 815 4234 1364 2246 5114 1081 2165 2463 1174 489 77 5612 8054 521 4147 316 1111 346 2414 146 856 1323 5286 45989
internal_value=0 -0.0791845 0.0664053 0.0714331 0.0535601 -0.0354836 0.0123714 0.0332064 -0.0108129 0.0777048 -0.0208925 -0.0159795 -0.00157907 0.0711818 0.0580289 -0.0608257 0.0773894 -0.043416 -0.0883043 -0.0453586 0.00118185 -0.0303909 -0.011029 0.0460686 0.0750937 0.012521 -8.82992e-05 -0.00352607 -0.0414908 -0.089128
internal_weight=0 3675 4382.23 4009.17 1041.4 634.511 373.053 535.366 321.514 2967.77 282.9 202.599 162.757 1743.31 558.962 312.997 1184.35 103.226 3040.49 57.2171 156.804 90.9882 51.9819 170.454 506.034 99.3725 81.9275 28.5891 81.2993 2983.27
internal_count=1074050 1044175 29875 18849 11709 75985 11026 8512 25297 7140 23933 9865 4278 4894 2354 50688 2540 7782 968190 9898 9261 6091 2170 1161 3197 2083 1937 1844 5775 958292
is_linear=0
shrinkage=0.05


Tree=2
num_leaves=31
num_cat=0
split_feature=0 0 0 82 98 83 82 82 40 40 40 0 93 82 93 82 76 36 95 40 99 76 76 2 0 93 99 95 76 82
split_gain=15630.8 547.662 280.358 278.233 150.63 117.201 71.8248 59.2792 56.573 55.6834 55.0795 47.1448 39.3377 39.0107 34.8211 29.2352 27.8435 26.3637 26.1052 25.9098 22.852 20.6135 19.8703 18.3443 18.2674 17.9946 20.1126 17.8368 17.6425 16.7633
threshold=0.23938287544958989 0.68981449621504665 0.035302874550316145 0.55108450000000009 6.9166666666650007 10.000000000000002 0.52841150000000014 0.58420850000000002 6.5000000000000009 5.5000000000000009 1.0000000180025095e-35 0.94875966535953815 0.65857850000000007 0.6161755000000001 1.2476465000000003 0.57048050000000006 681.50000000000011 699.50000000000011 0.010933500000000001 13.500000000000002 0.11236850000000001 669.50000000000011 670.50000000000011 625678.00000000012 0.016616566037286794 1.4084340000000002 0.20759250000000004 0.026084000000000003 573.50000000000011 0.56900050000000013
decision_type=2 2 2 2 2 2 2 2 2 2 2 2 2 2 2 2 2 2 2 2 2 2 2 2 2 2 2 2 2 2
left_child=2 3 21 17 8 13 -3 -6 14 11 12 15 -7 19 -4 20 -13 -2 -9 27 -8 -1 -20 -16 -23 26 -17 28 -5 -10
right_child=1 6 4 5 7 10 9 18 29 -11 -12 16 -14 -15 23 25 -18 -19 22 -21 -22 24 -24 -25 -26 -27 -28 -29 -30 -31
leaf_value=-0.084039552507633203 0.036925271585673547 -0.067502624976528952 -0.041150043598648503 -0.051840600246608276 -0.080017041674243339 -0.020628911191134587 0.041076350513147147 0.032979199597924801 -0.022699188527051901 0.078853100012033828 0.063766627738976775 0.072279405076176265 0.038108581987940454 0.034285186436285697 0.018620780466496629 0.055510193909782214 0.032683581326367311 -0.077416498469405487 -0.049298421330269869 0.034239185292905198 -0.034014514696643204 -0.0736869330566369 0.054995353247789959 -0.055981060978445289 0.045656975981182742 0.068199069679274416 -0.010258811287919126 -0.04979071716750972 0.011021418285447518 0.064658961981231902
leaf_weight=3056.0687987629208 5.4223916052142149 9.52900913718622 91.177193843119312 15.976568244281223 205.96273529995233 35.836806647712365 107.05305919470266 13.420474073966032 6.7624435350298873 1199.8323858319782 217.42832004302181 1556.6828483350109 139.32341724296566 50.962141859345138 53.507402599789202 465.17908818065189 45.701701834797859 71.714563030283898 71.485847182571888 19.991076956968755 11.191037913202306 7.2555931630777177 4.8786490883212528 9.7403321373276395 5.7453634964767843 404.82625521766022 11.922210671938954 48.913751059793867 37.034679854172282 29.22014235088136
leaf_count=928944 461 1239 16900 2442 52683 3766 2272 535 1200 2617 2885 3254 4029 1373 4401 4845 114 14616 10728 1045 692 1101 73 1607 108 1843 33 5942 1634 668
internal_value=0 0.0623999 -0.078184 0.0197001 -0.0429056 0.0318516 0.0695982 -0.0652373 -0.00821936 0.0699417 0.0469571 0.0658334 0.0260912 -0.00245136 -0.0213752 0.0573155 0.0711501 -0.0693788 -0.0313331 -0.0178076 0.0339695 -0.0837723 -0.0426355 0.00713188 -0.0209466 0.0604456 0.0538667 -0.0280158 -0.00792398 0.0482412
internal_weight=0 4454.52 3555.22 642.604 486.155 565.467 3811.92 295.748 190.408 3802.39 392.589 2602.56 175.16 172.878 154.425 1000.17 1602.38 77.137 89.785 121.916 118.244 3069.07 76.3645 63.2477 13.001 881.928 477.101 101.925 53.0112 35.9826
internal_count=1074050 55102 1018948 38193 88795 23116 16909 64019 24776 15670 10680 13053 7795 12436 22908 9685 3368 15077 11336 11063 2964 930153 10801 6008 1209 6721 4878 10018 4076 1868
is_linear=0
shrinkage=0.05


Tree=3
num_leaves=31
num_cat=0
split_feature=0 0 0 82 79 98 101 40 0 82 40 93 82 76 96 69 74 76 0 2 95 62 93 40 74 83 90 83 62 95
split_gain=13552.4 474.443 230.157 211.951 144.987 81.9284 77.6393 61.1825 48.5725 47.6443 41.3401 40.1262 38.569 29.156 40.465 27.6761 23.6676 20.6027 38.1018 20.4491 19.962 19.6559 19.6442 17.4585 16.8236 16.7716 18.2147 16.6314 21.4943 16.5919
threshold=0.21467259749339032 0.60678019017954943 0.030380062479932603 0.55108450000000009 5.5000000000000009 152.58333333350001 0.023390500000000005 1.0000000180025095e-35 0.7740980979447657 0.59229250000000011 13.500000000000002 0.84649150000000006 0.55141850000000014 576.50000000000011 0.046660000000000007 1.5000000000000002 8.5000000000000018 635.50000000000011 0.0088049481694041625 22518.000000000004 0.064596500000000015 26.500000000000004 0.75316150000000015 44.500000000000007 7.5000000000000009 21.000000000000004 16.500000000000004 138.00000000000003 1.5000000000000002 0.078614500000000018
decision_type=2 2 2 2 2 2 2 2 2 2 2 2 2 2 2 2 2 2 2 2 2 2 2 2 2 2 2 2 2 2
left_child=2 3 17 -2 10 7 13 8 22 -6 11 -4 -7 14 23 29 -9 -1 -19 -10 -20 -11 24 -5 -3 26 -8 28 -13 -15
right_child=1 5 4 6 9 12 25 16 19 21 -12 27 -14 15 -16 -17 -18 18 20 -21 -22 -23 -24 -25 -26 -27 -28 -29 -30 -31
leaf_value=-0.079758931541202227 -0.070379453432455927 0.018981318978207293 -0.045861632777646377 -0.010591743092611305 -0.075978735291940991 -0.072881778685805795 -0.0540412444117837 0.071946912840593347 0.065637683860565371 -0.037457589563935918 0.047139836298227329 -0.034945294735186171 0.02599784761204485 0.013955071018657667 -0.077370356248035857 0.050664840051730602 0.050747105754967575 -0.075168024754002305 0.059563738841220064 0.054924834792749212 -0.044905305944164503 0.044506270660376643 0.042414259811009131 0.058080425601745381 -0.056785563653174755 0.067503076387222194 0.0460362690105676 0.049028380148120373 0.017874155992629773 -0.046941715883215829
leaf_weight=2936.3264181074919 68.347700959362555 35.33029985812027 73.382047747436445 36.203145192936063 215.68576680478873 12.982713362260254 6.0600574590498608 1834.720922067645 891.98368005384691 53.65027419483522 28.352846136956941 35.431656601605937 41.02775427303277 166.73529659444466 20.102472121827304 54.177755345590413 141.8303321111016 47.216748016653582 9.5929438143502939 889.84149341937155 8.7376145790331048 8.4692413195734826 114.06715415942017 12.433906457386909 9.2433742925059033 97.370875414111651 18.205537378089502 16.511431035003625 42.202390089980327 11.989589991280807
leaf_count=906765 15292 1743 16014 4080 57265 2308 810 4651 3421 7883 1254 5553 1140 9155 4297 1253 1023 12985 338 4368 1397 316 1995 308 823 1153 506 950 4091 913
internal_value=0 0.0576544 -0.0740289 0.0113205 -0.0416381 0.0633907 0.0245128 0.0642341 0.0579273 -0.0648663 -0.00869501 -0.0181447 0.00222975 0.0109145 -0.017699 0.0193596 0.0704257 -0.07914 -0.0514157 0.0602877 0.00976655 -0.0262828 0.0314156 0.00696408 0.00326932 0.0582346 0.021043 0.00345945 -0.00623229 0.00986987
internal_weight=0 4462.65 3475.56 491.626 473.686 3971.03 423.279 3917.02 1940.47 277.805 195.88 167.528 54.0105 301.642 68.7395 232.903 1976.55 3001.87 65.5473 1781.83 18.3306 62.1195 158.641 48.6371 44.5737 121.636 24.2656 94.1455 77.634 178.725
internal_count=1074050 59239 1014811 37767 93326 21472 22475 18024 12350 65464 27862 26608 3448 20006 8685 11321 5674 921485 14720 7789 1735 8199 4561 4388 2566 2469 1316 10594 9644 10068
is_linear=0
shrinkage=0.05


Tree=4
num_leaves=31
num_cat=0
split_feature=0 0 82 0 79 40 98 40 0 82 82 82 93 40 90 99 40 96 93 98 82 76 74 93 62 43 83 95 98 82
split_gain=12038.5 382.776 216.624 206.038 134.808 82.9818 61.1321 51.8501 48.7293 41.3946 38.5149 33.4624 31.2735 29.4661 32.8475 28.6118 23.4233 22.4463 20.2704 19.2764 17.6396 17.2925 16.299 15.6083 15.0354 14.7247 14.7118 17.0204 14.6479 14.3523
threshold=0.21467259749339032 0.68981449621504665 0.54444850000000011 0.030380062479932603 5.5000000000000009 23.500000000000004 8.9000000000000021 2.5000000000000004 0.86620967868038068 0.59229250000000011 0.58032750000000011 0.5414135000000001 0.45692650000000007 2.5000000000000004 41.500000000000007 0.20759250000000004 336.50000000000006 0.091070500000000013 1.2008335000000001 99.166666666650016 0.54481650000000015 669.50000000000011 9.5000000000000018 9.6792085000000014 18.500000000000004 1.0000000180025095e-35 10.000000000000002 0.098787500000000014 6.2916666666650007 0.57261050000000002
decision_type=2 2 2 2 2 2 2 2 2 2 2 2 2 2 2 2 2 2 2 2 2 2 2 2 2 2 2 2 2 2
left_child=3 2 -2 21 10 6 18 8 11 -6 16 -3 20 14 17 -10 23 -12 29 -7 -8 -1 -14 25 -11 -5 -13 -28 -9 -4
right_child=1 7 5 4 9 19 12 28 15 24 13 26 22 -15 -16 -17 -18 -19 -20 -21 -22 -23 -24 -25 -26 -27 27 -29 -30 -31
leaf_value=-0.075632409524248753 -0.069871902524917068 -0.063831452978584877 -0.014757788851886586 -0.062905704826445502 -0.073267733313139405 0.065140686171222234 0.072330426519180646 0.069668913584146619 0.059643326697276115 -0.038033282709592588 -0.04401946367785968 0.026283517853652013 0.013745300961121363 0.055853167556560737 0.033921164176369215 0.022338311143012407 0.056084286901712722 0.024416762657331573 0.042791982980551764 -0.039390160034035698 -0.052969643963635515 -0.014425483423594523 -0.062320463573071007 0.044375146306795045 0.026342307402032056 0.0056796705039883887 0.049467474961350719 -0.05936209347880636 0.056327677380226537 0.024086943344618326
leaf_weight=2947.9442096764105 62.768831066787243 7.7547969757579258 28.930316283134744 51.882529209367931 206.61031798215117 133.81468066025991 3.0057797944173208 1234.5985717102885 1911.2697967153508 48.695747352205217 45.484240100719035 114.68503965891432 75.51857432059478 26.243481247220188 36.340150224394165 52.818949267268181 6.1496331726666531 16.266475084936246 147.07007253670599 4.5606947281630701 42.866765511105768 11.585118430666624 7.7667257403954855 4.4554960047826162 11.146199488546698 9.2157932278932986 247.97352100291755 3.6454672291874877 246.88382161641493 133.54900211456697
leaf_count=920295 14275 1194 3724 13129 57265 1372 47 1894 6336 7601 8931 2631 4375 776 2252 130 183 1060 3337 819 6901 1190 1132 254 598 1277 2867 13 1844 6348
internal_value=0 0.0541316 0.0183408 -0.0705428 -0.039507 0.0279356 0.0172872 0.0601271 0.05549 -0.0626616 -0.00803564 0.0389499 -0.0116077 0.00879455 -0.00379563 0.0586401 -0.0372193 -0.0259919 0.0293435 0.0616955 -0.0447594 -0.0753928 0.00665183 -0.0459722 -0.0260426 -0.0525606 0.0411258 0.0478907 0.0674456 0.0171704
internal_weight=0 4459.48 639.851 3422.02 462.49 577.083 438.707 3819.63 2338.15 266.452 196.038 374.059 129.158 124.334 98.0909 1964.09 71.7035 61.7507 309.549 138.375 45.8725 2959.53 83.2853 65.5538 59.8419 61.0983 366.304 251.619 1481.48 162.479
internal_count=1074050 59239 42330 1014811 93326 28055 25864 16909 13171 65464 27862 6705 12455 13019 12243 6466 14843 9991 13409 2191 6948 921485 5507 14660 8199 14406 5511 2880 3738 10072
is_linear=0
shrinkage=0.05


Tree=5
num_leaves=31
num_cat=0
split_feature=0 0 0 82 79 58 101 40 72 82 82 0 98 40 40 90 40 76 95 68 76 2 93 82 0 74 3 95 76 99
split_gain=10765.3 355.869 204.306 158.402 125.796 78.51 60.848 57.3591 49.1933 36.2282 29.0255 28.7537 26.3133 28.7607 24.4143 33.3466 21.9552 20.8209 19.9553 18.749 17.9653 16.3574 16.2462 15.7963 23.8245 15.6009 15.355 13.7068 17.1458 13.1534
threshold=0.21467259749339032 0.60678019017954943 0.030380062479932603 0.54966050000000011 5.5000000000000009 8.5000000000000018 0.029255500000000004 1.0000000180025095e-35 2077.3333333350006 0.59229250000000011 0.57387650000000012 0.7740980979447657 115.25000000000001 1.0000000180025095e-35 2.5000000000000004 39.500000000000007 336.50000000000006 607.50000000000011 0.052930000000000005 8.5000000000000018 577.50000000000011 2826.5000000000005 0.7041805000000001 0.63917850000000009 0.0088049481694041625 9.5000000000000018 8407.0000000000018 0.014743000000000001 637.50000000000011 0.13980650000000003
decision_type=2 2 2 2 2 2 2 2 2 2 2 2 2 2 2 2 2 2 2 2 2 2 2 2 2 2 2 2 2 2
left_child=2 3 23 -2 10 7 12 11 19 -6 16 22 13 20 15 17 -4 -12 -19 -7 -5 -13 -3 -1 -25 -9 -27 -11 -29 -23
right_child=1 5 4 6 9 8 -8 25 -10 27 14 21 -14 -15 -16 -17 -18 18 -20 -21 -22 29 -24 24 -26 26 -28 28 -30 -31
leaf_value=-0.072660148756188911 -0.063829238758719722 -0.0060028113626808838 -0.048986392717142398 -0.031002170377300409 -0.069210244652158179 -0.0059842182478890317 0.051535111379481517 0.064469697905964629 -0.075122327565570551 0.027843754326913113 -0.050877872713132155 0.060459355509771474 -0.035814584066289311 0.03538385314185951 0.04678070159859176 0.027707467790862923 0.052081737778317039 0.043107527497191427 -0.039688129058288127 0.038219865514959032 0.0098204247554675925 0.053171992137124681 0.03768211182333564 -0.06509380368785396 0.012103200176805577 -0.0095245301348922708 0.051926805751826205 -0.053076870920377377 0.014741095209685457 0.041658888032687476
leaf_weight=2868.1585443385993 62.460131739615463 27.168497383128852 47.585332626709715 33.784134523710236 201.04330789257074 28.301262588589452 120.36507551232353 1867.1519091355149 11.491227659163995 10.257586017949505 39.136443436495028 516.53798262542114 29.043159109191038 100.79520869167754 28.699378425604664 46.925736094126478 6.0574161265976718 15.757619187701495 13.522994895814916 157.39306574384682 133.247040844406 852.21633283491246 98.241843058844097 37.82848672545515 13.583378082956186 13.033188201021401 46.20048337825574 36.421595503459685 12.524796861573121 349.95140567817725
leaf_count=908626 14806 1914 11812 5460 57265 1439 2258 3919 1714 493 8858 1517 4215 3776 951 3060 169 759 2253 3172 7252 4203 1720 11402 1457 331 262 6986 720 1281
internal_value=0 0.0511081 -0.0672975 0.0104311 -0.0362467 0.056026 0.0215479 0.0576344 0.0252703 -0.0590867 -0.00617848 0.0513314 0.0093897 0.0142917 0.00551339 -0.00475466 -0.0375736 -0.0270197 0.00486908 0.0314828 0.00156355 0.0530179 0.0282183 -0.0721677 -0.0446978 0.0636683 0.0384057 -0.0247096 -0.0357231 0.0498205
internal_weight=0 4447.38 3377.5 479.695 457.932 3967.69 417.235 3770.5 197.186 260.247 197.685 1844.12 296.87 267.826 144.042 115.343 53.6427 68.4171 29.2806 185.694 167.031 1718.71 125.41 2919.57 51.4119 1926.39 59.2337 59.204 48.9464 1202.17
internal_count=1074050 59239 1014811 37767 93326 21472 22961 15147 6325 65464 27862 10635 20703 16488 15881 14930 11981 11870 3012 4611 12712 7001 3634 921485 12859 4512 593 8199 7706 5484
is_linear=0
shrinkage=0.05


Tree=6
num_leaves=31
num_cat=0
split_feature=0 0 0 82 79 58 40 69 82 0 58 82 93 40 76 101 99 82 0 95 89 95 76 48 93 93 95 76 68 82
split_gain=9752.27 326.085 190.868 143.466 103.522 65.9275 55.3386 49.5563 46.215 40.2768 37.98 32.7668 29.9845 24.4965 22.6101 19.902 17.6593 16.2992 21.4517 20.8066 15.5315 15.0223 14.8502 14.5583 14.5523 13.221 12.6151 13.6486 11.8967 11.7521
threshold=0.21467259749339032 0.60678019017954943 0.035302874550316145 0.54966050000000011 5.5000000000000009 7.5000000000000009 17.500000000000004 1.5000000000000002 0.53370050000000002 0.94875966535953815 4.5000000000000009 0.58772650000000015 0.95778900000000011 13.500000000000002 597.50000000000011 0.031617000000000006 0.20759250000000004 0.63917850000000009 0.0032200281855830795 0.064596500000000015 4.5000000000000009 0.028898000000000004 577.50000000000011 2164.0000000000005 1.2008335000000001 1.4769545000000004 0.052930000000000005 659.50000000000011 51.500000000000007 0.57048050000000006
decision_type=2 2 2 2 2 2 2 2 2 2 2 2 2 2 2 2 2 2 2 2 2 2 2 2 2 2 2 2 2 2
left_child=2 3 17 -2 13 7 10 9 -7 12 24 -6 29 14 15 20 -11 -1 -19 -20 -4 -17 -12 -10 -5 -13 -16 -28 -18 -3
right_child=1 5 4 6 11 8 -8 -9 23 16 22 25 -14 -15 26 21 28 18 19 -21 -22 -23 -24 -25 -26 -27 27 -29 -30 -31
leaf_value=-0.069742537845600319 -0.061948879288168383 0.006992210667385753 -0.045681167916763729 0.0089393115773227123 -0.066343637969454389 -0.06714467846600071 0.052379232832555106 0.06212610702901588 0.033713246540636177 0.05643607604595563 -0.051982170875026448 -0.03687036315632642 0.048861793762025457 0.038149065343415278 0.025572019306248722 0.042269657093952612 0.045607244474961416 -0.06926675137996971 0.048885547736854454 -0.048271458414233054 0.068881690120772859 -0.056006427277219967 -0.0055624797131251687 -0.074588359255594885 0.034562017665334427 0.01742347076994628 -0.050564123930359223 0.032821585796917144 -0.015200259033776239 0.033748606799642943
leaf_weight=2855.0163998245262 61.034487780358177 48.375645601889119 69.406285132572521 116.23889709182549 172.87629537819885 12.504637031466698 100.83941340376623 1447.344406242948 193.93944667943288 1371.6589457760565 22.644129473541398 46.750051022390835 565.63282719929703 27.778254643082619 42.962114200810902 14.44053755386267 18.58834021538496 29.749968029092997 10.055612898780966 12.191606006119398 3.0901783125009379 5.3214396747061974 72.05168593628332 3.1534463923890135 105.89926440443378 14.750134993344544 13.987031594384463 7.5595538765192023 14.179321326315401 270.61383401299827
leaf_count=917140 14806 1768 16279 8035 50304 2192 1818 2734 4016 2887 4781 7780 3593 1162 2659 903 35 9915 562 2536 43 1350 5596 453 2731 1231 2733 214 45 3749
internal_value=0 0.0486261 -0.0646903 0.00965554 -0.0331376 0.0533538 0.0201191 0.0548845 0.0260666 0.0503057 0.00985157 -0.055193 0.0419489 -0.00512679 -0.012795 -0.0286732 0.0555695 -0.0692373 -0.0414949 -0.00435706 -0.0407979 0.0158062 -0.0166626 0.0319804 0.0211543 -0.0238486 0.00991343 -0.0213085 0.0192944 0.0296909
internal_weight=0 4424.7 3325.94 478.708 418.922 3945.99 417.673 3736.39 209.598 2289.05 316.834 234.376 884.622 184.545 156.767 92.2584 1404.43 2907.01 51.9972 22.2472 72.4965 19.762 94.6958 197.093 222.138 61.5002 64.5087 21.5466 32.7677 318.989
internal_count=1074050 59239 1014811 37767 84658 21472 22961 14811 6661 12077 21143 59315 9110 25343 24181 18575 2967 930153 13013 3098 16322 2253 10377 4469 10766 9011 5606 2947 80 5517
is_linear=0
shrinkage=0.05


Tree=7
num_leaves=31
num_cat=0
split_feature=0 0 0 82 98 79 101 40 82 82 0 98 40 101 68 76 0 2 0 93 95 76 2 100 82 3 55 90 36 89
split_gain=8908.11 332.53 158.114 139.743 100.253 62.0709 53.3731 47.4513 42.522 36.4566 25.8064 24.7673 24.9689 19.6363 19.0632 19.4975 18.0786 20.5423 18.0326 16.0499 14.1945 13.6375 13.563 13.5259 13.4355 12.6361 12.5047 18.3099 12.1847 11.8938
threshold=0.19204907757119541 0.60678019017954943 0.030380062479932603 0.54966050000000011 5.708333333335001 12.500000000000002 0.029255500000000004 1.0000000180025095e-35 0.53370050000000002 0.58772650000000015 0.86620967868038068 115.25000000000001 1.0000000180025095e-35 0.033014000000000009 113.50000000000001 575.50000000000011 0.86620967868038068 593.00000000000011 0.11665055024126079 0.7041805000000001 0.049880500000000008 669.50000000000011 2826.5000000000005 2.5000000000000004 0.54744950000000003 2646.5000000000005 1.0000000180025095e-35 17.500000000000004 458.50000000000006 1.5000000000000002
decision_type=2 2 2 2 2 2 2 2 2 2 2 2 2 2 2 2 2 2 2 2 2 2 2 2 2 2 2 2 2 2
left_child=2 3 21 -2 13 7 11 10 -7 -6 -3 12 19 14 15 -4 17 -10 -11 28 -15 -1 -12 29 -9 -14 27 -8 -5 -19
right_child=1 5 4 6 9 8 26 24 16 18 22 -13 25 20 -16 -17 -18 23 -20 -21 -22 -23 -24 -25 -26 -27 -28 -29 -30 -31
leaf_value=-0.067419322955216562 -0.05955915765960438 0.033394387672506291 -0.070060939395720043 0.001168377902270659 -0.065028690462516511 -0.063674885188594418 -0.0264033307933439 0.014605689534906314 -0.062870896965988229 -0.041546426998137681 0.056297517071956731 -0.034699806177517917 -0.051592823488339448 0.03535783348001733 0.012675422972236734 -0.013021859945906872 0.04343631412091762 0.0043181306832772506 0.010624481638693159 0.012431770129086545 -0.057538691356574689 -0.011557811267498273 0.046193441475032265 -0.048592647059705604 0.058709641837638583 0.034620021351819595 0.062080410959529736 0.043388589190266405 -0.040944529585135836 0.040914114413906633
leaf_weight=2813.2148901728215 66.524743773392402 295.31725800468121 20.978384513990022 37.118486351682805 188.64578295510728 12.099760835291816 11.592567719751967 17.430684082210064 7.549848180031403 47.699699779623188 498.91991533525288 31.515864419634454 4.433203238178975 38.869967108941637 42.753216103999875 52.416187112627085 150.64300718344748 35.340346653712913 25.373912923270836 109.98398888553493 4.5985640712315208 10.968260785564778 993.47437920095399 6.2558028819039455 1848.6145363731775 102.95909906912129 61.609106924035586 49.631887841504067 31.969664078904316 59.720390259404667
leaf_count=920295 16552 5395 6183 3438 56384 2184 1291 365 719 8543 1162 4725 683 2446 4690 7317 1082 1389 2438 5696 1081 1190 3686 494 3905 3471 336 887 4932 1091
internal_value=0 0.0460829 -0.0629397 0.00799022 -0.0343674 0.0510063 0.0181843 0.0527205 0.0279456 -0.0534143 0.046899 0.00737093 0.0119994 -0.00313655 -0.0138651 -0.0293254 0.0322175 0.0166935 -0.0234307 0.000567823 0.0255302 -0.0672024 0.0495713 0.0226224 0.0582977 0.0310611 0.0461771 0.0301738 -0.0183188 0.027309
internal_weight=0 4432.7 3245.52 507.339 421.336 3925.37 440.814 3653.76 271.609 261.719 1787.71 317.98 286.464 159.616 116.148 73.3946 259.509 108.866 73.0736 179.072 43.4685 2824.18 1492.39 101.317 1866.05 107.392 122.834 61.2245 69.0882 95.0607
internal_count=1074050 63483 1010567 42011 89082 21472 25459 14513 6959 67365 10243 22945 18220 21717 18190 13500 4775 3693 10981 14066 3527 921485 4848 2974 4270 4154 2514 2178 8370 2480
is_linear=0
shrinkage=0.05


Tree=8
num_leaves=31
num_cat=0
split_feature=0 0 58 0 98 40 40 82 0 82 82 96 82 90 99 83 40 93 93 62 76 40 0 82 100 40 74 76 0 0
split_gain=8171.53 302.591 151.017 147.778 91.0181 53.5872 47.575 44.4755 42.2976 37.6358 32.5598 32.377 22.9032 19.7535 18.7985 17.9035 17.7825 17.5601 17.1476 15.3198 14.2088 17.7624 14.1975 13.9809 13.4815 13.4624 16.1288 12.7587 23.9679 12.2457
threshold=0.19204907757119541 0.68981449621504665 6.5000000000000009 0.030380062479932603 5.708333333335001 1.0000000180025095e-35 7.5000000000000009 0.54444850000000011 0.94875966535953815 0.56680450000000004 0.58772650000000015 0.047076000000000014 0.56304950000000009 35.500000000000007 0.20759250000000004 138.00000000000003 706.50000000000011 0.37661550000000005 0.75316150000000015 34.500000000000007 607.50000000000011 13.500000000000002 0.12800136274409843 0.54481650000000015 1.0000000180025095e-35 38.500000000000007 9.5000000000000018 635.50000000000011 0.0088049481694041625 0.86620967868038068
decision_type=2 2 2 2 2 2 2 2 2 2 2 2 2 2 2 2 2 2 2 2 2 2 2 2 2 2 2 2 2 2
left_child=3 2 5 27 15 12 8 -4 9 11 -6 19 -2 -14 -10 20 17 23 -11 -3 21 -5 -12 -9 -8 26 -7 -1 -29 -26
right_child=1 6 7 4 10 25 24 16 14 18 22 -13 13 -15 -16 -17 -18 -19 -20 -21 -22 -23 -24 -25 29 -27 -28 28 -30 -31
leaf_value=-0.065732220093596125 -0.043799655857429863 0.025271373718635401 -0.063792457572218977 -0.031403417273006912 -0.062873896932927789 0.03639965376769063 0.059073872157428743 0.059600974810757351 0.051770089819324544 0.029867809116170159 -0.038063970011225315 -0.062607467095857725 0.0024353619070340421 0.031921025920507107 0.014476855659691546 0.03326026122816847 0.046544636243258025 -0.0017529577632240168 0.045208160855208679 -0.067509349842658439 0.014104105555195232 0.027688717025871723 0.0099837207344373215 -0.052620094849884606 -0.02967675771755144 0.056662439159312655 -0.061002827485821476 -0.06201916094870577 0.0096470279346496501 0.042361634940802362
leaf_weight=2708.6883532311767 17.656269019353203 77.830433694296516 54.72536434821086 78.390813190198969 184.40908026392572 126.14689453248866 1123.3458400493255 3.01544266170822 1528.1762056539301 252.19505301164463 49.828481919248588 13.864542149822226 130.36062774283346 100.6640178358648 34.555319335311651 27.234569769934751 12.63613971340237 73.212596016353928 656.05845428886823 4.7189174863742656 39.004707869724371 15.179434600402599 22.235652972362004 34.866812747321092 6.8671423679916179 113.49978117144201 4.3983192313462487 41.836901021073572 16.177817037212662 41.853143432410434
leaf_count=906765 3177 1756 13827 16105 56384 3576 2131 66 3362 3590 8987 1334 8828 2613 92 1724 337 6066 3691 571 3020 868 1994 6571 221 843 670 12985 1735 161
internal_value=0 0.0440619 0.0131496 -0.0610563 -0.0332819 0.027423 0.0496102 -0.0262598 0.0457997 0.0377956 -0.0517371 0.0080931 0.0110882 0.0152831 0.0509455 -0.00366364 -0.00965939 -0.0160521 0.0409486 0.0199676 -0.0112488 -0.0218172 -0.0232387 -0.0436873 0.0579571 0.044068 0.033118 -0.0652353 -0.0420345 0.0322078
internal_weight=0 4410.65 671.182 3182.99 416.283 492.726 3739.47 178.456 2567.4 1004.67 256.473 96.4139 248.681 231.025 1562.73 159.81 123.731 111.095 908.254 82.5494 132.575 93.5702 72.0641 37.8823 1172.07 244.045 130.545 2766.7 58.0147 48.7203
internal_count=1074050 63483 46574 1010567 89082 19707 16909 26867 14396 10942 67365 3661 14618 11441 3454 21717 13040 12703 7281 2327 19993 16973 10981 6637 2513 5089 4246 921485 14720 382
is_linear=0
shrinkage=0.05


Tree=9
num_leaves=31
num_cat=0
split_feature=0 0 0 82 98 40 0 40 98 82 0 98 82 89 82 93 98 76 40 83 99 92 60 74 82 93 93 43 74 76
split_gain=7560.54 289.391 138.446 121.262 80.1713 59.2446 58.2711 42.393 34.0251 29.9704 29.95 22.9748 20.5998 25.8061 20.541 18.825 17.4666 16.8904 17.6696 16.443 16.3383 12.7795 12.7659 12.3906 11.8924 11.8691 11.3818 11.3759 11.1686 11.1594
threshold=0.19204907757119541 0.60678019017954943 0.030380062479932603 0.56680450000000004 5.708333333335001 2.5000000000000004 0.86620967868038068 1.0000000180025095e-35 152.58333333350001 0.58772650000000015 0.53809039466125175 8.7083333333350019 0.55341550000000017 1.5000000000000002 0.54966050000000011 1.8222090000000002 69.125000000000014 562.50000000000011 4.5000000000000009 10.000000000000002 0.15741000000000002 3.5000000000000004 12.500000000000002 7.5000000000000009 0.53855800000000009 0.77612700000000012 1.2008335000000001 1.0000000180025095e-35 8.5000000000000018 669.50000000000011
decision_type=2 2 2 2 2 2 2 2 2 2 2 2 2 2 2 2 2 2 2 2 2 2 2 2 2 2 2 2 2 2
left_child=2 3 29 10 17 6 8 11 19 -6 -2 26 13 -7 -12 20 -9 22 -19 23 28 -11 -4 24 -3 -14 -5 -13 -8 -1
right_child=1 5 4 7 9 12 15 16 -10 21 14 27 25 -15 -16 -17 -18 18 -20 -21 -22 -23 -24 -25 -26 -27 -28 -29 -30 -31
leaf_value=-0.06375849684710104 -0.049301973832738183 -0.074227502291229944 -0.064726648826142694 0.0026168953025532838 -0.060982008884755023 -0.051665512253099469 0.046820528878457238 0.043363145561618736 -0.04694059502424721 -0.031701982931079363 -0.067921240835029054 -0.031430465681841317 0.04910381755470735 0.040829699216937056 0.038123529065492434 0.052684873434932292 -0.028608089265043046 -0.007084960495816567 0.039319719809938716 0.034568528979394934 0.026788927494944315 0.027107422276314009 0.053019349032356305 -0.020146926150036694 0.023619623457861529 0.058694488326700822 0.028840657443486097 0.031428167487391682 0.034133518546151098 -0.012629219785034335
leaf_weight=2700.2222517346381 96.59113590902416 3.2070896944496772 16.803968157502826 84.373426916426979 180.18419861170696 9.522061725612728 881.74733929219656 158.32981258776272 15.559165168670004 60.982657048269175 6.0361520769656662 46.758623922243714 473.15635028493125 36.244219562853687 18.755580859840848 651.90739574912004 8.9041351343039405 116.72841743193567 24.887284027528949 305.12763841287233 151.11851519206539 10.886786644463426 2.6673677287762976 22.993518548435532 97.917194516980089 1013.7999868988991 81.196490805828944 8.5073184096254391 215.95315886801109 10.714236089261247
leaf_count=920295 21496 492 4842 6127 56384 1032 3162 2964 2018 10401 1533 5369 1599 580 683 1568 1213 15853 932 4228 630 580 90 1164 2260 1633 2184 442 1106 1190
internal_value=0 0.042327 -0.0594474 0.00689788 -0.0324849 0.046981 0.0419854 0.0205407 0.0256943 -0.0500931 -0.0367192 0.00615969 0.0546258 0.0215853 0.0123043 0.0457978 0.0395311 -0.00493334 0.00107011 0.0283271 0.0422026 -0.0227935 -0.0485967 0.0129833 0.0205165 0.0556427 0.0154772 -0.0217544 0.0443246 -0.0635564
internal_weight=0 4387.71 3124.08 509.453 413.141 3878.25 2345.53 388.07 444.805 252.054 121.383 220.836 1532.72 45.7663 24.7917 1900.73 167.234 161.087 141.616 429.245 1248.82 71.8694 19.4713 124.118 101.124 1486.96 165.57 55.2659 1097.7 2710.94
internal_count=1074050 63483 1010567 42011 89082 21472 16628 18299 10162 67365 23712 14122 4844 1612 2216 6466 4177 21717 16785 8144 4898 10981 4932 3916 2752 3232 8311 5811 4268 921485
is_linear=0
shrinkage=0.05


Tree=10
num_leaves=31
num_cat=0
split_feature=0 0 58 82 40 0 82 40 90 0 93 0 74 0 54 76 72 90 36 93 76 68 76 95 82 95 76 83 0 43
split_gain=7046.65 293.244 150.678 127.395 66.1753 64.0482 62.6678 38.067 29.3794 26.098 19.3362 17.5899 19.4748 16.7303 42.5133 17.0803 16.7214 15.7501 16.2308 15.5643 22.2729 14.7008 14.5462 19.7623 14.0827 13.5998 12.641 12.0017 11.2923 11.0794
threshold=0.33581906297173442 0.043984350660107828 7.5000000000000009 0.57387650000000012 1.0000000180025095e-35 0.7740980979447657 0.5414135000000001 13.500000000000002 16.500000000000004 0.86620967868038068 0.45692650000000007 0.94875966535953815 8.5000000000000018 0.012339227772512141 0.023543000000000005 654.50000000000011 8.0833333333350019 11.500000000000002 182.50000000000003 1.4769545000000004 689.50000000000011 129.50000000000003 567.50000000000011 0.026511500000000004 0.56212650000000008 0.028647500000000003 670.50000000000011 142.00000000000003 0.11665055024126079 1.0000000180025095e-35
decision_type=2 2 2 2 2 2 2 2 2 2 2 2 2 2 2 2 2 2 2 2 2 2 2 2 2 2 2 2 2 2
left_child=1 13 4 16 5 10 21 8 26 17 -2 12 22 -1 15 -15 -3 18 -8 20 -7 -4 23 -6 -14 -16 28 -12 -5 -30
right_child=2 3 6 7 11 19 9 -9 -10 -11 27 -13 24 14 25 -17 -18 -19 -20 -21 -22 -23 -24 -25 -26 -27 -28 -29 29 -31
leaf_value=-0.062793849157289736 -0.016801136100922497 -0.020835818632460153 -0.062943841702250189 -0.050267979941582275 0.039664293649498639 0.039125675417578408 0.039375329171599222 0.041924019620649788 0.0074470967815402416 0.035889868274745003 0.016455981991517082 0.05728557425458311 -0.071867387414907655 -0.059258553208391608 0.03287738574733081 0.023085361922454049 -0.056752522077136228 0.016789917502000696 -0.031292737559999791 0.048264670243508445 -0.048323701670908409 0.017894988267102483 0.051425872191731496 -0.028263972144173907 0.024837172123417822 -0.034803878503991546 0.057569587130519032 0.047532673853857295 -0.027317690776161682 0.024208269520516287
leaf_weight=2486.5468160954188 38.290018977713771 39.803324014763348 33.937875592964701 41.856212505488656 112.93590805109125 924.69503069901839 9.9813293009065074 46.454541834827978 146.66007250663824 107.50884184800088 185.40591775719076 892.99475747998804 4.1261542676948002 220.1481590574258 18.447053432872057 6.4830227263737461 174.35854015563382 80.802588443271816 43.693424631142989 709.61655415594578 7.3389914333820334 6.7410035049542776 913.0413103607716 11.828693140763788 42.976545202545822 12.419099935854318 4.2851596409454933 37.322106948238797 51.949226309196092 13.054607942467554
leaf_count=862486 3796 7670 7582 9597 1256 4829 291 1296 11589 930 6436 1189 460 73969 2196 372 50424 3677 4830 2021 27 829 3038 395 547 3512 43 439 7419 905
internal_value=0 -0.0550218 0.0431171 -0.0205341 0.0456844 0.0390272 0.00787267 0.000260689 -0.00724673 0.0175253 0.0160209 0.0520884 0.0478105 -0.0615375 -0.0494053 -0.056903 -0.0500772 0.0028436 -0.0181513 0.0426851 0.0384371 -0.0495478 0.0492377 0.0332241 0.0163659 0.0056456 -0.0266357 0.0216634 -0.0300124 -0.0169698
internal_weight=0 3262.47 4163.24 518.422 3880.57 1902.67 282.665 304.26 257.805 241.986 261.018 1977.9 1084.91 2744.04 257.497 226.631 214.162 134.477 53.6748 1641.65 932.034 40.6789 1037.81 124.765 47.1027 30.8662 111.145 222.728 106.86 65.0038
internal_count=1074050 1031478 42572 88943 24433 17548 18139 30849 29553 9728 10671 6885 5696 942535 80049 74341 58094 8798 5121 6877 4856 8411 4689 1651 1007 5708 17964 6875 17921 8324
is_linear=0
shrinkage=0.05


Tree=11
num_leaves=31
num_cat=0
split_feature=0 0 0 82 98 40 40 0 79 82 83 0 93 82 76 40 40 99 76 0 95 36 69 68 90 0 98 36 93 48
split_gain=6571.57 268.252 134.143 120.559 73.6562 53.771 51.557 45.8853 32.3036 27.3193 27.1035 26.8266 25.1002 21.8748 14.4993 14.1909 12.9598 12.216 12.1116 19.9245 12.0673 11.4628 10.8316 12.2917 10.6972 10.2653 10.2258 10.2545 9.91751 9.86988
threshold=0.19204907757119541 0.68981449621504665 0.030380062479932603 0.56680450000000004 5.708333333335001 5.5000000000000009 2.5000000000000004 0.94875966535953815 86.500000000000014 0.58772650000000015 8.5000000000000018 0.53809039466125175 0.7041805000000001 0.55868150000000016 575.50000000000011 336.50000000000006 2.5000000000000004 0.20759250000000004 635.50000000000011 0.0088049481694041625 0.064596500000000015 997.50000000000011 1.0000000180025095e-35 119.50000000000001 39.500000000000007 0.11665055024126079 16.708333333350001 2264.5000000000005 0.75316150000000015 5.5000000000000009
decision_type=2 2 2 2 2 2 2 2 2 2 2 2 2 2 2 2 2 2 2 2 2 2 2 2 2 2 2 2 2 2
left_child=2 3 18 8 14 7 12 10 11 -6 13 -2 26 -3 15 -4 24 -9 -1 -20 -21 -13 23 -14 -16 -11 -5 -28 -12 -7
right_child=1 5 4 6 9 29 -8 17 -10 25 28 21 22 -15 16 -17 -18 -19 19 20 -22 -23 -24 -25 -26 -27 27 -29 -30 -31
leaf_value=-0.061336765031758417 -0.036067552395220109 -0.029022619717663612 -0.038703061603742921 4.0439223245276537e-06 -0.058136066198860081 0.054732130926496952 0.042594774790628863 0.046858441403054403 -0.058950132198544163 -0.035655024797099359 0.026410163301042944 0.041753147967601517 -0.020615270807289629 0.022642326390111749 -0.017650125297602223 0.042808667041421021 0.038305238447526618 0.015478282222107342 -0.056964543177365767 0.048780985269790307 -0.038182360142989855 -0.011106168132643937 0.025021505084858342 0.038055016516470724 0.016130900694066277 0.0037113196975472953 -0.043758900811794926 0.052098491792064751 0.040569206095533668 0.037193883629939146
leaf_weight=2546.1107862953213 48.462307828071062 22.472671994823031 40.613163201953284 83.096388799021952 174.94974493642803 1144.5059678577818 191.20638293295633 1431.9718608548865 56.661558321851771 46.210066695406567 162.27633729553781 23.455786826089025 29.722128832247108 231.94580370292533 55.029549714934547 6.1479010027833274 23.309435258386657 31.70053593441844 38.937439130095299 8.7615941676776874 7.3234750371193504 18.225348187494092 183.70569037250243 12.759579805890096 40.817480226280168 25.809078164980747 27.19671453314368 3.1089273381512603 519.88294926472008 86.265854968805797
leaf_count=906765 9352 2046 9450 6545 56384 1787 2789 3286 14508 8543 2342 575 1796 3362 8385 149 841 92 12985 338 1397 1477 5396 253 2892 2438 3803 80 2922 1072
internal_value=0 0.0396163 -0.0566326 0.0107362 -0.0301569 0.0450058 0.0218277 0.0406488 -0.0293667 -0.0474664 0.0320065 -0.0107715 0.0101347 0.0180788 -0.00439166 -0.0279863 0.0048677 0.0461788 -0.0608352 -0.0376261 0.00918688 0.0186401 0.0197599 -0.00299338 -0.00326411 -0.0215475 -0.00906326 -0.0339253 0.037201 0.0535029
internal_weight=0 4308.62 3014.02 677.601 412.886 3631.02 530.796 2400.25 146.805 246.969 936.578 90.1434 339.589 254.418 165.918 46.7611 119.156 1463.67 2601.13 55.0225 16.0851 41.6811 226.187 42.4817 95.847 72.0191 113.402 30.3056 682.159 1230.77
internal_count=1074050 63483 1010567 46574 89082 16909 20662 14050 25912 67365 10672 11404 17873 5408 21717 9599 12118 3378 921485 14720 1735 2052 7445 2049 11277 10981 10428 3883 5264 2859
is_linear=0
shrinkage=0.05


Tree=12
num_leaves=31
num_cat=0
split_feature=0 0 0 58 98 40 40 0 82 82 76 93 96 82 40 101 0 68 76 82 99 70 93 3 76 0 99 92 95 82
split_gain=6117.23 252.893 130.505 113.186 68.4011 53.2956 46.1623 39.3524 34.0828 25.3775 25.053 23.4471 22.8077 18.7702 14.6186 14.3872 13.6965 12.9686 14.2789 12.0972 11.8564 11.4925 11.4348 10.8864 10.8048 17.1304 10.2454 9.84316 9.78307 9.34941
threshold=0.19204907757119541 0.68981449621504665 0.030380062479932603 6.5000000000000009 5.708333333335001 2.5000000000000004 38.500000000000007 0.94875966535953815 0.54444850000000011 0.58772650000000015 576.50000000000011 0.75316150000000015 0.046660000000000007 0.54296050000000007 706.50000000000011 0.033014000000000009 0.043984350660107828 113.50000000000001 575.50000000000011 0.54744950000000003 0.16250000000000001 1.0000000180025095e-35 0.49007150000000005 3646.0000000000005 635.50000000000011 0.0088049481694041625 0.19931400000000002 3.5000000000000004 0.064596500000000015 0.54481650000000015
decision_type=2 2 2 2 2 2 2 2 2 2 2 2 2 2 2 2 2 2 2 2 2 2 2 2 2 2 2 2 2 2
left_child=2 3 24 6 15 7 10 11 -5 -6 12 20 -2 -13 22 16 -4 18 -18 -7 -3 -12 29 -17 -1 -26 -9 -11 -27 -10
right_child=1 5 4 8 9 19 -8 26 14 27 21 13 -14 -15 -16 23 17 -19 -20 -21 -22 -23 -24 -25 25 28 -28 -29 -30 -31
leaf_value=-0.06020359948072862 0.0023992597194672687 0.019834882805776426 -0.055319812200476229 -0.059187122519128658 -0.056741196951897582 0.013431014667617617 0.050148593767552929 0.044648820138894478 0.052217151953729349 -0.029053540471352834 0.017000439911753967 -0.056605847500542594 -0.064284746404959833 0.036352261778284954 0.041487141514829393 -0.060804968111554072 -0.061217722336468522 0.015289060634603001 -0.0070207982340855487 0.051697898140654043 -0.025744508947016038 0.0473838983305565 -0.0015973769493738612 0.026777423516347661 -0.055678267406775554 0.042571251086154512 0.020487655941315915 0.022859819562569023 -0.036686585051584335 -0.039279511669061559
leaf_weight=2477.8987089105067 64.531749107060023 228.22214447567239 16.951410219480749 50.570886999601498 170.4542205426842 20.96615038800519 114.16056435264181 1320.7511665499769 2.9679640433751038 60.752318787155673 270.75873837096151 5.482244989136233 16.00235014304053 574.68797092372552 12.211868959071579 3.8781890703830859 16.338014781824313 40.446823402540758 47.445250329503324 1381.4689750855323 15.21923207619693 35.165173650719225 60.896073848940432 41.679015294765122 38.019246536889113 8.534083587350322 45.384227864211425 10.746069231186992 7.1599076056154436 47.089064715721179
leaf_count=906765 5797 4813 4215 13827 56384 849 843 3071 72 10401 9874 704 2949 3986 337 820 4742 3619 5614 2889 456 244 4613 2707 12985 338 141 580 1397 8018
internal_value=0 0.0382414 -0.0554903 0.0101459 -0.0292729 0.0435157 0.0222133 0.0386417 -0.0246261 -0.0462537 0.0139612 0.0300091 -0.010851 0.0354739 -0.0104356 -0.00463234 -0.0136377 -0.00685873 -0.0209033 0.0511258 0.0169854 0.0204929 -0.0161503 0.0193217 -0.0597227 -0.0375366 0.0438462 -0.0212511 0.00641227 -0.0338545
internal_weight=0 4266.54 2940.3 674.354 408.691 3592.18 500.619 2189.75 173.736 241.953 386.458 823.612 80.5341 580.17 123.165 166.739 121.181 104.23 63.7833 1402.44 243.441 305.924 110.953 45.5572 2531.61 53.7132 1366.14 71.4984 15.694 50.057
internal_count=1074050 63483 1010567 46574 89082 16909 19707 13171 26867 67365 18864 9959 8746 4690 13040 21717 18190 13975 10356 3738 5269 10118 12703 3527 921485 14720 3212 10981 1735 8090
is_linear=0
shrinkage=0.05


Tree=13
num_leaves=31
num_cat=0
split_feature=0 0 58 82 40 0 82 40 90 0 0 55 76 99 76 0 101 93 82 76 79 98 68 101 62 2 74 48 96 76
split_gain=5705.64 260.699 128.653 100.952 68.0901 57.7798 50.8042 33.878 23.6966 21.2285 18.3433 19.3139 17.8694 19.1358 16.8356 16.0074 33.4769 14.1449 14.0647 13.6397 12.5888 12.0291 11.7775 11.6974 11.4046 11.2039 11.175 11.0597 10.798 10.4363
threshold=0.33581906297173442 0.043984350660107828 7.5000000000000009 0.57387650000000012 1.0000000180025095e-35 0.7740980979447657 0.5414135000000001 1.0000000180025095e-35 37.500000000000007 0.86620967868038068 0.86620967868038068 1.0000000180025095e-35 575.50000000000011 0.085668000000000008 578.50000000000011 0.012339227772512141 0.030463500000000001 1.4769545000000004 0.54061850000000011 654.50000000000011 180.50000000000003 4.3666666666650009 129.50000000000003 0.035464000000000002 2007.5000000000002 1841617.5000000002 8.5000000000000018 26.500000000000004 0.09718350000000002 589.50000000000011
decision_type=2 2 2 2 2 2 2 2 2 2 2 2 2 2 2 2 2 2 2 2 2 2 2 2 2 2 2 2 2 2
left_child=1 15 4 18 5 14 22 8 21 20 11 12 13 -6 -2 -1 19 -7 -3 -17 26 28 -4 -18 -20 -13 -8 -9 -5 -25
right_child=2 3 6 7 10 17 9 27 -10 -11 -12 25 -14 -15 -16 16 23 -19 24 -21 -22 -23 -24 29 -26 -27 -28 -29 -30 -31
leaf_value=-0.059415265794616035 -0.011947202751766211 -0.061622878057839038 -0.060182551301160875 -0.017040361722006816 0.019163723804385802 0.034092716235505569 0.015800991341786683 0.029837218319252082 0.013336222827662909 0.031392658945121318 0.051303600634157259 0.05334155846104717 0.036636514972045058 -0.058504093546626425 0.01936870130946014 -0.055146602907897704 0.061148248392101881 0.043602210775610578 -0.036921565795684223 0.019248941079056434 -0.027154005212341195 -0.035773560615714947 0.013181919846629678 -0.057256876547886484 0.094300316849488183 0.028312168623592478 -0.034560621903529536 -0.020886074538205998 0.034971074459843141 0.012183043796057743
leaf_weight=2299.3614055585349 54.06380093737971 86.097793730325066 31.461470081179868 50.97259134700289 36.840900315437466 895.7362893212121 90.941307518281974 85.23475479678018 63.323586614103988 106.43836629507132 1340.5673493323848 253.79280094837304 205.37853441271 10.106060083489863 208.17770660878159 204.58887046313612 6.8050290964311015 694.02685045986436 116.59069956600433 6.352287425659596 29.855378709267825 83.159005306486506 6.6217868621461085 8.5633767282706703 1.6796473120339204 54.271176562644541 12.533093710895626 12.29698726988863 12.40805391827598 14.698215227166655
leaf_count=862486 4933 27572 7582 6442 1019 4856 4036 3864 3800 930 2246 724 1664 745 5738 73922 354 2021 30515 372 3541 14270 829 3186 7 487 1221 2042 431 2215
internal_value=0 -0.0515715 0.03905 -0.019014 0.0414805 0.0346573 0.00622044 -0.000906757 -0.0122226 0.0147413 0.048128 0.0405314 0.0302749 0.00244452 0.0129126 -0.0581303 -0.0458709 0.0382442 -0.0462494 -0.0529063 0.00144843 -0.0232672 -0.0474262 0.003488 -0.035058 0.0489322 0.00970106 0.0234419 -0.00685806 -0.0133801
internal_weight=0 3052.13 4030.81 511.763 3752.96 1852 277.851 307.395 209.863 239.768 1900.96 560.389 252.325 46.947 262.242 2540.37 241.008 1589.76 204.368 210.941 133.33 146.54 38.0833 30.0666 118.27 308.064 103.474 97.5317 63.3806 23.2616
internal_count=1074050 1031478 42572 88943 24433 17548 18139 30849 24943 9728 6885 4639 3428 1764 10671 942535 80049 6877 58094 74294 8798 21143 8411 5755 30522 1211 5257 5906 6873 5401
is_linear=0
shrinkage=0.05


Tree=14
num_leaves=31
num_cat=0
split_feature=0 0 0 82 98 40 0 81 82 89 90 82 40 76 93 93 58 48 89 69 98 68 0 99 76 0 95 82 72 54
split_gain=5335.01 230.932 127.566 86.0957 62.1629 59.2423 56.4795 45.6148 31.6683 22.3067 20.7838 19.7378 17.9111 14.9139 14.2036 12.3708 12.2594 11.6463 11.6375 11.1444 10.7534 10.4644 10.4418 10.3546 10.2893 15.0634 12.0723 9.64692 9.18994 9.0033
threshold=0.19204907757119541 0.60678019017954943 0.030380062479932603 0.54966050000000011 8.3666666666650027 6.5000000000000009 0.86620967868038068 0.019601000000000004 0.5683895000000001 1.5000000000000002 16.500000000000004 0.59229250000000011 6.5000000000000009 597.50000000000011 1.4769545000000004 0.75316150000000015 2.5000000000000004 1038.5000000000002 2.5000000000000004 1.0000000180025095e-35 397.75000000000006 51.500000000000007 0.94875966535953815 0.18803900000000004 635.50000000000011 0.0032200281855830795 0.064596500000000015 0.58420850000000002 1570.1666666650001 0.029691500000000003
decision_type=2 2 2 2 2 2 2 2 2 2 2 2 2 2 2 2 2 2 2 2 2 2 2 2 2 2 2 2 2 2
left_child=2 3 24 -2 12 6 8 10 9 -3 19 -6 13 18 22 -10 -7 -11 -4 -5 -18 -13 -8 -16 -1 -26 -27 -21 -12 -20
right_child=1 5 4 7 11 16 14 -9 15 17 28 21 -14 -15 23 -17 20 -19 29 27 -22 -23 -24 -25 25 26 -28 -29 -30 -31
leaf_value=-0.058317309714592792 -0.052186771323451855 -0.057400763178761943 -0.036764675868669314 -0.037666200193775229 -0.055263836981442063 0.052025266898642453 0.027437034624115349 0.051630755699193599 0.012251923412043838 0.014405490681232709 0.015664984470483541 0.0055302955234460549 0.026277340879156716 0.0040838419001442442 0.045683202579986225 0.031200723154747697 0.041157993947802389 -0.069089089138375193 -0.015902405433050083 -0.020823021153531435 -0.038747130575577229 -0.040242390642360765 0.038633224162362652 0.024734519974068739 -0.058847527580199288 0.034853034587671673 -0.039949525602207096 0.0083278249195786521 -0.07022071009104168 0.052094295594045208
leaf_weight=2340.9378527251538 59.368825267476495 18.833838237915188 71.722691318369471 27.895725740585476 156.59229466223042 937.26844811695628 283.31805556314066 62.165898438659497 121.67107557004783 44.596967208199203 239.62535679747816 23.054500860103872 33.185826837725472 66.828528720070608 833.03751475154422 294.89982928533573 262.45430383842904 4.6080185308819628 16.997567112615801 45.426533959805965 4.2791633961023754 27.240106860932428 785.88953392370604 63.482851264066994 29.553383199323434 10.406819880940022 11.197439739131367 75.635031602228992 3.155680315103381 6.822030132636427
leaf_count=906765 16552 2427 16750 3631 53617 1488 2561 328 3447 1468 10043 2438 2146 6041 2020 2906 1396 847 3006 6462 556 4933 2182 174 11340 627 2753 4563 432 151
internal_value=0 0.0358408 -0.0534508 0.00443579 -0.0274061 0.0402518 0.0357892 0.0118418 0.0205006 -0.011126 0.00552758 -0.0465114 -0.00719394 -0.0140349 0.0395583 0.0256662 0.0493337 0.00658627 -0.0267083 -0.00917557 0.0398761 -0.0192607 0.0356665 0.0441998 -0.0578325 -0.0356499 -0.00391697 -0.00261059 0.0145486 0.00357213
internal_weight=0 4167.61 2794.54 513.273 402.444 3654.34 2450.34 453.904 484.61 68.0388 391.738 206.887 195.557 162.371 1965.73 416.571 1204 49.205 95.5423 148.957 266.733 50.2946 1069.21 896.52 2392.1 51.1576 21.6043 121.062 242.781 23.8196
internal_count=1074050 63483 1010567 42011 89082 21472 18032 25459 11095 4742 25131 60988 28094 25948 6937 6353 3440 2315 19907 14656 1952 7371 4743 2194 921485 14720 3380 11025 10475 3157
is_linear=0
shrinkage=0.05


Tree=15
num_leaves=31
num_cat=0
split_feature=0 0 0 82 40 98 0 58 40 83 82 82 58 40 36 66 0 98 90 82 99 76 40 76 96 93 76 0 68 68
split_gain=4993.99 218.614 121.634 85.1452 63.903 59.1602 51.6922 38.4836 34.7877 27.8537 22.1502 21.2114 20.0913 19.0845 17.4862 13.7324 15.1934 13.4974 13.0238 12.5382 13.9412 12.096 11.7128 11.1401 10.8407 10.3181 10.2344 14.3815 10.2262 13.2728
threshold=0.19204907757119541 0.53809039466125175 0.030380062479932603 0.56680450000000004 1.0000000180025095e-35 5.708333333335001 0.94875966535953815 7.5000000000000009 19.500000000000004 8.5000000000000018 0.58772650000000015 0.59229250000000011 3.5000000000000004 798.50000000000011 6903.0000000000009 0.063933000000000004 0.86620967868038068 10.100000000000001 9.5000000000000018 0.57048050000000006 0.091750500000000013 575.50000000000011 4.5000000000000009 689.50000000000011 0.039998000000000006 0.97250900000000018 635.50000000000011 0.0032200281855830795 106.50000000000001 99.500000000000014
decision_type=2 2 2 2 2 2 2 2 2 2 2 2 2 2 2 2 2 2 2 2 2 2 2 2 2 2 2 2 2 2
left_child=2 3 26 -2 6 22 9 15 12 14 -7 13 -5 -9 18 16 19 28 -3 20 -6 -19 25 -8 -14 -4 -1 -28 29 -11
right_child=1 4 5 8 7 10 23 11 -10 17 -12 -13 24 -15 -16 -17 -18 21 -20 -21 -22 -23 -24 -25 -26 -27 27 -29 -30 -31
leaf_value=-0.057524023087867464 -0.042690333635279298 -0.011153319475781383 -0.025540128562965767 0.013220676744871705 0.022116405067978392 -0.054021031067107851 0.039678898645393465 -0.028530322807879878 0.042674087596400088 0.028341589116929695 -0.020214731412938915 0.039180376374259897 0.023984429327373553 0.047865413483793487 -0.048514437346476265 0.05657573651079998 0.047652057363833628 -0.058766927419794605 0.017730026131512477 0.039860647615787476 -0.064252824004146614 0.013267390735196614 0.022674396283366961 0.0033238227916863195 -0.025073715363403033 0.0020071753959230165 -0.057923022795312376 -0.0036197458542288259 0.040295839820960327 -0.0097782081650371628
leaf_weight=2268.2816191846214 90.319241356337443 51.530988187296316 64.231746499601286 169.2472278609639 51.481821067049168 158.09848643949954 1068.5609789777081 35.229068068118067 72.684791711042635 280.22128031100146 69.864998973265756 39.504279994871467 13.48816100519616 10.645105360192245 13.234329840401186 293.25379387568682 1107.356815545354 6.6779242284828788 160.86531206022482 310.7654468852561 5.138565656845457 45.778604668215849 31.940629016142339 21.495494175702333 68.198171998781618 72.202870638808236 28.3887969974312 21.370798586402088 178.75011757947505 24.860963194048963
leaf_count=906765 21496 2522 12800 7439 826 56384 2671 3536 824 3135 10981 350 604 146 1890 322 2071 527 3227 1459 296 874 1860 69 7317 7057 11340 3380 1291 591
internal_value=0 0.0346969 -0.0526554 0.000234542 0.0385468 -0.0270584 0.0319781 0.0451106 0.0122145 0.0219865 -0.0436603 0.0123243 0.00339168 -0.0108027 0.0072479 0.0466939 0.0447289 0.0281875 0.0107224 0.0359179 0.014278 0.00409714 -0.00458101 0.038962 -0.0169732 -0.0109618 -0.0570319 -0.0346008 0.0307993 0.0252352
internal_weight=0 4119.29 2714.38 413.938 3705.35 396.339 1851.98 1853.37 323.618 761.92 227.963 85.3785 250.934 45.8742 225.631 1768 1474.74 536.289 212.396 367.386 56.6204 52.4565 168.375 1090.06 81.6863 136.435 2318.04 49.7596 483.832 305.082
internal_count=1074050 63483 1010567 37680 25803 89082 16797 9006 16184 14057 67365 4032 15360 3682 7639 4974 4652 6418 5749 2581 1122 1401 21717 2740 7921 19857 921485 14720 5017 3726
is_linear=0
shrinkage=0.05


Tree=16
num_leaves=31
num_cat=0
split_feature=0 0 0 83 82 55 82 40 40 90 93 0 96 74 98 82 69 95 90 48 95 82 54 69 82 0 82 74 68 93
split_gain=4707 179.992 159.126 108.757 66.1278 52.6575 46.1211 45.3294 26.2555 22.0064 20.0728 17.0772 15.9125 15.641 13.8264 13.3689 12.68 12.3025 11.778 10.8996 10.6708 10.6677 10.4464 10.32 10.025 11.3921 9.8664 9.53219 9.53174 9.05867
threshold=0.23938287544958989 0.7740980979447657 0.030380062479932603 14.000000000000002 0.56900050000000013 1.0000000180025095e-35 0.57964650000000006 1.0000000180025095e-35 4.5000000000000009 37.500000000000007 1.7729355000000002 0.94875966535953815 0.09271900000000001 7.5000000000000009 7.083333333335001 0.54217850000000012 2.5000000000000004 0.0067470000000000004 8.5000000000000018 20.500000000000004 0.053324000000000003 0.5720225000000001 0.026069000000000005 1.0000000180025095e-35 0.63917850000000009 0.0032200281855830795 0.60969050000000002 17.500000000000004 14.500000000000002 1.2971235000000003
decision_type=2 2 2 2 2 2 2 2 2 2 2 2 2 2 2 2 2 2 2 2 2 2 2 2 2 2 2 2 2 2
left_child=2 3 24 6 22 10 15 11 9 12 13 18 -6 21 -9 -2 -16 -17 -3 -10 26 -5 -4 -8 -1 -26 -14 28 -15 -13
right_child=1 7 4 5 8 -7 23 14 19 -11 -12 29 20 27 16 17 -18 -19 -20 -21 -22 -23 -24 -25 25 -27 -28 -29 -30 -31
leaf_value=-0.056776060525912192 -0.055966635992575592 0.0048509615046902349 -0.050869993408753471 -0.016683300634364195 -0.034916813777391378 0.046266224602691065 -0.019730820629060352 0.048025211297202698 0.0331561483367721 0.0076885043332972835 0.030896146131506392 0.03326997288152448 -0.043292974542599082 0.041687466101475369 0.027160367313331924 0.013335139062686392 0.054364708324663384 -0.032153410194796082 0.029343356733964949 -0.043750712134114259 -0.018169492396450829 0.018190122537342136 0.003909477198086775 0.012979652311343362 -0.055622166549317058 -0.002223401141107651 0.055247671469614505 0.04402733695488658 -0.034578841221860772 0.04244859075866235
leaf_weight=2212.0725519528496 43.322455353307305 54.576640978688374 167.42372015365981 25.918603835918475 122.94407709632651 214.66263078781776 29.601713086012751 1320.8858455698937 42.494959821051452 69.627902179141529 121.74047387333121 549.51520602405071 3.2275932702468699 4.5677200329955658 159.94686532905325 19.236069248989224 58.499595063971356 65.393153976940084 487.82412266440224 5.1671966128051272 26.98283049109159 142.47266936884262 9.1802066819509474 130.03632727300283 22.233016130281612 18.135355200036429 11.927284545032306 5.3350031882291651 39.739084188011475 526.23910213820636
leaf_count=908626 11860 1232 57343 2652 25911 1576 2166 2466 1594 5708 1930 1640 630 95 1643 1081 164 8807 4361 1474 3351 4079 1289 4847 9915 2944 163 162 3241 1100
internal_value=0 0.0344783 -0.0508577 0.0139382 -0.0240243 0.0268801 -0.011012 0.0399558 -0.00901514 -0.0158857 0.0146323 0.0341127 -0.0258288 0.00555126 0.0460981 -0.0333775 0.0344456 -0.0218139 0.0268789 0.0248184 0.000687229 0.0128224 -0.0480225 0.00691414 -0.0563254 -0.031633 0.0342611 -0.0191135 -0.0267163 0.03776
internal_weight=0 3999.51 2711.42 842.026 458.976 554.436 287.59 3157.49 282.372 234.71 339.774 1618.16 165.082 218.033 1539.33 127.952 218.446 84.6292 542.401 47.6622 42.1377 168.391 176.604 159.638 2252.44 40.3684 15.1549 49.6418 44.3068 1075.75
internal_count=1074050 55102 1018948 42496 97463 13735 28761 12606 38831 35763 12159 8333 30055 10229 4273 21748 1807 9888 5593 3068 4144 6731 58632 7013 921485 12859 793 3498 3336 2740
is_linear=0
shrinkage=0.05


Tree=17
num_leaves=31
num_cat=0
split_feature=0 0 0 82 40 98 0 101 82 82 89 100 90 48 69 93 82 66 90 76 93 69 82 40 60 90 48 76 0 95
split_gain=4416.8 205.766 119.969 68.0894 58.6477 53.1857 48.2416 39.1953 25.3015 21.2 18.353 18.0139 14.7326 13.8309 12.5385 11.9379 11.0738 10.9021 13.3828 10.7248 10.4602 13.078 14.9998 10.3717 10.1082 10.0944 9.74855 9.5888 12.5453 9.26796
threshold=0.19204907757119541 0.60678019017954943 0.030380062479932603 0.54966050000000011 6.5000000000000009 5.708333333335001 0.86620967868038068 0.014462000000000001 0.5683895000000001 0.58772650000000015 1.5000000000000002 1.0000000180025095e-35 18.500000000000004 4.5000000000000009 1.0000000180025095e-35 0.75316150000000015 0.56552350000000018 0.047535500000000001 17.500000000000004 562.50000000000011 0.88557000000000008 1.5000000000000002 0.5938595000000001 2.5000000000000004 12.500000000000002 35.500000000000007 1038.5000000000002 635.50000000000011 0.0032200281855830795 0.064596500000000015
decision_type=2 2 2 2 2 2 2 2 2 2 2 2 2 2 2 2 2 2 2 2 2 2 2 2 2 2 2 2 2 2
left_child=2 3 27 -2 6 19 8 14 10 -7 -3 20 -8 -13 25 -10 -16 18 -9 24 21 22 -6 -21 -4 -5 -12 -1 -29 -30
right_child=1 4 5 7 11 9 12 17 15 -11 26 13 -14 -15 16 -17 -18 -19 -20 23 -22 -23 -24 -25 -26 -27 -28 28 29 -31
leaf_value=-0.056190870079750238 -0.049001930632387204 -0.054260276285494992 -0.054882778684679848 -0.038933138066709214 -0.046534989936439813 -0.052353325815222541 0.028777662360088642 -0.016302507716420625 0.0097863090395123743 -0.019082802342525657 0.012367664606148389 0.028217551912167543 0.038834128987848507 -0.044975615292334854 -0.023901680533609044 0.028573437286056887 0.0082051484376926311 0.051479880492140286 0.031597280304176752 -0.0066343123480091457 0.051503381252167996 0.043475410243856476 0.039284906548075996 0.026259123930078027 0.047609756944530623 0.0046453154118434028 -0.066366599390254855 -0.056650687006967793 0.029705157531384294 -0.036044247546635419
leaf_weight=2134.1067478838668 55.868327369942563 17.486565722385421 16.359671203885231 33.602546204114333 8.8558026397367957 150.85372305716737 493.61252383771352 18.387341404566541 120.19838433619589 70.143351346836425 44.582524244440719 42.875302532687783 1389.0198726663366 7.5980923672905183 30.403966731857508 285.15918771130964 230.15061913616955 46.910329105798155 70.463291939580813 120.94905904273037 689.07909974455833 386.03919520589989 11.978322908747939 29.886340980185196 2.8203642262378699 21.981264234753326 4.3116638965439043 26.454650194908027 10.083133681560868 11.441381901910061
leaf_count=906765 16552 2427 4842 4354 298 56384 2787 1550 3447 10981 1468 195 4150 368 4684 2906 12192 153 1328 15506 1162 1386 31 1279 90 1198 847 11340 627 2753
internal_value=0 0.0328163 -0.0511237 0.00307137 0.0371306 -0.0256192 0.0326147 0.00950919 0.0183167 -0.0417934 -0.0102981 0.0464048 0.0361974 0.0171993 -0.000140535 0.0230026 0.00445862 0.0319799 0.0216846 -0.00459495 0.0477499 0.0413929 0.0028061 -0.000116847 -0.0398116 -0.0216995 0.0054246 -0.0556939 -0.0335885 -0.00524402
internal_weight=0 4008.56 2573.1 507.768 3500.8 391.013 2354.37 451.899 471.738 220.997 66.3808 1146.43 1882.63 50.4734 316.138 405.358 260.555 135.761 88.8506 170.015 1095.95 406.873 20.8341 150.835 19.18 55.5838 48.8942 2182.09 47.9792 21.5245
internal_count=1074050 63483 1010567 42011 21472 89082 18032 25459 11095 67365 4742 3440 6937 563 22428 6353 16876 3031 2878 21717 2877 1715 329 16785 4932 5552 2315 921485 14720 3380
is_linear=0
shrinkage=0.05


Tree=18
num_leaves=31
num_cat=0
split_feature=0 0 58 82 40 0 87 40 90 40 0 82 0 2 101 93 79 3 96 90 0 82 89 82 82 36 74 68 36 90
split_gain=4162.07 228.359 109.232 76.6834 73.8302 54.5621 32.7649 24.9421 21.4074 18.5299 18.3604 19.9294 17.7057 16.638 17.3451 15.8025 14.4696 11.436 11.0351 10.9198 10.8918 15.0432 10.8388 13.8419 10.8165 16.248 9.504 9.14439 10.5896 9.03887
threshold=0.33581906297173442 0.035302874550316145 8.5000000000000018 0.57387650000000012 1.0000000180025095e-35 0.7740980979447657 2029.5000000000002 1.0000000180025095e-35 37.500000000000007 172.50000000000003 0.86620967868038068 0.56869850000000011 0.86620967868038068 2826.5000000000005 0.020438000000000001 0.72513300000000014 86.500000000000014 3321.0000000000005 0.044937500000000005 16.500000000000004 0.0088049481694041625 0.58688250000000008 1.5000000000000002 0.55835550000000012 0.54061850000000011 1914.5000000000002 7.5000000000000009 43.500000000000007 1420.5000000000002 12.500000000000002
decision_type=2 2 2 2 2 2 2 2 2 2 2 2 2 2 2 2 2 2 2 2 2 2 2 2 2 2 2 2 2 2
left_child=1 20 4 16 5 15 12 8 -5 10 11 18 22 -7 19 -2 24 -9 -6 -15 -1 -22 23 -4 -3 -26 -13 -23 -29 -24
right_child=2 3 6 7 9 13 -8 17 -10 -11 -12 26 -14 14 -16 -17 -18 -19 -20 -21 21 27 29 -25 25 -27 -28 28 -30 -31
leaf_value=-0.056104729973686519 -0.010486063294316067 -0.058522054823150843 -0.054278789765510531 -0.022783638903594968 0.0078236774170345729 0.040717683732516698 -0.05592110694988342 -0.040753348003599241 0.010219495806717719 0.052354812135725459 0.044079319457446316 0.03764236997127697 0.024366363595631862 0.016180580744888009 0.042967374236366193 0.016091655801975812 -0.05706990078868477 0.021946484529530599 -0.069243019658367128 0.029370702041896957 -0.052469633397537713 0.0035737018078759578 -0.018626166672097072 -0.0037954663060230259 -0.036869002276195682 0.0079867199231130389 0.0066330227907768552 -0.051406577234949007 0.0065972172953420727 0.021725703660646856
leaf_weight=1915.2784262216301 80.082950766314752 27.08039390965132 19.279432778042974 160.76384999696165 34.45863771031145 449.33574309991673 22.39553513971623 7.8871245502959928 70.76311799173709 438.38406141812447 957.61158069921657 287.48633377836086 91.875431929016486 205.85115070221946 188.61929371883161 185.42492086184211 91.795234617573442 93.315883676608792 5.3686726524028918 660.02630760660395 165.05316878017038 20.613859659380978 19.624139422609005 45.915883882087655 63.558642687799875 29.586030427773949 27.032787546166219 31.788026900176192 10.457328820892142 47.396021761116572
leaf_count=836838 6145 9418 4693 24224 1336 1517 5224 1280 4318 850 1931 1794 874 1804 665 4889 34964 5344 654 3015 72189 5237 2041 2808 17275 4502 528 13641 2248 1804
internal_value=0 -0.0475277 0.0339208 -0.0186208 0.0361742 0.0289716 0.00174346 -0.00364588 -0.0126967 0.0434551 0.0404812 0.0307575 0.00750643 0.032661 0.0292279 0.00807524 -0.0421214 0.0170601 -0.00256482 0.0262349 -0.0548751 -0.0445423 -0.00420939 -0.0187243 -0.0307078 -0.0226212 0.0349771 -0.0237269 -0.0370484 0.00991029
internal_weight=0 2687.94 3766.17 544.75 3519.68 1769.34 246.486 332.73 231.527 1750.34 1311.96 354.346 224.091 1503.83 1054.5 265.508 212.02 101.203 39.8273 865.877 2143.19 227.912 132.215 65.1953 120.225 93.1447 314.519 62.8592 42.2454 67.0202
internal_count=1074050 1031478 42572 101325 25128 18035 17444 35166 28542 7093 6243 4312 12220 7001 5484 11034 66159 6624 1990 4819 930153 93315 11346 7501 31195 21777 2322 21126 15889 3845
is_linear=0
shrinkage=0.05


Tree=19
num_leaves=31
num_cat=0
split_feature=0 0 0 82 40 98 0 81 83 93 82 40 82 76 99 93 99 76 96 95 42 102 68 82 99 76 82 0 40 68
split_gain=3916.02 219.668 87.3825 65.7981 62.6956 49.5956 48.4754 39.0541 31.0913 20.0309 19.0979 15.3599 14.8339 13.8727 13.5953 13.52 13.3955 10.8823 14.4739 10.7829 18.414 10.2292 16.0265 10.2155 10.1251 9.969 9.59187 9.75617 9.30653 10.0118
threshold=0.15548050853772452 0.60678019017954943 0.030380062479932603 0.54518500000000014 6.5000000000000009 4.2916666666650007 0.94875966535953815 0.019601000000000004 8.5000000000000018 1.2008335000000001 0.5744815000000002 17.500000000000004 0.58730450000000012 570.50000000000011 0.10580450000000001 1.5939485000000002 0.20759250000000004 576.50000000000011 0.037673500000000006 0.018835000000000005 2.5000000000000004 11.500000000000002 72.500000000000014 0.56680450000000004 0.065601000000000007 562.50000000000011 0.63917850000000009 0.0032200281855830795 1.5000000000000002 109.50000000000001
decision_type=2 2 2 2 2 2 2 2 2 2 2 2 2 2 2 2 2 2 2 2 2 2 2 2 2 2 2 2 2 2
left_child=2 3 26 -2 6 25 8 9 10 11 14 17 -7 19 28 23 -8 18 -5 -6 -21 22 -18 24 -10 -4 -1 -28 29 -3
right_child=1 4 5 7 13 12 16 -9 15 -11 -12 -13 -14 -15 -16 -17 21 -19 -20 20 -22 -23 -24 -25 -26 -27 27 -29 -30 -31
leaf_value=-0.055022456388370666 -0.050438189443188876 -0.016684928556240278 -0.04829355661451943 -0.0017635057092317702 0.038180510065065364 -0.050791086940544565 0.037567629205010875 0.044620934748241331 0.028626639287647079 0.015708054512836144 0.014990135767327767 0.02008925221782365 -0.022865241502806399 0.047514442992241668 -0.054102268382252232 0.03543864757759637 0.048454111975935514 -0.0045314102754108092 -0.048057467080810129 -0.037563883287074586 0.037944023324606453 -0.045978027376540262 -0.039408688707614818 0.024148123476634947 -0.022818463832645689 0.0028460378700204229 -0.05361065642520102 -0.0025406210970347607 -0.077083840744616883 0.032523602038962943
leaf_weight=2005.5758647273469 55.284706682170508 23.953176662325859 10.422764721617567 29.443777468346525 140.70426980254706 143.08211362495786 1295.3100384722929 60.754530793405138 15.79925544047728 162.96120678930311 202.16934919415507 45.484875090740388 71.22515373758506 930.62140676600393 17.406694181379862 306.99731469689868 16.382005058228977 158.83778858068399 39.581451842619572 13.832105657435021 19.397019386989996 7.5917101241648188 7.5967768020927897 349.5102207690943 24.235472180997021 111.21235113934381 19.814608808723278 17.709945751121268 3.8067243801197028 18.182893353980035
leaf_count=908626 17945 1385 3148 3207 829 54181 3321 378 245 5954 3349 2361 11810 1859 2414 1672 35 11871 8797 634 118 25 32 3807 1035 11441 9915 2944 390 322
internal_value=0 0.030549 -0.0506681 0.00130743 0.0353086 -0.0270365 0.0305875 0.00706271 0.0220422 0.00183286 0.00748378 -0.00643909 -0.0415099 0.045092 -0.0164715 0.0275918 0.0367833 -0.0117345 -0.0283101 0.0321305 0.00651276 0.00460381 0.0206181 0.0214077 -0.00251623 -0.00153605 -0.0545538 -0.0295078 -0.00221407 0.00454993
internal_weight=0 3945.84 2379.04 552.348 3393.5 335.942 2288.94 497.064 962.061 436.309 265.519 273.348 214.307 1104.55 63.3495 696.542 1326.88 227.863 69.0252 173.933 33.2291 31.5705 23.9788 389.545 40.0347 121.635 2043.1 37.5246 45.9428 42.1361
internal_count=1074050 71985 1002065 50513 21472 80580 18032 32568 14619 32190 7860 26236 65991 3440 4511 6759 3413 23875 12004 1581 752 92 67 5087 1280 14589 921485 12859 2097 1707
is_linear=0
shrinkage=0.05


Tree=20
num_leaves=31
num_cat=0
split_feature=0 0 0 40 58 98 0 55 82 82 48 83 93 93 65 2 82 0 40 2 82 76 0 0 2 96 76 36 58 2
split_gain=3687.2 199.12 98.0646 62.0363 60.5155 47.3312 44.3512 29.5812 22.5476 20.2077 17.9916 16.4977 13.8203 13.1002 12.8348 12.5052 12.4385 11.9839 12.0241 11.3435 11.2171 10.1634 12.027 9.59336 9.35814 9.16319 9.27076 12.1946 8.7417 8.73516
threshold=0.17215690376152604 0.60678019017954943 0.030380062479932603 3.5000000000000004 4.5000000000000009 4.2916666666650007 0.86620967868038068 1.0000000180025095e-35 0.54966050000000011 0.58730450000000012 6.5000000000000009 10.000000000000002 1.4769545000000004 1.2008335000000001 50.000000000000007 201361.00000000003 0.5414135000000001 0.94875966535953815 383.50000000000006 10859.000000000002 0.58200600000000013 635.50000000000011 0.0032200281855830795 0.94875966535953815 19896.000000000004 0.041328000000000011 591.50000000000011 786.50000000000011 392.50000000000006 20775.500000000004
decision_type=2 2 2 2 2 2 2 2 2 2 2 2 2 2 2 2 2 2 2 2 2 2 2 2 2 2 2 2 2 2
left_child=2 4 21 6 7 -4 11 13 -6 -7 17 16 23 -2 -12 29 -3 18 20 -18 25 -1 -23 -8 -24 -5 27 -27 -16 -10
right_child=1 3 5 10 8 9 12 -9 15 -11 14 -13 -14 -15 28 -17 19 -19 -20 -21 -22 22 24 -25 -26 26 -28 -29 -30 -31
leaf_value=-0.054600424200574586 -0.0059120588868141121 -0.058518679771714981 -0.0015648679985212227 0.031173088578162568 -0.051002457797158729 -0.050398212699436798 0.020364498353319386 0.03838676529434306 -0.017006119784253884 -0.018920364053509192 -0.064424001836794281 0.021570518701321578 0.037930170578764189 0.017004291117494137 0.028583934135746822 -0.032304722245936106 -0.030617582353278813 0.050452504172507587 0.050571319029515317 0.010793228133983692 0.040138740635618751 -0.055151973842591032 0.0363829462033241 0.031892065785394462 -0.030864198988009559 0.020608984855257462 0.046565136716801715 -0.05001140653786932 -0.057442193618833751 0.014206894323533238
leaf_weight=1928.3593193189299 131.0112135882955 8.3837477600900439 130.52255088236416 70.642841922584921 48.390136160160182 146.28301075688796 245.28541591134854 90.281412169802934 42.134928483690601 78.263515421305783 4.269202980794943 295.81773760833312 762.74037864222191 119.01575283810962 67.864420096680988 46.621787153737387 19.571151768323034 537.31118713971227 190.74141607433558 106.67298513767309 310.26145957550034 23.672176362655591 8.7351983080734517 683.14635346620344 12.688001292350235 11.763024053536357 7.7792344354093066 12.726561562158166 3.087427192949689 47.893513174669351
leaf_count=906765 10964 1910 15384 363 16121 57022 2443 1128 5045 12366 503 4402 2079 3850 926 5943 1236 704 318 2945 778 11340 690 2106 2690 77 27 224 431 3270
internal_value=0 0.0299543 -0.0496993 0.0344575 0.00134119 -0.0255089 0.0292962 0.0138546 -0.0216723 -0.0394269 0.0434594 0.014967 0.0329434 0.00499639 0.0197743 -0.011286 0.000456953 0.0450205 0.0401876 0.00437347 0.035394 -0.0540517 -0.0305876 0.0288466 -0.00344452 0.0210894 -0.000985724 -0.0160905 0.0248406 -0.000401357
internal_weight=0 3863.41 2328.52 3338.06 525.349 355.069 2121.62 340.308 185.04 224.547 1216.45 430.446 1691.17 250.027 75.2211 136.65 134.628 1141.23 603.915 126.244 413.173 1973.45 45.0954 928.432 21.4232 102.912 32.2688 24.4896 70.9518 90.0284
internal_count=1074050 67793 1006257 21472 46321 84772 17121 15942 30379 69388 4351 10493 6628 14814 1860 14258 6091 2491 1787 4181 1469 921485 14720 4549 3380 691 328 301 1357 8315
is_linear=0
shrinkage=0.05


Tree=21
num_leaves=31
num_cat=0
split_feature=0 0 79 40 82 0 40 82 40 74 0 101 0 90 2 101 82 83 82 76 82 101 0 82 101 76 99 93 96 82
split_gain=3473.98 234.321 86.0255 71.1726 69.8459 41.8043 30.3315 27.4343 20.1447 17.3087 17.1633 23.8442 16.7207 15.3717 13.507 17.2597 13.3728 12.8417 12.6758 12.3839 12.0778 11.9319 12.0459 11.4512 10.2339 9.7484 11.9749 9.64487 9.55079 9.53561
threshold=0.37969951586789719 0.043984350660107828 12.500000000000002 1.0000000180025095e-35 0.57261050000000002 0.7740980979447657 764.50000000000011 0.53576000000000013 1.0000000180025095e-35 8.5000000000000018 0.0088049481694041625 0.030463500000000001 0.86620967868038068 23.500000000000004 2826.5000000000005 0.03216850000000001 0.54744950000000003 140.50000000000003 0.53940450000000018 578.50000000000011 0.57964650000000006 0.062645500000000007 0.94875966535953815 0.59716050000000009 0.035464000000000002 560.50000000000011 0.064437500000000023 1.8222090000000002 0.058436500000000009 0.59951250000000011
decision_type=2 2 2 2 2 2 2 2 2 2 2 2 2 2 2 2 2 2 2 2 2 2 2 2 2 2 2 2 2 2
left_child=1 10 3 5 18 17 7 -4 13 16 -1 20 23 -6 -7 25 -5 19 -3 -2 -12 22 -18 28 -13 26 -16 -11 -9 -10
right_child=2 4 6 9 8 14 -8 12 29 27 11 24 -14 -15 15 -17 21 -19 -20 -21 -22 -23 -24 -25 -26 -27 -28 -29 -30 -31
leaf_value=-0.054707776450584611 -0.021022029465245465 -0.056911342989730412 -0.051713001608022557 -0.010251990329067533 -0.021932183159118657 0.037642735542766988 0.048712751522044684 -0.0068394116895919418 0.0015470046391821578 0.0090413915026348428 -0.054745442243232662 0.05368284987694677 0.019301456384243559 0.0036236685572760673 0.021081294685753975 0.042824440592125021 0.036260034973875123 0.035458192321620466 -0.030083509922275892 0.0091403782264705986 -0.029918960260521345 0.051980897706395357 0.04651452261981634 0.012566143242255544 -0.015215496036771093 0.025200639247689512 -0.049437747252942477 0.041107224640284754 -0.043996248615522766 0.031143071663045748
leaf_weight=1724.692023584299 43.425073865219019 70.785389769967878 22.569482040707953 11.628734872792846 131.53051273696474 428.43514403887093 38.079142379923724 59.248066495638341 58.010025179974036 60.224091820651665 149.43814682855736 6.8569937481661318 120.64561280701309 106.47180989518529 15.514131034258755 146.94102921104059 597.8302349614678 34.943583374144509 116.48522468772717 157.29355230554938 72.880568757973379 328.41333839483559 549.73108933772892 49.960938361939043 25.186846255790442 816.00177892716601 9.8372362914960814 38.404756912495941 24.423326766234823 51.268895187298767
leaf_count=836838 4080 27775 6127 530 19620 1448 360 4266 4884 996 71512 500 1033 7404 119 473 3018 441 31864 4567 26347 524 831 1551 7338 4434 313 174 2949 1734
internal_value=0 -0.0449856 0.0318206 0.0342465 -0.0156118 0.0269842 0.00687303 0.00111816 -0.00233966 0.0418117 -0.0529196 -0.0407949 0.00580741 -0.0104996 0.0302278 0.0270134 0.0431565 0.00748476 -0.040224 0.0026148 -0.0466068 0.0435773 0.0411724 -0.00637526 -0.000472084 0.024252 -0.00628261 0.0215274 -0.0176853 0.0154322
internal_weight=0 2513.61 3553.55 3238.62 534.552 1652.39 314.927 276.847 347.281 1586.23 1979.05 254.363 254.278 238.002 1416.73 988.294 1487.6 235.662 187.271 200.719 222.319 1475.97 1147.56 133.632 32.0438 841.353 25.3514 98.6288 83.6714 109.279
internal_count=1074050 1035816 38234 21948 93281 15875 16286 15926 33642 6073 942535 105697 9799 27024 6787 5339 4903 9088 59639 8647 97859 4373 3849 8766 7838 4866 432 1170 7215 6618
is_linear=0
shrinkage=0.05


Tree=22
num_leaves=31
num_cat=0
split_feature=0 0 0 40 82 98 0 40 100 93 58 93 76 82 82 58 0 99 74 98 40 76 0 92 101 98 90 83 76 2
split_gain=3279.66 202.016 86.2073 65.8515 55.984 43.3362 42.0378 29.9701 17.0848 15.771 15.0923 14.091 14.0086 13.8158 13.5094 12.6596 11.5633 11.2379 10.6908 10.9526 10.1249 10.0285 10.93 9.28482 9.15968 8.9235 8.73832 8.30577 9.66163 7.97413
threshold=0.15548050853772452 0.60678019017954943 0.030380062479932603 3.5000000000000004 0.56680450000000004 4.2916666666650007 0.86620967868038068 17.500000000000004 1.0000000180025095e-35 0.75316150000000015 3.5000000000000004 1.5939485000000002 577.50000000000011 0.53855800000000009 0.55475950000000018 2.5000000000000004 0.94875966535953815 0.073555000000000023 7.5000000000000009 152.58333333350001 7.5000000000000009 635.50000000000011 0.0032200281855830795 3.5000000000000004 0.033014000000000009 397.75000000000006 9.5000000000000018 8.5000000000000018 630.50000000000011 19896.000000000004
decision_type=2 2 2 2 2 2 2 2 2 2 2 2 2 2 2 2 2 2 2 2 2 2 2 2 2 2 2 2 2 2
left_child=2 4 21 6 13 24 9 10 15 18 -6 16 -7 -2 -11 -5 -8 -15 19 -3 27 -1 -23 -12 -4 -17 -10 28 -14 -24
right_child=1 3 5 8 7 12 11 -9 26 14 23 -13 20 17 -16 25 -18 -19 -20 -21 -22 22 29 -25 -26 -27 -28 -29 -30 -31
leaf_value=-0.053808540359311818 -0.053649905196604758 0.010569270855880674 -0.011280047120167135 0.046578977197805259 0.0093154617157071747 -0.053729822980277689 0.017984043641989172 0.034595940486365849 -0.039804996370868088 -0.034279860129323061 -0.020683418741621596 0.03657458060334829 -0.052765812374271692 0.012331997167526787 0.022600514014035848 0.034867340928795107 0.030490557127945097 -0.029626802841194944 -0.029425279265159695 -0.048231377297933878 0.019159667631765857 -0.053982345956311434 0.033549844938260402 0.01371419169247955 0.017983476942981812 -0.043527278693988022 0.022481043292227373 -0.014063780681669347 0.0021636846039998435 -0.029283848440757418
leaf_weight=1797.4608014222467 41.114574071252719 109.51572467817459 84.759940079005901 865.89512056671083 221.66462572081946 93.988333457469707 250.92569046607241 87.33206593504292 6.3552921757800496 10.861998240696265 88.722862036258448 691.04942323453724 50.148794191220077 22.115969491598662 267.9336910371203 240.20948634349043 701.5464660548605 57.312042775127338 25.427035643020645 8.5367523989989404 10.563678099570096 21.87468300445471 8.5906113318633306 25.187470649194438 39.06456276634708 3.6856632070848709 49.409983168938197 37.887320818612352 9.5259747974341717 12.249202384846283
leaf_count=906765 14816 3106 11994 1616 9975 41995 2517 1168 345 1352 9524 1904 14673 2258 3174 1468 2207 11655 1485 1376 1576 11340 690 1117 2595 519 403 6830 917 2690
internal_value=0 0.0281418 -0.0490416 0.0328853 -6.33997e-05 -0.0253408 0.0275239 0.00850442 0.0423878 0.0134525 0.0017142 0.0311393 -0.039611 -0.0301224 0.0203844 0.0437448 0.0271958 -0.0179438 -1.69752e-05 0.00631721 -0.0273383 -0.0532395 -0.0292954 -0.0130775 -0.00204789 0.0336827 0.0153826 -0.0323729 -0.0439973 -0.00338247
internal_weight=0 3774.8 2166.11 3231.35 543.45 325.939 2065.8 422.907 1165.56 422.275 335.575 1643.52 202.114 120.543 278.796 1109.79 952.472 79.428 143.48 118.052 108.126 1840.18 42.7145 113.91 123.825 243.895 55.7653 97.5621 59.6748 20.8398
internal_count=1074050 71985 1002065 21472 50513 80580 17121 21784 4351 10493 20616 6628 65991 28729 4526 3603 4724 13913 5967 4482 23996 921485 14720 10641 14589 1987 748 22420 15590 3380
is_linear=0
shrinkage=0.05


Tree=23
num_leaves=31
num_cat=0
split_feature=0 0 0 40 58 98 0 82 55 99 68 98 82 82 68 40 98 68 93 42 76 0 42 2 0 101 55 68 93 76
split_gain=3087.2 177.794 96.8755 67.1151 50.1295 40.732 38.2043 30.3124 25.5252 19.9735 19.6828 22.1713 18.527 18.3906 17.7725 15.8597 19.242 14.1606 11.6175 10.686 10.5689 10.8878 10.4708 10.2511 8.80938 8.35565 8.03824 10.3868 8.03507 7.97485
threshold=0.17215690376152604 0.60678019017954943 0.030380062479932603 1.0000000180025095e-35 4.5000000000000009 4.2916666666650007 0.94875966535953815 0.55176750000000008 1.0000000180025095e-35 0.060856000000000007 106.50000000000001 22.100000000000005 0.54966050000000011 0.58730450000000012 98.500000000000014 402.50000000000006 7.083333333335001 100.50000000000001 1.2008335000000001 21.500000000000004 635.50000000000011 0.0032200281855830795 19.500000000000004 201361.00000000003 0.94875966535953815 0.019517500000000004 1.0000000180025095e-35 115.50000000000001 3.5522430000000003 562.50000000000011
decision_type=2 2 2 2 2 2 2 2 2 2 2 2 2 2 2 2 2 2 2 2 2 2 2 2 2 2 2 2 2 2
left_child=2 4 20 6 8 29 10 9 18 -5 11 14 -6 -7 25 16 24 -16 -2 -12 -1 -22 -18 -14 -9 -3 27 -8 -11 -4
right_child=1 3 5 7 12 13 26 15 -10 28 19 -13 23 -15 17 -17 22 -19 -20 -21 21 -23 -24 -25 -26 -27 -28 -29 -30 -31
leaf_value=-0.053436170227791457 -0.0065812210018501398 0.012333592892681364 -0.041804983781480322 0.031835069674504272 -0.048958548731959456 -0.048593769527589148 0.026673900482100318 0.03584131135786453 0.03495137790361718 -0.05437031612579718 0.030607787438711138 -0.027534001691411028 -0.0018549127648731546 -0.017917027088043713 -0.051728089120352309 0.050943535033382281 0.0099471867776309651 0.016473566337529947 0.014998207039188383 -0.017063519464916743 -0.053501821129180463 -0.0024911491345771244 0.034445755470287477 -0.031002327070939792 0.045107084288110173 0.031083781233224358 0.056439874697128911 0.037791333748457424 0.017924113153793456 0.0017440400295852137
leaf_weight=1732.2158601019473 132.08933096908731 301.76298191642854 11.515965557773596 21.303497742628679 44.465005831501912 134.42557580288849 614.88571472745389 488.68372765416279 87.726866537006572 15.905791250523182 208.41075930849183 36.76296073757112 89.003097915701801 76.750429759791587 18.195789149845954 300.2660078961635 83.372879437694792 13.083150203805415 118.16440960718319 12.458179048961027 20.928521305555478 20.913839611399453 91.462501136120409 45.631217031739652 539.95333872362971 73.984162338310853 30.784161878749728 319.13340579974465 5.0680771272163829 120.64226789592067
leaf_count=906765 10964 4874 3320 263 16121 57022 1859 1919 1128 1823 2112 2488 8315 12366 737 492 1356 200 3850 230 11340 3380 493 5943 873 635 63 818 237 12064
internal_value=0 0.0275996 -0.0481315 0.0320269 0.00041079 -0.0238205 0.0249465 0.0394895 0.0117436 -0.00226513 0.0157224 0.00965231 -0.0209756 -0.0374445 0.013011 0.0406635 0.0380986 -0.0232011 0.00360812 0.0279189 -0.0528364 -0.0280054 0.0227632 -0.0117338 0.0407051 0.0160255 0.031301 0.0304725 -0.0369013 -0.00205072
internal_weight=0 3692.56 2117.39 3175.48 517.08 343.334 1629.46 1546.02 337.981 42.2774 664.658 443.789 179.099 211.176 407.026 1503.74 1203.47 31.2789 250.254 220.869 1774.06 41.8424 174.835 134.634 1028.64 375.747 964.803 934.019 20.9739 132.158
internal_count=1074050 67793 1006257 21472 46321 84772 14016 7456 15942 2323 11276 8934 30379 69388 6446 5133 4641 937 14814 2342 921485 14720 1849 14258 2792 5509 2740 2677 2060 15384
is_linear=0
shrinkage=0.05


Tree=24
num_leaves=31
num_cat=0
split_feature=0 0 40 0 82 82 82 89 79 93 93 66 89 82 40 90 93 2 72 42 69 79 92 76 39 82 76 0 98 100
split_gain=2924.39 218.938 80.7192 79.8675 64.778 27.9864 22.2715 19.784 18.5615 15.984 14.9112 14.4191 13.9072 13.7861 13.5568 13.0095 12.7521 12.3598 11.8269 11.4638 11.238 11.159 10.6818 12.1772 10.6258 10.4156 10.1091 9.97301 8.82605 9.27593
threshold=0.37969951586789719 0.030380062479932603 5.5000000000000009 0.86620967868038068 0.57387650000000012 0.56680450000000004 0.55341550000000017 1.5000000000000002 6.5000000000000009 0.75316150000000015 0.72513300000000014 0.072493000000000016 1.5000000000000002 0.54296050000000007 1.0000000180025095e-35 269.50000000000006 0.77612700000000012 21926.000000000004 1054.7083333350004 31.500000000000004 1.5000000000000002 3.5000000000000004 3.5000000000000004 604.50000000000011 1.0000000180025095e-35 0.59716050000000009 635.50000000000011 0.0032200281855830795 3.0833333333350006 4.5000000000000009
decision_type=2 2 2 2 2 2 2 2 2 2 2 2 2 2 2 2 2 2 2 2 2 2 2 2 2 2 2 2 2 2
left_child=1 26 3 5 13 12 7 -4 14 28 21 16 -2 -3 22 -15 20 -11 -14 -19 25 -7 23 -6 -10 -8 -1 -28 -5 -30
right_child=2 4 6 9 8 10 11 -9 24 17 -12 -13 18 15 -16 -17 -18 19 -20 -21 -22 -23 -24 -25 -26 -27 27 -29 29 -31
leaf_value=-0.053096066430560251 -0.044246900338017543 -0.054528097784455234 -0.054546939089218399 0.03158442337522048 -0.024877572146671391 0.011550000090488365 -0.047205337417200656 0.024881089246395413 -0.024845427235942283 0.036930407909622417 0.01912796507874515 0.053455379368786859 0.0067153940706290915 -0.032359145715837118 0.020522905748755302 0.039992996967220376 0.043466799590143948 0.027643992941728736 -0.051362527555044279 -0.033173768116726801 0.032879220264151764 -0.014712684695312596 0.019503815658203194 0.0038482262980572678 0.047501774627842809 0.033528674864612133 -0.053103135296070386 -0.0037792282201346093 0.017814579206282589 -0.048849629438606157
leaf_weight=1672.9681270782894 30.149838769691996 85.92833486944437 10.516451293689896 148.9034915138036 74.128522351151332 101.97614562592935 8.7053780677379127 30.802482793282252 108.35648983006831 739.76177084143274 361.07385631115176 220.71582336071879 52.585901363228913 123.55951563289273 76.03896866744617 6.541885499842464 559.12973726773635 476.26337946509011 10.519240654946769 7.8764937310479572 265.6451621481101 67.035829270374961 36.877429108775686 73.446539636701345 5.3246405108366153 7.3830752565991125 20.111133214842994 20.897077433182858 281.11635574535467 5.3167847422882906
leaf_count=906765 5908 37628 2214 707 10853 3018 292 995 18768 2243 5893 265 2771 36534 2967 369 1423 1759 2442 54 1612 4496 1932 5184 96 46 11340 3380 2022 74
internal_value=0 -0.0434507 0.0295728 0.0242062 -0.0171858 0.00894689 0.0406797 0.00466515 -0.00459932 0.0299387 0.0133906 0.0420815 -0.0163122 -0.0389861 0.00275745 -0.0287211 0.039096 0.0328656 -0.00296584 0.0266545 0.0304217 0.00113334 -0.00456621 -0.010581 -0.0214568 -0.0101561 -0.0524949 -0.0279685 0.0217103 0.0165772
internal_weight=0 2304.18 3385.48 2282.58 590.202 623.341 1102.9 41.3189 374.173 1659.24 530.086 1061.58 93.255 216.03 260.491 130.101 840.863 1223.9 63.1051 484.14 281.734 169.012 184.452 147.575 113.681 16.0885 1713.98 41.0082 435.337 286.433
internal_count=1074050 1035816 38234 31387 114331 24528 6847 3209 39800 6859 13407 3638 11121 74531 20936 36903 3373 4056 5213 1813 1950 7514 17969 16037 18864 338 921485 14720 2803 2096
is_linear=0
shrinkage=0.05


Tree=25
num_leaves=31
num_cat=0
split_feature=0 0 0 55 40 82 98 82 93 58 93 68 82 101 79 95 98 68 0 99 93 2 36 65 0 0 82 2 95 76
split_gain=2768.79 185.603 83.5977 82.3305 52.7476 48.8722 47.8385 21.6114 21.2724 20.618 20.3174 17.301 13.6777 13.5714 13.359 13.307 11.5319 11.2061 10.3843 10.2944 10.1079 9.79688 9.38603 9.30221 9.20607 8.63533 8.6007 8.5883 8.42928 8.33525
threshold=0.15548050853772452 0.7740980979447657 0.012339227772512141 1.0000000180025095e-35 5.5000000000000009 0.57387650000000012 4.2916666666650007 0.58688250000000008 0.61858450000000009 2.5000000000000004 1.4421790000000001 54.500000000000007 0.58382850000000019 0.027459500000000005 12.500000000000002 0.0081185000000000025 2.5500000000000003 100.50000000000001 0.94875966535953815 0.19278150000000002 0.36995750000000005 593143.50000000012 1658.5000000000002 30.500000000000004 0.043984350660107828 0.94875966535953815 0.57048050000000006 746738.00000000012 0.018835000000000005 669.50000000000011
decision_type=2 2 2 2 2 2 2 2 2 2 2 2 2 2 2 2 2 2 2 2 2 2 2 2 2 2 2 2 2 2
left_child=2 3 -1 5 8 11 13 -8 16 21 14 -2 -11 24 -7 -13 -3 23 26 -20 -16 -5 28 -12 -4 -18 27 -10 -15 -9
right_child=1 4 6 9 -6 10 7 29 18 12 17 15 -14 22 20 -17 25 -19 19 -21 -22 -23 -24 -25 -26 -27 -28 -29 -30 -31
leaf_value=-0.05311554488709478 -0.04521126221934927 0.033118493363135541 -0.041661883465677278 0.049462941408534924 0.042912354015370469 0.0028508284883432019 -0.049801234775682574 -0.024233088780378206 0.0098589476220719164 -0.015702974114550908 -0.053359566425245586 0.0088878639601663399 0.029229055347706524 0.027748064409456614 -0.056392183112859456 -0.026417473714613643 0.0027798925735286022 0.030251458202851828 0.034792919370697881 0.010436029677064551 -0.010893781270097404 0.023603690761418616 0.050129397881382244 0.010157557244448837 -0.0065902352915165573 0.02011153318579198 0.026833147644156681 -0.076349986381310325 -0.021364972352095932 0.03684826025129128
leaf_weight=1540.5447565523791 66.373394688329427 88.803308681119233 25.399424177972833 113.69374352874001 850.10348550719209 230.82223373738816 189.84929195136647 85.918987613928039 41.622046044096351 31.415645358734764 6.1788323455257332 42.899903104174882 36.750737307360396 16.88686358864652 16.852266137779225 70.631842255796073 127.57397065137047 96.943555061588995 919.02429142314941 45.529761815443635 44.285175411845557 54.033492088434286 14.545275962154845 85.913401489262469 71.058534724230412 164.59042854770087 464.12400410487317 3.1044439869001499 18.101255798450438 5.9735480179078868
leaf_count=862486 15619 468 10980 426 2138 10574 93686 20956 840 4133 462 4176 666 1245 2627 13151 2743 1522 2311 154 3255 651 515 2117 8762 773 2987 192 3285 150
internal_value=0 0.0260628 -0.0476859 0.00635079 0.0325992 -0.00270015 -0.0281301 -0.0401669 0.0278713 0.0317087 0.00561527 -0.0249323 0.00852136 -0.0049009 -0.00265357 -0.0130768 0.0173396 0.0183862 0.0305944 0.0336432 -0.0234352 0.0411324 0.0163726 0.00589594 -0.0158253 0.0125436 0.0248152 0.00387523 0.00233922 -0.0202624
internal_weight=0 3601.27 1968.28 896.794 2704.48 660.901 427.733 281.742 1854.37 235.894 480.995 179.905 68.1664 145.991 291.96 113.532 380.968 189.036 1473.4 964.554 61.1374 167.727 49.5334 92.0922 96.458 292.164 508.85 44.7265 34.9881 91.8925
internal_count=1074050 71985 1002065 59379 12606 53503 139579 114792 10468 5876 20557 32946 4799 24787 16456 17327 3984 4101 6484 2465 5882 1077 5045 2579 19742 3516 4019 1032 4530 21106
is_linear=0
shrinkage=0.05


Tree=26
num_leaves=31
num_cat=0
split_feature=0 0 0 40 98 0 98 66 83 76 96 76 93 76 0 85 82 76 40 76 74 66 72 82 95 76 40 2 65 99
split_gain=2610.13 175.416 83.7899 62.5399 43.3058 42.0364 33.9943 27.8387 17.8815 16.9366 17.2863 14.0732 13.7293 13.3021 10.9626 14.9937 10.6513 12.051 10.216 9.9763 9.63693 9.39712 10.1546 9.36428 9.34927 9.24637 8.95711 8.48172 8.06623 8.05606
threshold=0.15548050853772452 0.60678019017954943 0.030380062479932603 6.5000000000000009 69.125000000000014 0.86620967868038068 4.2916666666650007 0.047535500000000001 8.5000000000000018 576.50000000000011 0.038825500000000006 561.50000000000011 1.3482345000000002 577.50000000000011 0.94875966535953815 0.048749500000000008 0.57480350000000013 548.50000000000011 1.0000000180025095e-35 634.50000000000011 8.5000000000000018 0.085786000000000015 5.7750000000000012 0.54296050000000007 0.066196500000000005 574.50000000000011 6.5000000000000009 43757.000000000007 50.000000000000007 0.18803900000000004
decision_type=2 2 2 2 2 2 2 2 2 2 2 2 2 2 2 2 2 2 2 2 2 2 2 2 2 2 2 2 2 2
left_child=2 4 19 5 7 8 -4 9 16 10 23 14 20 -8 15 28 17 -3 -11 -1 -7 22 -13 -2 27 -10 -15 -21 -5 -14
right_child=1 3 6 11 -6 12 13 -9 25 18 -12 21 29 26 -16 -17 -18 -19 -20 24 -22 -23 -24 -25 -26 -27 -28 -29 -30 -31
leaf_value=-0.052560170499932723 -0.049737154577897194 0.033937776101608995 -0.003234023922883569 -0.074922589832507103 -0.035250860043805836 0.027036822886107564 -0.051849518226521389 0.043646900623321203 -0.0022637260601070966 0.00067552722484018953 -0.039217554251705984 0.045109943032234333 0.03481088858374326 -0.030035731573166087 0.041046334972613223 0.059942173297316027 0.0047897918750281366 -0.040251828514848077 0.020556324535148156 0.038244764709012308 0.013740805383857605 0.053215454651870608 0.032978723422397209 0.0083507508543510921 -0.047389301791308208 0.021823922445729338 0.018050806358912107 -0.032934066512378783 -0.0024324525385924409 0.015125049723234103
leaf_weight=1549.7660699780972 7.9393099574372163 6.6852355976589015 124.18808551924303 4.4075113552389658 79.437367806589464 656.6203637435101 83.409283528948436 41.818869752227329 47.259808581089601 203.88051310190349 46.313687584741274 405.2768518095836 749.26018035179004 90.753297282295534 35.328300003195181 9.2596658170223218 96.319522943347692 30.202851733367424 94.600812360120472 8.0235996657283994 171.97422211524099 164.54533195495605 300.33988467796007 55.019542552472558 24.365591340843821 253.76959018816706 10.840958710148696 8.7487880958942679 29.675161128980108 55.843707838095725
leaf_count=905302 2763 249 14589 405 20539 3312 41995 175 1605 11375 8828 779 2224 22279 91 6 2449 3739 2671 921 1216 186 1318 4162 11799 3053 1717 3463 655 185
internal_value=0 0.0253395 -0.0472863 0.0299966 -0.001218 0.0251201 -0.0234693 0.00479545 0.0112929 0.000810877 -0.0160309 0.0406246 0.0287954 -0.0370527 0.0203727 0.0035217 -0.00395989 -0.0268064 0.00697656 -0.0519151 0.0242772 0.0424555 0.0399464 0.00102568 -0.0276129 0.0180423 -0.0249045 0.00111657 -0.0118067 0.0334454
internal_weight=0 3545.78 1900.1 3016.77 529.01 2067.94 309.192 449.573 434.237 407.754 109.273 948.833 1633.7 185.004 78.6706 43.3423 133.208 36.8881 298.481 1590.9 828.595 870.162 705.617 62.9589 41.138 301.029 101.594 16.7724 34.0827 805.104
internal_count=1074050 71985 1002065 21472 50513 18032 80580 29974 11095 29799 15753 3440 6937 65991 1157 1066 6437 3988 14046 921485 4528 2283 2097 6925 16183 4658 23996 4384 1060 2409
is_linear=0
shrinkage=0.05


Tree=27
num_leaves=31
num_cat=0
split_feature=0 0 0 40 83 98 40 0 82 58 82 82 101 82 95 93 93 101 0 68 68 46 82 64 74 74 68 2 36 2
split_gain=2467.2 167.76 83.5079 57.9051 55.1285 43.5117 32.7137 28.8239 26.6076 21.362 20.9034 17.1935 14.9254 14.5397 17.9796 13.8839 12.543 12.5234 11.8875 10.2228 15.2904 9.82853 9.78305 9.74825 9.41909 9.34287 8.58178 9.13949 8.48208 8.35804
threshold=0.15548050853772452 0.68981449621504665 0.012339227772512141 1.0000000180025095e-35 21.000000000000004 4.2916666666650007 38.500000000000007 0.94875966535953815 0.5425715000000001 7.5000000000000009 0.58688250000000008 0.56680450000000004 0.064086000000000018 0.61064700000000005 0.0067470000000000004 0.75316150000000015 0.42220800000000008 0.027459500000000005 0.86620967868038068 100.50000000000001 99.500000000000014 1.5000000000000002 0.58904350000000016 1.0000000180025095e-35 8.5000000000000018 7.5000000000000009 16.500000000000004 175.00000000000003 1658.5000000000002 16722.500000000004
decision_type=2 2 2 2 2 2 2 2 2 2 2 2 2 2 2 2 2 2 2 2 2 2 2 2 2 2 2 2 2 2
left_child=2 4 -1 7 8 17 11 15 -2 12 -7 -6 18 14 -10 -3 -16 -4 23 20 -17 -11 -23 26 -18 -13 -5 -28 -19 -9
right_child=1 3 5 9 6 10 -8 29 13 21 -12 25 -14 -15 16 19 24 28 -20 -21 -22 22 -24 -25 -26 -27 27 -29 -30 -31
leaf_value=-0.05261683366523795 -0.051778886929276846 0.0029286235640512172 -0.015534475960328427 -0.036363925947482764 -0.029899151977618384 -0.048954491964740401 0.039849853188770448 0.03310281535839496 0.018116271174390242 0.023639439947149638 -0.01924530364540741 0.015191960269046987 0.049830837696015283 0.011531077436687527 -0.042931778440792726 0.015475239195466162 -0.0073410157276449176 0.0020944955916824383 0.039002922737685027 0.029056886772479647 -0.050035691202092662 -0.052712086500557344 0.014428265678797195 0.040468754090048915 -0.060094852722386349 -0.0086389893523776181 -0.060952107888435116 0.022829501661785309 0.047692348276541917 0.023414490066857918
leaf_weight=1425.9113481452368 40.387739774683723 179.00524757726816 96.072421086399117 6.9507836767006657 29.512587771285325 177.64525569818215 96.973303325881716 502.33130184188485 32.712035332981031 38.783332195365801 88.805108200103859 204.66591186309233 253.42495439108461 68.797166415955871 50.998314050317276 218.49902675568592 88.828141849342501 34.697047559951898 815.67862194217741 168.20914481859654 9.2855309310834837 10.608621089195369 11.105095533654092 72.315384926972911 9.3522241604805441 51.471246303990483 3.34138283971697 126.05895601864904 14.444857668160692 399.77354908920825
leaf_count=862486 16239 4388 19742 112 5068 93686 1010 1462 1789 862 21106 6508 396 2935 10137 2488 6828 4530 2001 1180 324 1008 138 330 1438 3124 147 795 515 1278
internal_value=0 0.0246952 -0.0468897 0.0300585 0.00228251 -0.0270523 0.0147576 0.0232331 -0.0141161 0.0375919 -0.0390527 0.00623916 0.0389665 -0.00804838 -0.015454 0.0144845 -0.0228153 -0.00503292 0.0362786 0.0197083 0.0128047 0.00855977 -0.0183743 0.0256292 -0.0123661 0.0104031 0.0177589 0.0206661 0.0154976 0.0288094
internal_weight=0 3489.07 1837.58 2815.37 673.699 411.665 382.623 1477.1 291.076 1338.27 266.45 285.65 1277.77 250.688 181.891 574.999 149.179 145.214 1024.35 395.994 227.785 60.497 21.7137 208.667 98.1804 256.137 136.351 129.4 49.1419 902.105
internal_count=1074050 71985 1002065 16909 55076 139579 15710 11120 39366 5789 114792 14700 3781 23127 20192 8380 18403 24787 3385 3992 2812 2008 1146 1384 8266 9632 1054 942 5045 2740
is_linear=0
shrinkage=0.05


Tree=28
num_leaves=31
num_cat=0
split_feature=0 0 0 40 82 82 0 40 93 98 82 40 98 36 90 74 89 82 69 2 36 76 90 99 90 36 90 82 69 40
split_gain=2323.49 160.234 83.5734 65.1951 41.9077 39.3723 38.2016 25.2541 23.0055 19.9296 19.0703 15.0634 16.95 12.8988 12.0372 12.0048 11.549 11.4453 11.0003 12.8359 10.8678 10.0394 11.1113 9.05027 8.39027 9.53262 8.37961 8.89255 9.5265 8.30649
threshold=0.15548050853772452 0.60678019017954943 0.012339227772512141 2.5000000000000004 0.55406350000000015 0.56680450000000004 0.94875966535953815 16.500000000000004 1.5939485000000002 4.2916666666650007 0.55341550000000017 402.50000000000006 7.083333333335001 1888.5000000000002 49.500000000000007 7.5000000000000009 1.5000000000000002 0.53855800000000009 1.0000000180025095e-35 408121.00000000006 2698.5000000000005 652.50000000000011 85.500000000000014 0.20759250000000004 5.5000000000000009 182.50000000000003 68.500000000000014 0.5823505000000001 1.5000000000000002 2.5000000000000004
decision_type=2 2 2 2 2 2 2 2 2 2 2 2 2 2 2 2 2 2 2 2 2 2 2 2 2 2 2 2 2 2
left_child=2 5 -1 6 -4 17 8 14 15 13 16 12 26 29 -7 20 -5 -2 19 -10 24 22 -11 -8 25 -3 27 28 -12 -6
right_child=1 3 4 10 9 7 23 -9 18 21 11 -13 -14 -15 -16 -17 -18 -19 -20 -21 -22 -23 -24 -25 -26 -27 -28 -29 -30 -31
leaf_value=-0.052377968485848581 -0.051559591546571054 0.019752396600070388 -0.052974441521947017 -0.051748730538791345 -0.016187101695948638 -0.0059437360532181953 0.029721298323716568 0.030758170771483302 0.016787584666577624 -0.035580942323330436 -0.031370236037755767 0.049741121716062396 0.016110069254280282 0.030620812708577434 0.016406645834314979 -0.006236181178988446 0.017342700719402304 -0.017059913729052058 0.030020358101396478 -0.043746860086825774 -0.035424539166840928 0.020540909002196975 0.015875427841967705 -0.00027537510193079926 0.016214893200881739 -0.03564568352330906 0.047917469525206646 0.038646505162858474 0.026371068002380083 0.019602464852088747
leaf_weight=1369.0385391449527 34.963742151478073 14.037436085287483 109.10932813922409 7.7453154874383463 89.888188217257266 248.22831377611146 1035.4423288130201 80.357363121089293 49.914731960976496 139.98967695650936 7.7786976038478306 268.8949088192312 94.057045284309424 24.167439010037924 79.546432381204795 118.76043539115926 27.605365064053331 76.946617203357164 239.81839463720098 10.620362967718391 11.622503120481268 9.7817863563541305 11.34121689427411 25.771043641492724 312.12909288215451 17.379625568632036 182.58012110181153 402.17160239582881 87.45364351477474 19.779802090735757
leaf_count=862486 14816 265 59549 1032 18139 18281 3121 1205 730 56308 115 485 1020 1729 2298 2996 580 13913 1812 323 1491 565 1912 91 4836 963 308 947 357 1377
internal_value=0 0.0240009 -0.0464807 0.0285638 -0.0264994 -0.00156542 0.0228314 0.00563869 0.0143867 -0.0167055 0.0383218 0.039546 0.0360043 -0.00244531 -0.000519605 0.00752554 0.0022048 -0.0278385 0.0252129 0.00616734 0.0121271 -0.0285514 -0.0317246 0.0289928 0.0137359 -0.0108933 0.0387561 0.0353933 0.0216547 -0.00973207
internal_weight=0 3433.83 1773.1 2913.78 404.057 520.042 1835.5 408.132 774.283 294.948 1078.29 1042.94 774.041 133.835 327.775 473.929 35.3507 111.91 300.353 60.5351 355.169 161.113 151.331 1061.21 343.546 31.4171 679.984 497.404 95.2323 109.668
internal_count=1074050 71985 1002065 21472 139579 50513 16628 21784 13416 80030 4844 3232 2747 21245 20579 10551 1612 28729 2865 1053 7555 58785 58220 3212 6064 1228 1727 1419 472 19516
is_linear=0
shrinkage=0.05


Tree=29
num_leaves=31
num_cat=0
split_feature=0 0 40 0 82 58 101 2 83 66 90 93 72 82 98 82 40 99 69 102 96 0 82 93 66 82 74 99 96 95
split_gain=2187.53 193.869 80.4709 70.7335 48.6671 28.0964 19.0581 18.9277 16.5715 15.817 15.3399 13.696 13.6823 13.6382 12.8063 12.4704 12.1623 11.8901 10.4617 11.2288 10.2828 10.2679 13.9104 10.1778 9.9894 9.93706 9.71921 9.53755 9.26317 10.3584
threshold=0.37969951586789719 0.030380062479932603 2.5000000000000004 0.7740980979447657 0.57387650000000012 7.5000000000000009 0.019517500000000004 22518.000000000004 140.50000000000003 0.086694000000000007 12.500000000000002 1.7729355000000002 1291.1666666650001 0.54296050000000007 22.100000000000005 0.58904350000000016 798.50000000000011 0.078147500000000023 1.5000000000000002 27.500000000000004 0.03842700000000001 0.0088049481694041625 0.62032850000000017 1.6797010000000003 0.052641500000000008 0.60969050000000002 7.5000000000000009 0.06213500000000001 0.09271900000000001 0.014743000000000001
decision_type=2 2 2 2 2 2 2 2 2 2 2 2 2 2 2 2 2 2 2 2 2 2 2 2 2 2 2 2 2 2
left_child=1 21 3 8 13 9 7 23 12 11 -6 18 25 -3 17 16 -7 -9 19 -4 -15 -1 -23 -5 28 26 -2 -8 29 -12
right_child=2 4 5 6 10 15 27 14 -10 -11 24 -13 -14 20 -16 -17 -18 -19 -20 -21 -22 22 -24 -25 -26 -27 -28 -29 -30 -31
leaf_value=-0.052458182930907128 -0.0030368169867621732 -0.053263797300132615 0.023840826283542414 0.021957145667963193 -0.019822085467421809 -0.03105411939162793 -0.035003039081180687 -0.01869109885423131 0.029328901446585499 0.052249127624161375 0.0092347185897463414 0.043797150439374911 -0.055489815501452988 -0.0079174623804281873 -0.020848735711171018 0.029377723402808822 0.033741925664332942 0.018209507945661712 0.033524007102031898 -0.025117523457591329 -0.037525772568712777 -0.044157142257250426 0.0034073158872047235 0.033276856659433293 0.047611026511588862 0.010895210617303763 -0.030359180285431404 0.038569799498527763 0.024377344966831121 -0.014126974420571243
leaf_weight=1274.3668912449793 158.49905029503861 73.391000742543838 48.706616730371024 444.00025473785354 120.48739190242486 27.558724208647618 4.4876834987662724 22.757722865557298 41.161490691243671 176.03093642182648 81.495588075835258 339.33305853593629 12.592769312090239 47.880871209694305 23.662624305696227 29.69234545622021 9.8234674464911205 535.69453681039158 498.40075850352878 15.419335752550976 75.663224187563173 124.74056885979371 17.531835226574913 359.24036898917984 11.456795431906356 96.523972923168913 40.960192531056236 238.96012919582427 32.731055866810493 113.5741990666138
leaf_count=836838 9486 37628 457 3132 20335 4212 80 411 574 225 5489 887 3598 10112 752 356 284 3382 2207 327 26791 80415 4232 1203 52 2457 3327 877 1322 12602
internal_value=0 -0.0412116 0.026036 0.019931 -0.016211 0.0365859 0.0243117 0.0220444 -0.000471069 0.0385397 -0.00527267 0.0358638 -0.00444614 -0.0361921 0.0151792 0.00518743 -0.0140267 0.0167058 0.0310782 0.0120686 -0.0260507 -0.0510359 -0.0382959 0.0270198 0.00205425 -0.00227446 -0.00864763 0.0372136 -0.000236938 -0.00436701
internal_weight=0 1973.32 3123.51 1978.54 556.68 1144.97 1628.8 1385.36 349.737 1077.89 359.745 901.86 308.576 196.935 582.115 67.0745 37.3822 558.452 562.527 64.126 123.544 1416.64 142.272 803.241 239.258 295.983 199.459 243.448 227.801 195.07
internal_count=1074050 1035816 38234 29279 114331 8955 9837 8880 19442 4103 39800 3878 18868 74531 4545 4852 4496 3793 2991 784 36903 921485 84647 4335 19465 15270 12813 957 19413 18091
is_linear=0
shrinkage=0.05


Tree=30
num_leaves=31
num_cat=0
split_feature=0 0 0 55 40 82 98 91 93 93 0 82 93 79 72 93 2 76 62 68 93 69 101 74 102 68 40 68 40 3
split_gain=2066.34 153.871 84.7195 65.8864 51.0032 40.2614 37.1294 21.7779 19.0967 17.9884 16.3251 15.1148 14.2378 14.0551 13.6884 13.2449 12.9011 12.1383 12.0664 10.0608 9.9633 11.1426 9.76933 9.67719 9.67458 8.94448 9.51852 10.142 8.70237 8.64994
threshold=0.15548050853772452 0.7740980979447657 0.012339227772512141 1.0000000180025095e-35 5.5000000000000009 0.55406350000000015 9.1000000000000014 0.58333333333350013 1.3482345000000002 0.63268900000000017 0.94875966535953815 0.54444850000000011 0.36995750000000005 124.50000000000001 380.12500000000006 1.8222090000000002 182686.50000000003 565.50000000000011 20.500000000000004 100.50000000000001 0.92613850000000009 1.5000000000000002 0.023390500000000005 15.500000000000002 13.500000000000002 55.500000000000007 6.5000000000000009 100.50000000000001 2.5000000000000004 479.00000000000006
decision_type=2 2 2 2 2 2 2 2 2 2 2 2 2 2 2 2 2 2 2 2 2 2 2 2 2 2 2 2 2 2
left_child=2 3 -1 6 8 -4 15 13 10 24 23 -8 18 16 -12 29 -5 -18 -13 -17 21 -6 -10 -3 28 -11 27 -27 -7 -2
right_child=1 4 5 7 20 9 11 -9 22 25 14 12 -14 -15 -16 19 17 -19 -20 -21 -22 -23 -24 -25 -26 26 -28 -29 -30 -31
leaf_value=-0.051952790780991888 -0.061255745585560989 0.01142997049565677 -0.052377787954891765 0.039517445633676845 -0.0062663390635390379 -0.023228847991125613 -0.049629391858931518 0.052567503918380588 0.027490812987601834 0.012591604178224962 0.025453281730609824 -0.049442072872343472 -0.006133206749174577 -0.043276145336123888 -0.03874938584748875 0.0024139879523109066 -0.032854296228229621 0.01759548576059658 0.041454166126728136 0.029865555886476425 0.044377632594803609 0.035043095023624828 0.042767915087128558 -0.071929188196246968 -0.041414808591607885 -0.038057646864769881 0.021146569001539842 -0.0049171619125464999 0.029097602502240479 -0.00021447888434065489
leaf_weight=1263.656585371049 5.9199711800320065 334.96555531682679 101.76191360240045 59.715613643114921 17.373657472198829 41.865099071233999 38.874129145755433 64.010345703456551 698.46431523980573 50.76236915854679 549.31589955091476 36.655619395955 119.01253321883269 8.8479924801213183 8.4294565347954613 60.957109139941167 14.250752056075724 72.986431046854705 4.055006895796395 73.765954812697601 466.96130857220851 270.22085671429522 123.08744179597124 3.5181983222719273 74.99610119688441 40.111894366506021 17.514581361843739 54.388429029771942 9.8070818019332346 295.5267510562262
leaf_count=862486 766 4964 59549 788 237 12907 16110 114 2931 7456 1988 7421 9082 2377 70 2165 1616 981 128 1166 924 977 350 165 34863 11422 1774 10688 920 16665
internal_value=0 0.0227111 -0.0456582 0.00442152 0.0290331 -0.0253256 -0.00374825 0.028014 0.0242734 -0.0158148 0.0192259 -0.0216693 -0.0148642 0.0179263 0.024483 0.00441157 0.0216113 0.00935419 -0.0403883 0.0174448 0.0398687 0.0325476 0.0297797 0.0105635 -0.0299449 -0.00481915 -0.0127093 -0.0189841 -0.0132976 -0.00141324
internal_weight=0 3326.91 1654.86 854.578 2472.34 391.207 634.767 219.811 1717.78 289.446 896.229 198.597 159.723 155.801 557.745 436.17 146.953 87.2372 40.7106 134.723 754.556 287.595 821.552 338.484 126.668 162.777 112.015 94.5003 51.6722 301.447
internal_count=1074050 71985 1002065 59379 12606 139579 53503 5876 10468 80030 7187 32741 16631 5762 2058 20762 3385 2597 7549 3331 2138 1214 3281 5129 48690 31340 23884 22110 13827 17431
is_linear=0
shrinkage=0.05


Tree=31
num_leaves=31
num_cat=0
split_feature=0 0 0 40 82 0 101 82 93 82 98 40 98 91 64 36 62 65 98 0 76 101 89 40 76 68 82 96 99 76
split_gain=1943.91 143.896 87.5996 62.93 40.0782 36.3388 32.8158 23.5413 20.8918 18.6211 18.5499 14.0973 15.0306 12.4097 10.8743 10.3773 10.3153 10.0298 9.95342 9.47663 9.35642 9.29004 8.64565 8.59352 8.36806 8.74997 8.30688 7.77639 7.33437 7.19555
threshold=0.15548050853772452 0.60678019017954943 0.012339227772512141 2.5000000000000004 0.55406350000000015 0.94875966535953815 0.029255500000000004 0.53855800000000009 1.5939485000000002 0.55341550000000017 4.2916666666650007 172.50000000000003 7.083333333335001 0.58333333333350013 1.0000000180025095e-35 1888.5000000000002 99.500000000000014 50.000000000000007 69.125000000000014 0.86620967868038068 575.50000000000011 0.047304000000000006 1.5000000000000002 1.0000000180025095e-35 595.50000000000011 16.500000000000004 0.56052550000000012 0.031434000000000011 0.20759250000000004 652.50000000000011
decision_type=2 2 2 2 2 2 2 2 2 2 2 2 2 2 2 2 2 2 2 2 2 2 2 2 2 2 2 2 2 2
left_child=2 6 -1 5 -4 8 7 -2 21 14 15 12 19 17 27 -6 -10 -8 -9 24 -12 22 26 29 25 -11 -3 -5 -7 -22
right_child=1 3 4 9 10 28 13 18 16 11 20 -13 -14 -15 -16 -17 -18 -19 -20 -21 23 -23 -24 -25 -26 -27 -28 -29 -30 -31
leaf_value=-0.05177939070429443 -0.050502447595649175 -0.044761950036314072 -0.05203769029917571 0.0061105740091364769 -0.0078149151784986156 0.027678187202184602 -0.035307217044796405 -0.0022737995369339031 0.024164876874601268 -0.058844704881203892 -0.04735981783730845 0.046253966489865385 0.013517560057107551 0.05456676606329891 0.042474009233887756 0.028651642717687331 -0.049143634175694742 0.019226259946958577 -0.02632898985316558 0.039988831126602689 -0.031669890154450916 0.027499805856131782 0.0085107387589743802 0.0056174752137149002 0.036657642734743874 0.01653849203718907 -0.0028552813746475819 -0.052009517352478107 1.3485608190278634e-05 0.016915825913766992
leaf_weight=1214.0243280050636 31.660272760695079 13.095123117032925 97.876299650466535 13.439299695775846 109.11107319130679 987.54397583287209 9.4910733696306107 315.14813615649473 286.36833767383359 4.1145677859894922 40.678172388870735 325.32591593405232 82.168217552243732 22.957217167131603 10.474849793594329 23.756549630896188 4.8803651693742713 75.52941649715649 49.797588403045665 434.04474039888009 78.795278545163455 44.506782307755202 277.02505590036162 26.337059047204093 70.626614515669644 59.739609834970906 121.94787319219904 10.06590314756613 24.553707808256149 8.4364745800849033
leaf_count=862486 14769 1657 59549 314 19516 3121 1050 22990 2301 50 25031 674 971 54 34 1729 564 2083 9567 906 26799 482 5445 6461 259 372 2967 1264 91 494
internal_value=0 0.0220669 -0.0451891 0.0265404 -0.0244073 0.0208312 -0.00249092 -0.00914415 0.0124728 0.0364888 -0.0149882 0.0377555 0.0335066 0.0219466 0.000103235 -0.00129474 0.0229365 0.0131385 -0.00555618 0.0363956 -0.0267836 0.00579808 0.00345411 -0.0194136 0.0247982 0.011681 -0.00691897 -0.0187789 0.027007 -0.026971
internal_weight=0 3274.5 1599.02 2769.92 384.991 1759.92 504.584 396.606 747.824 1010 287.115 976.02 650.694 107.978 33.9801 132.868 291.249 85.0205 364.946 568.526 154.247 456.575 412.068 113.569 134.481 63.8542 135.043 23.5052 1012.1 87.2318
internal_count=1074050 71985 1002065 21472 139579 16628 50513 47326 13416 4844 80030 3232 2558 3187 1612 21245 2865 3133 32557 1587 58785 10551 10069 33754 681 422 4624 1578 3212 27293
is_linear=0
shrinkage=0.05


Tree=32
num_leaves=31
num_cat=0
split_feature=0 0 40 0 82 82 82 66 101 90 82 99 83 82 101 2 2 93 64 85 95 76 90 2 79 57 89 76 96 95
split_gain=1829.67 181.603 76.246 61.9394 50.1376 27.9867 19.4037 17.3579 16.4006 15.9933 15.8817 13.9355 13.6095 12.3092 12.1726 15.1922 11.5006 11.2116 9.99336 9.97619 9.77911 11.3999 9.7195 9.46371 9.34184 9.09215 8.91226 8.68193 8.48843 8.31176
threshold=0.37969951586789719 0.021498946223343005 2.5000000000000004 0.86620967868038068 0.57387650000000012 0.55341550000000017 0.5414135000000001 0.086694000000000007 0.032799500000000002 36.500000000000007 0.58993050000000002 0.12050100000000001 16.000000000000004 0.54296050000000007 0.019517500000000004 21926.000000000004 550920.50000000012 0.76547350000000003 1.0000000180025095e-35 0.082319000000000017 0.010933500000000001 605.50000000000011 269.50000000000006 999530.00000000012 22.500000000000004 17.500000000000004 1.5000000000000002 635.50000000000011 0.046660000000000007 0.066196500000000005
decision_type=2 2 2 2 2 2 2 2 2 2 2 2 2 2 2 2 2 2 2 2 2 2 2 2 2 2 2 2 2 2
left_child=1 27 3 6 13 18 -2 9 17 10 11 26 20 -3 15 -5 -11 -8 25 -14 -6 -22 -15 -18 -17 -4 28 -1 -7 -29
right_child=2 4 5 14 12 7 8 -9 -10 16 -12 -13 19 22 -16 24 23 -19 -20 -21 21 -23 -24 -25 -26 -27 -28 29 -30 -31
leaf_value=-0.051404431964248036 -0.049077565245486093 -0.052608064341178297 -0.031164424082116546 0.026304391618264551 0.013398309691866638 0.017848551896863903 -0.0087044474678602598 0.051281944337887519 0.025495067542662744 0.043209186713604728 0.03409120628083652 -0.05493148736062127 0.0010259895299196025 -0.030227878334774912 0.035007629935391603 0.015850608075813198 -0.045659865821886941 0.0078383893064211986 0.034314298828490443 0.054677364737797322 -0.033081930401783331 -0.0050501400841863756 0.033261016293096433 0.024760203140995155 -0.027215470289557793 0.050513900041797538 0.026724867603001475 0.0074129717592178613 -0.021087452814280021 -0.046526201273811824
leaf_weight=1194.3869574378623 16.982633866311517 74.815656352977385 26.275159351498591 706.08745687501505 24.593979482422583 34.552080051740631 169.49652443296509 163.24164077825844 83.664842912112363 379.94334237114526 285.85583352891263 6.9057065602974026 185.64626541412144 121.93271020737302 201.1807730300352 449.12997232098132 5.5493865050375453 258.81043303356273 11.433657379006034 9.0886753254453634 81.885774643102195 65.106384354468901 6.3417387015651903 34.013743104180321 12.95543463132344 3.9148061273735939 99.450168190873228 12.31756183068501 23.530979260161985 16.998010879440699
leaf_count=886016 5290 44221 4000 3050 1960 380 10140 227 1302 1025 1204 403 18822 43691 673 2503 55 6081 66 40 19241 7153 417 155 240 71 724 3387 645 10868
internal_value=0 -0.0398903 0.0240594 0.0180346 -0.0165637 0.0347015 0.00350287 0.0363212 0.00524702 0.0335134 0.0269693 0.0145887 -0.00551648 -0.0364899 0.023648 0.0216916 0.0405377 0.00129179 -0.00549592 0.00353001 -0.0157834 -0.020666 -0.0270891 0.0148826 0.0146432 -0.020573 0.0176362 -0.0507446 0.00207455 -0.0238625
internal_weight=0 1793.11 2972.97 1898.31 569.411 1074.67 528.954 1033.04 511.972 869.801 450.295 164.439 366.321 203.09 1369.35 1168.17 419.506 428.307 41.6236 194.735 171.586 146.992 128.274 39.5631 462.085 30.19 157.533 1223.7 58.0831 29.3156
internal_count=1074050 1035816 38234 29279 135545 8955 22813 4818 17523 4591 3356 2152 47216 88329 6466 5793 1235 16221 4137 18862 28354 26394 44108 210 2743 4071 1749 900271 1025 14255
is_linear=0
shrinkage=0.05


Tree=33
num_leaves=31
num_cat=0
split_feature=0 0 0 40 82 98 0 58 40 101 93 0 76 76 40 40 82 76 83 43 68 68 90 82 65 101 72 40 2 64
split_gain=1730.04 151.694 66.2239 62.728 38.3208 32.3154 30.7464 26.5737 23.0885 17.4565 17.3885 13.8337 11.1808 11.0156 12.1052 10.7702 11.1567 10.6827 10.6429 9.86808 9.43821 16.4038 9.05918 9.03293 8.39258 8.15209 9.03079 8.26616 9.52738 8.11243
threshold=0.11665055024126079 0.60678019017954943 0.012339227772512141 1.0000000180025095e-35 0.56680450000000004 8.0833333333350019 0.94875966535953815 7.5000000000000009 18.500000000000004 0.062645500000000007 0.75316150000000015 0.94875966535953815 631.50000000000011 562.50000000000011 6.5000000000000009 764.50000000000011 0.59284850000000011 562.50000000000011 138.00000000000003 1.0000000180025095e-35 100.50000000000001 99.500000000000014 17.500000000000004 0.53855800000000009 50.000000000000007 0.052213000000000002 2.3666666666650005 60.500000000000007 370.00000000000006 1.0000000180025095e-35
decision_type=2 2 2 2 2 2 2 2 2 2 2 2 2 2 2 2 2 2 2 2 2 2 2 2 2 2 2 2 2 2
left_child=2 4 -1 6 23 13 10 9 18 11 -3 17 -7 -4 -15 16 -9 24 19 -6 21 -12 -8 -2 -5 27 -27 28 -19 -10
right_child=1 3 5 7 8 12 22 15 29 -11 20 -13 -14 14 -16 -17 -18 25 -20 -21 -22 -23 -24 -25 -26 26 -28 -29 -30 -31
leaf_value=-0.051380143576469597 -0.050394710318301672 -0.0031579453538867412 -0.046605034603685105 -0.066990175187043061 -0.0088011647708024412 -0.045750802177419898 0.014826491338179443 -0.027499995279396852 0.015904219612191243 0.047010657658800754 0.01146913476977999 0.038162784999003829 0.0013816292214840849 -0.011123410290684164 0.030708802547440878 0.045782684433552698 0.017573361489116292 -0.024136672936789269 0.020564345734480568 0.018796284793939268 0.023922864589295465 -0.05250204188584582 0.027178023841644958 -0.020042015387924585 0.0092088037749642384 0.032508969666430902 -0.045865610620294317 0.039089346996309969 0.02626988242410205 0.050120452971985502
leaf_weight=1116.4266014652239 35.049695428431733 188.70293085341109 18.165514426771551 3.9942695470526806 270.51683655682427 144.79499609694176 193.95897151529789 29.562939271214418 47.267984979378525 243.77337426925078 223.57985448808176 464.32400490157306 13.780121409043202 123.95274436718319 20.097910725671682 11.952091923914848 25.632603748701513 9.7175143042113614 44.899502563785063 36.797981134499423 176.18086526845582 10.491347809555007 632.73755338415504 81.527245490840869 37.913863058900461 7.074681510217486 7.6497407807037234 149.7013662760146 265.42624365189113 27.344618764705956
leaf_count=862486 18417 6068 9670 158 22180 86474 925 2641 1203 471 3289 1055 1727 28292 1176 114 283 180 1242 2121 1483 436 1815 17451 547 24 77 389 1517 139
internal_value=0 0.0203287 -0.0456269 0.0252089 -0.00376124 -0.0256043 0.0180301 0.0333527 0.00317791 0.0350801 0.00940352 0.0320051 -0.041655 -0.00991392 -0.00528699 0.0027502 -0.0065681 0.0260668 -0.00217444 -0.00549664 0.0151814 0.00860187 0.0242801 -0.0291678 0.00194627 0.0283664 -0.00820877 0.0296341 0.0244896 0.0284441
internal_weight=0 3225.78 1437.22 2682.37 543.404 320.791 1425.65 1256.72 426.827 1189.58 598.955 945.802 158.575 162.216 144.051 67.1476 55.1955 481.478 352.214 307.315 410.252 234.071 826.697 116.577 41.9081 439.57 14.7244 424.845 275.144 74.6126
internal_count=1074050 84225 989825 21472 62753 127339 14016 7456 26885 4418 11276 3947 88201 39138 29468 3038 2924 2892 25543 24301 5208 3725 2740 35868 705 2187 101 2086 1697 1342
is_linear=0
shrinkage=0.05


Tree=34
num_leaves=31
num_cat=0
split_feature=0 0 0 91 40 82 98 40 82 74 90 95 69 68 2 44 93 100 76 76 40 40 74 85 2 2 101 76 98 76
split_gain=1630.16 145.991 65.435 61.583 47.4966 42.7529 29.9987 24.266 17.5467 17.3069 15.3721 14.5444 12.9687 16.5307 10.8112 10.8014 12.9877 11.231 10.5314 10.117 11.137 10.0658 8.97998 8.7787 8.69323 8.32234 8.31611 8.13764 7.86999 10.8433
threshold=0.11665055024126079 0.7740980979447657 0.012339227772512141 0.58333333333350013 1.0000000180025095e-35 0.57480350000000013 8.0833333333350019 38.500000000000007 0.5425715000000001 8.5000000000000018 18.500000000000004 0.0090165000000000019 1.0000000180025095e-35 108.50000000000001 2826.5000000000005 1.0000000180025095e-35 2.4508720000000008 1.0000000180025095e-35 631.50000000000011 562.50000000000011 6.5000000000000009 48.500000000000007 7.5000000000000009 0.059568000000000003 435.50000000000006 910.00000000000011 0.033014000000000009 582.50000000000011 3.7750000000000004 589.50000000000011
decision_type=2 2 2 2 2 2 2 2 2 2 2 2 2 2 2 2 2 2 2 2 2 2 2 2 2 2 2 2 2 2
left_child=2 3 -1 5 10 8 19 12 -2 15 26 -10 13 -7 28 16 17 -6 -8 -4 -21 -13 24 -16 -14 27 -3 -11 -12 -30
right_child=1 4 6 -5 9 7 18 -9 11 25 14 21 22 -15 23 -17 -18 -19 -20 20 -22 -23 -24 -25 -26 -27 -28 -29 29 -31
leaf_value=-0.051190691718712211 -0.045914762442634961 0.0078632728555459771 -0.045947963283215355 0.05129186261815686 0.032359580257594604 -0.027041859739443341 -0.045147638384520419 0.030793258275974168 0.005686619240961424 -0.07576512941090302 0.039270031874060612 -0.030952687985832492 -0.034794623239968188 0.02387245545742794 0.01872741486374235 0.051592724738395157 0.044124428109592301 0.0072844083387954874 0.00067937967803841548 -0.01137034910121134 0.028772859560137216 0.0067418948320536734 -0.0096034048239811622 0.060981803454175136 0.010711026012307993 0.019467302535860022 0.031107837906029265 0.0031919903440201843 0.00039358146107784506 0.031805034395229213
leaf_weight=1069.5816001031053 49.667920447362121 303.54566938854987 17.554070873200544 59.576785600162111 582.87571071932325 69.920948189246701 139.75188555792556 83.598519495222718 69.014161696890369 4.7891967734321943 147.92680265940726 89.664835137446062 10.858777099288998 20.650755789945833 623.75640628917608 99.430226166034117 238.97998408495914 48.360221608018037 13.772098476300014 122.91571981221205 20.103422830536147 22.069698773790151 79.085858272621408 12.539223400875924 313.44717475381913 62.581583281513304 44.064165322575718 10.242128577083347 39.116240381496027 92.310526430141181
leaf_count=862486 23011 3309 9670 120 2303 6046 86474 798 5371 181 436 15952 1074 634 3726 168 579 515 1727 28292 1176 1688 4970 27 11955 393 264 134 266 305
internal_value=0 0.0197222 -0.0452984 0.00223349 0.0262888 -0.00138386 -0.0252337 0.00588072 -0.0195932 0.0341623 0.0197616 -0.0123604 0.00166452 -0.0154332 0.02316 0.0359808 0.034197 0.0304385 -0.0410367 -0.0101246 -0.00572764 -0.0235073 0.00550338 0.0195601 0.00918735 0.0114431 0.0108098 -0.0219649 0.0313596 0.0224561
internal_weight=0 3178.07 1383.68 867.555 2310.52 807.979 314.097 577.562 230.417 1047.26 1263.26 180.749 493.964 90.5717 915.649 969.646 870.216 631.236 153.524 160.573 143.019 111.735 403.392 636.296 324.306 77.6129 347.61 15.0313 279.354 131.427
internal_count=1074050 84225 989825 71619 12606 71499 127339 25477 46022 4273 8333 23011 24679 6680 4760 3565 3397 2818 88201 39138 29468 17640 17999 3753 13029 708 3573 315 1007 571
is_linear=0
shrinkage=0.05


Tree=35
num_leaves=31
num_cat=0
split_feature=0 0 0 85 40 82 82 40 0 68 93 90 93 93 76 96 72 101 95 91 68 50 72 74 102 101 55 68 100 99
split_gain=1545.55 124.832 81.7208 56.6229 46.9573 34.7635 33.4882 18.3996 18.0536 15.367 15.0697 12.6414 12.6165 12.3429 11.4188 16.7402 10.8597 10.4501 9.98909 8.82965 8.81961 9.00535 8.77888 8.05618 8.00229 7.83113 7.19847 8.98411 7.46393 7.37839
threshold=0.15548050853772452 0.7740980979447657 0.012339227772512141 0.019188000000000004 2.5000000000000004 0.55406350000000015 0.57261050000000002 1.0000000180025095e-35 0.94875966535953815 55.500000000000007 0.63268900000000017 35.500000000000007 0.77612700000000012 1.5520470000000002 614.50000000000011 0.063808500000000004 130.29166666650005 0.060070000000000005 0.0081185000000000025 0.58333333333350013 41.500000000000007 1.0000000180025095e-35 12.100000000000001 5.5000000000000009 4.5000000000000009 0.095136500000000013 1.0000000180025095e-35 117.50000000000001 4.5000000000000009 0.1894315
decision_type=2 2 2 2 2 2 2 2 2 2 2 2 2 2 2 2 2 2 2 2 2 2 2 2 2 2 2 2 2 2
left_child=2 3 -1 6 8 -4 9 11 13 -2 25 22 17 -3 15 24 -14 -6 -11 -5 23 -22 -8 -12 -9 -7 27 28 -10 -29
right_child=1 4 5 19 12 10 7 14 26 18 20 -13 16 -15 -16 -17 -18 -19 -20 -21 21 -23 -24 -25 -26 -27 -28 29 -30 -31
leaf_value=-0.051024912472446754 -0.040839073912582145 0.006916691069578049 -0.05115453632724476 0.020940339164350879 0.020605214415868007 -0.031371979517773742 -0.0028649013928647342 -0.03416117901706997 0.020857825041253549 0.0078569113272685797 0.02880016344720146 0.010306516495003366 0.042518121232287057 0.022289152573740409 0.035628689898839598 -0.021884542935376661 0.019976631829267517 0.044577506603833361 -0.022103158973652295 0.049563975337285543 -0.017578001997588168 0.017092467826225147 -0.0240915545577201 -0.031264726443783052 0.022474347954032511 0.026279116306402353 0.047726125234006607 0.031808153245841124 -0.024376008628376911 -0.011446756902978344
leaf_weight=1028.1750516513566 63.236784853608697 318.79194594617002 85.014600258218707 49.762957164784893 189.61855462187668 108.88549333033734 139.57285683765076 6.6756997579941517 579.46417895285413 46.132786466623656 29.118760851284605 114.46283147216309 473.50339987874031 221.16848274762742 55.020179319893941 33.766580646799412 60.22716580494307 59.797462952323258 70.092397120854002 58.750469258986413 97.376175460871309 23.189551505667623 74.822005697962595 6.9065803281846447 94.910083660855889 6.2273474877874824 32.670864054001868 318.21468298928812 9.2655217200517637 10.174165345728396
leaf_count=862486 16998 5043 59549 477 1301 47990 7708 184 2063 4575 3053 3204 1074 1582 683 1969 279 115 14589 115 23043 3273 6940 1971 1937 700 83 953 59 54
internal_value=0 0.0197254 -0.0438708 0.00283474 0.0257241 -0.0232503 -0.00238408 0.00405137 0.0205134 -0.0210035 -0.0145192 -0.00310994 0.0356362 0.0132133 0.0164221 0.00861475 0.0399745 0.0263526 -0.0102112 0.0364375 -0.00442311 -0.0109095 -0.0102728 0.0172849 0.0187525 -0.0282532 0.0246635 0.0238419 0.0201459 0.030468
internal_weight=0 3080.1 1384.89 807.206 2272.9 356.719 698.692 519.23 1489.75 179.462 271.704 328.858 783.147 539.96 190.373 135.352 533.731 249.416 116.225 108.513 156.591 120.566 214.395 36.0253 101.586 115.113 949.789 917.119 588.73 328.389
internal_count=1074050 71985 1002065 59379 12606 139579 58787 22625 9837 36162 80030 17852 2769 6625 4773 4090 1353 1416 19164 592 31340 26316 14648 5024 2121 48690 3212 3129 2122 1007
is_linear=0
shrinkage=0.05


Tree=36
num_leaves=31
num_cat=0
split_feature=0 0 40 0 82 82 93 85 72 79 101 54 40 2 93 65 68 95 89 102 74 68 2 36 76 89 2 98 42 95
split_gain=1457.97 163.197 68.6154 65.5514 45.1474 27.3238 20.1942 16.0709 15.6646 14.0796 13.8828 13.5212 13.3423 10.9652 9.67357 9.42768 9.57886 9.21888 9.17328 9.1592 8.98838 8.57997 8.50209 8.45615 8.41374 7.89163 8.18985 7.88745 10.076 7.62689
threshold=0.37969951586789719 0.012339227772512141 24.500000000000004 0.86620967868038068 0.56900050000000013 0.56680450000000004 0.75316150000000015 0.082319000000000017 63.100000000000009 6.5000000000000009 0.029255500000000004 0.029483500000000003 1.0000000180025095e-35 2826.5000000000005 0.72513300000000014 50.000000000000007 104.50000000000001 0.010933500000000001 1.5000000000000002 245.50000000000003 7.5000000000000009 99.500000000000014 8.9884656743000007e+307 2556.5000000000005 669.50000000000011 1.5000000000000002 72.500000000000014 2.9166666666650003 4.5000000000000009 0.026810000000000004
decision_type=2 2 2 2 2 2 2 2 2 2 2 2 2 2 2 2 2 2 2 2 2 2 2 2 2 2 2 2 2 2
left_child=1 -1 3 5 11 18 20 9 22 15 14 -3 13 -8 29 -6 21 -11 -2 -20 25 -17 -4 -13 -19 26 -5 -14 -29 -7
right_child=2 4 8 6 7 10 12 -9 -10 17 -12 23 27 -15 -16 16 -18 24 19 -21 -22 -23 -24 -25 -26 -27 -28 28 -30 -31
leaf_value=-0.050853633176134942 -0.041705648565694663 -0.041366264340704999 0.04260640731162358 -0.072082047419498183 -0.027154185319156206 0.0056144926098889375 0.031326498155898524 0.058827808080778657 0.018022143980816929 0.010781035479576248 0.024197642214049384 -0.040019265646947466 0.042378112327116989 0.018810843580788505 0.0099738422899902038 -0.0033833810663673365 0.013598547983905444 -0.032193717670341994 0.007557250328542691 -0.030560004926689022 0.0010964598284364817 -0.043456413327670453 0.015391568878435539 0.045424312171198342 0.032567009504520066 0.023177986234672397 0.0084610437834356841 0.016368407206304791 0.038401653423311422 -0.017048434587591189
leaf_weight=985.71789266051928 32.758848897035932 176.97149408179394 446.78837117571675 3.2770208949223152 36.107928482961142 73.814496211241931 260.43782286159694 8.7328090150840563 89.110839530156227 16.811181161087006 113.59048512112349 4.6764748012792534 168.66728648450226 533.48870285786688 283.04619555571117 135.01409558484738 85.852130908344407 102.56289449718315 35.907998359529302 28.087441976560513 105.09779372741468 14.82396561099449 30.668031828769017 7.6043767085357103 5.2732689827680579 217.26083216606639 85.578376572811976 99.782109170919284 108.10546709271148 74.686826744349673
leaf_count=862486 7172 101529 1521 55 7478 2580 840 43 1810 2397 1478 1535 360 2447 5504 17568 7123 32154 1665 4194 1044 2944 228 416 143 1255 739 444 323 4575
internal_value=0 -0.0383754 0.0217332 0.0177753 -0.0176834 0.00429917 0.0232442 -0.00826597 0.0372666 -0.00974389 0.00864518 -0.0378456 0.0265929 0.0229164 0.00455152 -0.00336285 0.000281997 -0.023658 -0.0201874 -0.00917232 0.0137125 -0.00734794 0.0408583 0.0128879 -0.0290269 0.0180439 0.00549058 0.0343443 0.0278261 -0.00578353
internal_weight=0 1580.15 2790.15 2223.59 594.431 641.892 1581.7 405.178 566.567 396.445 545.138 189.252 1170.48 793.927 431.548 271.798 235.69 124.647 96.7543 63.9954 411.214 149.838 477.456 12.2809 107.836 306.116 88.8554 376.555 207.888 148.501
internal_count=1074050 1035816 38234 34675 173330 27168 7507 69850 3559 69807 14137 103480 4414 3287 12659 35113 27635 34694 13031 5859 3093 20512 1749 1951 32297 2049 794 1127 767 7155
is_linear=0
shrinkage=0.05


Tree=37
num_leaves=31
num_cat=0
split_feature=0 0 0 40 91 82 98 0 40 0 58 93 72 93 82 76 69 40 68 92 76 82 82 101 3 95 2 99 76 98
split_gain=1376.45 127.53 64.194 53.6492 39.9865 33.127 32.1185 25.3936 16.0947 14.9502 14.754 14.4118 14.2432 12.1184 11.8287 10.0094 9.86723 9.50046 9.4875 9.3366 9.5017 9.32213 8.5122 8.41614 8.39757 7.97065 7.47631 7.26521 7.18354 7.00995
threshold=0.11665055024126079 0.68981449621504665 0.0088049481694041625 2.5000000000000004 0.58333333333350013 0.56680450000000004 8.0833333333350019 0.94875966535953815 46.500000000000007 0.94875966535953815 1.5000000000000002 1.6797010000000003 69.083333333350012 0.45692650000000007 0.55930250000000015 562.50000000000011 1.0000000180025095e-35 6.5000000000000009 100.50000000000001 3.5000000000000004 575.50000000000011 0.58688250000000008 0.53855800000000009 0.023390500000000005 300498.00000000006 0.037995500000000008 170500.00000000003 0.20759250000000004 608.50000000000011 19.100000000000005
decision_type=2 2 2 2 2 2 2 2 2 2 2 2 2 2 2 2 2 2 2 2 2 2 2 2 2 2 2 2 2 2
left_child=2 4 -1 7 5 22 15 10 11 12 23 19 -5 -12 -14 -4 -15 25 -13 20 -7 -8 -2 26 -10 -17 -3 -9 -27 -22
right_child=1 3 6 9 -6 8 21 27 24 -11 13 18 14 16 -16 17 -18 -19 -20 -21 29 -23 -24 -25 -26 28 -28 -29 -30 -31
leaf_value=-0.051141075346717801 -0.048358049785781843 0.019135481466735344 -0.045230072815663498 0.031594820379632266 0.051073869064648815 -0.037443377549954915 -0.04900605486796529 0.024012710291979034 0.042605911689705539 0.040994026244016046 -0.015916889818288486 -0.002156904822059691 -0.03751292034842077 -0.011051063761585595 0.016421407610343424 -0.0013494215066024717 0.012679109634553917 0.026740388166400977 0.025611823628834587 0.0092148207196421483 -0.0038365457532192854 -0.022637965194747312 -0.019228385463206623 0.034511493326541139 0.0061752634894160418 -0.051140219960693817 -0.0021195986705259055 -0.0039407416612286762 -0.010792226536098458 -0.026732215054171324
leaf_weight=914.7060622376448 34.675492697730078 170.31404133536853 17.88431203518121 373.69341304723639 34.377143245306797 32.398351189665846 113.67775461385463 896.92264736024663 32.780655556445708 383.48514350550249 66.927066469506826 58.399436311097816 12.056215401622465 55.002381829312071 64.839121730532497 82.881385219501681 215.19737569545396 19.657821744302055 64.99076022641384 64.112031050783116 169.21046846423997 47.536282643246523 90.61965638663969 64.083453761413693 30.569706704496639 18.735563916190586 54.645691469777375 23.862765563651919 26.827565337138367 41.662063381489133
leaf_count=836838 19511 1749 11679 1597 81 5551 88671 3121 365 863 2671 2438 813 1443 465 19617 2853 1345 1436 2883 10505 17196 18550 378 585 9154 865 91 5325 5411
internal_value=0 0.0181456 -0.0443422 0.0235166 -0.00141446 -0.00432751 -0.0253355 0.0180055 0.00149511 0.0337379 0.0102372 -0.00196543 0.0275623 0.00313059 0.00796519 -0.00989696 0.00784855 -0.00563026 0.0124691 -0.00775979 -0.0122333 -0.041231 -0.02729 0.0185261 0.0250263 -0.0105844 0.0139723 0.0232883 -0.0273833 -0.00836004
internal_weight=0 3034.83 1241.91 2381.03 653.796 619.419 327.201 1546.96 494.123 834.074 626.17 430.773 450.589 337.127 76.8953 165.987 270.2 148.102 123.39 307.383 243.271 161.214 125.295 289.043 63.3504 128.445 224.96 920.785 45.5631 210.873
internal_count=1074050 84225 989825 16909 67316 67235 152987 13171 29174 3738 9959 28224 2875 6967 1278 47120 4296 35441 3874 24350 21467 105867 38061 2992 950 34096 2614 3212 14479 15916
is_linear=0
shrinkage=0.05


Tree=38
num_leaves=31
num_cat=0
split_feature=0 0 0 40 98 0 82 82 91 58 93 74 82 96 82 68 96 76 82 90 40 95 68 69 2 46 0 82 98 69
split_gain=1296.96 120.483 63.5336 59.9201 30.5984 30.3185 29.7916 26.9714 22.4731 19.6483 15.881 11.709 12.6993 10.6918 11.6617 9.91395 9.60524 9.44088 9.10196 8.51855 8.21932 8.9977 8.14521 8.62095 8.12307 16.7298 7.84482 7.84118 7.49484 7.31013
threshold=0.11665055024126079 0.53809039466125175 0.0088049481694041625 1.0000000180025095e-35 8.0833333333350019 0.94875966535953815 0.56680450000000004 0.54783550000000003 0.58333333333350013 2.5000000000000004 0.75316150000000015 6.5000000000000009 0.59493900000000011 0.038825500000000006 0.59951250000000011 59.500000000000007 0.05208150000000001 575.50000000000011 0.58688250000000008 17.500000000000004 4.5000000000000009 0.037995500000000008 106.50000000000001 1.0000000180025095e-35 910.00000000000011 1.5000000000000002 0.94875966535953815 0.5938595000000001 4.7750000000000012 3.5000000000000004
decision_type=2 2 2 2 2 2 2 2 2 2 2 2 2 2 2 2 2 2 2 2 2 2 2 2 2 2 2 2 2 2
left_child=2 6 -1 5 17 10 -2 -5 13 11 -3 15 27 -8 16 -9 -15 -4 -6 -7 21 -19 23 -12 25 -11 29 -13 -24 -26
right_child=1 3 4 7 18 19 8 9 -10 24 22 12 -14 14 -16 -17 -18 20 -20 -21 -22 -23 28 -25 26 -27 -28 -29 -30 -31
leaf_value=-0.051001953032462743 -0.032320092829665026 -0.0053307323392569675 -0.029200350054940719 -0.018783462046704683 -0.048747579351232202 0.011705175087454878 0.018862204603419731 0.028425159216947389 0.056902765693415139 0.024526440083400426 -0.0089648463052481499 0.0056010673147898656 0.033110061351699631 -0.0026872652163981202 0.0033781410628943853 0.041255690109456358 -0.029128417764276382 0.0044871707228981072 -0.022386881241505799 0.02414547305588061 0.029332767838451984 -0.025896002901381561 0.027602583127974201 0.011997514889076461 0.012888364225144775 -0.042181486183351907 0.035034929642976817 -0.09304588031639674 0.0039963194206796239 0.048617582621922277
leaf_weight=875.0328744176295 89.84469030751643 197.96651463149465 45.620202512960532 27.631337028884445 108.95438948233641 179.44537399616092 48.361230246082414 212.95773225976154 16.516505217761733 24.44379353831755 67.867924772901461 47.791067439015023 86.628331742715091 63.657303424464772 143.96315688407049 513.79806668229867 74.59568030614173 59.791195850164513 46.817042453862086 590.22018859535456 17.379844284296269 41.128660562957521 114.0741632070858 176.86628403078066 141.31703473284142 15.270589248044415 89.7449267860502 2.1030852245166889 47.676811655634083 15.929603043012319
leaf_count=836838 33652 7757 22124 2811 88671 925 1962 771 45 300 2163 462 337 5040 7946 1466 9777 11146 17196 1815 958 12892 879 2502 1941 604 256 9 756 49
internal_value=0 0.0176021 -0.0440326 0.0217563 -0.0249567 0.0146633 -0.00665848 0.0300328 -1.60075e-05 0.0312057 0.00628255 0.0349722 0.0215369 -0.00285982 -0.00658215 0.037496 -0.0169538 -0.00987739 -0.0408249 0.0212451 -0.00242584 -0.00789512 0.0119385 0.00618438 0.0198649 -0.00112344 0.0232397 0.00144301 0.0206445 0.0165079
internal_weight=0 2988.67 1194.72 2551.73 319.691 1374.12 436.939 1177.62 347.094 1149.98 604.452 863.278 136.522 330.577 282.216 726.756 138.253 163.92 155.771 769.666 118.3 100.92 406.485 244.734 286.706 39.7144 246.992 49.8942 161.751 157.247
internal_count=1074050 84225 989825 25803 152987 16797 58422 9006 24770 6195 14057 3045 808 24725 22763 2237 14817 47120 105867 2740 24996 24038 6300 4665 3150 904 2246 471 1635 1990
is_linear=0
shrinkage=0.05


Tree=39
num_leaves=31
num_cat=0
split_feature=0 0 40 0 40 82 82 64 93 90 93 93 85 74 82 95 40 82 95 99 76 79 68 101 36 2 100 62 68 50
split_gain=1227.24 115.549 64.1325 63.2228 41.8484 40.7724 28.948 18.0121 17.9795 17.7219 14.032 13.6397 13.403 11.0192 10.813 12.9694 9.65423 9.3066 19.7542 9.0753 14.3804 8.75029 8.70586 8.47556 8.3084 12.4527 7.90706 8.07096 7.70021 7.21595
threshold=0.11665055024126079 0.86620967868038068 38.500000000000007 0.0088049481694041625 7.5000000000000009 0.56680450000000004 0.55406350000000015 1.0000000180025095e-35 0.85877850000000011 46.500000000000007 0.65046950000000014 1.8222090000000002 0.079196500000000017 8.5000000000000018 0.54061850000000011 0.0067470000000000004 2.5000000000000004 0.60290350000000015 0.026810000000000004 0.15466550000000004 605.50000000000011 11.500000000000002 55.500000000000007 0.062645500000000007 5190.5000000000009 2463.5000000000005 1.0000000180025095e-35 1.5000000000000002 53.500000000000007 1.0000000180025095e-35
decision_type=2 2 2 2 2 2 2 2 2 2 2 2 2 2 2 2 2 2 2 2 2 2 2 2 2 2 2 2 2 2
left_child=3 2 5 -1 11 14 -5 10 16 12 23 13 17 19 -2 -16 -8 18 28 -3 -21 -18 -10 -4 -13 -26 -6 -28 -7 -11
right_child=1 4 7 6 26 9 8 -9 22 29 -12 24 -14 -15 15 -17 21 -19 -20 20 -22 -23 -24 -25 25 -27 27 -29 -30 -31
leaf_value=-0.050950537614397023 -0.047842214433319048 0.021761492873201026 -0.013530152546674924 -0.051168451919872307 0.03918191388220027 0.01283004931051787 -0.03512124541018171 0.046641526582891724 0.019393554926631307 0.0099659672479884536 0.029114508656388718 0.028729433171510582 0.041059689331583001 0.0056618294504601485 0.0059432169892680436 -0.029806794924132071 0.022448362310454766 0.0043339919328141989 -0.024056602531883249 -0.079684442659871152 0.0095056728204534688 -0.045034267379408729 -0.010795517403966783 0.042229604834868102 0.04582285102682062 -0.022405925839212165 -0.04163424711475925 0.026551603515637803 -0.0092307569119095736 0.030993525529507966
leaf_weight=837.54886152464314 39.250855361038703 600.31941053527407 40.745872387953568 77.326041644853831 446.17475896095857 85.142435476678656 104.32995547421888 84.301721312105656 35.242588792774768 144.53774127099314 89.222758261457784 460.05563907930627 17.899738346226513 180.78536031045951 38.963777854281943 72.711832833490917 15.227486143558055 238.39255432691425 123.77154105473892 4.7677037371322504 86.768335733562708 7.0174991883686735 74.076434695467469 8.1838081942405534 10.258533708751203 19.212010055081919 5.8607065952383008 16.724164539715275 73.875307987153064 56.845782483986113
leaf_count=836838 19836 3361 4554 64370 1122 3513 55198 295 5354 3584 1277 1520 67 1397 3068 13947 1900 8795 11557 84 456 6937 19228 42 19 181 68 93 4642 747
internal_value=0 0.0171099 0.00441151 -0.0437836 0.024835 -0.00158201 -0.0246193 0.0284281 -0.0159165 0.00324579 0.017314 0.0204006 -0.001482 0.0166532 -0.0252678 -0.0173336 -0.028745 -0.00294307 -0.00907766 0.0195254 0.00486016 0.00116 -0.00106308 -0.00420397 0.0270808 0.00134414 0.0377209 0.00885758 0.0025812 0.0159015
internal_weight=0 2944.77 1113.85 1150.77 1830.93 891.392 313.22 222.454 235.894 740.465 138.152 1362.17 539.082 872.641 150.926 111.676 126.575 521.182 282.789 691.855 91.536 22.245 109.319 48.9297 489.526 29.4705 468.76 22.5849 159.018 201.384
internal_count=1074050 84225 75924 989825 8301 69756 152987 6168 88617 32905 5873 7018 28574 5298 36851 17015 64035 28507 19712 3901 540 8837 24582 4596 1720 200 1283 161 8155 4331
is_linear=0
shrinkage=0.05


Tree=40
num_leaves=31
num_cat=0
split_feature=0 0 0 40 0 101 82 82 93 93 100 93 91 101 82 62 68 69 99 79 68 65 90 68 76 40 101 79 96 82
split_gain=1161.1 116.274 57.2926 54.4834 32.2018 29.9838 25.685 19.0293 18.4078 14.9218 13.9319 11.7297 11.5305 10.5888 9.96688 9.33702 9.15272 8.39774 8.26893 8.30016 7.96853 7.76473 7.64679 7.87878 9.71706 7.5892 7.58676 10.4056 7.46009 11.3296
threshold=0.10563387865889716 0.60678019017954943 0.0088049481694041625 5.5000000000000009 0.94875966535953815 0.026070000000000003 0.55406350000000015 0.56368550000000017 1.5939485000000002 0.69437950000000015 1.0000000180025095e-35 0.76547350000000003 0.58333333333350013 0.060070000000000005 0.56680450000000004 99.500000000000014 41.500000000000007 1.5000000000000002 0.088660000000000017 43.500000000000007 45.500000000000007 32.500000000000007 76.500000000000014 43.500000000000007 600.50000000000011 856.00000000000011 0.027459500000000005 3.5000000000000004 0.038825500000000006 0.61064700000000005
decision_type=2 2 2 2 2 2 2 2 2 2 2 2 2 2 2 2 2 2 2 2 2 2 2 2 2 2 2 2 2 2
left_child=2 5 -1 4 8 7 -4 -2 14 25 11 13 21 17 18 26 -11 -5 19 -3 -13 -7 -6 24 -24 -8 -10 -28 -9 -30
right_child=1 3 6 10 22 12 9 28 15 16 -12 20 -14 -15 -16 -17 -18 -19 -20 -21 -22 -23 23 -25 -26 -27 27 -29 29 -31
leaf_value=-0.050799781003860102 -0.031882198437573096 -0.014401083684946053 -0.050859665484789846 -0.027128058547029821 0.019985098856187267 -0.031561503987318565 -0.033152997018276252 0.012774636101300927 0.01540307945104811 0.019685913158539133 0.0030037625048373751 0.022011381963442791 0.050564008774362949 0.043863864075839198 0.0052031423721262422 -0.051442897943215431 -0.012412555183427451 0.021321388405091582 -0.041885783405992284 0.039384802000604735 0.04139290884593274 0.01507474596790007 0.029170290898147634 0.035395050588007626 -0.026244695474826298 0.047071462553257636 0.042267148265078644 -0.03766902080587612 -0.016205430705476954 0.005407614690250747
leaf_weight=803.26768188684946 88.253608252547565 36.477415953879245 71.831833249802003 9.481187910656443 730.87156875804067 10.016683101333909 96.595191590691684 46.913522117247339 227.58558546419954 29.461152021031012 37.603430538903922 61.155221657652874 21.634406376047991 55.005630992352962 387.70593220548471 4.7207219879492177 90.21556483193126 157.81219747802243 20.81044841351104 8.9284922571387124 399.27969298575772 81.910082803457044 21.828007130883634 168.67794136330485 12.407451442442833 3.0407660955534075 51.538060197606683 4.4203780181705943 177.64909466712561 92.055043626518454
leaf_count=836838 35568 1381 62427 323 2841 1394 55239 2377 2185 4649 617 349 60 127 7240 639 25770 1205 2445 248 1052 3010 57 434 46 443 221 62 19867 4936
internal_value=0 0.016488 -0.0439124 0.021133 0.0161903 -0.00498222 -0.0249102 -0.0113505 0.00841632 -0.0164109 0.032633 0.0342649 0.0177222 0.0248329 0.00214125 0.0182975 -0.00451079 0.0185756 -0.0157866 -0.00382478 0.0388186 0.00999309 0.0223692 0.0309564 0.00908706 -0.0307046 0.0194586 0.0359527 -0.00562754 -0.0088285
internal_weight=0 2914.74 1094.41 2396.31 1675.97 518.432 291.145 404.871 742.187 219.313 720.337 682.734 113.561 222.299 453.922 288.265 119.677 167.293 66.2164 45.4059 460.435 91.9268 933.785 202.913 34.2355 99.636 283.544 55.9584 316.618 269.704
internal_count=1074050 88684 985366 21472 17799 67212 148528 62748 14421 86101 3673 3056 4464 1655 11314 3107 30419 1528 4074 1629 1401 4404 3378 537 103 55682 2468 283 27180 24803
is_linear=0
shrinkage=0.05


Tree=41
num_leaves=31
num_cat=0
split_feature=0 0 40 0 40 82 0 82 58 48 83 101 93 54 74 98 68 68 64 68 54 83 76 82 55 68 90 87 3 98
split_gain=1095.1 129.493 46.5777 40.2398 39.555 25.4068 21.3648 21.0692 20.4653 14.7301 13.6103 13.4198 12.5827 12.2122 10.1796 9.92031 10.1472 9.56538 9.09277 8.70473 8.06415 7.68583 10.7656 7.65015 7.98701 9.76519 7.7511 8.93791 9.08476 7.70519
threshold=0.072661120000328969 0.68981449621504665 1.0000000180025095e-35 0.0088049481694041625 40.500000000000007 0.56680450000000004 0.94875966535953815 0.58688250000000008 7.5000000000000009 86.500000000000014 21.000000000000004 0.060070000000000005 1.9972560000000004 0.029691500000000003 9.5000000000000018 4.2916666666650007 106.50000000000001 95.500000000000014 1.0000000180025095e-35 123.50000000000001 0.035545500000000001 128.50000000000003 652.50000000000011 0.5557795000000002 1.0000000180025095e-35 115.50000000000001 17.500000000000004 429.50000000000006 9983.0000000000018 6.5500000000000007
decision_type=2 2 2 2 2 2 2 2 2 2 2 2 2 2 2 2 2 2 2 2 2 2 2 2 2 2 2 2 2 2
left_child=3 4 6 -1 5 -2 15 13 11 18 -7 12 14 -5 -4 16 17 -3 -6 -12 -15 22 -9 29 25 26 -25 -28 -29 -8
right_child=1 2 8 7 9 10 23 21 -10 -11 19 -13 -14 20 -16 -17 -18 -19 -20 -21 -22 -23 -24 24 -26 -27 27 28 -30 -31
leaf_value=-0.050672216160240549 -0.029388472482506235 0.0091170420814447716 0.025056498042228526 -0.044658082742361639 0.017627069409298979 -0.013292794216622298 0.007173329699434035 -0.033614442068204374 -0.00078833929105058857 -0.039282113921895595 0.0002810327085381218 0.042765211659214403 0.036744922119046897 0.039661294374856632 -0.0053783639645294014 -0.0013203151345343648 0.025681045279994243 -0.034385623909950716 0.048511481907654697 0.025946949074547782 -0.036036750354257303 0.0057539661141184908 0.028768222197796418 0.0048198508460350828 0.050025496355361514 0.028473200425472186 0.02205765613619224 -0.062237391199056205 0.0078638730528986702 -0.060375290230819424
leaf_weight=769.79616324540257 117.42658664861665 157.31105575733818 467.49952647369355 120.71150444844534 61.898029542309814 198.71399055549409 21.2088743634522 39.709950313023 53.681724938738625 8.4314745494193613 229.99540752902976 191.72407729970291 265.91237903712317 7.5640549900999741 29.189880607416853 217.55491090932628 99.861875522416085 13.73966944334097 38.7520659538568 38.576539129324374 6.5778031298541464 46.539679222776613 8.3744169498677348 117.64818899007514 23.087371584028006 232.12467357702553 311.94835138134658 6.0427857451140907 19.652531828731298 5.2709345966577521
leaf_count=836838 44707 2085 2154 97790 2931 21968 104 18035 2008 4137 13894 426 778 907 423 5074 788 433 199 1115 2992 11138 490 673 53 768 992 28 74 48
internal_value=0 0.0154278 0.0212891 -0.045194 -0.00344061 -0.00859717 0.0147404 -0.0268171 0.0292504 0.0242002 -0.00337242 0.0309401 0.0279672 -0.039508 0.0232679 0.00663111 0.0130165 0.00562269 0.0295181 0.00396758 0.00445186 -0.00873058 -0.0227498 0.0201152 0.0210986 0.0201271 0.0158719 0.0197229 -0.00862189 -0.00627255
internal_weight=0 2927.25 2233.46 999.274 693.794 584.713 1225.45 229.477 1008.01 109.082 467.286 954.326 762.602 134.853 496.689 488.468 270.913 171.051 100.65 268.572 14.1419 94.624 48.0844 736.984 710.504 687.417 455.292 337.644 25.6953 26.4798
internal_count=1074050 105860 16909 968190 88951 81684 11120 131352 5789 7267 36977 3781 3355 101689 2577 8380 3306 2518 3130 15009 3899 29663 18525 2740 2588 2535 1767 1094 102 152
is_linear=0
shrinkage=0.05


Tree=42
num_leaves=31
num_cat=0
split_feature=0 0 40 0 0 98 82 101 93 82 40 76 2 82 101 72 89 76 0 72 85 90 2 68 101 40 100 83 0 90
split_gain=1036.71 125.4 56.7283 44.0541 39.8643 20.728 20.3441 20.0598 17.7085 15.1172 15.0771 14.3355 12.7475 11.7731 9.99644 10.3167 9.7182 9.57719 9.62406 10.6599 8.60963 9.40162 8.34587 8.01958 7.81855 7.79507 7.50303 9.70255 7.29068 7.21079
threshold=0.072661120000328969 0.48090646582193369 31.500000000000004 0.86620967868038068 0.0088049481694041625 4.7750000000000012 0.56713550000000013 0.033014000000000009 1.6360310000000002 0.5677525000000001 821.00000000000011 572.50000000000011 215462.50000000003 0.58688250000000008 0.054772500000000009 24.100000000000005 1.5000000000000002 682.50000000000011 0.94875966535953815 380.12500000000006 0.091866000000000017 15.500000000000002 1455534.0000000002 71.500000000000014 0.047550500000000002 2.5000000000000004 1.5000000000000002 142.00000000000003 0.94875966535953815 95.500000000000014
decision_type=2 2 2 2 2 2 2 2 2 2 2 2 2 2 2 2 2 2 2 2 2 2 2 2 2 2 2 2 2 2
left_child=4 6 3 7 -1 22 -2 9 14 16 20 12 24 -7 17 -16 -3 18 -5 -20 21 -8 -6 26 -4 29 -10 -28 -13 -25
right_child=1 2 11 8 5 13 10 -9 23 -11 -12 28 -14 -15 15 -17 -18 -19 19 -21 -22 -23 -24 25 -26 -27 27 -29 -30 -31
leaf_value=-0.050544553049468345 -0.02998281523774084 -0.048211373043446769 0.017632207323323362 0.0058514522192706789 -0.0010291173447280041 -0.04894218777268413 -0.018908350730101088 0.023923739933500877 0.02110429667760147 0.0032252727258505914 0.041461890765320399 0.034354814455769822 -0.022804013205082817 -0.018083202780191706 0.040685914831859404 -0.031882121773704725 -0.0094871802889547677 -0.035528906292184491 0.019069736095377474 -0.035327724119627167 0.042038292621222328 -0.00098313926978207326 -0.046567601217169158 0.020729273156766266 0.056254201296635047 0.041440129658027042 -0.031175211867069275 0.064735981786307115 0.049052545324448527 0.036246500292039303
leaf_weight=738.39100315501855 97.086349530902226 23.220484400197165 58.150088313792367 221.41176996356808 74.347523683674808 91.102515465521719 118.67247506861167 98.476490025117528 154.34862474352121 362.51575863762992 17.301815689861542 223.35678710829234 16.013312693918124 46.777861568247317 58.565431746654212 5.3446071427315465 53.600857941550203 9.6192146409302932 547.68335305526853 9.1566709491889906 8.8935591871268098 190.69426863419358 11.635981807208735 206.9865164514631 16.915633916854858 116.09416620619595 14.2626711265184 3.2349318712949744 135.59552584774792 117.29307605698705
leaf_count=836838 44306 5009 948 2764 20866 85955 18244 1176 609 9459 233 839 396 19162 230 38 4185 38 2261 95 31 13171 5369 781 30 272 120 7 247 371
internal_value=0 0.0149921 0.0193714 0.0157654 -0.044941 -0.0264581 -0.00982568 0.00352748 0.0202611 -0.0010443 -0.00399373 0.0354118 0.0176959 -0.0384728 0.015599 0.0346173 -0.0211922 0.0140563 0.0146691 0.0181752 -0.00646486 -0.00785922 -0.00719175 0.0267474 0.0263355 0.0303222 0.0175866 -0.0134433 0.0399069 0.0263419
internal_weight=0 2884.49 2451.85 2001.81 962.255 223.864 432.648 537.814 1464 439.337 335.562 450.031 91.079 137.88 851.781 63.91 76.8213 787.871 778.252 556.84 318.26 309.367 85.9835 612.22 75.0657 440.374 171.846 17.4976 358.952 324.28
internal_count=1074050 105860 29875 27415 968190 131352 75985 19829 7586 18653 31679 2460 1374 105117 5426 268 9194 5158 5120 2356 31446 31415 26235 2160 978 1424 736 127 1086 1152
is_linear=0
shrinkage=0.05


Tree=43
num_leaves=31
num_cat=0
split_feature=0 0 85 0 40 82 93 98 0 40 82 82 98 0 98 40 2 2 79 68 68 93 90 40 2 3 101 76 68 93
split_gain=978.351 120.483 50.2834 40.9549 38.7264 32.4817 21.0342 20.8554 18.1982 16.5239 13.0174 11.2932 9.94496 9.91368 9.90788 9.37657 8.68966 8.61525 8.10615 8.08848 14.2735 8.23606 8.03987 7.72914 7.33714 7.21088 7.13772 7.12073 7.09574 9.2788
threshold=0.072661120000328969 0.7740980979447657 0.019188000000000004 0.0088049481694041625 5.5000000000000009 0.5425715000000001 0.65046950000000014 4.7750000000000012 0.94875966535953815 2.5000000000000004 0.57019550000000019 0.58688250000000008 23.083333333350001 0.94875966535953815 5.3666666666650009 542.50000000000011 593143.50000000012 1567682.0000000002 156.50000000000003 104.50000000000001 99.500000000000014 2.9815760000000004 75.500000000000014 1.0000000180025095e-35 1455534.0000000002 409014.00000000006 0.061159000000000005 614.50000000000011 41.500000000000007 0.87225400000000008
decision_type=2 2 2 2 2 2 2 2 2 2 2 2 2 2 2 2 2 2 2 2 2 2 2 2 2 2 2 2 2 2
left_child=3 2 5 -1 8 -2 18 24 10 19 17 -9 -12 14 -6 -16 -4 -3 23 20 -8 25 26 -7 28 -21 -10 -20 29 -5
right_child=1 4 16 7 13 6 9 11 22 -11 12 -13 -14 -15 15 -17 -18 -19 27 21 -22 -23 -24 -25 -26 -27 -28 -29 -30 -31
leaf_value=-0.050429510199906241 -0.045351809819755506 -0.0046494469394114607 0.042947282805593401 -0.029300252455640875 0.030736866175492962 -0.017991772475400569 -0.003108252280636362 -0.048634917907937475 0.017469191786352891 0.020337179738674785 0.014412605540360139 -0.018043126136462903 -0.020341405994960562 0.03885370957747955 -0.0058973576002097142 0.034379341122155377 0.010786196895394076 -0.067272896932889029 -0.049345507746381773 0.011137129887609778 -0.044013184535228657 0.028174145997176294 0.030290520212501167 0.0007613988671020702 -0.044751397425390929 -0.018819305370890327 0.03853260163606112 0.015414573596057871 -0.010613356564743494 0.044083246684110927
leaf_weight=708.13338247477805 48.074757091337233 70.056869244610425 65.947867503826274 5.9895456612430307 215.55358850164339 144.90061447850894 180.37677460355917 87.415175615133194 652.56676945043728 112.70199713089096 437.78556209430099 46.065785624516138 21.599765532882884 287.77186271268874 41.132059476338327 22.27625202271156 30.81784136488568 5.9592070380458599 25.115712083825205 53.186827425641241 24.186092383461073 36.578986865322804 193.49000628245994 88.503298760770122 10.940621329005806 32.280983728182036 42.861731953918934 5.108019435661844 53.690156355580257 15.339696401890249
leaf_count=836838 30080 1967 244 2742 702 20951 11272 85955 2699 3624 4228 19162 554 697 646 93 455 341 9456 2824 2834 898 546 7677 5369 2532 133 407 16984 1140
internal_value=0 0.0145666 -0.0012191 -0.0445809 0.0212881 -0.00559007 -0.00287072 -0.0257077 0.0168894 0.0038294 0.00960708 -0.0380773 0.0127785 0.0323427 0.0256261 0.00825243 0.0327047 -0.00955875 -0.0140359 -0.00186687 -0.00794457 0.00831996 0.0212756 -0.0108808 -0.00649968 -0.000177343 0.0187674 -0.0384006 -0.000921153 0.0234761
internal_weight=0 2838.83 847.78 927.574 1991.05 751.014 702.939 219.441 1424.32 439.312 535.401 133.481 459.385 566.734 278.962 63.4083 96.7657 76.0161 263.628 326.61 204.563 122.047 888.919 233.404 85.96 85.4678 695.429 30.2237 75.0194 21.3292
internal_count=1074050 105860 93254 968190 12606 92555 62475 131352 10468 23984 7090 105117 4782 2138 1441 739 699 2308 38491 20360 14106 6254 3378 28628 26235 5356 2832 9863 20866 3882
is_linear=0
shrinkage=0.05


Tree=44
num_leaves=31
num_cat=0
split_feature=0 0 40 0 0 82 82 82 93 95 93 40 40 98 3 58 68 36 74 85 96 82 98 98 3 96 82 62 3 93
split_gain=919.627 113.402 50.4293 41.1699 35.4197 23.5231 20.5176 18.43 16.739 15.9559 15.5394 13.0855 12.312 14.042 11.0672 9.19761 8.86589 8.45374 9.37383 8.34689 8.6162 13.5787 8.20516 7.79771 10.5102 11.5148 8.49332 7.65072 7.60799 7.1219
threshold=0.072661120000328969 0.48090646582193369 2.5000000000000004 0.0088049481694041625 0.94875966535953815 0.57077500000000014 0.55406350000000015 0.56713550000000013 1.5939485000000002 0.029658500000000004 0.85877850000000011 821.00000000000011 402.50000000000006 6.2916666666650007 999826.50000000012 5.5000000000000009 41.500000000000007 3677.5000000000005 7.5000000000000009 0.092661500000000022 0.04683650000000001 0.5977245000000001 85.166666666650016 2.0833333333350006 146963.00000000003 0.12035550000000002 0.5414135000000001 1.5000000000000002 4095.0000000000005 0.44125000000000009
decision_type=2 2 2 2 2 2 2 2 2 2 2 2 2 2 2 2 2 2 2 2 2 2 2 2 2 2 2 2 2 2
left_child=3 7 4 -1 8 9 -5 -2 17 14 -8 19 13 -7 15 27 -12 18 -3 20 -9 -22 -10 -6 25 26 -25 29 -17 -4
right_child=1 2 5 6 23 12 10 11 22 -11 16 -13 -14 -15 -16 28 -18 -19 -20 -21 21 -23 -24 24 -26 -27 -28 -29 -30 -31
leaf_value=-0.050297623748065373 -0.029422765649643447 0.0042324045234888672 -0.057890777795712105 -0.052307655624958663 0.033886992676987165 0.031755942703626631 -0.031354265122128515 0.0057706697580070347 0.01624380530543414 -0.042085127342663245 0.027063608316141054 0.038928311131959138 0.043708963136536369 0.0092517628163472261 -0.02043040848029588 -0.068915940542250198 -0.010665894010570116 -0.048604247670949299 -0.012541508074058303 0.043477854958090888 -0.028558563839959274 -0.0030932450851705717 -0.041015441737206254 -0.04958021781724796 0.011287842479710365 -0.039017640875998023 0.02509444547706487 0.039290006579065229 0.0090385260017755396 0.016804641625666451
leaf_weight=676.47953914386744 93.419834593485575 335.72803773084888 3.6374701862223473 52.504281924040697 90.73334214836359 439.38245812430978 83.423254279783578 83.490499059116701 260.42587076948257 13.748703797478809 21.431551325731562 16.656971313408576 169.72645581420511 82.301345395331737 18.658884819917148 4.5115877744101445 56.934087532536068 9.1019802814844279 110.76929503850988 8.1169625032925961 86.243094582634512 133.1949641892279 6.4105706672416991 3.8422924275510004 307.71572689851746 7.2740604430437079 423.83541774912737 53.641895437962376 10.21980285012978 26.007864036248066
leaf_count=836838 44306 9332 126 54889 283 1542 55293 6351 3182 1369 3061 233 424 959 508 635 18109 2410 4030 29 14405 10661 838 28 1210 37 1654 206 782 320
internal_value=0 0.0140827 0.0183184 -0.0442477 0.0130261 0.0283374 -0.0251491 -0.00983211 0.00492321 0.00886091 -0.0163356 -0.0042473 0.0320114 0.0282057 0.0148641 0.0215828 -0.000347574 -0.000901389 7.10483e-05 -0.00655942 -0.00790017 -0.0131016 0.0148682 0.02005 0.0183596 0.0233626 0.0244236 0.0280243 -0.0148356 0.00763954
internal_weight=0 2798.8 2377.67 890.773 1555.84 821.836 214.293 421.122 722.436 130.426 161.789 327.702 691.41 521.684 116.678 98.0186 78.3656 455.599 446.497 311.046 302.929 219.438 266.836 833.401 742.667 434.952 427.678 83.2872 14.7314 29.6453
internal_count=1074050 105860 29875 968190 23004 6871 131352 75985 19792 3946 76463 31679 2925 2501 2577 2069 21170 15772 13362 31446 31417 25066 4020 3212 2929 1719 1682 652 1417 446
is_linear=0
shrinkage=0.05


Tree=45
num_leaves=31
num_cat=0
split_feature=0 0 66 0 98 40 82 40 82 93 3 101 74 68 68 93 82 96 82 40 40 82 89 98 76 68 83 60 2 42
split_gain=867.541 112.511 52.7662 40.1927 39.7854 32.7604 19.7602 18.4507 16.6398 14.2722 12.4523 12.0906 11.7995 11.3821 14.5368 11.0379 10.8189 9.70859 11.8868 10.0384 9.57439 9.47079 12.2285 9.45973 8.09376 8.02426 7.71129 7.5819 7.35513 6.85123
threshold=0.072661120000328969 0.86620967868038068 0.062324500000000012 0.0088049481694041625 9.1000000000000014 2.5000000000000004 0.55406350000000015 1.0000000180025095e-35 0.55341550000000017 0.85877850000000011 43454.500000000007 0.020438000000000001 8.5000000000000018 104.50000000000001 99.500000000000014 0.92613850000000009 0.57387650000000012 0.046660000000000007 0.60213600000000012 1.0000000180025095e-35 7753.0000000000009 0.58730450000000012 1.5000000000000002 14.900000000000002 572.50000000000011 41.500000000000007 138.00000000000003 6.5000000000000009 42084.000000000007 7.5000000000000009
decision_type=2 2 2 2 2 2 2 2 2 2 2 2 2 2 2 2 2 2 2 2 2 2 2 2 2 2 2 2 2 2
left_child=3 2 4 -1 7 10 -5 13 -6 -8 23 24 21 14 16 20 -2 -10 -19 -20 29 22 -9 -3 28 -11 -15 -26 -12 -7
right_child=1 5 -4 6 8 15 9 12 17 25 11 -13 -14 26 -16 -17 -18 18 19 -21 -22 -23 -24 -25 27 -27 -28 -29 -30 -31
leaf_value=-0.050154732213338049 -0.028371980937136922 0.025271486225268848 0.039432019838516505 -0.05223528328012525 -0.040103809025916717 0.023178499207863079 -0.030912738113560902 -0.020113586814289812 0.0040210950239398515 0.025276309116944569 0.011337788827090885 0.027553834255486406 -0.025018618435752617 0.0040903964893820553 -0.042378383116542559 0.037593445423225354 1.3232188292148985e-06 -0.030838247803520454 -0.018412172563827583 0.020036758027183077 0.055183564397908905 0.025123565286170185 0.015842786412452261 -0.0019856398646374996 0.0080109393333820927 -0.010797138168710946 0.034656937269213192 0.02230093250233273 -0.025844542479458905 -0.0038162770072313851
leaf_weight=646.71423375549784 39.369593890529359 434.56664756825194 83.460303834523074 50.229202735587023 63.778795465936128 145.95881257392466 80.9726087151721 32.121088214975316 71.692531925713411 21.262258669332368 24.456477805506438 112.63316946197301 18.058724254995468 112.30544206895865 27.419695891323499 335.62323975446634 229.1495770746842 84.850908511521993 42.60748128243722 28.219532621325925 20.217973735183477 150.1004372179159 89.621681425400311 34.347543561831117 373.13185190176591 56.065452716669824 25.277793132641818 123.5604158975184 29.156139038037509 28.015903760679066
leaf_count=836838 5948 1986 283 54889 34974 737 55293 2406 6465 3061 214 484 1402 5952 3379 891 11651 15301 4067 831 42 2045 2422 425 2205 18109 433 700 452 165
internal_value=0 0.0136357 0.00121633 -0.0439998 -0.00192735 0.0218425 -0.0249113 0.00435398 -0.0175347 -0.0162413 0.0170392 0.0126285 0.0141187 -0.00217582 -0.00769988 0.0321038 -0.0041587 -0.0112039 -0.0182153 -0.00309301 0.0226161 0.0167186 0.00635592 0.0232749 0.00957361 -0.000878275 0.0097063 0.0115658 -0.00888307 0.0188314
internal_weight=0 2759.7 1098.03 855.244 1014.57 1661.67 208.53 723.424 291.149 158.3 1131.85 662.938 289.902 433.522 295.939 529.816 268.519 227.37 155.678 70.827 194.193 271.843 121.743 468.914 550.305 77.3277 137.583 496.692 53.6126 173.975
internal_count=1074050 105860 97559 968190 97276 8301 131352 35638 61638 76463 6466 4055 8275 27363 20978 1835 17599 26664 20199 4898 944 6873 4828 2411 3571 21170 6385 2905 666 902
is_linear=0
shrinkage=0.05


Tree=46
num_leaves=31
num_cat=0
split_feature=0 0 91 0 40 82 93 93 82 40 98 2 93 74 36 66 40 68 95 100 40 0 69 68 76 42 68 83 74 2
split_gain=821.292 107.296 45.8489 39.7166 35.6887 29.7847 21.6195 20.9513 19.2672 16.8503 14.3442 14.3339 13.4128 11.0658 10.5494 9.5428 8.87792 8.76852 9.00082 8.8092 7.90085 7.78012 7.53991 12.4176 7.48818 8.01093 7.44028 7.33278 6.91234 6.83029
threshold=0.072661120000328969 0.7740980979447657 0.58333333333350013 0.0088049481694041625 50.500000000000007 0.5425715000000001 0.75316150000000015 0.65046950000000014 0.55406350000000015 2.5000000000000004 2.0833333333350006 2826.5000000000005 0.85877850000000011 10.500000000000002 18470.500000000004 0.059568000000000003 1070.5000000000002 44.500000000000007 0.013504500000000001 1.0000000180025095e-35 1.0000000180025095e-35 0.94875966535953815 1.0000000180025095e-35 119.50000000000001 570.50000000000011 2.5000000000000004 41.500000000000007 142.00000000000003 3.5000000000000004 1597724.0000000002
decision_type=2 2 2 2 2 2 2 2 2 2 2 2 2 2 2 2 2 2 2 2 2 2 2 2 2 2 2 2 2 2
left_child=3 2 5 -1 6 -2 10 16 -5 22 -3 13 -10 -8 15 20 -7 18 19 -12 -13 -19 23 -9 -6 -26 -14 -24 -23 -20
right_child=1 4 -4 8 24 7 11 9 12 -11 17 14 26 -15 -16 -17 -18 21 29 -21 -22 28 27 -25 25 -27 -28 -29 -30 -31
leaf_value=-0.050001803226680221 -0.044413680749473133 0.028102611911641342 0.045166599853001518 -0.052192816909925423 0.01858043054096439 -0.015702543400166882 0.031210568319370181 -0.028865628202143386 -0.030490521903183378 0.018731627922631645 0.030183418018398356 0.012774468854321428 0.023951355323326977 -0.0021430335995117097 -0.047249392550263142 0.043727878209047159 0.026045809196823706 -0.013814747544809367 0.011363827973765735 -0.050878383317928891 0.023839136453730633 0.024799887541243987 -0.0014428177129833339 0.018632365743666116 0.047208535236799895 0.027971125786158704 -0.010802273048561808 0.024127774347792993 -0.0017812994701448305 -0.017116607898117503
leaf_weight=620.29164635388588 44.91282031058654 72.711714586708695 48.613796825695317 48.277660014820867 49.486465438269079 252.50507459346409 337.97206738893874 52.988091910752701 79.210197299187712 136.95927695077262 66.67740154301282 526.08439269836526 21.301103392121149 26.842939549358562 6.3790099800098679 32.765207767486572 13.410533679008948 91.910853865905665 69.506872273632325 3.5289161235559723 232.70285164949019 33.456729057244956 214.26401539890503 18.587083199759945 144.65311848954298 86.46363112423569 55.593022225832101 32.257690457743593 90.929642128525302 30.197639676742256
leaf_count=836838 30110 402 127 54889 303 38180 1309 5445 55293 3809 425 3311 3061 245 360 89 611 2381 917 89 988 188 13421 704 330 253 18109 847 573 443
internal_value=0 0.0132661 -0.00191933 -0.0437033 0.0197681 -0.00490806 0.0169193 -0.00244706 -0.0245875 0.00406855 0.0077299 0.0205462 -0.0160502 0.0287564 0.0167925 0.0173086 -0.0135971 0.00389431 0.0123947 0.0261089 0.0161678 -0.00278309 -0.00224476 -0.0165311 0.036232 0.0400116 -0.00117487 0.00190313 0.00536835 0.00273792
internal_weight=0 2716.77 814.498 824.674 1902.27 765.885 1621.67 720.972 204.382 455.056 458.92 1162.75 156.104 364.815 797.931 791.552 265.916 386.208 169.911 70.2063 758.787 216.297 318.097 71.5752 280.603 231.117 76.8941 246.522 124.386 99.7045
internal_count=1074050 105860 93254 968190 12606 93127 11720 63017 131352 24226 5418 6302 76463 1554 4748 4388 38791 5016 1874 514 4299 3142 20417 6149 886 583 21170 14268 761 1360
is_linear=0
shrinkage=0.05


Tree=47
num_leaves=31
num_cat=0
split_feature=0 0 91 0 40 98 82 40 82 93 74 0 0 98 68 69 68 74 87 76 96 3 2 96 90 102 2 82 98 68
split_gain=774.243 103.71 42.1935 41.8412 33.0651 28.2628 19.6315 15.9235 14.6512 14.2652 14.2569 13.9648 11.8248 10.7018 8.9894 9.12832 8.96075 8.85461 8.1194 8.02512 9.11872 7.75004 8.7468 7.09997 6.93648 7.12683 7.03312 7.17811 6.71566 8.18558
threshold=0.072661120000328969 0.7740980979447657 0.58333333333350013 0.0088049481694041625 1.0000000180025095e-35 9.1000000000000014 0.55406350000000015 1.0000000180025095e-35 0.55341550000000017 0.85877850000000011 8.5000000000000018 0.94875966535953815 0.94875966535953815 5.3666666666650009 104.50000000000001 1.0000000180025095e-35 41.500000000000007 9.5000000000000018 1341.5000000000002 641.50000000000011 0.046660000000000007 647.50000000000011 613349.50000000012 0.08256200000000001 17.500000000000004 3.5000000000000004 64.000000000000014 0.57572950000000012 4.2916666666650007 106.50000000000001
decision_type=2 2 2 2 2 2 2 2 2 2 2 2 2 2 2 2 2 2 2 2 2 2 2 2 2 2 2 2 2 2
left_child=3 2 5 -1 11 7 -5 14 -7 -8 12 28 13 -6 15 -2 -11 21 -14 20 -10 -9 -23 -17 25 -13 -27 -28 29 -3
right_child=1 4 -4 6 10 8 9 17 19 16 -12 24 18 -15 -16 23 -18 -19 -20 -21 -22 22 -24 -25 -26 26 27 -29 -30 -31
leaf_value=-0.049942139852030339 -0.028105936415301389 0.004319358024700291 0.043524607511405133 -0.052171918889785777 0.027038900901749013 -0.042496460430531298 -0.030277976008534203 -0.046622606509401768 0.00051727874930227889 0.026305807506353997 0.0045357615688056884 0.038431769127405632 0.03600372048027474 0.0066186260922255326 0.0068117268656369481 -0.010455315184415804 -0.010904925779362397 -0.043309116861572627 -0.008468420038220589 0.021828030818821575 -0.024132291182872734 0.021895230760406961 -0.0037652012172485726 0.015672030741113532 0.020623962873614819 0.044734833292084518 -0.031007801785764528 0.0059755943244283738 -0.001675792879731293 0.024477180822292579
leaf_weight=595.23905174780157 58.614122987928567 138.28123838920146 47.517348991415929 46.219953177562275 273.06349647045135 53.106059911115153 77.186581453155668 5.0596116735832757 56.526697091641836 22.932904771536414 65.678511875565164 17.879733182489872 382.64241660013795 83.867776302242419 100.93046110848081 124.15253524080617 54.934304828857421 6.8699219079426248 10.546187587548046 15.435070042905862 111.58030053193943 146.5406227709027 42.9407434486493 32.890376870054752 516.47375592729077 10.288831694051622 14.787943395785986 116.32765652984381 166.77281465570559 79.210248675663024
leaf_count=836838 6999 1777 127 54889 1145 34125 55293 814 6212 3061 708 68 1037 1323 5974 11389 18109 974 60 675 18781 4268 1634 1282 1815 30 162 665 3231 585
internal_value=0 0.0128723 -0.0021744 -0.0432783 0.0193067 -0.0050519 -0.023571 0.00148832 -0.0193678 -0.0150454 0.0268738 0.0134831 0.0288296 0.0222408 -0.00550397 -0.0112679 5.41186e-05 0.0124792 0.0348109 -0.0126757 -0.0158438 0.0144492 0.01608 -0.00498332 0.0178107 0.0086889 0.00492809 0.0018044 0.00587266 0.0116608
internal_weight=0 2677.98 802.164 796.513 1875.82 754.647 201.274 517.998 236.648 155.054 815.798 1060.02 750.12 356.931 316.587 215.657 77.8672 201.411 393.189 183.542 168.107 194.541 189.481 157.043 675.758 159.284 141.404 131.116 384.264 217.491
internal_count=1074050 105860 93254 968190 12606 93127 131352 33334 59793 76463 4273 8333 3565 2468 25644 19670 21170 7690 1097 25668 24993 6716 5902 12671 2740 925 857 827 5593 2362
is_linear=0
shrinkage=0.05


Tree=48
num_leaves=31
num_cat=0
split_feature=0 0 0 40 40 82 98 72 93 93 101 82 36 93 69 89 0 95 90 2 101 82 82 95 98 2 40 40 76 76
split_gain=731.758 85.5396 58.6822 43.5041 29.3128 27.8184 23.2787 18.1618 13.6266 11.9384 10.3553 9.77357 9.64952 9.59287 12.106 9.54168 9.53934 9.31 9.07487 9.00228 9.71701 8.85923 8.67151 9.36979 8.65985 8.32794 11.1002 7.92508 7.40096 7.30903
threshold=0.11665055024126079 0.86620967868038068 0.0088049481694041625 44.500000000000007 5.5000000000000009 0.56680450000000004 11.100000000000001 45.100000000000009 0.72513300000000014 4.1027810000000011 0.019517500000000004 0.58904350000000016 444.50000000000006 0.92613850000000009 1.5000000000000002 1.5000000000000002 0.94875966535953815 0.055541500000000008 5.5000000000000009 370.00000000000006 0.027459500000000005 0.59229250000000011 0.54061850000000011 0.0067470000000000004 2.4500000000000006 57059.000000000007 24.500000000000004 207.50000000000003 631.50000000000011 575.50000000000011
decision_type=2 2 2 2 2 2 2 2 2 2 2 2 2 2 2 2 2 2 2 2 2 2 2 2 2 2 2 2 2 2
left_child=2 3 -1 5 9 22 27 11 12 10 16 15 -7 14 -6 -5 -3 21 -19 -10 -21 24 -2 -24 25 -16 -27 29 -8 -4
right_child=1 4 6 7 13 8 28 -9 19 -11 -12 -13 -14 -15 17 -17 -18 18 -20 20 -22 -23 23 -25 -26 26 -28 -29 -30 -31
leaf_value=-0.049791400733339021 -0.046959636827284323 0.0040902760036871429 -0.029982413936486086 -0.0097859133328664152 -0.033357011953309777 0.00040075376599428363 -0.043400732910421985 -0.0048943179144592779 -0.042250146321796925 0.030893924796088879 0.026705197729781801 0.043203092778513336 -0.019660053366303158 0.037529842468923318 0.03036736696928783 0.03243095555494948 0.015678791231908639 0.034155898875172223 -0.054482695293407969 0.0029535638641104058 0.020821829793598184 0.043309015837321989 0.0036186788862638663 -0.028377850446415234 0.028254442266086057 0.02766449695587684 -0.068126162517325714 0.041876803019677111 -0.00043823661002437763 -0.0045353220735530842
leaf_weight=569.74933884478742 32.040825753399986 245.32460233126767 38.240886913394206 21.647979987144936 9.3138714523520303 131.35611524491105 96.828792864023853 42.717714221638744 9.432640483370049 124.81835205247626 149.42688605887815 83.651982547831722 110.26298609472724 263.07266887277365 8.1634782925248164 35.061646385642234 643.11901685409248 4.9913279796019179 6.8510603718459606 325.07766002463177 99.336986879672622 60.820038594305515 35.376805617357604 64.773740618809825 54.602084736106917 4.7051560059189788 8.46583737246692 7.3875831414625273 11.181781761828459 107.65893368141406
leaf_count=836838 20006 2936 25861 1011 134 8373 96617 4156 508 485 669 336 11009 695 25 269 2769 37 35 11456 1645 154 3081 14074 304 19 39 512 1809 28188
internal_value=0 0.0131686 -0.0407936 0.00164553 0.0203774 -0.00334287 -0.0211743 0.023652 0.000762215 0.0162841 0.0145271 0.0323398 -0.008754 0.0316822 0.0219404 0.0163154 0.0124789 0.0254063 -0.0171233 0.00606201 0.00713575 0.0290891 -0.0243189 -0.0170755 0.0177 -0.00931244 -0.0339063 -0.00864685 -0.038953 -0.0112051
internal_weight=0 2574.41 831.047 990.737 1583.67 807.658 261.298 183.079 675.466 1162.69 1037.87 140.362 241.619 420.986 157.913 56.7096 888.444 148.599 11.8424 433.847 424.415 136.757 132.191 100.151 75.9366 21.3345 13.171 153.287 108.011 145.9
internal_count=1074050 84225 989825 75924 8301 70152 152987 5772 32991 6859 6374 1616 19382 1442 747 1280 5705 613 72 13609 13101 541 37161 17155 387 83 58 54561 98426 54049
is_linear=0
shrinkage=0.05


Tree=49
num_leaves=31
num_cat=0
split_feature=0 0 40 0 0 82 101 50 93 93 72 82 82 2 44 2 72 42 36 96 82 89 68 89 76 68 36 55 40 36
split_gain=691.904 95.1093 45.608 39.9291 33.7491 18.2818 18.1507 17.0375 15.9943 12.3798 11.8994 11.5824 11.5422 10.9547 9.59908 9.82867 8.75657 8.6766 10.8378 8.05292 11.5071 7.81563 7.8084 7.06903 9.24238 9.03595 10.2171 8.75998 6.82149 6.75579
threshold=0.072661120000328969 0.48090646582193369 31.500000000000004 0.0088049481694041625 0.86620967868038068 0.55406350000000015 0.033014000000000009 1.0000000180025095e-35 1.3482345000000002 0.85877850000000011 57.100000000000009 0.53855800000000009 0.5683895000000001 1954.5000000000002 1.0000000180025095e-35 149609.00000000003 447.16666666650002 5.5000000000000009 5681.5000000000009 0.04683650000000001 0.59831000000000012 1.5000000000000002 41.500000000000007 1.5000000000000002 607.50000000000011 100.50000000000001 104.50000000000001 1.0000000180025095e-35 1.0000000180025095e-35 586.50000000000011
decision_type=2 2 2 2 2 2 2 2 2 2 2 2 2 2 2 2 2 2 2 2 2 2 2 2 2 2 2 2 2 2
left_child=3 7 4 -1 6 -5 12 11 16 -7 14 -2 21 -10 15 -4 23 18 -15 -13 -21 -3 -11 24 25 26 -6 -25 -22 -19
right_child=1 2 10 5 8 9 -8 -9 13 22 -12 19 -14 17 -16 -17 -18 29 -20 20 28 -23 -24 27 -26 -27 -28 -29 -30 -31
leaf_value=-0.04967147328589952 -0.047386770791554844 -0.046699345111653613 0.037300356573438755 -0.052043210482617966 0.035967986083062446 -0.029522961441242765 0.022255601788107884 0.014176092287579479 0.032892625620824061 0.023991912739881566 0.011676221738719768 -0.0016428063863442553 0.0011126992306031034 0.016396186324438081 0.05174630915305737 0.015778708192076926 -0.030616764843011797 -0.0079239032010659221 -0.026914840837900619 -0.030733686322727417 -0.015061105766032227 -0.010408798883152971 -0.011152813749675854 0.013131950109323068 0.019154622939005016 0.011909351642424286 -0.025298417879750637 0.035230953815779779 0.013296713191275676 0.033955953706702992
leaf_weight=545.10320473956381 25.26419837425783 20.929363276110962 180.6553587868475 42.645873792953353 7.7746164277195922 73.704246192413848 87.941249079536647 59.601901942383847 184.41146643878892 22.452308708328928 62.429003834040486 114.49648816713307 333.80431268428219 332.31283021811396 71.127432367531583 75.104286054265685 12.066404700512065 10.577220264822243 15.100167671451343 95.787520346493693 70.537563864316326 50.958524710003985 53.378627394122304 448.2132005628664 59.874886714387685 44.141313536092639 54.559128373861313 49.82861898932606 30.323225307278335 107.47840185742825
leaf_count=836838 22324 5076 699 54889 48 55293 1176 4145 578 3061 1175 17221 9317 1408 163 423 321 46 179 23599 7338 4260 18109 2908 351 392 727 190 1358 438
internal_value=0 0.0121015 0.0161462 -0.0427625 0.0128235 -0.0231659 0.00166278 -0.0104629 0.0169773 -0.0149304 0.0316788 -0.0148283 -0.00280109 0.0225792 0.0354989 0.0309805 0.0115956 0.0184931 0.0145137 -0.0121846 -0.0183224 -0.0209744 -0.000747031 0.0123622 0.00343825 -0.00539965 -0.0176569 0.0153429 -0.00653549 0.0302037
internal_weight=0 2605.3 2209.29 737.284 1819.97 192.181 493.633 396.011 1326.34 149.535 389.316 336.409 405.692 649.88 326.887 255.76 676.458 465.469 347.413 311.145 196.648 71.8879 75.8309 664.392 166.35 106.475 62.3337 498.042 100.861 118.056
internal_count=1074050 105860 29875 968190 27415 131352 19829 75985 7586 76463 2460 71840 18653 2649 1285 1122 4937 2071 1587 49516 32295 9336 21170 4616 1518 1167 775 3098 8696 484
is_linear=0
shrinkage=0.05


Tree=50
num_leaves=31
num_cat=0
split_feature=0 0 40 0 0 101 82 82 82 93 58 93 40 2 100 46 35 82 55 90 68 89 69 68 82 99 76 96 3 69
split_gain=653.703 91.4189 39.1653 38.8682 24.3636 22.8757 17.6554 17.5996 15.259 13.5035 12.4474 11.104 9.88549 9.064 7.69555 10.6261 7.32888 9.55103 7.09274 7.43427 8.36975 7.00384 6.90412 6.82845 6.66446 7.95161 6.65407 10.2146 6.5356 10.3726
threshold=0.072661120000328969 0.60678019017954943 2.5000000000000004 0.0088049481694041625 0.94875966535953815 0.029255500000000004 0.55406350000000015 0.55341550000000017 0.55108450000000009 0.75316150000000015 2.5000000000000004 0.85877850000000011 102.50000000000001 166361.50000000003 1.0000000180025095e-35 1.5000000000000002 1.0000000180025095e-35 0.57048050000000006 1.0000000180025095e-35 78.500000000000014 12.500000000000002 1.5000000000000002 3.5000000000000004 55.500000000000007 0.57048050000000006 0.080584500000000017 576.50000000000011 0.038825500000000006 393.00000000000006 1.0000000180025095e-35
decision_type=2 2 2 2 2 2 2 2 2 2 2 2 2 2 2 2 2 2 2 2 2 2 2 2 2 2 2 2 2 2
left_child=3 5 4 28 9 8 -5 21 -2 -3 13 -8 -7 14 -9 -16 17 -15 19 -6 -21 -4 -12 -13 25 -11 27 -10 29 -1
right_child=1 2 7 6 18 12 11 10 26 24 22 23 -14 16 15 -17 -18 -19 -20 20 -22 -23 -24 -25 -26 -27 -28 -29 -30 -31
leaf_value=0.097596693607599608 -0.039306453801056018 -0.0067706399198364789 -0.055880901670960749 -0.0520728309091723 0.013923333959340901 0.0048083657016887958 -0.028897065523338157 0.037589867527071441 -0.0032003134905511394 0.015238471280750216 0.011898650605986766 0.018275012331599557 0.040486250209926501 -0.035730672156103281 -0.061515881161881995 0.023951198608297516 0.057892326209207826 0.020691965870835743 0.042967573554198633 -0.025224509336274077 0.028854846915953875 0.0017817121778759945 0.046310657960800035 -0.013002386415568556 0.011403585847919088 -0.02895895962124985 -0.0051707862816077511 -0.03712971511871594 -0.050058147895510177 -0.051266290423419819
leaf_weight=1.9457194882415922 47.385858419092983 197.33220728658489 7.0943764639378086 40.827259723853786 588.68960418365896 79.195482482246007 72.165944395852421 343.37638021842577 42.385595306666801 17.980154784978367 141.41126270702807 27.73365091875894 25.720630261057522 8.0026219678111357 4.4158224118873504 20.613702990114689 12.084502622485159 119.50955822318792 26.180202981457114 7.5194719452410927 147.4743359265849 20.434083854052005 16.250666232313961 47.061955357523402 358.81217224430293 23.447665621963097 267.70938318324625 46.538081277351012 516.67166197157349 2.9358163481847441
leaf_count=55 34490 7305 1032 54889 2646 5130 55293 1073 5344 380 1368 4515 209 85 34 144 17 458 83 42 441 580 53 16655 4068 1663 24507 14708 831477 5306
internal_value=0 0.0117299 0.0164168 -0.0424911 0.0115089 -0.00724709 -0.0229857 0.0260984 -0.012649 0.00393367 0.0277186 -0.014905 0.013555 0.0315276 0.0356388 0.00887271 0.0206778 0.0171509 0.0173889 0.0164885 0.0262312 -0.0130786 0.0154456 -0.00140496 0.00921126 -0.00977676 -0.00910701 -0.0209572 -0.0495141 0.00806864
internal_weight=0 2569.56 2060.63 709.342 1367.44 508.935 187.789 693.193 404.019 597.572 665.665 146.962 104.916 508.003 368.406 25.0295 139.597 127.512 769.864 743.683 154.994 27.5285 157.662 74.7956 400.24 41.4278 356.633 88.9237 521.553 4.88154
internal_count=1074050 105860 21472 968190 16628 84388 131352 4844 79049 13416 3232 76463 5339 1811 1251 178 560 543 3212 3129 483 1612 1421 21170 6111 2043 44559 20052 836838 5361
is_linear=0
shrinkage=0.05


Tree=51
num_leaves=31
num_cat=0
split_feature=0 0 85 0 98 40 82 40 82 64 93 36 93 74 93 90 89 74 2 72 36 89 76 68 69 82 3 68 76 83
split_gain=617.128 88.0169 42.2367 37.8057 31.2726 30.3976 16.5599 15.0746 12.8415 12.4493 12.4349 10.8972 10.3229 9.69002 9.24963 8.66778 8.1706 9.27314 8.11381 9.8106 8.43922 8.0969 8.50133 8.08226 8.03891 7.28588 7.23972 9.03239 8.99792 7.46038
threshold=0.072661120000328969 0.86620967868038068 0.062555500000000014 0.0088049481694041625 9.1000000000000014 11.500000000000002 0.55406350000000015 1.0000000180025095e-35 0.55341550000000017 1.0000000180025095e-35 1.6797010000000003 15506.500000000002 0.85877850000000011 8.5000000000000018 0.69437950000000015 287.50000000000006 1.5000000000000002 8.5000000000000018 1455534.0000000002 3.3666666666650005 540.50000000000011 3.5000000000000004 641.50000000000011 16.500000000000004 3.5000000000000004 0.54744950000000003 43454.500000000007 42.500000000000007 636.50000000000011 14.000000000000002
decision_type=2 2 2 2 2 2 2 2 2 2 2 2 2 2 2 2 2 2 2 2 2 2 2 2 2 2 2 2 2 2
left_child=3 2 4 -1 7 10 -5 14 -6 13 16 18 -8 23 -2 21 -3 26 -12 -20 -21 22 24 -9 -10 -7 28 -28 -18 -29
right_child=1 5 -4 6 8 25 12 9 15 -11 11 -13 -14 -15 -16 -17 17 -19 19 20 -22 -23 -24 -25 -26 -27 27 29 -30 -31
leaf_value=-0.049405639205380027 -0.014198857595128145 0.001456121165714495 0.037810658511403389 -0.051807313018980262 -0.038861720916501086 -0.019131653313586468 -0.028745566821139951 -0.02923870914082044 -0.020109664295230565 0.028019350914828919 0.024203647866869304 -0.04532900518905468 -0.0019651328628159759 -0.040302123502878283 0.0019562825442127072 0.049365086932391528 0.028379643921819592 0.0017424981849551947 0.027799497972327666 0.0085993643899205715 -0.062344478309250745 0.039887877324415372 0.018764947214501448 0.010760998306652858 0.044382868618382518 0.03369610549074379 0.021381692904390001 -0.019678403668913835 -0.021175813141554336 0.0092397466109854481
leaf_weight=498.08385281423762 130.14429472520715 166.65192914614454 68.710032711853273 38.817329605259147 54.822024537126708 6.6648528361693016 70.163599151408562 13.672255760437109 177.89648917730665 83.808459457999561 437.29194813547656 6.0080055939033619 73.867133842759358 11.164955884712979 277.57237567711854 5.6532863216125397 159.70868673711084 119.74675648240373 14.65701200719923 8.085049958899619 8.7055548261851055 6.8937822838197453 16.842528664506972 165.46042493646382 4.9668075628869692 315.01175833819434 136.18626720318571 28.383104684995487 9.7174178790301067 104.11115404311568
leaf_count=836838 14423 1657 232 54889 34975 123 55293 753 25576 1529 1720 90 21170 1256 12954 104 831 945 59 32 75 199 704 4764 90 971 760 301 68 669
internal_value=0 0.0113377 -4.44617e-05 -0.0422674 -0.00278556 0.0189532 -0.0228226 0.00289541 -0.0172887 0.0119627 0.0152923 0.0215819 -0.015011 0.00489123 -0.00320048 -0.0117167 0.0111709 0.014073 0.0224395 -0.00209108 -0.0281834 -0.0133881 -0.0152271 0.00770803 -0.018358 0.0326016 0.0174433 0.0123393 0.0255374 0.00304486
internal_weight=0 2538.54 1017.61 680.932 948.898 1520.93 182.848 681.823 267.075 274.106 1199.25 474.748 144.031 190.298 407.717 212.253 724.505 557.853 468.74 31.4476 16.7906 206.6 199.706 179.133 182.863 321.677 438.107 268.681 169.426 132.494
internal_count=1074050 105860 97559 968190 97327 8301 131352 35679 61648 8302 7207 1976 76463 6773 27377 26673 5231 3574 1886 166 107 26569 26370 5517 25666 1094 2629 1730 899 970
is_linear=0
shrinkage=0.05


Tree=52
num_leaves=31
num_cat=0
split_feature=0 0 0 40 40 0 76 82 58 93 44 98 64 69 40 93 93 98 95 68 89 68 69 96 82 69 68 93 101 90
split_gain=584.168 86.7347 37.0559 32.5468 26.7572 20.4166 16.8913 15.9799 14.0065 13.1474 13.2709 12.1388 11.0046 10.8567 9.81869 9.74459 9.41127 8.56298 9.6441 8.20623 8.6196 7.85317 7.79792 8.18306 7.78117 7.69971 7.4066 7.33279 7.03881 7.00417
threshold=0.072661120000328969 0.68981449621504665 0.0088049481694041625 5.5000000000000009 40.500000000000007 0.94875966535953815 575.50000000000011 0.55406350000000015 1.5000000000000002 1.9972560000000004 1.0000000180025095e-35 93.166666666650016 1.0000000180025095e-35 1.5000000000000002 1.0000000180025095e-35 0.45692650000000007 0.85877850000000011 7.9166666666650007 0.070659500000000014 27.500000000000004 3.5000000000000004 57.500000000000007 2.5000000000000004 0.030374000000000002 0.55278050000000012 1.0000000180025095e-35 38.500000000000007 4.8981075000000009 0.11887800000000001 73.500000000000014
decision_type=2 2 2 2 2 2 2 2 2 2 2 2 2 2 2 2 2 2 2 2 2 2 2 2 2 2 2 2 2 2
left_child=2 4 -1 5 6 8 19 -4 27 10 13 14 -6 -5 -8 26 -9 -15 22 -2 -21 -11 23 -19 -7 -17 -10 28 -3 -26
right_child=1 3 7 9 12 24 11 16 15 21 -12 -13 -14 17 -16 25 -18 18 -20 20 -22 -23 -24 -25 29 -27 -28 -29 -30 -31
leaf_value=-0.049240899530085244 -0.048944983090271156 0.0092654114861529559 -0.051760719072402407 -0.013064442281384748 0.0067866688026484989 -0.011270825316774386 -0.0071014010737693372 -0.028230686272452499 -0.0034479340120609258 0.0067890859215707757 0.04472831774508905 -0.030970705784729963 0.043058435990862814 0.024093112168221555 0.011562486898462357 -0.015923813739452643 -0.0024827158150923581 0.031192153816561853 0.057132801630291365 -0.02286845745271178 0.036500991217383698 0.041897991331369296 0.020333327800470209 -0.040923072462115948 0.01570743440197318 0.0065457153883600201 -0.037794006824306531 0.039279497758143794 0.059150087823829148 0.027215587357187678
leaf_weight=477.62587235190949 29.546022166927287 233.38061607629061 37.191457939694374 26.659523797861766 61.163156269329193 22.994302718900144 247.32218737198127 68.7871625327316 33.056605238554766 17.788733604364097 52.036497520806734 39.713747849687934 31.774405661213677 237.92543455236591 98.545357383802184 47.074171662679873 73.315928289928706 4.933109215344305 6.3994247815571716 89.521052821983176 6.5617836500459807 152.23673954117112 14.175057522486894 19.416967005992774 599.19115019030869 200.5847458326316 29.889090652315645 24.899848666973412 7.2923447596840552 169.65150337619707
leaf_count=836838 12914 2988 54889 450 7068 150 20968 55293 1289 140 155 14181 199 912 4507 1452 21170 63 54 28676 438 416 158 511 2703 3160 1606 144 33 525
internal_value=0 0.0110106 -0.0419651 0.0162589 -0.00549111 0.0121792 -0.00997768 -0.0225829 0.00501847 0.0267582 0.0213657 -0.00478983 0.0191876 0.0174379 -0.00178364 -0.00219004 -0.0149464 0.0203128 0.000291945 -0.0259003 -0.0188139 0.0382248 -0.00914991 -0.0263132 0.0173896 0.00227478 -0.0197568 0.0134493 0.0107769 0.0182468
internal_weight=0 2503.73 656.92 1899.59 604.148 1368.01 511.21 179.295 576.177 531.571 361.546 385.581 92.9376 309.51 345.868 310.605 142.103 282.85 44.9246 125.629 96.0828 170.025 38.5251 24.3501 791.837 247.659 62.9457 265.573 240.673 768.843
internal_count=1074050 105860 968190 16909 88951 14050 81684 131352 10672 2859 2303 39656 7267 2148 25475 7507 76463 1698 786 42028 29114 556 732 574 3378 4612 2895 3165 3021 3228
is_linear=0
shrinkage=0.05


Tree=53
num_leaves=31
num_cat=0
split_feature=0 0 101 0 82 93 40 40 50 40 36 82 89 79 89 68 36 40 93 69 40 95 89 36 96 3 85 90 60 40
split_gain=554.053 101.795 42.1837 38.0163 26.5069 23.4281 17.5557 15.6542 13.9951 10.1985 9.40385 9.3131 8.86646 10.2196 8.85468 8.707 8.59878 8.54486 7.88357 7.20894 7.11388 6.67399 6.5998 6.50325 8.5737 6.40056 6.39463 6.35018 6.27033 8.27769
threshold=0.37969951586789719 0.0088049481694041625 0.053591500000000007 0.94875966535953815 0.54296050000000007 0.65046950000000014 2.5000000000000004 3.5000000000000004 1.0000000180025095e-35 204.50000000000003 444.50000000000006 0.58572150000000012 2.5000000000000004 6.5000000000000009 1.5000000000000002 106.50000000000001 1185.5000000000002 98.500000000000014 3.8531275000000007 1.0000000180025095e-35 44.500000000000007 0.10433250000000001 2.5000000000000004 737.50000000000011 0.12035550000000002 402620.00000000006 0.10970700000000001 36.500000000000007 8.5000000000000018 1.0000000180025095e-35
decision_type=2 2 2 2 2 2 2 2 2 2 2 2 2 2 2 2 2 2 2 2 2 2 2 2 2 2 2 2 2 2
left_child=1 -1 3 5 -3 10 15 21 12 23 28 20 13 16 -12 19 -6 -10 25 -7 22 -5 -8 24 -4 -17 -15 -9 29 -2
right_child=2 4 9 7 8 6 11 27 17 -11 14 -13 -14 26 -16 18 -18 -19 -20 -21 -22 -23 -24 -25 -26 -27 -28 -29 -30 -31
leaf_value=-0.049083891914678573 -0.0046671730462527119 -0.050908698050575497 0.019367273910820604 0.015578004769482293 -0.019730326120408773 -0.016199377609746428 -0.027407008967826309 0.021045251238677523 0.0031714996801178695 0.045682384991643198 -0.027742087147524609 0.027995744715176088 0.0023823176197117317 -0.03186837127267507 -0.0048632670227610232 0.01420658143665064 0.0027764142428381706 0.060007147465803434 0.033281221866936293 0.0027899862681028324 0.020472381895164808 -0.029003668276035878 0.018745418787771098 0.035303783134930461 -0.074251853487434807 -0.0094320543398821108 0.060073245071369755 0.039239318847215397 -0.021843439057581213 0.022301497670309103
leaf_weight=458.00280369414395 64.179064712545369 48.751114891638281 109.03916282206774 700.98593309824355 118.80181928018646 66.079950550192734 21.378314509856864 86.989697652403265 53.175216315237776 88.750053792260587 75.546538471957319 151.25268601696007 57.134817644524446 118.64256685793589 96.071320080125588 94.075737157822005 66.021514658095839 7.5523064503940978 36.203879710985348 205.12517577517428 40.395017211587401 8.4965974465012533 12.14754124265164 90.551335334574105 2.5016727503389111 41.167004801012808 1.9218074679374684 106.88670439831913 21.993738286953885 51.113994427898433
leaf_count=836838 2846 62920 1058 3069 31897 3878 1384 384 10154 195 8421 845 13678 69283 5132 1682 10925 119 357 5084 407 38 165 575 27 975 2 283 705 724
internal_value=0 -0.0322909 0.0138331 0.0110918 -0.0159959 0.00425408 0.0095207 0.0184848 -0.0119746 0.0315537 -0.00713189 0.020887 -0.0156958 -0.019078 -0.0149346 0.00373873 -0.0116906 0.0102398 0.0125585 -0.00183683 0.00634161 0.0150441 -0.0106844 0.025349 0.0172676 0.00701114 -0.0304028 0.0310759 0.00262199 0.00728911
internal_weight=0 930.004 2170.93 1880.09 472.001 976.73 667.825 903.359 423.25 290.842 308.905 225.174 362.523 305.388 171.618 442.652 184.823 60.7275 171.447 271.205 73.9209 709.483 33.5259 202.092 111.541 135.243 120.564 193.876 137.287 115.293
internal_count=1074050 1035816 38234 36379 198978 32605 14777 3774 136058 1855 17828 2801 125785 112107 13553 11976 42822 10273 3014 8962 1956 3107 1549 1660 1085 2657 69285 667 4275 3570
is_linear=0
shrinkage=0.05


Tree=54
num_leaves=31
num_cat=0
split_feature=0 0 40 0 82 0 82 91 89 68 83 68 50 40 40 82 43 98 98 85 72 54 90 89 68 90 98 99 3 96
split_gain=524.041 93.0451 36.9167 26.651 20.4244 20.1658 19.4842 16.1122 13.5678 13.3095 12.8696 11.6383 11.5282 11.2839 9.73542 9.6775 8.57036 7.64032 7.38375 7.06396 6.7951 6.35478 6.25216 6.20877 6.05602 5.97905 5.92183 7.63938 6.62991 10.5493
threshold=0.043984350660107828 0.60678019017954943 172.50000000000003 0.94875966535953815 0.57048050000000006 0.0083575017706393109 0.54296050000000007 0.58333333333350013 2.5000000000000004 106.50000000000001 10.000000000000002 43.500000000000007 1.0000000180025095e-35 3.5000000000000004 1.0000000180025095e-35 0.57387650000000012 1.0000000180025095e-35 8.7083333333350019 3.7750000000000004 0.072493000000000016 332.12500000000006 0.066662000000000013 36.500000000000007 3.5000000000000004 99.500000000000014 274.50000000000006 2.0833333333350006 0.13912550000000004 146963.00000000003 0.11253650000000001
decision_type=2 2 2 2 2 2 2 2 2 2 2 2 2 2 2 2 2 2 2 2 2 2 2 2 2 2 2 2 2 2
left_child=5 6 3 4 8 -1 -2 12 -3 14 -7 -12 16 26 15 -6 17 -8 -11 -4 22 -16 -15 25 -17 -19 27 -5 29 -28
right_child=1 2 19 13 9 10 7 -9 -10 18 11 -13 -14 20 21 24 -18 23 -20 -21 -22 -23 -24 -25 -26 -27 28 -29 -30 -31
leaf_value=-0.049008170875622384 -0.044854487581866977 -0.023101943846866223 0.029200182186324308 0.038076949178950104 -0.056250572818479116 -0.04167811324808228 -0.0085092823322888821 0.041648583561290337 0.013146043454971959 0.025995491396391918 0.023091123770192901 -0.024812491432992877 0.010588542557104959 0.021174533590420784 0.010264966563958762 0.0018566874496926896 0.0090968526161406046 -0.027803147258919511 0.0084262152068356778 0.050126094144678862 -0.019912070534778961 0.043405003804069968 0.040250784201747471 0.039006244280700229 -0.028081621033788379 0.03782592132867349 0.019423808482805213 0.004200785507897333 0.0080146551344534994 -0.034354044320694645
leaf_weight=435.87907832786368 34.755424877192127 89.65382977045374 156.04206476645777 57.667822690214962 7.9348236171063027 60.067943154164823 245.05764497698692 17.035871446190868 36.255135001323652 141.84200276155025 19.283973981127929 37.019518436667568 72.393991092059878 80.003755306592211 159.42621189478086 245.13005750055891 46.876018547623971 115.04133900566012 103.39126066310564 54.385002532042563 6.6979979590978465 15.909052818547933 92.743967063724995 3.8118477146344949 18.141803795355372 3.5783500998222726 384.0878661153838 23.393070571124554 273.80441137915477 9.3409781679511052
leaf_count=832729 36414 6331 787 191 392 72032 25982 71 787 982 6632 31142 5977 321 1422 4640 6102 35001 1465 101 53 64 238 279 616 217 1707 97 1220 58
internal_value=0 0.00975722 0.0148245 0.0124394 0.00585833 -0.0440713 -0.00864577 -0.00614783 -0.0126644 0.00922963 -0.02558 -0.00840548 -0.00782063 0.0182398 0.00409005 -0.00184604 -0.0110369 -0.0136051 0.0185882 0.0346085 0.0295002 0.0132719 0.0314161 -0.0238049 -0.000206332 -0.0258233 0.0155395 0.0283007 0.0139891 0.018147
internal_weight=0 2494.4 1955.85 1745.42 817.684 552.251 538.55 503.795 125.909 691.775 116.371 56.3035 486.759 927.74 446.542 271.207 414.365 367.489 245.233 210.427 179.446 175.335 172.748 122.432 263.272 118.62 748.294 81.0609 667.233 393.429
internal_count=1074050 131515 21472 20584 16699 942535 110043 73629 7118 9581 109806 37774 73558 3885 7134 5648 67581 61479 2447 888 612 1486 559 35497 5256 35218 3273 288 2985 1765
is_linear=0
shrinkage=0.05


Tree=55
num_leaves=31
num_cat=0
split_feature=0 0 40 0 82 0 50 69 101 82 90 83 82 93 68 68 68 72 68 36 64 57 0 74 36 96 99 43 40 68
split_gain=495.877 87.0051 38.0822 24.3221 20.3059 19.741 17.4142 14.988 13.5815 13.1353 17.2106 11.568 10.8134 10.3066 9.60703 7.84763 14.8638 7.80561 7.75129 9.27183 7.54946 8.06726 7.22673 7.1597 6.56851 6.53443 6.28476 6.24764 8.15989 7.2413
threshold=0.043984350660107828 0.48090646582193369 2.5000000000000004 0.94875966535953815 0.55341550000000017 0.0088049481694041625 1.0000000180025095e-35 3.5000000000000004 0.037255000000000003 0.58948950000000011 34.500000000000007 10.000000000000002 0.53855800000000009 0.45692650000000007 43.500000000000007 100.50000000000001 99.500000000000014 8.7083333333350019 103.50000000000001 368.50000000000006 1.0000000180025095e-35 17.500000000000004 0.86620967868038068 6.5000000000000009 635.50000000000011 0.12035550000000002 0.10154350000000002 1.0000000180025095e-35 13.500000000000002 100.50000000000001
decision_type=2 2 2 2 2 2 2 2 2 2 2 2 2 2 2 2 2 2 2 2 2 2 2 2 2 2 2 2 2 2
left_child=5 6 3 8 20 -1 12 9 13 10 26 -7 -2 24 -13 16 -15 -11 19 -19 21 -4 -12 -17 -3 -10 -6 28 29 -14
right_child=1 2 4 -5 7 11 -8 -9 25 17 22 14 27 15 -16 23 -18 18 -20 -21 -22 -23 -24 -25 -26 -27 -28 -29 -30 -31
leaf_value=-0.048836804826473922 -0.046944403837139416 -0.0067572343229250617 -0.043292655800775875 0.015160595414718895 0.0041481660915157854 -0.040928061330204157 0.012898526284677955 0.048022805920679042 0.022425890845604587 0.033678320227243187 0.005074539122680629 0.020373084856015741 -0.025668012025520257 -0.0003316348022310499 -0.023873306973470173 0.018893445650788793 -0.051369503183552392 0.031395335184705185 0.031545979444431847 -0.0086140908361740289 0.029187687815033472 0.051435323349604961 0.033478988258790997 -0.0013383391460084987 -0.033812252829086106 -0.06548895477401348 -0.026974113749033919 0.005412648893300738 0.0034012005628603565 -0.0076949440159483342
leaf_weight=419.0001884621488 25.433446594390261 71.30327340477379 19.181432409575798 729.85678355908021 80.478615734027699 56.674011567887646 63.457000265007082 65.111060004448518 84.278850251110271 243.41528508206829 30.256371739436872 18.708582523213408 158.55770702400332 253.16934820823371 35.635992741594237 103.06952024728525 15.117195829720002 22.75884822034277 56.007544719846919 39.809081794111989 6.510545509052462 2.5458570662012781 86.160540333017707 75.952620258729439 32.7330741569167 2.1679707970470181 20.316262060572626 40.011454243707703 47.127427611700114 86.677869215702231
leaf_count=836838 29399 3090 2734 3212 922 69419 5494 177 1141 920 334 6372 36092 7457 29906 1536 974 111 313 340 49 44 263 1593 3971 30 664 5894 7503 17258
internal_value=0 0.00944632 0.0137179 0.0089275 0.0234592 -0.0438697 -0.011241 0.025278 0.00179467 0.0227212 0.0130008 -0.0251233 -0.0155221 -0.00109446 -0.00864111 0.00220243 -0.00320748 0.0285539 0.0180342 0.00593919 -0.0180411 -0.0321931 0.0260968 0.0103098 -0.0152696 0.0202211 -0.00212485 -0.0131177 -0.0156537 -0.0193155
internal_weight=0 2461.46 2040.2 1367.65 672.551 530.019 421.265 644.314 637.792 579.203 217.212 111.019 357.808 551.345 54.3446 447.309 268.287 361.991 118.575 62.5679 28.2378 21.7273 116.417 179.022 104.036 86.4468 100.795 332.374 292.363 245.236
internal_count=1074050 131515 29875 23004 6871 942535 101640 4044 19792 3867 2183 105697 96146 18621 36278 11560 8431 1684 764 451 2827 2778 597 3129 7061 1171 1586 66747 60853 53350
is_linear=0
shrinkage=0.05


Tree=56
num_leaves=31
num_cat=0
split_feature=0 0 101 50 93 0 40 82 82 89 40 48 93 99 40 82 76 2 82 68 36 76 96 40 40 72 66 0 3 43
split_gain=469.634 82.8783 30.5248 25.1282 20.9884 19.4598 17.029 15.5478 15.3375 13.8576 11.4424 11.5656 11.2539 11.2126 11.0521 10.6669 9.35191 9.79008 9.16186 8.56817 10.5533 8.48444 10.5387 9.19234 7.90233 7.86958 7.9147 6.81745 6.69367 6.28641
threshold=0.043984350660107828 0.68981449621504665 0.053591500000000007 1.0000000180025095e-35 1.7729355000000002 0.0019437620776660012 4462.5000000000009 0.55671950000000014 0.5425715000000001 1.5000000000000002 6.5000000000000009 15.500000000000002 0.65046950000000014 0.15741000000000002 3.5000000000000004 0.55278050000000012 573.50000000000011 60368.000000000007 0.55804050000000005 105.50000000000001 444.50000000000006 576.50000000000011 0.046660000000000007 12.500000000000002 469.50000000000006 26.100000000000005 0.063933000000000004 0.94875966535953815 381166.50000000006 1.0000000180025095e-35
decision_type=2 2 2 2 2 2 2 2 2 2 2 2 2 2 2 2 2 2 2 2 2 2 2 2 2 2 2 2 2 2
left_child=5 3 4 6 9 -1 8 -7 -2 15 11 -6 -9 16 -5 -3 17 -11 -14 20 -17 22 -10 29 27 -4 28 -18 -27 -23
right_child=1 2 25 14 10 7 -8 12 21 13 -12 -13 18 -15 -16 19 24 -19 -20 -21 -22 23 -24 -25 -26 26 -28 -29 -30 -31
leaf_value=-0.050691937272184587 -0.044896620369344296 -0.045801029712912548 0.035088982394581691 0.0040058468755298114 0.017445797490603068 -0.051524643149182259 0.039259613820800787 -0.036594388764897096 -0.011637958259058704 0.011979175593638168 0.033959974336807468 -0.042548817106622477 0.058209955973119579 -0.0080323202662371095 0.038298930747970444 0.007199467209081112 0.0079138845796079479 -0.012778750955401503 -0.011175389392195902 0.012005778063157261 -0.018971179887814896 -0.012227054362075399 -0.042660301286977023 0.013023931021972022 0.044645548996868845 0.0098139716650174312 0.042018373329959544 0.019925444620833274 -0.055358810173878781 0.010676008468118853
leaf_weight=334.8714993421454 34.113350223269663 13.148067935209836 201.35763700748794 66.43524053265719 417.67550608504098 57.096553830877383 16.394358465113328 53.763864364871552 89.360386006519548 113.26399780821521 116.76518315286376 8.1906730399641656 5.1762991026043883 67.895972846992663 36.349967831105459 71.443624039180577 193.16631375305587 61.67130836416618 58.817671721782972 97.501984328497201 83.593181312899105 259.24997372732469 39.467853102516528 53.129117294214666 23.981092099566013 10.489259248133754 9.7224955810233933 304.10757052758709 6.3097122423350802 33.875939787612879
leaf_count=697189 36816 1471 858 5816 2381 104481 765 87620 18414 1412 431 556 817 859 626 946 2727 1133 52428 1039 1586 30192 17160 1744 74 75 31 1269 61 3073
internal_value=0 0.00915757 0.0146145 -0.00647634 0.0121359 -0.0436325 -0.010898 -0.0301127 -0.0125129 0.0079426 0.0200938 0.0162919 -0.0197308 0.0113628 0.0161336 -0.00189363 0.0132544 0.00325107 -0.005563 0.000392343 -0.0069113 -0.0101876 -0.021142 -0.00611184 0.0166115 0.0317168 0.00611454 0.0152595 -0.014665 -0.0095802
internal_weight=0 2428.66 1800.28 628.376 1572.4 509.726 525.591 174.854 509.197 1029.77 542.631 425.866 117.758 764.086 102.785 265.687 696.19 174.935 63.994 252.539 155.037 475.083 128.828 346.255 521.255 227.879 26.5215 497.274 16.799 293.126
internal_count=1074050 131515 16909 114606 15884 942535 108164 245346 107399 12516 3368 2937 140865 7474 6442 5042 6615 2545 53245 3571 2532 70583 35574 35009 4070 1025 167 3996 136 33265
is_linear=0
shrinkage=0.05


Tree=57
num_leaves=31
num_cat=0
split_feature=0 0 91 40 98 0 50 0 0 72 82 83 68 66 40 2 93 76 76 96 60 96 82 100 91 2 68 3 64 93
split_gain=446.554 78.6365 34.764 27.5595 22.7089 19.4433 12.0072 11.5813 11.0658 11.9748 10.6024 10.5585 8.78813 8.28445 7.99926 8.77571 7.46854 6.94791 6.79591 7.36257 6.77804 6.65085 6.43638 6.68029 6.31571 6.59665 6.25666 6.09011 5.49369 5.46823
threshold=0.043984350660107828 0.7740980979447657 0.58333333333350013 2.5000000000000004 9.1000000000000014 0.0088049481694041625 1.0000000180025095e-35 0.94875966535953815 0.94875966535953815 124.77500000000002 0.55341550000000017 10.000000000000002 43.500000000000007 0.096819500000000017 1758.5000000000002 166361.50000000003 1.3482345000000002 579.50000000000011 641.50000000000011 0.04683650000000001 13.500000000000002 0.046660000000000007 0.58272150000000011 1.0000000180025095e-35 0.45000000000000007 215462.50000000003 22.500000000000004 943.50000000000011 1.0000000180025095e-35 1.8222090000000002
decision_type=2 2 2 2 2 2 2 2 2 2 2 2 2 2 2 2 2 2 2 2 2 2 2 2 2 2 2 2 2 2
left_child=5 2 4 7 6 -1 14 16 9 20 -6 -7 -13 24 17 -16 -3 21 19 -12 22 26 23 -5 -10 -26 -2 -19 -18 -9
right_child=1 3 -4 8 10 11 -8 29 13 -11 18 12 -14 -15 15 -17 28 27 -20 -21 -22 -23 -24 -25 25 -27 -28 -29 -30 -31
leaf_value=-0.048826764092298219 -0.050475153154661459 -0.0020507111387728216 0.042247249048565035 0.014464342261265188 -0.041443375836177521 -0.040271929511026566 0.014316565378441413 0.0113599226645689 0.03134545321943856 -0.0098670158908812748 -0.002373327110562512 0.019257349574616636 -0.023694986873399004 0.058571243167039759 0.044633903698964611 -0.055837177647871897 0.0043772069276348038 -0.04954983742007292 0.016921241336608241 -0.025246310367260966 -0.0025946405183768263 -0.03620746506184061 0.030398583728881684 -0.060996339483079323 0.025000469407784522 -0.041071829858138176 -0.0050330146132259853 -0.00061555591245528792 0.021764906184077382 0.020540354977224923
leaf_weight=382.72240994756794 8.3719968779187166 227.2056045626814 37.87506974930875 50.663012211560272 46.546045620176301 53.143535686933319 101.95747943887545 467.27855038421694 209.03322248742916 34.791160332533764 52.588274795081816 18.345188487619453 33.941723324442137 26.568080347031355 14.022469024086606 2.5720551690028506 112.32121287917835 6.5210892897448494 15.58677290813648 106.29498614258046 25.44445893005468 31.277018196095014 142.42768033756875 3.1130940837319931 9.4138603955507261 6.30966992676258 79.536894153374305 254.65741659879859 76.277568082325161 248.44474247004837
leaf_count=836838 1889 4785 130 378 43553 69419 4871 2327 767 637 8117 6372 29906 48 118 76 1267 856 860 24680 234 7056 584 73 23 25 11104 15599 573 885
internal_value=0 0.00887667 -0.00444283 0.015034 -0.00689915 -0.0435893 -0.000988707 0.0106911 0.0247118 0.0174046 -0.0202413 -0.024577 -0.00862489 0.0321678 -0.00491981 0.0290615 0.00405454 -0.00640235 -0.0145848 -0.0176757 0.0216853 -0.0164059 0.024834 0.0100959 0.0290467 -0.00151358 -0.00936069 -0.00183734 0.0114096 0.0145467
internal_weight=0 2397.1 757.808 1639.29 719.932 488.153 498.916 1131.53 507.764 256.439 221.016 105.43 52.2869 251.325 396.959 16.5945 415.804 380.364 174.47 158.883 221.648 119.186 196.204 53.7761 224.757 15.7235 87.9089 261.179 188.599 715.723
internal_count=1074050 131515 118909 12606 118779 942535 41569 9837 2769 1906 77210 105697 36278 863 36698 194 6625 36504 33657 32797 1269 20049 1035 451 815 48 12993 16455 1840 3212
is_linear=0
shrinkage=0.05


Tree=58
num_leaves=31
num_cat=0
split_feature=0 0 40 0 0 50 82 72 48 82 82 74 98 68 74 2 101 2 90 68 76 96 96 68 60 3 2 2 36 54
split_gain=422.605 75.7889 36.9859 25.6319 19.1479 14.8145 13.3685 10.7576 10.5225 10.0931 9.76159 9.03198 9.19585 8.7656 8.61988 10.7096 9.338 8.4632 8.14451 8.04616 7.52121 8.28428 7.28891 7.25665 7.07644 11.3161 13.1101 7.03144 7.3143 6.79064
threshold=0.043984350660107828 0.48090646582193369 34.500000000000007 0.86620967868038068 0.0088049481694041625 1.0000000180025095e-35 0.5955275000000001 57.100000000000009 1.5000000000000002 0.55671950000000014 0.56713550000000013 8.5000000000000018 152.58333333350001 43.500000000000007 6.5000000000000009 2826.5000000000005 0.023390500000000005 702908.50000000012 167.50000000000003 121.50000000000001 579.50000000000011 0.057157000000000006 0.04683650000000001 58.500000000000007 7.5000000000000009 15838.500000000002 370.00000000000006 72.500000000000014 685.50000000000011 0.027459500000000005
decision_type=2 2 2 2 2 2 2 2 2 2 2 2 2 2 2 2 2 2 2 2 2 2 2 2 2 2 2 2 2 2
left_child=4 5 3 6 -1 10 11 17 14 -6 -2 12 -3 -11 15 27 19 -4 20 -17 21 -10 -12 -20 25 26 -22 28 -5 -8
right_child=1 2 7 8 9 -7 29 -9 18 13 22 -13 -14 -15 -16 16 -18 -19 23 -21 24 -23 -24 -25 -26 -27 -28 -29 -30 -31
leaf_value=-0.04869005296931448 -0.030298242451529289 -0.0025858071679144188 0.035785955041947919 0.036223028780444359 -0.051645941625733355 0.011226771556353203 0.0037420319618088737 0.0073713150905099084 0.0010443686499651869 0.0072068152547512046 0.0027896957810630164 -0.035875653959915849 -0.046804530417935898 -0.027871936678058679 0.010345518432970529 0.0053715255983418182 0.032055633533482196 0.0099622153971274507 -0.0049846192505393046 0.032851317314899812 -0.013148692522137698 -0.041793236354970037 -0.015788433247645645 0.045350317987923147 0.019812067295199756 0.00020578008169497357 0.032055030273774938 0.039371048024905243 -0.044096131858166972 0.025306890367680298
leaf_weight=366.48249356185261 81.840523375136399 191.1016685001814 231.29533203769097 5.9561421498656255 25.375132144923555 62.549321221144055 171.76959439949133 51.888148860904039 119.47326779970899 27.739553719104151 73.870883056923049 27.416393991647055 12.528438608947907 49.74484705863506 212.83089791750535 138.21814428339712 72.70290741417557 36.771608935669065 9.7849835180677456 32.99740613438189 21.007576066069305 12.463481813203542 185.05521805635362 26.695462996140122 141.89586760662496 218.85259154019877 67.827066107420251 106.68566489429213 5.4082207623869181 46.357595150126144
leaf_count=836838 58426 8315 998 20 46902 5494 4044 1117 1258 13189 7467 2339 4635 45606 1211 909 280 247 96 131 215 294 30253 88 819 1518 365 377 33 566
internal_value=0 0.00860002 0.0126581 0.0096276 -0.0433397 -0.0111403 -0.000552541 0.02821 0.0134611 -0.0242767 -0.0152459 -0.00893379 -0.00530639 -0.0153137 0.0183306 0.0230257 0.0170425 0.0322436 0.00893207 0.0106676 0.00749441 -0.00300231 -0.0104881 0.0318492 0.0105748 0.00631489 0.0213653 0.0353883 -0.0020003 0.00832511
internal_weight=0 2365.24 1961.93 1641.97 469.342 403.316 449.174 319.955 1192.8 102.86 340.767 231.047 203.63 77.4844 574.799 361.968 243.918 268.067 618 171.216 581.52 131.937 258.926 36.4804 449.583 307.687 88.8346 118.05 11.3644 218.127
internal_count=1074050 131515 29875 27513 942535 101640 19899 2362 7614 105697 96146 15289 12950 58795 2961 1750 1320 1245 4653 1040 4469 1552 37720 184 2917 2098 580 430 53 4610
is_linear=0
shrinkage=0.05


Tree=59
num_leaves=31
num_cat=0
split_feature=0 0 66 82 40 0 40 89 90 101 79 36 93 82 96 69 89 48 82 2 73 82 90 74 93 41 99 98 92 3
split_gain=400.776 72.7817 38.4568 24.8182 24.0921 18.5214 17.7103 11.546 10.1545 9.85956 9.58115 9.53872 11.2833 8.7538 9.68312 8.42017 10.1896 8.4086 8.27723 7.75714 7.30155 7.0583 9.6176 6.97252 6.82112 7.24287 7.20006 6.57419 6.42493 6.32218
threshold=0.043984350660107828 0.86620967868038068 0.062324500000000012 0.56680450000000004 7.5000000000000009 0.0088049481694041625 1.0000000180025095e-35 2.5000000000000004 42.500000000000007 0.030463500000000001 102.50000000000001 18470.500000000004 4.1027810000000011 0.58730450000000012 0.04683650000000001 1.5000000000000002 1.5000000000000002 1.5000000000000002 0.57480350000000013 3185.5000000000005 2.5000000000000004 0.53219150000000004 269.50000000000006 11.500000000000002 0.45692650000000007 1.0000000180025095e-35 0.17810800000000002 10.366666666650003 3.5000000000000004 43454.500000000007
decision_type=2 2 2 2 2 2 2 2 2 2 2 2 2 2 2 2 2 2 2 2 2 2 2 2 2 2 2 2 2 2
left_child=5 2 3 10 11 -1 8 13 27 18 21 12 17 14 -8 16 -6 23 -7 -17 -21 -2 -23 29 25 -19 -26 -5 -29 -3
right_child=1 4 -4 6 15 9 7 -9 -10 -11 -12 -13 -14 -15 -16 19 -18 24 -20 20 -22 22 -24 -25 26 -27 -28 28 -30 -31
leaf_value=-0.048540998224863297 -0.057717833911970773 0.024108927819619375 0.035534493412695739 -0.0077182233964297802 -0.074070561225304657 -0.048697155257570977 0.0063648691443470538 0.028523939202094912 0.0046681778776354443 0.0076443944731177564 -0.044127902004607034 -0.050998104136272815 0.027632638741934969 0.010881703172023716 -0.028922015954687082 0.041449519445417651 0.014259442836848636 -0.013453708414976048 -0.016677758454832818 0.020415257252589594 0.049877056311644956 -0.017367900953510446 0.029141208169919355 -0.027800742039013754 0.010821264669953362 0.02616875687532207 -0.014062977409556907 -0.03046078851556739 0.0090003173860531589 0.01177209050402447
leaf_weight=351.02176797833636 9.2175211077046679 172.38964663352817 63.42729877322563 250.67282293803873 3.9846080129500505 38.473437014441515 42.489561277790926 59.287968191652908 133.7558911057713 19.575928215905151 38.973148584276714 5.9380556908436111 110.91125681158155 148.31209180566657 35.84062307595741 101.7756068194285 18.078323948662728 68.859799710800871 42.457100241899752 160.93243935401551 24.191031873226166 100.24863643833669 12.50172938070318 8.9941044645383936 380.09128151030745 13.854182688053696 31.476049545221031 66.163615845987806 12.220159522170432 261.19045768445358
leaf_count=836838 7350 883 292 21063 70 66608 1290 981 5980 7838 36911 142 443 4882 4627 385 109 1024 31251 670 49 23875 802 83 2587 155 192 13897 1264 1509
internal_value=0 0.00833595 -0.00210834 -0.00473297 0.0157945 -0.0431223 -0.000904037 0.00887934 -0.00694831 -0.0241973 -0.0225462 0.0121944 0.0125526 0.00374046 -0.00978094 0.0280722 -0.00169313 0.0107673 -0.0318994 0.0303612 0.0242652 -0.0156501 -0.012211 0.0157733 0.00628498 -0.00681714 0.00891816 -0.0116702 -0.0243087 0.0166772
internal_weight=0 2335.78 973.111 909.684 1362.67 451.528 748.743 285.93 462.812 100.506 160.941 1053.7 1047.77 226.642 78.3302 308.962 22.0629 936.856 80.9305 286.899 185.123 121.968 112.75 442.574 494.281 82.714 411.567 329.057 78.3838 433.58
internal_count=1074050 131515 123214 122922 8301 942535 53984 11780 42204 105697 68938 7018 6876 10799 5917 1283 179 6433 97859 1104 719 32027 24677 2475 3958 1179 2779 36224 15161 2392
is_linear=0
shrinkage=0.05


Tree=60
num_leaves=31
num_cat=0
split_feature=0 0 40 82 40 95 0 82 64 98 64 82 69 76 82 96 40 0 90 68 76 101 2 64 2 0 82 90 3 69
split_gain=378.315 69.1751 33.4426 25.4644 24.2088 18.812 17.9204 14.6201 11.9651 9.75793 9.59365 9.2856 9.07127 9.05442 8.96349 9.99026 8.88717 8.81696 8.03068 7.30124 7.22852 7.38852 6.87798 6.27308 5.81524 5.60843 5.59249 5.57014 5.5092 6.6294
threshold=0.043984350660107828 0.86620967868038068 92.500000000000014 0.59831000000000012 2.5000000000000004 0.026810000000000004 0.0088049481694041625 0.5414135000000001 1.0000000180025095e-35 7.083333333335001 1.0000000180025095e-35 0.55671950000000014 2.5000000000000004 575.50000000000011 0.58166950000000017 0.038034500000000006 1.0000000180025095e-35 0.94875966535953815 42.500000000000007 43.500000000000007 576.50000000000011 0.043102500000000009 4151.5000000000009 1.0000000180025095e-35 159592.50000000003 0.7740980979447657 0.63201550000000017 183.50000000000003 393.00000000000006 1.0000000180025095e-35
decision_type=2 2 2 2 2 2 2 2 2 2 2 2 2 2 2 2 2 2 2 2 2 2 2 2 2 2 2 2 2 2
left_child=6 2 3 5 17 7 26 -2 20 14 13 -8 -11 -9 15 -6 18 -3 25 -13 21 -4 -18 -17 -7 -5 28 -15 29 -1
right_child=1 4 8 16 9 24 11 10 -10 12 -12 19 -14 27 -16 23 22 -19 -20 -21 -22 -23 -24 -25 -26 -27 -28 -29 -30 -31
leaf_value=0.086966689747088904 -0.044688766528488695 0.0032672956177939223 -0.019863789474800164 -0.011868666096664699 0.030322869643881863 -0.020155497985110321 -0.05162464344002176 -0.017531135525907595 0.041589532749296672 -0.0083993720700272639 0.01720237882524021 0.0054063095045754133 0.032365027494709847 -0.0028794429993903321 0.033777519169207453 -0.024780091737215494 -0.016139221790623395 0.014019388948896023 0.014733306225385665 -0.027179893201430695 0.022102046128883092 0.040983441730770169 0.020679373462750408 0.016078190223845937 -0.040230859847409928 0.0088947761608736131 -0.0063152403680267165 0.025575821702192261 -0.0500207455378954 -0.0509491298704072
leaf_weight=1.6249818981668789 23.388867510817363 263.55307102366351 26.354388315854521 128.18432936398312 47.03536687232554 95.372468245030177 23.244322287919204 119.82178723572724 47.103549375839066 36.414803386665881 46.654161746060709 26.883427870445303 21.827726783230901 122.04818805807736 251.7215429469943 18.700711647514254 14.548655022983437 689.42951349529903 59.354245250229724 47.672165698080789 48.692470296216925 6.1540122660808256 98.983512558566872 18.876967329531908 58.016578077884333 43.579108834732324 7.7283947991454616 20.019033152173506 324.26813589573612 1.8787417502680908
leaf_count=55 21367 3254 5846 12987 185 24825 46902 23139 224 490 2992 13189 102 8659 842 133 849 3212 1954 45606 852 65 1903 83 16222 694 17237 636 814243 5303
internal_value=0 0.00805509 -0.00221466 -0.00588718 0.0153581 -0.0132676 -0.0428657 -0.00657573 0.021542 0.0257731 -0.00368661 -0.0240324 0.00687802 -0.00740787 0.0290451 0.0149664 0.00450558 0.0110458 -0.00112179 -0.0154299 0.00991267 -0.00834509 0.0159612 -0.00425513 -0.0277486 -0.00660065 -0.0483557 0.00113026 -0.0493469 0.0130145
internal_weight=0 2305.84 958.275 829.971 1347.56 485.321 433.3 331.932 128.304 394.577 308.543 97.7999 58.2425 261.889 336.335 84.613 344.65 952.983 231.118 74.5556 81.2009 32.5084 113.532 37.5777 153.389 171.763 335.5 142.067 327.772 3.50372
internal_count=1074050 131515 123214 116227 8301 97840 942535 56793 6987 1835 35426 105697 592 32434 1243 401 18387 6466 15635 58795 6763 5911 2752 216 41047 13681 836838 9295 819601 5358
is_linear=0
shrinkage=0.05


Tree=61
num_leaves=31
num_cat=0
split_feature=0 0 40 0 0 93 50 82 74 83 40 82 94 76 2 82 74 40 57 3 40 89 82 48 62 68 2 68 82 3
split_gain=356.627 67.8199 31.4357 26.9476 17.667 17.5272 12.8171 10.5959 10.2076 9.11403 8.60238 8.1465 7.88081 8.62605 7.87868 7.48688 7.59708 7.137 7.00852 6.62907 6.56837 6.55138 8.26858 6.44602 6.21348 6.1006 5.64299 5.64059 5.44535 5.38204
threshold=0.043984350660107828 0.48090646582193369 172.50000000000003 0.94875966535953815 0.0088049481694041625 0.65857850000000007 1.0000000180025095e-35 0.54931550000000018 7.5000000000000009 10.000000000000002 1.0000000180025095e-35 0.53855800000000009 1.5000000000000002 579.50000000000011 189759.50000000003 0.61170350000000007 8.5000000000000018 98.500000000000014 7.5000000000000009 284909.00000000006 1.0000000180025095e-35 1.5000000000000002 0.55990050000000002 2.5000000000000004 1.5000000000000002 21.500000000000004 238.50000000000003 43.500000000000007 0.60515800000000008 643.50000000000011
decision_type=2 2 2 2 2 2 2 2 2 2 2 2 2 2 2 2 2 2 2 2 2 2 2 2 2 2 2 2 2 2
left_child=4 6 3 5 28 15 11 -7 20 -6 -5 -2 13 14 24 16 21 -8 -12 26 -9 22 -3 -17 29 -22 -10 -11 -1 -4
right_child=1 2 12 10 9 7 17 8 19 27 18 -13 -14 -15 -16 23 -18 -19 -20 -21 25 -23 -24 -25 -26 -27 -28 -29 -30 -31
leaf_value=-0.050188432554600496 -0.045509360541662283 -0.061543360965321439 0.056229972293108658 0.012349883156988565 -0.039347626545390139 -0.033308145596464535 0.0026066638078822198 0.0069730077041949383 -0.058818594705955331 0.014633959502931225 0.024685789899886693 -0.013178986709644272 0.04915399617804761 0.033696047458973977 -0.040184945391476719 0.026050607773771408 -0.037258433156395626 0.050838740954493401 -0.019385633124809402 -0.018797204666033782 -0.011765915641437875 -0.00076968795023557492 -0.013130897407099402 -0.010688275119764432 0.033161473303416171 0.021414209389435765 0.0086957902606904624 -0.0211138220596323 -0.026410738044413046 -0.017664574054091286
leaf_weight=293.80187270708302 20.812122367477059 10.363222111525827 2.941373870358805 585.25422696478199 47.178526214853264 15.210433466869288 52.280098728449957 255.85474446701119 3.2467397639993569 17.099047082705511 259.53891677386127 305.44859051640924 44.757076270878315 99.388241355220089 7.2111968259268897 27.140748806297779 25.927379501357791 8.9884519129409437 9.345785088837145 46.85603934910614 14.944915105734252 110.91849246252241 59.21808672285988 21.316575076314621 23.847772692708531 189.68058157025371 66.210987227794249 31.114613839803496 26.227800020817085 15.186696140561251
leaf_count=754698 29399 3024 11 2740 69419 3081 5383 4375 163 6372 1051 66747 96 390 221 412 2030 111 94 1143 238 4228 2826 622 358 1446 1180 29906 82140 146
internal_value=0 0.00775727 0.011656 0.00948456 -0.0426103 0.00316444 -0.0113009 0.00788422 0.00897048 -0.023724 0.015751 -0.0152413 0.0307613 0.0252206 0.00809507 -0.0077979 -0.0119498 0.00968259 0.023154 -0.00426411 0.0123134 -0.0083144 -0.0203413 0.00988902 0.0163893 0.0189909 0.00553989 -0.00843582 -0.0482397 -0.0056748
internal_weight=0 2281.89 1894.36 1701.03 415.422 846.889 387.529 592.004 576.794 95.3922 854.139 326.261 193.332 148.575 49.187 254.885 206.427 61.2686 268.885 116.314 460.48 180.5 69.5813 48.4573 41.9758 204.625 69.4577 48.2137 320.03 18.1281
internal_count=1074050 131515 29875 28653 942535 24768 101640 11626 8545 105697 3885 96146 1222 1126 736 13142 12108 5494 1145 2486 6059 10078 5850 1034 515 1684 1343 36278 836838 157
is_linear=0
shrinkage=0.05


Tree=62
num_leaves=31
num_cat=0
split_feature=0 0 91 101 50 0 93 82 40 2 89 93 101 68 3 74 40 100 46 82 60 36 82 40 102 99 76 0 101 76
split_gain=336.688 63.5417 27.8352 23.737 18.1487 17.4273 17.2014 13.4515 11.9325 11.8703 11.8612 11.6954 9.10747 8.86919 10.2775 8.49537 8.47551 8.02129 9.50737 7.56468 8.43595 7.43677 7.42181 7.41651 7.12037 6.6238 6.53873 6.26341 6.22907 6.10472
threshold=0.043984350660107828 0.7740980979447657 0.58333333333350013 0.053591500000000007 1.0000000180025095e-35 0.0083575017706393109 1.6797010000000003 0.5425715000000001 5589.0000000000009 746738.00000000012 1.5000000000000002 0.65857850000000007 0.030463500000000001 43.500000000000007 115433.50000000001 6.5000000000000009 6.5000000000000009 1.5000000000000002 1.0000000180025095e-35 0.60515800000000008 3.5000000000000004 18470.500000000004 0.57480350000000013 1.0000000180025095e-35 11.500000000000002 0.079070500000000002 631.50000000000011 0.42569895731548962 0.030463500000000001 679.50000000000011
decision_type=2 2 2 2 2 2 2 2 2 2 2 2 2 2 2 2 2 2 2 2 2 2 2 2 2 2 2 2 2 2
left_child=5 2 4 6 7 19 8 -2 10 16 17 -9 22 -12 -15 27 21 18 28 -1 -21 -8 -7 -6 25 -20 -17 -13 -3 -11
right_child=1 3 -4 -5 23 12 9 11 -10 29 13 15 -14 14 -16 26 -18 -19 24 20 -22 -23 -24 -25 -26 -27 -28 -29 -30 -31
leaf_value=-0.050297271584135744 -0.042015073481247583 -0.0058688259525140575 0.038898871876182316 0.030280155548561474 0.00014291620395215742 -0.047946817890834888 0.017652503605371402 -0.018144885293591533 0.048081503192818821 -0.019864215127131345 0.017088893330451715 -0.0069288440846406417 0.0072823283921341535 0.011761536723526448 -0.004370440613530575 -0.02320151538286739 0.033415274813581634 -0.025936496021982138 -0.076498928520696646 -0.039124818138869151 0.026189026877696059 -0.050002532872525818 -0.016584138023146556 0.025974485346149313 -0.010768418585142596 0.030706520769341539 0.01267688384176404 0.0093167546708190201 -0.057255025368644845 0.032369646588201476
leaf_weight=281.64880868133514 32.4549061818052 104.24016379899695 34.592329363920726 180.11897484585643 65.285398645784881 35.408712326197929 371.08018458553124 206.67457550164545 17.012898699846119 28.564246426947648 227.48706307960674 109.24360115480522 19.239850632544403 226.58335973392241 174.97269903100096 68.687371876309044 98.148729500360787 36.306237784854602 1.4930709328036744 18.616727407927105 6.7314117453825011 4.1068077094969331 40.370335056106342 48.376996953840717 17.695068487926619 41.181820359779522 15.579225242137907 129.85632396765868 6.2512033623643211 6.9559087920933953
leaf_count=751004 38189 1555 130 810 5494 69174 1969 47535 63 330 1724 14104 8181 2170 1698 7889 354 814 50 66261 15464 196 32451 1338 505 288 697 3533 58 22
internal_value=0 0.00752142 -0.00484759 0.0132219 -0.00708566 -0.042151 0.0109662 -0.010768 0.00662689 0.018242 0.00578348 -0.00885466 -0.0234388 0.0092009 0.00473224 -0.00291696 0.020334 -0.00459315 -5.79183e-05 -0.0479427 -0.0217802 0.0169119 -0.0312387 0.0111374 0.0158984 0.0269557 -0.0165683 0.00189422 -0.00877607 -0.00963526
internal_weight=0 2252.95 710.751 1542.2 676.158 402.016 1362.08 562.496 853.224 508.856 836.211 530.041 95.0189 629.043 401.556 323.367 473.336 207.168 170.861 306.997 25.3481 375.187 75.779 113.662 60.37 42.6749 84.2666 239.1 110.491 35.5202
internal_count=1074050 131515 118909 12606 118779 942535 11796 111947 8925 2871 8862 73758 109806 5592 3868 26223 2519 3270 2456 832729 81725 2165 101625 6832 843 338 8586 17637 1613 352
is_linear=0
shrinkage=0.05


Tree=63
num_leaves=31
num_cat=0
split_feature=0 0 40 93 0 101 82 82 2 2 42 98 36 64 93 0 72 40 89 93 57 48 101 60 48 82 68 66 68 95
split_gain=318.286 61.9326 29.033 20.0725 17.6069 14.5027 13.3773 11.1429 10.6726 12.4342 10.6391 10.4271 10.4056 9.68667 8.63026 8.28052 9.72254 7.79565 7.68865 7.41474 7.37153 8.48895 6.90679 6.85653 6.77829 6.54588 6.41132 6.28034 6.34371 8.45039
threshold=0.043984350660107828 0.60678019017954943 34.500000000000007 0.75316150000000015 0.0019437620776660012 0.031041000000000003 0.55671950000000014 0.55108450000000009 2826.5000000000005 156.50000000000003 6.5000000000000009 2.9166666666650003 382.50000000000006 1.0000000180025095e-35 0.65046950000000014 0.94875966535953815 59.125000000000007 102.50000000000001 2.5000000000000004 1.7249155 4.5000000000000009 5.5000000000000009 0.12960100000000002 13.500000000000002 6.5000000000000009 0.55804050000000005 126.50000000000001 0.080083500000000016 104.50000000000001 0.001433
decision_type=2 2 2 2 2 2 2 2 2 2 2 2 2 2 2 2 2 2 2 2 2 2 2 2 2 2 2 2 2 2
left_child=4 5 3 12 -1 7 -6 -2 9 -5 13 -11 20 27 -8 16 -4 -7 22 23 -3 -22 -14 -12 26 -16 -15 28 29 -10
right_child=1 2 15 8 6 17 14 -9 10 11 19 -13 18 24 25 -17 -18 -19 -20 -21 21 -23 -24 -25 -26 -27 -28 -29 -30 -31
leaf_value=-0.049913953392683903 -0.038184936256549611 0.012589641035907238 0.024898777284604341 -0.003838726980132998 -0.051030879743736317 0.0012407989740974212 -0.03413159452715523 -0.01013743309990141 -0.075633412023798363 0.038072402131788731 0.025471155029803988 0.017108277908383096 -0.012585465061811272 0.011151144871962528 0.054067983818117407 0.037792657257049139 -0.0077631882666975285 0.036067123140924993 0.0095428164941492866 0.031434145315240504 -0.064282525565628676 0.0045819540591672996 0.068829008496947341 -0.0039558562966750758 -0.05218251419442671 -0.0093924078554115734 0.033645978181216667 0.048511087980942946 0.0078783762332335829 -0.004837609926969565
leaf_weight=246.42158390020086 39.485943735362525 157.57519005646463 147.90613586525433 44.622055456013186 42.826363074631445 72.038240437832428 43.397398752631489 343.21503133372971 4.3148869036813258 93.436661771964282 37.463139018975198 162.41098811756819 193.14959698775783 220.30489444057457 4.4244643922611422 102.01953994180076 26.93322493051528 20.681754495068162 55.861210212227888 80.807516419212334 6.9597366161178824 12.535284874960778 2.6406454499810925 41.972170389140956 3.8817962431930928 49.810796316896813 36.994428192730993 6.6596484137698999 131.07707158318954 182.15190436736157
leaf_count=697189 44773 2224 781 474 104481 6522 87620 58506 82 377 309 1175 6679 1576 817 324 591 242 795 508 153 270 10 495 57 52428 179 25 1050 3338
internal_value=0 0.00727188 0.0116157 0.00882669 -0.0418609 -0.00873283 -0.0277327 -0.0130313 0.0125609 0.0205167 0.00935497 0.0247645 -0.000285009 0.00623012 -0.017513 0.0264726 0.0198673 0.00900902 -0.00681916 0.0207704 0.0090013 -0.0200027 -0.0114874 0.00992246 0.0133961 -0.00421537 0.0143854 0.000457157 -0.000550648 -0.00647584
internal_weight=0 2227.1 1751.68 1474.82 386.881 475.421 140.459 382.701 1046.1 300.47 745.627 255.848 428.722 585.385 97.6327 276.859 174.839 92.72 251.651 160.243 177.07 19.495 195.79 79.4353 261.181 54.2353 257.299 324.204 317.544 186.467
internal_count=1074050 131515 21472 19776 942535 110043 245346 103279 9645 2026 7619 1552 10131 6307 140865 1696 1372 6764 7484 1312 2647 423 6689 804 1812 53245 1755 4495 4470 3420
is_linear=0
shrinkage=0.05


Tree=64
num_leaves=31
num_cat=0
split_feature=0 0 64 76 40 40 0 40 82 43 74 90 0 83 3 2 98 66 93 96 50 3 44 68 82 87 3 3 74 96
split_gain=302.994 60.737 31.1381 21.9482 20.5701 17.6888 16.7759 14.1731 11.3554 10.398 10.1501 9.63923 9.26421 8.77498 7.9883 7.64983 8.85977 8.1074 7.69795 7.53293 7.47327 6.94994 6.9126 6.6012 6.60012 6.99593 6.52049 8.32675 8.452 6.21859
threshold=0.043984350660107828 0.86620967868038068 1.0000000180025095e-35 576.50000000000011 1.0000000180025095e-35 1.0000000180025095e-35 0.0088049481694041625 45.500000000000007 0.54744950000000003 1.0000000180025095e-35 8.5000000000000018 35.500000000000007 0.26731028589363609 10.000000000000002 3321.0000000000005 2826.5000000000005 2.9166666666650003 0.059568000000000003 0.7350350000000001 0.091070500000000013 1.0000000180025095e-35 38.500000000000007 1.0000000180025095e-35 101.50000000000001 0.60515800000000008 2.5000000000000004 40642.000000000007 7534.5000000000009 10.500000000000002 0.038825500000000006
decision_type=2 2 2 2 2 2 2 2 2 2 2 2 2 2 2 2 2 2 2 2 2 2 2 2 2 2 2 2 2 2
left_child=6 2 3 29 15 11 24 9 -6 12 21 19 20 -8 -7 16 -3 -17 23 -4 -5 -10 -23 -18 -1 -26 27 28 -20 -2
right_child=1 4 5 7 8 14 13 -9 10 -11 -12 -13 -14 -15 -16 17 18 -19 26 -21 -22 22 -24 -25 25 -27 -28 -29 -30 -31
leaf_value=-0.050067005058492847 -0.01318141905270682 0.032173910089573793 -0.02120411912358228 -0.026518445107779683 -0.028924288284788203 -0.029920679996704919 -0.039073305441522543 0.020331054848357188 0.051054689495491759 0.018073702055598953 0.00044926727524190516 0.017688188108008325 -0.0036863144102705948 -0.0077031068667380688 0.030273036973463563 0.0048172996509204379 -0.029572800090154384 0.050690568242562378 0.026082262512187371 0.015536744229435739 0.019543906538700754 0.021728790114210417 0.044166400327051214 0.014068029922683217 0.028212589261021794 -0.037056433028086345 0.044090273970560256 -0.0097496851131329502 -0.023870664358883006 -0.030682374226198524
leaf_weight=258.44865420887982 101.26848976346082 64.927874161861837 54.089714076872042 84.965680368746689 10.797478907508774 5.8100980330127632 43.191640279272178 60.265726089306554 24.49931338056922 41.772783898028138 45.764438955811784 45.069302542528021 283.24775454705377 46.069644007417082 107.34914929176739 531.91529079549946 19.69967870763503 9.8093050662428123 71.330595968989655 18.799935323128011 9.8236843261984159 394.76600046339445 37.595474913716316 15.469717858592047 5.2856448950151416 18.388685138448636 17.808975637890399 32.683186082169414 9.6086083408445102 101.76663597411425
leaf_count=754698 24096 263 7557 24370 274 546 69419 1199 66 3352 444 1812 15439 36278 1606 4127 284 40 298 702 1061 1883 112 148 13375 68765 63 207 92 41474
internal_value=0 0.00704918 -0.00280461 -0.00817196 0.0140506 0.0130596 -0.041775 -0.00234349 0.0218091 -0.00559852 0.022899 -0.00048865 -0.00821429 -0.0228825 0.0271824 0.00889918 0.0165063 0.00564795 0.0104003 -0.0117278 -0.0217447 0.0251478 0.0236798 -0.0103768 -0.0477524 -0.0224842 0.0159601 0.011551 0.0201522 -0.0219534
internal_weight=0 2200.9 914.229 683.111 1286.68 231.118 371.384 480.076 513.423 419.81 502.625 117.959 378.037 89.2613 113.159 773.253 231.529 541.725 166.601 72.8896 94.7894 456.861 432.361 35.1694 282.123 23.6743 131.431 113.622 80.9392 203.035
internal_count=1074050 131515 123214 110991 8301 12223 942535 45421 2779 44222 2505 10071 40870 105697 2152 5522 1355 4167 1092 8259 25431 2061 1995 432 836838 82140 660 597 390 65570
is_linear=0
shrinkage=0.05


Tree=65
num_leaves=31
num_cat=0
split_feature=0 0 40 0 83 0 82 68 82 89 40 101 82 93 101 74 40 76 93 89 93 68 76 82 2 42 87 48 93 102
split_gain=286.957 57.4533 22.9852 21.2042 16.8058 16.44 15.5519 13.5523 13.2723 9.84658 9.07192 9.17991 8.2138 8.08001 9.77707 6.41971 6.17626 6.51526 6.45293 6.3504 6.80683 5.95392 5.81053 5.69468 5.6492 11.7158 9.59799 7.96081 7.9544 10.2493
threshold=0.043984350660107828 0.68981449621504665 172.50000000000003 0.94875966535953815 8.5000000000000018 0.0083575017706393109 0.5823505000000001 120.50000000000001 0.62900550000000011 3.5000000000000004 1.5000000000000002 0.039101000000000004 0.55671950000000014 1.7729355000000002 0.097439000000000012 6.5000000000000009 1.0000000180025095e-35 617.50000000000011 0.81108300000000011 2.5000000000000004 0.98972350000000009 43.500000000000007 670.50000000000011 0.60515800000000008 2463.5000000000005 3.5000000000000004 3.5000000000000004 1.5000000000000002 2.2745200000000003 5.5000000000000009
decision_type=2 2 2 2 2 2 2 2 2 2 2 2 2 2 2 2 2 2 2 2 2 2 2 2 2 2 2 2 2 2
left_child=5 4 3 6 8 23 9 15 -2 -3 11 -8 -7 14 22 16 18 19 -6 20 -18 -14 -5 -1 -15 26 28 -28 -26 -30
right_child=1 2 -4 13 7 12 10 -9 -10 -11 -12 -13 21 24 -16 -17 17 -19 -20 -21 -22 -23 -24 -25 25 -27 27 -29 29 -31
leaf_value=-0.049974718366525006 -0.022775469477654582 -0.012192630130581555 0.029848526291057116 0.010678906678331913 -0.023576868307275706 -0.051271392141556953 -0.001109678467716043 0.020674069073320506 0.0151577781602317 0.02830268666517155 0.017739731783024328 0.02262654463519689 0.0047824957314045171 0.029842563278387559 0.048037463443233321 -0.017461753949688432 0.0058203678316866856 0.037818439399144282 0.00095286185305196993 0.028043373625580542 -0.031973779320838468 -0.025853611908357645 -0.025993125713257084 -0.023626133015829651 0.03980289742656562 0.030700862216923759 0.0091525018547426434 -0.037667135889904314 0.041296732248887302 -0.010744686275768828
leaf_weight=245.47100736775155 186.19024872503178 180.6315425089997 155.74992552786716 479.94852437020745 42.599952388751262 19.782669151985829 244.99498184025288 63.418953349810181 26.31888522853842 16.371776631567627 156.50264035537839 48.856951494235545 24.944772454500708 121.00182527955621 17.357049636542797 74.806278911710251 40.846900468575768 16.373791376521694 72.337659768105368 19.128004584614246 16.818752531005885 43.540610793714222 11.05023254919797 22.375923441697523 23.362913586199284 77.619021962396801 17.137816217262298 19.30761477840133 13.216687696054576 33.294369022361934
leaf_count=751004 74730 6462 715 2623 9131 48659 4173 4684 1906 161 1074 439 13686 388 45 11809 4644 227 5466 689 1320 47461 72 81725 82 288 76 118 48 145
internal_value=0 0.0068115 0.0115895 0.00964249 -0.0070084 -0.0416064 0.00289006 -0.000216374 -0.0180775 -0.0088273 0.00801571 0.0028368 -0.0228924 0.0150172 0.0111573 -0.00489929 -0.000383536 0.00918379 -0.00813873 0.00307836 -0.00520267 -0.0146949 0.00985358 -0.0477736 0.0214519 0.0159322 0.00515025 -0.015651 0.016 0.00404352
internal_weight=0 2175.24 1616.4 1460.65 558.839 356.115 647.358 346.33 212.509 197.003 450.355 293.852 88.2681 813.296 508.356 282.911 208.105 93.1674 114.938 76.7937 57.6657 68.4854 490.999 267.847 304.94 183.938 106.319 36.4454 69.874 46.5111
internal_count=1074050 131515 16909 16194 114606 942535 12309 37970 76636 6623 5686 4612 109806 3885 2740 33286 21477 6880 14597 6653 5964 61147 2695 832729 1145 757 469 194 275 193
is_linear=0
shrinkage=0.05


Tree=66
num_leaves=31
num_cat=0
split_feature=0 0 40 82 0 0 69 82 82 89 94 68 82 82 99 40 93 99 2 0 101 74 68 82 89 92 101 90 83 82
split_gain=272.094 55.8853 26.1969 21.7422 19.1057 16.0139 13.4501 12.6109 11.9202 11.9003 11.6416 10.8955 11.3565 10.2337 8.65568 8.19355 8.15056 7.75387 8.2332 6.75274 6.7925 6.5901 8.12069 7.12465 6.53084 6.41207 7.22357 6.11407 7.82877 6.18363
threshold=0.043984350660107828 0.48090646582193369 1.0000000180025095e-35 0.55108450000000009 0.94875966535953815 0.0019437620776660012 3.5000000000000004 0.58948950000000011 0.55671950000000014 1.5000000000000002 1.5000000000000002 106.50000000000001 0.61380900000000016 0.56713550000000013 0.056200000000000007 383.50000000000006 0.65046950000000014 0.12383150000000001 206877.50000000003 0.94875966535953815 0.12285950000000002 6.5000000000000009 95.500000000000014 0.58068350000000002 1.5000000000000002 2.5000000000000004 0.098647000000000012 17.500000000000004 4.5000000000000009 0.56552350000000018
decision_type=2 2 2 2 2 2 2 2 2 2 2 2 2 2 2 2 2 2 2 2 2 2 2 2 2 2 2 2 2 2
left_child=5 13 4 14 11 -1 7 9 -7 10 -5 12 24 -2 -4 -15 -10 18 21 20 25 -11 -23 -24 -3 26 -9 28 -6 -30
right_child=1 2 3 6 27 8 -8 19 16 17 -12 -13 -14 15 -16 -17 -18 -19 -20 -21 -22 22 23 -25 -26 -27 -28 -29 29 -31
leaf_value=-0.049622087625088157 -0.027869497485796271 -0.028163433811861774 0.014204413761897376 -0.018244532070635082 0.031705616943249436 -0.050899330162584779 0.043254094652419979 0.0082031098804051083 -0.034579469183071886 0.026644670997145976 0.060656583941127162 0.0085974153315911024 0.0056807388105981575 -0.0089287552809847927 -0.044739379389462153 0.030151064034773106 -0.0042824420410149345 -0.056969589085401257 -0.0033146874492534805 0.029819604668095984 0.04379129707830752 0.030527063581401972 -0.039544998340994744 0.017800417600561124 -0.0087561764942903908 0.022800202828404594 -0.058314968761608632 0.014316052018127046 -0.057230732208041347 -0.00051220596251570836
leaf_weight=215.63086931608177 73.922298031611717 60.656499167424045 9.2147019625699631 53.51677667858894 18.931000957731158 37.746663495903704 52.73525136441458 102.20056158991065 39.247340843551683 119.65489066939335 5.1225294843316069 153.58302911690407 106.96529669279698 275.29941911375863 19.217143836383912 14.099336148719884 51.103194464438275 3.7609144692250984 45.252681583515368 178.6828761510551 21.429784734267741 15.570218126638791 13.441459296038376 9.0719532836228591 151.92463791991759 108.97619316074997 4.2512031970545641 418.15275085356552 5.0301819872111073 107.55960576201323
leaf_count=697189 59167 5243 306 1681 119 104481 179 1122 87620 842 10 3310 2082 42047 3648 426 53245 283 470 706 76 142 233 98 5982 686 36 1815 67 739
internal_value=0 0.00660887 0.0102473 0.0172648 0.00501859 -0.041304 0.0189273 0.0170433 -0.0273018 0.00852888 -0.011352 -0.00234717 -0.00760745 -0.0112659 -0.0256358 -0.00702481 -0.0174432 0.0141675 0.0154855 0.0224811 0.0169451 0.020879 0.00276379 -0.0164372 -0.0142937 0.0142745 0.00554668 0.0113586 0.00195593 -0.00304622
internal_weight=0 2148.22 1784.9 762.099 1022.8 343.728 733.667 680.932 128.097 265.391 58.6393 473.129 319.546 363.321 28.4318 289.399 90.3505 206.752 202.991 415.541 236.858 157.739 38.0836 22.5134 212.581 215.428 106.452 549.674 131.521 112.59
internal_count=1074050 131515 29875 10518 19357 942535 6564 6385 245346 3759 1691 16617 13307 101640 3954 42473 140865 2068 1785 2626 1920 1315 473 331 11225 1844 1158 2740 925 806
is_linear=0
shrinkage=0.05


Tree=67
num_leaves=31
num_cat=0
split_feature=0 0 85 83 40 0 82 74 79 74 68 93 98 101 76 40 74 96 102 96 102 76 96 36 68 93 62 82 82 60
split_gain=258.638 53.5782 28.3562 19.3139 17.9233 15.6696 13.1878 11.8129 9.88973 9.8732 8.81218 8.44521 8.29982 7.73203 7.71904 7.51132 7.01689 8.93291 7.77736 6.96783 6.89839 6.60893 6.5699 6.53424 6.51979 6.45653 6.33798 6.08067 6.0529 6.00364
threshold=0.043984350660107828 0.86620967868038068 0.062555500000000014 130.00000000000003 2.5000000000000004 0.0083575017706393109 0.60433850000000011 5.5000000000000009 151.50000000000003 7.5000000000000009 126.50000000000001 1.8222090000000002 7.083333333335001 0.030463500000000001 582.50000000000011 9120.5000000000018 2.5000000000000004 0.046282000000000011 9.5000000000000018 0.091070500000000013 17.500000000000004 657.50000000000011 0.038034500000000006 1043.5000000000002 57.500000000000007 0.30652200000000002 2.5000000000000004 0.57480350000000013 0.53370050000000002 3.5000000000000004
decision_type=2 2 2 2 2 2 2 2 2 2 2 2 2 2 2 2 2 2 2 2 2 2 2 2 2 2 2 2 2 2
left_child=5 2 3 6 11 -1 8 10 9 28 -5 -3 14 27 22 20 17 -13 29 23 -14 -8 25 -9 -16 -6 -19 -7 -2 -18
right_child=1 4 -4 7 12 13 21 19 -10 -11 -12 16 15 -15 24 -17 18 26 -20 -21 -22 -23 -24 -25 -26 -27 -28 -29 -30 -31
leaf_value=-0.04748617338279229 -0.054036426381283635 0.0056935231508776886 0.033907073645385713 0.0046928432154248701 -0.015927542862911426 -0.047020055724274756 -0.0040813294824925657 -0.020268140886735418 -0.040261247770797016 -0.04122125244229774 0.028608696968010036 -0.06418568576432937 -0.052632532961883964 0.0066777319101501394 0.017319084702873272 0.048117129034183179 0.016345138089159775 0.01811468316527998 0.025954043132045621 0.017074164579909828 0.0043067580858519609 0.030006748164210974 -0.0011140709062428613 -0.00065250726731724059 0.036635152900252675 0.034119430623655626 -0.042280991658043519 -0.016660363290014649 -0.0090801738356628154 -0.0075622444619760773
leaf_weight=246.43166951298008 7.7950857603500472 574.41191479028203 49.067232768225949 191.05661854056962 7.6745459875091901 30.066191702697324 104.52320991492888 87.306617941685545 46.542264402967703 30.968127357289632 48.242597854892665 5.504695577081292 6.1306050028651944 17.865000682742902 61.574687837157398 8.4171447493135911 87.768400412984192 21.244895978830758 154.66921260673553 25.978203466860577 40.201681946520694 16.45775636768667 41.327328327577561 82.64197239310306 150.36473180120811 40.205393000505865 5.4603645040187976 36.533328861563859 189.60761490701771 37.470798829570413
leaf_count=832729 7460 4898 237 10283 44 69174 8638 9654 39531 8143 1299 75 77 8181 256 28 427 98 708 864 487 413 248 6912 535 160 62 32451 29780 198
internal_value=0 0.00640963 -0.00302829 -0.00520886 0.0130959 -0.0411161 -0.0132006 0.00206064 -0.0192544 -0.0149732 0.00951427 0.00929082 0.0225741 -0.0225311 0.0258298 0.00466632 0.0159112 -0.00618901 0.0184543 -0.00704299 -0.00322735 0.000555873 0.0134911 -0.0107295 0.0310233 0.0260975 0.00576572 -0.0303662 -0.0108554 0.0091922
internal_weight=0 2122.61 880.187 831.12 1242.43 330.896 395.894 435.226 274.913 228.371 239.299 886.53 355.896 84.4645 301.147 54.7494 312.118 32.21 279.908 195.927 46.3323 120.981 89.2073 169.949 211.939 47.8799 26.7053 66.5995 197.403 125.239
internal_count=1074050 131515 123214 122977 8301 942535 93965 29012 84914 45383 11582 6466 1835 109806 1243 592 1568 235 1333 17430 564 9051 452 16566 791 204 160 101625 37240 625
is_linear=0
shrinkage=0.05


Tree=68
num_leaves=31
num_cat=0
split_feature=0 0 40 0 82 0 1 82 89 93 2 87 99 2 82 40 40 87 82 93 69 93 82 42 95 45 64 90 82 96
split_gain=244.85 52.0594 25.2348 20.0017 16.5677 15.2555 14.0829 9.58923 9.57999 9.55354 9.4023 7.73272 7.323 8.03095 7.20007 7.11969 6.74619 6.44317 5.97489 5.68934 5.56638 5.52079 6.76098 7.11727 5.83781 5.51076 5.27049 5.24193 5.22683 8.05425
threshold=0.043984350660107828 0.48090646582193369 2.5000000000000004 0.94875966535953815 0.5823505000000001 0.0088049481694041625 1.0000000180025095e-35 0.56713550000000013 1.5000000000000002 1.5939485000000002 8.9884656743000007e+307 2.5000000000000004 0.086886500000000019 170500.00000000003 0.55671950000000014 383.50000000000006 1918.5000000000002 1975.5000000000002 0.60515800000000008 0.46779550000000009 2.5000000000000004 0.65046950000000014 0.58904350000000016 2.5000000000000004 0.046821000000000008 2.5000000000000004 1.0000000180025095e-35 28.500000000000004 0.5720225000000001 0.019854000000000004
decision_type=2 2 2 2 2 2 2 2 2 2 2 2 2 2 2 2 2 2 2 2 2 2 2 2 2 2 2 2 2 2
left_child=5 7 3 9 6 18 8 -2 16 -3 11 -6 13 17 -7 -9 -4 -10 -1 -15 -16 22 -13 -24 -23 -21 -11 -28 29 -5
right_child=1 2 4 28 10 14 -8 15 12 26 -12 21 -14 19 20 -17 -18 -19 -20 25 -22 24 23 -25 -26 -27 27 -29 -30 -31
leaf_value=-0.049682110765141868 -0.027667500532476044 -0.0062186909044735271 -0.031071239724701067 0.04863191775456608 0.034146700496428414 -0.051141537730847536 0.056089564014587472 -0.0089355783363515209 0.027426001953077119 0.0010619728747493047 0.00094886429025418234 -0.041204530035604973 -0.012810772061132226 -0.062761574370388609 -0.016597624164629815 0.027985707276548685 0.017883203462509347 -0.047415291149390304 -0.021387268832057924 0.017687815708210177 0.088690713831560131 0.030763700525924934 0.032702183304803574 -0.01458865360799342 0.0071843169457290537 -0.080430559659318945 -0.017537764248840321 0.022318778438030502 0.013495189977494338 -0.0049658727085390335
leaf_weight=216.90892897314188 71.251880277337477 353.44607059049304 30.919769936037483 7.7299176082015029 177.70352095039561 16.939928845697068 12.587503308430312 269.45966431151101 62.842136054649018 127.43576204092824 38.959379353036638 7.1279070831951676 29.399548071014578 4.5538769422710166 62.993766270958076 13.722037085681221 9.1111656584253051 3.0137043157301369 20.413457754588308 9.7688798161980195 1.2808384072013712 94.264044773299247 18.680828932090662 13.858248130418358 36.380701630958356 1.6766461990773684 9.3717268274631333 68.897764816763811 551.86808408692013 75.181287713814527
leaf_count=754698 59167 15772 2602 26 705 46902 30 42047 563 3157 301 128 887 147 58398 426 118 165 82140 124 397 467 180 115 326 13 136 727 2644 542
internal_value=0 0.00619821 0.00974707 0.00566269 0.0185997 -0.0408473 0.00527456 -0.0112718 0.00104657 -0.00123273 0.0242426 0.0268503 0.00859388 0.0162817 -0.0221424 -0.0071465 -0.0199291 0.0240011 -0.0472483 -0.0154926 -0.0144995 0.0192371 0.00289986 0.0125612 0.0241975 0.00331453 0.00733422 0.0175465 0.0117366 3.11178e-05
internal_weight=0 2099.21 1744.78 1193.93 550.848 318.537 163.873 354.434 151.286 559.151 386.975 348.015 111.255 81.8552 81.2145 283.182 40.0309 65.8558 237.322 15.9994 64.2746 170.312 39.667 32.5391 130.645 11.4455 205.705 78.2695 634.779 82.9112
internal_count=1074050 131515 29875 23004 6871 942535 4649 101640 4619 19792 2222 1921 1899 1012 105697 42473 2720 728 836838 284 58795 1216 423 295 793 137 4020 863 3212 568
is_linear=0
shrinkage=0.05


Tree=69
num_leaves=31
num_cat=0
split_feature=0 0 64 82 40 0 40 69 82 68 68 90 2 46 66 90 36 93 101 76 43 89 89 102 99 66 74 74 66 82
split_gain=231.945 50.2847 27.9374 20.3361 18.7663 15.2137 13.3961 12.4941 10.9568 9.96777 17.2647 9.5124 8.95463 8.63895 7.74943 7.30591 7.16207 7.08336 6.4136 6.3216 7.67616 6.42393 5.90893 6.00772 6.10116 5.73125 5.75005 7.32633 5.59094 5.55268
threshold=0.043984350660107828 0.94875966535953815 1.0000000180025095e-35 0.56680450000000004 3.5000000000000004 0.0019437620776660012 6.5000000000000009 3.5000000000000004 0.55671950000000014 104.50000000000001 99.500000000000014 35.500000000000007 593143.50000000012 1.5000000000000002 0.15069600000000002 15.500000000000002 571.50000000000011 0.65046950000000014 0.021637500000000004 577.50000000000011 1.0000000180025095e-35 3.5000000000000004 1.5000000000000002 217.50000000000003 0.092011000000000009 0.096819500000000017 1.0000000180025095e-35 6.5000000000000009 0.10050650000000001 0.55804050000000005
decision_type=2 2 2 2 2 2 2 2 2 2 2 2 2 2 2 2 2 2 2 2 2 2 2 2 2 2 2 2 2 2
left_child=5 2 3 13 -3 -1 9 11 -7 10 19 14 15 22 28 16 -8 -10 -15 21 -21 -5 -2 -24 -25 26 -6 -28 -4 -19
right_child=1 4 7 6 25 8 12 -9 17 -11 -12 -13 -14 18 -16 -17 -18 29 -20 20 -22 -23 23 24 -26 -27 27 -29 -30 -31
leaf_value=-0.049303560573243671 -0.027627182766644977 0.011387075574378408 0.0015277114698134776 -0.025846360037799773 0.01475370243680372 -0.050733251266981409 0.015627634924485011 0.053416963534590439 -0.033614684510821412 0.0040295362941149531 -0.048359528034424663 0.019153059059823781 -0.010295054860030186 -0.042851529913533852 0.042553178341872888 0.02413349986468865 -0.027863089020796334 0.052069351581104754 0.016974409606624923 -0.0066128052368272907 0.021527789267685532 0.0340225105704893 0.011898955960962194 -0.0036546697593285329 -0.048460135332153577 0.054756030288583959 0.042327285175751447 0.014049719608635778 -0.047034465683542664 -0.0094577490958753438
leaf_weight=189.49725380860946 42.298465483179825 640.75093026517425 187.95981870550895 58.875689346419676 66.645875036832877 33.299878216857905 24.194600932227331 16.76796516450122 36.20830224479505 182.78634277646779 27.539472781892982 142.54478431737516 40.091557181156531 49.352469968596779 11.321261091157792 95.211529920154135 15.550852016036513 3.9962994129673453 4.9270878163952139 238.50870205971296 26.97429468781047 4.849703862448222 31.979088245578168 23.508955067263742 11.225965880332295 19.6663015820086 73.199751420877874 33.337654148926958 6.1198865361511698 44.500685829243594
leaf_count=697189 24240 3273 10736 9399 318 104481 506 58 87620 10291 4535 2692 1226 27801 34 1237 1253 817 519 15648 1406 125 3404 5284 7017 48 241 195 29 52428
internal_value=0 0.00600245 -0.000370927 -0.00520328 0.0155028 -0.0405272 -0.00156544 0.0112607 -0.0264339 -0.00546488 -0.0103295 0.0092291 0.0104534 -0.0211229 0.00234205 0.0166171 -0.0013886 -0.0168811 -0.037421 -0.00714817 -0.00375359 -0.0212901 -0.0130077 -0.00373852 -0.0181353 0.0291774 0.0262728 0.0334787 -3.59245e-06 -0.00438773
internal_weight=0 2076.19 1242.59 877.875 833.601 307.502 714.583 364.714 118.005 539.534 356.748 347.946 175.049 163.292 205.401 134.957 39.7455 84.7053 54.2796 329.208 265.483 63.7254 109.012 66.714 34.7349 192.85 173.183 106.537 194.08 48.497
internal_count=1074050 131515 127440 113891 4075 942535 45626 13549 245346 41404 31113 13491 4222 68265 10799 2996 1759 140865 28320 26578 17054 9524 39945 15705 12301 802 754 436 10765 53245
is_linear=0
shrinkage=0.05


Tree=70
num_leaves=31
num_cat=0
split_feature=0 0 0 82 40 40 89 40 83 90 74 82 2 36 101 72 64 99 62 82 82 101 90 76 68 40 36 87 60 98
split_gain=219.829 35.8863 31.7825 24.5878 23.6414 16.6405 14.4047 13.4493 11.0679 10.6351 9.5149 10.0228 7.74993 8.05125 7.33948 7.1639 6.8533 6.76945 6.26969 5.97325 5.70295 5.61608 5.46056 5.20465 5.17688 6.5655 5.60415 5.10724 5.59025 8.10023
threshold=0.11665055024126079 0.94875966535953815 0.0088049481694041625 0.58136350000000003 1.5000000000000002 3.5000000000000004 3.5000000000000004 951.00000000000011 10.000000000000002 28.500000000000004 8.5000000000000018 0.53576000000000013 567261.00000000012 519.50000000000011 0.032799500000000002 8.3666666666650027 1.0000000180025095e-35 0.12115500000000001 1.5000000000000002 0.60515800000000008 0.6232405000000002 0.061159000000000005 269.50000000000006 562.50000000000011 32.500000000000007 18.500000000000004 842.50000000000011 5.5000000000000009 23.500000000000004 3.2250000000000005
decision_type=2 2 2 2 2 2 2 2 2 2 2 2 2 2 2 2 2 2 2 2 2 2 2 2 2 2 2 2 2 2
left_child=2 3 19 6 9 -3 7 10 16 -5 11 -2 21 18 20 -16 -4 22 -14 -1 -11 -6 -13 -10 25 -15 -26 28 -21 -30
right_child=1 5 8 4 12 -7 -8 -9 23 14 -12 17 13 24 15 -17 -18 -19 -20 27 -22 -23 -24 -25 26 -27 -28 -29 29 -31
leaf_value=-0.049554422418826481 -0.047600468250100211 0.01085648434828166 -0.037645135791000393 -0.0077680685121817462 0.017144404756897144 0.027708570833774232 0.027904086255580884 0.021930892157005347 -0.044556630705364579 -0.0031226834176752115 -0.039042836130254027 -0.0089105846003803887 -0.0064597359412000115 -0.035942590692842821 0.038007152598461331 -0.0070671563647841627 0.0083821879288483222 -0.037316498568447438 0.032613054063773544 -0.013044881990452492 0.017374985627384137 0.035389894755537075 0.024567038522066001 -0.0029976021630963457 -0.063425524563869198 0.052941169943211491 -0.010018519911149448 -0.039154720140097937 0.98032015777591419 0.07723684946837045
leaf_weight=198.80545314009214 18.432025887903364 637.81404099962674 68.268540486413258 255.25254682451487 170.7791032721143 190.16073171712924 23.903664154116996 26.559814024232764 8.2606876429563254 121.11713862139732 36.717173246783204 227.78583423632517 17.356534235819709 3.6031470295856725 31.879058616934344 12.184401313308625 9.1742045675291575 20.111719440297747 25.134637272713007 4.8485424462560358 47.141326181474142 56.007264122803463 12.868721898659713 85.587685663922457 8.1048409500508587 4.9070455505861901 12.468485647332271 12.543176579594727 0.025178732135827775 1.7943134003144221
leaf_count=754698 18054 3273 97072 16002 2609 802 623 1259 15929 3698 6481 22462 209 139 355 274 4387 5469 307 20700 829 466 511 35599 157 36 210 60489 14 937
internal_value=0 0.00681557 -0.0343186 0.00103063 0.00612647 0.0147269 -0.0096225 -0.0122417 -0.0182012 -0.00089061 -0.0151147 -0.0119679 0.0171232 0.00277902 0.00737744 0.0255432 -0.0321925 -0.0094493 0.0166528 -0.0469817 0.00262019 0.0216503 -0.00712041 -0.0066557 -0.0174907 0.0153085 -0.0310582 -0.0203581 0.0150002 0.089734
internal_weight=0 1960.29 389.308 1132.31 765.936 827.975 366.379 342.475 171.291 467.574 315.915 279.198 298.361 71.5747 212.322 44.0635 77.4427 260.766 42.4912 218.017 168.258 226.786 240.655 93.8484 29.0835 8.51019 20.5733 19.2112 6.66803 1.81949
internal_count=1074050 84225 989825 80150 25291 4075 54859 54236 152987 21158 52977 46496 4133 1058 5156 629 101459 28442 516 836838 4527 3075 22973 51528 542 175 367 82140 21651 951
is_linear=0
shrinkage=0.05


Tree=71
num_leaves=31
num_cat=0
split_feature=0 0 93 40 0 101 74 82 82 76 3 99 95 101 2 82 100 2 40 43 40 36 85 2 93 93 68 100 93 95
split_gain=207.38 46.1411 20.6484 18.227 14.8781 13.0635 11.2676 10.3683 9.73148 9.70765 8.90471 8.76381 8.62806 9.12145 8.35844 8.3507 8.24222 8.48639 7.88763 7.83535 8.38288 7.84466 7.03327 7.28988 6.75194 6.65916 6.64989 6.07102 6.62252 5.97394
threshold=0.043984350660107828 0.60678019017954943 0.75316150000000015 6.5000000000000009 0.0019437620776660012 0.039101000000000004 8.5000000000000018 0.55671950000000014 0.5414135000000001 580.50000000000011 43454.500000000007 0.098177500000000015 0.017346500000000004 0.12960100000000002 156.50000000000003 0.53855800000000009 1.0000000180025095e-35 170500.00000000003 102.50000000000001 1.0000000180025095e-35 7753.0000000000009 170.50000000000003 0.059568000000000003 2826.5000000000005 0.65046950000000014 0.19720600000000002 42.500000000000007 1.5000000000000002 1.2725435000000003 0.060128000000000008
decision_type=2 2 2 2 2 2 2 2 2 2 2 2 2 2 2 2 2 2 2 2 2 2 2 2 2 2 2 2 2 2
left_child=4 5 6 10 -1 15 8 -6 -3 -8 14 -11 26 19 27 -2 17 -5 -7 20 21 -14 23 -12 -9 -23 -10 28 -4 -30
right_child=1 2 3 16 7 18 9 24 12 11 22 -13 13 -15 -16 -17 -18 -19 -20 -21 -22 25 -24 -25 -26 -27 -28 -29 29 -31
leaf_value=-0.049132570240629614 -0.045851954565866389 -0.046197964962064283 0.0050851232343686603 0.032395874368470044 -0.050495569037900569 0.0014569035550322951 -0.042214434068627162 -0.03324994438873604 0.024258905557496088 0.060078625673736986 0.031842512818279316 -0.011705421987080716 0.0115541738673865 0.04454196543817044 0.018831269760270622 -0.011061520536507406 -0.012355746919454059 0.01129710932191624 0.040621527721437643 0.030917726812818104 0.038871890304984058 -0.051317892239887523 0.047656352290464644 0.0035580463103542688 -0.0040089808304093867 -0.010342185886017284 0.0044395580407623108 0.029082880040602579 -0.066334250038400794 0.012258669214273097
leaf_weight=173.1854821844654 18.168148223518074 9.4826680076293979 13.394504562267686 183.24840008697356 30.635307943792213 56.68116400562576 25.964951926012873 34.145777754773007 78.82227518473519 4.8598904365207991 23.887297516921535 33.983392725640442 40.556502511491999 10.432900599669663 297.300043494688 340.62948651771876 14.128098384215262 64.411669924869784 16.626929305741214 15.586166930646867 9.9871223648078722 10.626969809760338 9.7863959469832462 491.68759876044351 46.799077368795224 148.06422726300661 91.398740625882056 8.6501655755564553 9.1555414828471822 3.2855526935309163
leaf_count=697189 31650 1701 187 928 104481 5735 1231 87620 927 52 161 834 489 50 2497 72472 134 387 186 353 47 784 51 5805 53245 3108 1545 56 113 32
internal_value=0 0.00560317 0.00952141 0.0132423 -0.039959 -0.00889351 0.000843467 -0.0257206 0.00387166 -0.0185456 0.00971553 -0.00272414 0.00504262 -0.00116153 0.0161284 -0.0128232 0.0247895 0.0269085 0.0103398 -0.00328242 -0.00583003 -0.00807068 0.00566555 0.0048685 -0.016344 -0.0130862 0.0136171 -0.00717296 -0.019312 -0.0455787
internal_weight=0 2030.81 1598.7 1118.94 284.766 432.106 479.766 111.58 414.958 64.8082 857.147 38.8433 405.475 235.254 331.786 358.798 261.788 247.66 73.3081 224.821 209.235 199.248 525.361 515.575 80.9449 158.691 170.221 34.4858 25.8356 12.4411
internal_count=1074050 131515 21472 10351 942535 110043 11121 245346 9004 2117 8902 886 7303 4831 2885 104122 1449 1315 5921 4781 4428 4381 6017 5966 140865 3892 2472 388 332 145
is_linear=0
shrinkage=0.05


Tree=72
num_leaves=31
num_cat=0
split_feature=0 0 64 76 40 0 40 43 0 82 90 93 85 50 68 72 0 93 70 36 93 95 76 82 68 36 82 40 65 90
split_gain=196.431 44.7712 25.2329 17.5316 16.1204 14.6198 13.856 10.0658 10.1634 9.66005 8.58735 8.46103 7.50813 6.9276 6.56146 6.44305 6.83349 6.3726 6.27865 6.27252 7.00044 5.96582 7.3282 5.85156 5.60612 6.57661 6.17971 5.43993 5.47976 5.42084
threshold=0.043984350660107828 0.86620967868038068 1.0000000180025095e-35 576.50000000000011 7.5000000000000009 0.0019437620776660012 102.50000000000001 1.0000000180025095e-35 0.26731028589363609 0.55671950000000014 31.500000000000004 1.8222090000000002 0.088624000000000008 1.0000000180025095e-35 16.500000000000004 3.0833333333350006 0.94875966535953815 0.65046950000000014 1.0000000180025095e-35 5190.5000000000009 9.6792085000000014 0.037995500000000008 621.50000000000011 0.55176750000000008 30.500000000000004 1404.5000000000002 0.57048050000000006 6861.0000000000009 26.000000000000004 47.500000000000007
decision_type=2 2 2 2 2 2 2 2 2 2 2 2 2 2 2 2 2 2 2 2 2 2 2 2 2 2 2 2 2 2
left_child=5 2 3 -2 11 -1 10 8 13 -7 18 15 14 -5 -10 24 -17 27 -4 -13 -21 -16 -23 -6 -3 -26 -27 -11 -29 -25
right_child=1 4 6 7 23 9 -8 -9 12 17 -12 19 -14 -15 21 16 -18 -19 -20 20 -22 22 -24 29 25 26 -28 28 -30 -31
leaf_value=-0.04900667803847697 -0.021542710766423993 0.028065330973581035 -0.010335943597331419 -0.024892375199675423 -0.018687526901081747 -0.050076666892926169 0.03870582857082519 0.020020333935275192 -0.022945701749679106 -0.034032115268934203 0.018289582122048786 0.016836728488119467 0.0401343242991914 0.020160931111065889 0.0058242423389621382 -0.0074444317967683419 0.00609542914427047 -0.0044772872870756323 0.022754886878009223 -0.032220930932980618 0.032621990678219991 -0.02155401293497498 0.0065122573825977361 0.018649408120117377 0.0006471160835446355 -0.01179049307221529 0.052934621144267606 1.0829670019977442 0.11326220842001627 0.034211101987100222
leaf_weight=165.76028252960805 182.45177555754526 49.337494765873998 79.202354911678412 81.968823824719948 8.1310706508811545 29.129682317879997 38.392827538482379 42.498903504590999 35.224104896835343 33.283302928909507 73.924403968048864 310.37909690290689 10.600810332689433 9.5237111184687802 164.47960357431293 129.97808541613631 329.21350430452731 46.502691541049899 17.502540240122471 13.577345805941151 6.0025544351665294 55.893944018200273 39.832098703467636 150.32072122488171 74.548733359202743 5.1763316537253585 12.823750350624321 0.021082251812913455 0.047154853880782777 89.151627039536834
leaf_count=697189 65570 285 9148 24991 184 104481 213 3398 5141 87515 2575 1520 38 1077 5071 2347 1955 53245 287 162 38 4530 1175 779 605 55 51 5 100 320
internal_value=0 0.00541994 -0.00346424 -0.00851155 0.0116875 -0.0396544 0.0115668 -0.00310827 -0.00558093 -0.0254299 0.00546028 0.00867194 -0.00120955 -0.0202027 -0.00269308 0.00514041 0.00226286 -0.0164391 -0.00434686 0.0151052 -0.0123422 4.85276e-05 -0.00987549 0.0230264 0.0144531 0.00719653 0.0343214 -0.0331178 0.412858 0.0244428
internal_weight=0 2010.14 831.496 622.474 1178.64 274.744 209.022 440.022 397.523 108.984 170.629 931.037 306.031 91.4925 295.43 601.078 459.192 79.8542 96.7049 329.959 19.5799 260.206 95.726 247.603 141.886 92.5488 18.0001 33.3515 0.0682371 239.472
internal_count=1074050 131515 123214 110991 8301 942535 12223 45421 42023 245346 12010 7018 15955 26068 15917 5298 4302 140865 9435 1720 200 10776 5705 1283 996 711 106 87620 105 1099
is_linear=0
shrinkage=0.05


Tree=73
num_leaves=31
num_cat=0
split_feature=0 0 40 82 0 89 74 101 3 62 82 2 99 82 82 81 57 48 96 95 40 69 68 62 102 42 60 93 93 62
split_gain=185.892 42.1273 22.9237 17.9569 14.1944 13.3962 16.0208 11.4074 11.2784 9.74723 9.27353 9.06755 8.81104 7.98234 7.77159 7.64474 7.16096 7.13458 6.98874 6.96816 6.86203 6.79105 8.15626 6.53428 6.49961 9.46523 9.10489 6.43785 6.2249 6.22007
threshold=0.043984350660107828 0.60678019017954943 402.50000000000006 0.58536300000000019 0.0019437620776660012 3.5000000000000004 8.5000000000000018 0.039101000000000004 100931.00000000001 36.500000000000007 0.55671950000000014 779250.50000000012 0.19278150000000002 0.55108450000000009 0.54217850000000012 0.060308500000000008 3.5000000000000004 2.5000000000000004 0.050228000000000009 0.091143000000000016 102.50000000000001 1.0000000180025095e-35 39.500000000000007 4.5000000000000009 385.50000000000006 5.5000000000000009 24.500000000000004 0.84649150000000006 0.76547350000000003 3.5000000000000004
decision_type=2 2 2 2 2 2 2 2 2 2 2 2 2 2 2 2 2 2 2 2 2 2 2 2 2 2 2 2 2 2
left_child=4 7 3 5 -1 6 9 13 12 11 -6 14 21 -2 -3 16 18 -18 -10 -20 -9 22 -5 -14 26 -26 -23 -8 -24 -28
right_child=1 2 -4 8 10 -7 27 20 15 -11 -12 -13 23 -15 -16 -17 17 -19 19 -21 -22 24 28 -25 25 -27 29 -29 -30 -31
leaf_value=-0.048877193669143969 -0.03580260127604052 -0.038531922870561702 0.03057535230748494 -0.034153218289610855 -0.050022040382708334 0.02305301770182654 -0.044972269515731911 0.0011149375853049866 0.017187633029667162 -0.057578994152046842 -0.016425782459640291 -0.01760179404401865 -0.026680357802878252 -0.010067919306519043 0.0064518918796904598 0.033129919246141969 -0.051227559568049578 -0.0033453171023091533 0.0016939659259089517 0.032440218749712785 0.038374468016005372 0.026024435789891068 -0.042567466717663281 0.069728821815047054 -0.019066254023808547 0.031633231575440408 0.004925755981204794 -0.011196838410775147 0.018620098596700489 -0.074291036034547953
leaf_weight=158.27367641249839 33.298873399533477 9.9580945356356079 114.17093429858505 12.053587111295199 27.848288865100585 51.100782934867311 29.451534555584658 55.407952959416434 133.48091857507825 7.2042027783609219 78.269914674213396 53.699139962416666 16.767576734593607 316.86449314370475 268.09615806846705 25.412255984731019 8.6493174979696033 77.371531534474343 301.34914179192856 19.628095555119216 15.90407975619746 295.42230242589721 4.6419056663289657 1.9633091879077245 22.768673535902053 15.454381216317413 31.019181350828148 27.081597198732197 39.764592493418604 2.6931434217840424
leaf_count=697189 44873 1573 619 179 104481 381 1397 5735 940 1382 140865 1726 201 59249 4545 125 112 1095 3346 122 186 2161 77 13 263 105 294 539 260 17
internal_value=0 0.00523171 0.00900134 0.0073085 -0.0393909 -0.00103829 -0.0041511 -0.00880304 0.0110049 -4.12708e-05 -0.0252423 0.00120819 0.0169843 -0.0125152 0.00484086 0.00632882 0.00506869 -0.00815983 0.00757261 0.00357413 0.00942459 0.0184674 0.00232302 -0.0165751 0.0209487 0.00143261 0.0232152 -0.0287925 0.012224 -0.00140256
internal_weight=0 1990.68 1569.2 1455.03 264.392 446.592 395.491 421.475 1008.44 338.958 106.118 331.753 442.549 350.163 278.054 565.891 540.479 86.0208 454.458 320.977 71.312 423.818 56.4601 18.7309 367.358 38.2231 329.135 56.5331 44.4065 33.7123
internal_count=1074050 131515 21472 20853 942535 11543 11162 110043 9310 9226 245346 7844 3570 104122 6118 5740 5615 1207 4408 3468 5921 3356 516 214 2840 368 2472 1936 337 311
is_linear=0
shrinkage=0.05


Tree=74
num_leaves=31
num_cat=0
split_feature=0 0 64 76 40 0 40 40 93 101 43 0 90 2 93 93 98 66 50 82 83 60 42 90 87 68 3 90 3 70
split_gain=176.352 42.3823 23.6318 16.9971 15.2199 14.0788 12.7677 10.1266 8.94523 8.18295 7.48305 7.45585 7.41019 7.30922 8.15045 7.55089 7.41349 6.78961 6.56627 6.34635 5.99187 5.882 6.53624 5.60305 5.58291 5.50364 6.14731 5.38233 5.30793 5.28799
threshold=0.043984350660107828 0.86620967868038068 1.0000000180025095e-35 576.50000000000011 1.0000000180025095e-35 0.0083575017706393109 102.50000000000001 43.500000000000007 3.3147230000000003 0.026711000000000002 1.0000000180025095e-35 0.26731028589363609 31.500000000000004 24485.000000000004 0.71484950000000014 0.40105350000000006 22.100000000000005 0.059568000000000003 1.0000000180025095e-35 0.60515800000000008 10.000000000000002 13.500000000000002 33.500000000000007 18.500000000000004 5.5000000000000009 37.500000000000007 61355.500000000007 4.5000000000000009 187005.50000000003 1.0000000180025095e-35
decision_type=2 2 2 2 2 2 2 2 2 2 2 2 2 2 2 2 2 2 2 2 2 2 2 2 2 2 2 2 2 2
left_child=5 2 3 -2 13 19 12 10 9 -6 11 18 29 14 15 -3 17 21 -5 -1 -7 25 -23 -17 -21 -15 -27 -13 -9 -4
right_child=1 4 6 7 8 20 -8 28 -10 -11 -12 27 -14 16 -16 23 -18 -19 -20 24 -22 22 -24 -25 -26 26 -28 -29 -30 -31
leaf_value=-0.049341293524547379 -0.021558901624999575 0.01470418405275702 -0.0097356991556939096 -0.026389086193527478 0.010911323906636725 -0.035948803915008813 0.037681521277001626 0.033377975782407865 0.033537629739623785 0.028301433063627562 0.014961665849572604 -0.038181859301356674 0.017150909571157141 0.006508741876209239 0.014971112370374969 -0.0041769107772164152 -0.043163749065649001 0.049099138592380007 0.018837498048062666 0.021804439590011902 -0.007071326467450333 0.026405359221309949 -0.036373282235730289 -0.04270246067164913 -0.038783249952168572 0.030954426243647411 -0.010624059791002512 -0.00271620490301972 0.0021061877958504244 0.020822524498989897
leaf_weight=166.9937326351037 178.19436703794236 31.933676044922322 76.533735582317604 74.029260599007102 277.47195660113357 33.300791460086657 36.970928810507758 25.841087346118002 80.697374250041321 89.455348180606961 37.908248471314437 11.183420522029335 73.049596458826272 120.57287750591058 305.98870821553282 27.018488505505957 9.1691091830143687 7.6100055668503037 9.0013138877111469 5.9699023779667213 39.001542023850561 35.604739309288561 4.6925904294475904 14.504051253665237 10.47112233097141 9.5079269292764348 136.72233208373655 246.35662616478658 28.573617881022074 17.370227346385946
leaf_count=751004 65570 407 9148 24361 2062 72032 213 536 321 396 3351 1946 2575 863 1798 309 211 38 1060 21497 37774 273 65 172 60228 69 1317 13484 683 287
internal_value=0 0.00508074 -0.00364337 -0.00856172 0.0112585 -0.0390578 0.0110951 -0.00321161 0.0184657 0.015151 -0.00611128 -0.00845687 0.00520773 0.00667149 0.0113807 -0.00357565 0.0011544 0.00244561 -0.0214861 -0.0464232 -0.0203716 0.00128953 0.0190948 -0.0176341 -0.0167832 -0.00139974 -0.00792062 -0.00425627 0.0169569 -0.00408308
internal_weight=0 1965.96 815.012 611.088 1150.95 255.737 203.924 432.894 447.625 366.927 378.479 340.571 166.954 703.325 379.445 73.4562 323.88 314.71 83.0306 183.435 72.3023 307.1 40.2973 41.5225 16.441 266.803 146.23 257.54 54.4147 93.904
internal_count=1074050 131515 123214 110991 8301 942535 12223 45421 2779 2458 44202 40851 12010 5522 2686 888 2836 2625 25421 832729 109806 2587 338 481 81725 2249 1386 15430 1219 9435
is_linear=0
shrinkage=0.05


Tree=75
num_leaves=31
num_cat=0
split_feature=0 0 101 82 36 89 0 2 40 82 50 40 89 76 99 93 93 36 82 83 72 46 99 89 35 36 95 82 74 72
split_gain=166.834 39.8725 21.1807 17.5271 17.4122 15.4337 14.052 11.7519 10.0992 8.6917 8.4367 7.35996 6.44721 10.649 8.60191 8.13067 6.34355 6.20381 6.15267 6.00198 5.92813 5.67251 8.24231 5.67227 5.651 5.44192 5.3691 5.12838 5.42231 5.09608
threshold=0.043984350660107828 0.48090646582193369 0.055653500000000009 0.57048050000000006 1234.5000000000002 2.5000000000000004 0.0019437620776660012 109478.50000000001 120.50000000000001 0.55671950000000014 1.0000000180025095e-35 6.5000000000000009 1.5000000000000002 607.50000000000011 0.14530600000000002 0.35598800000000003 0.63268900000000017 729.50000000000011 0.56713550000000013 70.000000000000014 3.0833333333350006 1.0000000180025095e-35 0.14530600000000002 1.5000000000000002 1.0000000180025095e-35 1113.5000000000002 0.033617000000000008 0.52946750000000009 8.5000000000000018 398.12500000000006
decision_type=2 2 2 2 2 2 2 2 2 2 2 2 2 2 2 2 2 2 2 2 2 2 2 2 2 2 2 2 2 2
left_child=6 10 3 5 8 26 -1 11 12 -8 18 19 13 14 -5 -15 -11 24 -2 20 -6 22 23 -21 -4 -19 27 -3 -29 -22
right_child=1 2 17 4 7 -7 9 -9 -10 16 -12 -13 -14 15 -16 -17 -18 25 -20 21 29 -23 -24 -25 -26 -27 -28 28 -30 -31
leaf_value=-0.048738777753776524 -0.028583196146612661 -0.060290812547604572 0.011784201809579337 -0.011893046348619549 0.025419704647868052 0.011002372617637693 -0.049570683479146102 -0.0032390416978326504 0.024889129626149167 -0.033508763895807155 0.0073547864963844772 0.033660878343410687 0.0051854523455738214 0.059915593165897486 -0.063017484758047623 0.0031594877305926939 -0.0039846290748238892 0.046223440561266357 -0.010557748088430767 -0.015117843771390367 -0.016798099333639467 0.028478785182520984 -0.01536598888227491 0.025016051836619355 0.053769087268971928 0.020987075841492047 -0.043021062130645812 -0.0062519862222836986 -0.034724683552272456 0.024958388455367714
leaf_weight=145.14630366938673 60.843260426987399 5.4800698636390726 89.911567053990439 89.491735629009781 19.866329837124795 79.152226713733398 25.728012806498555 61.924400970805436 54.790530459373258 30.542971928088264 52.305427627201425 80.456384853983764 578.14120394553174 6.9643755913712075 9.0607146737747808 67.175540152704343 44.996915353119221 43.835916009265929 213.31256435128307 10.175065008690579 33.32883164845407 107.33914161869325 21.68448219797574 65.330911442171782 8.7988731916993839 41.666483680048259 16.793014367583964 103.35016027023084 19.948716131475521 9.358531539939575
leaf_count=697189 58426 2591 860 2939 135 1462 104481 960 330 86339 5494 471 7245 51 329 882 54526 215 37720 138 557 728 225 477 26 291 2983 4575 1176 229
internal_value=0 0.00489743 0.00810262 0.00606018 0.00843261 -0.00676761 -0.0387655 0.0168282 0.00416548 -0.0244708 -0.0110473 0.0204038 0.00265322 -0.00582422 -0.0165933 0.00849091 -0.0159221 0.0240664 -0.0145581 0.0164102 0.00285689 0.0205554 0.0118046 0.0196077 0.0155267 0.0339254 -0.0164297 -0.0129622 -0.0108586 -0.00764365
internal_weight=0 1950.49 1624.03 1439.81 1215.09 224.724 246.414 409.464 805.624 101.268 326.461 347.54 750.834 172.692 98.5525 74.1399 75.5399 184.213 274.156 267.083 62.5537 204.53 97.1905 75.506 98.7104 85.5024 145.572 128.779 123.299 42.6874
internal_count=1074050 131515 29875 28483 15696 12787 942535 3920 11776 245346 101640 2960 11446 4201 3268 933 140865 1392 96146 2489 921 1568 840 615 886 506 11325 8342 5751 786
is_linear=0
shrinkage=0.05


Tree=76
num_leaves=31
num_cat=0
split_feature=0 0 64 82 66 0 40 85 93 3 82 43 83 68 99 60 82 74 90 76 69 46 40 102 74 90 76 93 82 95
split_gain=158.459 38.0652 25.6842 15.4771 13.698 13.695 11.8215 10.0889 9.83043 8.57409 8.34744 8.20692 8.20026 7.91504 7.39491 6.97754 7.08691 6.83075 6.66361 6.58762 6.52313 6.3719 5.87337 5.76249 5.91333 5.75336 5.67823 5.44356 5.2669 7.54962
threshold=0.043984350660107828 0.94875966535953815 1.0000000180025095e-35 0.56680450000000004 0.096819500000000017 0.0019437620776660012 1.0000000180025095e-35 0.068275000000000016 0.45692650000000007 393.00000000000006 0.55671950000000014 1.0000000180025095e-35 70.000000000000014 117.50000000000001 0.075419000000000014 90.500000000000014 0.54744950000000003 6.5000000000000009 12.500000000000002 681.50000000000011 3.5000000000000004 1.0000000180025095e-35 542.50000000000011 424.50000000000006 13.500000000000002 17.500000000000004 630.50000000000011 0.63268900000000017 0.62900550000000011 0.0067965000000000013
decision_type=2 2 2 2 2 2 2 2 2 2 2 2 2 2 2 2 2 2 2 2 2 2 2 2 2 2 2 2 2 2
left_child=5 2 3 14 13 -1 18 8 -5 -10 -7 12 -11 23 -2 16 -15 -14 -4 -18 -8 -16 27 24 25 -3 -25 -12 29 -20
right_child=1 4 6 7 -6 10 20 -9 9 11 22 -13 17 15 21 -17 19 -19 28 -21 -22 -23 -24 26 -26 -27 -28 -29 -30 -31
leaf_value=-0.048617966724348642 -0.0034374618613457475 0.0015924351011480959 -0.017826249076900634 -0.016040398099918429 0.05347255359868433 -0.049506692472295666 0.017084889892350352 0.031844863664713847 0.039489343140948985 -0.012709092718759148 -0.034289576527166604 0.020876826819388981 0.0062886620341052737 -0.03506671395884299 -0.018343321296005143 -0.0449514722226226 0.02199390441901283 -0.0097760609554546352 0.033343576345396357 -0.034837247548674531 0.051596163712609569 -0.044118078967154001 0.096016259776290788 -0.022896308080545436 -0.03118684599944372 0.014180787333732943 0.035493889310350739 -0.0064727984754915195 0.020151921425327606 -0.0063690395460868528
leaf_weight=139.04437595074069 44.348186530391104 128.6627917845035 35.346107121364184 129.09917315543134 20.632980212569237 24.622050090900302 146.97103323678311 20.602468866971321 12.991161562589694 158.28252484444965 29.453228595024484 37.429642245042487 212.59819263782992 5.7727470847312352 64.947518543292972 4.2289842544123522 268.42093265592121 96.072044586187985 14.089409300111582 5.1978667024523011 15.098888451233504 38.012413225897944 1.1538321662928854 24.739548170822676 8.6873969994485361 308.1596887758933 5.0061744595877817 43.657082790894492 46.829571338486858 79.46956933751062
leaf_count=697189 11056 910 4505 19199 58 104481 2502 121 215 12100 85800 1795 6874 58 31547 15 1300 5322 412 33 58 25662 717 186 85 1399 31 54348 1194 4878
internal_value=0 0.00474233 -0.00103083 -0.00583878 0.0132756 -0.0385018 0.0105602 -0.00259966 -0.00369738 -0.000617447 -0.0242773 -0.00165046 -0.00345619 0.0121827 -0.0205069 0.0187928 0.0197576 0.0012886 0.00157774 0.0209143 0.0203001 -0.0278593 -0.0159126 0.00823798 0.00966062 0.010473 -0.0130693 -0.0176791 0.00646315 -0.000388563
internal_weight=0 1931.7 1152.19 814.383 779.509 237.931 337.805 667.075 646.473 517.374 98.8862 504.382 466.953 758.876 147.308 283.621 279.392 308.67 175.735 273.619 162.07 102.96 74.2641 475.256 445.51 436.822 29.7457 73.1103 140.389 93.559
internal_count=1074050 131515 127440 113891 4075 942535 13549 45626 45505 26306 245346 26091 24296 4017 68265 1406 1391 12196 10989 1333 2560 57209 140865 2611 2394 2309 217 140148 6484 5290
is_linear=0
shrinkage=0.05


Tree=77
num_leaves=31
num_cat=0
split_feature=0 0 82 40 1 89 74 82 2 82 40 2 90 2 93 83 99 36 68 98 100 82 46 42 54 36 64 99 46 95
split_gain=150.165 46.0093 21.0557 19.0877 16.6807 14.9637 17.261 12.1075 10.5961 11.9292 9.13731 8.60374 8.27413 8.38909 7.49597 7.20716 6.93184 12.4311 6.46651 6.4503 6.36268 6.02417 5.92018 11.6205 5.52821 6.0165 5.41452 5.66607 5.35558 5.40669
threshold=0.37969951586789719 0.0088049481694041625 0.58536300000000019 1.0000000180025095e-35 1.0000000180025095e-35 2.5000000000000004 8.5000000000000018 0.54296050000000007 114529.50000000001 0.55209450000000004 51.500000000000007 550920.50000000012 8.5000000000000018 2826.5000000000005 0.72513300000000014 154.00000000000003 0.089814500000000005 1224.5000000000002 119.50000000000001 2.0833333333350006 1.0000000180025095e-35 0.60515800000000008 1.0000000180025095e-35 3.5000000000000004 0.041291500000000009 296.50000000000006 1.0000000180025095e-35 0.10023350000000002 1.0000000180025095e-35 0.041157000000000006
decision_type=2 2 2 2 2 2 2 2 2 2 2 2 2 2 2 2 2 2 2 2 2 2 2 2 2 2 2 2 2 2
left_child=1 21 4 12 5 6 8 -3 9 -2 14 20 -4 -14 -9 22 -11 -18 19 -7 -5 -1 26 -24 25 -21 -15 -28 29 -10
right_child=2 7 3 11 -6 18 -8 10 28 16 -12 -13 13 15 -16 -17 17 -19 -20 24 -22 -23 23 -25 -26 -27 27 -29 -30 -31
leaf_value=-0.049047599282126958 -0.029776065116294173 -0.048770240744716579 -0.010469035322236508 0.024886741607280233 0.050171955802669747 0.031829216414893294 -0.037964485428094136 -0.022947607562874662 -0.0067033969327098611 0.016999901711188467 0.018617707786081204 0.0047526259765105694 0.018154504578872365 -0.006998720740809085 -0.0064370349558369663 0.043808461757200205 -0.02719142568303335 0.011012299793773703 0.021315225866624654 -0.0456368241005774 0.0028242894734224143 -0.015714838775460305 0.00041651288170432724 0.029372056044164808 0.060013888284670927 -0.0016259047314408797 0.044049836177274371 0.003796548728512256 -0.036825881270607222 -0.059852251238465416
leaf_weight=147.90852553586228 25.479942833819223 22.64246868781629 69.540043907647487 319.60878020900418 15.486793069168924 14.986480175342875 43.420401554649288 119.00833394585788 65.497085799353954 86.15026363072684 24.179892518494853 82.978822394099552 146.67043878242839 156.77111980668269 162.76925642748938 11.33369162166491 33.228381259948947 59.280902050406439 69.709426467190497 8.6663819224340823 36.401258852885803 14.922383083040584 88.632778199098539 56.890781365975272 3.2760289954021564 74.692254041554406 9.3290528710931522 138.96668099157978 26.829971273647971 5.162151486867514
leaf_count=754698 5974 62920 2759 2276 50 188 2995 87474 3999 1464 6380 731 1241 2737 42204 80 1700 1647 909 264 491 82140 1345 633 19 1733 112 1479 2694 714
internal_value=0 -0.0242595 0.0072298 0.0111283 -0.000958517 -0.00249198 -0.00848964 -0.01349 -0.00424665 0.00222958 -0.0108791 0.0192515 0.00586975 0.00773667 -0.0134103 0.0044288 0.00679414 -0.00271008 0.00958696 0.00154167 0.0226309 -0.0459929 0.00343828 0.0117364 -0.00369761 -0.0062015 -0.000520084 0.00632882 -0.0178077 -0.0105863
internal_weight=0 491.431 1648.99 1117.12 531.866 516.38 345.049 328.6 301.629 204.139 305.957 438.989 678.135 608.595 281.778 461.924 178.66 92.5093 171.331 101.621 356.01 162.831 450.59 145.524 86.6347 83.3586 305.067 148.296 97.4892 70.6592
internal_count=1074050 1035816 38234 13884 24350 24300 21187 198978 18192 10785 136058 3498 10386 7627 129678 6386 4811 3347 3113 2204 2767 836838 6306 1978 2016 1997 4328 1591 7407 4713
is_linear=0
shrinkage=0.05


Tree=78
num_leaves=31
num_cat=0
split_feature=0 0 82 101 89 0 40 40 3 83 98 3 79 90 40 90 82 57 95 100 1 60 36 68 2 62 36 2 82 57
split_gain=142.068 37.9842 21.2406 14.0315 13.3508 13.2824 11.6806 11.1831 10.0095 8.01121 7.60873 11.2076 7.51316 7.33863 7.61569 6.42275 6.8131 6.23505 6.65152 6.71678 6.20366 6.17035 5.86858 6.62433 5.79991 5.69828 5.60484 5.59857 5.28045 5.22481
threshold=0.043984350660107828 0.86620967868038068 0.59951250000000011 0.054772500000000009 2.5000000000000004 0.0019437620776660012 742.50000000000011 1594.0000000000002 68784.500000000015 10.000000000000002 3.7750000000000004 19615.500000000004 151.50000000000003 42.500000000000007 1.0000000180025095e-35 23.500000000000004 0.5683895000000001 3.5000000000000004 0.023406000000000003 1.0000000180025095e-35 1.0000000180025095e-35 6.5000000000000009 504.50000000000006 24.500000000000004 49700.500000000007 2.5000000000000004 1104.5000000000002 10859.000000000002 0.60515800000000008 1.5000000000000002
decision_type=2 2 2 2 2 2 2 2 2 2 2 2 2 2 2 2 2 2 2 2 2 2 2 2 2 2 2 2 2 2
left_child=5 2 4 8 6 -1 12 13 10 28 -3 -12 20 14 -4 16 -10 18 22 -20 -2 25 23 -17 -25 -19 -13 -28 -7 -16
right_child=1 3 7 -5 -6 9 -8 -9 15 -11 11 26 -14 -15 29 17 -18 21 19 -21 -22 -23 -24 24 -26 -27 27 -29 -30 -31
leaf_value=-0.048371978955642797 -0.016393649027189164 0.019749556865768056 -0.0079354094777725447 0.026956843176897984 0.004755196374446726 -0.046018441878389243 0.014303117687788695 0.047909516174814717 -0.0381543375449215 -0.0089612094418222051 -0.00063285283706125293 0.0070153114994793752 -0.040163303378507265 0.016855335762938836 0.022521686501058503 -0.0046731695022323334 -0.0010781121193371276 -0.039915343941501806 0.025679579779113799 -0.010941659537578516 0.0393153031384499 0.012189429587582771 -0.0016763841567859683 -0.025653941166881009 0.038734860806933634 0.0086982323545230032 0.041919717644852542 -0.0064684896381634709 -0.0032927089946820881 -0.0032446152141692511
leaf_weight=127.45380122458027 293.50701592722908 248.57364483666606 137.66903211601311 114.6712690575514 107.90919039302753 38.837991795392554 30.573772501162239 15.218883446417747 13.33004843990784 46.876456486093957 154.36218342802022 32.923076790757477 34.270176121469376 80.654326133837458 45.754072417272255 20.084995810873806 175.82067721721251 18.62478645332158 91.115304479375482 14.515595929929985 5.0838924057316026 20.22635666327551 116.12473985168617 3.9463217798620454 30.741473160218447 8.9124627206474525 37.519114484428428 7.110669470159336 8.8861332151027437 34.517414306683349
leaf_count=697189 55809 1334 13073 567 10977 146794 2348 74 308 85414 1672 275 36265 2304 1319 66 1751 179 483 126 36 159 887 39 128 72 189 66 13138 1009
internal_value=0 0.00443656 -0.00397775 0.0103959 -0.0106881 -0.0378366 -0.0152734 0.00610103 0.00848526 -0.0236425 0.0136721 0.00715811 -0.01799 0.00397012 -0.000798369 0.00363133 -0.00369099 0.00790223 0.0107836 0.0206472 -0.0154451 -0.00877958 0.00468701 0.0181781 0.0314095 -0.0241815 0.0226653 0.0342102 -0.038063 0.011442
internal_weight=0 1893.76 785.158 1108.6 471.344 222.054 363.435 313.814 993.931 94.6006 480.489 231.915 332.861 298.595 217.941 513.443 189.151 324.292 276.528 105.631 298.591 47.7636 170.898 54.7728 34.6878 27.5372 77.5529 44.6298 47.7241 80.2715
internal_count=1074050 131515 123214 8301 105435 942535 94458 17779 7734 245346 3536 2202 92110 17705 15401 4198 2059 2139 1729 609 55845 410 1120 233 167 251 530 255 159932 2328
is_linear=0
shrinkage=0.05


Tree=79
num_leaves=31
num_cat=0
split_feature=0 0 44 0 82 87 82 68 40 60 68 90 82 0 40 68 60 90 74 82 66 82 3 87 99 82 68 72 90 55
split_gain=135.348 41.2167 19.5639 16.8807 12.0675 10.2319 10.1408 9.92143 9.10135 9.09532 7.60075 7.15337 8.49047 7.0674 7.00826 6.42763 6.29328 6.21456 6.0894 6.36115 5.70959 5.70073 6.40884 6.94995 6.20933 6.10891 6.06327 7.40025 11.1436 6.14932
threshold=0.02010440681351101 0.48090646582193369 1.0000000180025095e-35 0.94875966535953815 0.59831000000000012 4.5000000000000009 0.58104250000000002 106.50000000000001 15.500000000000002 26.500000000000004 96.500000000000014 258.50000000000006 0.57048050000000006 0.0033704726460606926 1.5000000000000002 15.500000000000002 13.500000000000002 88.500000000000014 9.5000000000000018 0.53576000000000013 0.092661500000000022 0.55278050000000012 68784.500000000015 3.5000000000000004 0.19278150000000002 0.56615650000000006 37.500000000000007 3.7750000000000004 123.50000000000001 1.0000000180025095e-35
decision_type=2 2 2 2 2 2 2 2 2 2 2 2 2 2 2 2 2 2 2 2 2 2 2 2 2 2 2 2 2 2
left_child=5 6 3 4 7 9 15 10 21 13 18 12 -9 -1 17 -2 -16 -6 19 -3 -8 -5 24 26 -23 -25 -24 28 29 -28
right_child=1 2 -4 8 14 -7 20 11 -10 -11 -12 -13 -14 -15 16 -17 -18 -19 -20 -21 -22 22 23 25 -26 -27 27 -29 -30 -31
leaf_value=-0.04945871186198942 -0.049786405879476844 -0.058832071190546432 0.036328556084183707 -0.018436958866506658 -0.00061881335331033125 -0.047098817497730538 -0.0064650171020208111 -0.016333613925877306 0.026868246960014115 0.052837205435966567 -0.036347723716887735 0.043748866245559154 0.0098715963614030566 0.0041956829730335028 0.021064965086528126 -0.018099873278554248 -0.0097675722086130734 0.025625767078721381 -0.039304237228887519 -0.0043838909173618953 0.039346086393021895 0.016447727972171058 0.020977848441171468 0.029595510645669149 -0.028496880805327647 -0.0084198388835108554 -0.019021412988769526 0.018612282677236729 0.062945995150999773 0.046188968772399627
leaf_weight=14.18473646696612 18.607638422245145 5.5084365923685246 56.143974414291733 17.569049851736054 199.53759957611328 148.22845467911111 207.82213243271144 43.925484732397308 87.142292676027864 4.2546524021954601 26.359254799011978 11.084074685873928 104.3150717196695 10.818363477282217 117.18269411264919 114.40076797951406 19.271839475724846 25.431331439409405 14.504372479917945 204.92819148519629 7.031611249112756 315.09904814918991 85.545363475801423 11.781928624957798 7.8768543200567356 102.55218006891664 52.529869239777327 44.498468265868723 5.0568097606301299 3.8824071101844302
leaf_count=108615 22662 3487 475 162 4495 757708 40921 3460 410 6760 2015 128 1925 22857 865 84603 188 244 1080 7509 49 1696 360 65 83 638 324 234 15 17
internal_value=0 0.00388186 0.00734873 0.00626806 0.00110745 -0.0417652 -0.0116827 -0.00475721 0.0116996 -0.0147436 -0.0109456 0.00500368 0.00210667 -0.0262435 0.00777047 -0.0225328 0.0167104 0.00234797 -0.00796893 -0.00580914 -0.00496574 0.00965468 0.0104396 0.00525241 0.0153516 -0.00450242 0.0110761 0.0030826 -0.00815958 -0.0145335
internal_weight=0 1909.59 1561.73 1505.58 772.048 177.486 347.862 410.625 733.534 29.2578 251.3 159.325 148.241 25.0031 361.423 133.008 136.455 224.969 224.941 210.437 214.854 646.392 628.823 305.847 322.976 114.334 191.513 105.968 61.4691 56.4123
internal_count=1074050 178110 29875 29400 25396 895940 148235 19604 4004 138232 14091 5513 5385 131472 5792 107265 1053 4739 12076 10996 40970 3594 3432 1653 1779 703 950 590 356 341
is_linear=0
shrinkage=0.05


Tree=80
num_leaves=31
num_cat=0
split_feature=0 0 0 82 40 40 98 82 2 40 89 76 101 82 91 2 79 96 95 72 66 93 2 98 76 90 99 48 96 66
split_gain=129.436 38.882 19.0744 14.0469 12.7119 12.0624 10.8812 10.7303 10.0944 8.60572 6.41062 6.93519 6.29926 5.83099 5.77026 5.57879 5.71783 6.92577 5.37553 5.37202 5.33804 5.19018 7.51889 5.78843 5.18592 5.01403 4.98222 4.81965 4.76724 4.74861
threshold=0.33581906297173442 0.0088049481694041625 0.94875966535953815 0.58948950000000011 1.5000000000000002 29.500000000000004 4.2916666666650007 0.54296050000000007 123701.00000000001 297.50000000000006 2.5000000000000004 603.50000000000011 0.039101000000000004 0.60515800000000008 0.36666666666650011 550920.50000000012 1.5000000000000002 0.053835000000000008 0.093947500000000017 1921.5000000000002 0.046575500000000006 1.3482345000000002 21926.000000000004 6.3666666666650009 670.50000000000011 282.50000000000006 0.12828800000000004 86.500000000000014 0.053835000000000008 0.095434500000000019
decision_type=2 2 2 2 2 2 2 2 2 2 2 2 2 2 2 2 2 2 2 2 2 2 2 2 2 2 2 2 2 2
left_child=1 13 3 6 12 21 8 -3 -2 10 11 27 18 -1 -10 -6 20 -18 -5 25 -17 24 -23 -24 -4 28 -13 -9 -8 -7
right_child=2 7 5 4 15 29 19 9 14 -11 -12 26 -14 -15 -16 16 17 -19 -20 -21 -22 22 23 -25 -26 -27 -28 -29 -30 -31
leaf_value=-0.048801933490910138 0.01087065284117125 -0.049425663815854802 0.006721017842438292 -0.0042510116188714487 0.021240771867932835 0.025185511805831624 -0.0099611233777453373 -0.020027678178536956 -0.019163367985976287 0.029529150341402095 0.0040750025201667268 0.018783662875053266 0.016374086121800968 -0.014228553408185688 0.018906797802388117 0.039053564291289256 0.021802995774092407 -0.030033279934107017 0.033278192145948238 -0.054615171160085685 -0.017639904412519242 0.019669901839613441 0.0070962703268952947 -0.033313036465310225 -0.03840907332169903 0.026146640486227363 -0.011606611301849756 -0.048370147624857814 -0.030001280968573629 0.057775678557527348
leaf_weight=130.05593579416518 124.4632954923436 19.640452510391697 336.12131585256429 243.77589182558586 154.66614981164457 67.931928095407784 123.15859305820049 116.39077925625952 59.082961724256165 12.404890160155444 44.857106068186113 17.207460804678703 51.652487704413943 13.457386350478371 11.969732710276729 14.112692711409183 9.7536333262687567 18.988815757445991 9.9303181201685202 8.0856615101292828 5.8826865497976533 225.72058037458919 83.907854631193914 9.9086605494376254 6.4883922254666677 7.8415373424504642 62.364224784454564 17.218626289464737 39.096566240594257 13.378447301685808
leaf_count=754698 3103 61475 2200 7737 1452 305 10049 68178 2545 2664 15169 2342 933 82140 123 94 92 267 129 5425 41 997 410 75 48 792 17652 27160 5715 40
internal_value=0 -0.0242728 0.00647304 0.00150224 0.00690873 0.0123732 -0.0058583 -0.0137414 0.00228666 -0.0111499 -0.0131055 -0.0167206 0.000458252 -0.04556 -0.01275 0.0165925 0.00184134 -0.0124429 -0.00278208 -0.0147956 0.0223742 0.0101414 0.0147252 0.00282834 0.00586634 -0.0129027 -0.00503468 -0.0236803 -0.0147899 0.0305478
internal_weight=0 433.597 1625.92 882.461 508.763 743.457 373.698 290.084 195.516 270.443 258.038 213.181 305.359 143.513 71.0527 203.404 48.7378 28.7424 253.706 178.182 19.9954 662.147 319.537 93.8165 342.61 170.097 79.5717 133.609 162.255 81.3104
internal_count=1074050 1031478 42572 38497 10745 4075 27752 194640 5771 133165 130501 115332 8799 836838 2668 1946 494 359 7866 21981 135 3730 1482 485 2248 16556 19994 95338 15764 345
is_linear=0
shrinkage=0.05


Tree=81
num_leaves=31
num_cat=0
split_feature=0 0 40 82 0 89 82 94 68 82 85 68 36 99 2 101 2 90 40 36 60 68 93 82 57 54 95 96 76 58
split_gain=122.057 37.3737 19.2677 14.9628 14.1962 11.6053 10.2458 9.16025 9.05217 8.65648 8.45027 7.36616 6.06755 6.02615 6.32825 7.29616 5.9756 6.01166 9.13105 5.95454 7.20942 5.85774 5.77566 5.70398 5.45517 5.94521 6.47062 5.36043 5.36121 5.29711
threshold=0.33581906297173442 0.0088049481694041625 1.0000000180025095e-35 0.58948950000000011 0.94875966535953815 1.5000000000000002 0.54296050000000007 1.5000000000000002 106.50000000000001 0.59831000000000012 0.082319000000000017 99.500000000000014 1437.5000000000002 0.12383150000000001 206877.50000000003 0.064597500000000016 625678.00000000012 41.500000000000007 14.500000000000002 7206.5000000000009 3.5000000000000004 111.50000000000001 0.088101500000000013 0.60515800000000008 8.5000000000000018 0.065308500000000005 0.058940500000000007 0.041031000000000005 572.50000000000011 2.5000000000000004
decision_type=2 2 2 2 2 2 2 2 2 2 2 2 2 2 2 2 2 2 2 2 2 2 2 2 2 2 2 2 2 2
left_child=1 23 4 5 8 7 -3 19 9 11 16 -2 24 14 15 27 17 18 -8 20 22 -10 -4 -1 25 26 -5 28 -7 -30
right_child=2 6 3 12 -6 13 10 -9 21 -11 -12 -13 -14 -15 -16 -17 -18 -19 -20 -21 -22 -23 -24 -25 -26 -27 -28 -29 29 -31
leaf_value=-0.048652408506727959 -0.013927635245708038 -0.049296631950076317 0.041258771682328256 0.017605643206770147 0.007727810077247578 0.010340529207776266 -0.018761573288553282 0.056691046907970034 0.039391299264296312 -0.00090380367812750424 0.052783831605858755 -0.04985748834661121 0.028792995038631516 -0.05848254563459912 -0.0057073307860074675 0.05348662616639327 -0.025481335839304283 0.0048729610010346883 0.02126926150842753 0.025572449851507015 -0.002920007946520128 0.0026939341361255577 -0.043726813918373256 -0.01418550308581551 -0.020650809540526269 0.037735041087751428 -0.004603088149540505 0.0018327268503047422 0.043933599740971073 -0.013561681387950726
leaf_weight=124.24730862916749 144.74241748213899 18.764794074347719 2.1328684841646455 192.14368910895428 480.45266153139528 48.620974746430875 117.9719420583906 4.3409777432680121 11.799859705381094 155.00634691643063 5.0822681677527717 15.824516971992123 115.04526624438586 3.1731728124832435 44.551356287855015 11.773525474360211 64.785056547480963 62.244055118459073 16.201668213652738 6.9180367258741162 24.719297816242033 138.63176781132279 31.894063905670919 13.287348822417696 10.272079416085033 29.25630361540243 39.547828698268859 64.948563033241953 29.638092566921841 4.6321317316978812
leaf_count=754698 12936 61475 259 1548 2740 1311 73537 12 267 4859 39 1925 786 695 1038 60 35812 16390 7387 1960 1013 4564 3716 82140 181 161 536 1663 149 193
internal_value=0 -0.0239158 0.00627703 0.0128092 0.001697 0.00394879 -0.0135872 -0.0136533 -0.00452079 -0.00933218 -0.0110708 -0.0174687 0.0191711 0.00989192 0.0109546 0.0156053 -0.0123132 -0.0079699 -0.0139278 -0.0183036 -0.0234706 0.00557248 -0.0383998 -0.0453225 0.0150897 0.0164966 0.0138148 0.0125885 0.0210162 0.0361623
internal_weight=0 422.584 1610.07 663.608 946.458 277.343 285.05 70.0052 466.005 315.573 266.285 160.567 386.265 207.338 204.165 159.613 261.203 196.418 134.174 65.6643 58.7462 150.432 34.0269 137.535 271.22 260.948 231.692 147.84 82.8912 34.2702
internal_count=1074050 1031478 42572 15281 27291 12069 194640 6960 24551 19720 133165 14861 3212 5109 4414 3376 133126 97314 80924 6948 4988 4831 3975 836838 2426 2245 2084 3316 1653 342
is_linear=0
shrinkage=0.05


Tree=82
num_leaves=31
num_cat=0
split_feature=0 0 40 0 82 82 2 100 101 40 93 93 67 43 89 76 0 2 82 48 90 93 76 2 93 96 53 98 97 68
split_gain=116.063 36.1377 18.0317 13.3485 13.1719 9.77281 9.60286 10.3861 8.96603 8.42738 8.25305 7.64461 6.26952 6.118 5.7367 6.77544 5.62082 5.81523 5.5228 5.35824 5.37795 5.60794 5.84327 5.4203 5.01482 6.34812 7.11104 6.2906 4.87741 4.68824
threshold=0.33581906297173442 0.0088049481694041625 1.0000000180025095e-35 0.94875966535953815 0.5683895000000001 0.54296050000000007 550920.50000000012 1.0000000180025095e-35 0.027459500000000005 297.50000000000006 0.7041805000000001 2.3556320000000004 0.022496500000000006 1.0000000180025095e-35 2.5000000000000004 603.50000000000011 0.86620967868038068 175.00000000000003 0.59493900000000011 1.5000000000000002 34.500000000000007 1.1800840000000001 617.50000000000011 593.00000000000011 1.0763235000000002 0.060155500000000008 0.021783500000000001 9.3666666666650027 1.5000000000000002 106.50000000000001
decision_type=2 2 2 2 2 2 2 2 2 2 2 2 2 2 2 2 2 2 2 2 2 2 2 2 2 2 2 2 2 2
left_child=1 18 3 10 8 -3 7 19 16 14 -2 13 28 -9 15 -7 -4 -18 -1 -6 21 22 23 -21 27 26 -26 -8 29 -12
right_child=2 5 4 -5 6 9 24 11 -10 -11 12 -13 -14 -15 -16 -17 17 -19 -20 20 -22 -23 -24 -25 25 -27 -28 -29 -30 -31
leaf_value=-0.049408875361497198 -0.014365801875688628 -0.049149813401108189 -0.02666708414732363 0.0075321975315754313 0.026789358717148742 -0.023545108509005014 0.016036628438182984 -0.025957259336264679 0.033258959466669694 0.02881578236428043 -0.0063682322818066558 0.025018066648807222 0.051789800340211134 0.044434047793598427 0.0033442207415493295 -0.0048278580934084528 -0.052950009308647884 0.0054813275460514023 -0.020641153743979856 -0.030680887361829935 0.024235505302927035 -0.013832033553356091 0.042958280811785945 0.012764778583896278 -0.056849289377893922 0.011609129323701752 0.0024349859916343 -0.026172653860425443 0.061584554038772346 0.006254621611125573
leaf_weight=112.78086051604669 143.0675734441611 17.961819860542164 33.28825052227694 477.67901373613859 204.10554197919555 129.10474912567679 57.502370357571635 27.691122500051282 13.430872960190753 12.632465926200892 190.19448617914895 15.327960822498424 5.7576200105249873 3.4740867293148758 44.031001775223558 77.297530360863675 4.7064818837097837 44.69452315045055 19.580001386013919 8.031517146737313 93.683342411532067 23.277960082283244 14.345442677964455 67.642597436366486 11.831509605748581 14.548475985066032 8.8355170739814621 10.427812968177021 3.0958916787058106 119.95011004857224
leaf_count=701060 13423 61475 8344 2740 1239 95338 517 721 250 2664 8413 114 69 51 15169 19994 166 528 135778 410 663 277 133 1125 181 118 57 387 14 2632
internal_value=0 -0.0236123 0.00611368 0.00167128 0.0124694 -0.0134667 0.0154009 0.0185076 -0.00463198 -0.0110303 -0.00438768 -0.0038918 8.74143e-05 -0.0181105 -0.0130403 -0.0165355 -0.0107864 -8.54828e-05 -0.0451533 0.0210409 0.0153723 0.00804345 0.0137002 0.00815376 0.00161924 -0.0136929 -0.0315042 0.00955717 -0.000862918 -0.00148627
internal_weight=0 413.388 1596.59 939.745 656.845 281.028 560.725 457.58 96.1201 263.066 462.066 46.4932 318.998 31.1652 250.433 206.402 82.6893 49.401 132.361 411.086 206.981 113.298 90.0196 75.6741 103.146 35.2155 20.667 67.9302 313.24 310.145
internal_count=1074050 1031478 42572 27291 15281 194640 5993 4733 9288 133165 24551 886 11128 772 130501 115332 9038 694 836838 3847 2608 1945 1668 1535 1260 356 238 904 11059 11045
is_linear=0
shrinkage=0.05


Tree=83
num_leaves=31
num_cat=0
split_feature=0 0 44 93 40 98 36 0 40 76 89 81 40 74 2 101 79 60 82 68 68 3 68 96 60 48 89 93 79 82
split_gain=109.834 39.4994 18.1918 15.9968 10.2512 10.1618 8.03868 7.47408 6.66523 7.30034 7.13473 7.48162 6.20273 5.91759 6.19524 5.82791 5.58138 5.39451 5.39108 5.27527 7.24084 5.20303 10.1408 7.84972 6.83936 6.73856 5.76369 5.71287 5.13047 5.12956
threshold=0.0088049481694041625 0.48090646582193369 1.0000000180025095e-35 0.65046950000000014 6.5000000000000009 8.7083333333350019 104.50000000000001 0.94875966535953815 6861.0000000000009 605.50000000000011 1.5000000000000002 0.052781500000000009 4462.5000000000009 9.5000000000000018 92406.500000000015 0.027459500000000005 3.5000000000000004 9.5000000000000018 0.60515800000000008 100.50000000000001 99.500000000000014 221919.50000000003 37.500000000000007 0.050228000000000009 83.500000000000014 3.5000000000000004 2.5000000000000004 1.7729355000000002 5.5000000000000009 0.55310350000000008
decision_type=2 2 2 2 2 2 2 2 2 2 2 2 2 2 2 2 2 2 2 2 2 2 2 2 2 2 2 2 2 2
left_child=18 5 3 6 7 17 -3 15 9 10 -8 -12 -7 14 -6 19 -17 -2 -1 20 -5 24 25 -24 29 26 -23 -25 -27 -9
right_child=1 2 -4 4 13 12 8 21 -10 -11 11 -13 -14 -15 -16 16 -18 -19 -20 -21 -22 22 23 27 -26 28 -28 -29 -30 -31
leaf_value=-0.04845699453714522 -0.0086249974552531188 0.017634658310090111 0.03554193661113985 -0.0049503102951474302 0.025886613707215379 -0.025052020606075004 -0.022201711703817278 -0.03279776897450639 0.04012860935472122 0.0089509231676237911 -0.0033524462312855569 -0.080191800172799615 0.049139228490700126 -0.029432374762469779 0.008177262260146069 0.020268748184715059 -0.021958292519415942 0.014145712403601563 -0.014339229619832887 0.0054727487200890972 -0.048738811714234685 0.039531464347591132 0.0099446287503016581 -0.036506943958695824 -0.044148579538425402 0.0068506741182509049 0.0094381989144083703 -0.0044103830813096677 -0.062600312523943435 0.016231903112978282
leaf_weight=114.08109638428778 200.37624548781059 40.343617786129471 52.4519636179175 171.77018511048664 139.24715946205106 122.72747212377135 88.678244039056153 5.4344628546386948 7.6433689151890567 57.929690019871487 170.84079983822085 3.2277277465909711 2.8833853459695993 6.3325243309373027 76.52455803698831 57.581489123171195 9.0559933481563331 29.889768342460229 12.886451172679697 143.28041602541634 9.9898625627029087 29.611008775886148 37.874412839300931 26.267636960372329 4.9133204957470289 7.3887898498214764 34.390575378201902 29.358736559515819 4.1541729123564437 290.32963686459698
leaf_count=754698 60678 608 475 6181 1098 139416 7262 48 76 1114 5536 16 1134 131 626 597 229 6109 82140 2720 778 118 207 206 33 47 104 152 28 1485
internal_value=0 0.00307058 0.00661371 0.00556883 0.00862993 -0.0119095 -0.00342777 0.00616038 -0.0060159 -0.00711576 -0.0106581 -0.00477727 -0.023349 0.0182077 0.0196059 0.00106 0.0145301 -0.00566924 -0.0449942 -0.00170155 -0.00735701 0.0104133 0.00339512 -0.00761264 0.0143591 0.0170193 0.0233612 -0.0195669 -0.0181439 0.015331
internal_weight=0 1860.5 1504.62 1452.17 1083.5 355.877 368.663 861.401 328.32 320.676 262.747 174.069 125.611 222.104 215.772 391.678 66.6375 230.266 126.968 325.04 181.76 469.723 169.045 93.5008 300.677 75.5445 64.0016 55.6264 11.543 295.764
internal_count=1074050 237212 29875 29400 14788 207337 14612 12933 14004 13928 12814 5552 140550 1855 1724 10505 826 66787 836838 9679 6959 2428 862 565 1566 297 222 358 75 1533
is_linear=0
shrinkage=0.05


Tree=84
num_leaves=31
num_cat=0
split_feature=0 0 40 0 101 82 50 82 40 93 44 87 76 93 60 2 93 69 90 2 76 95 82 96 93 0 36 99 100 2
split_gain=105.038 37.5753 15.6091 14.5889 13.041 10.4816 9.85016 11.8095 7.12521 6.47809 6.61974 6.01767 6.00344 5.86841 5.83852 5.50814 6.09949 5.4618 5.20076 5.17588 5.15651 4.9444 6.51409 5.65451 4.84774 4.79774 4.57781 5.70656 4.53578 5.00075
threshold=0.0067794565405618597 0.60678019017954943 402.50000000000006 0.94875966535953815 0.030463500000000001 0.55108450000000009 1.0000000180025095e-35 0.57048050000000006 44.500000000000007 4.4348825000000014 1.0000000180025095e-35 920.50000000000011 611.50000000000011 0.51253100000000018 4.5000000000000009 166361.50000000003 2.2745200000000003 1.5000000000000002 99.500000000000014 1567682.0000000002 608.50000000000011 0.028647500000000003 0.60082350000000007 0.067449500000000009 0.54522000000000015 0.0071347667147760143 296.50000000000006 0.18237900000000004 2.5000000000000004 8945.0000000000018
decision_type=2 2 2 2 2 2 2 2 2 2 2 2 2 2 2 2 2 2 2 2 2 2 2 2 2 2 2 2 2 2
left_child=12 4 3 6 5 -2 7 19 21 10 11 -5 -1 26 -14 16 -7 28 20 -3 -8 24 -23 -24 -6 -17 27 -9 29 -11
right_child=1 2 -4 9 8 15 18 13 -10 17 -12 -13 14 -15 -16 25 -18 -19 -20 -21 -22 22 23 -25 -26 -27 -28 -29 -30 -31
leaf_value=-0.048568964003189136 -0.040125013200314461 -0.016230867103855465 0.026236345396349954 0.0092887150480188002 -0.027835203459103525 -0.01030277297451121 -0.0033937070653241919 0.0046113718683013132 0.032452680121687456 -0.0069879442715782801 0.055699650765059665 -0.016338965944033428 -0.034822168606666197 0.0030731281349407943 0.045561324942615444 0.063527854777193069 0.012424295964182555 0.046311630914842833 0.031048272646964716 -0.054589463484272273 0.016314562703062013 -0.046580420071877349 0.032517903080187691 -0.019191328483458517 0.021673566732074906 -0.020314511897805924 -0.024423747083896545 -0.081036416352618754 0.046799625709643057 0.027753605464386856
leaf_weight=110.51959046784214 35.068781197757289 72.12040364479617 97.41232421764289 583.36178956483491 6.0267557596143879 147.02846497224709 64.863751864759251 35.93241503968602 21.390184753139692 22.789613347500563 7.4508448112756005 23.842221550527029 6.9318899713580304 307.12936140480451 3.3509756578414454 1.7293491439850175 36.939139441954467 20.792330626398325 26.244567073415965 10.015524516158619 67.966046936111525 10.682890849016983 8.6525489258128818 13.591578683955957 27.531884865202301 127.89993372462959 38.917627629547496 2.0561195693444452 9.6722259600646776 18.988367365207523
leaf_count=758500 92494 5865 619 3418 2579 67182 1228 954 580 89 31 200 47820 4879 9292 1038 4409 65 195 1139 749 6182 952 2662 3552 55336 1869 32 39 101
internal_value=0 0.00295571 0.00692548 0.00549186 -0.00986234 -0.0142009 -3.41495e-05 -0.00370016 0.00735169 0.0105219 0.00885722 0.00828243 -0.045169 -1.97618e-05 -0.00862683 -0.0113018 -0.00573937 0.0246853 0.0107092 -0.0209083 0.00669058 -0.000723962 -0.0144894 0.000922594 0.0127823 -0.019196 -0.0123714 -2.42924e-05 0.0159455 0.00880232
internal_weight=0 1846.1 1409.56 1312.14 436.542 348.666 625.246 466.171 87.8758 686.897 614.655 607.204 120.802 384.036 10.2829 313.597 183.968 72.2425 159.074 82.1359 132.83 66.4857 32.927 22.2441 33.5586 129.629 76.9062 37.9885 51.4502 41.778
internal_count=1074050 258438 21472 20853 236966 220459 16910 14738 16507 3943 3649 3618 815612 7734 57112 127965 71591 294 2172 7004 1977 15927 9796 3614 6131 56374 2855 986 229 190
is_linear=0
shrinkage=0.05


Tree=85
num_leaves=31
num_cat=0
split_feature=0 0 82 40 98 89 82 2 36 40 83 68 68 87 82 96 90 40 76 76 40 90 96 2 63 2 95 60 93 40
split_gain=99.4823 35.9158 13.6648 14.2808 12.5573 11.4112 7.23398 7.21035 6.92495 6.88053 6.37717 6.29319 7.21994 6.07767 5.72325 5.69336 6.36555 5.68368 5.61649 5.59663 5.68735 5.97493 5.45896 5.73186 5.39105 5.19598 5.08566 5.02081 4.94889 4.92488
threshold=0.0067794565405618597 0.60678019017954943 0.57048050000000006 1.0000000180025095e-35 9.1000000000000014 2.5000000000000004 0.55108450000000009 2826.5000000000005 104.50000000000001 13.500000000000002 138.00000000000003 103.50000000000001 99.500000000000014 2.5000000000000004 0.5903695000000001 0.064698500000000006 8.5000000000000018 4462.5000000000009 611.50000000000011 583.50000000000011 516.00000000000011 73.500000000000014 0.067975000000000022 1246.5000000000002 0.029630500000000004 1567682.0000000002 0.012071500000000002 4.5000000000000009 0.37661550000000005 5.5000000000000009
decision_type=2 2 2 2 2 2 2 2 2 2 2 2 2 2 2 2 2 2 2 2 2 2 2 2 2 2 2 2 2 2
left_child=18 4 5 7 9 8 -6 15 -3 11 -7 12 -2 19 -11 -4 -17 28 -1 20 21 -5 23 -18 -9 -10 29 -20 -8 -21
right_child=1 2 3 13 6 10 17 24 25 14 -12 -13 -14 -15 -16 16 22 -19 27 26 -22 -23 -24 -25 -26 -27 -28 -29 -30 -31
leaf_value=-0.048344936473063808 -0.0091638403291090503 0.051743564852311533 0.020313512104923073 -0.017678748280194678 -0.046298335170943422 0.0024538184833688397 -0.034130346334806258 0.0008338685767729395 -0.013760403263960462 -0.0035338809772127583 0.038731561552196758 0.0040867863591149437 -0.042779588194782052 0.01023226128532527 0.031576992640441413 -0.038720145089244935 0.0077697426781651001 0.050559013420829635 -0.034132055251804648 -0.030436684900602376 0.040614626342891147 0.03405907518858798 0.012229467494721029 -0.086034025775173009 0.047944193367306973 -0.050983868989922014 0.027825213460780242 0.041087485805853155 -0.011553887954108898 0.025274600763906092
leaf_weight=105.72963580799069 142.57208346138077 3.7823806308442718 106.57375632849289 23.69637327990495 25.124644031930984 56.361153605743311 35.131833851095962 534.13924233426224 108.35890792333885 23.459934065695961 15.430571241187861 82.121152649692249 17.988371756178822 262.13625394148403 22.97102735207045 8.3874617249239218 3.5016611558385184 3.0567262305048635 6.6770354803411447 7.7176868026144794 8.5274292454123479 7.2991789653897277 60.023278595530428 3.0443935403600335 6.1425242992117992 10.262991806190255 164.94585043133702 3.3223142153501612 78.538477756891098 8.1622864045202714
leaf_count=758500 43890 30 875 240 80680 985 40874 7746 5961 3408 94 21916 9352 2480 461 271 46 355 47820 46 41 34 538 26 56 1072 891 9292 36030 40
internal_value=0 0.00284395 0.00673298 0.00871768 -0.0097761 -0.00557501 -0.0219608 0.00426615 -0.0148573 -0.00379776 0.0102512 -0.00717167 -0.01293 0.0153773 0.0138367 0.0128874 0.002329 -0.0167223 -0.0449575 0.0214981 0.0044536 -0.00549495 0.00750103 -0.0358559 0.00136947 -0.0169809 0.0252235 -0.00914013 -0.0185315 -0.00180115
internal_weight=0 1829.46 1398.49 1204.3 430.964 194.196 141.852 721.812 122.404 289.113 71.7917 242.682 160.56 482.485 46.431 181.531 74.9568 116.727 115.729 220.349 39.523 30.9956 66.5693 6.54605 540.282 118.622 180.826 9.99935 113.67 15.88
internal_count=1074050 258438 21472 13330 236966 8142 157939 9558 7063 79027 1079 75158 53242 3772 3869 1756 881 77259 815612 1292 315 274 610 72 7802 7033 977 57112 76904 86
is_linear=0
shrinkage=0.05


Tree=86
num_leaves=31
num_cat=0
split_feature=0 0 64 82 40 40 79 90 74 98 102 76 43 68 40 76 93 76 87 68 93 99 76 96 3 99 80 70 2 95
split_gain=94.9708 34.5269 20.3757 15.3858 11.263 10.748 10.6152 7.21484 6.94135 6.82268 8.61937 6.62378 6.42393 5.72919 5.60177 5.57646 5.43493 6.58346 6.11287 6.06131 6.07773 5.37399 7.7784 5.28257 5.26032 4.99905 4.82823 4.92088 6.13757 6.20606
threshold=0.0067794565405618597 0.86620967868038068 1.0000000180025095e-35 0.59951250000000011 1.0000000180025095e-35 1.0000000180025095e-35 151.50000000000003 35.500000000000007 8.5000000000000018 7.083333333335001 17.500000000000004 561.50000000000011 1.0000000180025095e-35 18.500000000000004 1183.5000000000002 611.50000000000011 1.3482345000000002 686.50000000000011 1.5000000000000002 3.5000000000000004 0.53179550000000009 0.11756050000000003 574.50000000000011 0.091070500000000013 2102.5000000000005 0.099381000000000011 0.22500000000000003 2.5000000000000004 29531.000000000004 0.0056850000000000008
decision_type=2 2 2 2 2 2 2 2 2 2 2 2 2 2 2 2 2 2 2 2 2 2 2 2 2 2 2 2 2 2
left_child=15 2 3 6 16 7 8 23 13 11 -11 -6 14 -2 -5 -1 17 18 19 -3 25 22 -15 -4 -7 -21 27 28 -18 -30
right_child=1 4 5 12 9 24 -8 -9 -10 10 -12 -13 -14 21 -16 -17 26 -19 -20 20 -22 -23 -24 -25 -26 -27 -28 -29 29 -31
leaf_value=-0.048259649402577147 -0.02746033605554701 0.046075640003291889 -0.021652096459215845 -0.0038483667975531145 -0.0099755591481948194 -0.035078932625396603 -0.039219798551801438 0.014184196360622986 -0.032294613031702418 -0.045444712059292638 0.0078588315650811955 0.020288158643029328 0.025707082170041376 -0.014565524660193913 0.036649040428102068 -0.0086699906392187897 0.013157909939368592 -0.071772266683991434 -0.0042170687006915248 0.0073121287284637479 0.012717024211694612 -0.023078264092545361 0.0042682181039360593 0.01163530738059227 0.024456019799680061 -0.037193815325542716 0.056172650674976399 0.057612814091629577 -0.043009001681441672 0.0016314830791821532
leaf_weight=101.71240780373182 41.251457187657252 10.548228279221801 45.039244719253929 170.4788761792197 19.222012908663601 3.8807063338354046 42.167794240137482 41.370507317628835 39.84795113222026 8.639968549134208 62.058354454347864 304.35081557813101 24.032700060388379 99.816121552744789 8.9893388790369482 9.7471656616326054 188.21643764851615 3.1402538437396279 209.73972389154369 12.493530849460514 86.640330599620938 45.55638092229583 121.61986514112414 16.207560686256329 84.490549531249144 12.746793707599862 5.4529575128108254 5.0513530825264743 8.5065160380909202 91.882193942787126
leaf_count=758500 15384 69 14338 22199 205 632 79440 3384 22824 135 818 1621 2788 52504 79 57112 1077 26 2609 158 601 16387 16495 1301 2382 172 19 24 75 692
internal_value=0 0.00275339 -0.00514565 -0.00971504 0.00877928 0.00906004 -0.0155271 -0.00194711 -0.012657 0.0154159 0.00134466 0.0184903 0.00143093 -0.0101183 -0.0018199 -0.0447975 0.00465484 0.000283935 0.00096514 0.00984307 0.00642702 -0.00743893 -0.00422142 -0.0128433 0.0218416 -0.0151641 0.00955474 0.00868908 0.00783279 -0.00215116
internal_weight=0 1813.44 784.749 593.76 1028.69 190.989 390.26 102.617 348.092 394.271 70.6983 323.573 203.501 308.244 179.468 111.46 634.418 335.309 332.169 122.429 111.881 266.992 221.436 61.2468 88.3713 25.2403 299.109 293.657 288.605 100.389
internal_count=1074050 258438 250137 228100 8301 22037 203034 19023 123594 2779 953 1826 25066 100770 22278 815612 5522 3635 3609 1000 931 85386 68999 15639 3014 330 1887 1868 1844 767
is_linear=0
shrinkage=0.05


Tree=87
num_leaves=31
num_cat=0
split_feature=0 0 64 82 40 66 68 93 41 66 46 40 72 3 91 54 42 101 76 100 82 90 99 79 82 68 68 69 93 36
split_gain=90.1168 33.6818 21.3966 15.2732 10.7576 10.2418 8.99845 7.44402 7.03471 6.666 6.51081 6.08963 7.42945 5.89133 5.8663 6.12698 5.95222 5.44049 5.24321 5.14567 5.08703 6.71599 4.87177 4.69795 5.89046 4.62966 9.50768 6.08989 5.62548 5.71379
threshold=0.0067794565405618597 0.94875966535953815 1.0000000180025095e-35 0.56521750000000004 6.5000000000000009 0.095434500000000019 126.50000000000001 0.75316150000000015 1.0000000180025095e-35 0.11901050000000001 1.5000000000000002 1.0000000180025095e-35 398.12500000000006 230577.50000000003 0.45000000000000007 0.028647500000000003 2.5000000000000004 0.021637500000000004 611.50000000000011 1.0000000180025095e-35 0.53219150000000004 258.50000000000006 0.15523900000000004 12.500000000000002 0.61170350000000007 104.50000000000001 98.500000000000014 1.0000000180025095e-35 4.8981075000000009 1679.5000000000002
decision_type=2 2 2 2 2 2 2 2 2 2 2 2 2 2 2 2 2 2 2 2 2 2 2 2 2 2 2 2 2 2
left_child=18 2 3 10 7 11 9 23 -8 -4 20 -3 14 19 15 -13 -16 -12 -1 -6 -2 -22 -10 24 -5 26 -9 -27 29 -29
right_child=1 5 6 4 13 -7 8 25 22 -11 17 12 -14 -15 16 -17 -18 -19 -20 -21 21 -23 -24 -25 -26 27 -28 28 -30 -31
leaf_value=-0.048020642032736337 -0.044815792527817866 0.0069474207063778678 0.0024098730505168037 -0.015945550261171598 0.022782792049034203 0.049862365239275425 0.040727213295211936 -0.0044051846309068237 0.013693093634295099 0.037343447917915905 -0.044082497831729878 0.01707746527391385 -0.032549422739573779 -0.0014488067646074214 0.016045865885643985 0.042676481701686531 -0.064584850913699907 0.016921952151790171 -0.0095279248134400533 -0.023083592614719706 -0.015652081994633051 0.029069347210607163 -0.055315330674788693 -0.028135662278914082 0.011191173946115409 0.028644856202227405 -0.042578113229740581 0.0037041955337348445 0.026350232827408289 -0.021929133376079393
leaf_weight=97.499957412489493 12.381374554702687 453.60952316067414 245.4420765218847 98.138767699769232 62.973804436756836 16.758159643039107 33.851072064825075 167.93940617692988 17.609956193512065 14.460412209853528 39.31077815173694 184.31549696903676 7.3307067382847881 81.827298445176893 5.0672041382640582 26.769140447839163 4.1744515411555767 4.0293355228632199 9.7294899532726031 6.7725873092849715 71.570712798472414 9.5105061099493451 2.9920891806905265 53.70382283550498 25.115073719856809 21.232424057588105 18.066666105991317 62.585858284284768 16.569970410168935 33.310397310482585
leaf_count=758500 28292 2731 21820 22932 2515 60 690 15424 655 62 55709 1027 91 4120 29 119 18 1271 57112 947 47892 1184 136 32186 2553 1303 4983 6021 913 2755
internal_value=0 0.00265643 -0.0027974 -0.00721138 -0.00400754 0.0112463 0.00822563 -0.00756584 0.0267071 0.0043535 -0.0223927 0.0102964 0.0169691 0.00765193 0.0186167 0.0203239 -0.020375 -0.0384109 -0.044528 0.018329 -0.0149648 -0.0104064 0.00367082 -0.0157936 -0.010416 -0.00301173 -0.0081129 0.00408519 -0.000551413 -0.00519976
internal_weight=0 1797.42 1099.39 785.039 648.236 698.025 314.356 496.662 54.4531 259.902 136.803 681.267 227.657 151.574 220.326 211.085 9.24166 43.3401 107.229 69.7464 93.4626 81.0812 20.602 176.958 123.254 319.705 186.006 133.699 112.466 95.8963
internal_count=1074050 258438 254363 231000 96652 4075 23363 89070 1481 21882 134348 4015 1284 7582 1193 1146 47 56980 815612 3462 77368 49076 791 57671 25485 31399 20407 10992 9689 8776
is_linear=0
shrinkage=0.05


Tree=88
num_leaves=31
num_cat=0
split_feature=0 0 40 0 82 50 82 1 2 93 95 40 76 101 89 68 93 60 68 83 2 95 68 68 87 76 2 89 3 60
split_gain=85.6456 31.9288 14.7588 11.333 10.9588 8.90779 8.69157 8.20613 7.55873 6.9174 6.13142 7.03403 6.56711 6.07955 5.90926 6.49415 6.26154 6.94784 5.72307 5.60357 5.52365 5.55064 5.42356 5.925 5.32546 5.1795 5.10292 4.75419 4.58266 4.5555
threshold=0.0067794565405618597 0.48090646582193369 6.5000000000000009 0.94875966535953815 0.57964650000000006 1.0000000180025095e-35 0.58772650000000015 1.0000000180025095e-35 8.9884656743000007e+307 3.8531275000000007 0.025581000000000003 1.0000000180025095e-35 622.50000000000011 0.080522000000000024 1.5000000000000002 27.500000000000004 3.5522430000000003 3.5000000000000004 15.500000000000002 156.00000000000003 156.50000000000003 0.093947500000000017 104.50000000000001 99.500000000000014 2.5000000000000004 611.50000000000011 47679.000000000007 1.5000000000000002 393.00000000000006 4.5000000000000009
decision_type=2 2 2 2 2 2 2 2 2 2 2 2 2 2 2 2 2 2 2 2 2 2 2 2 2 2 2 2 2 2
left_child=25 4 3 5 18 20 7 14 24 19 -6 12 -12 -13 16 -16 17 -4 -2 26 -3 22 23 27 -8 28 -7 -22 -1 -27
right_child=1 2 6 -5 10 9 8 -9 -10 -11 11 13 -14 -15 15 -17 -18 -19 -20 -21 21 -23 -24 -25 -26 29 -28 -29 -30 -31
leaf_value=0.0346563886092335 -0.051069647654631879 -0.039120788934516024 -0.047998555002611965 0.0078810722393600381 0.0066845534894762332 0.01100111316540779 0.032509279148105412 0.045588597982393238 -0.0059200870650818358 0.032988388530063986 -0.029110074020574667 -0.0037812086387757071 -0.0021507673419974512 0.042258818300270708 -0.036234119830089666 0.011510039905690845 0.051565467338413787 0.0022163496440625262 -0.018937308537673978 0.06674447459317949 -0.018487248757675653 0.033843729922037567 0.0024246369179706665 -0.039110501102179965 0.015772161319510033 -0.034043439585205983 -0.012427364839088292 -0.0031891380752480099 -0.049350784423624575 0.038492195070724849
leaf_weight=1.6525754237463832 15.894791430680014 12.145212563176754 15.228222287501927 567.01747211883776 79.012097944071684 55.902636462007649 97.538562398869544 11.270845453254877 23.124366400297731 24.875136028509587 56.989982629935639 33.741268106788993 37.421824245948301 9.1053138831894085 7.7915945406857636 82.91806905510748 2.9298656767896309 12.578319662898137 108.11442456508394 3.3823883682489386 74.63436265639757 9.0393142953107581 131.42685837471436 16.46514844372723 92.690986472240184 6.3688036853254726 39.780985422141384 158.93287152762423 91.950121383654277 3.2790239062660476
leaf_count=4841 27458 1144 1725 3413 16169 1123 446 45 196 206 33977 7916 8585 490 225 1209 61 319 133968 22 6441 115 3778 1475 670 47820 1047 6215 753659 9292
internal_value=0 0.00256812 0.00582381 0.00297597 -0.0112062 -0.00230577 0.0148232 0.00477645 0.0210727 0.00941548 -0.00441165 -0.0107991 -0.0184243 0.00600274 0.000988866 0.00740901 -0.0179583 -0.0252838 -0.0230558 0.0034964 -0.00591378 -0.00488098 -0.00579863 -0.0101211 0.024354 -0.0442723 0.0012606 -0.00807752 -0.0478676 -0.00939063
internal_weight=0 1779.95 1439.67 1093.6 340.28 526.585 346.071 132.717 213.354 123.941 216.27 137.258 94.4118 42.8466 121.446 90.7097 30.7364 27.8065 124.009 99.066 402.644 390.499 381.459 250.032 190.23 103.251 95.6836 233.567 93.6027 9.64783
internal_count=1074050 258438 29875 24979 228563 21566 4896 3584 1312 2398 67137 50968 42562 8406 3539 1434 2105 2044 161426 2192 19168 18024 17909 14131 1116 815612 2170 12656 758500 57112
is_linear=0
shrinkage=0.05


Tree=89
num_leaves=31
num_cat=0
split_feature=0 0 44 93 0 82 58 68 74 90 68 3 3 2 55 90 2 2 82 101 57 60 68 68 96 93 90 99 76 58
split_gain=81.0439 31.1395 14.4171 13.3812 10.5983 10.1998 9.48844 8.523 6.65147 6.61135 6.58282 6.20466 5.85929 5.38658 5.69498 7.07742 5.32844 5.1841 5.02184 4.98423 5.0488 5.5892 5.01499 6.00451 6.27163 7.82836 7.40146 5.97538 5.91123 5.11048
threshold=0.0067794565405618597 0.48090646582193369 1.0000000180025095e-35 3.3147230000000003 0.94875966535953815 0.57480350000000013 1.5000000000000002 33.500000000000007 6.5000000000000009 35.500000000000007 4.5000000000000009 7221.0000000000009 75120.500000000015 613349.50000000012 1.0000000180025095e-35 41.500000000000007 156.50000000000003 1807278.0000000002 0.59493900000000011 0.095136500000000013 5.5000000000000009 6.5000000000000009 117.50000000000001 38.500000000000007 0.076048000000000018 2.2098750000000007 28.500000000000004 0.074040000000000009 657.50000000000011 3.5000000000000004
decision_type=2 2 2 2 2 2 2 2 2 2 2 2 2 2 2 2 2 2 2 2 2 2 2 2 2 2 2 2 2 2
left_child=18 5 3 4 6 -2 8 10 11 -9 12 16 -5 14 15 -7 -3 -10 -1 20 22 -22 23 28 27 -26 -27 -25 -6 -29
right_child=1 2 -4 7 19 13 -8 9 17 -11 -12 -13 -14 -15 -16 -17 -18 -19 -20 -21 21 -23 -24 24 25 26 -28 29 -30 -31
leaf_value=-0.048947665288984581 -0.024767614960620993 -0.016233064524239046 0.032624582381560421 -0.071675640696171633 0.0098133018336118497 -0.010941886619855993 -0.007399561164758409 -0.058322759102086036 -0.0042212994104888412 0.020888940107267058 -0.050167620830228389 0.0069229383198914866 0.020298856360326287 -0.018090000554554734 0.030893622681910628 0.011400087540066241 0.048728318967762516 -0.05688467658646984 -0.018003066392893268 0.032541320756852642 -0.027536531484169686 0.0087071989276177857 0.015109008383611176 -0.034500130548241359 -0.033484745504057084 0.059081636914792159 -0.032498738307044632 0.0017255823951035502 0.053019958300867823 0.027785186857937932
leaf_weight=83.218770998523723 98.416079787348735 3.9129808109282775 47.999460029404872 2.0206772412566378 131.55039825895801 108.37179927288344 343.39217555024698 2.6720111947506657 64.808002898622362 186.23907767413766 7.765475685002456 173.62228973372839 12.104579335347806 63.481391078930756 12.898956332155647 52.675532944758743 16.332039646018529 5.0361389799509189 15.562812148066767 19.344555164687335 21.758064403315075 20.811424410436302 169.6876101270318 9.8731688642874342 27.002257683954667 5.2073833383619768 3.8281173724681139 123.55747449072078 8.4230593368411046 22.192436534445733
leaf_count=683424 149799 116 475 298 726 46934 17924 11 1773 1478 219 3018 626 23040 797 7993 219 211 132188 81 231 163 960 110 269 13 34 751 36 133
internal_value=0 0.00246662 0.00568611 0.0047499 0.00266118 -0.0112335 -0.00192177 0.0163462 0.00521114 0.0197685 -0.0131882 0.00997739 0.00714152 -0.00562348 -0.00107384 -0.00363425 0.0361725 -0.00801861 -0.0440724 0.00760108 0.00671403 -0.00981765 0.00811781 0.00454062 -0.00120895 -0.0200044 0.0202813 0.00314352 0.0124133 0.00569352
internal_weight=0 1764.98 1429.14 1381.14 1170.34 335.844 607.104 210.802 263.711 188.911 21.8907 193.867 14.1253 237.428 173.946 161.047 20.245 69.8441 98.7816 563.236 543.891 42.5695 501.322 331.634 191.661 36.0378 9.0355 155.623 139.973 145.75
internal_count=1074050 258438 29875 29400 26768 228563 23261 2632 5337 1489 1143 3353 924 78764 55724 54927 335 1984 815612 3507 3426 394 3032 2072 1310 316 47 994 762 884
is_linear=0
shrinkage=0.05


Tree=90
num_leaves=31
num_cat=0
split_feature=0 0 64 82 40 40 101 36 95 76 83 93 82 96 82 82 93 74 42 60 70 36 95 95 98 95 82 68 98 2
split_gain=77.2898 28.4276 19.8469 13.1201 10.4686 9.06732 8.37963 7.5883 6.68291 8.73862 6.29403 5.74047 5.11831 5.89449 5.04547 5.02584 4.98517 4.76352 4.72638 4.97413 4.71531 4.69448 5.89035 4.7473 4.67489 5.7166 7.84843 6.95057 5.4608 5.40276
threshold=0.0067794565405618597 0.86620967868038068 1.0000000180025095e-35 0.56680450000000004 1.0000000180025095e-35 1454.0000000000002 0.079769500000000007 1113.5000000000002 0.037995500000000008 669.50000000000011 130.00000000000003 3.1377315000000006 0.59229250000000011 0.046282000000000011 0.54061850000000011 0.59493900000000011 1.3796255000000002 7.5000000000000009 4.5000000000000009 38.500000000000007 5.5000000000000009 2157.5000000000005 0.0021160000000000003 0.0022655000000000006 12.550000000000002 0.019657000000000004 0.6232405000000002 101.50000000000001 9.3666666666650027 2826.5000000000005
decision_type=2 2 2 2 2 2 2 2 2 2 2 2 2 2 2 2 2 2 2 2 2 2 2 2 2 2 2 2 2 2
left_child=15 2 3 14 24 7 8 17 10 -10 12 -6 13 -5 -2 -1 -9 18 -4 -20 21 22 -12 -24 28 26 -26 -27 29 -3
right_child=1 4 5 6 11 -7 -8 16 9 -11 20 -13 -14 -15 -16 -17 -18 -19 19 -21 -22 -23 23 -25 25 27 -28 -29 -30 -31
leaf_value=-0.048845283807481252 -0.044914462641682668 0.012268549630568908 -0.0039991459816185199 -0.0077153249822256506 0.01147092790087142 0.045805800019648214 0.01982973683224231 -0.0079828481786269351 -0.019141607383028007 0.033747032021627904 -0.045791988423454277 0.02703482848144172 0.0011319274395268321 -0.037163014384948345 -0.019274636543537432 -0.017778342619682669 0.029344777603447364 -0.023532456763703514 0.025091372559030906 -0.064024775448072654 0.074421583292825236 0.024082586295439651 0.066369609661987419 -0.00017316535749724009 -0.045449326081149842 -0.017143391402793549 0.082226539934578874 0.026120089192343061 0.02578860110895775 0.00099216321410559383
leaf_weight=79.999133233164912 24.682561774117403 146.7321108240285 66.805780911897273 38.556308535096832 303.77383798960363 15.570474177657159 29.782806141285619 11.335223806594511 139.8909914361011 8.2719457395069167 7.0240609618067529 73.598819911654573 44.004727754008854 30.386064010572227 86.179812042371395 15.548417464303837 42.410301108083331 19.881205473800946 27.73492734423326 1.6595220439721732 2.284278880499186 21.164868907100754 2.7347227833233765 134.70117432738334 14.78688546078047 22.858133044792339 1.3103250488638867 15.632717588334343 30.714779246016406 384.75176469411235
leaf_count=683424 71448 998 9843 8664 2425 79 3015 2430 42996 214 746 354 5807 13067 66001 132188 1982 5258 2105 340 20 818 23 15281 279 381 7 154 284 3419
internal_value=0 0.00239192 -0.00492207 -0.00954659 0.00794688 0.00928755 -0.0058166 0.0059394 -0.00759698 -0.0161888 -0.00306444 0.0145063 -0.0121907 -0.0206943 -0.0249831 -0.0437898 0.0214722 -0.00125225 0.00335229 0.0200601 0.00307449 0.00209048 -0.00113159 0.00115091 0.00393356 -0.010036 -0.0350564 0.000427688 0.00528998 0.00410535
internal_weight=0 1749.22 755.062 569.664 994.159 185.397 458.802 169.827 429.019 148.163 280.856 377.373 112.947 68.9424 110.862 95.5476 53.7455 116.081 96.2002 29.3944 167.909 165.625 144.46 137.436 616.787 54.5881 16.0972 38.4909 562.199 531.484
internal_count=1074050 258438 250137 228100 8301 22037 90651 21958 87636 43210 44426 2779 27538 21731 137449 815612 4412 17546 12288 2445 16888 16868 16050 15304 5522 821 286 535 4701 4417
is_linear=0
shrinkage=0.05


Tree=91
num_leaves=31
num_cat=0
split_feature=0 0 40 0 82 82 40 89 69 74 2 2 72 36 90 42 102 82 72 93 89 90 83 101 36 90 68 42 95 90
split_gain=73.4597 26.9332 13.2432 12.0557 9.49364 9.17052 7.86199 7.57518 5.57993 5.49784 5.16771 5.9022 6.40152 5.30057 5.16096 5.09754 5.06233 5.05173 4.8564 5.43835 5.60364 6.16781 5.59895 5.34203 5.28475 5.25537 5.05376 5.51874 7.57657 4.97235
threshold=0.0067794565405618597 0.48090646582193369 172.50000000000003 0.94875966535953815 0.56615650000000006 0.59831000000000012 383.50000000000006 2.5000000000000004 2.5000000000000004 7.5000000000000009 156.50000000000003 114529.50000000001 3.5500000000000003 3677.5000000000005 15.500000000000002 3.5000000000000004 3.5000000000000004 0.59493900000000011 83.366666666650019 1.7729355000000002 1.5000000000000002 92.500000000000014 6.0000000000000009 0.097439000000000012 2648.5000000000005 154.50000000000003 123.50000000000001 4.5000000000000009 0.022536500000000004 83.500000000000014
decision_type=2 2 2 2 2 2 2 2 2 2 2 2 2 2 2 2 2 2 2 2 2 2 2 2 2 2 2 2 2 2
left_child=17 4 3 5 -2 7 14 10 15 -7 -3 12 16 -13 -6 -4 -12 -1 19 20 22 23 -5 24 29 -20 27 28 -24 -22
right_child=1 2 8 18 6 9 -8 -9 -10 -11 11 13 -14 -15 -16 -17 -18 -19 25 -21 21 -23 26 -25 -26 -27 -28 -29 -30 -31
leaf_value=-0.04871712568166417 -0.028119674464866948 -0.046052001078982954 0.016520879955737085 0.026246614848487962 -0.018044164613186219 0.0084734270119110697 0.030105344808552665 0.0050023958172976737 0.027925949811439418 -0.0083186629482195316 -0.031515628378930537 -0.016296601502783992 -0.0097783809722899063 -0.060351530880363026 -0.0031297499616068352 -0.022415774217798199 0.023210678282501243 -0.017321993721774103 -0.0086950955957442785 0.0168078682519122 0.0072915472237025762 -0.044127949331167302 -0.078747626236091717 0.04736374391690959 0.049936721458263465 0.028970471302844681 0.019084949452568431 0.0023444198435407459 -0.018522467362368494 0.057835407036346098
leaf_weight=76.841085449726734 62.392001655237891 10.433394933286761 30.171803895631456 11.666417080909012 90.358041445221716 247.33897604371305 13.937954063218511 96.190943653658906 86.29503507703339 60.708138862508349 4.9403700293405555 83.226613386275858 100.01496177801346 7.4378688222277551 161.99273362775648 11.652183801255886 29.21128596708877 15.377278775966259 64.197412313194945 203.3784696609946 252.83118454890791 5.2032230496406546 6.5858538728207376 9.6507981158792955 7.8392852449323973 10.82207791879773 11.164194476325063 20.362165087950416 25.221852868096903 4.9614050835371009
leaf_count=683424 128186 1410 441 74 58621 4090 773 2521 635 1606 236 4419 7759 2053 40983 146 674 132188 505 983 1592 39 69 35 42 48 63 179 238 18
internal_value=0 0.00231758 0.00533862 0.00379693 -0.0105643 -0.00104669 -0.00645099 -0.0068189 0.0206616 0.00516414 -0.0116522 -0.0100558 -0.0033963 -0.0199107 -0.00847008 0.00567311 0.015294 -0.043482 0.00868349 0.0102869 0.00655623 0.0098024 -0.00558372 0.0108218 0.00949413 -0.00326158 -0.011447 -0.0179808 -0.0309922 0.0082643
internal_weight=0 1730.19 1401.51 1273.39 328.681 639.503 266.289 331.455 128.119 308.047 235.264 224.831 134.167 90.6645 252.351 41.824 34.1517 92.2184 633.884 558.865 355.486 280.486 75.0005 275.283 265.632 75.0195 63.3341 52.1699 31.8077 257.793
internal_count=1074050 258438 29875 28653 228563 24768 100377 19072 1222 5696 16551 15141 8669 6472 99604 587 910 815612 3885 3332 2349 1726 623 1687 1652 553 549 486 307 1610
is_linear=0
shrinkage=0.05


Tree=92
num_leaves=31
num_cat=0
split_feature=0 0 64 82 79 40 40 90 98 98 98 69 99 76 74 82 99 46 76 69 36 54 96 82 3 95 95 95 98 96
split_gain=69.9157 27.1708 17.3936 12.53 9.20213 8.91029 8.45641 8.10029 7.62528 6.97005 6.48974 6.18858 6.087 6.30918 5.81793 5.4443 5.88707 5.29865 6.70927 5.71315 5.32443 5.03258 4.98033 4.97251 4.65634 4.49613 7.84897 4.98917 4.43378 5.16735
threshold=0.0067794565405618597 0.86620967868038068 1.0000000180025095e-35 0.59951250000000011 151.50000000000003 2.5000000000000004 36.500000000000007 43.500000000000007 8.0833333333350019 10.366666666650003 1.1666666666650001 1.5000000000000002 0.13771400000000003 621.50000000000011 5.5000000000000009 0.58536300000000019 0.10023350000000002 1.0000000180025095e-35 592.50000000000011 1.0000000180025095e-35 4215.5000000000009 0.079769500000000007 0.11072950000000002 0.59229250000000011 393.00000000000006 0.0090165000000000019 0.0086450000000000016 0.0081185000000000025 2.3666666666650005 0.019854000000000004
decision_type=2 2 2 2 2 2 2 2 2 2 2 2 2 2 2 2 2 2 2 2 2 2 2 2 2 2 2 2 2 2
left_child=23 2 3 4 11 15 7 -4 -7 -10 -8 25 14 21 -5 28 -17 20 -19 -20 -18 -14 -21 24 -1 26 27 -2 -3 -30
right_child=1 5 6 12 -6 8 10 -9 9 -11 -12 -13 13 -15 -16 16 17 18 19 22 -22 -23 -24 -25 -26 -27 -28 -29 29 -31
leaf_value=0.037489775714818006 -0.0065890176503828491 0.015326818241705231 -0.0057054446126059742 0.020742102186098496 -0.038280537540339971 0.01904156057852838 -0.069975120505161442 0.019497599625988554 -0.048769052339961878 0.0053272726082798103 0.033229142466248633 -0.0014031030677297066 -0.026989668000784603 0.0020428454600741066 -0.0074860405480304884 0.026568713827022156 0.00074031005436509011 -0.029227532262944063 -0.0070931518572254441 0.020768708974213471 0.03831459644314681 0.053127723788583082 -0.026821051676053344 -0.018261181174087416 -0.05068864942193313 -0.02142162026309059 0.052424415918386771 -0.052468778946976741 0.038533063002616191 -0.0071689747506148861
leaf_weight=1.5293349597118311 62.223740905375053 30.413541855057701 94.727057300644447 54.214162285539715 37.67600446756046 225.95256978872931 1.5878091183840286 48.05424959062384 7.3720704736188045 30.964574455458205 37.466129790715058 94.50181448194644 37.411717784691064 72.599447715032511 27.518727654507529 37.547296666540205 290.83821715402883 8.9999814599286747 24.802714602323249 138.71772936798516 9.744136890396474 2.068466212891507 5.7244447735138229 16.284059980998109 71.098161973492552 155.85378829131787 5.2578553171988451 6.5491851702008708 6.4310986334457985 161.60271946538705
leaf_count=4568 25924 279 18666 4541 79440 1289 26 2970 79 467 375 23910 10140 7204 3109 272 2285 140 223 937 57 72 56 148845 662199 69912 589 3259 46 2171
internal_value=0 0.00223897 -0.00500759 -0.00939869 -0.014891 0.00769888 0.0084161 0.00277685 0.0155433 -0.00507536 0.0290332 -0.0121744 0.000861564 -0.0067053 0.0112379 0.00479859 0.00750369 0.0060087 0.0128389 0.0150759 0.00195838 -0.0227921 0.0188827 -0.0432329 -0.0488319 -0.0166023 -0.00645652 -0.0109581 -0.00224026 -0.00541984
internal_weight=0 1716.82 737.71 555.875 362.062 979.111 181.835 142.781 264.289 38.3366 39.0539 324.386 193.813 112.08 81.7329 714.822 516.375 478.827 178.245 169.245 300.582 39.4802 144.442 88.9116 72.6275 229.885 74.0308 68.7729 198.447 168.034
internal_count=1074050 258438 250137 228100 203034 8301 22037 21636 1835 546 401 123594 25066 17416 7650 6466 3970 3698 1356 1216 2342 10212 993 815612 666767 99684 29772 29183 2496 2217
is_linear=0
shrinkage=0.05


Tree=93
num_leaves=31
num_cat=0
split_feature=0 0 82 40 82 0 83 2 62 2 99 96 93 101 87 90 82 95 40 76 101 40 36 3 3 82 96 57 101 96
split_gain=66.4469 25.4077 12.8901 14.4523 9.06713 9.02501 8.70878 6.86677 6.63184 6.70513 6.48264 5.78331 5.67345 5.30091 5.93922 7.40133 5.01192 4.77265 6.44372 6.46018 4.65459 4.60168 4.44163 4.27786 4.1945 4.57459 4.1485 4.01998 3.94233 4.35639
threshold=0.0067794565405618597 0.48090646582193369 0.57048050000000006 2.5000000000000004 0.57480350000000013 0.94875966535953815 138.00000000000003 173901.00000000003 1.5000000000000002 1567682.0000000002 0.10898100000000001 0.044349000000000006 1.5939485000000002 0.064597500000000016 634.50000000000011 42.500000000000007 0.59229250000000011 0.025581000000000003 1.0000000180025095e-35 622.50000000000011 0.064597500000000016 54.500000000000007 217.50000000000003 393.00000000000006 20577.500000000004 0.58688250000000008 0.089687000000000017 4.5000000000000009 0.039101000000000004 0.031721500000000007
decision_type=2 2 2 2 2 2 2 2 2 2 2 2 2 2 2 2 2 2 2 2 2 2 2 2 2 2 2 2 2 2
left_child=16 4 6 5 21 12 8 13 -3 10 27 -8 -4 14 15 22 23 26 19 -19 -21 -2 -5 -1 -20 -26 -6 -10 29 -14
right_child=1 2 3 7 17 -7 11 -9 9 -11 -12 -13 28 -15 -16 -17 -18 18 24 20 -22 -23 -24 -25 25 -27 -28 -29 -30 -31
leaf_value=0.034561088396140076 -0.027980221968832233 -0.025257402014151581 -0.0071099566154909227 0.037152417830764305 0.0013110255799370901 0.0082921587305609858 0.024435290489687185 0.0049781704322994702 0.0066247831223016241 -0.046575020343164658 -0.044508601067691653 -0.061612458730160038 0.038682051673486734 0.036720198074713738 -0.013003859166428251 0.031639593134086159 -0.017833980027518504 -0.02865972887314798 -0.029028952703891109 0.00388948416007364 -0.059312895414931302 0.0059636733367131774 0.0074416044122303064 -0.050659345983879472 -0.032742684046633566 0.01878601077327649 0.051115033404044219 -0.027513508092202033 0.023239818777595241 -0.00054060983408091756
leaf_weight=1.5051810429329169 80.513756794769051 55.943548598970665 229.57803798507666 14.445811169396618 86.492060802423111 453.64137041411595 27.301983239871337 105.2117886726046 83.971951592229743 8.5704904108424653 7.735086260316165 2.10312881021673 7.514926520176231 40.763322175829671 15.293183228612177 74.317568755242974 16.075633608262024 58.449642819053224 7.6145136712857484 32.773506506111517 3.1972872147925946 11.398156604679114 97.351004205585923 67.98748621013192 4.9871068709549027 31.592666236660534 4.3936117954035572 9.6103622469236125 25.49822837440297 122.13441327557666
leaf_count=4568 135411 3342 8990 83 21334 2690 326 940 4044 1572 3056 95 62 226 249 409 148845 38485 3123 7752 897 14388 1037 662199 2662 4209 302 484 269 2001
internal_value=0 0.00216099 0.00510785 0.00706799 -0.0105005 0.00351471 -0.0067969 0.0156434 -0.0112437 -0.00410935 -0.000517154 0.0182809 -0.00211852 0.020277 0.016949 0.0194102 -0.0429934 -0.00518596 -0.0110245 -0.0183998 -0.0017283 -0.0237708 0.0112807 -0.0488135 0.00473291 0.0117608 0.00371866 0.00311898 0.0052675 0.00173287
internal_weight=0 1702.4 1380.99 1185.75 321.412 838.367 195.237 347.383 165.831 109.888 101.317 29.4051 384.726 242.171 201.408 186.114 85.5683 229.5 138.615 94.4204 35.9708 91.9119 111.797 69.4927 44.1943 36.5798 90.8857 93.5823 155.148 129.649
internal_count=1074050 258438 29875 16956 228563 14012 12919 2944 12498 9156 7584 421 11322 2004 1778 1529 815612 78764 57128 47134 8649 149799 1120 666767 9994 6871 21636 4528 2332 2063
is_linear=0
shrinkage=0.05


Tree=94
num_leaves=31
num_cat=0
split_feature=0 0 101 76 48 101 82 36 40 89 89 72 83 2 60 99 87 102 82 82 69 76 82 3 100 76 90 2 69 36
split_gain=63.3688 25.0491 14.7181 11.5461 9.12409 8.34383 7.71402 9.89405 6.92063 6.80686 6.42912 5.70784 7.44563 5.6851 5.00245 9.22916 4.92018 4.95411 5.34989 4.88537 4.7272 4.67985 4.50449 4.50299 5.45988 5.92775 4.44797 6.72958 6.19262 4.44464
threshold=0.0067794565405618597 0.7740980979447657 0.026070000000000003 629.50000000000011 225.50000000000003 0.055653500000000009 0.57048050000000006 1404.5000000000002 215.50000000000003 2.5000000000000004 2.5000000000000004 2.7750000000000004 28.000000000000004 2826.5000000000005 33.500000000000007 0.098177500000000015 361.50000000000006 27.500000000000004 0.59951250000000011 0.59229250000000011 2.5000000000000004 579.50000000000011 0.6232405000000002 23978.000000000004 1.0000000180025095e-35 630.50000000000011 33.500000000000007 1074.5000000000002 1.5000000000000002 737.50000000000011
decision_type=2 2 2 2 2 2 2 2 2 2 2 2 2 2 2 2 2 2 2 2 2 2 2 2 2 2 2 2 2 2
left_child=19 2 3 4 10 6 9 13 26 -3 20 -9 -13 14 16 -16 17 -8 -19 -1 21 -2 -17 24 25 -15 28 -28 -4 -7
right_child=1 5 8 -5 -6 29 7 11 -10 -11 -12 12 -14 23 15 22 -18 18 -20 -21 -22 -23 -24 -25 -26 -27 27 -29 -30 -31
leaf_value=-0.04873453663335791 -0.025689463136230373 -0.014447590760474326 -0.019535645596076425 0.0093359358917423207 -0.036893323403930915 0.010534089834605189 0.012059388275564284 0.030037152756814678 0.034454912464436098 0.0077850159549663249 0.0021538634959089608 -0.0056002405200388196 0.016858220930215176 0.0067367714195068016 0.047955547770366071 -0.053477669534739217 -0.02313427730396507 0.0072210760082656953 0.053041578276140512 -0.017786786061783008 0.013637461209073621 -0.011495286815672219 0.018778681553484933 0.0019055557191427924 -0.052852037401954488 -0.058417974218383864 -0.054581029875300037 0.019744607413114332 0.01507950640515845 0.030589599987715144
leaf_weight=66.63834319574039 89.658784719164032 87.899122160830302 34.054459863241846 61.012428847734554 39.354521031712011 63.003155744168907 103.98408161470434 51.154377953149378 21.547154405359834 56.593667170207482 69.045137796113522 49.030079515650868 149.22691090742592 18.864803459728144 4.3654751470312503 9.3470457368530315 8.0935343789751624 10.141969572519885 17.130246246699244 15.769743015072434 13.71636346494506 164.82077484092588 2.8039535772986701 433.15569888643222 8.1752861251588893 4.2835740228183559 3.2737216980885924 43.674738651405278 20.819820077601435 49.197321100567933
leaf_count=666767 79903 2916 11318 7237 79735 481 864 254 312 677 15645 594 1028 205 29 105 154 119 110 148845 2717 42243 27 4598 138 39 1379 3610 1733 268
internal_value=0 0.0020908 -0.0065417 -0.0108419 -0.0141109 0.00638983 0.00495856 0.00673587 0.00871152 -0.00573972 -0.0114523 0.0151463 0.0113041 0.00335444 0.0116173 -0.0144011 0.0147011 0.0170341 0.0360019 -0.0428123 -0.0149551 -0.0164962 -0.0368039 0.000581666 -0.0177256 -0.00532002 0.00326385 0.0145619 -0.00640233 0.019328
internal_weight=0 1687.43 560.978 437.608 376.596 1126.45 1014.25 869.757 123.37 144.493 337.241 249.411 198.257 620.346 155.866 16.5165 139.35 131.256 27.2722 82.4081 268.196 254.48 12.151 464.479 31.3237 23.1484 101.823 46.9485 54.8743 112.2
internal_count=1074050 258438 245832 227480 220243 12606 11857 8264 18352 3593 140508 1876 1622 6388 1408 161 1247 1093 229 815612 124863 122146 132 4980 382 244 18040 4989 13051 749
is_linear=0
shrinkage=0.05


Tree=95
num_leaves=31
num_cat=0
split_feature=0 64 0 44 76 40 3 82 85 43 99 101 79 95 58 2 82 93 98 96 76 68 89 89 96 102 36 3 68 0
split_gain=60.1208 23.5436 18.4036 13.649 12.4175 7.22942 7.05829 6.8135 6.5899 6.09773 5.74886 5.7475 5.74235 5.71611 5.6043 4.89591 4.8881 4.87058 7.36704 4.76695 5.14738 4.6856 4.58943 4.56986 5.48489 5.04909 4.79688 5.22283 4.48689 4.4752
threshold=0.0067794565405618597 1.0000000180025095e-35 0.86620967868038068 1.0000000180025095e-35 576.50000000000011 2.5000000000000004 8.9884656743000007e+307 0.55074600000000007 0.082319000000000017 1.0000000180025095e-35 0.087428500000000006 0.033014000000000009 767.50000000000011 0.0017535000000000003 6.5000000000000009 1741219.0000000002 0.59229250000000011 4.1027810000000011 3.5500000000000003 0.061969500000000004 661.50000000000011 52.500000000000007 1.5000000000000002 3.5000000000000004 0.030180000000000002 11.500000000000002 3926.5000000000005 135333.00000000003 21.500000000000004 0.0071347667147760143
decision_type=2 2 2 2 2 2 2 2 2 2 2 2 2 2 2 2 2 2 2 2 2 2 2 2 2 2 2 2 2 2
left_child=16 2 4 5 22 11 7 -4 9 12 -8 17 15 -12 -7 19 -1 23 -19 -6 -21 -20 -2 24 -3 -25 27 -26 -29 -17
right_child=1 3 6 -5 8 14 10 -9 -10 -11 13 -13 -14 -15 -16 29 -18 18 21 20 -22 -23 -24 25 26 -27 -28 28 -30 -31
leaf_value=-0.048603175864711773 -0.031096511818503286 -0.054493802380033943 -0.023433867463807784 0.044858947970804128 0.0018263771776177542 0.017974232501004949 -0.033366165973980899 0.0092158366981853045 0.037750794719492796 0.013923458276857474 -0.076841161194249039 0.018645641046078489 -0.050480650863463386 -3.8982712625564726e-05 -0.069527163489149654 0.063062197073764745 -0.017339844590244406 0.031548604735807985 0.038474259809156808 -0.014802563564351834 0.021709603939763424 -0.020692669594733148 -0.013697752365216691 0.021646627332429259 0.0064523194515061048 -0.022745436012294673 -0.059751547874157609 0.011107522063399992 -0.011820358143598147 -0.02317832549467333
leaf_weight=63.935186116759724 64.691027037654976 4.9386104751965823 16.728525612445083 26.32451872243837 161.567545647928 163.71752780683619 16.57664519303944 356.67136520321947 9.1483198155183327 37.495458998040704 2.4786753845401099 63.673426104573991 7.5387146073439899 107.21264668513322 1.8506021831544774 1.5513498324562522 15.542215288392979 31.823792930503259 4.3009244193217464 105.38871427410504 10.626013897825031 15.073576109691203 91.527074146855057 39.840498707595543 133.77460389004818 7.6324532654580244 3.4692195629831977 26.404050604941403 111.21825669202735 49.584466180134768
leaf_count=666767 82872 886 506 125 24936 1913 258 3096 53 8721 30 3833 16318 1089 173 156 148845 403 60 27511 313 327 56308 360 4794 186 168 1431 10700 10912
internal_value=0 0.00201871 -0.00261551 0.0096112 -0.00902255 0.00808437 0.00429739 0.00775311 -0.00417561 -0.00520184 -0.00592187 0.00474723 -0.00733447 -0.00177447 0.0169962 -0.00634497 -0.0424895 0.00240901 0.0167498 -0.00372593 -0.0114583 -0.00755827 -0.0209027 0.000165592 -0.00226806 0.0145095 -0.0013297 -0.000582909 -0.00742144 -0.020562
internal_weight=0 1672.83 1038.79 634.042 539.119 607.718 499.668 373.4 382.901 373.752 126.268 442.149 336.257 109.691 165.568 328.718 79.4774 378.476 51.1983 277.582 116.015 19.3745 156.218 327.278 279.805 47.473 274.866 271.397 137.622 51.1358
internal_count=1074050 258438 233079 25359 228100 25234 4979 3602 88920 88867 1377 23148 80146 1119 2086 63828 815612 19315 790 52760 27824 387 139180 18525 17979 546 17093 16925 12131 11068
is_linear=0
shrinkage=0.05


Tree=96
num_leaves=31
num_cat=0
split_feature=0 0 2 66 82 82 70 99 93 40 99 36 74 69 73 81 85 0 89 76 95 82 90 68 3 43 36 68 93 93
split_gain=57.5364 22.9002 12.3657 11.3949 10.1852 8.16532 8.01879 7.94335 7.88137 7.91509 6.74982 6.21187 5.7884 5.38437 4.82168 4.99028 4.80073 4.71425 4.7108 4.70852 4.51203 5.42056 4.4156 4.24957 4.19686 4.05061 4.16371 6.46738 6.47473 5.42664
threshold=0.0067794565405618597 0.48090646582193369 114529.50000000001 0.086694000000000007 0.54931550000000018 0.57480350000000013 6.5000000000000009 0.087428500000000006 1.3482345000000002 6.5000000000000009 0.06213500000000001 1542.5000000000002 8.5000000000000018 3.5000000000000004 1.5000000000000002 0.035057000000000012 0.082319000000000017 0.68981449621504665 2.5000000000000004 611.50000000000011 0.025581000000000003 0.59831000000000012 25.500000000000004 15.500000000000002 93830.500000000015 1.0000000180025095e-35 1404.5000000000002 43.500000000000007 1.0225005000000003 0.31956150000000005
decision_type=2 2 2 2 2 2 2 2 2 2 2 2 2 2 2 2 2 2 2 2 2 2 2 2 2 2 2 2 2 2
left_child=19 5 3 4 10 23 7 13 12 -10 -3 17 25 14 18 -16 20 -9 -4 -1 -7 24 -20 -2 -22 26 27 28 -6 -28
right_child=1 2 6 -5 8 16 -8 11 9 -11 -12 -13 -14 -15 15 -17 -18 -19 22 -21 21 -23 -24 -25 -26 -27 29 -29 -30 -31
leaf_value=-0.046686265418732796 -0.050950621580222302 0.004679338248371326 -0.041190459515337507 0.044288102131195148 0.020420377234355643 0.0023489741013377786 0.049638620723813628 -0.014087340416358228 0.009495804158012296 0.025984984748537915 -0.043890313290082549 -0.017231148374000943 -0.0089875298498892 0.05239667204876336 0.05617947159850939 -0.028131062279369769 0.035841481295139289 0.0042683118286179957 -0.060907320984744863 -0.0071129150373199588 -0.0046702451310703628 -0.0052272219894361578 0.0017257537967313064 -0.018834848200263484 -0.037917911206326364 0.027869394968286283 -0.048415936293273121 -0.0033575076762764663 -0.024839426488646982 0.020097113516272799
leaf_weight=68.27924066506398 11.922556759061989 13.079915111520679 29.716219816153171 21.356892430922017 61.508211086809752 86.451007650556676 7.4171407691464983 39.553200952381303 348.46466648952628 91.989950900460826 15.786862501985523 47.050716703955914 77.85570403325255 2.4622123893932431 3.6438257079571477 3.3860134147107601 6.9065336704788924 302.497096458741 3.4236577601113849 8.4463741212462065 14.172970731466192 87.164299447239955 15.802214062117853 75.698184629646676 28.73661922630572 20.21600334928371 3.0457992709780219 172.76630537038727 9.0668099823524226 56.566563038912136
leaf_count=758500 26457 449 1875 95 1127 21619 84 2518 3360 540 4285 2839 2471 22 20 30 59 3705 185 57112 7290 27598 296 123342 22198 653 325 3817 100 1079
internal_value=0 0.0019592 0.00478358 0.00820593 0.00732053 -0.0102686 -0.0019242 -0.00277877 0.00832235 0.0129396 -0.0218828 -0.00019734 0.00325111 -0.019968 -0.0231513 0.0155702 -0.00519551 0.00214574 -0.0287131 -0.0423298 -0.00650447 -0.0123887 -0.00942767 -0.0232048 -0.0269363 0.00619956 0.00475354 0.0018523 0.0146058 0.0165965
internal_weight=0 1657.71 1346.66 891.704 870.347 311.052 454.952 447.535 841.48 440.455 28.8668 389.101 401.025 58.4341 55.9719 7.02984 223.431 342.05 48.9421 76.7256 216.525 130.074 19.2259 87.6207 42.9096 323.17 302.954 243.341 70.575 59.6124
internal_count=1074050 258438 29875 18301 18206 228563 11574 11490 13472 3900 4734 9062 9572 2428 2406 50 78764 6223 2356 815612 78705 57086 481 149799 29488 7101 6448 5044 1227 1404
is_linear=0
shrinkage=0.05


Tree=97
num_leaves=31
num_cat=0
split_feature=0 82 40 89 0 66 2 72 100 96 93 89 36 74 2 101 76 68 83 96 72 86 92 46 36 68 90 93 90 96
split_gain=54.6198 22.5728 16.4669 16.1822 13.0643 7.74176 7.69025 7.28961 6.55896 6.50864 6.36308 5.78762 6.43663 6.77447 6.03235 5.39547 5.15264 6.43385 5.11532 4.89773 5.41055 4.94929 4.85795 4.43308 6.03591 5.26326 5.03583 4.86909 4.74502 6.93443
threshold=0.0048211075022283351 0.58136350000000003 1.0000000180025095e-35 1.5000000000000002 0.7740980979447657 0.062324500000000012 728670.50000000012 1852.1666666650001 1.0000000180025095e-35 0.019854000000000004 0.69437950000000015 3.5000000000000004 3362.5000000000005 8.5000000000000018 123701.00000000001 0.10451100000000001 560.50000000000011 100.50000000000001 154.00000000000003 0.091070500000000013 9.1000000000000014 2.5000000000000004 5.5000000000000009 1.0000000180025095e-35 3926.5000000000005 13.500000000000002 16.500000000000004 0.88557000000000008 50.500000000000007 0.059627500000000007
decision_type=2 2 2 2 2 2 2 2 2 2 2 2 2 2 2 2 2 2 2 2 2 2 2 2 2 2 2 2 2 2
left_child=-1 3 4 9 10 7 8 11 -4 -2 -3 12 13 14 -5 18 -11 -18 19 21 -21 -12 -15 26 25 27 -6 -25 -28 -30
right_child=1 2 6 5 23 -7 -8 -9 -10 16 15 -13 -14 22 -16 -17 17 -19 -20 20 -22 -23 -24 24 -26 -27 28 -29 29 -31
leaf_value=-0.042815105669085168 0.039502368223942444 -0.023174599817552752 0.018512484258623625 0.0022736341637238484 -0.0085673377675762538 0.042457778300255329 -0.0013524300899226511 -0.041767604635727068 -0.0036715015998594761 -0.041564648209408889 -0.024084349664313106 0.016220016422508771 0.015876514370770266 -0.033452168471793789 -0.015935533041847676 -0.056991985413382122 -0.030079043893088776 -0.0047919063075763666 0.061850603418545813 0.026138565851116059 -0.017169187560027992 -0.0016233606230953734 0.044203807121414508 0.0028776297523136866 -0.04534926440181377 0.015089717669128967 0.011089262115168917 -0.073114358334310459 0.0053308773439712034 -0.023973125475665814
leaf_weight=71.392898425127669 4.1877144358572869 59.983593163142814 326.6851653095614 141.18384484602097 85.53618922556052 9.7392120489002973 74.809788664785628 11.565331149571646 37.103591626959314 31.224566807530437 35.72028886241651 40.814780945686834 35.644254458946762 30.020182201614716 67.09878746408026 4.6610794534835795 54.130217707509928 46.990835921604003 3.0380453890002164 23.679163725017133 10.370391480748365 78.260216198933904 2.1587464721324059 6.0555626100394857 4.5360880512744179 167.79235352418618 150.41605194227304 3.233464804943651 71.048755390336737 28.201491686981171
leaf_count=786094 1570 35244 8979 25270 1421 60 2797 21869 2661 51997 12843 2068 7049 9877 19380 916 39534 24124 126 1659 2583 12013 202 109 37 1610 1246 49 429 234
internal_value=0 0.00185717 0.00558534 -0.00733946 0.000997652 -0.00147446 0.0132475 -0.00277699 0.0162499 -0.0218685 -0.00933784 -0.00135412 -0.00395198 -0.00689121 -0.0035925 -0.00400821 -0.0238104 -0.0183281 -0.00237344 -0.00369152 0.0129484 -0.0086624 -0.0282426 0.00531153 0.0116027 0.0130615 0.00190291 -0.0235748 0.00549004 -0.00299572
internal_weight=0 1645.89 1171.13 474.758 732.533 338.225 438.599 328.486 363.789 136.533 215.713 316.921 276.106 240.462 208.283 155.729 132.346 101.121 151.068 148.03 34.0496 113.981 32.1789 516.82 181.617 177.081 335.202 9.28903 249.666 99.2502
internal_count=1074050 287956 84956 203000 70519 85775 14437 85715 11640 117225 65384 63846 61778 54729 44650 30140 115655 63658 29224 29098 4242 24856 10079 5135 1805 1768 3330 158 1909 663
is_linear=0
shrinkage=0.05


Tree=98
num_leaves=31
num_cat=0
split_feature=0 0 82 40 89 82 73 50 3 2 82 58 69 101 3 74 93 99 99 2 40 87 72 99 101 40 82 96 90 86
split_gain=52.9702 22.3531 12.6889 11.1061 10.4877 9.93154 8.22235 6.80727 6.34899 6.18626 8.12234 5.7048 5.8718 5.62961 5.34744 5.3223 5.19448 5.14972 6.77513 5.01245 4.87655 4.80422 5.42496 4.73481 4.71447 5.05481 4.99777 4.68463 4.46743 4.39991
threshold=0.37969951586789719 0.0019437620776660012 0.58818800000000004 6.5000000000000009 2.5000000000000004 0.54296050000000007 1.5000000000000002 1.0000000180025095e-35 4717.5000000000009 105656.50000000001 0.55209450000000004 1.5000000000000002 1.0000000180025095e-35 0.021637500000000004 68784.500000000015 9.5000000000000018 8.0278315000000031 0.088075000000000014 0.088880000000000001 8.9884656743000007e+307 297.50000000000006 421.50000000000006 176.12500000000003 0.088660000000000017 0.078854500000000008 1.0000000180025095e-35 0.65861650000000005 0.04683650000000001 200.50000000000003 2.5000000000000004
decision_type=2 2 2 2 2 2 2 2 2 2 2 2 2 2 2 2 2 2 2 2 2 2 2 2 2 2 2 2 2 2
left_child=1 -1 4 14 6 -3 9 24 11 10 16 -6 -13 -10 21 28 -2 -11 -19 -5 -9 -4 -23 -14 26 -26 27 -7 -12 -21
right_child=2 5 3 19 8 7 -8 20 13 17 15 12 23 -15 -16 -17 -18 18 -20 29 -22 22 -24 -25 25 -27 -28 -29 -30 -31
leaf_value=-0.045773265633548894 -0.040558615070010434 -0.049332978957789181 0.012615801649695453 0.021213094562211203 0.043458203556945581 -0.005776638049248546 0.026397939341129217 0.003974593781225502 -0.0016075018554027936 -0.036300743708228882 0.00031068343235108849 0.057385598053263855 0.013131330425848305 0.025202237995030349 0.0014471144622402819 -0.02321808474045459 0.037417729534150915 0.042358997800072684 -0.016519659430011959 -0.034312874641072223 0.065885007303943185 -0.067793698551492337 -0.00073632854880801527 -0.062238701606702362 -0.012158402120387532 0.050383176185506466 0.031575603241875687 -0.022039138116245777 0.040560516336958743 0.012063457985694562
leaf_weight=59.410596617577539 20.672699223003296 16.625251521685414 236.84648184917751 175.02572449245781 21.051127462160366 68.499641624650849 17.170332473295275 37.445795094696678 106.90057160212018 31.504818384839382 161.31387351703597 3.1965253294911227 4.4346787449030654 23.971812546282308 425.82782881316962 23.822012422751868 2.3818564995526676 5.3337076946190782 58.189899124519798 7.7531110448180725 3.4759722709400185 3.6334446156397489 17.751061231974745 3.9306843501472031 7.1547665658472379 5.8908160333983233 5.6113640412804662 125.26299022989042 7.2017494864412575 15.026841351296751
leaf_count=697189 6249 99791 3041 1219 153 67567 110 17543 2621 2707 5276 35 120 229 7861 1302 327 201 5860 100 80 56 385 190 5357 970 743 146576 77 115
internal_value=0 -0.0180071 0.00432003 0.00790702 -0.0021214 -0.0118967 -0.0072833 -0.00944003 0.00822197 -0.00914632 -0.00445796 0.0279603 -0.000257133 0.00330322 0.00488969 -0.00109639 -0.0325026 -0.019773 -0.011576 0.0183416 0.00923338 0.0105666 -0.0121301 -0.0222832 -0.0130374 0.0160826 -0.0149428 -0.01629 0.00203082 -0.00372063
internal_weight=0 329.377 1372.94 881.864 491.076 269.967 327.591 253.341 163.485 310.421 215.392 32.613 11.5619 130.872 684.059 192.338 23.0546 95.0284 63.5236 197.806 40.9218 258.231 21.3845 8.36536 212.42 13.0456 199.374 193.763 168.516 22.78
internal_count=1074050 1035816 38234 12777 25457 338627 22109 238836 3348 21999 13231 498 345 2850 11343 6655 6576 8768 6061 1434 17623 3482 441 310 221213 6327 214886 214143 5353 215
is_linear=0
shrinkage=0.05


Tree=99
num_leaves=31
num_cat=0
split_feature=0 0 82 40 82 89 66 50 0 87 42 90 38 36 36 85 90 82 36 68 2 90 90 90 72 40 99 40 2 2
split_gain=50.026 21.6095 11.5809 9.91855 9.50492 8.41127 7.05831 6.30225 6.20228 5.73929 6.52815 6.21623 5.62222 4.9864 6.51628 5.84738 4.81443 4.90967 4.73337 6.01503 4.66232 4.58273 4.46405 4.31742 4.30061 4.63945 4.197 4.11629 4.03328 5.35615
threshold=0.37969951586789719 0.0019437620776660012 0.58136350000000003 2.5000000000000004 0.54296050000000007 1.5000000000000002 0.062324500000000012 1.0000000180025095e-35 0.94875966535953815 2.5000000000000004 11.500000000000002 46.500000000000007 1.0000000180025095e-35 607.50000000000011 950.50000000000011 0.064818000000000014 28.500000000000004 0.60082350000000007 279.50000000000006 29.500000000000004 1807278.0000000002 1.5000000000000002 4.5000000000000009 25.500000000000004 2.5500000000000003 1707.0000000000002 0.12050100000000001 297.50000000000006 60368.000000000007 33241.500000000007
decision_type=2 2 2 2 2 2 2 2 2 2 2 2 2 2 2 2 2 2 2 2 2 2 2 2 2 2 2 2 2 2
left_child=1 -1 5 8 -3 24 12 21 16 20 13 -12 26 18 15 -15 23 -18 19 -11 -5 -6 -23 -4 -2 -26 28 -9 29 -7
right_child=2 4 3 9 7 6 -8 27 -10 10 11 -13 -14 14 -16 -17 17 -19 -20 -21 -22 22 -24 -25 25 -27 -28 -29 -30 -31
leaf_value=-0.045556725038651234 -0.050701373252889308 -0.049127277455338639 -0.0049498437337059465 0.025074405380074133 0.054594570829821457 0.0020941048225205506 0.043345745164243457 0.0040475262674138637 0.0081050823038157829 0.023926293121212687 -0.0368957507877926 0.028421836408062163 -0.053149204491896564 -0.029315830405208694 0.013713754079566029 0.032343466805642027 -0.006034108829928198 0.012149184518956149 0.033157745516199696 -0.032701088155569089 -0.0087157150863223024 -0.038473049942821608 -0.011437586196376854 -0.036757826866969913 -0.016831649458114519 0.027194001369820558 -0.040973169321997967 0.062808469319744084 -0.007497415626919292 0.027069581444611787
leaf_weight=57.22012441713764 8.4780868685484148 15.937390633889434 158.78298223014281 124.13588872121181 2.4929706563993923 144.46556502734893 9.4450089028105122 37.305488503273182 383.87104679230833 12.896757133479698 13.707470026682133 4.9608327015303066 5.0014866849960518 20.049670166408763 51.38354529326898 4.7574334200471631 60.790358788508456 95.353937667328864 38.741512743406929 7.3689587414555708 11.123242368455974 16.598280982218057 190.60923225760166 11.436617388448211 73.643929508254587 6.5132955267254138 5.9985345618770216 3.2391349641025036 85.787231333864838 25.213210392357723
leaf_count=697189 519 99791 7319 765 1540 4437 49 17543 2304 116 232 41 300 280 616 22 1500 1425 334 69 91 45675 173998 411 11168 175 1358 80 4106 597
internal_value=0 -0.0176804 0.00419228 0.00697496 -0.0116879 -0.00343612 0.000868582 -0.00930349 0.00379681 0.0147821 0.00817716 -0.0195385 -0.00063704 0.0120042 0.00355372 -0.017491 -0.0012706 0.00507003 0.0229155 0.00333561 0.0222956 -0.0127925 -0.0136033 -0.00708694 -0.0168361 -0.0132543 0.000367452 0.00874197 0.00133816 0.00580531
internal_weight=0 323.403 1363.91 999.36 266.182 364.546 275.911 250.245 710.235 289.125 153.866 18.6683 266.466 135.198 76.1906 24.8071 326.364 156.144 59.0072 20.2657 135.259 209.7 207.208 170.22 88.6353 80.1572 261.465 40.5446 255.466 169.679
internal_count=1074050 1035816 38234 15525 338627 22709 10847 238836 12959 2566 1710 273 10798 1437 918 302 10655 2925 519 185 856 221213 219673 7730 11862 11343 10498 17623 9140 5034
is_linear=0
shrinkage=0.05


end of trees

feature_importances:
Column_0=419
Column_82=367
Column_40=266
Column_93=185
Column_76=152
Column_68=144
Column_2=123
Column_90=102
Column_98=99
Column_101=91
Column_36=74
Column_95=71
Column_74=69
Column_89=68
Column_99=68
Column_96=67
Column_3=56
Column_69=48
Column_83=46
Column_72=38
Column_79=34
Column_58=33
Column_66=28
Column_64=27
Column_60=26
Column_100=23
Column_48=22
Column_85=20
Column_42=19
Column_50=19
Column_87=19
Column_62=18
Column_43=17
Column_102=17
Column_91=15
Column_55=14
Column_54=13
Column_46=12
Column_57=10
Column_44=9
Column_65=8
Column_92=8
Column_70=7
Column_81=5
Column_1=4
Column_73=3
Column_94=3
Column_35=2
Column_41=2
Column_86=2
Column_38=1
Column_39=1
Column_45=1
Column_53=1
Column_63=1
Column_67=1
Column_80=1
Column_97=1

parameters:
[boosting: gbdt]
[objective: lambdarank]
[metric: ndcg]
[tree_learner: serial]
[device_type: cpu]
[data_sample_strategy: bagging]
[data: ]
[valid: ]
[num_iterations: 100]
[learning_rate: 0.05]
[num_leaves: 31]
[num_threads: 0]
[seed: 0]
[deterministic: 0]
[force_col_wise: 0]
[force_row_wise: 0]
[histogram_pool_size: -1]
[max_depth: -1]
[min_data_in_leaf: 20]
[min_sum_hessian_in_leaf: 0.001]
[bagging_fraction: 1]
[pos_bagging_fraction: 1]
[neg_bagging_fraction: 1]
[bagging_freq: 0]
[bagging_seed: 3]
[feature_fraction: 1]
[feature_fraction_bynode: 1]
[feature_fraction_seed: 2]
[extra_trees: 0]
[extra_seed: 6]
[early_stopping_round: 0]
[early_stopping_min_delta: 0]
[first_metric_only: 0]
[max_delta_step: 0]
[lambda_l1: 0]
[lambda_l2: 0]
[linear_lambda: 0]
[min_gain_to_split: 0]
[drop_rate: 0.1]
[max_drop: 50]
[skip_drop: 0.5]
[xgboost_dart_mode: 0]
[uniform_drop: 0]
[drop_seed: 4]
[top_rate: 0.2]
[other_rate: 0.1]
[min_data_per_group: 100]
[max_cat_threshold: 32]
[cat_l2: 10]
[cat_smooth: 10]
[max_cat_to_onehot: 4]
[top_k: 20]
[monotone_constraints: ]
[monotone_constraints_method: basic]
[monotone_penalty: 0]
[feature_contri: ]
[forcedsplits_filename: ]
[refit_decay_rate: 0.9]
[cegb_tradeoff: 1]
[cegb_penalty_split: 0]
[cegb_penalty_feature_lazy: ]
[cegb_penalty_feature_coupled: ]
[path_smooth: 0]
[interaction_constraints: ]
[verbosity: 0]
[saved_feature_importance_type: 0]
[use_quantized_grad: 0]
[num_grad_quant_bins: 4]
[quant_train_renew_leaf: 0]
[stochastic_rounding: 1]
[linear_tree: 0]
[max_bin: 255]
[max_bin_by_feature: ]
[min_data_in_bin: 3]
[bin_construct_sample_cnt: 200000]
[data_random_seed: 1]
[is_enable_sparse: 1]
[enable_bundle: 1]
[use_missing: 1]
[zero_as_missing: 0]
[feature_pre_filter: 1]
[pre_partition: 0]
[two_round: 0]
[header: 0]
[label_column: ]
[weight_column: ]
[group_column: ]
[ignore_column: ]
[categorical_feature: ]
[forcedbins_filename: ]
[precise_float_parser: 0]
[parser_config_file: ]
[objective_seed: 5]
[num_class: 1]
[is_unbalance: 0]
[scale_pos_weight: 1]
[sigmoid: 1]
[boost_from_average: 1]
[reg_sqrt: 0]
[alpha: 0.9]
[fair_c: 1]
[poisson_max_delta_step: 0.7]
[tweedie_variance_power: 1.5]
[lambdarank_truncation_level: 30]
[lambdarank_norm: 1]
[label_gain: ]
[lambdarank_position_bias_regularization: 0]
[eval_at: ]
[multi_error_top_k: 1]
[auc_mu_weights: ]
[num_machines: 1]
[local_listen_port: 12400]
[time_out: 120]
[machine_list_filename: ]
[machines: ]
[gpu_platform_id: -1]
[gpu_device_id: -1]
[gpu_use_dp: 0]
[num_gpu: 1]

end of parameters

pandas_categorical:null
