tree
version=v4
num_class=1
num_tree_per_iteration=1
label_index=0
max_feature_idx=154
objective=lambdarank
feature_names=Column_0 Column_1 Column_2 Column_3 Column_4 Column_5 Column_6 Column_7 Column_8 Column_9 Column_10 Column_11 Column_12 Column_13 Column_14 Column_15 Column_16 Column_17 Column_18 Column_19 Column_20 Column_21 Column_22 Column_23 Column_24 Column_25 Column_26 Column_27 Column_28 Column_29 Column_30 Column_31 Column_32 Column_33 Column_34 Column_35 Column_36 Column_37 Column_38 Column_39 Column_40 Column_41 Column_42 Column_43 Column_44 Column_45 Column_46 Column_47 Column_48 Column_49 Column_50 Column_51 Column_52 Column_53 Column_54 Column_55 Column_56 Column_57 Column_58 Column_59 Column_60 Column_61 Column_62 Column_63 Column_64 Column_65 Column_66 Column_67 Column_68 Column_69 Column_70 Column_71 Column_72 Column_73 Column_74 Column_75 Column_76 Column_77 Column_78 Column_79 Column_80 Column_81 Column_82 Column_83 Column_84 Column_85 Column_86 Column_87 Column_88 Column_89 Column_90 Column_91 Column_92 Column_93 Column_94 Column_95 Column_96 Column_97 Column_98 Column_99 Column_100 Column_101 Column_102 Column_103 Column_104 Column_105 Column_106 Column_107 Column_108 Column_109 Column_110 Column_111 Column_112 Column_113 Column_114 Column_115 Column_116 Column_117 Column_118 Column_119 Column_120 Column_121 Column_122 Column_123 Column_124 Column_125 Column_126 Column_127 Column_128 Column_129 Column_130 Column_131 Column_132 Column_133 Column_134 Column_135 Column_136 Column_137 Column_138 Column_139 Column_140 Column_141 Column_142 Column_143 Column_144 Column_145 Column_146 Column_147 Column_148 Column_149 Column_150 Column_151 Column_152 Column_153 Column_154
feature_infos=[1.7307033847328553e-09:0.99975985096384834] [0:1] [1:1.7976931348599999e+308] [1:1.7976931348599999e+308] none none none none none none none none none none none none none none none none none none none [0:1] [0:1] none none none [0:1] [0:2] [0:33] [0:1] [0:1] [0:82] [0:1] [0:1] [0:342737] [0:36] [0:3] [0:1] [0:31591] [0:1] [0:788] [0:17] [0:114] [0:125] [0:2] [0:1] [1:441993] [0:1] [0:1] [0:1] [0:36] [0:0.124639] [0:0.13569000000000001] [0:1] [0:2] [0:97] [1:320498] [0:0.10625] [0:951] [0:70] [1:20421] [0:0.189973] [0:1] [0:141] [0:0.72638000000000003] [0:0.189973] [0:130] [0:6] [0:65] [0:0.11750099999999999] [1:441993] [0:21] [0:182] [0:2] [517:749] [0:4] [0:4] [0:332847] [0:1] [0:0.124639] [0.50040700000000005:0.76747900000000002] [1:223] [0:4] [0:0.20475399999999999] [2:9] [0:441993] [0:1] [0:7] [0:20421] [0:1] [0:9] [0:579.81079099999999] [0:3] [0:0.13467599999999999] [0:0.197407] [0:3] [1:320498] [0:0.28700100000000001] [0:21] [0:0.39139600000000002] [1:441993] [0:2] [0:16] [0:1] [0:2.3372090000000001] [0:13] [0:1] [0:7] [0:12] [0:7] [0:0.50805800000000001] [0:0.17033599999999999] [0:0.197407] [0:0.28700100000000001] [0:97] [0:2] [0:16] [0:1] [0:7] [0:13] [0:7] [0:0.58430199999999999] [0:0.197407] [0:0.197407] [0:0.26976899999999998] [0:182] [0:2] [1:332847] [1:441993] [0:16] [0:1] [0:4] [0:8] [0:4] [0:0.19029199999999999] [0:0.24151700000000001] [0:13] [0:2] [1:332857] [0:16] [0:1] [0:16] none [0:16] [0:7] [0:53] [0:7] [0:0.17033599999999999] [0:0.197407] [0:0.28700100000000001] [0:2] [0:16] [0:1]
tree_sizes=3492 3504 3494 3495 3495 3493 3502 3498 3499 3492 3510 3493 3513 3494 3506 3510 3493 3491 3498 3496 3493 3485 3509 3506 3500 3509 3510 3493 3500 3503 3500 3489 3496 3494 3509 3503 3526 3494 3481 3512 3487 3493 3497 3497 3521 3519 3490 3502 3497 3521 3513 3487 3486 3486 3499 3520 3518 3498 3504 3500 3492 3489 3495 3513 3499 3510 3500 3507 3499 3521 3528 3494 3498 3489 3478 3508 3495 3523 3470 3498 3535 3504 3498 3507 3489 3494 3503 3474 3512 3478 3497 3532 3497 3542 3509 3499 3509 3514 3525 3522

Tree=0
num_leaves=31
num_cat=0
split_feature=0 82 0 0 115 82 3 0 82 3 129 3 76 3 58 2 36 111 0 48 3 127 0 115 40 115 82 0 147 125
split_gain=7090.3 346.45 167.36 124.643 124.062 52.2908 44.8703 40.0232 22.471 26.0208 21.1547 20.9634 20.7143 20.0993 18.9647 15.9559 15.0254 20.7692 13.1883 19.4212 18.2557 12.0607 12.038 13.149 11.6142 11.177 10.4544 9.9996 9.91191 9.88205
threshold=0.15548050853772452 0.54061850000000011 0.030380062479932603 0.48090646582193369 0.041174000000000009 0.57261050000000002 996929.50000000012 0.86620967868038068 0.55406350000000015 999189.50000000012 102.50000000000001 1.5000000000000002 669.50000000000011 975378.50000000012 7.5000000000000009 23.500000000000004 1316.5000000000002 2.5000000000000004 0.0088049481694041625 3.5000000000000004 877486.50000000012 6.5000000000000009 0.7740980979447657 0.031356500000000002 14.500000000000002 0.016747000000000001 0.57637450000000012 0.0048211075022283351 4.5000000000000009 0.035363500000000006
decision_type=2 2 2 2 2 2 2 2 2 2 2 2 2 2 2 2 2 2 2 2 2 2 2 2 2 2 2 2 2 2
left_child=2 7 12 5 8 10 -6 25 -4 15 21 -5 18 -7 29 -10 17 28 -1 20 -20 -3 23 -13 -11 -2 -19 -14 -8 -15
right_child=1 3 4 11 6 13 16 -9 9 24 -12 22 27 14 -16 -17 -18 26 19 -21 -22 -23 -24 -25 -26 -27 -28 -29 -30 -31
leaf_value=-0.098955707293143791 -0.096535569119561099 0.026378497066431545 -0.098496486497349878 -0.10000000000000001 0.084656707604689907 0.087687164219972122 -0.07673430090139316 0.081252394217806834 -0.10000000000000001 -0.082455748757699579 -0.088000568817079627 0.058660287505842623 -0.084522897431986654 0.075235669824183116 -0.0080141750936101718 0.037839215479933797 0.061395128948550454 -0.092533878861499566 0.022186848872005858 -0.092447635625506897 -0.069641697379987585 -0.080060051798964471 0.097332113422228916 0.090495880637572412 -0.0015569660912975979 0.034657902390340466 0.065807630065824629 0.064308022279059143 0.033167334409548319 0.028257876222565426
leaf_weight=887.92945118060197 29.497356971225603 16.269750659921563 43.792977707131286 1.3821920519694675 19.484671278391033 37.7966198175709 14.310698834360673 3.8650558869558145 2.6159423090284681 31.59987168268799 7.9126143676403435 41.948011930835492 1.8271694657596516 28.712544247928236 14.774723090311452 10.634717443317639 5.527233631197304 1.2521603798668355 7.6020798395329647 82.778523628286166 18.789704533715849 3.1819353438331737 863.04420313731316 143.01372887629623 5.1611900997922922 1.7180102378624713 6.2239665730157867 2.9518866676953621 2.3949190429848377 18.347898203310251
leaf_count=835833 17676 5660 34018 35 12687 8341 5350 323 205 10557 4584 5360 883 1869 2557 13656 1259 538 13315 62860 8287 3088 11561 7387 1143 881 787 307 380 2663
internal_value=0 0.0843155 -0.0892194 0.0889328 -0.0386185 0.0421482 0.025692 -0.0705224 -0.0723446 -0.0494446 -0.0190719 0.0945947 -0.0964417 0.0589626 0.0414048 0.010627 -0.0129801 -0.0299801 -0.0969394 -0.0805398 -0.0431907 0.00896712 0.0948513 0.0832758 -0.0710977 -0.089315 0.0392874 0.00740572 -0.0609788 0.05692
internal_weight=0 1211.46 1144.88 1176.38 142.998 126.996 49.1936 35.0804 93.8047 50.0117 27.3643 1049.39 1001.88 99.6318 61.8352 13.2507 29.709 24.1817 997.1 109.17 26.3918 19.4517 1048.01 184.962 36.7611 31.2154 7.47613 4.77906 16.7056 47.0604
internal_count=1074050 71985 1002065 53105 80580 28762 21001 18880 59579 25561 13332 24343 921485 15430 7089 13861 8314 7055 920295 84462 21602 8748 24308 12747 11700 18557 1325 1190 5730 4532
is_linear=0
shrinkage=0.05


Tree=1
num_leaves=31
num_cat=0
split_feature=0 0 58 0 40 110 0 93 82 98 0 93 40 40 82 0 93 93 82 99 55 98 113 95 0 89 149 137 54 82
split_gain=17072.8 541.691 430.513 195.482 202.141 151.354 139.823 116.503 93.0733 82.0213 73.3196 74.9184 71.8938 70.8822 60.1978 55.7615 51.7085 50.074 46.38 46.1878 43.6549 40.3234 36.1833 34.0207 33.5365 32.0431 29.6073 29.4405 29.2738 29.0311
threshold=0.48090646582193369 0.11665055024126079 7.5000000000000009 0.86620967868038068 1.0000000180025095e-35 1.5000000000000002 0.86620967868038068 0.69437950000000015 0.58104250000000002 152.58333333350001 0.012339227772512141 0.87225400000000008 8.5000000000000018 1.0000000180025095e-35 0.57701950000000013 0.94875966535953815 0.72513300000000014 0.85877850000000011 0.59889650000000005 0.20759250000000004 1.0000000180025095e-35 4.7750000000000012 0.053324000000000003 0.010933500000000001 0.94875966535953815 1.5000000000000002 0.0017535000000000003 0.026069000000000005 0.10380200000000002 0.57734750000000012
decision_type=2 2 2 2 2 2 2 2 2 2 2 2 2 2 2 2 2 2 2 2 2 2 2 2 2 2 2 2 2 2
left_child=1 10 3 4 7 8 9 14 -3 25 -1 28 16 15 -2 17 -7 -5 21 -17 23 -13 -20 -10 -8 29 -9 -18 -12 -4
right_child=2 5 6 13 -6 12 24 26 20 -11 11 18 -14 -15 -16 19 27 -19 22 -21 -22 -23 -24 -25 -26 -27 -28 -29 -30 -31
leaf_value=-0.090754254176043769 -0.049822848336639171 -0.079560163494207845 -0.071706833116661969 0.038139207250256192 0.075991124008442518 -0.049647274601288226 0.023082830067925358 0.025123575840960029 0.031143695887340818 -0.068465285959054406 -0.085686084253469824 -0.033879034281214929 0.07378949948058354 0.087128685262948161 0.016235186444346874 0.079423763675204373 -0.0049998577462250539 0.069463779333666306 0.010176152459943228 0.025002415661927648 0.047538913577826129 -0.088841254812096621 -0.058010814413285164 -0.044159898718401126 0.067567299282118506 0.024649388684403795 0.056227505581948084 0.05513109286031323 0.086375317380198213 0.0049339026073002192
leaf_weight=2568.0672870538401 47.165763640892692 159.69821994194353 20.646304438239895 197.1345072996337 499.65807403408689 53.967095440282719 79.8755600634031 105.56745179224527 17.105478403333109 53.27372479258338 384.84845200218115 57.794645924179349 30.662636601598933 1224.3676873365766 128.30913064541528 1145.2223682447802 79.514362717163749 361.59231389476918 47.473864636980579 40.36188168823719 18.165724758990109 78.966881188505795 32.965448184811976 121.77515296978527 90.227317786542699 80.81857893767301 277.94113092351472 27.360107722022804 2.4880050227511665 30.772740433400031
leaf_count=862486 2169 33464 1526 1180 3197 5825 815 1668 425 5454 93914 7019 607 2246 2280 2463 4568 1174 3700 77 699 18853 3839 8100 346 2134 2395 662 14 751
internal_value=0 -0.0793892 0.0666722 0.0713287 0.0528819 -0.0314665 0.0139371 0.0322252 -0.0526825 -0.0160849 -0.0870663 -0.0714001 0.00362443 0.0779069 -0.0015205 0.071434 -0.00975175 0.0584116 -0.0478948 0.0775711 -0.0253509 -0.0656145 -0.0177681 -0.034885 0.0466786 0.00501731 0.0476656 0.0103938 -0.0845809 -0.0258397
internal_weight=0 3680.85 4382.93 4027.32 1058.64 508.249 355.614 558.983 316.745 185.511 3172.6 604.537 191.504 2968.68 175.475 1744.31 160.842 558.727 217.201 1185.58 157.046 136.762 80.4393 138.881 170.103 132.238 383.509 106.874 387.336 51.419
internal_count=1074050 1044175 29875 18849 11709 54350 11026 8512 42688 9865 989825 127339 11662 7140 4449 4894 11055 2354 33411 2540 9224 25872 7539 8525 1161 4411 4063 5230 93928 2277
is_linear=0
shrinkage=0.05


Tree=2
num_leaves=31
num_cat=0
split_feature=0 0 0 115 82 82 40 40 82 90 40 99 76 0 82 98 96 101 74 40 90 95 48 83 76 82 99 130 112 62
split_gain=15621.5 562.031 281.238 264.069 183.012 79.6251 77.252 68.6794 67.3686 60.1243 54.5034 44.3338 43.6332 42.6533 37.6816 34.4548 32.3229 29.5432 29.1817 28.7222 26.527 24.3327 23.9866 23.849 23.601 22.6317 21.495 21.3921 20.8949 19.4738
threshold=0.23938287544958989 0.68981449621504665 0.030380062479932603 0.028813500000000002 0.57480350000000013 0.54336150000000016 23.500000000000004 4.5000000000000009 0.52787650000000019 37.500000000000007 5.5000000000000009 0.20759250000000004 568.50000000000011 0.94875966535953815 0.57019550000000019 5.708333333335001 0.094253000000000017 0.014462000000000001 7.5000000000000009 336.50000000000006 13.500000000000002 0.053324000000000003 20.500000000000004 10.000000000000002 669.50000000000011 0.60515800000000008 0.11236850000000001 1542.5000000000002 0.0090610000000000013 5.5000000000000009
decision_type=2 2 2 2 2 2 2 2 2 2 2 2 2 2 2 2 2 2 2 2 2 2 2 2 2 2 2 2 2 2
left_child=2 3 24 5 15 -2 12 9 -3 16 11 13 17 14 26 19 -6 -5 23 -4 -7 -18 -9 -14 -1 -20 -10 28 -22 -23
right_child=1 8 4 6 7 20 -8 22 10 -11 -12 -13 18 -15 -16 -17 21 -19 25 -21 27 29 -24 -25 -26 -27 -28 -29 -30 -31
leaf_value=-0.084324618000491472 -0.080552342124098064 -0.064221646652968964 -0.050804816061631099 -0.073863163035641152 -0.055572139722089221 -0.034569320427347713 0.076524765852997195 0.059715198101082757 0.039424373945956014 0.014901188632457344 0.078804073943411435 0.025695403078162163 0.0073263663271912558 0.072089693482963832 0.062444431072766093 -0.083955817246378628 0.049537835120651824 0.043656161920727965 -0.025378102284291396 0.071444086746005456 0.028617757050573581 -0.060030805292392866 -0.058196852156472134 0.048655707774795831 -0.015875694579029861 0.031874962567692053 -0.032358672645337587 -0.084504177863907973 -0.053767361697603655 0.026727564880255003
leaf_weight=3019.0140291730058 56.309551180005656 9.3786824483540823 45.230840463656932 16.691200163564648 119.3311798144714 59.190231120330282 108.42295635107439 34.980780043057166 107.97026690305211 64.430170026957057 1193.7108214256587 66.779781374149024 42.442899727611803 1566.3287451060023 864.3555829830002 201.94291036564391 13.860359932878053 7.8690921673551193 33.145598356262781 5.3757569518638766 59.580060970969498 19.317898569162939 4.919734352384693 196.55156357365195 12.645984470495021 36.016438353457488 11.543766911490819 5.5018383277347302 8.8379782130941731 9.7236069157952425
leaf_count=920295 12023 1209 10007 2784 22112 6906 724 1270 2246 4789 2629 171 2464 3277 6686 54585 548 379 2645 161 2996 2487 986 4361 1190 1042 691 853 1016 518
internal_value=0 0.062402 -0.0782162 0.0186688 -0.0442103 -0.0307102 0.0398714 -0.0153134 0.0696209 -0.0259617 0.0699503 0.0659117 0.0279271 0.0669648 0.0588059 -0.0747107 -0.0421903 -0.0362101 0.0330389 -0.0378188 -0.00962543 -0.00496875 0.0451766 0.0413161 -0.0840391 0.00443669 0.0324909 0.010348 0.0179756 -0.0309826
internal_weight=0 4450.63 3550.77 630.559 519.113 189.42 441.14 266.564 3820.07 226.663 3810.69 2616.98 332.717 2550.2 983.87 252.55 162.233 24.5603 308.157 50.6066 133.11 42.9019 39.9005 238.994 3031.66 69.162 119.514 73.9199 68.418 29.0415
internal_count=1074050 55102 1018948 38193 97463 23794 14399 32710 16909 30454 15700 13071 13675 12900 9623 64753 25665 3163 10512 10168 11771 3553 2256 6825 921485 3687 2937 4865 4012 3005
is_linear=0
shrinkage=0.05


Tree=3
num_leaves=31
num_cat=0
split_feature=0 0 0 82 82 58 58 40 0 40 140 48 40 99 90 90 40 76 93 40 110 96 93 82 69 113 74 104 76 0
split_gain=13498.4 449.831 237.575 222.22 157.227 83.957 80.1926 66.4587 64.7785 48.7517 43.2559 42.9585 34.2049 29.7254 28.9715 27.5856 26.7339 25.5866 24.797 24.3891 22.833 22.2407 21.8625 20.9703 31.5009 20.671 20.6283 19.3491 18.227 38.5173
threshold=0.21467259749339032 0.60678019017954943 0.030380062479932603 0.54966050000000011 0.58104250000000002 406.50000000000006 4.5000000000000009 2.5000000000000004 0.7740980979447657 1.0000000180025095e-35 24.500000000000004 2.5000000000000004 2.5000000000000004 0.20759250000000004 43.500000000000007 18.500000000000004 51.500000000000007 577.50000000000011 1.2008335000000001 336.50000000000006 1.5000000000000002 0.09271900000000001 0.75316150000000015 0.5710805000000001 1.5000000000000002 0.0017535000000000003 7.5000000000000009 1.5000000000000002 635.50000000000011 0.0088049481694041625
decision_type=2 2 2 2 2 2 2 2 2 2 2 2 2 2 2 2 2 2 2 2 2 2 2 2 2 2 2 2 2 2
left_child=2 3 28 -2 11 7 9 8 22 18 12 19 14 25 21 -12 17 -8 -5 27 23 -6 26 24 -9 -10 -3 -4 -1 -30
right_child=1 5 4 6 10 -7 16 20 13 -11 15 -13 -14 -15 -16 -17 -18 -19 -20 -21 -22 -23 -24 -25 -26 -27 -28 -29 29 -31
leaf_value=-0.079737173544579737 -0.073591249121374533 0.020732355483041424 0.0070313269598354655 0.001290742719472663 -0.042539423117755493 -0.036315096631425244 -0.061976841674698149 -0.071297238922869183 0.042033462643264269 0.060190798069093679 -0.060558682905035278 -0.076749869754320479 0.05743015328808046 0.026141854293221873 0.031092511538249209 0.00041946192134934999 0.051127603203335308 -0.0043850077122419458 0.040714967590765754 0.06777367277926398 0.074746874760133294 0.025781244660855348 0.042356387924784966 0.065965729146771873 0.045528358514693272 0.063063897530511545 -0.052266651353303162 -0.061215893490790353 -0.075437050840768974 0.013239855001211257
leaf_weight=2935.2454024673207 65.475550156377722 50.744206643430516 15.540649318252688 83.893355243024416 46.411172957450617 21.144559337990358 25.876691807701718 6.4680076095974064 123.95430823846254 143.3090868400177 48.883286704774946 209.5185380470939 28.997481431288179 59.871464806608856 36.455189917702228 29.886315295356326 15.660787209519183 75.714168228907511 76.034345965716057 6.0917802040930829 1231.9448153488338 16.025002144742757 139.48754566768184 241.30224646441638 53.4804336213856 2036.8666575106326 11.958231281256301 31.308505975874141 48.139616586617194 16.423051643185318
leaf_count=906765 14806 2274 2141 6653 9156 2367 5112 398 1327 2545 9259 57548 926 146 1976 3170 707 5733 2211 149 1924 1064 2505 832 874 7869 956 7937 12985 1735
internal_value=0 0.0575032 -0.0739847 0.0120923 -0.0408961 0.0630518 0.0254343 0.0635829 0.0584277 0.0390121 -0.00827509 -0.0665816 0.00967757 0.0608946 -0.00432471 -0.0374227 -0.00968058 -0.0190545 0.0200342 -0.0263396 0.0717296 -0.0250041 0.031333 0.0593904 0.0329237 0.0618575 0.00681042 -0.0385771 -0.0791591 -0.05288
internal_weight=0 4463.19 3468.93 485.964 469.118 3977.22 420.488 3956.08 2422.88 303.237 206.658 262.459 127.889 2220.69 98.8914 78.7696 117.252 101.591 159.928 52.9409 1533.2 62.4362 202.19 301.251 59.9484 2160.82 62.7024 46.8492 2999.81 64.5627
internal_count=1074050 59239 1014811 37767 93326 21472 22961 19105 15077 11409 25551 67775 13122 9342 12196 12429 11552 10845 8864 10227 4028 10220 5735 2104 1272 9196 3230 10078 921485 14720
is_linear=0
shrinkage=0.05


Tree=4
num_leaves=31
num_cat=0
split_feature=0 0 0 82 82 82 40 136 0 98 140 69 76 40 90 58 99 140 90 129 2 74 96 136 68 76 79 93 2 83
split_gain=11940.3 381.681 227.263 189.921 142.802 78.8315 74.987 69.6804 47.4085 39.0059 36.5715 31.3513 30.521 28.5228 24.9968 24.9076 24.4497 21.8588 19.6521 18.971 18.0981 17.044 16.7092 15.4445 21.0979 15.4163 15.3101 14.4657 14.4364 14.4267
threshold=0.21467259749339032 0.60678019017954943 0.030380062479932603 0.54966050000000011 0.58104250000000002 0.52787650000000019 1.0000000180025095e-35 0.014476500000000002 0.86620967868038068 4.2916666666650007 29.500000000000004 1.5000000000000002 576.50000000000011 2.5000000000000004 43.500000000000007 7.5000000000000009 0.20759250000000004 48.500000000000007 18.500000000000004 129.50000000000003 22518.000000000004 8.5000000000000018 0.09271900000000001 0.033969500000000007 116.50000000000001 670.50000000000011 6.5000000000000009 0.49007150000000005 491351.00000000006 21.000000000000004
decision_type=2 2 2 2 2 2 2 2 2 2 2 2 2 2 2 2 2 2 2 2 2 2 2 2 2 2 2 2 2 2
left_child=2 3 -1 -2 9 -3 8 11 17 23 13 12 -5 14 22 21 20 -7 25 -13 -10 -8 -6 24 -4 -12 -14 -28 -16 -9
right_child=1 5 4 7 10 6 15 29 16 -11 18 19 26 -15 28 -17 -18 -19 -20 -21 -22 -23 -24 -25 -26 -27 27 -29 -30 -31
leaf_value=-0.075315631682371376 -0.068903375742581319 -0.067890250788592635 -0.068758882395731219 -0.040180834661052794 -0.037866411778732262 0.040341247405243384 0.068614804903884358 0.022548570618798985 0.062239392191192615 -0.07175696655662385 -0.065310391422811753 0.045494495235179358 0.019542365610146054 0.04969845698558481 0.037752124036650007 0.038094782892080181 0.020981697322024293 0.00047211330797106957 -0.0018048764944964197 -0.041514489533879852 0.051472621952708075 0.049685632809083793 0.018318709983651909 0.036713627814021509 0.0075067314998110493 0.066994669615778712 -0.05367368054397114 0.0034346341926171503 -0.054362386567740173 0.062314229418106715
leaf_weight=2961.7942013606662 63.218228257144801 12.201851228368467 20.782496653147973 38.513365679653361 49.720137544849422 320.99849282053765 1787.3204326385166 29.103047965560108 837.48664990602992 209.5668823356973 39.665318856772501 68.824062545958441 114.50930683815386 31.531294901389629 35.628947526332922 75.600391973159276 47.964527983218431 38.502532531972975 24.760154087620322 6.8920801912900052 730.95989059493877 127.39405034366064 18.031933737685904 9.270661710877901 16.087997692637146 2.3311458390671751 15.39941833692137 39.613143164198846 4.8301043799147001 105.44919408950955
leaf_count=921485 14806 1944 5690 6821 10047 5650 3619 1422 2578 59162 8482 2141 5383 1015 1557 2196 121 1866 2631 1216 2756 742 1193 770 2153 31 1968 2706 595 1304
internal_value=0 0.0539147 -0.0702269 0.0118708 -0.0376188 0.0590034 0.0593938 0.0240782 0.0524938 -0.0625938 -0.00669216 0.0100256 -9.76964e-07 0.00785121 -0.00434252 0.0662439 0.0561463 0.0360713 -0.037136 0.0375745 0.0572216 0.0673554 -0.022913 -0.0209759 -0.0354813 -0.0579664 0.00912741 -0.0125514 0.0267553 0.0537131
internal_weight=0 4459.95 3424 481.522 462.207 3978.43 3966.23 418.304 1975.91 255.708 206.499 283.751 208.035 139.742 108.211 1990.31 1616.41 359.501 66.7566 75.7161 1568.45 1914.71 67.7521 46.1412 36.8705 41.9965 169.522 55.0126 40.4591 134.552
internal_count=1074050 59239 1014811 37767 93326 21472 19528 22961 12971 67775 25551 20235 16878 14407 13392 6557 5455 7516 11144 3357 5334 4361 11240 8613 7843 8513 10057 4674 2152 2726
is_linear=0
shrinkage=0.05


Tree=5
num_leaves=31
num_cat=0
split_feature=0 0 0 82 98 58 40 40 72 82 58 0 40 93 95 93 82 93 2 112 76 129 76 0 95 114 92 76 137 96
split_gain=10745.1 376.554 179.485 179.288 119.937 71.9417 63.5535 58.6391 52.1114 48.6335 47.9151 36.7347 26.4046 23.6342 23.4115 20.9081 19.3553 19.1559 18.4599 16.6002 15.2837 18.2735 15.0719 32.0535 15.2435 14.8821 19.3791 14.698 14.2789 14.1067
threshold=0.19204907757119541 0.60678019017954943 0.030380062479932603 0.54966050000000011 5.708333333335001 8.5000000000000018 16.500000000000004 1.0000000180025095e-35 2077.3333333350006 0.58772650000000015 4.5000000000000009 0.7740980979447657 2.5000000000000004 0.97250900000000018 0.014743000000000001 0.81108300000000011 0.53370050000000002 0.46287300000000003 2826.5000000000005 0.072542000000000009 689.50000000000011 9.5000000000000018 635.50000000000011 0.0088049481694041625 0.064596500000000015 0.083296000000000023 2.5000000000000004 577.50000000000011 0.033014000000000009 0.11761300000000001
decision_type=2 2 2 2 2 2 2 2 2 2 2 2 2 2 2 2 2 2 2 2 2 2 2 2 2 2 2 2 2 2
left_child=2 3 22 -2 12 7 10 11 16 -6 15 17 13 -4 -11 25 -7 -3 -13 -9 28 -22 -1 -24 -25 26 -5 -12 -20 -16
right_child=1 5 4 6 9 8 -8 19 -10 14 27 18 -14 -15 29 -17 -18 -19 20 -21 21 -23 23 24 -26 -27 -28 -29 -30 -31
leaf_value=-0.072585184707896447 -0.065141854549056133 -0.026810025319816341 -0.03811272925122039 -0.046692025297230016 -0.070958639990882394 -0.059670811090958079 0.05543409583164069 0.055590228748630302 -0.075780557972681115 0.029154492263214666 -0.051246304535010202 0.060984500006420084 0.034867766947934802 0.0057286651657266711 -0.049285258902306103 0.034960786520544795 0.03556467296468404 0.032548710029087297 0.04846707528605973 0.066226403573339906 -0.0078505174009200068 0.065957751932465308 -0.069170472365550947 0.057032797916297118 -0.040892923422524041 0.05252217280365698 0.010969160521079675 -0.0068073719138381748 0.064849254542591162 0.019671011682055876
leaf_weight=2867.0330503509613 68.232831900764722 15.389476705458945 55.82900583994342 20.066464690957218 193.75222124822903 5.5069933506892985 107.25472313346108 491.84072506811935 11.836952034267595 16.610568051808514 24.760223886289168 509.88430398702621 35.60384639230324 68.40695490379585 47.167810477491003 147.93647083325777 170.90728339948691 116.34651657741051 1006.8361106000375 1443.476302470779 23.999202631413937 12.890106443315743 44.807328139897436 8.8666079230606574 7.2019498533336437 13.380958373658357 53.213040059315972 74.869466329575516 153.2586257357616 8.8006470913533104
leaf_count=906765 16552 1286 12532 2978 56384 933 2044 2137 1714 998 5346 1517 2345 6840 9749 4800 3678 2348 4959 2375 66 24 12985 338 1397 295 3775 6221 435 234
internal_value=0 0.0507398 -0.0676497 0.0102876 -0.0373328 0.0559437 0.0219456 0.0574485 0.0257775 -0.0578816 0.011199 0.0510541 -0.00309365 -0.0139727 -0.022972 0.0235362 0.0325918 0.0256144 0.0530175 0.0635233 0.0496238 0.0179401 -0.0720624 -0.0474435 0.0131424 0.00403362 -0.00482047 -0.0178514 0.0506313 -0.0384424
internal_weight=0 4471.89 3354.08 509.714 426.171 3962.17 441.481 3773.92 188.251 266.331 334.227 1838.6 159.84 124.236 72.579 234.597 176.414 131.736 1706.87 1935.32 1196.98 36.8893 2927.91 60.8759 16.0686 86.6605 73.2795 99.6297 1160.09 55.9685
internal_count=1074050 63483 1010567 42011 89082 21472 25459 15147 6325 67365 23415 10635 21717 19372 10981 11848 4611 3634 7001 4512 5484 90 921485 14720 1735 7048 6753 11567 5394 9983
is_linear=0
shrinkage=0.05


Tree=6
num_leaves=31
num_cat=0
split_feature=0 0 0 82 98 58 101 40 0 82 98 151 82 93 40 127 40 125 110 76 124 76 0 48 76 147 72 0 3 83
split_gain=9776.37 352.471 172.245 156.922 108.792 68.6583 59.6931 51.8964 44.0485 41.8535 33.4355 33.1876 32.1393 30.436 29.0898 20.1633 19.7772 21.092 21.7394 17.6268 16.6208 15.3959 14.919 14.0548 13.7435 13.6596 16.3967 13.5913 13.1347 11.6687
threshold=0.19204907757119541 0.60678019017954943 0.030380062479932603 0.54966050000000011 8.3666666666650027 8.5000000000000018 0.029255500000000004 2.5000000000000004 0.94875966535953815 0.53370050000000002 115.25000000000001 0.077796000000000018 0.59229250000000011 1.5939485000000002 1.0000000180025095e-35 7.5000000000000009 207.50000000000003 0.084804000000000018 2.5000000000000004 577.50000000000011 0.04424200000000001 681.50000000000011 0.12800136274409843 2164.0000000000005 669.50000000000011 1.5000000000000002 4.3666666666650009 0.016616566037286794 2646.5000000000005 21.000000000000004
decision_type=2 2 2 2 2 2 2 2 2 2 2 2 2 2 2 2 2 2 2 2 2 2 2 2 2 2 2 2 2 2
left_child=2 3 24 -2 11 7 10 8 13 -7 14 16 -6 15 19 -3 17 18 -4 -5 -13 -10 -14 -11 -1 26 -17 -26 -16 -8
right_child=1 5 4 6 12 9 29 -9 21 23 -12 20 22 -15 28 25 -18 -19 -20 -21 -22 -23 -24 -25 27 -27 -28 -29 -30 -31
leaf_value=-0.069596210121206328 -0.061872048761284305 0.039453027357123298 -0.043208738118162282 -0.029668065825501203 -0.067989111523743012 -0.066237061782675744 0.019042262668324015 0.062066432683717934 0.056538646049155553 0.031967031238364522 -0.040340828377102629 0.042034060386445561 -0.041524129580511882 0.052628598990770749 -0.052520387845760366 0.034562319369365907 0.053093892093544787 0.041952764755692852 0.0057958487031490296 0.0094651976263953243 -0.024579094806001126 0.025106230279210273 0.017147130723573583 -0.071614463695658701 -0.059427697605376154 0.028899079494784614 -0.025604442351619291 0.054013979711045747 0.038193031345591391 0.056744094955467221
leaf_weight=2878.6978761748178 67.310047556587961 377.66034344502259 90.658073499798775 36.118050334160216 182.99201936874306 12.106596125173381 25.764412284479477 1514.7387983190129 1341.4689603256993 168.3164293912705 31.617722935159691 40.106261098990217 33.619449239398818 348.88346033985727 4.1535388632910317 17.655939904041588 8.6414926710422133 10.800721247331238 30.160707177361473 141.54296622448601 12.216632458148522 40.122675975784659 15.987470023275817 3.3399026829283676 6.5205652941949648 87.485320233739913 31.572560405358672 4.4368965304456651 101.60473428701516 100.87712461873889
leaf_count=920295 16552 4658 19307 6044 53617 2170 1396 2936 2877 3705 4725 2151 6050 2011 683 293 291 599 3876 8022 1870 108 1321 450 1101 1159 1105 89 3471 1118
internal_value=0 0.0484021 -0.0650115 0.00924446 -0.0352984 0.0534564 0.0200823 0.054915 0.0500895 0.0236146 0.00842803 -0.00750285 -0.0583121 0.0412289 0.0138686 0.0334969 -0.0201801 -0.0249909 -0.0309754 0.0015095 0.0264809 0.0556258 -0.0226154 0.0299517 -0.0693835 0.0170435 -0.00402546 -0.0134929 0.0346304 0.0490739
internal_weight=0 4452.34 3314.84 508.989 425.183 3943.35 441.679 3759.59 2244.85 183.763 315.037 192.584 232.599 863.258 283.419 514.374 140.261 131.62 120.819 177.661 52.3229 1381.59 49.6069 171.656 2889.66 136.714 49.2285 10.9575 105.758 126.642
internal_count=1074050 63483 1010567 42011 89082 21472 25459 15147 12211 6325 22945 28094 60988 9226 18220 7215 24073 23782 23183 14066 4021 2985 7371 4155 921485 2557 1398 1190 4154 2514
is_linear=0
shrinkage=0.05


Tree=7
num_leaves=31
num_cat=0
split_feature=0 0 115 0 98 40 82 40 0 82 82 93 98 40 76 93 95 93 99 130 111 112 124 74 82 0 96 36 3 82
split_gain=8925.21 324.88 178.006 158.96 100.066 60.0066 57.3289 47.6685 43.923 43.6955 40.1429 30.8696 23.0615 23.0137 19.1026 18.6882 18.6283 16.4148 16.3808 17.4195 15.9808 15.4972 14.9073 14.0075 13.4879 21.2254 12.0667 11.7451 11.9121 11.4217
threshold=0.19204907757119541 0.68981449621504665 0.028813500000000002 0.030380062479932603 5.708333333335001 1.0000000180025095e-35 0.54336150000000016 7.5000000000000009 0.86620967868038068 0.55475950000000018 0.58772650000000015 0.72513300000000014 93.166666666650016 6.5000000000000009 597.50000000000011 1.4421790000000001 0.014743000000000001 0.7350350000000001 0.19931400000000002 14.500000000000002 2.5000000000000004 0.08430650000000002 0.061064500000000008 9.5000000000000018 0.63917850000000009 0.0088049481694041625 0.073576000000000016 444.50000000000006 444358.50000000006 0.55176750000000008
decision_type=2 2 2 2 2 2 2 2 2 2 2 2 2 2 2 2 2 2 2 2 2 2 2 2 2 2 2 2 2 2
left_child=3 2 6 24 13 11 -2 8 9 -3 -6 27 -8 14 20 18 -12 21 -10 -20 -5 22 -11 -7 -1 -26 -27 28 -4 -9
right_child=1 7 5 4 10 23 12 29 15 17 16 -13 -14 -15 -16 -17 -18 -19 19 -21 -22 -23 -24 -25 25 26 -28 -29 -30 -31
leaf_value=-0.067532638245262497 -0.064723889093959042 -0.033375791486168919 -0.062772921019447106 -0.04111416191484147 -0.065774474052412144 0.051333527467269505 0.0060561091546950385 0.030829391128871647 0.047721029087418654 0.011800278343407845 0.024646126862388974 0.024946317722598654 -0.036241271025607272 0.037756641278814305 0.010239534373241474 0.056179085517435834 -0.0357392874168561 0.044123311363792217 0.04073016505158799 -0.041576779483709865 0.011181509192097891 0.041235715366404843 -0.091677380874930672 -0.02042388904719733 -0.060572931085456777 0.066724840710988539 -0.030860531988027202 -0.039469783622397565 0.015228499430640224 0.061137037148039336
leaf_weight=2789.5940810835455 60.841160511772614 23.075778587954119 5.7984637661138541 58.315031376841944 185.33688059885753 230.17429871915374 103.01081751252059 31.957839165173937 1148.0985874212347 64.460299091646448 16.661231308011338 166.01371712307446 46.896448095096275 28.158017209731042 56.216730284970254 975.71952791651711 54.709498855168931 279.63291733246297 16.293227658141408 10.6174084036611 19.491391591960564 58.8794098199578 3.6791783717926583 7.0079543303581877 36.260617608670145 5.9146895359735918 6.8210258045000955 28.776166321127675 31.402619038359262 1139.5334631118458
leaf_count=908626 14898 2087 914 13096 56384 3154 7679 629 4613 1891 998 5923 6871 1557 4823 2280 9983 2374 50 75 2241 796 230 682 11402 168 1289 4350 2103 1884
internal_value=0 0.046183 0.0143822 -0.0628329 -0.0340805 0.0315287 -0.0237896 0.0519458 0.0481485 0.0335548 -0.0535048 0.0134482 -0.00717605 -0.00333482 -0.0119681 0.0510644 -0.0216425 0.0373529 0.0468172 0.00825652 -0.0280135 0.0224477 0.00621302 0.0492133 -0.0670759 -0.0410695 0.0144598 -0.0154835 0.00307056 0.0603103
internal_weight=0 4431.87 679.922 3257.48 418.889 469.173 210.748 3751.95 2580.46 429.728 256.708 231.991 149.907 162.181 134.023 2150.73 71.3707 406.652 1175.01 26.9106 77.8064 127.019 68.1395 237.182 2838.59 48.9963 12.7357 65.9772 37.2011 1171.49
internal_count=1074050 63483 46574 1010567 89082 17126 29448 16909 14396 7378 67365 13290 14550 21717 20160 7018 10981 5291 4738 125 15337 2917 2121 3836 921485 12859 1457 7367 3017 2513
is_linear=0
shrinkage=0.05


Tree=8
num_leaves=31
num_cat=0
split_feature=0 58 0 82 0 82 55 0 40 82 40 93 93 111 82 0 95 90 68 2 54 48 137 124 76 99 90 76 98 93
split_gain=8218.35 247.532 207.739 107.3 94.0753 86.6482 74.7418 44.3724 40.4756 40.1532 39.094 31.2283 23.0105 21.8499 15.7958 20.7551 18.8665 15.1007 15.0574 14.8503 14.4269 14.3717 13.7349 12.7491 15.6481 11.7011 11.3483 13.0912 10.9652 10.9792
threshold=0.23938287544958989 8.5000000000000018 0.035302874550316145 0.56900050000000013 0.7740980979447657 0.5414135000000001 1.0000000180025095e-35 0.68981449621504665 6.5000000000000009 0.57355450000000008 1.0000000180025095e-35 0.84649150000000006 0.7041805000000001 2.5000000000000004 0.63917850000000009 0.0032200281855830795 0.064596500000000015 13.500000000000002 129.50000000000003 2826.5000000000005 0.031335500000000009 20.500000000000004 0.033014000000000009 0.043715000000000011 658.50000000000011 0.079637000000000013 16.500000000000004 682.50000000000011 7.9166666666650007 0.22371800000000003
decision_type=2 2 2 2 2 2 2 2 2 2 2 2 2 2 2 2 2 2 2 2 2 2 2 2 2 2 2 2 2 2
left_child=2 4 14 20 6 18 9 17 11 13 19 -5 28 25 -1 -16 -17 -7 -3 -6 -4 -10 26 -13 -25 -2 27 -21 29 -11
right_child=1 5 3 8 10 7 -8 -9 21 12 -12 23 -14 -15 15 16 -18 -19 -20 22 -22 -23 -24 24 -26 -27 -28 -29 -30 -31
leaf_value=-0.065382820121811722 0.0014528555928847 -0.067063866193666152 -0.060145887795722934 -0.035291378184893737 0.053399918290343774 -0.032263773402678927 0.055089338403054237 0.031225953799282481 0.046709764931631627 0.044594572175918147 0.057153420220478417 0.012936530029965461 0.033383867027559744 0.030779502656922565 -0.064782122253706317 0.049682851916177183 -0.044600182961697044 0.0072608183044743178 0.007954531299273709 0.03393545851830207 0.015335692190773307 -0.05169284508172356 0.056398374400299427 -0.043731464671086254 0.039810412125105964 -0.045730589921143289 0.043949391530986273 -0.022783819752568598 -0.036556115538246788 0.0010363988279592791
leaf_weight=2773.1536326610949 20.549281969550066 46.350819887651596 177.89909629162867 109.33520096953725 517.48991793789901 48.351278901624028 226.66333429911174 144.97281069075689 38.112132852897048 19.309581100358628 1679.6450987877324 79.971026810002513 297.91201622970402 21.16067462018691 28.649965779623017 10.154318403336221 11.112680845428256 48.312494263635017 7.816944772086571 224.02325038588606 6.5639724837383246 4.1107492339215232 168.68480963818729 24.402803802746352 7.276670850464142 36.44164300034754 754.38525368995033 10.657199960201977 13.721439276007002 57.683249190682545
leaf_count=917140 1912 10564 52702 21836 1517 6582 1542 2543 1175 542 3140 6577 5836 1048 9915 562 2536 3553 1241 1808 791 1149 446 4305 260 4865 3193 37 1319 3414
internal_value=0 0.0450716 -0.0598631 -0.0282195 0.0482978 0.000917575 0.0315328 0.0137302 -0.007727 0.0200939 0.0517631 -0.0162975 0.0266702 -0.0126079 -0.064881 -0.0370042 0.000416979 -0.0125094 -0.056238 0.0463586 -0.0574599 0.0371295 0.0432112 0.0023024 -0.0245422 -0.0287176 0.0409622 0.0313597 0.00462202 0.0119607
internal_weight=0 4344.13 3270.74 447.672 4048.33 295.804 693.441 241.637 263.209 466.778 3354.89 220.986 388.626 78.1516 2823.07 49.917 21.267 96.6638 54.1678 1675.24 184.463 42.2229 1157.75 111.651 31.6795 56.9909 989.066 234.68 90.7143 76.9928
internal_count=1074050 55102 1018948 88795 30619 24483 20478 12678 35302 18936 10141 32978 11111 7825 930153 13013 3098 10135 11805 7001 53493 2324 5484 11142 4565 6777 5038 1845 5275 3956
is_linear=0
shrinkage=0.05


Tree=9
num_leaves=31
num_cat=0
split_feature=0 0 0 82 79 79 101 40 68 82 0 82 69 40 90 0 127 3 110 95 40 40 76 104 90 83 82 76 0 93
split_gain=7591.68 269.933 173.768 112.837 97.4993 60.9142 49.6934 43.3978 36.8199 30.9497 30.9237 23.1188 22.7152 18.6829 17.7971 17.493 16.0191 16.6922 14.551 14.4117 13.983 13.7588 13.578 13.3717 13.3308 13.289 13.2763 13.12 21.8114 12.5524
threshold=0.21467259749339032 0.60678019017954943 0.030380062479932603 0.54966050000000011 5.5000000000000009 12.500000000000002 0.029255500000000004 1.0000000180025095e-35 1.5000000000000002 0.58772650000000015 0.94875966535953815 0.58032750000000011 1.0000000180025095e-35 2.5000000000000004 41.500000000000007 0.94875966535953815 9.5000000000000018 8407.0000000000018 2.5000000000000004 0.014743000000000001 336.50000000000006 542.50000000000011 682.50000000000011 1.0000000180025095e-35 39.500000000000007 8.5000000000000018 0.56552350000000018 635.50000000000011 0.0088049481694041625 1.9972560000000004
decision_type=2 2 2 2 2 2 2 2 2 2 2 2 2 2 2 2 2 2 2 2 2 2 2 2 2 2 2 2 2 2
left_child=2 3 27 -2 11 7 12 10 22 -6 25 20 18 14 -13 21 -9 -18 29 -11 23 -10 -7 24 -4 -3 -14 -1 -29 -5
right_child=1 5 4 6 9 8 -8 16 15 19 -12 13 26 -15 -16 -17 17 -19 -20 -21 -22 -23 -24 -25 -26 -27 -28 28 -30 -31
leaf_value=-0.06392868288368117 -0.057536048014484281 0.022302677095957523 -0.054088724002948722 -0.053402622073266792 -0.0617301158990754 -0.042695831605861337 0.043238287394916863 0.055503059503451857 0.014297929122749381 0.023700610496063038 0.048665933629523074 -0.018657156449911148 -0.017518307957695409 0.044008577309981367 0.023676086935541619 0.048930000669336428 -0.0078836853639665354 0.04540578560675556 0.024738574125014921 -0.033705108492048989 0.045412985888769089 0.056409307494640751 0.067237388294612704 -0.048464254072733901 0.036330121828545198 0.038933930977041661 0.016646108436276202 -0.058597460461519535 0.010700310709814292 0.010599875760613386
leaf_weight=2675.3438897289452 58.217270959576126 157.62164636852685 6.4662543682497953 31.472369559924118 179.22734707401833 24.62717808329035 124.56550638121553 1754.5929733586963 130.10108243289869 13.816507617477326 1093.6295424550772 61.679346007294953 32.815726157743484 28.667704985826276 41.552773371106014 84.440390016883612 19.237149874446914 62.237996808020398 11.968112550093791 52.390153667831328 6.0284120393916956 22.794756942428648 3.1703788824379435 45.863828979607206 11.029666718561201 504.70496497966815 213.06608878355473 41.778866227366962 15.592886556521988 10.125410910230128
leaf_count=906765 14806 3028 1725 4063 55519 2216 2258 3612 4234 727 2529 9991 4342 776 2252 353 367 291 530 9218 183 147 9 12116 819 4686 11260 12985 1735 508
internal_value=0 0.0430056 -0.0586953 0.00773686 -0.0297846 0.047415 0.0166989 0.0491221 0.0242873 -0.0509387 0.0435022 -0.0039911 0.00565889 0.00829926 -0.00161727 0.030664 0.0544967 0.0328236 -0.0238455 -0.0217252 -0.0273538 0.0205762 -0.0301577 -0.0342773 0.00291255 0.034976 0.0120865 -0.0634213 -0.0397632 -0.0378236
internal_weight=0 4339.39 3179.44 482.23 446.722 3857.16 424.013 3592.02 265.134 245.434 1755.96 201.288 299.448 131.9 103.232 237.336 1836.07 81.4751 53.5659 66.2067 69.3882 152.896 27.7976 63.3598 17.4959 662.327 245.882 2732.72 57.3718 41.5978
internal_count=1074050 59239 1014811 37767 93326 21472 22961 14513 6959 65464 10243 27862 20703 13019 12243 4734 4270 658 5101 9945 14843 4381 2225 14660 2544 7714 15602 921485 14720 4571
is_linear=0
shrinkage=0.05


Tree=10
num_leaves=31
num_cat=0
split_feature=0 0 0 83 79 82 0 82 40 69 40 93 82 40 93 104 90 99 96 76 76 89 82 82 95 76 0 95 82 46
split_gain=7051.15 230.049 192.369 121.147 96.1905 51.3977 41.2125 40.9843 36.4393 32.3952 27.7053 25.425 24.4934 23.2507 22.6819 21.4593 18.4474 18.4 18.0886 16.0601 14.0225 13.724 13.611 12.3819 20.018 12.2403 18.9897 13.3238 11.9844 11.2456
threshold=0.23938287544958989 0.68981449621504665 0.030380062479932603 10.000000000000002 8.5000000000000018 0.57930050000000011 0.94875966535953815 0.54966050000000011 1.0000000180025095e-35 1.5000000000000002 2.5000000000000004 0.75316150000000015 0.58420850000000002 1.0000000180025095e-35 0.65857850000000007 7.5000000000000009 39.500000000000007 0.10297100000000002 0.091070500000000013 567.50000000000011 689.50000000000011 1.5000000000000002 0.5425715000000001 0.6161755000000001 0.025298500000000005 635.50000000000011 0.0032200281855830795 0.064596500000000015 0.56120900000000018 1.0000000180025095e-35
decision_type=2 2 2 2 2 2 2 2 2 2 2 2 2 2 2 2 2 2 2 2 2 2 2 2 2 2 2 2 2 2
left_child=2 3 25 5 10 22 7 17 14 11 15 -9 -6 20 -5 16 18 29 -4 -12 -8 28 -2 24 -7 -1 -27 -28 -10 -3
right_child=1 6 4 8 12 23 13 9 21 -11 19 -13 -14 -15 -16 -17 -18 -19 -20 -21 -22 -23 -24 -25 -26 26 27 -29 -30 -31
leaf_value=-0.062480082915121631 -0.062716126406646353 0.028189955488921354 -0.036655987228903827 -0.020703430755089444 -0.060458007027710363 0.022714110625733423 0.047259605623481776 0.021519520181220737 -0.053133237695033211 0.049852057406612693 -0.030154369745579224 0.040768003825337774 -0.024635093072337175 0.057169391382716199 0.022592599660062981 -0.033774730470748679 0.022494220965899349 -0.068250826880165358 0.027222052180229068 0.038855289541489701 0.0069682743906662615 0.050719352892780782 -0.026423796524085004 0.02770115073330788 -0.032583773103654366 -0.062872851329900045 0.036186601625516561 -0.040317220718922707 0.029019078015513428 -0.032071401279641643
leaf_weight=2615.9027843854274 43.474284931726288 25.813752450398169 40.906088886316866 38.654665129142813 168.74124975543236 31.103315498447046 1114.6237333279569 238.41091244807467 4.9016401510452843 707.5624536012765 10.401448717166202 611.7945112308953 66.529398541955743 920.5221742996946 139.12190266186371 82.107118509477004 49.646580428350717 9.3993584000272659 15.200929178856311 44.499492236413062 22.021125074476004 165.72615581622813 63.671315403888002 44.85185003047809 34.540803673211485 33.511844336637296 10.90826003206894 11.899511700961737 47.068027205299586 11.058338107657617
leaf_count=906765 10959 598 9336 4216 53109 1088 2671 4343 894 1950 2317 3886 10252 1335 4427 16807 3193 1309 815 1634 69 1939 8579 1373 3509 11340 627 2753 1209 748
internal_value=0 0.0418315 -0.0567577 0.0134857 -0.0275449 -0.0164744 0.0465783 0.0405708 0.0299738 0.0419482 -0.00546481 0.0353704 -0.0503281 0.0512626 0.0131786 -0.0145961 0.000294161 -0.00580232 -0.0193497 0.0257808 0.046479 0.0436892 -0.0411494 0.00745242 -0.00638268 -0.0619835 -0.0389209 -0.00372778 0.0212707 0.0101169
internal_weight=0 4274.32 3150.25 613.114 478.032 217.642 3661.21 1604.04 395.472 1557.77 242.762 850.205 235.271 2057.17 177.777 187.861 105.754 46.2714 56.107 54.9009 1136.64 217.696 107.146 110.496 65.6441 2672.22 56.3196 22.8078 51.9697 36.8721
internal_count=1074050 55102 1018948 38193 97463 25508 16909 12834 12685 10179 34102 8229 63361 4075 8643 30151 13344 2655 10151 3951 2740 4042 19538 5970 4597 921485 14720 3380 2103 1346
is_linear=0
shrinkage=0.05


Tree=11
num_leaves=31
num_cat=0
split_feature=0 0 0 82 98 0 98 40 55 40 82 58 76 111 89 76 151 90 0 93 93 115 36 68 99 76 0 0 110 95
split_gain=6560.74 266.169 137.817 104.854 75.778 55.4874 54.9148 43.2715 36.8198 32.4981 30.3249 26.0285 25.4665 23.7325 17.0699 16.5185 16.2627 15.5798 13.3833 11.8182 11.6154 11.5758 14.514 16.7186 11.1843 10.8693 16.8517 9.69424 9.63603 9.51528
threshold=0.19204907757119541 0.60678019017954943 0.030380062479932603 0.56680450000000004 5.708333333335001 0.86620967868038068 152.58333333350001 16.500000000000004 1.0000000180025095e-35 1.0000000180025095e-35 0.58772650000000015 3.5000000000000004 574.50000000000011 1.5000000000000002 1.5000000000000002 657.50000000000011 0.077796000000000018 28.500000000000004 0.12800136274409843 1.4769545000000004 1.2008335000000001 0.024284000000000003 1185.5000000000002 30.500000000000004 0.15466550000000004 635.50000000000011 0.0088049481694041625 0.53809039466125175 2.5000000000000004 0.064596500000000015
decision_type=2 2 2 2 2 2 2 2 2 2 2 2 2 2 2 2 2 2 2 2 2 2 2 2 2 2 2 2 2 2
left_child=2 3 25 13 16 6 8 11 12 19 -6 20 14 -2 -3 -8 21 -14 -12 24 -5 -4 23 -23 -7 -1 -27 -15 -22 -28
right_child=1 5 4 7 10 9 15 -9 -10 -11 18 -13 17 27 -16 -17 -18 -19 -20 -21 28 22 -24 -25 -26 26 29 -29 -30 -31
leaf_value=-0.061208471266521548 -0.046780030118418595 -0.036204005328170391 -0.057282647496064799 0.0071618699742579985 -0.058672494292488643 0.040733461731781058 -0.058983175619989253 0.048612992396283812 0.050319401632850626 0.052825949823256314 -0.034636811079760521 -0.012108686462887529 0.022099172022927202 -0.018259494492503386 0.015302942410694124 0.061086040385794751 0.021712619866776285 0.040729378720877424 0.011712126375944161 0.04738982726577351 0.016926596574397001 0.019199805450207091 0.015530117467126806 -0.037423275035297521 0.024072272981929065 -0.056071160903186396 0.040257383863135099 0.046674904547442275 0.047241159664779146 -0.03893714518528283
leaf_weight=2552.5468739647768 94.177981635206379 20.891689011710696 13.281667361501603 101.71455399983097 172.98156409355579 735.90703115030192 20.389247824379712 90.266409782227129 265.89782774494961 1445.4653411279432 49.814771084988024 97.47516007500235 201.86527548194863 13.505915165413171 69.924181648995727 3.3327116135042152 45.910152607946657 252.69590174313635 22.659448891878128 653.47143058455549 57.12419892498292 17.80635505146347 41.149045776226558 48.662928484904114 116.69702960713767 39.257317606010474 8.6731744282878918 10.00630494998768 48.445740475086495 6.7406945022521532
leaf_count=906765 21369 1575 3393 5981 56384 3280 2981 1040 970 2779 8987 8872 3454 2066 2086 21 3175 2084 1994 1706 1741 1874 3763 9512 536 12985 338 277 665 1397
internal_value=0 0.0396733 -0.0564883 0.00586411 -0.0296252 0.0442512 0.0328716 0.018206 0.0350642 0.0474705 -0.0472969 0.00919978 0.0276265 -0.0355613 0.00345405 -0.0421146 -0.00362195 0.0324559 -0.0201456 0.0423306 0.01922 -0.0132424 -0.0078072 -0.0222546 0.038453 -0.060736 -0.0386768 0.00937522 0.0308379 0.00562454
internal_weight=0 4299.25 3019.48 512.716 412.266 3786.54 834.997 395.026 811.275 2951.54 245.456 304.76 545.377 117.69 90.8159 23.722 166.81 454.561 72.4742 1506.08 207.284 120.9 107.618 66.4693 852.604 2607.22 54.6712 23.5122 105.57 15.4139
internal_count=1074050 63483 1010567 42011 89082 21472 13171 18299 10169 8301 67365 17259 9199 23712 3661 3002 21717 5538 10981 5522 8387 18542 15149 11386 3816 921485 14720 2343 2406 1735
is_linear=0
shrinkage=0.05


Tree=12
num_leaves=31
num_cat=0
split_feature=0 0 0 115 98 40 40 82 0 151 82 82 90 151 96 98 76 127 93 125 40 74 95 40 110 111 100 62 76 140
split_gain=6107.32 247.853 133.707 115.937 69.6027 49.658 44.8021 42.0932 40.4048 30.324 27.112 21.1236 20.7739 20.0925 18.4233 16.3373 15.7869 13.6836 13.1371 12.3822 11.9824 11.7815 11.7164 11.6665 13.3776 11.2758 11.4624 10.7943 10.552 10.3818
threshold=0.19204907757119541 0.68981449621504665 0.030380062479932603 0.028813500000000002 8.3666666666650027 1.0000000180025095e-35 5.5000000000000009 0.5425715000000001 0.94875966535953815 0.042338000000000008 0.57019550000000019 0.59229250000000011 35.500000000000007 0.077796000000000018 0.047076000000000014 93.166666666650016 573.50000000000011 8.5000000000000018 0.77612700000000012 0.084804000000000018 38.500000000000007 9.5000000000000018 0.043300500000000006 207.50000000000003 2.5000000000000004 1.5000000000000002 1.0000000180025095e-35 18.500000000000004 669.50000000000011 37.500000000000007
decision_type=2 2 2 2 2 2 2 2 2 2 2 2 2 2 2 2 2 2 2 2 2 2 2 2 2 2 2 2 2 2
left_child=2 3 28 7 13 12 8 -2 9 10 14 -6 16 17 -3 -9 -5 19 25 23 21 -7 -15 24 -4 26 -8 -13 -1 -18
right_child=1 6 4 5 11 20 18 15 -10 -11 -12 27 -14 22 -16 -17 29 -19 -20 -21 -22 -23 -24 -25 -26 -27 -28 -29 -30 -31
leaf_value=-0.059805148968881353 -0.058681552789135283 0.0057597228133269536 -0.031698356936274312 -0.050676966191952937 -0.057323013194674616 0.03313908136358068 0.033822682858399768 0.0036592137736898367 0.044765898210903037 0.038874755779541803 0.027095469620532164 -0.031526980706661996 0.025215263191598267 0.031114409260718387 -0.056863131787160785 -0.031716997081977671 0.0057237090247808167 -0.058819090238709321 0.055064212932101432 0.039699857291642125 0.052972499558587807 -0.049028330335039318 -0.024070997318318948 0.040836030332778946 0.0084478618905434056 0.048395284540677326 -0.029510930215786726 0.027351784057430814 -0.0071430287383236471 -0.052956925278908495
leaf_weight=2529.3705042481888 53.991828784346581 59.157312681782059 76.462090908607934 16.338584406126756 162.64236332738074 115.63469816558063 79.875181342591532 105.23988952976651 1444.3172988025472 553.76878763642162 305.28543727728538 39.898844997165725 102.90822560479864 42.066045898362063 14.653973424457943 47.306084786192514 110.93438511854038 17.350327397696674 801.67899616691284 10.816178443143142 108.27879405790009 4.533591460378374 12.468898236285893 8.2823659610003215 28.479207025258802 319.63776563666761 7.845853154314681 9.6710419064620492 9.548004665761253 8.0868498627096397
leaf_count=920295 14604 2064 15312 3270 53617 2589 764 7808 3378 3704 3577 6813 3138 2312 1327 7036 5854 4839 1292 461 623 624 1709 274 3187 507 296 558 1190 1028
internal_value=0 0.0382868 -0.0553371 0.01045 -0.0287742 0.0242527 0.0435126 -0.0207402 0.0395271 0.031416 0.0205207 -0.0486142 0.00828298 -0.00728505 -0.00667298 -0.00731132 -0.0045899 -0.0172292 0.051349 -0.0114118 0.040909 0.0300391 0.0184968 -0.0162944 -0.0208034 0.0440374 0.0281581 -0.0200398 -0.0596071 0.00173668
internal_weight=0 4259.47 2947.06 673.253 408.137 466.715 3586.22 206.538 2377.18 932.866 379.097 212.212 238.268 195.925 73.8113 152.546 135.36 141.39 1209.04 124.04 228.447 120.168 54.5349 113.224 104.941 407.359 87.721 49.5699 2538.92 119.021
internal_count=1074050 63483 1010567 46574 89082 17126 16909 29448 14050 10672 6968 60988 13290 28094 3391 14844 10152 24073 2859 19234 3836 3213 4021 18773 18499 1567 1060 7371 921485 6882
is_linear=0
shrinkage=0.05


Tree=13
num_leaves=31
num_cat=0
split_feature=0 0 0 82 58 98 40 0 40 82 82 79 112 68 101 76 93 98 124 96 43 40 2 74 93 95 76 0 2 76
split_gain=5702.06 240.541 130.656 98.1269 66.1725 64.4841 54.2457 35.4213 35.1538 33.7684 28.1845 20.4912 15.9236 15.4966 14.4443 14.8369 13.8805 12.5687 12.3444 12.1777 11.7957 15.8746 11.6037 11.5854 17.1836 10.8163 10.5275 15.8497 10.349 10.3394
threshold=0.19204907757119541 0.53809039466125175 0.030380062479932603 0.56680450000000004 7.5000000000000009 5.708333333335001 1.0000000180025095e-35 0.7740980979447657 19.500000000000004 0.53370050000000002 0.58772650000000015 3.5000000000000004 0.073181500000000024 108.50000000000001 0.033014000000000009 607.50000000000011 1.3482345000000002 418.50000000000006 0.051531500000000001 0.039998000000000006 1.0000000180025095e-35 14.500000000000002 567261.00000000012 8.5000000000000018 0.49007150000000005 0.014743000000000001 635.50000000000011 0.0032200281855830795 19896.000000000004 686.50000000000011
decision_type=2 2 2 2 2 2 2 2 2 2 2 2 2 2 2 2 2 2 2 2 2 2 2 2 2 2 2 2 2 2
left_child=2 3 26 -2 6 14 7 13 11 -6 -7 -5 22 -3 15 20 29 -11 -16 -13 21 -4 23 -8 -25 -12 -1 -28 -29 -9
right_child=1 4 5 8 9 10 12 16 -10 17 25 19 -14 -15 18 -17 -18 -19 -20 -21 -22 -23 -24 24 -26 -27 27 28 -30 -31
leaf_value=-0.059076799393415903 -0.04427838841540116 0.0027668067424680386 -0.043276857513144529 0.016240093031239744 -0.058468924125945114 -0.056188218173521189 0.046371943234961896 0.034587095285635888 0.044486853365276788 0.023221664569446122 0.017045994689852302 0.028305825034780616 0.051465798502326222 0.034453795406761717 0.030741178420774996 0.013497029603509923 0.043542879298723192 -0.023369823650906764 -0.042056756761800693 -0.020889342435280678 0.01526799527984754 0.022799042094871408 0.020538284356046495 -0.085047300982389717 0.028456944037094839 -0.029186833527669445 -0.059631631131732032 0.037384800267186817 -0.032565498333807189 -0.039951104101613844
leaf_weight=2418.9118788220803 92.93519699817989 105.29036564822309 59.646818842680659 156.56037996476516 14.816649160347877 164.2948967643315 388.82427506742533 821.3302882197313 73.187056212453172 190.44202830351423 16.377097529708408 14.917517282650804 1341.9997895117849 60.903148093027994 38.734817396150902 36.528573382995091 755.41789802629501 15.665712981484829 6.853718106634914 80.257388503581751 15.273105287866199 10.72414594714064 61.12936011585407 3.7083079164149231 33.078805471421219 55.599877860222477 30.699909756775014 8.9522801889106649 12.916805583634412 4.6788897886872283
leaf_count=906765 21496 4038 13236 6641 3084 56384 1537 4605 824 4338 998 614 2458 1099 2242 2619 2245 1393 1285 8105 1637 698 426 194 359 9983 11340 690 2690 27
internal_value=0 0.0370335 -0.0542864 0.00102696 0.0409957 -0.0279263 0.0426362 0.036337 0.0139853 0.0144392 -0.044758 0.00511761 0.0486559 0.0143788 -0.00422089 -0.0131831 0.0386446 0.0196804 0.0197968 -0.0131786 -0.0245626 -0.0332073 0.0409088 0.0438345 0.0170152 -0.0186674 -0.0585957 -0.0364597 -0.0039308 0.0341649
internal_weight=0 4215.14 2875.51 417.858 3797.29 404.033 3576.36 1747.62 324.922 220.924 236.272 251.735 1828.74 166.194 167.761 122.173 1581.43 206.108 45.5885 95.1749 85.6441 70.371 486.741 425.611 36.7871 71.977 2471.48 52.569 21.8691 826.009
internal_count=1074050 63483 1010567 37680 25803 89082 16988 12014 16184 8815 67365 15360 4974 5137 21717 18190 6877 5731 3527 8719 15571 13934 2516 2090 553 10981 921485 14720 3380 4632
is_linear=0
shrinkage=0.05


Tree=14
num_leaves=31
num_cat=0
split_feature=0 0 0 82 82 40 0 81 90 140 90 82 89 114 93 83 0 149 140 82 137 40 40 40 82 0 104 95 112 93
split_gain=5324.65 226.533 127.816 82.5553 60.9364 57.5786 54.2802 44.3401 27.1521 26.947 25.4981 21.258 19.1312 17.054 13.8751 13.2302 13.2134 12.9589 12.8287 12.7099 12.388 11.0686 10.942 10.4642 10.4407 12.8425 10.8094 10.2628 10.8407 10.2522
threshold=0.19204907757119541 0.60678019017954943 0.030380062479932603 0.54966050000000011 0.57355450000000008 2.5000000000000004 0.86620967868038068 0.019601000000000004 16.500000000000004 48.500000000000007 11.500000000000002 0.55341550000000017 1.5000000000000002 0.08230750000000002 1.8222090000000002 10.000000000000002 0.94875966535953815 0.0060640000000000008 17.500000000000004 0.58000700000000005 0.10372100000000002 1.0000000180025095e-35 336.50000000000006 13.500000000000002 0.63917850000000009 0.0032200281855830795 1.0000000180025095e-35 0.098072500000000021 0.09480050000000001 0.77612700000000012
decision_type=2 2 2 2 2 2 2 2 2 2 2 2 2 2 2 2 2 2 2 2 2 2 2 2 2 2 2 2 2 2
left_child=2 3 24 -2 18 6 9 8 13 15 20 12 -7 17 16 -3 -8 -5 22 -11 -6 -10 -4 -12 -1 -26 -27 28 -17 -13
right_child=1 5 4 7 10 11 14 -9 21 19 23 29 -14 -15 -16 27 -18 -19 -20 -21 -22 -23 -24 -25 25 26 -28 -29 -30 -31
leaf_value=-0.058137024499267193 -0.050867728935335269 0.0094368454732325531 -0.035292339756318035 -0.03149643632296887 -0.039615764654428627 -0.048988283697402962 0.026451541135919982 0.051195954631681563 0.0079726544697006924 -0.042746825881052046 -0.0022479535493409412 0.04260380166468708 0.031006777116953391 0.024488716907927317 0.044878640156394159 0.020903412933629139 0.038828560146997648 0.0019341249996034284 -0.05656938922934155 0.0071698495066046357 0.04791772009897776 0.03036296391552298 0.037759986820871255 0.041652197525401058 -0.057088064470626969 -0.049033125252582251 0.029771669887304009 -0.058863083473264827 0.040801953700505489 0.05193711982625674
leaf_weight=2357.8788089809823 59.286868388007861 111.9437982107047 39.71646973938914 76.895624694065191 66.276985507400241 9.4737579138018173 288.46482502296567 61.907778093242086 150.78515891579445 22.447773945867084 134.30496025196044 423.73283995199017 35.40884969884064 27.746206813957542 644.52909749606624 136.93600991519634 854.12526789586991 46.528439395362511 133.90190079636523 29.525567496893927 4.3044674242846659 87.069760842598043 5.8854729316662988 15.10040980047779 23.959581481525674 7.1957276314497021 11.008795010391621 3.2253924366086713 136.85275282955263 962.71513036172837
leaf_count=908626 16552 3172 9404 10257 14806 1032 2571 328 7991 2550 15688 1599 580 816 1568 2386 2327 3583 48263 927 179 2484 230 512 9915 2264 680 15 1112 1633
internal_value=0 0.0358114 -0.0533373 0.00460001 -0.0271508 0.0401632 0.0351362 0.0118927 0.00563814 0.0194247 -0.00951102 0.0479883 0.0141215 -0.0109312 0.0390127 0.023943 0.0357038 -0.0188938 -0.0487689 -0.0143896 -0.0342775 0.0161689 -0.0258641 0.00218904 -0.057696 -0.0330349 -0.00137761 0.0298051 0.0308497 0.0490846
internal_weight=0 4169.6 2799.53 510.22 399.491 3659.38 2228.05 450.933 389.025 440.931 219.987 1431.33 44.8826 151.17 1787.12 388.958 1142.59 123.424 179.504 51.9733 70.5815 237.855 45.6019 149.405 2400.04 42.1641 18.2045 277.014 273.789 1386.45
internal_count=1074050 63483 1010567 42011 89082 21472 16628 25459 25131 10162 31185 4844 1612 14656 6466 6685 4898 13840 57897 3477 14985 10475 9634 16200 921485 12859 2944 3513 3498 3232
is_linear=0
shrinkage=0.05


Tree=15
num_leaves=31
num_cat=0
split_feature=0 0 58 82 40 0 82 40 90 0 112 93 0 54 90 93 76 0 82 130 68 151 95 74 115 68 69 2 36 119
split_gain=4999.86 252.814 125.207 95.8251 67.6533 56.479 43.1265 30.6457 21.7835 19.7558 17.399 16.2019 16.0178 33.0817 15.8734 15.2275 14.4154 14.3749 17.8985 12.5883 11.8243 11.8198 11.7919 11.7419 11.5763 11.1912 10.8798 10.8593 10.7967 9.75157
threshold=0.33581906297173442 0.043984350660107828 7.5000000000000009 0.57387650000000012 1.0000000180025095e-35 0.7740980979447657 0.5414135000000001 1.0000000180025095e-35 23.500000000000004 0.86620967868038068 0.072542000000000009 0.45692650000000007 0.012339227772512141 0.023543000000000005 11.500000000000002 0.84649150000000006 654.50000000000011 0.86620967868038068 0.55108450000000009 17.500000000000004 129.50000000000003 0.077111000000000013 0.028647500000000003 7.5000000000000009 0.083224000000000006 106.50000000000001 1.0000000180025095e-35 2826.5000000000005 182.50000000000003 0.58571428571450013
decision_type=2 2 2 2 2 2 2 2 2 2 2 2 2 2 2 2 2 2 2 2 2 2 2 2 2 2 2 2 2 2
left_child=1 12 4 19 5 11 20 8 -5 14 17 -2 -1 16 28 -7 -14 18 -6 -3 -4 24 -15 -20 -9 26 29 -17 -8 -13
right_child=2 3 6 7 10 15 9 21 -10 -11 -12 25 13 22 -16 27 -18 -19 23 -21 -22 -23 -24 -25 -26 -27 -28 -29 -30 -31
leaf_value=-0.057740209466945192 -0.018594163308016054 -0.016807752529809948 -0.058714344372607252 -0.025324983783071561 -0.042169508044845753 0.028441183552490569 0.029230075404618822 -0.0077717569300578332 0.0069797869896749956 0.02850405641518404 0.048794142522000594 -0.047300996078539492 -0.05344901268452687 0.031380336691403714 0.013457742630948025 0.046552018769902559 0.023499669105968537 0.044572807812802429 0.033932643360903868 -0.050582952795606852 0.015457230687767779 0.043349270168989817 -0.033446453855730314 -0.015812118380928823 0.040544773874321378 0.030408417210646743 0.015345715312283102 0.035786163632059741 -0.031434455561010231 0.0066454136428486833
leaf_weight=2174.6327229053131 39.721513018012047 33.23622071853606 30.777491715853103 116.21262710622977 8.9418083706987073 470.60547157609835 8.7578171242494118 37.665915180143202 94.713577405258548 103.39865652052686 1367.8581883723382 15.058729959186165 198.40632252610521 17.705389695940543 80.861649360042065 343.97349586850032 6.2790559643181032 297.52178696822375 164.09999081515707 162.31888033615542 6.5097830876475191 41.383535963308532 11.617714197898747 12.787055604276246 18.479183847084641 84.39759737928398 103.13675689464435 734.16950973821804 45.124634523293935 18.879494820488617
leaf_count=862486 3796 6126 7582 18156 1029 3222 291 4248 6787 930 2993 1033 73969 2196 3677 842 372 774 1596 51968 829 1046 3512 493 612 1795 3339 2813 4830 708
internal_value=0 -0.0496642 0.0367462 -0.0174615 0.039192 0.0323182 0.00423542 -0.000102291 -0.010819 0.0120643 0.0459127 0.0108107 -0.0564027 -0.0439729 -0.000551129 0.0359454 -0.0510885 0.0377582 0.0268477 -0.0448426 -0.0457651 0.0230748 0.00569618 0.0303366 0.00813079 0.0160845 0.00726519 0.0392209 -0.0215743 -0.0172911
internal_weight=0 2912.65 3936.58 504.01 3661.15 1809.94 275.43 308.455 210.926 238.143 1851.21 261.194 2408.64 234.008 134.744 1548.75 204.685 483.351 185.829 195.555 37.2873 97.5286 29.3231 176.887 56.1451 221.473 137.075 1078.14 53.8825 33.9382
internal_count=1074050 1031478 42572 88943 24433 17548 18139 30849 24943 9728 6885 10671 942535 80049 8798 6877 74341 3892 3118 58094 8411 5906 5708 2089 4860 6875 5080 3655 5121 1741
is_linear=0
shrinkage=0.05


Tree=16
num_leaves=31
num_cat=0
split_feature=0 0 0 82 40 98 0 151 40 82 58 99 82 76 111 100 115 40 98 113 93 40 99 69 90 151 148 96 62 113
split_gain=4690.56 206.69 124.659 76.1017 57.4983 56.8584 53.2574 38.7175 34.7107 29.0495 18.5073 18.268 18.1675 17.0355 15.9911 15.1549 14.7046 13.5994 11.9604 11.7967 11.1709 11.0881 11.0533 10.4335 11.4209 10.9532 10.1817 10.1645 10.3326 10.8734
threshold=0.19204907757119541 0.60678019017954943 0.030380062479932603 0.56680450000000004 6.5000000000000009 8.3666666666650027 0.94875966535953815 0.027510500000000004 16.500000000000004 0.57480350000000013 3.5000000000000004 0.10898100000000001 0.59229250000000011 575.50000000000011 1.5000000000000002 1.0000000180025095e-35 0.056394000000000007 2.5000000000000004 4.7750000000000012 0.012991000000000001 0.75316150000000015 336.50000000000006 0.20759250000000004 1.5000000000000002 38.500000000000007 0.10030500000000002 2.5000000000000004 0.053835000000000008 38.500000000000007 0.0072685000000000007
decision_type=2 2 2 2 2 2 2 2 2 2 2 2 2 2 2 2 2 2 2 2 2 2 2 2 2 2 2 2 2 2
left_child=2 3 -1 14 6 13 7 9 10 11 -5 27 -7 21 -2 23 19 26 -11 -17 -9 -4 -8 24 25 -6 -15 28 29 -3
right_child=1 4 5 8 15 12 22 20 -10 18 -12 -13 -14 17 -16 16 -18 -19 -20 -21 -22 -23 -24 -25 -26 -27 -28 -29 -30 -31
leaf_value=-0.056229032312122285 -0.041967669422765363 0.027414218768311644 -0.038332173920719276 0.014642146956433616 -0.018763088384393264 -0.053461632712052412 0.040651556173511433 0.020063908161368011 0.041379766626318225 0.028366500908776671 -0.011709687624547414 -0.05678284625855521 -0.018275915823148501 -0.011817787934660998 0.0047863500313813714 0.0089543779711963329 0.03604084875420737 0.034248697693583852 0.0067142130861844885 -0.091261772723753493 0.035758878621142368 0.032342833643479223 0.010144163415251806 0.049725592862019226 0.046993978521603176 0.044975002219906579 0.028008404447268809 -0.073078651319744711 -0.06527693702326455 -0.013117433425877276
leaf_weight=2260.4229122038523 89.34317440999439 35.828187136328779 48.821475189819466 206.94118898850866 17.736689856857996 147.88992108186358 1353.607492382871 146.23563459585421 90.744043176877312 169.46460398728959 98.268336847948376 18.323241953039542 48.789032985514496 94.956909308035392 22.995798548683524 8.9504692557966319 43.96728018252179 27.203818434558343 102.26883934694342 4.370245868805795 504.48034438013565 6.2614145798142991 30.35669781267643 1031.3563762954436 39.266996352816932 10.872007239144294 19.31184197193943 4.6185973604442543 5.0811072782380498 30.747313998872414
leaf_count=921485 21369 906 12772 8387 319 53617 3321 2291 1040 1794 8872 2230 7371 13141 2343 338 106 1051 2145 119 3073 203 92 2378 152 28 927 480 590 1110
internal_value=0 0.0337491 -0.051709 0.00392467 0.0380104 -0.0257267 0.0335987 0.024912 0.0142298 0.01191 0.00615764 -0.0119534 -0.0447333 -0.0067081 -0.0323971 0.0471693 0.0220976 0.00247687 0.0202175 -0.0239244 0.0322317 -0.0302984 0.0399824 0.0484759 0.0294875 0.00545895 -0.00508701 -0.00118419 0.00344974 0.00869503
internal_weight=0 4065.82 2653.66 508.293 3557.53 393.234 2401.01 1017.05 395.954 366.332 305.21 94.5984 196.679 196.555 112.339 1156.52 57.288 141.473 271.733 13.3207 650.716 55.0829 1383.96 1099.23 67.8757 28.6087 114.269 76.2752 71.6566 66.5755
internal_count=1074050 63483 1010567 42011 21472 89082 18032 14619 18299 9255 17259 5316 60988 28094 23712 3440 563 15119 3939 457 5364 12975 3413 2877 499 347 14068 3086 2606 2016
is_linear=0
shrinkage=0.05


Tree=17
num_leaves=31
num_cat=0
split_feature=0 0 0 82 40 98 0 40 82 140 93 82 109 89 93 93 127 0 69 40 98 82 76 76 0 82 76 96 127 0
split_gain=4418.35 217.659 105.217 71.4099 60.5868 52.3108 45.9897 34.8197 25.6936 22.6553 21.1387 19.6741 18.9737 15.2707 13.0187 12.6613 12.2737 12.174 11.6479 11.5651 14.492 12.2083 11.4036 10.9468 14.6532 10.2803 9.83725 13.6668 9.72243 9.60051
threshold=0.17215690376152604 0.60678019017954943 0.030380062479932603 0.56680450000000004 2.5000000000000004 4.2916666666650007 0.86620967868038068 16.500000000000004 0.58730450000000012 48.500000000000007 1.2008335000000001 0.55341550000000017 1.5000000000000002 1.5000000000000002 1.8222090000000002 0.75316150000000015 7.5000000000000009 0.94875966535953815 1.0000000180025095e-35 402.50000000000006 5.708333333335001 0.57231250000000011 562.50000000000011 635.50000000000011 0.0032200281855830795 0.58000700000000005 576.50000000000011 0.037673500000000006 7.5000000000000009 0.94875966535953815
decision_type=2 2 2 2 2 2 2 2 2 2 2 2 2 2 2 2 2 2 2 2 2 2 2 2 2 2 2 2 2 2
left_child=2 3 23 12 6 22 9 10 -7 15 18 13 -2 -6 16 28 -8 19 -5 20 -13 -22 -4 -1 -25 -11 27 -20 -3 -18
right_child=1 4 5 7 11 8 14 -9 -10 25 -12 17 -14 -15 -16 -17 29 -19 26 -21 21 -23 -24 24 -26 -27 -28 -29 -30 -31
leaf_value=-0.056171250183980476 -0.039787349165836511 0.01477007254816607 -0.046986761556022931 -0.031428902621989094 -0.050406536821482884 -0.052559310127713157 0.036082828707709326 0.039609856192799719 -0.017653251259326899 -0.040758497242986594 0.020054174497222167 0.042076633952668835 0.013896720722840143 0.026293287298055992 0.041238940981172562 0.027476718330850931 0.009135553491557917 0.051564270832443804 0.015406325953928655 0.05201613659314841 -0.031242101997116467 0.026685542051030534 0.0038119475086388372 -0.056497916149294794 -0.00050488145054116524 0.0050783243996064074 0.0061762197476394531 -0.056158991167436202 -0.021630076132775782 0.028932902760688446
leaf_weight=2141.2137652075326 101.07882310030982 94.903450104407966 12.203567169024607 36.300234707538038 8.0485525340773147 154.55952112190425 710.76489210850559 92.933481820335146 80.008404333202634 21.295202841516584 133.34868370741606 405.9730661357753 19.660233718052041 33.501680572866462 624.8539284192957 262.21401750994846 76.494229386094958 608.97247337107547 11.295871725189501 202.66138705983758 10.121830966323612 89.693477498134598 116.65022599074291 26.582318117667455 20.848254229757003 28.743499233387411 122.99851557496004 16.294254087959416 22.740254747797735 307.0423248023726
leaf_count=906765 24625 2420 3320 4009 1032 57022 2998 1124 12366 2550 4174 1074 1609 580 1568 3118 953 802 587 363 392 601 12064 11340 3380 927 7244 2949 1147 947
internal_value=0 0.032522 -0.051508 0.00278058 0.0370485 -0.0265936 0.0318232 0.0126655 -0.0406533 0.0171963 0.00484623 0.0453117 -0.0310458 0.011436 0.0354809 0.0213623 0.032193 0.0463801 -0.00600491 0.0419238 0.03788 0.0208114 -0.000999129 -0.055645 -0.031886 -0.0144287 0.00012368 -0.0268589 0.00773401 0.0249844
internal_weight=0 4041.93 2552.07 533.91 3508.02 363.422 2149.05 413.171 234.568 429.896 320.238 1358.97 120.739 41.5502 1719.16 379.858 1094.3 1317.42 186.889 708.45 505.788 99.8153 128.854 2188.64 47.4306 50.0387 150.589 27.5901 117.644 383.537
internal_count=1074050 67793 1006257 46321 21472 84772 16628 20087 69388 10162 18963 4844 26234 1612 6466 6685 4898 3232 14789 2430 2067 993 15384 921485 14720 3477 10780 3536 3567 1900
is_linear=0
shrinkage=0.05


Tree=18
num_leaves=31
num_cat=0
split_feature=0 0 0 82 40 98 0 82 40 82 0 68 58 90 82 90 114 99 76 76 0 93 66 140 68 62 76 111 90 82
split_gain=4163.61 210.259 105.145 70.0433 65.9947 48.5352 47.8439 35.296 28.6802 25.0406 18.6637 17.9082 16.958 16.1146 13.8779 13.3824 13.0883 12.1832 10.2346 10.2285 13.0481 10.1278 9.95532 9.88604 9.84927 9.64608 9.57809 9.55517 9.25649 11.5307
threshold=0.17215690376152604 0.53809039466125175 0.030380062479932603 0.56680450000000004 1.0000000180025095e-35 4.2916666666650007 0.7740980979447657 0.54744950000000003 41.500000000000007 0.58730450000000012 0.94875966535953815 108.50000000000001 2.5000000000000004 16.500000000000004 0.55310350000000008 8.5000000000000018 0.08230750000000002 0.056200000000000007 562.50000000000011 635.50000000000011 0.0032200281855830795 0.57930100000000018 0.086694000000000007 418.50000000000006 99.500000000000014 2.5000000000000004 682.50000000000011 2.5000000000000004 25.500000000000004 0.59284850000000011
decision_type=2 2 2 2 2 2 2 2 2 2 2 2 2 2 2 2 2 2 2 2 2 2 2 2 2 2 2 2 2 2
left_child=2 3 19 -2 6 18 11 17 13 -7 15 14 22 16 -3 -8 -5 -6 -4 -1 -21 25 28 -14 -23 -16 -12 -19 29 -9
right_child=1 4 5 8 7 9 10 12 -10 -11 26 -13 23 -15 21 -17 -18 27 -20 20 -22 24 -24 -25 -26 -27 -28 -29 -30 -31
leaf_value=-0.055605438360843799 -0.038171700965320715 -0.056101151158650081 -0.045239480230889514 -0.020845354783902734 0.03196982675012091 -0.051691803410575436 0.0013450599815304695 0.025599156457205698 0.041010643225131559 -0.017111445087883721 0.036637748575592911 0.027110733868794337 0.035698803965420099 0.012686500172822864 -0.04221694575969407 0.027048532097890432 0.021039543755962578 -0.048922597668561101 0.0030311323293793851 -0.055781753680429008 -0.0023720831595591841 0.015106442837765436 0.056666254813516163 -0.025166314195382369 -0.043737352775066532 0.0092535541765148589 0.0075805380878876324 0.0357781806612949 0.047583984935754255 0.044454223281067122
leaf_weight=2074.6102593398828 98.295404796255752 11.710012192837892 12.108374989824368 86.802566340367775 11.58301852957811 150.43280935400981 56.557243327377364 125.15011231182143 60.337072436930612 80.293652616848703 1007.2008727511857 69.318517506006174 407.03108370641712 169.67692530306522 22.069784375373274 483.98536349344067 23.755597883835435 16.664948937803278 117.94972864713054 25.495567727775779 20.735715234652162 81.37449981411919 197.13143321685493 6.7827040997799477 7.7921444978564969 15.492899877484886 29.182010470889509 4.161081329220905 763.24009441398084 230.29132135957479
leaf_count=906765 24018 1951 3320 9588 226 57022 1232 731 621 12366 2649 1540 2627 6959 2056 4361 804 2511 12064 11340 3380 1840 209 551 411 666 91 35 1546 570
internal_value=0 0.0316569 -0.0508422 -0.000990407 0.0356966 -0.025889 0.0289196 0.0425608 0.0097408 -0.0396577 0.0318911 0.00636533 0.0435294 0.00300813 -0.00402218 0.0243592 -0.0118456 -0.00913663 -0.00146285 -0.0550871 -0.0318264 0.000790006 0.0463059 0.0347012 0.00996417 -0.0209877 0.0358196 -0.0319992 0.0444802 0.0378154
internal_weight=0 3985.59 2481.63 438.868 3546.72 360.785 1784.68 1762.04 340.572 230.726 1576.93 207.758 1729.63 280.235 138.439 540.543 110.558 32.409 130.058 2120.84 46.2313 126.729 1315.81 413.814 89.1666 37.5627 1036.38 20.826 1118.68 355.441
internal_count=1074050 67793 1006257 41990 25803 84772 16797 9006 17972 69388 8333 8464 6234 17351 6924 5593 10392 2772 15384 921485 14720 4973 3056 3178 2251 2722 2740 2546 2847 1301
is_linear=0
shrinkage=0.05


Tree=19
num_leaves=31
num_cat=0
split_feature=0 0 0 40 82 0 98 91 82 93 89 151 82 69 93 93 48 48 100 82 0 48 124 110 74 40 76 96 0 76
split_gain=3919.3 188.686 117.803 66.6569 59.9437 47.4468 46.8337 37.9894 28.5043 18.2858 18.1285 15.887 15.6203 15.1328 13.8602 13.2751 12.0558 11.7323 11.982 11.2925 11.1344 11.1298 10.0405 9.58806 9.18457 9.11243 11.676 14.1668 8.70827 9.82153
threshold=0.19204907757119541 0.60678019017954943 0.030380062479932603 6.5000000000000009 0.54966050000000011 0.86620967868038068 8.3666666666650027 0.22500000000000003 0.5683895000000001 1.2008335000000001 1.5000000000000002 0.087068500000000007 0.59229250000000011 1.0000000180025095e-35 0.84649150000000006 0.75316150000000015 15.500000000000002 5.5000000000000009 2.5000000000000004 0.63917850000000009 0.0032200281855830795 1038.5000000000002 0.063938500000000009 2.5000000000000004 8.5000000000000018 46.500000000000007 576.50000000000011 0.037673500000000006 0.94875966535953815 561.50000000000011
decision_type=2 2 2 2 2 2 2 2 2 2 2 2 2 2 2 2 2 2 2 2 2 2 2 2 2 2 2 2 2 2
left_child=2 4 19 5 -2 8 11 9 10 13 -3 24 -8 -6 -7 22 -16 28 -19 -1 -21 -12 -10 -11 -4 26 27 -15 29 -5
right_child=1 3 6 17 7 14 12 -9 15 23 21 -13 -14 25 16 -17 -18 18 -20 20 -22 -23 -24 -25 -26 -27 -28 -29 -30 -31
leaf_value=-0.05503685103394898 -0.046818807710754445 -0.054821893117784085 -0.011029364688792925 0.01607465360766409 -0.033592060968482072 0.027544268730858551 -0.051015161988815262 0.046093971177421034 0.011379570942598947 0.0080005081614061332 0.010093105000763686 0.017814803348054489 -0.017995768167922293 0.0044451449959326313 0.03750380670468547 0.027424786179788319 -0.010159705739889689 0.031244141360055155 -0.065990826640895006 -0.053162257229018239 0.0013126310477236105 -0.068153392293335502 -0.048313540676502974 0.035270902568779232 -0.050866530589409278 0.025355755607109915 0.0040529027300839921 -0.048226781936489577 0.051821655844180393 0.044277537476593298
leaf_weight=2014.825126196869 54.87961866587284 18.916178106330335 133.37721254851203 32.920313130598515 40.06525702169165 556.47109637432732 136.64452702709241 58.555644164793193 114.45700561790727 99.795890461304225 46.380083437194116 47.595746706938371 48.540443427511491 23.353664228925481 1261.0960779811721 284.30743993702345 13.40781893674284 79.459186992491595 3.2998546101152888 19.828547080920544 17.801629810361192 5.0383164663799098 7.5064108246006063 47.608709648950025 16.228920457710046 30.232256523566321 121.6717083894182 28.15843745629536 480.4508606675081 495.57683613197878
leaf_count=908626 16552 2427 20138 284 4982 3172 53617 337 2955 3835 1468 3176 7371 1803 3583 2906 182 1202 282 9915 2944 847 492 875 4780 986 7189 5452 574 1098
internal_value=0 0.0310517 -0.0497829 0.0352858 0.00251212 0.03047 -0.024303 0.00853573 0.0164174 0.00290942 -0.0129706 -0.00734611 -0.0423602 -0.00550502 0.0341279 0.0215051 0.0370024 0.0454653 0.0273671 -0.05453 -0.0273919 0.00242599 0.00770567 0.0168083 -0.0153508 2.70623e-05 -0.0043945 -0.0243473 0.0469498 0.0425208
internal_weight=0 3903.61 2434.84 3399.29 504.321 2307.58 382.387 449.442 476.605 390.886 70.3346 197.202 185.185 243.481 1830.97 406.271 1274.5 1091.71 82.759 2052.46 37.6302 51.4184 121.963 147.405 149.606 203.416 173.184 51.5121 1008.95 528.497
internal_count=1074050 63483 1010567 21472 42011 18032 89082 25459 11095 25122 4742 28094 60988 20412 6937 6353 3765 3440 1484 921485 12859 2315 3447 4710 24918 15430 14444 7255 1956 1382
is_linear=0
shrinkage=0.05


Tree=20
num_leaves=31
num_cat=0
split_feature=0 0 0 40 0 82 98 82 98 0 55 82 74 89 93 90 137 110 83 111 101 76 0 68 2 76 68 124 2 137
split_gain=3693.14 206.703 91.9982 76.4952 63.0688 51.9164 41.139 24.8937 23.9437 21.5981 18.5223 16.6252 16.5325 16.3404 16.1407 16.1234 13.4064 14.4119 12.5155 12.4922 12.2796 10.9578 12.2836 10.7583 11.3566 9.5596 10.0054 9.16312 9.10191 9.09709
threshold=0.15548050853772452 0.48090646582193369 0.030380062479932603 2.5000000000000004 0.7740980979447657 0.57387650000000012 4.7750000000000012 0.55341550000000017 152.58333333350001 0.94875966535953815 1.0000000180025095e-35 0.58730450000000012 7.5000000000000009 1.5000000000000002 1.5520470000000002 17.500000000000004 0.062803500000000012 1.5000000000000002 140.50000000000003 1.5000000000000002 0.033014000000000009 635.50000000000011 0.0032200281855830795 122.50000000000001 370.00000000000006 693.50000000000011 51.500000000000007 0.049992500000000002 227144.50000000003 0.023543000000000005
decision_type=2 2 2 2 2 2 2 2 2 2 2 2 2 2 2 2 2 2 2 2 2 2 2 2 2 2 2 2 2 2
left_child=2 5 21 4 8 19 20 13 12 14 15 -8 18 -5 29 -7 17 23 -3 -2 -4 -1 -23 24 -9 -11 -27 -22 -26 -6
right_child=1 3 6 7 9 10 11 16 -10 25 -12 -13 -14 -15 -16 -17 -18 -19 -20 -21 27 22 -24 -25 28 26 -28 -29 -30 -31
leaf_value=-0.054622570575983548 -0.041790468014478305 0.010591341108003652 -0.014307471958189667 -0.052190214202598666 0.013842900769015943 -0.01632821352144662 -0.050633976935875118 -0.030010477619942213 -0.049582141314711066 0.035713477023539768 0.033793625395740441 -0.020075301958216388 -0.015090941098112426 0.02193102191492606 0.033087406365782543 0.011738594554370872 0.053424668254408614 0.044348493216786689 0.041847763413293895 -0.0029850743647690556 0.027827782808732472 -0.054517160263388847 -0.0021987260964652961 0.044533550580928678 0.031977778356689607 0.034701384956220972 -0.034689775407163274 -0.041308298681715927 -0.0031385777455211743 0.035041595448067418
leaf_weight=1939.8176021297695 90.196464180597104 190.26185570855159 93.479979155992623 9.5265365366067254 320.74498264398426 85.021587625611573 129.70683043100871 10.270335006411186 17.924981418007519 1186.7876100563444 52.182062101259362 67.758906482660677 53.204384446376935 33.877865757327527 274.79495874210261 128.51390958781121 300.14164512604475 805.20587607217021 38.508523206459358 26.931919035036117 35.513471821090207 23.614853545092046 21.372966274386272 72.916986605967395 91.253528145607561 10.869195941835644 9.9504721220582706 5.5403079492971292 23.129448826424778 60.089825793169439
leaf_count=906765 24098 6761 13675 1855 4660 8583 52883 313 3187 3148 985 11126 2896 972 1582 5315 401 1713 323 3129 1860 11340 3380 442 768 26 38 1036 407 383
internal_value=0 0.0297505 -0.0499818 0.0335562 0.0277325 -0.00513523 -0.0256203 0.0429132 0.00645202 0.0311577 0.00708927 -0.040148 0.0100141 0.00566266 0.0238518 0.000563476 0.0441541 0.0413793 0.0158527 -0.0328677 -0.00429678 -0.0540568 -0.0296615 0.0292783 0.0203546 0.0351243 0.00153684 0.0184977 0.0248769 0.0171877
internal_weight=0 3892.3 2316.8 3509.46 2163.14 382.846 331.999 1346.32 299.9 1863.24 265.718 197.466 281.975 43.4044 655.63 213.535 1302.92 1002.78 228.77 117.128 134.534 1984.81 44.9878 197.57 124.653 1207.61 20.8197 41.0538 114.383 380.835
internal_count=1074050 71985 1002065 29875 23004 42110 80580 6871 13167 9837 14883 64009 9980 2827 6625 13898 4044 3643 7084 27227 16571 921485 14720 1930 1488 3212 64 2896 1175 5043
is_linear=0
shrinkage=0.05


Tree=21
num_leaves=31
num_cat=0
split_feature=0 0 0 40 0 82 58 98 98 82 40 91 40 76 0 93 3 116 68 68 68 111 76 0 89 68 140 101 65 135
split_gain=3481.2 199.715 91.3477 77.3334 48.9677 47.0917 41.2714 39.2361 30.0128 21.1378 18.1582 17.1702 16.3463 15.7732 15.6672 15.409 12.734 12.3125 11.3135 19.886 15.6966 11.2803 10.4745 11.0589 10.3938 10.3783 10.3601 10.1522 10.001 9.49846
threshold=0.15548050853772452 0.48090646582193369 0.030380062479932603 1.0000000180025095e-35 0.94875966535953815 0.57261050000000002 7.5000000000000009 4.2916666666650007 22.100000000000005 0.59229250000000011 798.50000000000011 0.87500000000000011 50.500000000000007 577.50000000000011 0.86620967868038068 0.46779550000000009 2646.5000000000005 1.5000000000000002 106.50000000000001 99.500000000000014 100.50000000000001 1.5000000000000002 635.50000000000011 0.0032200281855830795 2.5000000000000004 104.50000000000001 36.500000000000007 0.033014000000000009 50.000000000000007 1.5000000000000002
decision_type=2 2 2 2 2 2 2 2 2 2 2 2 2 2 2 2 2 2 2 2 2 2 2 2 2 2 2 2 2 2
left_child=2 5 22 4 8 21 12 27 15 10 -8 26 14 -9 16 17 -5 -3 19 29 -21 -2 -1 -24 -15 -10 28 -4 -7 -17
right_child=1 3 7 6 -6 11 9 13 25 -11 -12 -13 -14 24 -16 18 -18 -19 -20 20 -22 -23 23 -25 -26 -27 -28 -29 -30 -31
leaf_value=-0.054213964610642811 -0.041743480913549263 0.0187242916804135 -0.012617287631087293 -0.012270069720659816 0.032672570895191211 -0.02731278263330926 -0.030461092616333632 -0.053720163058342263 -0.026501094371132496 0.034988686499571028 0.043980844022454758 0.057650773980143934 0.048887016978348713 -0.031820617219024745 0.041933434921495982 0.018240485479290934 0.030810624467115147 -0.01546200904109768 0.031284917441471313 -0.053690814781228224 0.016781751183492396 -0.003613429353388823 -0.053810743468072852 -0.0037921338516108669 0.01334103961447778 0.017715198213202957 -0.01584723836713901 0.018177693125538442 0.011741437548527175 0.052444471395512109
leaf_weight=1871.6989443412749 84.917315059952671 51.931146502145566 85.48796230298467 18.464816475054249 995.16878311801702 18.042894120910205 38.911846220697043 93.463419664738467 52.42865719483234 37.592799210222438 10.376156920217907 15.054770936723797 575.13034688122571 95.596042106160894 776.06481469329447 320.91602889739443 241.44352908991277 53.44210349349305 215.04673976963386 17.007713357801553 14.757354712346567 25.13868968305178 22.831171667203307 21.416662445000838 14.69906979834195 17.768606766592711 58.138948004925624 38.960571411647834 179.21444181830157 21.667825192213058
leaf_count=906765 23703 1324 11994 621 2740 1832 4488 41995 4269 401 186 29 1121 22402 1720 4589 1981 2633 2080 758 194 2977 11340 3380 1594 680 5656 2595 7913 90
internal_value=0 0.0289216 -0.0494704 0.0327047 0.0253608 -0.00546 0.0403174 -0.0250973 0.0158486 0.00674922 -0.0147895 0.00576079 0.0421276 -0.0386079 0.0383751 0.0189967 0.02775 0.00138604 0.0221451 0.0168947 -0.0209508 -0.0330339 -0.0536455 -0.0296009 -0.0258019 -0.0153089 0.00270204 -0.00297643 0.00816919 0.0204038
internal_weight=0 3838.63 2244.15 3458.12 1760.13 380.507 1697.98 328.207 764.966 86.8808 49.288 270.451 1611.1 203.759 1035.97 694.769 259.908 105.373 589.396 374.349 31.7651 110.056 1915.95 44.2478 110.295 70.1973 255.396 124.449 197.257 342.584
internal_count=1074050 71985 1002065 29875 19357 42110 10518 80580 16617 5075 4674 15430 5443 65991 4322 11668 2602 3957 7711 5631 952 26680 921485 14720 23996 4949 15401 14589 9745 4679
is_linear=0
shrinkage=0.05


Tree=22
num_leaves=31
num_cat=0
split_feature=0 0 0 83 40 82 82 40 0 82 93 93 95 82 93 0 100 101 93 40 127 76 0 40 76 95 82 151 95 124
split_gain=3281.84 194.374 91.7006 73.3267 57.6617 37.7279 37.1652 34.0886 27.34 22.7971 19.3346 18.5176 16.2003 16.0492 12.7553 12.0008 11.9433 11.8183 11.6215 11.501 11.4087 10.0951 10.2758 9.60199 10.1181 11.3138 9.3325 9.2759 11.0124 10.6366
threshold=0.15548050853772452 0.68981449621504665 0.030380062479932603 21.000000000000004 4.5000000000000009 0.5425715000000001 0.55406350000000015 38.500000000000007 0.86620967868038068 0.56680450000000004 0.5867960000000001 0.44643900000000009 0.0067470000000000004 0.5414135000000001 1.5939485000000002 0.94875966535953815 1.0000000180025095e-35 0.095136500000000013 0.75316150000000015 13.500000000000002 8.5000000000000018 635.50000000000011 0.0032200281855830795 147.50000000000003 567.50000000000011 0.023964000000000003 0.57480350000000013 0.038695500000000008 0.083002500000000021 0.04424200000000001
decision_type=2 2 2 2 2 2 2 2 2 2 2 2 2 2 2 2 2 2 2 2 2 2 2 2 2 2 2 2 2 2
left_child=2 3 21 5 8 -2 -4 9 13 -5 17 12 -7 -3 20 16 23 -8 -15 27 -10 -1 -23 24 25 -6 -18 28 -12 -29
right_child=1 4 6 7 15 11 10 -9 14 -11 19 -13 -14 18 -16 -17 26 -19 -20 -21 -22 22 -24 -25 -26 -27 -28 29 -30 -31
leaf_value=-0.053816766155708677 -0.055057464402246806 -0.053306877862841565 -0.054112142527084517 -0.032530303063662482 0.018488971143171839 0.020313214087140499 -0.037095836054912283 0.043267659811278718 0.030653352532266705 0.014417027249523321 -0.02919419520305766 0.0029392903892231058 -0.036010157150509182 0.0044897369979692804 0.036386139340005667 0.048663512237849704 -0.077927954244854561 0.033934873247478257 0.024089126912328077 0.034876477846777831 0.018059306224298945 -0.053505651204942987 -0.0048226710221722516 0.047292911485284535 0.036905062783877764 -0.07092067515714838 0.014946068971498257 0.016842097583955648 0.036128693883849448 -0.027512109986375235
leaf_weight=1806.4249260766956 47.505452621495351 8.1688658561324683 79.656886345648672 28.650923333392711 31.859801860409789 15.652610545745118 88.962290521187242 102.99739660986234 741.38823946611956 265.27685640426353 58.334695400524652 170.98295957164373 69.25109027675353 112.99059010087512 714.33320609270595 505.80399532662705 3.2703927546972436 6.2686826714780173 228.76431330060586 17.185084384633228 237.40596635639668 21.894127154897433 21.467450280848425 218.32823052280582 258.96463510778267 3.9801906731445333 15.642759065376593 48.43518523266539 7.2543251625029361 18.749161237967201
leaf_count=906765 16239 1284 34993 5068 362 1014 25862 1010 3400 9632 10796 10700 11413 3281 1947 739 281 404 2485 934 1419 11340 3380 495 884 212 120 3994 304 3293
internal_value=0 0.0281471 -0.0489418 0.00436972 0.0335519 -0.014136 -0.0244407 0.0185147 0.0286766 0.00984079 -0.0148011 -0.00653891 -0.0256265 0.0159537 0.0313061 0.0431492 0.0379069 -0.0324202 0.0176092 -0.00361213 0.0275987 -0.0532445 -0.0294037 0.0393451 0.0334591 0.00855963 -0.00111337 -0.00859377 -0.0219693 0.00446415
internal_weight=0 3781.22 2174.63 700.317 3080.9 303.392 324.846 396.925 2043.05 293.928 245.189 255.887 84.9037 349.924 1693.13 1037.85 532.046 95.231 341.755 149.958 978.794 1849.79 43.3616 513.133 294.805 35.84 18.9132 132.773 65.589 67.1843
internal_count=1074050 71985 1002065 55076 16909 39366 80580 15710 13816 14700 45587 23127 12427 7050 6766 3093 2354 26266 5766 19321 4819 921485 14720 1953 1458 574 401 18387 11100 7287
is_linear=0
shrinkage=0.05


Tree=23
num_leaves=31
num_cat=0
split_feature=0 0 58 40 82 0 72 40 137 0 90 82 2 137 112 0 111 76 90 74 0 101 93 76 151 112 76 40 42 93
split_gain=3094.38 230.078 84.0584 74.0756 63.9061 36.4878 27.267 24.2576 18.6592 18.0513 15.3599 15.136 14.0778 16.6568 13.9488 13.3653 12.9664 18.2421 12.8503 12.002 11.9866 14.6968 11.6582 11.3988 11.2946 13.058 11.1617 10.3846 10.0075 9.48239
threshold=0.37969951586789719 0.035302874550316145 7.5000000000000009 1.0000000180025095e-35 0.57291350000000019 0.7740980979447657 2077.3333333350006 1.0000000180025095e-35 0.061428500000000004 0.86620967868038068 23.500000000000004 0.54296050000000007 2826.5000000000005 0.033014000000000009 0.092609000000000011 0.86620967868038068 2.5000000000000004 579.50000000000011 269.50000000000006 7.5000000000000009 0.0088049481694041625 0.030463500000000001 0.30991350000000006 628.50000000000011 0.077111000000000013 0.15140300000000004 641.50000000000011 798.50000000000011 62.500000000000007 0.62494300000000014
decision_type=2 2 2 2 2 2 2 2 2 2 2 2 2 2 2 2 2 2 2 2 2 2 2 2 2 2 2 2 2 2
left_child=1 20 3 5 11 16 15 10 9 14 -6 -3 29 22 19 26 17 -2 -13 -5 -1 23 -14 -22 25 -9 27 -4 -24 -7
right_child=2 4 6 8 7 12 -8 24 -10 -11 -12 18 13 -15 -16 -17 -18 -19 -20 -21 21 -23 28 -25 -26 -27 -28 -29 -30 -31
leaf_value=-0.05399387167887524 -0.03343442257748571 -0.055294246683412644 -0.013008782159386854 0.022690006470815191 -0.023132930071905509 0.019152595202305264 -0.056898798588735616 -0.0069307558832031107 0.051097356532313565 0.041179568970279488 0.0014327973296100179 -0.031153170559571966 -0.0027132373730978615 0.041027079025139856 0.038559647408322462 0.020815587551335914 0.025928833937582014 0.00762946261385719 0.043721370379465725 -0.020591539483854171 -0.049764969217850438 -0.0029009399463147565 0.023909074766009102 -0.0047255138455919408 0.035928914653081817 0.052629343420728537 0.042044672843662569 0.038181430249672195 -0.057272746803236879 0.039209320887887096
leaf_weight=1612.9533121450513 33.647261845122557 81.802193520765286 107.73810003572726 172.93371655943338 140.76236541333492 71.185509080532938 18.12081425258657 54.840255606017308 312.28196638426743 910.21895612869412 116.12489289656514 112.91239286537166 44.739664352498949 135.27546544792131 164.35193999100011 97.669421126134694 64.109979228232987 137.84315667848568 6.036762280331458 17.652147888205945 161.00123220137903 22.471500448416919 790.48384917480871 15.390835094905922 43.331638911156915 11.05806945718359 12.134676314890383 10.910608386388047 3.8144950764253727 342.29831947269849
leaf_count=836838 3606 34975 9839 2243 22200 476 4431 5908 530 2004 8327 32556 621 446 825 997 1480 4177 340 789 83726 7004 4292 2585 1237 120 180 256 30 1012
internal_value=0 -0.0438678 0.0302684 0.0324354 -0.0160671 0.0249375 0.00213824 -0.00363575 0.0401518 0.03745 -0.0120281 -0.0387386 0.0280261 0.0247455 0.0278858 0.00682104 0.00674443 -0.000427473 -0.0273532 0.0186813 -0.0525659 -0.0409836 0.0221204 -0.0458351 0.0161014 0.00306373 -0.00363013 -0.00830147 0.0235192 0.0357563
internal_weight=0 2378.69 3447.41 3200.84 566.869 1623.4 246.574 366.117 1577.44 1265.16 256.887 200.751 1387.8 974.313 354.938 228.453 235.6 171.49 118.949 190.586 1811.82 198.864 839.038 176.392 109.23 65.8983 130.783 118.649 794.298 413.484
internal_count=1074050 1035816 38234 22531 105663 16140 15703 37792 6391 5861 30527 67871 6877 5389 3857 11272 9263 7783 32896 3032 930153 93315 4943 86311 7265 6028 10275 10095 4322 1488
is_linear=0
shrinkage=0.05


Tree=24
num_leaves=31
num_cat=0
split_feature=0 0 0 82 40 40 98 0 93 154 82 140 76 40 112 100 110 82 76 82 98 104 96 40 98 99 76 66 98 95
split_gain=2923.46 181.261 89.3008 64.5207 57.0371 49.2196 35.0264 32.6456 27.8461 23.0767 18.6817 13.6151 13.5507 14.4144 13.4689 11.8328 11.6172 11.6765 10.9451 10.3442 9.85831 9.69633 9.65039 9.47758 15.3954 8.77604 8.33428 8.28771 8.10044 8.04009
threshold=0.15548050853772452 0.68981449621504665 0.030380062479932603 0.5425715000000001 4.5000000000000009 38.500000000000007 8.3666666666650027 0.94875966535953815 0.7041805000000001 0.58571428571450013 0.5677525000000001 54.500000000000007 562.50000000000011 6.5000000000000009 0.090103500000000017 1.0000000180025095e-35 2.5000000000000004 0.58032750000000011 652.50000000000011 0.63917850000000009 4.2916666666650007 1.0000000180025095e-35 0.04725250000000001 172.50000000000003 7.083333333335001 0.20759250000000004 551.50000000000011 0.059215500000000011 6.3666666666650009 0.0067470000000000004
decision_type=2 2 2 2 2 2 2 2 2 2 2 2 2 2 2 2 2 2 2 2 2 2 2 2 2 2 2 2 2 2
left_child=2 3 19 -2 7 8 12 9 11 10 22 27 -4 -14 -7 23 17 -10 -8 -1 -12 -21 -3 24 26 -9 -6 29 -17 -5
right_child=1 4 6 5 15 14 18 25 16 -11 20 -13 13 -15 -16 28 -18 -19 -20 21 -22 -23 -24 -25 -26 -27 -28 -29 -30 -31
leaf_value=-0.05307178376097358 -0.050675726486551664 -0.0042845704865883327 -0.049554585446140831 0.01485699510043172 -0.010093882587489623 0.018949069434734424 -0.044158281404623488 0.033079613048216445 -0.019011296027354508 0.028613354807328059 0.023266171027156425 -0.036365552396930213 -0.0099089563893689087 0.032890302952934429 0.051721693740804556 0.027543297795447477 0.025164693942124484 0.0098515327204499493 0.031499036406069277 -0.048278341760972322 0.0068679335484737166 0.0058462954588211144 -0.054663465108505928 0.049579350492547213 0.016911692045151801 0.0045965756677820635 0.042855166629325543 0.045929939203054743 -0.02491970147270841 -0.014633048079523443
leaf_weight=1686.1027143753308 50.742363465134986 51.95404926862102 17.753913340042345 28.917385929380544 7.5392079618759444 60.406979781924747 140.95221576109179 1156.3344546398148 43.793870172463357 363.6117997111287 202.28635925869457 49.17052876733942 129.37377686364925 23.200654749962268 65.177639644593 37.260261887917295 93.116426901193336 175.32160640315851 4.948145600850693 19.355659150867723 167.58292548684403 14.454119908972642 11.634478432941249 349.32653136155568 68.519067112240009 27.691312998533249 521.44375743716955 7.2902181376703075 9.1681066622259078 115.14018666077754
leaf_count=908626 17900 1893 6195 1766 57 2161 54988 3244 4481 2776 1874 8671 18294 834 193 159 2224 6129 269 10218 2727 2641 1210 633 889 92 1023 43 332 11508
internal_value=0 0.0266967 -0.0480327 0.00358988 0.0320499 0.00790354 -0.0236127 0.0271473 0.00103238 0.0193245 0.0115324 -0.0135075 -0.00821161 -0.00340085 0.0359579 0.0418285 0.01037 0.00408282 -0.0415924 -0.0525227 0.0158363 -0.0251394 -0.0135021 0.043037 0.039212 0.0324135 0.0421005 -0.00608127 0.0171835 -0.00871337
internal_weight=0 3663.43 2036.14 689.077 2974.35 638.335 316.229 1981.1 512.75 797.07 433.458 200.518 170.328 152.574 125.585 993.257 312.232 219.115 145.9 1719.91 369.869 33.8098 63.5885 946.829 597.502 1184.03 528.983 151.348 46.4284 144.058
internal_count=1074050 71985 1002065 55076 16909 37176 80580 13816 34822 10480 7704 21988 25323 19128 2354 3093 12834 10610 55257 921485 4601 12859 3103 2602 1969 3336 1080 13317 491 13274
is_linear=0
shrinkage=0.05


Tree=25
num_leaves=31
num_cat=0
split_feature=0 0 0 40 82 0 66 82 151 140 93 82 93 89 82 130 134 2 40 142 93 66 90 69 2 150 76 98 153 0
split_gain=2754.43 172.865 88.5133 68.148 47.6034 40.22 34.2611 33.6937 22.545 17.9369 16.0757 15.1732 14.5541 12.2391 11.8917 11.522 11.2509 10.8963 10.837 10.7126 10.655 10.3768 10.4982 11.8209 11.5095 10.9447 10.016 9.95886 9.84169 9.51416
threshold=0.15548050853772452 0.60678019017954943 0.030380062479932603 6.5000000000000009 0.54296050000000007 0.86620967868038068 0.030666000000000002 0.55406350000000015 0.053953500000000008 36.500000000000007 0.5867960000000001 0.57480350000000013 0.75316150000000015 1.5000000000000002 0.54744950000000003 17.500000000000004 1.5000000000000002 21926.000000000004 1.0000000180025095e-35 0.18333333333350002 0.42704700000000001 0.085786000000000015 36.500000000000007 1.5000000000000002 550920.50000000012 0.048805500000000009 635.50000000000011 14.100000000000001 2.5000000000000004 0.0032200281855830795
decision_type=2 2 2 2 2 2 2 2 2 2 2 2 2 2 2 2 2 2 2 2 2 2 2 2 2 2 2 2 2 2
left_child=2 4 26 5 -2 8 9 -4 11 18 15 13 16 -3 -5 -9 -7 -14 -6 27 -11 22 23 -16 -24 -26 -1 -19 -12 -28
right_child=1 3 7 14 6 12 -8 10 -10 20 28 -13 17 -15 21 -17 -18 19 -20 -21 -22 -23 24 -25 25 -27 29 -29 -30 -31
leaf_value=-0.052817619723231173 -0.050168730062496482 -0.048347655696544485 -0.052975478411075062 -0.00064390121219593292 -0.00094060925533251221 0.018868870433203625 0.042568583793302812 -0.0074370984111384771 0.023731554057491402 -0.038105455438000868 0.021948076772349796 0.010049532559083835 0.035549042792453085 -0.0040188427890354263 -0.00065064756910791115 -0.044156635477795476 0.049614227099903888 0.023235073529440493 0.018482237240691795 0.039470236804394911 -0.0059506622539225113 0.053445007352026598 0.048334142709196656 0.036165475461094131 0.033172480319186223 -0.033627944844349313 -0.052738046476625049 -0.026170442530876512 -0.010338375275718127 -0.0041949464838252981
leaf_weight=1615.2501017886098 44.059622693079291 22.343659496051259 72.663675150310155 16.450229055713862 218.59495489456458 401.86865017446689 51.739717774093151 33.942030913429335 216.16519300523214 40.963234027905855 29.50689861405408 156.79432967968751 752.94734406494536 51.370324944786262 23.191481795278378 57.648027509188978 32.135066473856568 360.7237853044644 106.95520594238769 112.17453444842249 69.431919440161437 169.48434524517506 353.45506989769638 364.16157265868969 28.340399014297873 7.8247162718325844 19.507150221674237 10.496779331471769 117.96699937590165 20.917299287568312
leaf_count=906765 16865 2754 34993 924 14597 2727 319 5674 2586 8286 2094 3312 2274 2443 255 20592 111 1378 4154 291 6292 190 619 1334 80 38 11340 156 17227 3380
internal_value=0 0.0259297 -0.0476006 0.0304749 -0.000396541 0.0254589 0.0041001 -0.0231591 0.0121318 -0.000465493 -0.0140964 0.00125374 0.0290227 -0.0174555 0.0415029 -0.0305489 0.0211454 0.031788 0.00544051 0.0259297 -0.017882 0.0422354 0.0397902 0.0339612 0.0455853 0.0187195 -0.0522024 0.0218381 -0.00387843 -0.0276198
internal_weight=0 3611.67 1967.4 3079.93 531.745 2117.02 487.685 311.728 446.674 435.945 239.064 230.508 1670.35 73.714 962.908 91.5901 434.004 1236.34 325.55 483.395 110.395 946.458 776.973 387.353 389.62 36.1651 1655.67 371.221 147.474 40.4244
internal_count=1074050 71985 1002065 21472 50513 18032 33648 80580 11095 33329 45587 8509 6937 5197 3440 26266 2838 4099 18751 1825 14578 2516 2326 1589 737 118 921485 1534 19321 14720
is_linear=0
shrinkage=0.05


Tree=26
num_leaves=31
num_cat=0
split_feature=0 0 40 0 82 58 82 0 40 93 118 111 82 129 82 40 90 82 0 82 0 107 90 60 36 151 112 126 66 65
split_gain=2609.15 214.415 82.9514 72.8222 54.8663 27.5883 22.1339 20.8504 20.8354 16.4433 15.7439 15.0498 14.9112 14.2528 13.8804 13.2143 12.9866 12.9729 12.4889 14.3729 10.8073 10.5217 9.99119 9.28552 9.08522 9.07129 12.0578 8.8127 8.41016 9.25956
threshold=0.37969951586789719 0.035302874550316145 2.5000000000000004 0.7740980979447657 0.57291350000000019 7.5000000000000009 0.54444850000000011 0.94875966535953815 1.0000000180025095e-35 1.5520470000000002 10.500000000000002 2.5000000000000004 0.58904350000000016 8.5000000000000018 0.61064700000000005 798.50000000000011 23.500000000000004 0.55278050000000012 0.0088049481694041625 0.58104250000000002 0.86620967868038068 5.5000000000000009 9.5000000000000018 37.500000000000007 15506.500000000002 0.077111000000000013 0.15140300000000004 0.098695500000000005 0.088202000000000016 50.000000000000007
decision_type=2 2 2 2 2 2 2 2 2 2 2 2 2 2 2 2 2 2 2 2 2 2 2 2 2 2 2 2 2 2
left_child=1 18 3 6 13 10 -2 9 16 -5 -4 14 15 -3 22 -7 27 -12 -1 21 28 -20 -8 -21 -11 26 -10 -6 29 -19
right_child=2 4 5 7 8 12 11 -9 25 24 17 -13 -14 -15 -16 -17 -18 20 19 23 -22 -23 -24 -25 -26 -27 -28 -29 -30 -31
leaf_value=-0.053139516711922824 -0.050468386870658681 -0.015542016194148049 0.045741299060265792 0.011982147768370886 -0.028639931194824348 -0.031045348647929003 -0.033983831304717875 0.030447247791600976 -0.0067276702532097837 0.029870093837488444 -0.014343221842709739 0.024147129082093099 0.033903794174575001 -0.045856709684471995 0.014412716667649608 0.035484469374183043 0.00051557502995640356 -0.024552004158414242 -0.051873883997060846 -0.026028143680058666 0.041099582993222132 0.040434296643366098 -0.0036170462753497314 0.03996109215528458 -0.050000610351858432 0.032499158276411151 0.05130469574451773 0.0025459290633138665 0.05350120372203139 0.025245577563713602
leaf_weight=1443.4756034060847 19.372388475632761 54.204819293518085 620.53443503426388 355.37049350870075 109.81576987597509 27.845246375276474 33.849126946006436 1100.3874828985427 54.827618866605917 246.49842485482804 13.520591953303663 75.559769861749373 30.061590116471052 136.19781938221422 92.332355761085637 10.196779421617974 115.27420573198469 9.8832964110188168 116.00313442753395 56.653115286011598 312.96416988316923 3.1714681647426906 135.58728897169931 5.8846215227677012 3.6125928529072544 42.064965773693984 10.697312038973903 28.541018272051588 24.908280204981565 168.26469687675126
leaf_count=836838 5153 9877 1286 5043 19249 4212 4031 3212 5908 1341 710 1641 356 57994 2264 284 8327 251 66487 25030 666 625 6353 1173 241 1237 120 2951 40 1150
internal_value=0 -0.042442 0.0281607 0.0220507 -0.015507 0.0385061 0.0015051 0.0263468 -0.00405841 0.0188947 0.0403371 0.00448988 0.00758497 -0.0372266 -0.00118421 -0.0132127 -0.0118795 0.0340043 -0.0515844 -0.0392308 0.0352711 -0.0494174 -0.00968356 -0.0198187 0.0287164 0.014379 0.00274644 -0.0222067 0.0262878 0.0224829
internal_weight=0 2176.81 3280.75 2062.57 551.624 1218.18 356.701 1705.87 361.221 605.482 1150.08 337.329 68.1036 190.403 261.769 38.042 253.631 529.541 1625.19 181.712 516.02 119.175 169.436 62.5377 250.111 107.59 65.5249 138.357 203.056 178.148
internal_count=1074050 1035816 38234 29279 105663 8955 19442 9837 37792 6625 4103 14289 4852 67871 12648 4496 30527 2817 930153 93315 2107 67112 10384 26203 1582 7265 6028 22200 1441 1401
is_linear=0
shrinkage=0.05


Tree=27
num_leaves=31
num_cat=0
split_feature=0 0 0 40 82 0 66 82 151 82 93 98 40 98 76 40 2 90 101 129 76 0 110 48 76 36 99 76 96 0
split_gain=2462.82 160.766 86.1653 68.9184 42.5035 39.4569 31.9819 31.1236 28.0747 17.7682 17.4129 14.552 11.6402 17.9739 11.0805 10.9319 10.222 10.0074 11.2713 9.92667 9.91718 9.39636 9.30288 8.57594 8.3367 8.17974 8.15302 8.05555 12.8579 8.00037
threshold=0.15548050853772452 0.60678019017954943 0.030380062479932603 6.5000000000000009 0.54296050000000007 0.94875966535953815 0.047535500000000001 0.55406350000000015 0.049373500000000008 0.57480350000000013 1.2008335000000001 4.2916666666650007 402.50000000000006 7.083333333335001 635.50000000000011 17.500000000000004 1567682.0000000002 97.500000000000014 0.056311000000000007 8.5000000000000018 544.50000000000011 0.0032200281855830795 2.5000000000000004 24.500000000000004 577.50000000000011 1914.5000000000002 0.20759250000000004 576.50000000000011 0.037673500000000006 0.86620967868038068
decision_type=2 2 2 2 2 2 2 2 2 2 2 2 2 2 2 2 2 2 2 2 2 2 2 2 2 2 2 2 2 2
left_child=2 4 14 5 -2 8 10 -4 9 16 15 25 13 29 -1 27 20 18 -10 -11 -3 -16 -12 -22 -13 -9 -7 28 -6 -5
right_child=1 3 7 12 6 26 -8 11 17 19 22 24 -14 -15 21 -17 -18 -19 -20 -21 23 -23 -24 -25 -26 -27 -28 -29 -30 -31
leaf_value=-0.052324265929829909 -0.049441709435381509 0.039005214347175583 -0.052199723710825291 0.028866309100347737 -0.0033588629812853149 0.030701235071207447 0.0453265522506998 -0.0071136267134617312 0.017942640263366602 0.020010346258261001 0.0040326199709222422 -0.047210048848537536 0.04887722908904605 0.01344775338417506 -0.051871824035568032 0.013328939830910574 -0.05368301821448751 0.040202421750103301 0.04420929180250225 0.00041736401124317456 -0.0031785335265479935 -0.0025580181815253924 0.029471226892228204 -0.041901209390697892 -0.01786336229139459 0.028551454111332111 0.0029211929880741381 -0.0064498745138423467 -0.0454864495453998 0.043029451211087623
leaf_weight=1497.3721583537117 41.529889907309553 11.405536650563588 68.374956023457344 129.61165147460997 32.87173047172837 1142.0851580214221 41.336848907638341 94.781874103937298 356.95179458451457 182.97740819025785 112.11581360609853 33.376819864206482 285.49217499396764 73.369882833037991 17.917977194476407 48.089572650555056 12.025038082851095 81.0546272424981 46.118654337711632 99.96327959082555 77.284583883301821 20.958536412043031 52.895263109763619 17.544424174993765 88.017697727365885 19.360411168658175 27.036736581474543 155.1605046436307 40.339795376523398 432.16833005752414
leaf_count=906765 16865 205 34993 581 3469 3321 177 11529 3744 2105 5119 15505 619 1485 11340 2658 1050 358 183 2247 2399 3380 1079 2328 17573 980 92 11992 9154 755
internal_value=0 0.0246242 -0.0468278 0.0291233 -0.000903521 0.024029 0.00327159 -0.0225021 0.0160662 0.00628542 -0.000666179 -0.013881 0.0404914 0.0367221 -0.05164 -0.0083379 -0.0099903 0.0241717 0.020948 0.0130881 -0.00504458 -0.0252865 0.0121871 -0.0103427 -0.0259321 -0.00106424 0.0300588 -0.0129004 -0.0265713 0.0397618
internal_weight=0 3499.43 1840.16 2975.09 524.339 2054.45 482.81 303.912 885.325 401.2 441.473 235.537 920.642 635.15 1536.25 276.462 118.26 484.125 403.07 282.941 106.235 38.8765 165.011 94.829 121.395 114.142 1169.12 228.372 73.2115 561.78
internal_count=1074050 71985 1002065 21472 50513 18032 33648 80580 14619 10334 33471 45587 3440 2821 921485 27273 5982 4285 3927 4352 4932 14720 6198 4727 33078 12509 3413 24615 12623 1336
is_linear=0
shrinkage=0.05


Tree=28
num_leaves=31
num_cat=0
split_feature=0 0 0 55 40 82 82 111 93 82 98 112 127 82 95 79 2 76 36 95 76 85 89 0 68 68 98 2 151 90
split_gain=2317.13 156.014 85.2206 76.072 56.5709 44.3904 40.1811 21.4995 21.0179 20.2857 19.8167 18.5545 17.2256 15.4076 16.8652 13.5594 12.9152 12.3575 11.9109 11.579 13.0366 11.2384 10.3493 9.86872 9.65844 10.7543 9.37273 9.35363 9.16341 9.09929
threshold=0.15548050853772452 0.7740980979447657 0.012339227772512141 1.0000000180025095e-35 1.0000000180025095e-35 0.57261050000000002 0.55406350000000015 1.5000000000000002 1.4421790000000001 0.58200600000000013 4.2916666666650007 0.041374500000000008 9.5000000000000018 0.54061850000000011 0.0077455000000000006 204.50000000000003 2826.5000000000005 652.50000000000011 1888.5000000000002 0.026810000000000004 599.50000000000011 0.059568000000000003 2.5000000000000004 0.94875966535953815 100.50000000000001 99.500000000000014 5.3666666666650009 114529.50000000001 0.074436000000000016 17.500000000000004
decision_type=2 2 2 2 2 2 2 2 2 2 2 2 2 2 2 2 2 2 2 2 2 2 2 2 2 2 2 2 2 2
left_child=2 3 -1 5 11 13 -4 9 19 27 18 -3 15 -2 -15 23 -13 22 -8 -7 -21 29 -12 26 25 -10 -6 -5 -14 -18
right_child=1 4 6 7 12 8 10 -9 24 -11 17 16 28 14 -16 -17 21 -19 -20 20 -22 -23 -24 -25 -26 -27 -28 -29 -30 -31
leaf_value=-0.052347455060308468 -0.050838436026688173 0.0071311581424987518 -0.05254792638685607 0.012820360739638612 0.038501222902809745 0.0070988277513027668 -0.0092240212841793647 0.042863987663297229 0.011195574169227311 0.029951512679480798 -0.037352827026407485 0.033173885772339408 -0.0060045535307648914 0.00798731383911154 -0.03039590738183949 -0.010598657291249723 0.012151170400293234 0.025549186249667524 0.030086740524608864 -0.030519049875842613 -0.0012549538631048329 0.060059884730041348 -0.001504901987044229 0.044385222803766146 0.028959776266794687 -0.052361762348751707 0.02196864745979794 -0.042116402874658218 0.032185146185711576 0.024124563061042395
leaf_weight=1373.0069816402247 43.605401515800622 158.79336777882418 106.05375080647354 12.876646157441426 398.70748149137944 133.86700588988606 108.07195604269509 138.90723069419619 86.837265711277723 53.374616005341522 129.75520023463469 365.06520344084129 32.23565948009491 45.328659153659828 77.632962321426021 13.349747372325508 212.79658654751256 10.008677719393743 23.450190072020632 63.057126266532578 95.989503863384016 18.908433696255088 23.831475690065417 608.94091171165928 94.46114945714362 7.2081196050858116 109.21044853155036 19.453657617676072 30.634783312678337 623.90906885685399
leaf_count=862486 16266 2144 59549 962 1174 5645 19516 679 2147 846 52018 1380 459 3208 12721 609 1843 565 1729 6733 4761 41 6202 1070 1554 468 821 3389 140 2925
internal_value=0 0.0239074 -0.046424 0.00563805 0.0301043 -0.00305372 -0.0261512 0.0307131 0.00464403 0.0110194 -0.0166652 0.0232088 0.038077 -0.0253021 -0.0162463 0.039494 0.0253003 -0.0282824 -0.00221497 -0.00373696 -0.0128573 0.0219408 -0.0317904 0.0400927 0.017667 0.00632421 0.0349465 -0.020236 0.0126041 0.0210794
internal_weight=0 3445.15 1774.18 872.599 2572.55 647.987 401.171 224.612 481.42 85.7049 295.117 1379.47 1193.08 166.567 122.962 1130.21 1220.68 163.595 131.522 292.914 159.047 855.614 153.587 1116.86 188.507 94.0454 507.918 32.3303 62.8704 836.706
internal_count=1074050 71985 1002065 59379 12606 53503 139579 5876 21308 5197 80030 8333 4273 32195 15929 3674 6189 58785 21245 17139 11494 4809 58220 3065 4169 2615 1995 4351 599 4768
is_linear=0
shrinkage=0.05


Tree=29
num_leaves=31
num_cat=0
split_feature=0 0 40 0 82 58 82 101 40 0 82 82 0 82 93 93 135 60 92 151 143 93 82 110 90 0 107 66 76 101
split_gain=2185.86 197.166 77.7168 65.2516 45.704 26.0957 24.912 19.9016 17.4529 14.9886 16.6697 14.3515 21.1653 13.5679 13.4121 11.9013 11.703 11.6482 11.4237 12.8419 11.1856 14.0359 14.8061 17.3881 10.4888 10.4494 10.3945 9.72835 8.34221 8.28738
threshold=0.37969951586789719 0.035302874550316145 2.5000000000000004 0.86620967868038068 0.57261050000000002 2.5000000000000004 0.5414135000000001 0.032799500000000002 1.0000000180025095e-35 0.0088049481694041625 0.58688250000000008 0.58904350000000016 0.86620967868038068 0.54061850000000011 0.76547350000000003 1.8222090000000002 1.5000000000000002 37.500000000000007 3.5000000000000004 0.10806150000000002 1.0000000180025095e-35 0.92613850000000009 0.58068350000000002 1.5000000000000002 269.50000000000006 0.94875966535953815 5.5000000000000009 0.048749500000000008 658.50000000000011 0.080522000000000024
decision_type=2 2 2 2 2 2 2 2 2 2 2 2 2 2 2 2 2 2 2 2 2 2 2 2 2 2 2 2 2 2
left_child=1 9 3 6 13 20 -2 14 18 -1 26 12 -7 -3 -8 16 25 -12 19 28 -4 22 23 -22 -15 -5 -11 -25 -6 -10
right_child=2 4 5 15 8 11 7 -9 29 10 17 -13 -14 24 -16 -17 -18 -19 -20 -21 21 -23 -24 27 -26 -27 -28 -29 -30 -31
leaf_value=-0.05247601452373675 -0.050389696152618582 -0.054613510664082557 0.053683716341274501 0.011935711517365701 -0.025449599672790382 -0.011302138497953239 -0.0077795465605747212 0.029512644081420743 0.0060146072499633997 -0.049726480979452911 -0.021994406509094611 0.033610851252768546 0.029395606270197834 -0.029226804174595403 0.01010243325286648 0.031712551009915262 0.050279750347337886 0.049493459800221462 0.010574729202591384 0.01002838239225526 -0.054000701607570735 0.042941240013184764 0.036240206580423748 0.023722821562860499 0.037651677486693805 0.024333810906511027 0.038332822658150995 -0.064289421579325476 0.024346518221017917 0.043305431268868662
leaf_weight=1281.4690471999347 19.345660264662001 62.215510557070957 139.99315678700805 230.03495811182074 158.72771371170529 58.488244219217449 172.27191224938724 85.144173036678694 87.201761840464314 112.67739063917543 45.252806146090734 151.91655838815495 70.398851125966758 108.35901711972838 267.9649390365812 518.52004002314061 35.74531688913703 6.5189967003971097 46.134779226733372 36.199690660170745 9.6153846826637146 496.75529311248101 158.70224563824013 54.277228104765527 6.1979878714773795 650.65646496438421 3.4538558219792312 3.3325098995119324 8.8812601694371534 17.968969015113544
leaf_count=836838 5290 32533 158 2518 24730 5089 10140 1302 6953 71494 20179 772 448 34598 6081 1568 114 947 3186 2575 361 1258 517 337 401 2266 695 15 270 417
internal_value=0 -0.0410804 0.0260604 0.020066 -0.0150431 0.0364384 0.00533278 0.0073846 -0.00470216 -0.0506355 -0.0365885 0.0231992 0.0109272 -0.0358168 0.00310492 0.0256589 0.0222338 -0.0129928 -0.0118925 -0.0169782 0.0407478 0.038242 0.0279095 0.00824285 -0.0256084 0.0210955 -0.0471075 0.0186316 -0.022811 0.0123859
internal_weight=0 1981.26 3123.16 1979.68 531.887 1143.48 544.727 525.381 355.114 1449.37 167.903 280.804 128.887 176.773 440.237 1434.96 916.437 51.7718 249.943 203.809 862.676 722.683 225.927 67.2251 114.557 880.691 116.131 57.6097 167.609 105.171
internal_count=1074050 1035816 38234 29279 105663 8955 22813 17523 38131 930153 93315 6309 5537 67532 16221 6466 4898 21126 30761 27575 2646 2488 1230 713 34999 4784 72189 352 25000 7370
is_linear=0
shrinkage=0.05


Tree=30
num_leaves=31
num_cat=0
split_feature=0 0 0 40 0 82 98 66 154 98 82 82 76 96 40 93 98 68 68 99 36 40 93 127 148 46 99 102 68 93
split_gain=2065.73 143.46 89.3844 65.5241 40.3194 40.1186 37.3167 26.7308 26.5237 19.8232 19.7225 12.9448 11.4669 13.0677 11.1926 10.9924 10.8483 10.3323 20.3899 10.3065 10.1539 9.89186 9.15776 9.80387 8.93789 8.53562 8.15324 10.5081 10.8806 8.03132
threshold=0.15548050853772452 0.60678019017954943 0.012339227772512141 6.5000000000000009 0.94875966535953815 0.55406350000000015 69.125000000000014 0.030666000000000002 0.58571428571450013 4.2916666666650007 0.5677525000000001 0.54744950000000003 575.50000000000011 0.038825500000000006 172.50000000000003 1.0578100000000001 7.083333333335001 106.50000000000001 99.500000000000014 0.10867900000000001 1888.5000000000002 1.0000000180025095e-35 1.5939485000000002 11.500000000000002 2.5000000000000004 1.0000000180025095e-35 0.19278150000000002 18.500000000000004 58.500000000000007 1.6797010000000003
decision_type=2 2 2 2 2 2 2 2 2 2 2 2 2 2 2 2 2 2 2 2 2 2 2 2 2 2 2 2 2 2
left_child=2 6 -1 4 8 -4 7 12 10 20 19 -5 13 -2 16 -11 -13 18 -12 25 24 -14 23 -10 -7 -3 29 28 -28 -6
right_child=1 3 5 11 26 9 -8 -9 22 15 17 14 21 -15 -16 -17 -18 -19 -20 -21 -22 -23 -24 -25 -26 -27 27 -29 -30 -31
leaf_value=-0.05199956527713389 -2.8055134097326144e-05 0.00425195109962053 -0.052137521787598534 -0.005803016255877428 0.025779376612547686 -0.014176440846196708 -0.034384464705634575 0.039227589203355423 0.018587425626314307 -0.035686875226389768 0.0081441779014973983 0.037316876202946818 -0.0015065306935651626 -0.036917477555358555 0.04657236457530313 -0.0068308692950842659 0.013701157520096248 0.022135622023159704 -0.05284101670590563 -0.058143371708500979 0.028697101468206521 0.018727581184644921 0.031597003597368077 -0.034645356441134381 0.023145673230043406 -0.034481209755612162 0.042617063521133883 -0.039438299013745029 -0.0087511237435707601 0.034690277990810335
leaf_weight=1270.1195910708921 58.620823581353761 41.349241645773873 98.99060248900787 16.100671524822246 645.64493664726615 89.101104320812738 74.735972933151061 47.587322728708386 188.40261845127679 112.14963201491628 252.93782253959216 454.82711062766612 200.92464001447661 40.657050685520517 333.76965330471285 46.7655850375304 54.451162351993844 127.51888219208922 14.491067025111986 12.88808626035461 23.6463305921352 86.364562016911805 186.33305588830262 9.0654453617753443 19.563557643457898 21.68184576620115 22.893990060314536 9.2454856731928867 18.752608991693705 415.64724855311215
leaf_count=862486 6813 1448 59549 924 2238 17913 20539 317 2196 48727 4241 1098 11732 8378 715 10058 703 1387 590 2079 1729 2734 1038 245 1603 1395 59 54 78 984
internal_value=0 0.0226875 -0.0455692 0.0270882 0.0220563 -0.0246391 -0.00175071 0.00386691 0.0138898 -0.0152921 0.00593756 0.0386077 -0.000486074 -0.0151353 0.0394559 -0.0271951 0.0347919 0.0104241 0.0048396 -0.0174022 -0.000995712 0.00457623 0.0236461 0.0161436 -0.00745711 -0.00907173 0.0283318 0.00878215 0.019487 0.0292693
internal_weight=0 3334.89 1660.34 2826 1966.85 390.217 508.89 434.154 854.668 291.226 470.867 859.149 386.567 99.2779 843.048 158.915 509.278 394.948 267.429 75.9192 132.311 287.289 383.801 197.468 108.665 63.0311 1112.18 50.8921 41.6466 1061.29
internal_count=1074050 71985 1002065 21472 18032 139579 50513 29974 14619 80030 11140 3440 29657 15191 2516 58785 1801 6218 4831 4922 21245 14466 3479 2441 19516 2843 3413 191 137 3222
is_linear=0
shrinkage=0.05


Tree=31
num_leaves=31
num_cat=0
split_feature=0 0 40 0 82 58 153 73 0 76 110 82 82 0 82 93 98 40 40 2 142 140 90 107 60 151 40 76 93 89
split_gain=1944.45 187.496 78.1406 50.975 41.7531 40.1248 20.5167 19.2512 18.6503 17.2402 17.3333 16.5054 15.9546 14.9848 15.9674 14.6116 13.8528 12.2545 12.1345 12.1098 12.3283 12.4609 11.8598 8.94482 8.89132 8.7488 8.6537 7.87489 7.65433 7.42211
threshold=0.37969951586789719 0.035302874550316145 1.0000000180025095e-35 0.86620967868038068 0.54296050000000007 7.5000000000000009 3.5000000000000004 1.5000000000000002 0.94875966535953815 573.50000000000011 1.5000000000000002 0.5414135000000001 0.58904350000000016 0.0088049481694041625 0.58688250000000008 0.72513300000000014 87.166666666650016 55.500000000000007 798.50000000000011 21926.000000000004 0.18333333333350002 55.500000000000007 43.500000000000007 5.5000000000000009 37.500000000000007 0.03925950000000001 3.5000000000000004 617.50000000000011 0.71484950000000014 1.5000000000000002
decision_type=2 2 2 2 2 2 2 2 2 2 2 2 2 2 2 2 2 2 2 2 2 2 2 2 2 2 2 2 2 2
left_child=1 13 3 11 -3 7 26 8 9 10 25 -2 18 -1 23 -13 17 22 -7 28 21 -21 -8 -15 -16 -4 -6 -18 -5 -22
right_child=2 4 5 19 6 12 16 -9 -10 -11 -12 15 -14 14 24 -17 27 -19 -20 20 29 -23 -24 -25 -26 -27 -28 -29 -30 -31
leaf_value=-0.052106196159453125 -0.049675743810254781 -0.053175311987899834 -0.04184548771842414 0.016150578085014234 0.0040126808981547045 -0.028466390403234579 -0.019541755625169313 0.049221538300067619 0.039798584029434411 0.030897483975837071 0.021537040016945053 -0.0080483405935267548 0.02583439913526997 -0.049140127542429683 -0.020337896770537149 0.011279383184771825 -0.047005635957229508 0.021229531086616668 0.032259476397864605 0.014697028419185696 -0.00029051102415120249 -0.037359933956970917 0.0020456248572050884 0.032921840132504931 0.043696437045531313 0.012682351374537057 0.042638150504233904 -0.0018743319786055047 0.030038389864044779 0.03754778493422848
leaf_weight=1179.533878800532 14.50019835680723 62.235552057187306 20.292711988091472 123.11997136683203 48.502944623847725 42.507213219505502 211.9429533064249 213.53819900937378 515.97477651759982 486.28473818558268 80.092119518492837 149.90995276416652 37.856387783540413 105.0906594722619 44.17957549993298 281.23558240704006 43.58721071909531 28.506373130891006 10.200610902946208 408.87972137192264 15.081202982924877 11.828131340444086 90.915067251073197 3.4290356822020831 6.1792276977939755 11.539142300956881 20.685075055778725 12.419713991635943 511.00933329109102 92.141239437274635
leaf_count=836838 3973 34975 1208 872 4551 6399 37105 318 1108 2711 817 8977 578 71494 20179 6110 17099 1733 284 2267 99 228 8431 695 947 229 370 1399 1762 294
internal_value=0 -0.0402735 0.024718 0.0171713 -0.0147563 0.0332725 -0.00951926 0.0354689 0.0328332 0.0268253 0.00913238 0.00279444 0.00107147 -0.0501645 -0.0357493 0.0045591 -0.0139987 -0.0101115 -0.016714 0.0226848 0.0170908 0.0132335 -0.0130614 -0.0465471 -0.0124806 -0.022079 0.0155605 -0.0369976 0.027342 0.0322257
internal_weight=0 1857.21 3025.99 1607.71 518.795 1418.29 456.559 1327.72 1114.18 598.209 111.924 445.646 90.5642 1338.41 158.878 431.146 387.371 331.364 52.7078 1162.06 527.93 420.708 302.858 108.52 50.3588 31.8319 69.188 56.0069 634.129 107.222
internal_count=1074050 1035816 38234 24582 105663 13652 70688 6391 6073 4965 2254 19060 7261 930153 93315 15087 65767 47269 6683 5522 2888 2495 45536 72189 21126 1437 4921 18498 2634 393
is_linear=0
shrinkage=0.05


Tree=32
num_leaves=31
num_cat=0
split_feature=0 0 0 40 137 82 98 0 58 69 91 93 82 140 110 82 95 137 68 68 76 40 3 76 55 62 36 76 82 68
split_gain=1836.56 150.667 68.5011 57.8786 50.4538 37.478 33.4348 24.4608 19.1233 16.4801 15.2682 14.4159 13.5698 13.1087 11.9691 10.576 17.7472 10.4639 10.2452 15.6033 10.0551 10.486 9.43219 15.8666 9.11297 9.04423 8.91121 8.77902 8.71973 8.64711
threshold=0.11665055024126079 0.68981449621504665 0.012339227772512141 1.0000000180025095e-35 0.026069000000000005 0.56552350000000018 5.708333333335001 0.94875966535953815 2.5000000000000004 1.5000000000000002 0.58333333333350013 0.75316150000000015 0.58688250000000008 401.50000000000006 1.5000000000000002 0.60969050000000002 0.010933500000000001 0.061428500000000004 100.50000000000001 99.500000000000014 562.50000000000011 13.500000000000002 2646.5000000000005 574.50000000000011 1.0000000180025095e-35 93.500000000000014 1131.5000000000002 547.50000000000011 0.53855800000000009 117.50000000000001
decision_type=2 2 2 2 2 2 2 2 2 2 2 2 2 2 2 2 2 2 2 2 2 2 2 2 2 2 2 2 2 2
left_child=2 4 -1 7 5 28 20 11 17 15 14 -3 -8 22 -6 16 -7 27 19 25 -4 26 23 -10 29 -13 -22 -5 -2 -9
right_child=1 3 6 8 10 9 12 24 13 -11 -12 18 -14 -15 -16 -17 -18 -19 -20 -21 21 -23 -24 -25 -26 -27 -28 -29 -30 -31
leaf_value=-0.051588766625344035 -0.05012265268541552 -0.00076358163116024564 -0.046790252016686962 -0.026647469251198781 -0.0078631330030858888 0.010864521474122838 -0.049140643298072884 0.020268592372843175 -0.061020292401322722 0.018127995928469514 0.052991460860982213 0.013923740116574077 -0.020092535057719355 -0.042074958676437402 0.026684604097910587 0.0070723110536560219 -0.021748088728030666 0.0480051716502473 0.026499577608161018 -0.053730748629552433 -0.019552340304056365 0.037235672964740389 0.028417482459324458 0.019508070956485629 0.053496919074252997 -0.067002292470034863 0.0090174391956457968 0.035685573236150035 -0.021931200016436489 0.031219624877543539
leaf_weight=1168.204657148337 40.785807403619401 171.40847059618682 14.633664096239952 5.6947609917260698 35.72444069274934 58.903213252662681 124.69458075502189 543.45473435148597 8.0430121001554635 97.304788806242868 37.362141890916973 202.59776679996867 59.336655499078915 7.4448634569416745 84.065236766415183 109.40399161970709 142.96180686738808 205.49694997211918 156.47970750392415 9.2807022432098147 68.222193725159741 14.350045742146902 254.02974882547278 25.541324029909447 26.869130096398294 3.5123676182702175 45.494988683232805 698.55279084877111 83.75510523300909 269.7278527978342
leaf_count=862486 19442 4388 7055 91 2173 2796 80118 1875 401 3283 78 2131 16845 884 2164 4960 15352 343 1180 324 16435 552 1648 245 63 357 6334 2177 17068 802
internal_value=0 0.0209432 -0.0459284 0.0264787 0.000187699 -0.00715166 -0.0256903 0.0195007 0.0344907 0.00016763 0.0250854 0.0112331 -0.0397747 0.0234296 0.0163816 -0.0054469 -0.0122319 0.0380782 0.0167627 0.009689 -0.00752647 -0.00303998 0.0251252 0.000222574 0.0248476 0.0125447 -0.00812239 0.0351815 -0.0311636 0.023901
internal_weight=0 3278.4 1494.94 2588.13 690.267 533.115 326.732 1383.33 1204.8 408.574 157.152 543.279 184.031 295.059 119.79 311.269 201.865 909.745 371.871 215.391 142.701 128.067 287.614 33.5843 840.052 206.11 113.717 704.248 124.541 813.183
internal_count=1074050 84225 989825 16909 67316 62901 127339 11120 5789 26391 4415 8380 96963 3178 4337 23108 18148 2611 3992 2812 30376 23321 2294 646 2740 2488 22769 2268 36510 2677
is_linear=0
shrinkage=0.05


Tree=33
num_leaves=31
num_cat=0
split_feature=0 0 85 0 40 82 98 69 93 68 82 95 0 40 82 151 68 90 83 36 76 40 2 79 142 2 0 124 43 72
split_gain=1736.79 147 68.9247 67.6295 49.0592 45.4067 31.2052 23.6273 19.9052 15.5799 14.1837 15.1549 14.0779 13.2733 13.1648 11.5378 11.0119 9.62712 9.57961 9.36246 9.28328 9.75638 8.28967 10.3424 8.24013 8.17277 8.16778 8.11902 7.91512 7.87489
threshold=0.11665055024126079 0.7740980979447657 0.019188000000000004 0.012339227772512141 12.500000000000002 0.56869850000000011 5.708333333335001 1.0000000180025095e-35 1.3482345000000002 115.50000000000001 0.53855800000000009 0.0054360000000000007 0.94875966535953815 1.0000000180025095e-35 0.58688250000000008 0.027062500000000003 46.500000000000007 15.500000000000002 142.00000000000003 15506.500000000002 562.50000000000011 13.500000000000002 16153.500000000002 3.5000000000000004 0.18333333333350002 593143.50000000012 0.94875966535953815 0.089792000000000025 1.0000000180025095e-35 380.12500000000006
decision_type=2 2 2 2 2 2 2 2 2 2 2 2 2 2 2 2 2 2 2 2 2 2 2 2 2 2 2 2 2 2
left_child=3 2 5 -1 8 10 20 9 12 -7 -2 -12 15 18 -8 16 -3 -15 28 22 -5 -22 27 24 -24 -4 -6 -10 -9 -14
right_child=1 4 25 6 26 7 14 13 19 -11 11 -13 29 17 -16 -17 -18 -19 -20 -21 21 -23 23 -25 -26 -27 -28 -29 -30 -31
leaf_value=-0.051406298810993713 -0.049314941360053335 0.013127135501615412 0.048595044026019656 -0.046216724184802778 0.033623971375424472 -0.028745241986154375 -0.048721661294349711 -0.0050618195466172354 0.03439591786383666 0.020591285891473146 0.011563300642564056 -0.026966617491727376 0.023444073778672685 0.0019582008818354517 -0.01982029058159299 0.017665398085007843 -0.013744282964416814 0.024994675730791817 0.027590831876735295 -0.028709618990456588 -0.008457096361873466 0.035442734275604494 0.021706894317005638 0.0039794426967652572 0.040361946403227059 0.019443129479811437 0.045709637869179892 0.0011608803431526543 0.022812045949723622 -0.02788808415734173
leaf_weight=1121.668145668853 44.368351581681054 76.283948556985706 77.242272874631453 14.162948007491648 272.37409344222397 76.568271647847723 120.13091915400582 220.46245418780018 470.70523888594471 20.229376400413457 34.970514183398336 94.447198054636829 563.19108607806265 65.283236053888686 58.633011924437596 215.70540691586211 76.220213191176299 148.55565646509058 31.094757359882351 7.1158580375486045 113.10732498763537 14.250792515260398 213.34660417074338 59.167257385677658 81.925173755735159 34.907487200165633 287.21392778051086 19.122547635808587 28.7949717642623 7.571906392928212
leaf_count=862486 20407 1377 230 7055 1044 6968 80118 14023 1482 681 2490 18281 2077 3672 16845 2106 1948 2555 615 305 22769 552 927 432 227 403 515 86 1294 80
internal_value=0 0.0203857 0.002916 -0.04562 0.0269048 -0.00245196 -0.025356 0.00415469 0.0228659 -0.0184346 -0.024919 -0.0165553 0.0178457 0.00857927 -0.0392423 0.0102233 -0.000302959 0.0179618 0.00142272 0.0284026 -0.00781536 -0.00354491 0.0288839 0.0230595 0.0268829 0.0395213 0.0398271 0.0330984 -0.00184175 0.0227631
internal_weight=0 3226.87 876.925 1441.95 2349.94 764.775 320.285 590.989 1790.36 96.7976 173.786 129.418 938.973 494.191 178.764 368.21 152.504 213.839 280.352 851.383 141.521 127.358 844.267 354.439 295.272 112.15 559.588 489.828 249.257 570.763
internal_count=1074050 84225 71619 989825 12606 70986 127339 29808 11047 7649 41178 20771 7588 22159 96963 5431 3325 6227 15932 3459 30376 23321 3154 1586 1154 633 1559 1568 15317 2157
is_linear=0
shrinkage=0.05


Tree=34
num_leaves=31
num_cat=0
split_feature=0 0 0 40 112 0 98 151 40 82 100 82 82 44 93 69 151 93 154 151 101 137 86 96 74 99 96 76 36 95
split_gain=1636.52 140.029 67.8162 59.3592 37.1529 36.2278 29.8748 21.0797 20.4482 20.2393 16.1199 13.5668 12.4942 12.2377 13.5245 11.3806 12.0877 9.83968 9.80717 9.17099 10.8323 9.12409 9.11507 11.7818 8.81804 8.74051 8.59841 11.8968 8.44334 8.10698
threshold=0.11665055024126079 0.60678019017954943 0.012339227772512141 7.5000000000000009 0.058646500000000011 0.94875966535953815 5.708333333335001 0.027510500000000004 40.500000000000007 0.5425715000000001 1.0000000180025095e-35 0.57480350000000013 0.58688250000000008 1.0000000180025095e-35 1.7249155 1.5000000000000002 0.11497300000000001 1.4421790000000001 0.77500000000000013 0.10759950000000001 0.030463500000000001 0.078881000000000021 2.5000000000000004 0.082053000000000015 7.5000000000000009 0.10898100000000001 0.038825500000000006 577.50000000000011 104.50000000000001 0.038874500000000006
decision_type=2 2 2 2 2 2 2 2 2 2 2 2 2 2 2 2 2 2 2 2 2 2 2 2 2 2 2 2 2 2
left_child=2 4 -1 5 9 7 19 11 22 -2 13 25 -8 14 15 16 -5 28 -12 20 -4 26 23 -6 -9 -3 -11 -28 -13 -22
right_child=1 3 6 10 8 -7 12 24 -10 21 18 17 -14 -15 -16 -17 -18 -19 -20 -21 29 -23 -24 -25 -26 -27 27 -29 -30 -31
leaf_value=-0.051249405080390567 -0.05008153287504883 -0.0081299957980613402 -0.022902066617596615 -0.03362917369223805 -0.024279384406948545 0.025918474381301224 -0.048217610605236799 0.021719203272912331 0.040098330521615488 0.0034911357071863735 -0.02226836759237899 0.037961570044758933 -0.019792524643666824 0.052963962107526977 0.044326086022378947 0.031092800744621885 0.059329728463293555 0.022401085433883975 0.031842748799119878 0.023534219470843883 0.023992182810044345 0.042179798165316112 0.013058140852198911 0.0091397474471652165 0.0062575224219813654 -0.050841084243019453 -0.039936667576229962 -0.010174693799003707 -0.0034072738563256343 -0.028543088306796555
leaf_weight=1074.5980924835894 38.550806196260964 70.803276414284483 83.497655463128467 13.46067257889081 51.601031580707058 1055.6455418132246 115.60699092985305 396.61989784031175 45.934150800458156 59.424104587640613 18.238961991388351 13.595750427572055 58.08005629433319 114.16198927618098 241.05323739757296 349.11472341755871 4.7244615359231821 78.153385226149112 15.480910712853072 20.127266421506647 26.833375931571936 7.8075891636835868 117.19428991089808 53.943683763151057 120.14908196346369 14.417414689785799 47.065915748549742 117.16204671910964 132.91442704980727 10.11023104340711
leaf_count=862486 20697 3162 23509 349 6016 3454 80118 3649 327 5526 463 157 16845 209 549 1587 13 701 51 1658 2739 229 5271 2128 1762 2252 12009 10550 3114 2470
internal_value=0 0.0197908 -0.0452746 0.0245337 -0.0034403 0.0197802 -0.0248435 0.0119414 0.00972339 -0.0165388 0.0363654 0.00163072 -0.0387124 0.0379425 0.0351236 0.0290841 -0.00947864 0.00807412 0.00257423 -0.0077071 -0.0129279 -0.0109521 0.00345934 -0.00719894 0.0181244 -0.0153557 -0.0128069 -0.0187041 0.000431644 0.00961503
internal_weight=0 3177.22 1388.85 2638.53 538.684 1882.3 314.256 826.653 268.673 270.01 756.235 309.884 173.687 722.515 608.353 367.3 18.1851 224.664 33.7199 140.569 120.441 231.46 222.739 105.545 516.769 85.2207 223.652 164.228 146.51 36.9436
internal_count=1074050 84225 989825 21472 62753 18251 127339 14797 13742 49011 3221 9386 96963 2707 2498 1949 362 3972 514 30376 28718 28314 13415 8144 5411 5414 28085 22559 3271 5209
is_linear=0
shrinkage=0.05


Tree=35
num_leaves=31
num_cat=0
split_feature=0 0 0 85 40 82 140 40 98 40 110 93 90 82 95 76 2 147 40 90 114 82 132 72 129 36 118 85 112 74
split_gain=1539.6 132.021 69.0059 64.1605 50.1769 40.1825 28.9738 21.6967 15.6214 15.8002 14.783 17.2791 13.2729 12.9225 12.989 11.6479 11.3316 11.5297 10.4451 10.1133 9.8764 9.75407 9.66719 9.21957 9.17568 8.95738 8.83845 8.79563 8.54538 8.3354
threshold=0.11665055024126079 0.7740980979447657 0.012339227772512141 0.019188000000000004 1.0000000180025095e-35 0.56869850000000011 24.500000000000004 1.0000000180025095e-35 7.083333333335001 412.50000000000006 3.5000000000000004 0.72513300000000014 35.500000000000007 0.53855800000000009 0.0054360000000000007 562.50000000000011 2826.5000000000005 17.500000000000004 6.5000000000000009 15.500000000000002 0.041655500000000005 0.58688250000000008 0.9166666666665001 12.100000000000001 17.500000000000004 1033.5000000000002 9.5000000000000018 0.088624000000000008 0.048829500000000005 6.5000000000000009
decision_type=2 2 2 2 2 2 2 2 2 2 2 2 2 2 2 2 2 2 2 2 2 2 2 2 2 2 2 2 2 2
left_child=2 3 -1 5 10 13 15 12 29 24 11 20 23 -2 -15 -4 -13 -18 -17 -9 -3 -8 28 -7 25 -10 -5 -28 -22 -6
right_child=1 4 6 26 8 7 21 19 9 -11 -12 16 -14 14 -16 18 17 -19 -20 -21 22 -23 -24 -25 -26 -27 27 -29 -30 -31
leaf_value=-0.051109603879208335 -0.048600305106239715 -0.0064893415314528071 -0.046703371438179667 0.051288415040743975 0.038659450406148405 -0.0033887999925717965 -0.049244869318480572 -0.00036452441163715559 -0.062718948036127584 0.046598936452166562 0.028847379965304166 0.029361063264351756 0.0091437921017078847 0.0097425719244237218 -0.026213638724512562 -0.010099807668225422 0.016308160715881714 -0.075403234195879881 0.029284515579581588 0.023506146409846978 -0.044001987601497948 -0.021579397142783716 -0.0090567079908568035 -0.023774009085565592 0.017133568589333428 0.0038752065391601804 0.0089245266726097391 0.054997779066304986 0.022738007977877745 0.025844799726952472
leaf_weight=1029.6183542648068 41.343680276229861 109.90143537917174 18.703169452885049 59.400133479037322 708.22988049290143 152.23101022146875 98.663200576760573 63.663335810444551 7.5071035674773183 40.523279505083337 281.03179432079196 219.65498266555369 127.7003449142212 34.539811842201743 92.066537330683786 123.98046539412462 476.06027693301439 3.4518293384462586 19.479787676798878 146.42606723456993 5.0045782234519711 47.055424627324101 37.710550784133375 87.257230803719722 100.24986182368593 15.42446129536256 34.704810254916083 14.766282444819806 115.20191294769756 154.59756359597668
leaf_count=862486 20407 1801 10971 132 1782 9877 72569 3775 109 132 1055 874 4221 2490 18281 28264 3075 11 1340 2637 93 14195 453 9298 1382 184 469 32 971 684
internal_value=0 0.0191945 -0.0448992 0.00243321 0.0254883 -0.00280474 -0.0241304 0.00345767 0.0336767 0.0195163 0.0187531 0.0158195 -0.00387449 -0.0243299 -0.0164043 -0.00959047 0.0199562 0.015648 -0.004752 0.0162726 0.0050203 -0.0403111 0.0130304 -0.0108161 0.0106069 -0.0179257 0.0382872 0.0226766 0.0199594 0.0363634
internal_weight=0 3128.65 1337.5 854.099 2274.55 745.228 307.882 577.278 1026.53 163.705 1248.02 966.986 367.189 167.95 126.606 162.163 699.167 479.512 143.46 210.089 267.818 145.719 157.917 239.488 123.181 22.9316 108.871 49.4711 120.206 862.827
internal_count=1074050 84225 989825 71619 12606 70986 127339 29808 4273 1807 8333 7278 23396 41178 20771 40575 3960 3086 29604 6412 3318 86764 1517 19175 1675 293 633 501 1064 2466
is_linear=0
shrinkage=0.05


Tree=36
num_leaves=31
num_cat=0
split_feature=0 0 40 0 82 40 140 112 137 140 148 127 106 137 2 76 115 74 135 40 90 82 82 137 96 76 129 140 104 150
split_gain=1459.79 131.962 74.1377 67.7631 49.3006 43.4168 27.5105 20.118 19.3128 12.8819 11.8852 11.8235 11.5523 10.9946 11.675 10.7869 10.6184 10.0478 9.97236 9.71861 9.66227 9.54093 9.14396 9.03379 8.5433 12.9521 9.13302 7.94503 7.88072 7.87383
threshold=0.11665055024126079 0.86620967868038068 44.500000000000007 0.012339227772512141 0.56680450000000004 1.0000000180025095e-35 24.500000000000004 0.077270500000000006 0.029091500000000003 76.500000000000014 1.5000000000000002 9.5000000000000018 0.15037750000000003 0.049833000000000009 23453.500000000004 562.50000000000011 0.13195750000000003 7.5000000000000009 1.5000000000000002 6.5000000000000009 42.500000000000007 0.58688250000000008 0.54061850000000011 0.059564000000000006 0.038825500000000006 616.50000000000011 12.500000000000002 59.500000000000007 1.5000000000000002 0.065654000000000004
decision_type=2 2 2 2 2 2 2 2 2 2 2 2 2 2 2 2 2 2 2 2 2 2 2 2 2 2 2 2 2 2
left_child=3 2 4 -1 9 13 15 18 10 17 24 20 -12 14 -3 -5 -14 22 -4 -17 23 -8 -2 -7 -6 26 -26 -16 -10 -13
right_child=1 5 7 6 8 11 21 -9 28 -11 12 29 16 -15 27 19 -18 -19 -20 -21 -22 -23 -24 -25 25 -27 -28 -29 -30 -31
leaf_value=-0.050933572267597864 -0.049238987899719436 0.023447565896056267 0.0054701510663867532 -0.046156714714392921 0.017457375916829668 0.028200732912903412 -0.049046086397751404 0.043543454654597857 0.029355373696688614 -0.046519584866065264 0.017923102482633766 -0.0020050718307512492 -0.015840755046847826 0.038854920688000179 0.013687415003206988 -0.010343982096338765 0.017316812751370605 -0.048563540835430276 0.050302277228758296 0.027629960301831232 0.042931442740855807 -0.021424068855547471 -0.0030606377782354658 0.045421509031871463 -0.0067752390440790657 0.0073381777991056787 -0.027504334015679362 -0.028217235128698344 0.0065916526478157116 0.041567445476601628
leaf_weight=989.63938645840244 12.396753534994785 564.51705220737495 74.743009057710879 18.074703608552227 36.707958111015614 359.87264473037794 95.134943440949428 133.35229825938586 93.047897174721584 51.519530579302227 145.08836648304714 33.973950488492846 66.884829968563281 72.476831533946097 427.91083534597419 123.45400468376465 37.786328568938188 19.824843073292868 14.871996080386451 19.511937543808017 345.12446041544899 46.563408991481992 79.259928691128152 96.598063817247748 142.23160656049731 96.614082369080279 84.827469847412431 11.618384594796224 64.290749711566605 14.922031307592986
leaf_count=862486 4347 2551 5308 10971 1227 1413 72569 435 1526 21388 3793 359 2801 267 2485 28264 672 4209 29 1340 771 14195 7217 174 7986 3287 9452 219 2247 62
internal_value=0 0.018712 0.00533589 -0.0446012 -0.000869333 0.0267185 -0.0239009 0.0312314 0.00443468 -0.0258429 0.000406932 0.0351622 0.00878952 0.0200477 0.0186901 -0.00976251 -0.00387086 -0.0162875 0.0129102 -0.00516131 0.0366182 -0.0399692 -0.00930635 0.031845 -0.00540256 -0.00799512 -0.0145195 0.0125797 0.0200538 0.0112923
internal_weight=0 3080.46 1153.45 1292.38 930.48 1927.01 302.739 222.967 767.479 163.001 610.141 850.491 249.76 1076.52 1004.05 161.041 104.671 111.482 89.615 142.966 801.595 141.698 91.6567 456.471 360.381 323.673 227.059 439.529 157.339 48.896
internal_count=1074050 84225 75924 989825 70152 8301 127339 5772 32991 37161 29218 2779 7266 5522 5255 40575 3473 15773 5337 29604 2358 86764 11564 1587 21952 20725 17438 2704 3773 421
is_linear=0
shrinkage=0.05


Tree=37
num_leaves=31
num_cat=0
split_feature=0 0 40 0 82 115 137 1 65 148 93 54 82 68 40 129 44 76 0 93 36 68 2 58 96 76 76 95 104 95
split_gain=1377.3 162.6 71.1638 53.5836 41.6872 22.03 19.5001 17.8748 18.7615 15.6108 14.0987 13.9885 12.7026 12.3515 11.2423 10.4364 10.4118 9.91525 9.72353 9.4171 9.26346 8.69892 8.61853 8.56493 8.35771 7.7406 7.68927 12.8957 7.53974 11.2738
threshold=0.37969951586789719 0.012339227772512141 5.5000000000000009 0.86620967868038068 0.56900050000000013 0.044931500000000006 0.029091500000000003 1.0000000180025095e-35 50.000000000000007 1.5000000000000002 1.6360310000000002 0.026069000000000005 0.55108450000000009 122.50000000000001 706.50000000000011 4.5000000000000009 1.0000000180025095e-35 651.50000000000011 0.94875966535953815 0.75316150000000015 968.50000000000011 75.500000000000014 567261.00000000012 3.5000000000000004 0.04683650000000001 577.50000000000011 605.50000000000011 0.063681500000000016 6.5000000000000009 0.076850500000000016
decision_type=2 2 2 2 2 2 2 2 2 2 2 2 2 2 2 2 2 2 2 2 2 2 2 2 2 2 2 2 2 2
left_child=1 -1 3 6 11 7 12 8 25 14 18 -3 20 21 17 -11 22 24 -5 -14 -2 -10 23 -7 -6 -4 -26 -28 29 -20
right_child=2 4 5 10 9 16 -8 -9 13 15 -12 -13 19 -15 -16 -17 -18 -19 28 -21 -22 -23 -24 -25 26 -27 27 -29 -30 -31
leaf_value=-0.050769801173174228 0.021360395319774302 -0.040979160342715135 -0.072052710336001233 0.0080649750350798161 -0.0011872066619132947 0.039489176131266547 0.023991691693746115 0.063079139939074616 0.015188924176287772 0.03353911049272508 0.027313137953343676 0.01192121965848084 -0.00845510248579316 0.035661269724568845 0.036865635905690801 -0.0012924624127731326 0.051517715378887774 0.019514333956003511 0.025914715392932153 0.0068117643472398225 -0.043571366566812514 -0.021685770001095797 0.022323881457771817 0.01308899970934126 -0.032101573186594831 0.024439335217517955 0.0029196038482125972 -0.040503900091319163 0.012138883301688445 -0.018878411613929374
leaf_weight=947.53569021526346 6.859642435098066 169.0809791494321 9.2653020078723767 221.74502089503221 49.240079137671273 427.83875287207775 90.286878356942907 17.543062530457973 45.566093693676521 27.224293644336285 558.77419223450124 13.493977985344825 164.1563635826169 45.626097659289371 10.045455777013556 102.37252576272294 106.95910584274679 17.338377809675876 382.52936993306503 262.57654837152222 27.567892423568992 24.643579721770948 115.58251997828484 33.098806393740233 120.22868088739051 2.6794801373034707 50.41521069247392 25.871671363798669 189.07180914841592 14.582568385172634
leaf_count=862486 318 101106 1242 2633 8306 1166 1468 20 1332 1155 1930 2374 9583 844 334 12888 172 827 1390 5924 7235 1222 487 270 34946 92 5478 5916 777 129
internal_value=0 -0.0379708 0.0211883 0.0158983 -0.017251 0.0334314 0.00274213 0.0157529 0.00925543 -0.00826659 0.0212067 -0.0370693 -0.00141815 0.0154078 -0.0150473 0.00602458 0.0371903 -0.0170295 0.0169833 0.000938879 -0.0306338 0.00224591 0.0345322 0.0375934 -0.0196077 -0.0504074 -0.0242232 -0.0118069 0.020357 0.0242698
internal_weight=0 1532.85 2746.95 1918.15 585.311 828.803 551.447 145.324 127.781 402.736 1366.7 182.575 461.16 115.836 273.139 129.597 683.479 263.094 807.929 426.733 34.4275 70.2097 576.52 460.938 245.756 11.9448 196.516 76.2869 586.184 397.112
internal_count=1074050 1035816 38234 31387 173330 6847 24528 4752 4732 69850 6859 103480 23060 3398 55807 14043 2095 55473 4929 15507 7553 2554 1923 1436 54646 1334 46340 11394 2296 1519
is_linear=0
shrinkage=0.05


Tree=38
num_leaves=31
num_cat=0
split_feature=0 0 40 0 0 82 83 93 40 66 0 82 82 93 137 68 93 132 69 40 68 68 68 95 93 68 68 36 113 2
split_gain=1304.17 142.282 65.2598 42.1356 40.8985 26.802 22.913 21.523 16.2471 15.3086 17.3529 15.051 13.4112 13.3174 11.7676 10.9705 9.92756 9.78094 9.71969 9.62265 9.61785 9.60785 8.917 8.82196 8.77762 8.66711 18.4927 7.68134 9.86966 8.57819
threshold=0.072661120000328969 0.48090646582193369 7.5000000000000009 0.94875966535953815 0.0088049481694041625 0.57387650000000012 8.5000000000000018 0.85877850000000011 13.500000000000002 0.085786000000000015 0.86620967868038068 0.55671950000000014 0.5414135000000001 0.51253100000000018 0.033014000000000009 41.500000000000007 0.44643900000000009 0.69047619047650011 1.0000000180025095e-35 37.500000000000007 108.50000000000001 62.500000000000007 15.500000000000002 0.001433 1.6797010000000003 100.50000000000001 98.500000000000014 997.50000000000011 0.031078000000000005 152719.50000000003
decision_type=2 2 2 2 2 2 2 2 2 2 2 2 2 2 2 2 2 2 2 2 2 2 2 2 2 2 2 2 2 2
left_child=4 5 3 6 -1 22 12 -6 18 10 13 -9 -3 27 16 -13 21 -12 20 -15 -7 -8 -2 -18 -5 26 -25 28 29 -4
right_child=1 2 9 24 7 8 14 11 -10 -11 17 15 -14 19 -16 -17 23 -19 -20 -21 -22 -23 -24 25 -26 -27 -28 -29 -30 -31
leaf_value=-0.0510716797502902 -0.052675549936551172 -0.052389535975528513 0.040001467783836592 0.019729625994065365 -0.040534334061110192 -0.035038269527392162 0.0049424841734039566 -0.050884318009115914 0.024879676539778725 0.049615148776929401 0.032603444783286799 0.029842351546021356 -0.0011340141822629244 0.0062537804249911946 0.027056473948877269 -0.011919191719201586 -0.06816285727381384 0.051585621703243149 -0.001187572548874017 0.033797516255765915 0.017904698871844812 -0.037630855307023037 -0.021101010211637954 0.010332528927066032 0.029329352045943748 0.02129892379669527 -0.052907307045542432 -0.04492061966678982 -0.045335219492412156 -0.015292961560678664
leaf_weight=879.24606018172199 28.395511259674095 13.439694409695219 18.11295386985876 602.89609030820429 143.59286006855837 44.291041521442821 41.537309063889552 18.903726085700328 50.526923288096441 130.19812633050606 312.11747940955684 20.95064826575981 253.17131533526117 44.701691893831594 131.94346661941381 63.058014155838464 3.3287961566820732 86.716698300093412 212.33972385182278 109.10121755680302 10.63883592688944 19.461338828376029 105.21261862510437 217.98611758591142 393.56597746862099 195.3175701094442 12.207426444336305 9.4670626200968382 7.5883241232950231 11.446822727797551
leaf_count=836838 14002 4020 216 2373 96938 6354 1083 13755 1241 201 1011 2959 8496 713 1267 17700 50 160 18290 594 656 1105 35442 3038 1081 2189 580 1262 141 295
internal_value=0 0.0169009 0.0213768 0.0164624 -0.0460255 -0.00902143 0.008545 -0.0280267 -0.0011217 0.0340754 0.0306992 -0.0105749 -0.00371777 0.0186965 0.0138031 -0.00150442 0.0102331 0.0367307 -0.00603722 0.0257921 -0.0247843 -0.00864034 -0.0278115 0.0129177 0.0235212 0.013552 0.00697885 -0.00471511 0.00553112 0.0185891
internal_weight=0 3065.71 2614.31 1884.86 1125.75 451.405 888.393 246.505 317.797 729.45 599.252 102.912 266.611 200.418 621.782 84.0087 489.839 398.834 267.27 153.803 54.9299 60.9986 133.608 428.84 996.462 425.511 230.194 46.6152 37.1481 29.5598
internal_count=1074050 105860 29875 25282 968190 75985 21828 131352 26541 4593 4392 34414 12516 3221 9312 20659 8045 1171 25300 1307 7010 2188 49444 5857 3454 5807 3618 1914 652 511
is_linear=0
shrinkage=0.05


Tree=39
num_leaves=31
num_cat=0
split_feature=0 0 40 0 137 0 82 82 93 100 93 0 40 40 129 62 69 68 68 135 154 82 99 76 96 83 93 2 99 119
split_gain=1231.98 137.216 57.7286 40.7705 34.368 25.578 24.6648 21.3541 18.5124 17.1345 16.9294 14.8091 12.3116 11.9673 14.5155 11.2414 10.4889 10.4676 10.2356 9.00161 8.99841 8.88571 8.29989 8.24815 10.4997 8.18754 9.42286 7.99222 7.46702 7.27902
threshold=0.072661120000328969 0.60678019017954943 3.5000000000000004 0.0088049481694041625 0.029091500000000003 0.94875966535953815 0.55108450000000009 0.55406350000000015 1.5939485000000002 1.0000000180025095e-35 0.85877850000000011 0.94875966535953815 44.500000000000007 402.50000000000006 13.500000000000002 99.500000000000014 1.0000000180025095e-35 108.50000000000001 41.500000000000007 1.5000000000000002 0.73214285714300009 0.56680450000000004 0.065601000000000007 575.50000000000011 0.038825500000000006 21.000000000000004 2.8259265000000005 909872.50000000012 0.20759250000000004 0.26785714285700007
decision_type=2 2 2 2 2 2 2 2 2 2 2 2 2 2 2 2 2 2 2 2 2 2 2 2 2 2 2 2 2 2
left_child=3 4 5 -1 6 8 -2 -5 19 11 -9 13 -6 14 25 -10 17 -8 -12 21 -11 22 -3 24 -18 26 -4 -16 -7 -24
right_child=1 2 9 7 12 28 16 10 15 20 18 -13 -14 -15 27 -17 23 -19 -20 -21 -22 -23 29 -25 -26 -27 -28 -29 -30 -31
leaf_value=-0.050972864474748282 -0.040809908090863767 0.017374777498298199 -0.009555488490152135 -0.052628844721848027 0.0076825513821462384 0.022451054980090264 -0.033519932923773442 -0.033383344706041158 0.020733782374330649 -0.021294835773664839 0.02766082826451581 0.042280732984368928 0.042281505646803198 0.040301218928272139 0.0061739238727693563 -0.055294931561393972 0.0012544392079392613 0.013201893083442981 -0.012571759273750111 0.035216240812053975 0.025194496017179702 0.0042474968949983384 -0.0078687901259053387 0.001206624591041522 -0.035609105017639628 0.031879100790005645 0.039446319292857621 -0.050758633742467807 -0.0061021463523123921 -0.046859322543494689
leaf_weight=841.57845829539292 62.087034002259315 14.198299931245854 27.73839135793969 63.0122035327513 80.930803221912356 899.55743437958881 58.812252359100967 93.452033174027747 268.17032062221551 21.331510539632291 21.125461367118987 330.28573762206361 37.68334629596211 138.20945295348065 43.405746617005207 4.9516419044812201 38.060126294090878 15.057168811734298 62.815235513247899 20.41707534273155 20.327723850496113 358.73223650478758 25.551370123052038 253.26993972298806 39.222065243215184 196.73905955627561 15.179403495043514 7.1846771910204543 23.494979992508888 22.519853294128552
leaf_count=836838 34520 316 337 54889 4870 3181 9828 55293 2369 655 3061 704 320 437 1150 589 4016 1171 18109 152 93 6927 2203 18559 11104 692 54 229 92 1292
internal_value=0 0.0163867 0.0216053 -0.0457854 -0.0053572 0.0162263 -0.0114675 -0.0276257 0.00912401 0.0326105 -0.0187442 0.0343247 0.0186745 0.0281916 0.0224253 0.0193554 -0.00696282 -0.0239964 -0.00244637 0.00279348 0.00138975 0.00122109 -0.0162139 -0.00315629 -0.0174545 0.0275627 0.00777574 -0.00191144 0.0217243 -0.0261346
internal_weight=0 3023.12 2437.99 1081.98 585.123 1637.59 466.509 240.405 714.541 800.402 177.393 758.742 118.614 428.457 290.247 273.122 404.422 73.8694 83.9407 441.419 41.6592 421.002 62.2695 330.552 77.2822 239.657 42.9178 50.5904 923.052 48.0712
internal_count=1074050 105860 21472 968190 84388 17121 79198 131352 13848 4351 76463 3603 5190 2899 2462 2958 44678 10999 21170 10890 748 10738 3811 33679 15120 1083 391 1379 3273 3495
is_linear=0
shrinkage=0.05


Tree=40
num_leaves=31
num_cat=0
split_feature=0 0 40 0 112 0 82 40 82 82 54 112 0 104 97 2 85 40 98 76 98 82 93 100 57 58 54 151 76 99
split_gain=1160.68 131.124 57.8657 41.9962 31.2991 27.2663 21.5467 19.627 17.4252 16.5353 13.3758 13.0629 12.0042 11.8702 11.1921 12.3942 11.0666 10.3072 10.1594 9.99068 9.59104 9.69319 9.4292 11.8018 9.35701 8.7909 8.67882 8.66509 8.22511 7.71419
threshold=0.072661120000328969 0.60678019017954943 3.5000000000000004 0.0088049481694041625 0.045952000000000007 0.86620967868038068 0.58688250000000008 40.500000000000007 0.5425715000000001 0.55341550000000017 0.029691500000000003 0.09480050000000001 0.94875966535953815 4.5000000000000009 1.5000000000000002 21926.000000000004 0.063933000000000004 6.5000000000000009 10.100000000000001 575.50000000000011 13.083333333350001 0.5823505000000001 0.75316150000000015 4.5000000000000009 12.500000000000002 3.5000000000000004 0.035545500000000001 0.045941500000000003 562.50000000000011 0.078147500000000023
decision_type=2 2 2 2 2 2 2 2 2 2 2 2 2 2 2 2 2 2 2 2 2 2 2 2 2 2 2 2 2 2
left_child=3 4 5 -1 8 11 10 25 -2 13 -5 -3 16 -4 15 22 27 -10 -13 -19 29 -22 23 24 -7 -6 -12 28 -11 -17
right_child=1 2 9 6 7 14 -8 -9 17 12 26 18 -14 -15 -16 20 -18 19 -20 -21 21 -23 -24 -25 -26 -27 -28 -29 -30 -31
leaf_value=-0.050864280855598104 -0.049000428542583269 -0.0042253766254905312 0.029927426786350075 -0.044874037423618868 0.0037056174174834931 0.016515251751318388 -0.0089006835185852055 0.034113164780673381 -0.019554895139452119 -0.027599329675342961 0.042843400236292489 0.018498284285731532 0.040749079274658206 -0.034028288441077782 0.060948533545424982 -0.014488434754565616 0.043862043563305968 -0.020388071175455599 -0.048291824329054781 0.024126848414806244 -0.067408296382299046 0.0009936219983195996 0.025885536507838064 -0.075271536436418776 -0.051423545734955979 -0.019212787318006505 -0.035623999934132511 0.029781110048480622 0.017215483126744823 0.015668085313815302
leaf_weight=805.86593022837769 40.325148172545596 217.61870387443923 13.407605941698421 123.58466946460248 230.98762780110701 151.89051490765996 97.703464940852427 48.087611474562436 155.0116999297752 11.35056041786447 7.5909374536422529 129.35975704621524 332.64867725130171 15.810115327243693 15.759534675627945 22.187366488389671 87.30356721393764 21.173476404946996 5.955658692168071 31.144741827942198 6.8502711232285973 21.232732629403472 559.4392567249015 3.77004211815074 5.2429952491074792 51.097012979662395 6.577160428132629 215.47797695687041 104.50779747962952 479.67393521545455
leaf_count=836838 27644 8537 200 97790 15310 1129 29663 529 27438 242 907 1716 744 1250 36 272 167 5274 240 1474 190 214 2153 41 105 6719 2992 876 872 2488
internal_value=0 0.0158916 0.0210408 -0.0454367 -0.0054909 0.0156495 -0.0268604 0.00458747 -0.0189273 0.0322237 -0.0395987 0.00335984 0.0336588 -0.0046799 0.0190755 0.0185477 0.028025 -0.0130782 0.0155586 0.00611141 0.0127437 -0.0156916 0.0228176 0.0121509 0.0142484 -0.000445839 0.00641701 0.0238521 0.012825 0.0143349
internal_weight=0 2977.31 2399.49 1041.32 577.827 1618.98 235.456 330.172 247.655 780.506 137.753 352.934 751.289 29.2177 1266.05 1250.29 418.64 207.33 135.315 52.3182 529.944 28.083 720.343 160.904 157.134 282.085 14.1681 331.336 115.858 501.861
internal_count=1074050 105860 21472 968190 84388 17121 131352 22558 61830 4351 101689 10493 2901 1450 6628 6592 2157 34186 1956 6748 3164 404 3428 1275 1234 22029 3899 1990 1114 2760
is_linear=0
shrinkage=0.05


Tree=41
num_leaves=31
num_cat=0
split_feature=0 0 81 40 0 82 93 129 40 112 127 72 90 137 82 140 133 40 3 129 76 82 110 150 151 114 118 85 42 72
split_gain=1095.4 124.954 57.0426 45.0204 41.5812 34.5634 21.9979 20.6454 17.208 15.5972 14.5254 13.5731 13.2066 11.8374 11.1294 10.6541 10.5515 10.3524 9.74328 10.9808 12.4569 9.66219 8.99869 9.02855 8.9831 9.61841 8.48484 8.32585 8.28622 11.8353
threshold=0.072661120000328969 0.7740980979447657 0.018857000000000002 1.0000000180025095e-35 0.0088049481694041625 0.5425715000000001 0.65046950000000014 8.5000000000000018 2.5000000000000004 0.041374500000000008 9.5000000000000018 332.12500000000006 36.500000000000007 0.072794000000000011 0.58688250000000008 152.50000000000003 1.5000000000000002 28.500000000000004 6000.5000000000009 7.5000000000000009 589.50000000000011 0.56212650000000008 2.5000000000000004 0.090877000000000013 0.093043500000000015 0.023749500000000003 2.5000000000000004 0.088624000000000008 2.5000000000000004 741.33333333350004
decision_type=2 2 2 2 2 2 2 2 2 2 2 2 2 2 2 2 2 2 2 2 2 2 2 2 2 2 2 2 2 2
left_child=4 2 5 9 -1 -2 15 -6 22 -3 11 12 13 -5 -9 17 18 -7 19 -11 24 -20 23 -8 25 -21 -4 -28 -13 -30
right_child=1 3 26 10 7 6 8 14 -10 16 -12 28 -14 -15 -16 -17 -18 -19 21 20 -22 -23 -24 -25 -26 -27 27 -29 29 -31
leaf_value=-0.050721915318256761 -0.045686630497824364 -0.00046809001762465792 0.049102704987600915 0.023479053346164045 -0.0082371149159426241 -0.014348988515469794 -0.010089826054252984 -0.049096162017182511 0.020572299904687511 0.037554383355765719 0.0049771235332395272 0.019381072102201483 0.040277965798849319 0.044714384468198136 -0.019126481025799287 -0.040518781229676337 0.048617254913889518 0.015337374645738387 -0.016200874841872683 0.042667467696681789 0.025187272481069639 0.015375575470466616 0.011493889916572485 0.020836150956002462 0.048881322331756787 -0.048272267011924608 0.0057805884954598621 0.051320075198497232 -0.073894693990397622 0.019281010968587656
leaf_weight=771.45365659397794 49.069811382600165 134.19376927334815 52.109216219978407 348.08953638933599 92.52290113055642 200.09362909568881 212.46180034868303 90.114677716759616 120.42625627809321 107.52393643092364 52.785942251095548 31.953129617206287 380.57869793090504 80.87360405176878 47.204762404733629 32.548978483631799 26.806000825017691 34.419034865044523 25.006264141062275 3.5588877610862317 63.818080640397966 776.82319307350554 95.631532364554005 26.548978969920427 4.2155861239880315 15.888513461221008 32.564575975964544 14.508353333862031 6.7976197581738216 6.8349046446382999
leaf_count=836838 30079 2144 130 1712 29451 26456 16314 83449 3625 370 599 678 1035 161 18452 10288 82 1744 403 8 327 4809 3527 519 15 175 536 36 43 45
internal_value=0 0.0154008 -0.000489794 0.0220962 -0.0451603 -0.00508017 -0.0023209 -0.0264932 0.0043644 0.0155599 0.0304318 0.0320031 0.0334979 0.0274826 -0.0387938 -0.0137125 0.017661 -0.00999197 0.0168286 0.0268523 0.0136983 0.0143908 -0.00146827 -0.00665461 -0.017287 -0.0316302 0.0352031 0.0198163 0.00545702 -0.0271794
internal_weight=0 2936.13 870.382 2065.75 1001.3 771.2 722.13 229.842 455.069 1157.83 907.913 855.127 809.542 428.963 137.319 267.062 1023.64 234.513 996.834 195.005 87.4811 801.829 334.642 239.011 23.663 19.4474 99.1821 47.0729 45.5857 13.6325
internal_count=1074050 105860 93254 12606 968190 92552 62473 131352 23985 8333 4273 3674 2908 1873 101901 38488 6189 28200 6107 895 525 5212 20360 16833 198 183 702 572 766 88
is_linear=0
shrinkage=0.05


Tree=42
num_leaves=31
num_cat=0
split_feature=0 0 40 0 0 137 82 82 154 93 82 82 2 40 68 100 69 68 90 115 48 93 82 68 114 90 68 82 113 114
split_gain=1039.76 122.648 53.3597 40.6151 32.9392 28.301 20.7018 20.1965 19.4127 15.2166 14.6837 13.1974 11.5923 11.1279 10.1325 9.3145 9.00488 9.12007 9.00366 8.40541 8.28852 8.27921 8.03996 9.95576 7.91145 7.80898 8.35531 11.9103 7.34227 7.22833
threshold=0.072661120000328969 0.60678019017954943 6.5000000000000009 0.0088049481694041625 0.94875966535953815 0.029091500000000003 0.55108450000000009 0.55406350000000015 0.58571428571450013 0.85877850000000011 0.55341550000000017 0.57480350000000013 166361.50000000003 44.500000000000007 41.500000000000007 1.0000000180025095e-35 1.0000000180025095e-35 108.50000000000001 13.500000000000002 0.050202500000000004 2.5000000000000004 1.5939485000000002 0.5903695000000001 18.500000000000004 0.09122050000000001 75.500000000000014 46.500000000000007 0.60871550000000008 0.0090415000000000027 0.09122050000000001
decision_type=2 2 2 2 2 2 2 2 2 2 2 2 2 2 2 2 2 2 2 2 2 2 2 2 2 2 2 2 2 2
left_child=3 5 4 29 8 6 -2 -5 11 -9 19 -3 15 -7 -11 20 17 -8 -17 -4 -12 -10 23 -14 -18 -6 27 -27 -23 -1
right_child=1 2 10 7 25 13 16 9 21 14 12 -13 22 -15 -16 18 24 -19 -20 -21 -22 28 -24 -25 -26 26 -28 -29 -30 -31
leaf_value=-0.051098378266256676 -0.039590189999541614 -0.015516759155139909 -0.026995889436438148 -0.0521992102129894 0.019146877001472114 0.0058814835518059584 -0.032622340958734695 -0.03214443759609497 0.0088494940940257623 0.027760543836639354 0.043367566157484466 0.0052997764549008002 -0.067894527037345942 0.039637701834051131 -0.012528392682542099 -0.072840225921548818 -0.0062038407685642422 0.01171127364113889 0.019192697271303974 0.034866367978149418 0.026881678939393683 0.048302465768705651 0.030803132413057061 0.013976344488860912 0.022612646533065658 0.024951871301692866 0.035013628960258295 -0.040955651300488873 0.019810871846871442 -0.0026166718538569514
leaf_weight=732.43127243686467 57.410721007334359 100.99612279972644 16.132848286768425 56.464074566298223 721.32168161822483 79.0380942026095 56.595039306819672 87.18742857631878 169.86915840825532 21.085367524974572 329.17179419379681 309.36910130945034 3.9467047043144694 35.326697081211023 60.049514407837705 3.0498081416008089 295.46598248994997 14.591133087349588 20.659242562018335 8.324143735226242 99.223413605010137 27.374551486223936 119.4103562165983 62.778325539315119 25.906920993118547 27.845416268333793 166.4526346558705 9.0933208269998413 129.96760851657018 7.7697170253522918
leaf_count=831129 34520 5899 1078 54889 2860 4870 9828 55293 2441 3061 758 5241 64 320 18109 108 32989 1171 134 33 549 113 372 344 690 82 439 32 925 5709
internal_value=0 0.0150081 0.0200834 -0.0449367 0.0153008 -0.00590138 -0.0115463 -0.0263226 0.0074199 -0.0176422 0.0320801 0.000176561 0.0335371 0.0163086 -0.00205809 0.0378608 -0.00744495 -0.0235352 0.00735406 -0.00594055 0.0395492 0.016504 0.0230352 0.00913378 -0.00388085 0.0215867 0.0302396 0.00872722 0.0247679 -0.0505895
internal_weight=0 2889.32 2324.99 964.987 1662.29 564.335 449.97 224.786 737.577 168.322 662.697 410.365 638.24 114.365 81.1349 452.104 392.559 71.1862 23.7091 24.457 428.395 327.211 186.135 66.725 321.373 924.713 203.391 36.9387 157.342 740.201
internal_count=1074050 105860 21472 968190 18032 84388 79198 131352 14619 76463 3440 11140 2329 5190 21170 1549 44678 10999 242 1111 1307 3479 780 408 33679 3413 553 114 1038 836838
is_linear=0
shrinkage=0.05


Tree=43
num_leaves=31
num_cat=0
split_feature=0 0 55 0 40 82 82 112 93 0 58 40 83 137 93 68 90 2 82 90 40 95 2 76 95 127 72 98 68 93
split_gain=981.814 119.64 51.3739 42.9254 42.2582 28.1294 20.607 18.2424 15.7093 15.3124 14.7921 13.5498 11.893 11.1666 12.1902 10.9914 10.8406 10.2695 9.78324 11.7003 9.61674 9.30234 9.19616 8.92695 12.6061 8.26688 8.26166 7.97604 10.1957 7.93872
threshold=0.072661120000328969 0.7740980979447657 1.0000000180025095e-35 0.0088049481694041625 1.0000000180025095e-35 0.57387650000000012 0.55406350000000015 0.095544500000000018 0.85877850000000011 0.94875966535953815 7.5000000000000009 1.0000000180025095e-35 18.000000000000004 0.059564000000000006 1.7249155 41.500000000000007 35.500000000000007 613349.50000000012 0.53940450000000018 200.50000000000003 7753.0000000000009 0.0067470000000000004 491351.00000000006 616.50000000000011 0.040622500000000013 9.5000000000000018 13.083333333350001 4.2916666666650007 106.50000000000001 1.8222090000000002
decision_type=2 2 2 2 2 2 2 2 2 2 2 2 2 2 2 2 2 2 2 2 2 2 2 2 2 2 2 2 2 2
left_child=3 2 5 -1 9 18 -5 12 -8 27 13 16 -4 14 20 -10 26 -16 -2 21 25 -20 -14 24 -13 -6 -7 28 -3 -11
right_child=1 4 7 6 10 11 8 -9 15 29 -12 23 22 -15 17 -17 -18 -19 19 -21 -22 -23 -24 -25 -26 -27 -28 -29 -30 -31
leaf_value=-0.050638837549039521 -0.047174251909435257 0.0053554478535713683 -0.022160066326736484 -0.052198035416579538 0.022855266377584428 -0.0061234025879116812 -0.031760251047468678 0.03937010930123816 0.028800938773364523 0.015459416362327134 -8.377964298982844e-05 0.0141355911529094 0.032492020928262928 0.043392025147814872 0.038375354944965842 -0.01230579227215331 0.0056606555748741089 -0.0098680583061204613 -0.0014763205461948519 0.026931966731574514 0.054541496400186976 -0.031468385232741529 -0.0025609679598269388 0.031070360852969416 -0.02742784250391855 -0.0066014166904272576 -0.026101886969892331 -0.0010016602803815361 0.027317972028446241 0.02655617724135927
leaf_weight=707.88484138280182 37.793142390561115 148.49845030205324 24.894827127798635 54.163130000735691 360.26270467485301 150.81418720670626 85.015041592268972 83.932191189087462 22.373128605424426 474.96939592948183 40.275600363180274 70.838871505722636 44.101772761103348 148.06833110796288 264.54902085661888 59.532071342116978 118.15727925958345 11.510920255444942 35.879099517813302 12.862202291813444 22.492020059376955 92.523449584608898 32.499459524813574 42.109789903450292 24.570851839525858 25.504710679175332 78.775856170046609 174.35317101181136 82.036650664638728 243.96022322680801
leaf_count=836838 24713 1777 6563 54889 1580 11404 55293 398 3061 1998 1183 2078 738 321 731 18109 4584 72 4290 692 48 22547 1613 741 2564 338 10329 3231 585 742
internal_value=0 0.0145673 -0.00114571 -0.0446323 0.0212552 -0.00764091 -0.0254001 0.0221243 -0.0167045 0.014845 0.0295102 -0.0013911 0.00786291 0.0309421 0.0282483 -0.00107713 -0.00664519 0.0363637 -0.0245786 -0.0185335 0.0227607 -0.0230878 0.0176202 0.011895 0.00343177 0.0209078 -0.0129783 0.0070679 0.0131709 0.019225
internal_weight=0 2846.23 849.753 928.968 1996.48 664.325 221.083 185.428 166.92 1123.82 872.663 485.267 101.496 832.388 684.319 81.9052 347.747 276.06 179.058 141.265 408.259 128.403 76.6012 137.52 95.4097 385.767 229.59 404.888 230.535 718.93
internal_count=1074050 105860 93254 968190 12606 83942 131352 9312 76463 8333 4273 31700 8914 3090 2769 21170 26317 803 52242 27529 1966 26837 2351 5383 4642 1918 21733 5593 2362 2740
is_linear=0
shrinkage=0.05


Tree=44
num_leaves=31
num_cat=0
split_feature=0 0 40 0 0 112 114 93 40 82 76 137 82 87 74 82 99 93 129 133 40 76 2 66 124 2 95 86 82 40
split_gain=929.02 112.053 49.552 42.1092 27.6222 25.0363 19.9603 19.4002 16.9101 14.1745 13.5014 11.1012 11.0688 10.2371 10.4575 9.78464 9.10614 9.41755 8.54612 8.47329 8.44041 8.37664 8.20763 8.07744 7.88502 8.63688 7.75132 7.74062 11.6015 7.25239
threshold=0.072661120000328969 0.60678019017954943 6.5000000000000009 0.0088049481694041625 0.94875966535953815 0.045952000000000007 0.024628000000000001 0.75316150000000015 102.50000000000001 0.5425715000000001 562.50000000000011 0.048838000000000006 0.57048050000000006 2.5000000000000004 9.5000000000000018 0.58688250000000008 0.20759250000000004 1.6797010000000003 24.500000000000004 1.5000000000000002 6.5000000000000009 575.50000000000011 8.9884656743000007e+307 0.085786000000000015 0.029867500000000002 1567682.0000000002 0.017175500000000003 2.5000000000000004 0.61064700000000005 1.0000000180025095e-35
decision_type=2 2 2 2 2 2 2 2 2 2 2 2 2 2 2 2 2 2 2 2 2 2 2 2 2 2 2 2 2 2
left_child=3 5 4 -1 7 9 15 19 27 -2 11 26 18 22 23 -5 17 -6 -9 -3 -11 -22 -12 -15 25 -8 -4 28 -7 -29
right_child=1 2 10 6 16 8 24 12 -10 20 13 -13 -14 14 -16 -17 -18 -19 -20 -21 21 -23 -24 -25 -26 -27 -28 29 -30 -31
leaf_value=-0.050505147644251028 -0.047679682832780207 -0.0067132121350050701 0.0084931238522943913 -0.049598956726680209 0.017006061576621167 -0.026539843025626671 0.009764038906739686 -0.0007121487790122138 0.036115948041000635 -0.019318532532485902 0.042289680495941111 0.056537534666997596 0.015427456515935726 0.024903777964945296 -0.03699029841212495 -0.016157868572164658 -0.010591678180480551 0.027667912780988613 -0.058539665880550963 0.039391710903295997 -0.02043996170953254 0.021223217462646257 0.0089413901902998857 0.050520657947783015 -0.024653793558741283 -0.048805133592607304 -0.040821300349749498 -0.00030679944916034061 0.0038901751946261763 0.023574697069088574
leaf_weight=678.06520023728081 35.33930401357793 224.08484956485336 39.496666736144107 78.311519083908934 537.474681714084 58.290377630633884 51.168356275476981 42.914793511037715 34.503374031890417 147.69927887702943 265.94308805069886 9.9035428194329125 434.46598788036499 249.45758033893071 6.3146521146409205 30.351482705285889 23.247645352035761 336.96440138947219 7.5066923698759629 10.429274010239167 20.215164971938066 29.921506161394063 19.826103841885924 35.102553799748421 48.952483110821049 7.1773889432733986 9.9822281268425268 112.17131752351997 67.700596173468512 44.363672848296119
leaf_count=836838 27644 7871 573 78301 2295 8889 15010 1006 318 27438 622 21 4362 1353 123 11530 92 1026 1293 87 5274 1474 75 68 22236 4275 605 8331 3692 1328
internal_value=0 0.0141539 0.0190938 -0.0443811 0.0144435 -0.0060751 -0.0251533 0.00714372 0.00307201 -0.0185117 0.0309171 0.00821597 0.0128539 0.0332548 0.0266515 -0.0402583 0.0202935 0.0211146 -0.00932144 -0.00466284 -0.0133014 0.00442457 0.039976 0.0280638 -0.00985616 0.00255917 -0.00145592 -0.000963466 -0.0101884 0.00646147
internal_weight=0 2803.32 2253.11 894.026 1617.09 550.205 215.961 719.402 317.029 233.175 636.026 59.3824 484.887 576.644 290.875 108.663 897.687 874.439 50.4215 234.514 197.836 50.1367 285.769 284.56 107.298 58.3457 49.4789 282.526 125.991 156.535
internal_count=1074050 105860 21472 968190 18032 84388 131352 14619 22558 61830 3440 1199 6661 2241 1544 89831 3413 3321 2299 7958 34186 6748 697 1421 41521 19285 1178 22240 12581 9659
is_linear=0
shrinkage=0.05


Tree=45
num_leaves=31
num_cat=0
split_feature=0 0 112 0 40 40 82 74 82 66 95 93 82 93 2 93 68 66 93 140 40 150 76 40 140 123 60 104 123 60
split_gain=877.448 110.991 57.2647 40.8459 39.562 29.9919 26.1718 21.0199 19.0893 16.5844 14.0572 13.928 12.1979 11.5751 10.1869 10.0533 9.82292 9.80428 9.25565 9.07914 8.65804 8.45189 8.09537 10.0676 7.81741 7.48508 7.45412 7.31352 7.90197 12.2755
threshold=0.072661120000328969 0.86620967868038068 0.092032000000000017 0.0088049481694041625 1.0000000180025095e-35 37.500000000000007 0.54061850000000011 8.5000000000000018 0.55406350000000015 0.086694000000000007 0.028017500000000004 0.85877850000000011 0.59716050000000009 0.92613850000000009 21926.000000000004 2.8259265000000005 41.500000000000007 0.059568000000000003 1.3482345000000002 177.50000000000003 7753.0000000000009 0.046039500000000004 575.50000000000011 1422.0000000000002 59.500000000000007 0.074102000000000015 13.500000000000002 15.500000000000002 0.10953150000000002 19.500000000000004
decision_type=2 2 2 2 2 2 2 2 2 2 2 2 2 2 2 2 2 2 2 2 2 2 2 2 2 2 2 2 2 2
left_child=3 2 6 -1 14 15 -2 9 -5 10 19 -10 21 20 18 -4 -13 24 27 22 -6 -12 23 -8 26 -24 -16 -3 29 -29
right_child=1 4 5 8 13 -7 7 -9 11 -11 12 16 -14 -15 17 -17 -18 -19 -20 -21 -22 -23 25 -25 -26 -27 -28 28 -30 -31
leaf_value=-0.050353291353324704 -0.044099643148813067 0.018686349577126764 0.003396274946089772 -0.052070509399999215 0.019460666358975972 0.039271560096181893 -0.0076563941378238647 -0.03041006186002165 -0.031163182337609133 0.046018991091699442 -0.031803968812330406 0.026888092609048647 -0.00061443699005471269 0.035596710968255306 0.0068998698469906507 0.025404237628099631 -0.01253507124154859 0.05363167714800126 0.026217717846736432 -0.041415746359947617 0.053850767442835012 -0.0011221741327766932 0.01634056784113767 0.038958680653854327 -0.033391245803618359 -0.014332268865744333 0.026392422304798553 0.0027977401594464517 0.049065091605313138 -0.060057219215188785
leaf_weight=648.49553313093202 45.35029715453129 163.88851905870251 235.21511873781856 49.712907751956664 229.77745464467444 105.04304237826727 135.16077864010003 71.301802722795401 81.261491385514091 17.701096821168903 87.338873687011073 21.780671300701215 107.49969497305574 455.21618609805591 364.07676698034629 66.578674668446183 57.551169802201912 12.346780966967343 278.41028012149036 10.927499886980511 19.885652992874384 30.209274988548714 150.00662915816065 12.668415411026215 10.88521311059594 22.930072832969017 56.681088867597282 57.895884167402983 7.3255561143159857 8.9715192317962629
leaf_count=836838 29068 1039 9774 54889 1370 391 14296 9342 55293 63 15801 3061 6459 1367 2302 1083 18109 39 1034 3402 42 1858 4886 244 221 892 326 443 38 80
internal_value=0 0.0137194 0.00137787 -0.0441436 0.0218558 0.0162607 -0.0073834 -0.00480484 -0.0249955 -0.00162663 -0.00314148 -0.0166142 -0.0127869 0.0308516 0.0152539 0.00825145 -0.00171138 0.00970009 0.0200281 0.00340279 0.0221998 -0.0239189 0.00492962 -0.00366165 0.00844346 0.0122736 0.00952575 0.0127901 -0.000234494 -0.00563543
internal_weight=0 2763.29 1097.93 858.802 1665.36 406.837 691.094 645.744 210.306 574.442 556.741 160.593 225.048 704.879 960.482 301.794 79.3318 443.99 516.492 331.693 249.663 117.548 320.766 147.829 431.643 172.937 420.758 238.081 74.193 66.8674
internal_count=1074050 105860 97559 968190 8301 11248 86311 57243 131352 47901 47838 76463 24118 2779 5522 10857 21170 2888 2634 23720 1412 17659 20318 14540 2849 5778 2628 1600 561 523
is_linear=0
shrinkage=0.05


Tree=46
num_leaves=31
num_cat=0
split_feature=0 0 40 0 0 91 98 82 93 58 93 154 82 129 2 112 40 68 127 72 82 82 40 2 90 54 40 48 126 3
split_gain=827.9 105.026 46.9409 40.6079 26.1372 24.9467 19.2261 18.7634 18.6065 13.3333 12.4909 11.4278 10.9092 10.753 9.91032 10.0703 9.70039 8.51179 8.23046 8.12841 8.04887 7.88256 7.62375 9.4841 7.35325 8.10444 7.19969 6.99075 6.91538 6.78636
threshold=0.072661120000328969 0.60678019017954943 5.5000000000000009 0.0088049481694041625 0.94875966535953815 0.58333333333350013 8.7083333333350019 0.55406350000000015 1.5939485000000002 2.5000000000000004 0.85877850000000011 0.73214285714300009 0.55341550000000017 8.5000000000000018 166361.50000000003 0.072542000000000009 7753.0000000000009 41.500000000000007 7.5000000000000009 124.77500000000002 0.57701950000000013 0.5414135000000001 1.0000000180025095e-35 613349.50000000012 75.500000000000014 0.0017535000000000003 4462.5000000000009 3.5000000000000004 0.043861500000000005 647.50000000000011
decision_type=2 2 2 2 2 2 2 2 2 2 2 2 2 2 2 2 2 2 2 2 2 2 2 2 2 2 2 2 2 2
left_child=3 5 4 -1 8 6 22 -5 18 14 -9 20 -8 -11 19 -16 -15 -12 21 -4 28 -3 -2 29 25 -6 -14 -27 -10 -24
right_child=1 2 9 7 24 -7 12 10 11 13 17 -13 26 16 15 -17 -18 -19 -20 -21 -22 -23 23 -25 -26 27 -28 -29 -30 -31
leaf_value=-0.050209626099768603 -0.0068230337938485546 -0.051855198928483864 0.040416146124941085 -0.052039958595336749 0.014581934808566763 0.049775422452598084 -0.043391560107546433 -0.030231040776018365 -0.040617888979841532 0.030549988377348614 0.024687643859994404 0.028554494960235106 -0.016794722294887859 -0.0028340455801931803 -0.010685523624046199 0.02786639018233646 0.049420046613937424 -0.012236198433565279 -0.011854196661779129 0.012688934547797629 0.013034830935654591 0.0050549378738662049 -0.056538604781644741 -0.01917079863727714 0.028035779295863889 0.033959423641804154 0.049352053072876281 -0.015757378398203424 0.009726000909306122 0.019280597099551419
leaf_weight=620.80124322379561 222.0114426757209 6.2076408269786034 320.39763174182735 47.733414392947452 574.05101471114904 18.974890891870018 43.797179306071484 79.479706876831187 14.494645984610544 72.985576501814649 21.51384490269993 114.37856293842196 134.83078203243349 68.69539623282617 19.927281304262578 112.95893844030797 10.20033318386413 56.856783661736699 112.2536738969502 28.808863496175036 123.66829739278182 306.84248760592891 3.0569191798276725 23.335190216224873 188.27860047761351 90.983400145545602 4.2431991357298093 7.6664036018773905 12.884909597458316 85.446616732238908
leaf_count=836838 22021 1529 903 54889 2487 68 31844 55293 1084 318 3061 749 23890 1742 160 346 51 18109 3309 153 1130 6476 793 1414 546 299 129 46 144 4229
internal_value=0 0.01331 0.0181728 -0.0438314 0.0134892 -0.00653075 -0.00859841 -0.0245709 0.00624424 0.0296364 -0.0162644 0.0166321 -0.0216298 0.0167178 0.0337064 0.0220852 0.00392182 -0.00210008 -0.000238667 0.0381287 0.00760403 0.00392644 -0.00146029 0.00918531 0.0193016 0.016857 -0.0147766 0.0300958 -0.0169259 0.0166618
internal_weight=0 2721.38 2185.68 826.385 1551.71 535.696 516.721 205.584 690.73 633.974 157.85 265.426 182.871 151.881 482.093 132.886 78.8957 78.3706 425.304 349.206 151.048 313.05 333.85 111.839 860.979 672.701 139.074 98.6498 27.3796 88.5035
internal_count=1074050 105860 21472 968190 17799 84388 84320 131352 14421 3673 76463 3107 55863 2111 1562 506 1793 21170 11314 1056 2358 8005 28457 6436 3378 2832 24019 345 1228 5022
is_linear=0
shrinkage=0.05


Tree=47
num_leaves=31
num_cat=0
split_feature=0 0 0 112 40 40 82 82 74 66 127 93 2 95 137 76 93 142 93 68 68 2 68 151 112 40 130 69 127 123
split_gain=778.01 87.7651 60.0514 48.7964 33.5784 24.1871 23.5813 19.9119 16.0493 13.8067 13.8013 13.4752 11.5328 11.0286 10.767 10.0799 9.5212 8.91085 8.63572 8.41142 8.23124 7.89043 7.68292 7.64492 7.37849 7.03825 6.97559 6.66712 6.62774 6.27888
threshold=0.11665055024126079 0.86620967868038068 0.0088049481694041625 0.092032000000000017 1.0000000180025095e-35 100.50000000000001 0.55406350000000015 0.53855800000000009 8.5000000000000018 0.086694000000000007 9.5000000000000018 0.56465100000000013 21926.000000000004 0.028017500000000004 0.027653 641.50000000000011 0.92613850000000009 0.18333333333350002 0.71484950000000014 41.500000000000007 58.500000000000007 642.50000000000011 15.500000000000002 0.074436000000000016 0.045605000000000007 7753.0000000000009 17.500000000000004 1.0000000180025095e-35 7.5000000000000009 0.081664500000000015
decision_type=2 2 2 2 2 2 2 2 2 2 2 2 2 2 2 2 2 2 2 2 2 2 2 2 2 2 2 2 2 2
left_child=2 3 -1 7 12 14 -4 -2 9 13 16 26 18 24 -5 27 25 29 22 28 -18 -16 -3 -12 -9 -6 -8 -15 -13 -14
right_child=1 4 6 5 10 -7 11 8 -10 -11 23 19 17 15 21 -17 20 -19 -20 -21 -22 -23 -24 -25 -26 -27 -28 -29 -30 -31
leaf_value=-0.050101130182106796 -0.044305506181179413 0.036053761843522152 -0.050447967237123761 0.0031102251571405483 0.020130967526417541 0.040070901460289035 -0.010277432954853243 -0.0048513237745251517 -0.027899821559222188 0.042609881224252195 -0.018442419618723914 0.023827965575403301 -0.0018653925792241261 -0.037015129271570919 -0.065001223154780338 0.022461500601536205 0.020742906329630214 0.023515747817201196 0.023056702807362248 -0.011700269870094912 0.038945956758662172 0.026134205354735263 -7.1850178427125774e-05 0.02353944377317841 0.010701919659035197 0.051925882315763783 -0.042363791302446718 -0.011508642824637406 -0.054988228041867107 0.011496959747757586
leaf_weight=593.69887726760498 33.294492416498542 18.01030377834104 55.797501784378255 206.85001944059331 206.70188636553939 82.123701930511743 26.162445181391377 153.71575596940238 65.472642811510013 17.052227675681934 22.34748008614406 30.93296405854926 166.06221027835272 30.826944924163399 2.4400480902986592 18.987739838921698 76.177871019812301 81.895441523753107 400.68180772615597 102.91136928353808 336.13998768711463 89.109190481249243 80.50051651080139 21.066328985150903 151.32092604562058 19.006037324666977 48.045334788199398 151.67521945107001 2.9190217072973601 186.81251744739711
leaf_count=836838 21050 104 64370 7165 1134 245 10049 14031 7622 61 314 4716 1485 4315 384 576 284 393 1762 32389 898 1448 768 107 5076 42 40122 13951 1341 1010
internal_value=0 0.0135554 -0.0412469 0.0019371 0.0207682 0.0160419 -0.0215418 -0.00668705 -0.00456077 -0.00164226 0.0292076 -0.0138967 0.0146106 -0.00313201 0.00942878 -0.0122098 0.0310637 0.00865707 0.0197959 -0.00458846 0.0355828 0.0237052 0.00653284 0.00192907 0.00286424 0.0228083 -0.0310515 -0.015817 0.0170317 0.00520866
internal_weight=0 2618.27 860.468 1002.87 1615.4 380.523 266.769 622.346 589.051 523.579 681.44 210.971 933.963 506.527 298.399 201.49 638.026 434.77 499.193 136.763 412.318 91.5492 98.5108 43.4138 305.037 225.708 74.2078 182.502 33.852 352.875
internal_count=1074050 84225 989825 75924 8301 9242 152987 66682 45632 38010 2779 88617 5522 37949 8997 18842 2358 2888 2634 38446 1182 1832 872 421 19107 1176 50171 18266 6057 2495
is_linear=0
shrinkage=0.05


Tree=48
num_leaves=31
num_cat=0
split_feature=0 0 0 40 40 82 0 114 112 93 110 93 83 36 112 40 82 82 98 96 0 136 124 2 82 3 99 82 68 125
split_gain=734.723 100.218 41.3038 38.1899 32.9374 20.3867 20.1502 19.0358 14.2791 13.5082 12.2475 11.8201 11.0977 9.90043 11.0132 9.02146 8.76724 8.57218 7.99717 7.80858 7.80552 7.55322 7.43694 7.92605 7.37304 7.29094 10.0442 9.22521 9.12563 15.7387
threshold=0.072661120000328969 0.68981449621504665 0.0088049481694041625 2.5000000000000004 40.500000000000007 0.56680450000000004 0.94875966535953815 0.024628000000000001 0.092032000000000017 0.79865500000000011 1.5000000000000002 0.74519500000000016 21.000000000000004 571.50000000000011 0.062456500000000005 1758.5000000000002 0.58688250000000008 0.61064700000000005 6.2916666666650007 0.04683650000000001 0.86620967868038068 0.10617350000000002 0.029867500000000002 1567682.0000000002 0.54931550000000018 221919.50000000003 0.20759250000000004 0.55278050000000012 42.500000000000007 0.05023600000000001
decision_type=2 2 2 2 2 2 2 2 2 2 2 2 2 2 2 2 2 2 2 2 2 2 2 2 2 2 2 2 2 2
left_child=2 4 -1 6 5 -2 11 16 -6 10 13 -3 17 14 -5 18 -4 19 -11 -7 -15 -14 23 -9 -13 26 27 -8 -27 -30
right_child=1 3 7 9 8 12 25 22 -10 15 -12 24 21 20 -16 -17 -18 -19 -20 -21 -22 -23 -24 -25 -26 28 -28 -29 29 -31
leaf_value=-0.049946112551565322 -0.029263032681238983 -0.0049153927962406691 -0.049169262415704788 0.029008250972102797 0.0045761400878890088 -0.0036533615192836963 -0.013165765598289123 0.010642583703093015 0.042570664581487984 0.032817989387040475 0.024696956735920945 -0.037260637722164543 0.0027868680803285004 -0.060264124398127443 -0.056858928723890756 0.050246471237693907 -0.015946868319019203 0.0009651526392189969 0.0114846076910249 -0.03075416378991562 -0.0039611829635317957 -0.095585167634619078 -0.023338395518610743 -0.048121377598215637 0.011843426517647568 0.020425817802085262 -0.041987242653049685 0.024274619261590271 0.018146400159786032 -0.014663683942806031
leaf_weight=568.8689932017769 106.04022088841157 175.81237497554685 67.588786058360711 26.903239105595279 55.07349554078246 39.434988350607455 17.067580631468445 49.620118589700724 44.88046997715719 325.2781280069612 166.7776056684088 7.8082386307942206 249.11214099662902 9.6666679863119516 4.3360764635726801 63.980615671724081 28.120282859483268 61.838694002071861 50.78871367033571 81.534700060263276 16.94856847054325 1.9667263119481493 45.60511201236659 6.4885352641431373 364.65783175849356 163.1072094803676 6.0351720824837676 456.63638917403296 80.573049867525697 66.897595190443099
leaf_count=836838 44707 5230 78301 204 7039 3554 105 15010 228 1025 672 835 14985 805 31 120 11530 4502 544 13912 337 24 22236 4275 3894 570 33 1832 363 309
internal_value=0 0.0124976 -0.0431076 0.0180001 -0.00472917 -0.00961004 0.0131354 -0.0234027 0.0216361 0.0277971 0.0178206 0.00577019 -0.00480693 -0.00200189 0.0170897 0.0328898 -0.0394082 -0.0141783 0.0299369 -0.0219196 -0.0244104 0.00201631 -0.00834205 0.00384698 0.010814 0.018245 0.022109 0.0229256 0.0122763 0.00326265
internal_weight=0 2643.16 766.292 2003.28 639.881 539.927 1338.6 197.423 99.954 664.68 224.632 548.278 433.887 57.8546 31.2393 440.047 95.7091 182.808 376.067 120.97 26.6152 251.079 101.714 56.1087 372.466 790.317 479.739 473.704 310.578 147.471
internal_count=1074050 105860 968190 16909 88951 81684 13171 131352 7267 3738 2049 9959 36977 1377 235 1689 89831 21968 1569 17466 1142 15009 41521 19285 4729 3212 1970 1937 1242 672
is_linear=0
shrinkage=0.05


Tree=49
num_leaves=31
num_cat=0
split_feature=0 0 85 0 151 40 82 114 68 89 110 130 112 2 127 69 35 93 96 82 43 113 55 2 82 96 36 127 102 140
split_gain=695.238 91.7441 50.0101 39.9495 35.4865 31.3224 20.2378 17.6603 14.0265 11.8945 11.1169 10.5628 10.5259 10.9373 10.0764 9.2642 8.83694 9.86463 8.832 11.4828 9.05993 8.40234 8.38849 8.40389 8.34331 7.62807 7.43624 7.3789 8.32114 7.24701
threshold=0.072661120000328969 0.86620967868038068 0.062555500000000014 0.0088049481694041625 0.045941500000000003 1.0000000180025095e-35 0.56680450000000004 0.024628000000000001 126.50000000000001 1.5000000000000002 2.5000000000000004 1044.5000000000002 0.056362000000000009 1694852.0000000002 9.5000000000000018 3.5000000000000004 1.0000000180025095e-35 0.92613850000000009 0.038825500000000006 0.59229250000000011 1.0000000180025095e-35 0.061969500000000004 1.0000000180025095e-35 2826.5000000000005 0.58688250000000008 0.090525500000000023 914.50000000000011 7.5000000000000009 20.500000000000004 40.500000000000007
decision_type=2 2 2 2 2 2 2 2 2 2 2 2 2 2 2 2 2 2 2 2 2 2 2 2 2 2 2 2 2 2
left_child=3 2 4 -1 6 12 9 24 15 -2 18 -11 13 -3 16 29 17 21 -8 -20 -21 -7 23 27 -5 -15 -12 -14 -29 -6
right_child=1 5 -4 7 8 14 10 -9 -10 11 26 -13 22 25 -16 -17 -18 -19 19 20 -22 -23 -24 -25 -26 -27 -28 28 -30 -31
leaf_value=-0.049807093510661628 -0.042787333249933834 0.0058931361241465171 0.041337438694479936 -0.048930907199794975 0.0052839175159489042 0.021914961666998817 0.013869787892126385 -0.008794563885571826 0.02808801557533357 -0.0024188041778814146 -0.0013203210376020701 -0.040176964918393128 0.030088090352530517 -0.059082649100504536 0.0042031776805672534 0.050090703078597532 0.055813536947395326 0.032988351102233221 -0.024204693158874108 -0.0083291019051065767 0.025448401864669928 -0.021254167960080901 0.043846042279998464 0.011549383123347188 -0.016140162827348509 0.032644433668821859 0.03069379840258751 0.022315230699672863 -0.011224476258325497 -0.018331557994655877
leaf_weight=544.36428109292319 64.236391866594204 132.42165381647646 70.164395985077135 64.656581420502334 307.3942421899992 192.06443488737568 37.258304361981573 100.34151328387816 74.43682949495269 58.700654358173779 41.839207710552728 27.061186162267404 141.72594194393605 11.198629736434667 41.588725077919662 10.672295655589549 30.625476241111755 383.65674125775695 114.4298198606557 140.58810490978067 23.116514400637243 11.974577093496917 26.258233351632953 513.06374019896612 27.713779789657565 2.8416493581607929 32.021320960833691 56.842295489739627 27.410516505595297 36.325758303079056
leaf_count=836838 30817 1157 232 78301 10959 1075 1590 41521 1416 8418 2115 12688 553 186 421 26 55 1156 14546 9397 1117 72 113 3025 11530 19 576 292 177 3662
internal_value=0 0.0121102 0.0005763 -0.0428811 -0.00237798 0.0197295 -0.0109147 -0.023317 0.00835695 -0.0265185 -0.00490183 -0.014333 0.0137244 0.00144405 0.0280264 0.00421262 0.0296288 0.0282642 -0.00899091 -0.0120533 -0.00355942 0.0193815 0.0160746 0.0150879 -0.0390927 -0.0405178 0.012559 0.0231218 0.0114035 0.00278814
internal_weight=0 2609.92 1038.25 737.076 968.081 1571.67 539.252 192.712 428.829 149.998 389.253 85.7618 911.763 146.462 659.91 354.392 618.321 587.696 315.393 278.134 163.705 204.039 765.301 739.042 92.3704 14.0403 73.8605 225.979 84.2528 343.72
internal_count=1074050 105860 97559 968190 97327 8301 81264 131352 16063 51923 29341 21106 5522 1362 2779 14647 2358 2303 26650 25060 10514 1147 4160 4047 89831 205 2691 1022 469 14621
is_linear=0
shrinkage=0.05


Tree=50
num_leaves=31
num_cat=0
split_feature=0 0 40 0 0 110 101 90 101 40 82 82 0 69 72 82 36 96 40 104 43 93 151 89 114 129 82 72 60 66
split_gain=658.922 105.028 45.0218 34.6105 22.1044 19.1103 17.911 14.5065 12.9907 12.8985 12.0944 11.1974 11.0851 11.9198 11.0765 10.8026 10.3395 9.43489 8.82296 8.65804 8.34477 8.22544 8.17797 8.11089 7.79283 7.71297 7.60701 7.59195 7.13881 6.75944
threshold=0.043984350660107828 0.48090646582193369 31.500000000000004 0.86620967868038068 0.0088049481694041625 1.5000000000000002 0.033014000000000009 18.500000000000004 0.030463500000000001 102.50000000000001 0.56680450000000004 0.57480350000000013 0.94875966535953815 3.5000000000000004 57.100000000000009 0.55341550000000017 18470.500000000004 0.038825500000000006 1.5000000000000002 1.5000000000000002 1.0000000180025095e-35 1.2008335000000001 0.086234500000000006 1.5000000000000002 0.018153500000000003 7.5000000000000009 0.59831000000000012 104.12500000000001 16.500000000000004 0.059568000000000003
decision_type=2 2 2 2 2 2 2 2 2 2 2 2 2 2 2 2 2 2 2 2 2 2 2 2 2 2 2 2 2 2
left_child=4 5 3 6 -1 15 10 25 11 20 23 -6 13 14 -4 -2 18 -17 29 -8 21 -7 26 -3 -20 -5 -19 -16 -13 -9
right_child=1 2 12 7 8 9 19 16 -10 -11 -12 28 -14 -15 27 17 -18 22 24 -21 -22 -23 -24 -25 -26 -27 -28 -29 -30 -31
leaf_value=-0.049717632696905725 -0.041295026976195255 -0.048598984778519649 0.024933505435287589 0.01499352804764276 -0.050353276465402212 -0.018893552132608769 0.034774794560134638 0.016932866978335761 0.0085848669763773314 0.037675637979840443 0.0004171728868629643 -0.026245774720124789 0.042643723510652085 0.047137858748750545 -0.049311948039717765 0.01130714571178299 -0.049163923215285364 -0.032753597341698103 -0.036702024386392314 0.0024215995313718883 0.023970215747589486 0.0039963006519232102 0.0077451997966915794 -0.011168090215556911 0.030102711325816392 0.00023322987466499893 -0.009739306070672072 0.0064321004823565094 0.021418108072964452 0.060726009476555209
leaf_weight=521.78228091895289 48.104999373601459 20.97902354960388 159.04262150887371 184.24904981581494 51.470679436733917 81.170107508500223 51.050594991771504 725.54230665205978 21.924703618082276 21.08077245450113 332.35756789793959 43.244874589974643 137.35327401687391 48.111608411825728 7.8911579774867269 29.289774947959813 5.4154868102632454 91.138414942703093 4.453505133977159 34.758032959711272 23.754149451080593 75.990894105038024 23.995868255849928 46.665260725349071 220.58102101250552 170.32086122117471 59.246261465566931 27.029498468953534 9.5995711417126568 8.9195957686752063
leaf_count=836838 41616 4914 911 1190 66608 13631 430 3548 7838 277 9664 27888 336 187 131 3975 114 25885 79 746 1832 5187 1820 4075 774 1855 7417 895 3363 26
internal_value=0 0.0110952 0.0156416 0.012351 -0.0451754 -0.0107937 0.000941465 0.0165518 -0.0264012 0.000661966 -0.00350516 -0.0337545 0.031298 0.0248605 0.0193347 -0.0199844 0.0197298 -0.0149511 0.0201187 0.0216697 -0.00365098 -0.00782579 -0.0193615 -0.0227768 0.0287806 0.00790329 -0.0236868 -0.0061646 -0.0175873 0.0174647
internal_weight=0 2638.49 2184.72 1805.29 648.022 453.771 485.81 1319.48 126.24 201.996 400.002 104.315 379.428 242.075 193.963 251.775 964.912 203.67 959.496 85.8086 180.915 157.161 174.381 67.6443 225.035 354.57 150.385 34.9207 52.8444 734.462
internal_count=1074050 131515 29875 27415 942535 101640 19829 7586 105697 20927 18653 97859 2460 2124 1937 80713 4541 39097 4427 1176 20650 18818 35122 8989 853 3045 33302 1026 31251 3574
is_linear=0
shrinkage=0.05


Tree=51
num_leaves=31
num_cat=0
split_feature=0 0 40 0 0 82 110 93 69 90 82 83 40 68 60 2 82 104 85 98 96 36 96 69 151 43 82 93 68 93
split_gain=620.555 99.9437 44.5019 31.5573 23.0229 21.7708 18.0984 16.3848 13.4635 14.337 17.4472 13.2867 11.5249 11.4814 11.3861 10.2371 10.1527 10.1315 10.0558 8.72559 8.37042 8.20535 8.14038 7.92877 7.7003 7.53767 7.39844 7.33393 7.23674 7.21808
threshold=0.043984350660107828 0.48090646582193369 2.5000000000000004 0.94875966535953815 0.0088049481694041625 0.55341550000000017 1.5000000000000002 1.5939485000000002 3.5000000000000004 42.500000000000007 0.58948950000000011 10.000000000000002 102.50000000000001 43.500000000000007 8.5000000000000018 567261.00000000012 0.55341550000000017 4.5000000000000009 0.026338500000000004 85.166666666650016 0.038825500000000006 1245.5000000000002 0.050228000000000009 1.5000000000000002 0.086234500000000006 1.0000000180025095e-35 0.59831000000000012 1.2008335000000001 40.500000000000007 1.9329845000000001
decision_type=2 2 2 2 2 2 2 2 2 2 2 2 2 2 2 2 2 2 2 2 2 2 2 2 2 2 2 2 2 2
left_child=4 6 3 7 -1 17 16 -3 9 10 23 -6 25 -13 -12 28 -2 -4 -17 -9 -18 22 -16 -7 26 27 -22 -8 -11 -5
right_child=1 2 5 29 11 8 12 19 -10 15 14 13 -14 -15 21 18 20 -19 -20 -21 24 -23 -24 -25 -26 -27 -28 -29 -30 -31
leaf_value=-0.049612694572833474 -0.040901070155321295 -0.0037343035416714009 0.019085945673108229 0.013728331200210357 -0.041241282889961546 -0.033123473066223111 -0.0183455052693417 0.01390602677445605 0.047543740098578618 0.0050098455702939949 0.031203891208509072 0.022994586181061816 0.035769151227518864 -0.023829973530309474 0.029217173352118542 -0.038697556255807952 0.0098142181284281774 -0.041118546471526816 0.027640752942049037 -0.046014843982447831 -0.032649793195237413 0.041354916095730311 -0.022995934732946765 0.0074530292320928284 0.0070858188692979971 0.022552602823510789 -0.0097073588453491788 0.003408622992089549 0.039954978659146267 0.024144707785114908
leaf_weight=499.11752498801434 46.62918260377046 425.55408587113197 11.653583983890714 518.41993023804389 64.511674250203214 13.567159409169106 79.36256860713911 243.04553830815712 72.296296799206175 15.959658574080093 202.55142693652306 19.485238320026838 20.616068245872157 39.896194036256929 10.563006718177347 8.9783616702770832 29.064746646865387 17.454637974922662 15.704555971547959 6.2312133497616733 88.180777877409128 11.178646780550478 25.45194664853625 106.89688707032474 23.925186691529234 23.696148330287542 58.420403451484162 75.696189079346368 206.61530420649797 244.87052439642139
leaf_count=836838 41616 15772 380 2395 69419 424 13631 3182 177 86 943 6372 277 29906 43 97 3975 2447 49 838 25885 52 184 1275 1820 1832 7417 5187 714 817
internal_value=0 0.01073 0.0151834 0.0101057 -0.0448239 0.0253414 -0.0108276 0.00222859 0.0271288 0.0247386 0.018512 -0.0255318 0.000370678 -0.00846511 0.0260506 0.0340612 -0.0198952 -0.0170155 0.00351033 0.0124082 -0.0149877 0.0039332 -0.00768209 0.00288314 -0.019215 -0.00371188 -0.0235073 -0.00772563 0.0374493 0.01707
internal_weight=0 2602.58 2156.99 1438.12 623.011 718.871 445.591 674.831 689.763 617.467 370.209 123.893 199.371 59.3814 249.745 247.258 246.22 29.1082 24.6829 249.277 199.591 47.1936 36.015 120.464 170.526 178.755 146.601 155.059 222.575 763.29
internal_count=1074050 131515 29875 23004 942535 6871 101640 19792 4044 3867 2921 105697 20927 36278 1222 946 80713 2827 146 4020 39097 279 227 1699 35122 20650 33302 18818 800 3212
is_linear=0
shrinkage=0.05


Tree=52
num_leaves=31
num_cat=0
split_feature=0 0 91 40 98 0 58 40 82 83 68 68 137 3 0 0 68 76 96 42 2 129 95 93 82 40 42 2 93 40
split_gain=588.062 95.4741 40.0293 30.9291 25.9261 22.8144 16.9266 14.7247 14.107 12.461 12.0444 11.6376 10.4198 13.5958 10.2951 9.94129 9.90834 9.71068 10.3675 9.67278 8.92639 8.79239 8.80858 8.22563 7.91413 7.89565 7.73281 11.1124 11.8628 7.68624
threshold=0.043984350660107828 0.7740980979447657 0.58333333333350013 13.500000000000002 9.1000000000000014 0.0088049481694041625 1.5000000000000002 3.5000000000000004 0.55341550000000017 10.000000000000002 103.50000000000001 99.500000000000014 0.040995500000000011 43454.500000000007 0.94875966535953815 0.94875966535953815 43.500000000000007 637.50000000000011 0.04683650000000001 2.5000000000000004 156.50000000000003 7.5000000000000009 0.068425000000000027 3.3147230000000003 0.58818800000000004 2.5000000000000004 3.5000000000000004 3620.0000000000005 3.1377315000000006 120.50000000000001
decision_type=2 2 2 2 2 2 2 2 2 2 2 2 2 2 2 2 2 2 2 2 2 2 2 2 2 2 2 2 2 2
left_child=5 2 4 6 7 -1 12 10 -6 -7 11 -2 13 20 19 -8 -11 18 -10 29 21 -3 -23 -12 -9 -15 27 -17 -29 -5
right_child=1 3 -4 14 8 9 15 24 17 16 23 -13 -14 25 -16 26 -18 -19 -20 -21 -22 22 -24 -25 -26 -27 -28 28 -30 -31
leaf_value=-0.049497717500577278 -0.0077821548052451105 0.019628285550052062 0.042501136588010129 0.014893015142090533 -0.042623877777454737 -0.040729197312172255 0.00054288611199174912 0.00073082905046816145 0.00029256857531980931 0.020613786876579523 0.00021769008507417466 -0.042723273799939232 0.035173814296460514 0.0077513858737007701 0.038400240625659408 0.020666281996083835 -0.023100876325285704 0.020322655343001515 -0.026019577509768743 0.0074947140721918857 0.027840964831360289 -0.064743487459940408 0.03928338722050595 0.029482193683704933 0.024932862447581729 0.030803724704243165 0.020837981146750784 0.0010183928590190531 -0.058657880712912273 0.041605868322606591
leaf_weight=478.47739834497406 233.8245972161385 18.034171944484118 44.286929434747435 45.03490143007366 53.430757235353667 62.383962148032879 279.22264537439332 61.730022661693511 55.913106878899271 19.394375535994186 101.02405669302971 26.534548827257822 85.196227309294045 332.01353826350532 180.8380049597472 79.202698740642518 39.0859282903657 19.057530903082807 113.29316468049365 73.205522396834567 254.18549951189198 7.8460789478849602 2.7475618775933981 31.498689728672616 74.598371362546459 41.823944960255176 170.77901980606839 106.01011755224317 9.0376194920390827 66.978100938373245
leaf_count=836838 22704 88 130 362 43553 69419 5107 3770 8117 6372 8824 4342 333 2292 504 395 29906 1063 24477 367 1242 114 15 885 1044 179 752 531 52 273
internal_value=0 0.0104106 -0.00372545 0.0169873 -0.00638108 -0.0445948 0.0135735 -0.000184415 -0.0199492 -0.0251851 -0.00509736 -0.0113432 0.0187226 0.0165881 0.0299141 0.00764442 -0.00860337 -0.0135139 -0.0173249 0.0216287 0.0248599 -0.00160924 -0.0377631 0.00717343 0.0139741 0.0103304 0.0130766 0.00625305 -0.0036695 0.0308659
internal_weight=0 2567.35 815.192 1752.16 770.905 599.342 1386.1 529.21 241.695 120.864 392.882 260.359 741.847 656.651 366.057 644.252 58.4803 188.264 169.206 185.219 282.813 28.6278 10.5936 132.523 136.328 373.837 365.029 194.25 115.048 112.013
internal_count=1074050 131515 118909 12606 118779 942535 11100 41569 77210 105697 36755 27046 4263 3930 1506 6837 36278 33657 32594 1002 1459 217 129 9709 4814 2471 1730 978 583 635
is_linear=0
shrinkage=0.05


Tree=53
num_leaves=31
num_cat=0
split_feature=0 0 112 0 40 40 82 82 74 69 93 93 135 68 68 68 69 89 137 93 140 89 82 131 95 87 36 2 126 73
split_gain=558.562 79.0287 44.2553 38.1332 30.7254 23.1696 18.078 15.9449 14.6878 12.7577 13.8533 11.9599 9.58487 9.51672 10.7879 11.1209 9.28917 13.4927 9.21425 9.12981 8.59234 8.18606 12.8796 10.7851 9.84125 8.13023 8.08033 8.43452 7.98383 9.18472
threshold=0.072661120000328969 0.86620967868038068 0.092032000000000017 0.0088049481694041625 7.5000000000000009 37.500000000000007 0.54061850000000011 0.55406350000000015 8.5000000000000018 1.0000000180025095e-35 0.44643900000000009 1.8222090000000002 1.5000000000000002 118.50000000000001 99.500000000000014 100.50000000000001 1.5000000000000002 1.5000000000000002 0.027653 0.85877850000000011 11.500000000000002 1.5000000000000002 0.64806300000000017 3.5000000000000004 0.076850500000000016 26.500000000000004 5190.5000000000009 2463.5000000000005 0.055297500000000006 2.5000000000000004
decision_type=2 2 2 2 2 2 2 2 2 2 2 2 2 2 2 2 2 2 2 2 2 2 2 2 2 2 2 2 2 2
left_child=3 2 6 -1 11 18 -2 -5 9 -8 -11 12 13 14 21 -16 17 -6 -4 -9 -15 22 23 -3 -23 -17 -13 -28 29 -18
right_child=1 4 5 7 16 -7 8 19 -10 10 -12 26 -14 20 15 25 28 -19 -20 -21 -22 24 -24 -25 -26 -27 27 -29 -30 -31
leaf_value=-0.049359792118676665 -0.042106614351068772 0.025635844173109563 0.00053817694063123471 -0.051517152402243041 -0.075022569176306259 0.035489986162891785 -0.020355561133478056 -0.027332206073868312 -0.02861930199119771 -0.013805125648203138 0.0060049411247983476 0.022813255376762362 0.039595762796007572 0.03246506122767457 -0.048998199732567006 0.0095082002462377954 0.024197141107005122 0.019415477190489375 0.020907890455969073 -0.0019080091025820919 0.010887786651589335 0.013046660959999186 0.039022966529821151 -0.021163217767480976 -0.038153752563969273 -0.052260708464924088 0.03699001174782527 -0.026930202731945959 0.04438237330035133 0.057855591045898741
leaf_weight=459.03180267862626 37.186003093225736 15.100826998241244 194.31044501496945 36.561175432165328 4.6757442024536457 91.113025131518953 91.012348676580586 69.798905716645095 64.688044828631973 124.32493812518078 304.15323787096713 377.4909568335861 26.865396084263921 69.878082185983658 16.988268601126038 32.731545568443835 192.40953094046563 19.791756068589166 77.724720035213977 71.463777229226253 135.80512199667282 337.72146992292255 14.23206994589418 66.634776640217751 9.6534594409167749 6.3628406480420372 7.4896334409713772 16.598245218978263 108.43402880243957 22.654751745983958
leaf_count=836838 29068 113 8665 54889 70 391 11754 55293 9342 19692 16455 1520 125 331 337 218 785 109 2192 21170 1008 2115 65 789 115 82 19 181 283 36
internal_value=0 0.0107806 -0.000199466 -0.0417447 0.0180772 0.0136672 -0.00830368 -0.0220872 -0.00615194 -0.00335426 0.000256958 0.0140878 0.0102837 0.00916685 0.00543908 -0.0152222 0.0310735 0.00136835 0.00635812 -0.0144703 0.0182184 0.00805272 -0.00487358 -0.012517 0.0116238 -0.000545052 0.0210216 -0.00705552 0.0333202 0.0277427
internal_weight=0 2466.03 984.513 636.856 1481.52 363.148 621.365 177.824 584.179 519.491 428.478 1133.55 731.974 705.108 499.425 56.0827 347.966 24.4675 272.035 141.263 205.683 443.343 95.9677 81.7356 347.375 39.0944 401.579 24.0879 323.498 215.064
internal_count=1074050 105860 97559 968190 8301 11248 86311 131352 57243 47901 36147 7018 5298 5173 3834 637 1283 179 10857 76463 1339 3197 967 902 2230 300 1720 200 1104 821
is_linear=0
shrinkage=0.05


Tree=54
num_leaves=31
num_cat=0
split_feature=0 0 137 104 0 93 40 40 115 2 82 68 131 40 68 151 113 74 95 96 74 93 149 93 72 57 68 68 129 40
split_gain=526.938 90.4949 33.8553 28.0378 22.9471 22.8098 19.9293 17.8382 15.2959 12.1407 12.0434 11.9581 11.84 11.2225 11.1614 9.89719 9.03368 8.79594 8.7745 10.093 8.97667 8.30118 10.8406 7.8706 7.79934 7.72122 7.7097 7.52919 7.41458 7.36626
threshold=0.043984350660107828 0.68981449621504665 0.060056500000000006 6.5000000000000009 0.0088049481694041625 0.75316150000000015 12.500000000000002 2.5000000000000004 0.047732000000000004 2826.5000000000005 0.55671950000000014 2.5000000000000004 2.5000000000000004 9554.0000000000018 43.500000000000007 0.092087500000000003 0.0017535000000000003 8.5000000000000018 0.016585500000000003 0.041795000000000006 8.5000000000000018 4.1027810000000011 0.10649100000000002 0.71484950000000014 133.10000000000002 2.5000000000000004 9.5000000000000018 33.500000000000007 2.5000000000000004 1758.5000000000002
decision_type=2 2 2 2 2 2 2 2 2 2 2 2 2 2 2 2 2 2 2 2 2 2 2 2 2 2 2 2 2 2
left_child=4 3 5 6 -1 8 15 9 12 -7 -6 -5 -3 16 23 -2 -10 29 20 26 -18 22 -11 -12 -9 -22 -20 -23 -21 -13
right_child=1 2 -4 11 10 7 -8 24 13 21 14 17 -14 -15 -16 -17 18 -19 19 28 25 27 -24 -25 -26 -27 -28 -29 -30 -31
leaf_value=-0.04922050899450487 -0.0089891790599994897 0.045499568116017998 0.035808542246039327 -0.045793188870155946 -0.051752174091757357 0.022285136367422492 0.027948902181634296 0.030280955662022987 -0.072864006178309307 0.0077193574821625343 -0.021541865987741604 -0.012369415039928167 -0.013581059583365446 0.066147786555231278 -0.028111619595913989 0.012568256743156892 0.023523728287990448 -0.038734810039105623 0.02361284760876441 0.032839978157383161 0.0081568028679878789 -0.014514709889321699 -0.058938137899223988 0.030163357089933875 0.0072323632786763627 -0.062045625088791335 -0.044881778990863416 0.030076369247469134 0.0025198442395906306 0.024988026655964373
leaf_weight=440.02538794201973 170.58906665645191 9.0668634162284416 184.38339633797295 31.311516642046627 29.627769404854917 258.98032380372752 70.003575442606234 273.52727706823498 3.3902110597118726 499.983287699215 12.285369350436669 255.93703385810295 131.03371876339952 8.6087386533617956 55.907630388861435 77.399497045225871 123.29754127049819 30.587381859426387 5.3674778102431473 23.176578807877377 12.268550378968941 10.932450124149907 6.1748596830293527 18.358201861170528 42.39204067987157 5.7535056069027624 17.512806109851226 70.600473049387801 155.09248960821424 13.913042706866689
leaf_count=836838 27646 105 733 15944 46902 1393 3404 1101 35 4482 9988 53427 4143 22 45606 4324 965 8728 26 170 109 313 38 3201 430 164 308 370 2002 1133
internal_value=0 0.00982391 0.0154843 -0.00621931 -0.0440021 0.013223 0.00438956 0.017049 0.00422906 0.0132658 -0.0242373 -0.0163882 -0.00975755 0.00975715 -0.0148185 -0.00226091 0.00835354 -0.0133237 0.00915754 0.00244924 0.0187059 0.00929117 0.00690617 0.00943412 0.0271882 -0.0142552 -0.0288136 0.0240973 0.00646173 -0.0104433
internal_weight=0 2491.28 1841.54 649.741 556.204 1657.16 317.992 1162.59 494.568 846.671 116.179 331.749 140.101 354.468 86.5512 247.989 345.859 300.437 342.469 201.149 141.32 587.691 506.158 30.6436 315.919 18.0221 22.8803 81.5329 178.269 269.85
internal_count=1074050 131515 16909 114606 942535 16176 35374 8127 8049 6596 105697 79232 4248 3801 58795 31970 3779 63288 3744 2506 1238 5203 4520 13189 1531 273 334 683 2172 54560
is_linear=0
shrinkage=0.05


Tree=55
num_leaves=31
num_cat=0
split_feature=0 0 0 40 40 82 82 118 93 89 137 148 76 40 104 93 2 149 3 55 43 72 40 74 69 99 36 79 76 93
split_gain=496.961 65.5893 51.3303 36.6692 28.5376 24.0254 18.5986 15.2325 12.5418 10.63 10.546 10.1781 9.08166 8.75377 8.48165 7.91837 7.71202 7.41023 11.8075 7.32397 7.32141 7.31735 7.0787 6.92119 6.88558 6.67199 6.76806 8.38351 6.63275 6.58402
threshold=0.11665055024126079 0.86620967868038068 0.0088049481694041625 38.500000000000007 11.500000000000002 0.56680450000000004 0.55406350000000015 5.5000000000000009 1.6797010000000003 1.5000000000000002 0.029091500000000003 2.5000000000000004 562.50000000000011 2204.0000000000005 2.5000000000000004 0.87225400000000008 123701.00000000001 0.047882500000000008 393.00000000000006 1.0000000180025095e-35 1.0000000180025095e-35 2.3666666666650005 1.0000000180025095e-35 6.5000000000000009 1.0000000180025095e-35 0.18803900000000004 5190.5000000000009 2.5000000000000004 573.50000000000011 0.76547350000000003
decision_type=2 2 2 2 2 2 2 2 2 2 2 2 2 2 2 2 2 2 2 2 2 2 2 2 2 2 2 2 2 2
left_child=2 3 17 5 8 -2 -4 -5 9 -3 20 13 21 15 24 -8 -9 -1 -19 28 22 -6 29 -24 -12 26 -10 -28 -11 -7
right_child=1 4 6 7 12 10 11 16 25 19 14 -13 -14 -15 -16 -17 -18 18 -20 -21 -22 -23 23 -25 -26 -27 27 -29 -30 -31
leaf_value=-0.050619500567098456 -0.025040994296475584 -0.0016459616820694658 -0.049706899117185233 0.039172666401026873 -0.068643217931721012 -0.018897541620273763 -0.029264681217199204 0.019055345692150404 0.023598893968462202 -0.00099604596917748792 -0.015122567637141019 0.019780708207636256 0.03385166845500872 0.067534044353600733 -0.0041527600981210002 -0.0072141191132655338 -0.0095849128072715666 0.09764945976854672 -0.032141098226137768 0.034257245961006363 0.015865644005188761 0.012667336378763803 0.010821805816163269 -0.01616549594573204 0.028815270820126637 -0.00074512789911162277 0.021072439317588218 -0.039510955312561352 0.01408698128183577 -0.0041600352680930515
leaf_weight=398.67814605910826 120.77448933941923 162.3138664716389 42.030897243002983 69.077235875942279 3.1675616670399931 122.17054599549738 84.327912819662743 65.472259977948852 391.77634399035014 89.013222767505795 10.324706857616546 21.133057820698014 271.24889273080043 3.0027719399658954 47.369524322712095 78.718289516575169 36.668850348101842 1.9193873123294931 20.131001136065606 37.576824399642646 42.687629253196064 21.877168018138036 96.188080063337111 31.550146659144957 65.383972297422588 34.841186923906207 13.794799679890277 9.7436391464434546 402.35370238160249 199.60290072392672
leaf_count=785722 36851 1657 64370 274 20 13063 61983 3417 1616 881 580 3914 871 329 1890 22391 2477 89 51027 159 2255 203 3795 1416 1292 160 67 133 2534 8614
internal_value=0 0.0107228 -0.0386875 0.000196254 0.0173655 -0.00465186 -0.0196504 0.0210379 0.0137765 0.00954695 -0.000649625 -0.0129013 0.0311918 -0.0170608 0.0124409 -0.0186187 0.00877344 -0.0490589 -0.0208434 0.0129817 -0.00392302 0.00238349 -0.00580224 0.00415619 0.0228233 0.0202713 0.0220344 -0.00400581 0.0113546 -0.00975555
internal_weight=0 2344.98 649.941 907.27 1437.71 736.052 229.213 171.218 1141.41 691.258 615.278 187.182 296.294 166.049 123.078 163.046 102.141 420.729 22.0504 528.944 492.199 25.0447 449.512 127.738 75.7087 450.156 415.315 23.5384 491.367 321.773
internal_count=1074050 84225 989825 75924 8301 69756 152987 6168 7207 5231 32905 88617 1094 84703 3762 84374 5894 836838 51116 3574 29143 223 26888 5211 1872 1976 1816 200 3415 21677
is_linear=0
shrinkage=0.05


Tree=56
num_leaves=31
num_cat=0
split_feature=0 0 0 40 82 82 40 40 89 114 154 101 135 93 127 125 3 109 68 36 40 96 101 3 130 113 90 149 150 99
split_gain=469.014 95.1907 39.3751 31.2594 24.0916 24.0729 21.8605 21.5195 14.519 12.7659 11.7208 11.3061 10.8202 8.97106 8.32131 9.23866 8.60454 8.0402 8.43069 8.41421 7.87877 7.43178 7.38976 7.38936 7.34814 7.28831 7.06122 6.74465 6.8032 9.94479
threshold=0.37969951586789719 0.0088049481694041625 0.94875966535953815 402.50000000000006 0.54296050000000007 0.5823505000000001 29.500000000000004 1.5000000000000002 2.5000000000000004 0.09122050000000001 0.69047619047650011 0.037255000000000003 1.5000000000000002 1.7729355000000002 8.5000000000000018 0.021408500000000004 190955.50000000003 1.5000000000000002 53.500000000000007 1542.5000000000002 98.500000000000014 0.11621450000000001 0.097439000000000012 877486.50000000012 17.500000000000004 0.027227500000000005 8.5000000000000018 0.052116000000000003 0.073704000000000006 0.14999150000000003
decision_type=2 2 2 2 2 2 2 2 2 2 2 2 2 2 2 2 2 2 2 2 2 2 2 2 2 2 2 2 2 2
left_child=1 9 3 5 -3 8 13 11 12 -1 17 26 14 22 15 16 -2 18 -6 -20 -12 -13 27 -5 -9 -18 -7 -4 -29 -30
right_child=2 4 6 23 10 7 -8 24 -10 -11 20 21 -14 -15 -16 -17 25 -19 19 -21 -22 -23 -24 -25 -26 -27 -28 28 29 -31
leaf_value=-0.049850202071573937 -0.041964136832112427 -0.050751230286659559 0.014235697017974858 0.038541261568088153 -0.008242943967848795 -0.019293806761193497 0.039596093517512997 0.03003788576815582 0.0094521945563492745 0.024413331287209863 0.00038919207709126741 0.023661154282565898 0.030173847834165726 0.023991893535995922 -0.041698917170919968 -1.8472739615943729e-06 -0.0048192058610227019 -0.0011637585077222993 -0.034995054526047974 -0.010655613456054792 0.054858232306435009 -0.042296177856632769 0.047757944000063945 0.0096284758208758665 0.012753170806349795 -0.044791232595558839 0.0012086988527966768 -0.030859312127859109 0.042149194308503869 -0.012443919307224379
leaf_weight=397.96647864209081 37.300612470098713 43.59794081250584 463.03383407823276 85.406706546629721 95.158428379232646 48.664412003738107 126.08575481991284 112.93781327176839 88.868936239407049 5.8722189581385456 75.066409077760909 71.039646840305068 12.905156398948746 312.80806394200772 29.381124579464085 78.709509000706021 59.469244642998092 72.304367719680158 108.27410066048833 52.836078845753946 7.2830664453795171 4.5439504515379658 15.131085494533179 29.8126582170662 134.97455467918189 14.109621783136388 306.46517618128564 16.838783925399184 13.207942342385648 22.641784734092653
leaf_count=831129 6747 62920 2285 607 31076 2603 345 694 2371 5709 13148 991 145 1089 2649 2496 6097 15147 55597 20932 158 51 38 335 1411 678 6284 121 52 145
internal_value=0 -0.0311057 0.0128098 0.00639959 -0.0154107 0.00355643 0.0201773 0.00889144 -0.00773131 -0.0487703 -0.0116612 0.00213643 -0.0143171 0.0172752 -0.0169392 -0.0131021 -0.0224015 -0.0158887 -0.0200432 -0.0270129 0.00520649 0.0196959 0.0133173 0.0310602 0.0206273 -0.0124843 -0.00160082 0.0123069 -0.00464393 0.00766956
internal_weight=0 858.359 2084.34 1114.59 454.52 999.37 969.747 678.626 320.744 403.839 410.922 430.713 231.875 843.661 218.97 189.589 110.879 328.573 256.269 161.11 82.3495 75.5836 530.853 115.219 247.912 73.5789 355.13 515.722 52.6885 35.8497
internal_count=1074050 1035816 38234 34159 198978 33217 4075 12034 21183 836838 136058 9929 18812 3730 18667 16018 13522 122752 107605 76529 13306 1042 2641 942 2105 6775 8887 2603 318 197
is_linear=0
shrinkage=0.05


Tree=57
num_leaves=31
num_cat=0
split_feature=0 0 40 0 82 0 44 93 110 82 68 82 101 114 99 40 82 95 93 140 150 113 125 82 98 68 68 110 3 82
split_gain=444.377 79.2752 35.779 25.0469 24.4158 21.462 16.01 16.4814 15.2063 13.4437 12.1363 13.0957 12.0548 11.0289 10.7747 10.1062 9.51541 9.25464 11.4003 8.98775 8.67711 8.42403 8.03833 8.0254 7.55249 7.54199 7.37627 7.32592 8.16258 12.238
threshold=0.043984350660107828 0.48090646582193369 1.0000000180025095e-35 0.94875966535953815 0.55108450000000009 0.0083575017706393109 1.0000000180025095e-35 1.7249155 1.5000000000000002 0.58993050000000002 106.50000000000001 0.61380900000000016 0.030463500000000001 0.09122050000000001 0.056200000000000007 102.50000000000001 0.57480350000000013 0.020896500000000002 0.393125 18.500000000000004 0.10463300000000002 0.091939000000000007 0.069515500000000022 0.53940450000000018 4.2916666666650007 98.500000000000014 58.500000000000007 3.5000000000000004 221919.50000000003 0.55607750000000011
decision_type=2 2 2 2 2 2 2 2 2 2 2 2 2 2 2 2 2 2 2 2 2 2 2 2 2 2 2 2 2 2
left_child=5 8 3 10 14 13 7 9 23 17 11 22 16 -1 -4 -10 -7 -6 -19 20 -11 26 25 -2 -12 -3 -9 28 29 -5
right_child=1 2 4 27 6 12 -8 21 15 19 24 -13 -14 -15 -16 -17 -18 18 -20 -21 -22 -23 -24 -25 -26 -27 -28 -29 -30 -31
leaf_value=-0.049782920704244539 -0.047557578075396921 -0.0074851255889992422 0.017222830158787599 -0.046706726301989215 0.012954175362103127 -0.049033969516251025 0.044141526406648167 0.011248355882094501 -0.0044258443591792566 0.029659990747439881 0.019258209357891767 0.0076372001839919062 0.010370959871596015 0.019338752900595547 -0.043640940280461976 0.033982807176845133 -0.016340085721299014 -0.039825782959903133 0.0030086147402504219 0.0072145270096591434 -0.04686733035586052 -0.027529088951430754 -0.05048963745453279 -0.016589935104601113 -0.002463007248814009 -0.0382813737527678 0.033949966992725129 0.023423067911987429 0.0021112555030918193 0.017903352580615518
leaf_weight=378.47754473246641 23.336035565578641 205.53399909373547 11.216594551864548 7.5352912105154237 130.87500288552837 42.037526837464611 76.501652533421293 41.881015042890795 167.47160386067844 175.02651705918834 97.955637911742087 118.42722580139525 21.005301632096234 5.860279866574273 20.674584596315981 19.077531535091111 47.293116257740621 21.469408426870359 56.183768196118763 72.938716005184688 3.7841804772615424 6.3608844149857751 13.275616381783037 202.19107979651017 67.660444054621621 22.009547770838253 245.70517782890238 157.06731437798589 166.49060390028171 267.83152139233425
leaf_count=827071 29468 9265 306 73 1392 69174 248 293 20650 897 1246 2082 8181 5658 3648 277 32451 1094 816 766 18 38 649 51245 2064 1311 1002 535 867 1265
internal_value=0 0.00889921 0.0130394 0.00716026 0.0206986 -0.0431488 0.0223468 0.0201362 -0.0110587 0.0142295 -0.000813604 -0.00597593 -0.0237112 -0.048729 -0.0222343 -0.000497966 -0.0317253 0.00484048 -0.00883416 0.0220066 0.0280404 0.0293851 -0.0126704 -0.0197943 0.0103843 -0.0104639 0.0306439 0.0141481 0.0108511 0.0161353
internal_weight=0 2398.48 1986.4 1123.79 862.618 494.674 830.726 754.225 412.076 460.278 524.862 359.246 110.336 384.338 31.8912 186.549 89.3306 208.528 77.6532 251.749 178.811 293.947 240.819 225.527 165.616 227.544 287.586 598.925 441.857 275.367
internal_count=1074050 131515 29875 19357 10518 942535 6564 6316 101640 4983 16617 13307 109806 832729 3954 20927 101625 3302 1910 1681 915 1333 11225 80713 3310 10576 1295 2740 2205 1338
is_linear=0
shrinkage=0.05


Tree=58
num_leaves=31
num_cat=0
split_feature=0 0 40 0 0 82 82 91 93 95 83 58 3 149 92 151 87 110 68 105 68 40 38 114 127 93 42 82 106 148
split_gain=422.345 76.353 31.3293 24.136 20.3142 18.004 17.2213 14.6747 13.3633 12.7517 10.4489 9.84727 9.73808 9.29528 8.8829 8.36817 10.3168 8.29361 8.5942 8.16513 8.0602 7.70708 7.59849 6.7111 6.65197 6.45472 6.41048 13.8242 6.25994 6.22291
threshold=0.043984350660107828 0.53809039466125175 2.5000000000000004 0.94875966535953815 0.0088049481694041625 0.56680450000000004 0.57077500000000014 0.58333333333350013 1.5939485000000002 0.029658500000000004 10.000000000000002 2.5000000000000004 999826.50000000012 0.047882500000000008 3.5000000000000004 0.033635000000000005 1.5000000000000002 1.5000000000000002 126.50000000000001 1.0000000180025095e-35 43.500000000000007 26.500000000000004 2.5000000000000004 0.09122050000000001 7.5000000000000009 1.2008335000000001 10.500000000000002 0.60772350000000019 0.095733000000000013 2.5000000000000004
decision_type=2 2 2 2 2 2 2 2 2 2 2 2 2 2 2 2 2 2 2 2 2 2 2 2 2 2 2 2 2 2
left_child=4 5 3 8 13 -2 9 17 24 12 -6 22 15 -1 23 16 -4 -7 25 -10 -12 -18 -8 -15 -3 -19 -13 -28 -25 -21
right_child=1 2 6 -5 10 7 11 -9 19 -11 20 26 -14 14 -16 -17 21 18 -20 29 -22 -23 -24 28 -26 -27 27 -29 -30 -31
leaf_value=-0.050468108559473771 -0.029475285585251049 -0.00062499059723350415 0.047136682443895933 0.014892278140410796 -0.039455627299876082 -0.014485419407901979 0.030810070114712408 0.048116896419438199 -0.042933130898035091 -0.046536097384320518 0.018571525388260013 0.0190746805018909 -0.028346418036166634 -0.040566373269593364 0.091043196240265994 0.032982200522247485 -0.050911549446772092 -0.013442099240197387 0.029637699526512153 0.0076286562903235726 -0.022317223500231832 0.0046529788836923982 -0.012462560713295654 0.0824354177567201 -0.015801217575055256 0.0069399227203566505 0.015042047977765191 -0.068449791495984791 -0.058916744223811303 0.027173593775659713
leaf_weight=349.03273264658492 92.360259755765583 273.94392195250839 8.5373393260233552 695.46501849521883 52.751543489999676 172.21500383559032 388.63418419379741 12.668131610145791 6.8322767482459303 11.425490296460337 18.530441658731434 100.16161428712076 14.177302081050582 14.973066032189314 1.7793688010788162 38.595368600334041 9.9326212078594853 78.024850073357811 22.704943966135033 160.49302732411888 34.476912389422068 16.789889152103569 10.416645316407083 2.3801026060682484 98.04679671949998 77.353711762436433 16.632913767127324 7.0631677084602407 1.1674509124568428 54.573515995871276
leaf_count=785722 61005 9486 50 3212 69419 28974 1557 53 448 1071 6372 847 394 49123 56 205 997 10465 859 2606 29906 469 52 88 3771 4356 181 62 1849 395
internal_value=0 0.00863508 0.0130176 0.00857061 -0.0430225 -0.00976544 0.0222305 -0.00475008 0.00116773 0.00315959 -0.0237014 0.0258579 0.00960945 -0.0485551 -0.0156641 0.0168955 -0.000713 -0.00666196 0.000903696 0.0108787 -0.00802323 -0.0160001 0.0296805 -0.025916 -0.00462504 -0.00329511 0.0135419 -0.00984463 0.0359184 0.0125882
internal_weight=0 2367.05 1911.72 1289.35 475.092 455.327 622.367 362.967 593.89 99.458 105.759 522.909 88.0325 369.333 20.3 73.8552 35.2598 350.299 178.084 221.899 53.0074 26.7225 399.051 18.5206 371.991 155.379 123.858 23.6961 3.54755 215.067
internal_count=1074050 131515 25803 19918 942535 105712 5885 44707 16706 3186 105697 2699 2115 836838 51116 1721 1516 44654 15680 3449 36278 1466 1609 51060 13257 14821 1090 243 1937 3001
is_linear=0
shrinkage=0.05


Tree=59
num_leaves=31
num_cat=0
split_feature=0 0 112 40 0 40 40 82 93 93 82 68 98 114 76 69 68 2 42 36 36 102 74 74 48 62 68 116 109 113
split_gain=400.489 72.4153 38.6141 24.6471 19.9475 18.6657 17.4282 17.6475 11.0361 10.6845 10.0959 8.74534 8.53956 8.27031 8.17058 8.60034 10.5008 7.96035 10.1692 10.0721 9.14881 7.0747 7.05927 6.89583 6.8031 6.74827 6.66932 10.5387 6.52528 6.45582
threshold=0.043984350660107828 0.86620967868038068 0.092032000000000017 11.500000000000002 0.0083575017706393109 37.500000000000007 742.50000000000011 0.5414135000000001 1.3482345000000002 0.49007150000000005 0.55671950000000014 43.500000000000007 10.100000000000001 0.09122050000000001 670.50000000000011 1.0000000180025095e-35 119.50000000000001 2463.5000000000005 5.5000000000000009 5681.5000000000009 1404.5000000000002 8.5000000000000018 11.500000000000002 6.5000000000000009 2.5000000000000004 14.500000000000002 100.50000000000001 3.5000000000000004 2.5000000000000004 0.025220500000000003
decision_type=2 2 2 2 2 2 2 2 2 2 2 2 2 2 2 2 2 2 2 2 2 2 2 2 2 2 2 2 2 2
left_child=4 2 6 8 13 12 7 -2 -3 21 -6 -12 -4 -1 15 16 -11 22 19 26 -20 29 -10 -17 -8 -23 -19 -28 -29 -9
right_child=1 3 5 -5 10 -7 24 9 17 14 11 -13 -14 -15 -16 23 -18 18 20 -21 -22 25 -24 -25 -26 -27 27 28 -30 -31
leaf_value=-0.049576608942523012 -0.045670871863667827 0.0075973772764459345 0.0067792624612272928 0.029157843537518671 -0.0512882218095876 0.031733365449823102 0.042016887440465688 0.010506890171401342 0.028969851587930109 -0.032199469377192341 0.0071112811923357408 -0.027465584757658947 -0.033308069093767205 0.014748397362686331 0.053224290236602093 0.0028313002955685979 0.0164720394597427 0.0030844150442984257 0.011914948714160076 -0.037202033911284266 0.04323279416149 -0.030172194342510002 -0.027904395159164243 -0.014239839817780989 -0.00076916523405996047 0.013452221130750498 0.024844071554455321 -0.042324389711542773 0.027273187291192703 -0.022483254024389488
leaf_weight=345.26126412475242 36.003256273896113 570.93687698931899 255.65594315784983 274.58350716182031 25.259263331441616 83.632145492185373 21.22953756408242 30.595561223686673 154.06316422251984 52.229116331982368 28.609133492713227 50.685764164865759 14.013174809959308 5.070298759303113 6.0003951697726725 211.84103426904767 14.06642773542262 136.38660025689751 46.042678562458605 11.482038408634251 47.251313702203333 109.00394301163396 5.6562346704304209 82.076076022756752 16.520246112071618 9.6496597552613803 105.47158376057632 10.296288091689346 5.0049033015966407 28.777595504230703
leaf_count=827071 36400 4705 11534 1094 48659 424 223 2516 552 7436 13686 47461 1644 5658 95 15130 909 738 244 169 201 31075 43 8251 2252 1599 452 78 25 3726
internal_value=0 0.00835002 -0.00208891 0.0157662 -0.0429257 0.0110963 -0.00962678 -0.0117685 0.0124007 -0.00952572 -0.0237596 -0.0149905 0.00469615 -0.0486456 -0.00464114 -0.00560505 -0.0218725 0.0176579 0.0135548 0.00861586 0.0277767 -0.0195736 0.0269557 -0.0019358 0.0232926 -0.0266244 0.0106616 0.0192184 -0.0195596 -0.00548311
internal_weight=0 2338.47 971.294 1367.18 454.886 353.301 617.993 580.243 1092.59 544.24 104.554 79.2949 269.669 350.332 366.213 360.213 66.2955 521.655 361.935 268.641 93.294 178.027 159.719 293.917 37.7498 118.654 257.159 120.773 15.3012 59.3732
internal_count=1074050 131515 123214 8301 942535 13602 109612 107137 7207 70737 109806 61147 13178 832729 31821 31726 8345 2502 1907 1462 445 38916 595 23381 2475 32674 1293 555 103 6242
is_linear=0
shrinkage=0.05


Tree=60
num_leaves=31
num_cat=0
split_feature=0 0 137 0 0 154 82 68 82 46 110 76 40 36 93 40 40 146 107 119 151 69 114 130 87 151 93 74 76 151
split_gain=378.456 69.3405 34.394 27.3194 19.6727 17.4549 16.5331 14.0225 13.0003 12.5405 12.333 11.0314 10.9743 10.2565 10.5394 10.0134 10.0067 9.67891 9.0117 8.17201 8.07588 7.88134 7.70261 7.64888 7.53219 7.934 11.9523 7.40053 7.3732 6.94717
threshold=0.043984350660107828 0.48090646582193369 0.029506500000000001 0.94875966535953815 0.0088049481694041625 0.53571428571450019 0.5677525000000001 106.50000000000001 0.56713550000000013 1.0000000180025095e-35 2.5000000000000004 701.50000000000011 1.5000000000000002 1404.5000000000002 0.31956150000000005 821.00000000000011 1.0000000180025095e-35 1.5000000000000002 4.5000000000000009 0.73214285714300009 0.093043500000000015 2.5000000000000004 0.09122050000000001 383.50000000000006 429.50000000000006 0.069686000000000012 0.89919100000000018 5.5000000000000009 681.50000000000011 0.073181500000000024
decision_type=2 2 2 2 2 2 2 2 2 2 2 2 2 2 2 2 2 2 2 2 2 2 2 2 2 2 2 2 2 2
left_child=4 8 3 5 22 6 9 11 -2 -3 18 16 23 24 -15 20 -8 -6 21 -12 -10 -4 -1 -7 28 26 -26 -27 -5 -16
right_child=1 2 10 13 17 12 7 -9 15 -11 19 -13 -14 14 29 -17 -18 -19 -20 -21 -22 -23 -24 -25 25 27 -28 -29 -30 -31
leaf_value=-0.049389165003738245 -0.02854754539800395 -0.0090118531285234317 0.016062324814571285 0.013967315997740605 -0.029867194449796509 -0.00080901162280605651 -0.016182355872352519 0.013921558352871746 -0.012521199520082319 -0.047987004066343465 0.0047259731973393797 0.080105704533992447 0.021495990487150105 -0.060065309907958532 0.017294671611119482 0.035800472661811036 0.0058853457583602064 0.013091448378305543 -0.005645093930357007 0.039127828224910462 0.0074807538163000498 0.04502991607586912 0.01224385551039129 0.027333670107426756 -0.050852186700371227 0.0079098299501927823 0.034705635829296429 -0.074072342224067653 -0.020652528891348134 0.033693400008073686
leaf_weight=331.60117302649815 83.231595319810367 54.41645058694121 105.46043750824174 475.00385042279959 85.047076166601983 170.01376067267847 144.10069174750242 125.02552502072649 234.25485141301033 33.248873949611152 19.365892117843032 3.5839058160781851 139.45163357001729 3.7272520987316957 144.77669710922055 13.507728026233961 79.830023851187434 15.501848953237639 35.945661574602127 158.93968924204819 64.320689659194613 30.206417551729828 5.1480343037765115 28.140077680407558 5.9791598843876335 4.3033365113660675 12.864840110298244 7.6395716846454889 15.894244167953728 116.59869000455365
leaf_count=831129 59167 5133 997 2247 98438 3382 5464 2112 37520 5210 126 9 1001 66 655 287 1242 7259 496 657 4666 85 5709 343 60 22 50 40 70 408
internal_value=0 0.0080749 0.0120114 0.00884214 -0.042652 0.00219713 -0.00436234 0.000469677 -0.0109899 -0.023794 0.0261824 -0.0069225 0.0107501 0.0154113 0.0234196 -0.0063073 -0.00831535 -0.0232442 0.0166143 0.0353914 -0.00821228 0.022512 -0.048447 0.00318757 0.0113418 -0.0126487 0.00755833 -0.0445321 0.0128464 0.0246101
internal_weight=0 2309.83 1914.52 1564.6 437.298 777.811 440.205 352.54 395.315 87.6653 349.918 227.515 337.605 786.788 265.103 312.083 223.931 100.549 171.613 178.306 298.576 135.667 336.749 198.154 521.685 30.7869 18.844 11.9429 490.898 261.375
internal_count=1074050 131515 29875 27514 942535 23896 19170 8827 101640 10343 2361 6715 4726 3618 1129 42473 6706 105697 1578 783 42186 1082 836838 3725 2489 172 110 62 2317 1063
is_linear=0
shrinkage=0.05


Tree=61
num_leaves=31
num_cat=0
split_feature=0 0 40 0 0 91 98 154 82 3 69 93 82 82 82 68 149 3 115 112 92 130 93 2 106 90 99 2 100 35
split_gain=359.351 67.4521 30.0867 20.2453 19.4746 17.8175 14.6898 13.6749 11.3945 10.5646 9.60602 9.94643 9.38966 8.1162 8.00189 7.72965 7.52008 7.31235 7.28376 7.70013 7.93889 6.56391 6.48327 7.30543 8.87489 6.73579 6.54605 7.4861 6.40899 6.39558
threshold=0.043984350660107828 0.60678019017954943 6.5000000000000009 0.94875966535953815 0.0088049481694041625 0.58333333333350013 8.7083333333350019 0.58571428571450013 0.55176750000000008 923564.50000000012 1.5000000000000002 1.5104670000000002 0.55671950000000014 0.57701950000000013 0.55108450000000009 43.500000000000007 0.047882500000000008 393.00000000000006 0.071244000000000016 0.058017000000000006 3.5000000000000004 1773.5000000000002 0.49526750000000003 72.500000000000014 0.1104875 34.500000000000007 0.19278150000000002 12669.500000000002 1.0000000180025095e-35 1.0000000180025095e-35
decision_type=2 2 2 2 2 2 2 2 2 2 2 2 2 2 2 2 2 2 2 2 2 2 2 2 2 2 2 2 2 2
left_child=4 5 3 7 16 6 -2 13 -4 10 11 -10 -6 21 -8 -14 -1 -18 19 -11 -21 -3 25 24 -24 -5 -25 -28 -12 -20
right_child=1 2 8 22 12 -7 14 -9 9 18 28 -13 15 -15 -16 -17 17 -19 29 20 -22 -23 23 26 -26 -27 27 -29 -30 -31
leaf_value=-0.050191383342889688 -0.0039092224594546986 -0.013119332220197736 -0.017132201412396509 0.0043475590076059402 -0.051031964123406603 0.04432512477030956 -0.044925647681716058 0.010222390992546834 -0.042259375823375814 0.01270634635637013 0.034697011865578817 0.025846945770610391 0.0064814126473923877 -0.00012256192694799832 -0.016950150056202689 -0.026653946043032346 0.085435283938619003 -0.026763555905066579 0.017019908175851146 -0.070365721275589793 0.0050737452343666816 -0.057723592972759724 -0.047178697888477665 0.018214407403453748 0.018820396696808316 -0.075451082026124092 -0.050575375737429706 0.0080344494830342002 -0.00041836806170742077 0.061458573982984058
leaf_weight=305.14468031101933 315.29951680944214 85.643095948107657 16.839522237918573 94.131677240598947 22.898710553738056 15.459697969432453 31.727404379224026 262.37636714949622 8.8753928646328877 22.873313229647465 258.50474561320152 13.537834243616087 27.802160478153382 238.91647596406983 131.5154175178177 47.963314037358941 1.5969808371446585 16.015621154221662 111.53543189354241 7.3141412595286948 6.6655796989798546 9.1270186918773089 9.9602365111932176 571.94503903156146 10.42486560391262 2.7209032103419295 7.0817573610693243 23.619278019759804 13.6814620156656 8.7302507385611516
leaf_count=785722 36472 4509 1056 665 46902 71 39558 3479 184 276 1075 70 13189 4929 33942 45606 89 51027 474 72 36 1702 77 2446 47 23 55 100 180 17
internal_value=0 0.00784488 0.0123712 0.00849722 -0.042415 -0.00850584 -0.0102126 0.00168171 0.0232514 0.0247569 0.0303411 -0.00112241 -0.0229747 -0.00503379 -0.0223874 -0.0144949 -0.0483578 -0.0165902 0.0142864 -0.00516129 -0.0343959 -0.017415 0.0141405 0.0160113 -0.013427 0.00210576 0.0170071 -0.00548498 0.0329319 0.0202458
internal_weight=0 2278.51 1784.5 1315.95 421.421 494.002 478.542 596.063 468.558 451.718 294.599 22.4132 98.6642 333.687 163.243 75.7655 322.757 17.6126 157.119 36.853 13.9797 94.7701 719.884 623.031 20.3851 96.8526 602.646 30.701 272.186 120.266
internal_count=1074050 131515 21472 18032 942535 110043 109972 14619 3440 2384 1509 254 105697 11140 73500 58795 836838 51116 875 384 108 6211 3413 2725 124 688 2601 155 1255 491
is_linear=0
shrinkage=0.05


Tree=62
num_leaves=31
num_cat=0
split_feature=0 0 40 93 0 137 0 82 36 0 72 83 2 118 137 40 114 90 3 60 92 89 40 2 3 93 43 2 150 127
split_gain=339.941 63.6745 29.5076 22.3982 19.2242 17.3428 13.7199 11.7593 11.0734 9.40949 9.08897 9.05854 8.85261 8.61775 7.99131 7.75718 7.02446 6.91517 6.83632 6.78252 6.62984 6.62696 6.43315 6.34028 9.34985 6.31937 6.38852 5.99368 9.64734 6.91352
threshold=0.043984350660107828 0.60678019017954943 31.500000000000004 1.3482345000000002 0.0088049481694041625 0.029091500000000003 0.94875966535953815 0.55108450000000009 18470.500000000004 0.94875966535953815 57.100000000000009 10.000000000000002 109478.50000000001 1.5000000000000002 0.055653500000000009 102.50000000000001 0.09122050000000001 15.500000000000002 687842.00000000012 11.500000000000002 2.5000000000000004 2.5000000000000004 6.5000000000000009 175.00000000000003 393.00000000000006 2.6856655000000003 1.0000000180025095e-35 25349.500000000004 0.048209500000000009 5.5000000000000009
decision_type=2 2 2 2 2 2 2 2 2 2 2 2 2 2 2 2 2 2 2 2 2 2 2 2 2 2 2 2 2 2
left_child=4 5 3 6 16 7 14 -2 12 10 17 -6 22 -14 23 20 -1 19 -19 -4 -7 -12 -5 24 -3 26 -9 28 -25 -29
right_child=1 2 9 8 11 15 -8 25 -10 -11 21 -13 13 -15 -16 -17 -18 18 -20 -21 -22 -23 -24 27 -26 -27 -28 29 -30 -31
leaf_value=-0.049269000138148958 -0.038452282582813871 0.035660913530529824 0.015290957431315611 0.017618583747841358 -0.03828822834647741 -0.014495508110277106 0.0097700760925081443 -0.015310362385860747 -0.043457584454984849 0.038107804922613286 -0.023663190100999959 -0.0076394857474768544 0.018446734240541045 -0.0044022788227442416 0.021757097729724666 0.03639969620761143 0.010117415536434818 0.041247167574486238 0.015421971872629234 -0.043435038818167876 0.015665143410925859 0.025938024615499013 0.034705072154445904 -0.005195509247744901 -0.054787966775440823 0.006835494516817516 0.0082131998032207131 -0.0018181057885393089 0.024225624040095022 -0.020285244453037518
leaf_weight=303.11297687580009 40.962917065457077 3.6403541332110789 38.627378597273491 444.72869996502413 47.45032501150672 31.795165661038482 409.88668702996802 270.23490274948927 7.8002268156851633 109.60542114893906 18.840941979055064 49.009433040373551 78.397546870168298 87.129621294268873 29.185472025419585 22.308300541430071 5.0625862903107182 66.386134360684082 41.736258551478386 5.6337488444987676 42.677211414018529 10.479382379213346 62.8766301292344 82.464572582874098 13.28088114967977 47.406699946455774 32.313791607299208 129.08884156682325 42.081506080750842 83.438399117672816
leaf_count=831129 44785 60 271 2943 69419 4245 2252 50829 893 336 547 36278 478 1007 348 244 5709 260 206 63 2314 78 259 3346 1004 2812 4814 3824 691 2606
internal_value=0 0.00757834 0.0119965 0.00912266 -0.0421961 -0.00841378 0.00341149 -0.0131052 0.0157743 0.0265376 0.0195583 -0.0227162 0.0164607 0.00641955 -0.00339027 0.0105359 -0.0482934 0.0244636 0.0312784 0.00781606 0.00278838 -0.00593521 0.0197351 -0.00546357 -0.0353292 -0.0101383 -0.0127979 -0.0039643 0.00474527 -0.00906832
internal_weight=0 2253.01 1765.31 1474 404.635 487.699 793.067 390.918 680.933 291.309 181.704 96.4598 673.132 165.527 383.18 96.7807 308.176 152.384 108.122 44.2611 74.4724 29.3203 507.605 353.995 16.9212 349.955 302.549 337.073 124.546 212.527
internal_count=1074050 131515 21472 19711 942535 110043 14131 103240 5580 1761 1425 105697 4687 1485 11879 6803 836838 800 466 334 6559 625 3202 11531 1064 58455 55643 10467 4037 6430
is_linear=0
shrinkage=0.05


Tree=63
num_leaves=31
num_cat=0
split_feature=0 0 104 55 40 0 129 93 90 82 66 74 3 99 82 44 129 69 68 76 69 68 106 93 106 57 149 121 68 126
split_gain=321.826 60.6282 35.2333 26.4671 20.5607 18.7862 12.8405 11.6681 9.11548 8.87681 8.63762 8.48421 8.48386 9.09426 8.56273 8.1365 8.6067 7.68948 7.64481 7.3677 7.41672 6.79084 9.58725 12.0384 8.32845 7.60676 6.73146 6.72157 6.67379 6.64025
threshold=0.043984350660107828 0.86620967868038068 7.5000000000000009 1.0000000180025095e-35 2.5000000000000004 0.0088049481694041625 86.500000000000014 1.3482345000000002 47.500000000000007 0.55671950000000014 0.059568000000000003 8.5000000000000018 68784.500000000015 0.20759250000000004 0.5489710000000001 1.0000000180025095e-35 8.5000000000000018 3.5000000000000004 100.50000000000001 575.50000000000011 1.0000000180025095e-35 42.500000000000007 0.31096600000000002 1.8781725000000002 0.17426350000000004 3.5000000000000004 0.047882500000000008 3.5000000000000004 43.500000000000007 0.057045000000000005
decision_type=2 2 2 2 2 2 2 2 2 2 2 2 2 2 2 2 2 2 2 2 2 2 2 2 2 2 2 2 2 2
left_child=5 2 3 7 10 26 11 -2 15 -7 12 19 13 14 -3 16 -6 -5 -16 -4 -21 24 23 -23 25 -14 -1 -27 -11 -22
right_child=1 4 6 17 8 9 -8 -9 -10 28 -12 -13 21 -15 18 -17 -18 -19 -20 20 29 22 -24 -25 -26 27 -28 -29 -30 -31
leaf_value=-0.049992530336900071 -0.0083287586125707653 -0.026934580675114634 -0.016441665726208508 0.021290366340579531 0.020810280878469201 -0.050893179367737122 -0.033254149816154807 0.0095611600335835951 0.034044163153985542 0.0054649124864987282 0.053425895479519425 -0.029687675005224363 0.012097775641742223 -0.057374565592996585 0.0096702161292288383 0.042827716181181502 -0.0021117198926387522 0.054167308369466552 0.023327374135143533 -0.020876368730216945 0.0092170612303216458 -0.0052571678326883385 -0.032572677670195248 0.017125725116603256 0.034244795815742794 -0.02381915340601852 -0.016972036979304616 0.07185111061974464 -0.025834881308313656 -0.013346865673707556
leaf_weight=278.51391796006828 192.29173248780353 11.505894107162019 117.57437678698989 96.994982451535179 149.92945383396 21.349026169116769 65.042823901889278 173.26907294007833 142.97954571060836 27.0502422386744 11.443330513313411 44.431813864342985 144.88327108335216 4.3121343581005922 196.30125038372353 29.015402417629957 56.340453100972809 21.778273026844545 214.36277026706375 37.856588377995649 129.85867604022496 167.57321081217378 20.713599510956556 93.641688921721652 35.220655884128064 25.032553561963145 16.339600166224045 1.9812414785847057 45.977799788945049 43.537533880313276
leaf_count=785722 27893 180 23698 2996 624 46902 37875 8342 513 13189 46 9467 982 28 1380 81 617 131 1125 4097 6454 1648 150 492 175 254 51116 6 45606 2261
internal_value=0 0.00732872 -0.00248179 0.00681313 0.0142635 -0.041948 -0.0127529 0.000150733 0.0240873 -0.0225322 0.0102548 -0.00918043 0.00971515 0.0148693 0.0156072 0.0180367 0.0145494 0.0273187 0.0167991 -0.00640945 -0.000825941 0.00522039 0.000170341 0.00276677 0.0120945 0.00755607 -0.0481627 -0.0168025 -0.0142412 0.00355155
internal_weight=0 2227.87 922.636 484.334 1305.24 389.231 438.302 365.561 378.265 94.3771 926.972 373.259 915.528 426.482 422.17 235.285 206.27 118.773 410.664 328.827 211.253 489.046 281.928 261.215 207.118 171.897 294.854 27.0138 73.028 173.396
internal_count=1074050 131515 123214 39362 8301 942535 83852 36235 1835 105697 6466 45977 6420 2713 2685 1322 1241 3127 2505 36510 12812 3707 2290 2140 1417 1242 836838 260 58795 8715
is_linear=0
shrinkage=0.05


Tree=64
num_leaves=31
num_cat=0
split_feature=0 0 40 82 89 0 94 0 153 68 82 126 82 82 137 130 93 90 119 89 129 36 2 2 114 99 40 68 76 40
split_gain=304.903 59.7922 31.0172 21.0841 21.0537 18.5979 17.9063 17.4064 12.0967 11.192 10.4443 8.95054 8.42407 8.40344 8.23402 8.41661 8.11349 7.65684 7.50061 7.30737 7.08986 7.06459 6.97423 6.70094 6.55892 6.55443 6.46204 6.36076 7.25891 6.25359
threshold=0.043984350660107828 0.48090646582193369 1.0000000180025095e-35 0.58948950000000011 1.5000000000000002 0.0088049481694041625 1.5000000000000002 0.94875966535953815 14.500000000000002 106.50000000000001 0.61380900000000016 0.19023550000000003 0.55671950000000014 0.56713550000000013 0.026069000000000005 1004.5000000000001 4.4348825000000014 16.500000000000004 0.63333333333350017 1.5000000000000002 9.5000000000000018 354.50000000000006 49700.500000000007 64.000000000000014 0.09122050000000001 0.12383150000000001 98.500000000000014 98.500000000000014 608.50000000000011 43.500000000000007
decision_type=2 2 2 2 2 2 2 2 2 2 2 2 2 2 2 2 2 2 2 2 2 2 2 2 2 2 2 2 2 2
left_child=5 8 7 4 6 24 16 9 26 10 19 29 -7 -10 15 25 18 23 -4 20 -3 -16 -17 -9 -1 -6 -2 -21 -29 -5
right_child=1 2 3 11 14 12 -8 17 13 -11 -12 -13 -14 -15 21 22 -18 -19 -20 27 -22 -23 -24 -25 -26 -27 -28 28 -30 -31
leaf_value=-0.049085832758559933 0.0025680272311918513 -0.013732664065304488 -0.037094469793360188 0.021677739037776256 0.015911501881576234 -0.05060810418635972 0.062448497872562174 0.046494338460016556 -0.029615040777393714 0.0094034743946288246 0.0057404993448813045 -0.044521222435203033 -0.014181930181558826 -0.010424303187831479 -0.018535469700225068 -0.0036379096872815098 0.044042286836010955 0.014294920520738797 -0.00022835910941136032 -0.004208007577744555 -0.04785868810537388 0.038315467421318708 -0.071731298138927049 -0.0027950460260747667 0.0090173244168078471 -0.069640322786691397 0.048269611094430565 -0.055717480010658842 0.035538975613592295 0.033986470327494196
leaf_weight=277.37051358274584 51.394706680432137 37.718868428521091 46.342975745086733 295.98249567952007 156.75721622536366 20.363924279741695 6.938991528004407 7.3350458026397964 74.68441714063556 154.64184476974333 109.52212565322407 4.5483776750043026 71.957273464959144 241.51711750946561 6.1125174472108474 18.196826400162539 4.3949688040738684 440.25208593998104 19.645697070867755 143.72141110098164 25.515155849636358 51.546012025792152 4.739802104260888 115.08390623622108 4.9436241666699052 2.2712425268255165 9.105058283894321 11.848640584124949 2.6702276596915899 158.42422831710428
leaf_count=831129 5366 1797 3907 2091 1734 46902 12 28 58472 3310 2082 29 58795 37696 48 1109 140 1894 208 5106 3446 226 312 818 5709 124 106 833 43 578
internal_value=0 0.00709772 0.0108427 0.0184211 0.00850281 -0.0416978 -0.0141829 0.00523363 -0.0110378 -0.00170143 -0.00688965 0.0252705 -0.0222167 -0.014957 0.0158231 0.0106058 -0.0217379 0.0112192 -0.0261189 -0.0131354 -0.0275026 0.0322886 -0.0177093 0.000158254 -0.0480684 0.0146897 0.009446 -0.0073942 -0.0389341 0.0259691
internal_weight=0 2200.91 1824.21 775.901 316.946 374.635 77.3226 1048.31 376.701 485.638 330.996 458.955 92.3212 316.202 239.624 181.965 70.3836 562.671 65.9887 221.474 63.234 57.6585 22.9366 122.419 282.314 159.028 60.4998 158.24 14.5189 454.407
internal_count=1074050 131515 29875 10518 7820 942535 4267 19357 101640 16617 13307 2698 105697 96168 3553 3279 4255 2740 4115 11225 5243 274 1421 846 836838 1858 5472 5982 876 2669
is_linear=0
shrinkage=0.05


Tree=65
num_leaves=31
num_cat=0
split_feature=0 0 40 0 0 104 93 91 101 74 82 82 38 40 72 68 68 149 57 100 111 92 36 66 126 95 55 90 40 40
split_gain=288.596 57.2791 26.9553 22.301 18.1643 14.6901 14.3535 10.6683 8.42717 8.35117 8.6794 7.41726 7.32396 7.12755 7.19046 6.7455 7.02266 6.36594 6.34183 6.28838 6.20167 6.26164 6.17976 6.15941 6.97433 6.06175 6.01276 6.15433 6.00522 7.98071
threshold=0.043984350660107828 0.53809039466125175 60.500000000000007 0.94875966535953815 0.0088049481694041625 7.5000000000000009 0.65857850000000007 0.58333333333350013 0.030463500000000001 7.5000000000000009 0.54931550000000018 0.57480350000000013 2.5000000000000004 1.0000000180025095e-35 398.12500000000006 22.500000000000004 29.500000000000004 0.047882500000000008 7.5000000000000009 1.0000000180025095e-35 2.5000000000000004 3.5000000000000004 382.50000000000006 0.15069600000000002 0.055580500000000012 0.010095000000000002 1.0000000180025095e-35 17.500000000000004 6861.0000000000009 3009.0000000000005
decision_type=2 2 2 2 2 2 2 2 2 2 2 2 2 2 2 2 2 2 2 2 2 2 2 2 2 2 2 2 2 2
left_child=4 5 3 6 17 7 22 -2 11 10 -8 -6 19 26 18 -7 -17 -1 -15 23 21 -19 -3 24 28 -13 27 -5 29 -4
right_child=1 2 12 13 8 15 9 -9 -10 -11 -12 25 -14 14 -16 16 -18 20 -20 -21 -22 -23 -24 -25 -26 -27 -28 -29 -30 -31
leaf_value=-0.049809589474492239 -0.0028815051562539246 0.0011837251463590987 0.019614034959558397 0.00059993380718753944 -0.047664998209778875 -0.038620503263892658 -0.035487867568958956 0.048081828110713404 0.0084161637464502913 -0.0058772268169497884 0.011027871653700984 0.031991568438203159 -0.032474655293002551 0.024631525250218063 -0.029870587893147824 0.020440441655762837 -0.017727591542505181 -0.028717767931068196 -0.022074695090180382 -0.011829861290437572 0.61581809197805271 0.079680258487982075 -0.015919905518382026 0.053744638207782927 0.043146099606995454 -0.023344988012914281 0.041808209242098965 0.013198515345061668 0.040490304807110314 -0.032136025904175781
leaf_weight=254.67198832945542 191.2852742080031 91.315908718999708 109.08599908139149 126.36161308782175 31.978283382048176 36.182650314091006 10.286277977415009 10.851370410528032 18.163223470714001 106.07888821951929 399.94545299286256 5.7753184093089649 5.1431119784829198 217.98158487863839 6.6005243060644707 13.001990076274522 164.86106217217457 14.038262186690185 7.5185199768748125 9.5696177948702807 0.038637559964627921 1.4719387346121955 125.25078457058407 23.542991001158953 48.574185035191476 34.587761091552238 15.540065716952084 416.23874401464127 32.103289403312374 7.9961620560497968
leaf_count=785722 32737 2558 911 889 66608 20090 2202 46 7838 2413 5189 2222 40 918 71 1872 50967 50945 86 236 116 55 8008 57 153 29029 63 1788 144 77
internal_value=0 0.00686854 0.0108149 0.00837854 -0.04142 -0.00981217 0.00209608 -0.000145623 -0.0220328 0.00662791 0.00986152 -0.0296778 0.0265381 0.0142049 0.0215686 -0.0189409 -0.0149375 -0.0479133 0.0230743 0.0278527 -0.0168546 -0.0184307 -0.00870812 0.0295686 0.0266905 -0.0154272 0.0111428 0.0102645 0.0213327 0.0160797
internal_weight=0 2175.32 1759.13 1523.12 360.725 416.182 732.877 202.137 90.5046 516.311 410.232 72.3414 236.015 790.241 232.101 214.046 177.863 270.221 225.5 230.872 15.5488 15.5102 216.567 221.303 197.76 40.3631 558.14 542.6 149.185 117.082
internal_count=1074050 131515 25803 24185 942535 105712 20370 32783 105697 9804 7391 97859 1618 3815 1075 72929 52839 836838 1004 1578 51116 51000 10566 1342 1285 31251 2740 2677 1132 988
is_linear=0
shrinkage=0.05


Tree=66
num_leaves=31
num_cat=0
split_feature=0 0 40 104 0 93 137 151 137 40 82 93 146 106 68 68 58 115 82 153 90 36 141 40 40 82 150 44 114 89
split_gain=273.832 54.9659 27.9763 21.9569 17.4571 16.5917 15.8944 15.2073 11.6657 12.2234 9.98421 8.70063 8.2878 7.66089 7.49548 9.96606 7.34099 7.19199 7.02702 6.87389 6.78177 9.75108 6.4857 6.41526 6.25787 6.49105 6.18743 6.18308 6.14763 6.09571
threshold=0.043984350660107828 0.60678019017954943 402.50000000000006 7.5000000000000009 0.0088049481694041625 3.3147230000000003 0.039263500000000007 0.032874500000000008 0.029091500000000003 308.50000000000006 0.53855800000000009 0.42704700000000001 1.5000000000000002 0.14535850000000003 33.500000000000007 4.5000000000000009 151.50000000000003 0.048313500000000002 0.55074600000000007 3.5000000000000004 9.5000000000000018 74.500000000000014 1.0000000180025095e-35 11.500000000000002 1.0000000180025095e-35 0.59334950000000009 0.10251600000000001 1.0000000180025095e-35 0.09122050000000001 4.5000000000000009
decision_type=2 2 2 2 2 2 2 2 2 2 2 2 2 2 2 2 2 2 2 2 2 2 2 2 2 2 2 2 2 2
left_child=4 6 3 5 28 8 10 16 9 20 -2 17 -6 18 15 -7 -5 26 -13 -12 21 -3 -4 -8 -23 -26 -9 -22 -1 -21
right_child=1 2 22 7 12 14 23 11 -10 -11 19 13 -14 -15 -16 -17 -18 -19 -20 29 27 24 -24 -25 25 -27 -28 -29 -30 -31
leaf_value=-0.048846889457684818 -0.046387923308784912 0.033975875661953758 0.056586448473328957 -0.0071051517061521659 -0.028712974668847951 0.02802578576507064 0.0010600511720991067 -0.04872197295419059 0.022977926440133811 -0.088603663775460056 0.006279897463123219 -0.069615531366520031 0.013083824491738401 -0.0018587209238085116 0.028329188960070237 -0.057485125619551061 -0.045765844608473799 0.0036362634712563419 0.018599223699656175 -0.014360195319146089 0.0092274704039666741 -0.022366946779211125 0.02787528911343903 0.031253508230727506 -0.025072064713850862 0.026419086112472984 0.068075023783152902 0.064116436373054461 0.0080032543884884597 0.042494548857802919
leaf_weight=253.73991590176047 20.773943380010678 13.614199651405213 24.284627564251423 208.51402853253239 74.07633360697946 7.7041090916027297 46.361229207221186 14.639859586168312 143.78088474879041 3.3038051538169375 50.984523011109559 2.2880881474120534 14.121139781287637 73.722705793567002 193.49829810645315 6.1094888783991337 13.047094372959689 24.203045462723821 168.88991555047687 312.060825354396 602.73341281601461 49.96031643889728 103.50273347314214 28.350653002766194 9.6143691977194994 16.842619800474495 1.2291336327325542 5.1747236056253305 4.8461932883692489 4.7867661535565267
leaf_count=831129 31661 135 54 5417 98438 71 4986 476 911 15 4911 67 7259 614 958 60 2425 385 1407 67854 5783 1435 565 507 483 184 6 21 5709 124
internal_value=0 0.00665022 0.0108403 0.00899663 -0.0412298 0.0131136 -0.00860343 0.000443542 0.0100039 0.00734377 -0.012664 0.00808254 -0.022021 0.0116166 0.025789 -0.00979405 -0.00938177 -0.0135157 0.0174201 -0.0107594 0.00779795 -0.00500926 0.0333315 0.0125175 -0.0119547 0.0077074 -0.0396755 0.0096947 -0.0477815 -0.0135013
internal_weight=0 2149.98 1686.66 1558.87 346.784 1052.34 463.318 506.534 845.024 701.243 388.606 284.973 88.1975 244.901 207.312 13.8136 221.561 40.072 171.178 367.832 697.94 90.0315 127.787 74.7119 76.4173 26.457 15.869 607.908 258.586 316.848
internal_count=1074050 131515 21472 20853 942535 10056 110043 10797 8967 8056 104550 2955 105697 2088 1089 131 7842 867 1474 72889 8041 2237 619 5493 2102 667 482 5804 836838 67978
is_linear=0
shrinkage=0.05


Tree=67
num_leaves=31
num_cat=0
split_feature=0 0 40 0 0 137 58 2 101 90 69 82 101 93 110 82 82 129 91 65 149 137 2 3 89 2 93 2 42 68
split_gain=259.23 52.9993 27.5303 17.2705 16.9979 14.7683 11.7562 11.0158 9.8818 10.295 10.5587 9.5957 8.07431 7.47898 7.12976 6.81992 6.52164 6.33381 6.11262 6.66682 6.02334 5.75932 8.08234 7.66216 5.53895 5.83437 5.73094 5.49556 5.44708 5.43818
threshold=0.043984350660107828 0.60678019017954943 6.5000000000000009 0.0083575017706393109 0.94875966535953815 0.029091500000000003 1.5000000000000002 170500.00000000003 0.064597500000000016 37.500000000000007 1.5000000000000002 0.55108450000000009 0.030463500000000001 0.45692650000000007 1.5000000000000002 0.57480350000000013 0.55278050000000012 13.500000000000002 0.58333333333350013 50.000000000000007 0.047882500000000008 0.023543000000000005 105656.50000000001 819853.50000000012 4.5000000000000009 166361.50000000003 2.2745200000000003 156.50000000000003 5.5000000000000009 35.500000000000007
decision_type=2 2 2 2 2 2 2 2 2 2 2 2 2 2 2 2 2 2 2 2 2 2 2 2 2 2 2 2 2 2
left_child=3 5 4 20 6 11 21 8 9 10 29 -2 15 -8 -9 -5 17 -6 19 -7 -1 22 27 -24 25 26 -13 -3 -25 -4
right_child=1 2 7 12 16 18 13 14 -10 -11 -12 24 -14 -15 -16 -17 -18 -19 -20 -21 -22 -23 23 28 -26 -27 -28 -29 -30 -31
leaf_value=-0.049689789749851727 -0.037331044984096458 -0.043887726500912466 0.048050687686043397 -0.047152432701926934 -0.0027929284198118442 -0.033554344574321757 -0.021077427169471169 -0.024136432761253223 0.045012187318672611 0.032556339689555722 0.016477042543622481 -0.0099706653401149502 0.0081427860093855487 -0.0020964660639280165 0.013301360923003392 -0.015668174922032225 0.012980042133162256 -0.076018399408632142 0.040577622752292535 0.0098244566199365922 -0.016580897999515915 0.023014133722135878 -0.056538608413501751 -0.012724091016516656 0.041348403624908471 -0.019270039284855881 0.011608529416955787 0.012999673322837295 0.024121776373172667 -0.051495034531837049
leaf_weight=231.83180425620139 36.794935180034372 4.3832983097527167 1.6239543500705611 30.774650528799611 16.255490861134607 10.223103943091699 65.863204396388028 14.439632166293448 59.158753828611225 120.96352817834122 111.38478425904759 153.55977261996668 17.834310719217683 244.75040394999087 106.61747477948666 38.994407224154202 662.19414056919049 3.6087053869850925 13.451063975982832 66.299845316811115 14.602099584048117 53.126996626378968 7.875734055414795 41.334936004102929 5.0889052374404846 133.04250496089298 38.477082781006175 134.95952471025521 13.244596749660557 8.8423868331883551
leaf_count=781913 44785 155 41 69174 104 2169 4281 414 191 687 1243 30309 8181 6390 542 32451 3262 47 68 4566 50816 457 288 926 105 25884 2157 1947 175 322
internal_value=0 0.00642925 0.0105564 -0.0409494 0.00681889 -0.00866027 0.000409594 0.0215791 0.0266877 0.0222232 0.0119653 -0.0131112 -0.021881 -0.00612123 0.0088358 -0.0295557 0.0121332 -0.0160957 0.00949321 0.00402925 -0.047728 0.00836708 0.00451098 -0.0104355 -0.0104121 -0.0112224 -0.00564699 0.0112102 -0.00378285 -0.0360496
internal_weight=0 2127.56 1670.63 334.037 1247.6 456.937 565.539 423.031 301.973 242.815 121.851 366.963 87.6034 310.614 121.057 69.7691 682.058 19.8642 89.974 76.5229 246.434 254.925 201.798 62.4553 330.168 325.079 192.037 139.343 54.5795 10.4663
internal_count=1074050 131515 21472 942535 18032 110043 14619 3440 2484 2293 1606 103240 109806 10671 956 101625 3413 151 6803 6735 832729 3948 3491 1389 58455 58350 32466 2102 1101 363
is_linear=0
shrinkage=0.05


Tree=68
num_leaves=31
num_cat=0
split_feature=0 0 104 40 55 0 115 82 93 40 92 104 68 98 133 76 82 151 131 82 68 36 87 62 2 68 76 2 90 36
split_gain=246.008 51.4851 30.4586 20.5735 18.6182 16.8786 12.0672 11.1489 10.4128 8.59175 8.70799 7.83639 8.85825 8.94746 8.77832 7.66603 7.45968 7.31679 8.62614 7.21444 7.18979 7.09121 6.97647 13.285 8.40732 7.12947 6.77554 6.6384 6.59111 6.57682
threshold=0.043984350660107828 0.86620967868038068 7.5000000000000009 11.500000000000002 1.0000000180025095e-35 0.0019437620776660012 0.026722500000000007 0.53219150000000004 1.3482345000000002 856.00000000000011 3.5000000000000004 7.5000000000000009 119.50000000000001 2.7750000000000004 1.5000000000000002 562.50000000000011 0.60290350000000015 0.041886500000000007 3.5000000000000004 0.58993050000000002 7.5000000000000009 5681.5000000000009 150.50000000000003 1.5000000000000002 55065.000000000007 111.50000000000001 577.50000000000011 149609.00000000003 18.500000000000004 593.50000000000011
decision_type=2 2 2 2 2 2 2 2 2 2 2 2 2 2 2 2 2 2 2 2 2 2 2 2 2 2 2 2 2 2
left_child=5 2 4 11 8 -1 16 -4 -2 10 19 12 14 -14 22 -5 -7 18 -13 -9 -19 -20 25 -24 -25 28 -12 -6 -3 -15
right_child=1 3 7 15 27 6 -8 9 -10 -11 26 17 13 29 -16 -17 -18 20 21 -21 -22 -23 23 24 -26 -27 -28 -29 -30 -31
leaf_value=-0.049760883628274383 -0.0081313082750122129 0.00059366975637719028 -0.04942382335696871 -0.0037566266818837078 0.037287930096721454 -0.047525906046896466 -0.0090065499818795611 -0.027012651812236665 0.0091438998239084645 0.017494175064188017 -0.014279663287650035 0.042641900517077648 0.03256234457901188 -0.039093815815686377 0.042790340249152209 0.028866777738572352 -0.0016073785935072932 -0.048579963306524421 -0.0064700911662985061 -0.00960151041004992 0.011943090904491471 -0.060937657846987493 -0.041254874721635783 0.025915173286014854 -0.029277327609661299 -0.029858443885520926 0.008640514860360984 0.012625777186773646 0.014888374885931888 0.014854953231226209
leaf_weight=198.25204230509735 182.65194367231015 115.37396082619671 19.935533298037626 19.655689349863678 49.441263129143408 57.13145706999785 55.833192024031632 124.21043705212651 166.96687324857703 24.631218129688932 62.99470083086635 8.5677117593586427 92.03607489168644 5.8827921017073086 17.94561162404716 214.74096593610011 10.464813243514071 5.0685312096029511 117.97536191088147 114.19458451142418 153.95470147405285 6.2944607151439405 20.641548693645746 23.604705580393784 9.7497194772586209 11.215870771557091 66.053462228112039 60.891450769371659 267.85238055489026 142.31628118047956
leaf_count=697189 27893 1141 25162 223 694 155705 78381 33712 8342 1200 11991 51 375 54 70 871 11260 37 1337 8300 992 185 211 186 92 83 3487 2433 1472 921
internal_value=0 0.00622378 -0.00307464 0.0128002 0.00576994 -0.0407238 -0.0262086 -0.0129481 0.000118784 -0.0110935 -0.0130098 0.00967076 0.0125175 0.0203177 0.00849965 0.0261311 -0.0404171 0.00277848 -0.00588341 -0.0186728 0.010014 -0.00922896 0.00712741 -0.00972832 0.00978204 0.00943482 -0.00254794 0.0236772 0.0105848 0.0127134
internal_weight=0 2104.85 871.971 1232.88 459.952 321.682 123.429 412.02 349.619 392.084 367.453 998.48 706.619 240.235 466.384 234.397 67.5963 291.861 132.838 238.405 159.023 124.27 448.438 53.996 33.3544 394.442 129.048 110.333 383.226 148.199
internal_count=1074050 131515 123214 8301 39362 942535 245346 83852 36235 58690 57490 7207 4605 1350 3255 1094 166965 2602 1573 42012 1029 1522 3185 489 278 2696 15478 3127 2613 975
is_linear=0
shrinkage=0.05


Tree=69
num_leaves=31
num_cat=0
split_feature=0 0 40 82 0 0 114 146 110 68 82 58 124 40 74 68 38 82 2 95 153 99 125 98 48 43 36 76 2 3
split_gain=233.88 49.9094 27.7588 17.623 17.3821 15.9147 11.7226 11.2091 10.7927 9.73658 9.79055 9.56567 7.37311 7.09818 7.09589 8.83765 7.0069 6.9446 6.65045 6.43117 6.3982 6.25729 6.45128 6.04962 6.17114 6.02615 5.91187 5.60537 5.59382 5.5589
threshold=0.043984350660107828 0.48090646582193369 1.0000000180025095e-35 0.57077500000000014 0.0019437620776660012 0.94875966535953815 0.026234500000000004 1.5000000000000002 1.5000000000000002 106.50000000000001 0.61380900000000016 2.5000000000000004 0.055991500000000007 297.50000000000006 6.5000000000000009 59.500000000000007 2.5000000000000004 0.60290350000000015 238.50000000000003 0.034297500000000009 3.5000000000000004 0.11430700000000001 0.040936000000000007 4.7750000000000012 4.5000000000000009 1.0000000180025095e-35 2124.5000000000005 554.50000000000011 329564.50000000006 174210.00000000003
decision_type=2 2 2 2 2 2 2 2 2 2 2 2 2 2 2 2 2 2 2 2 2 2 2 2 2 2 2 2 2 2
left_child=4 8 5 7 -1 9 17 18 20 10 12 14 -3 25 15 16 -5 -6 -4 28 -2 22 -16 -11 -25 -10 -8 -22 -20 -9
right_child=1 2 3 11 6 -7 26 29 13 23 -12 -13 -14 -15 21 -17 -18 -19 19 -21 27 -23 -24 24 -26 -27 -28 -29 -30 -31
leaf_value=-0.049725975041363377 0.020765061073109992 -0.011312094027180824 -0.055344188200331296 0.018795644416997985 -0.046689220178812316 0.010058341322964265 -0.015344483680936289 0.033236143704277223 -0.0083957658754701837 0.015599058692379889 0.0047613067876793045 0.0098852641958668257 -0.048979721199068717 0.035955230597763697 0.022167659004148688 0.032401579951242397 -0.033160813706718063 -0.00176365193302789 0.0039143466863489334 -0.053106518347554733 -0.052383668047599086 0.020505127391234661 -0.029471681711589218 -0.024176780399366406 0.010201563723818301 0.021047443607330699 0.030067867555750357 -0.018744516592941365 -0.040535479078049053 -0.0039229860118824905
leaf_weight=191.98961694674745 9.5485648081958043 195.8405787874508 7.8741708131856276 107.67758425441571 55.11708891865419 535.05182326049544 45.509400751370777 28.003462375665549 131.32383008366014 94.526645747886505 107.24258618813474 155.64761122135678 13.914385863114147 11.679736980615415 9.8029141845181602 253.06193489418365 6.9052807213738552 10.192785208684652 54.543795326899271 6.7830013816746932 13.371573750966489 52.024176544975489 15.790690489811821 24.103637584892567 28.474797020760889 20.028869743604446 8.5061826428382101 167.64404905812808 8.1334106358990521 15.711432639276607
leaf_count=697189 988 10416 1050 648 159147 2740 68384 175 18921 1422 2082 2012 809 169 63 1181 54 11377 2631 1192 18687 311 266 662 1226 1837 6438 61038 774 161
internal_value=0 0.00606387 0.00957892 0.017049 -0.0404117 0.00418126 -0.0254255 -0.000356121 -0.0110455 -0.00259427 -0.00752774 0.0205552 -0.0138108 -0.00160128 0.024285 0.0271852 0.0156645 -0.0396778 -0.0117955 -0.00685875 -0.0191252 0.0105477 -0.00969268 0.00803688 -0.00555857 -0.00449947 -0.00819311 -0.0212294 -0.00185376 0.0198809
internal_weight=0 2074.71 1721.11 721.959 311.315 999.154 119.325 121.049 353.597 464.103 316.998 600.91 209.755 163.032 445.263 367.645 114.583 65.3099 77.3344 69.4602 190.564 77.6178 25.5936 147.105 52.5784 151.353 54.0156 181.016 62.6772 43.7149
internal_count=1074050 131515 29875 10518 942535 19357 245346 5983 101640 16617 13307 4535 11225 20927 2523 1883 702 170524 5647 4597 80713 640 329 3310 1888 20758 74822 79725 3405 336
is_linear=0
shrinkage=0.05


Tree=70
num_leaves=31
num_cat=0
split_feature=0 0 40 0 0 82 1 137 82 111 110 2 2 3 93 93 40 87 58 93 112 90 43 137 153 82 82 76 149 40
split_gain=221.39 47.1184 26.8662 16.9005 16.7134 14.4098 12.5583 11.2085 10.9285 10.9225 10.1433 9.03784 8.01519 9.20244 7.83834 6.65775 6.46768 6.24981 6.18813 10.0682 5.97728 5.91892 5.83927 5.82423 5.64044 5.58483 5.54408 5.39546 5.33492 5.32733
threshold=0.043984350660107828 0.48090646582193369 2.5000000000000004 0.94875966535953815 0.0019437620776660012 0.58068350000000002 1.0000000180025095e-35 0.033014000000000009 0.55671950000000014 1.5000000000000002 1.5000000000000002 152719.50000000003 109478.50000000001 819853.50000000012 0.48545750000000004 5.9725990000000007 297.50000000000006 2.5000000000000004 1.5000000000000002 0.45692650000000007 0.19261550000000002 12.500000000000002 1.0000000180025095e-35 0.055269500000000006 3.5000000000000004 0.56989650000000014 0.55804050000000005 554.50000000000011 0.094543000000000002 542.50000000000011
decision_type=2 2 2 2 2 2 2 2 2 2 2 2 2 2 2 2 2 2 2 2 2 2 2 2 2 2 2 2 2 2
left_child=4 10 3 7 28 6 9 12 -6 15 24 17 18 -14 -10 -4 22 -7 -3 -20 -19 -15 25 -5 -2 -12 -16 -26 -1 -28
right_child=1 2 5 23 8 11 -8 -9 14 -11 16 -13 13 21 26 -17 -18 20 19 -21 -22 -23 -24 -25 27 -27 29 -29 -30 -31
leaf_value=-0.050449824310872943 0.018843204552171405 0.0088020985549175073 -0.023996854039083748 0.0096214050255744293 -0.050289972953394879 0.035909351115974424 0.057039600341038936 0.016720979051907999 -0.036785821625060888 0.011744744486226637 -0.03710528096914268 0.012082047678112559 -0.042953073279020648 -0.02359112124803522 0.050737585683384316 0.040551127213429197 0.034425924281034054 0.022586842092340163 -0.034478651511391532 -0.00020944314665460157 -0.040187834465094323 -0.0022464281358124645 0.020631599499328551 0.032106508024175869 -0.052190397382038928 -0.0046153335312144389 -0.01171320355798844 -0.018405905093597956 0.032149676857380009 0.099651040260118687
leaf_weight=181.36216437838448 9.4361282894169545 135.96157455824141 43.924961823857302 591.38103640952613 31.810090713202953 141.59645471768454 10.731652844697235 74.549004762695404 29.303107679040295 83.463570169813465 14.96014609505073 118.08352538594045 21.662355861957622 45.156877686960797 4.1581808430964875 4.3945363927632561 11.504503391450269 124.35517065809108 25.557771305397182 132.80679545998282 3.9113253802061072 115.6854644586856 20.035813059876091 30.274056680500507 12.730230492717963 114.15071920739138 49.766835060673657 164.86430109046705 1.9761483274924092 1.097569283060692
leaf_count=695700 988 2594 3687 3075 104481 575 26 1148 71319 670 6263 757 1427 2866 1198 189 169 943 3193 4653 24 3911 1837 137 18687 12658 68114 61038 1489 234
internal_value=0 0.00586317 0.00928678 0.00506424 -0.0401584 0.0186243 0.00502776 -0.00130832 -0.0253173 0.000792217 -0.0109111 0.0236191 -0.00412706 -0.0123594 -0.0158969 -0.0181264 -0.00169635 0.0286673 0.000977603 -0.00574 0.0206726 -0.008239 -0.00448266 0.0107164 -0.0188261 -0.00837996 -0.00477221 -0.0208276 -0.0495595 -0.00931015
internal_weight=0 2051.18 1703.5 1173.03 299.474 530.461 142.515 551.38 116.136 131.783 347.682 387.946 476.831 182.505 84.3257 48.3195 160.651 269.863 294.326 158.365 128.266 160.842 149.147 621.655 187.031 129.111 55.0226 177.595 183.338 50.8644
internal_count=1074050 131515 29875 23004 942535 6871 4572 19792 245346 4546 101640 2299 18644 8204 140865 3876 20927 1542 10440 7846 967 6777 20758 3212 80713 18921 69546 79725 697189 68348
is_linear=0
shrinkage=0.05


Tree=71
num_leaves=31
num_cat=0
split_feature=0 0 0 104 40 40 82 83 93 2 69 104 92 82 95 57 40 66 126 3 127 129 40 114 150 98 40 125 61 83
split_gain=208.384 35.6204 32.9273 23.543 19.4249 13.6862 11.7869 11.6679 9.02895 8.74746 8.64652 8.44361 7.62583 7.45022 11.1917 9.19475 7.34896 7.34344 7.76545 7.09831 7.04833 6.92531 6.53539 6.39726 6.09607 5.96239 5.84701 5.69348 5.91829 5.50498
threshold=0.11665055024126079 0.94875966535953815 0.0088049481694041625 7.5000000000000009 3.5000000000000004 1.0000000180025095e-35 0.55835550000000012 10.000000000000002 3.8531275000000007 166361.50000000003 3.5000000000000004 1.5000000000000002 3.5000000000000004 0.60433850000000011 0.047355000000000001 1.5000000000000002 38.500000000000007 0.096819500000000017 0.03239100000000001 3321.0000000000005 6.5000000000000009 18.500000000000004 6861.0000000000009 0.09122050000000001 0.073704000000000006 1.1666666666650001 4462.5000000000009 0.057059500000000006 2.5000000000000004 140.50000000000003
decision_type=2 2 2 2 2 2 2 2 2 2 2 2 2 2 2 2 2 2 2 2 2 2 2 2 2 2 2 2 2 2
left_child=2 3 23 5 -3 8 21 11 29 16 13 22 -11 14 25 -15 -8 18 26 -17 -20 -5 -4 -1 -16 -7 -6 28 -18 -2
right_child=1 4 7 6 17 10 9 -9 -10 12 -12 -13 -14 15 24 19 27 -19 20 -21 -22 -23 -24 -25 -26 -27 -28 -29 -30 -31
leaf_value=-0.048397183608364314 -0.0055204144405646858 0.010352211426933162 -0.0094956582791631532 -0.011130340463996852 0.0075405861478024666 -0.042161293005382718 -0.0021299140516189154 -0.0057453947466036895 0.02154819220335441 -0.022424945273878647 0.043988972336167276 -0.043093973811197228 0.0006813916786722724 0.031759040152709077 -0.04039988726783017 -0.085233427572276088 0.030623906010609256 0.057391265544538744 0.044437704023707197 0.0080366566050489013 0.016353566101919837 -0.040766994589051087 0.36928780178640652 0.01127652124827078 0.050363567751044704 0.012264212924892631 0.051181486635957951 -0.05332679323891281 -0.045701776648259973 0.015668318655543318
leaf_weight=204.79399861878755 255.67913899504856 628.64221775205806 24.621706528670078 41.754682669008616 63.468192954314873 5.2366375575074917 210.71897402187096 94.310139238079501 43.082373001350788 92.853307149118336 23.515361048193881 53.269739555049455 58.020474493299844 79.46516788325971 17.180175296798556 2.1386847562389439 36.804248642511084 19.846155114471912 62.8297543018125 44.166133911523502 34.668577108066529 37.338143309621955 0.11440448524353897 4.5919630667303855 2.073231659771408 128.88047417809867 8.7309747636318189 2.4410147018788839 2.7280277092941096 34.829700151312863
leaf_count=831129 17160 3273 22753 6620 334 103 11839 51528 1080 7534 142 78625 2328 760 2458 103 507 48 212 534 185 24016 81 5709 24 4181 23 48 23 690
internal_value=0 0.00665362 -0.0337663 0.000855683 0.0145826 0.00717269 -0.00747148 -0.0175782 0.000187701 -0.00401239 0.0148716 -0.0318842 -0.0135391 0.0124187 0.00502165 0.0214391 0.00167567 0.028613 0.0252474 0.00372878 0.0344515 -0.0251212 -0.00774379 -0.0470885 -0.0306264 0.0101392 0.012818 0.0207809 0.0253569 -0.00298005
internal_weight=0 1937.09 381.702 1118.91 818.186 636.247 482.659 172.316 333.591 403.566 302.656 78.0059 150.874 279.141 153.371 125.77 252.692 189.544 169.697 46.3048 97.4983 79.0928 24.7361 209.386 19.2534 134.117 72.1992 41.9733 39.5323 290.509
internal_count=1074050 84225 989825 80150 4075 27235 52915 152987 18930 22279 8305 101459 9862 8163 6766 1397 12417 802 754 637 397 30636 22834 836838 2482 4284 357 578 530 17850
is_linear=0
shrinkage=0.05


Tree=72
num_leaves=31
num_cat=0
split_feature=0 0 40 0 82 118 2 137 82 93 68 68 44 140 90 60 76 82 40 93 87 98 74 95 93 68 149 81 57 127
split_gain=195.224 57.2958 24.6112 16.1049 15.2416 13.6317 10.8732 10.405 9.34679 9.04536 8.42549 13.1295 7.46901 10.0175 8.79368 7.15584 6.94692 6.93971 6.65666 6.61651 6.55168 7.32551 6.49261 6.45224 12.0433 7.45955 6.07902 5.84585 5.76939 5.63957
threshold=0.37969951586789719 0.0067794565405618597 2.5000000000000004 0.94875966535953815 0.54296050000000007 2.5000000000000004 120938.00000000001 0.023543000000000005 0.55341550000000017 0.65857850000000007 100.50000000000001 99.500000000000014 1.0000000180025095e-35 20.500000000000004 43.500000000000007 17.500000000000004 583.50000000000011 0.57077500000000014 1070.5000000000002 0.44643900000000009 5.5000000000000009 55.125000000000007 6.5000000000000009 0.010348000000000001 1.0763235000000002 13.500000000000002 0.047882500000000008 0.049441500000000006 15.500000000000002 14.500000000000002
decision_type=2 2 2 2 2 2 2 2 2 2 2 2 2 2 2 2 2 2 2 2 2 2 2 2 2 2 2 2 2 2
left_child=1 26 3 7 -3 12 8 10 28 18 11 16 13 15 -15 -4 -2 -8 -6 -12 -18 -22 -21 -19 25 -25 -1 -11 -7 -5
right_child=2 4 5 29 9 6 17 -9 -10 27 19 -13 -14 14 -16 -17 20 23 -20 22 21 -23 -24 24 -26 -27 -28 -29 -30 -31
leaf_value=-0.049744059868028469 -0.01793516852797274 -0.049601717571652 0.028380882531735752 0.010605903230251913 -0.022875561821806906 -0.03086597462583417 -0.037635825991993985 0.013604453335857511 0.019537829746509985 -0.005559694963712114 -0.025646293015165605 -0.051691041597927256 0.049027055466974619 -0.034099440342406376 0.025424203043210393 -0.038771565704267826 -0.011319282139042755 0.027023400115176666 0.039306279046512189 0.015954798389645451 0.012272934517498755 -0.025716488271836164 -0.0043835045561780965 -0.058135735682874001 -0.040555080929292303 0.015701224432704778 -0.013375703449109898 0.046536716922175064 0.054925879097324541 -0.024548691569398901
leaf_weight=184.17320135392583 97.538272639838397 27.627154359531232 175.408831539331 604.9218479260453 131.96678967239404 14.570862231896173 13.401387092388175 93.865502806074801 190.69602144345117 191.12558648338745 16.869894404935621 17.417472798228118 31.112409874796867 13.587079837685453 11.420124227646737 4.0589337227866045 92.614467003208119 18.557331079617143 4.4490751810053544 91.920888847438619 90.176820236432832 14.767870783412944 68.468641368599492 3.7830022467533118 18.174621598562226 35.70874755186378 12.254715903888608 5.5409460338705676 2.2641570347041116 11.627612735144792
leaf_count=766009 9214 68817 877 3098 97012 3001 1422 1826 2410 53154 1995 1924 92 176 48 28 2504 121 1163 1989 2357 2295 1963 84 177 445 49603 58 74 114
internal_value=0 -0.0257467 0.00827757 0.00430767 -0.0139143 0.0172211 0.0100997 -0.00164533 0.016385 -0.0109543 -0.00456796 -0.00950696 0.0262037 0.022731 -0.00691658 0.0268621 -0.00701713 -0.00445433 -0.0208476 0.00413967 -0.00162672 0.00692704 0.00727259 0.00137952 -0.00687281 0.00862822 -0.0474751 -0.00409191 -0.0193278 0.00994292
internal_weight=0 557.137 1732.93 1200.19 360.71 532.744 297.156 583.64 207.531 333.082 489.774 312.515 235.587 204.475 25.0072 179.468 295.097 89.6251 136.416 177.259 197.559 104.945 160.39 76.2237 57.6664 39.4917 196.428 196.667 16.835 616.549
internal_count=1074050 1035816 38234 29279 220204 8955 7734 26067 5485 151387 24241 18294 1221 1129 224 905 16370 2249 98175 5947 7156 4652 3952 827 706 529 815612 53212 3075 3212
is_linear=0
shrinkage=0.05


Tree=73
num_leaves=31
num_cat=0
split_feature=0 0 40 0 104 104 93 82 40 82 116 115 120 0 72 149 0 106 2 123 36 90 68 93 60 48 44 93 68 40
split_gain=184.664 41.6361 21.3999 18.4736 16.7732 12.0234 10.9543 10.4526 9.57831 9.19707 9.0215 7.654 7.98644 7.33256 7.98363 7.07222 6.93122 6.96651 6.84538 6.77915 6.56485 7.18009 6.55706 6.508 10.0109 8.70389 6.50535 5.86845 5.83466 5.79653
threshold=0.043984350660107828 0.60678019017954943 34.500000000000007 0.0044021329524748061 7.5000000000000009 6.5000000000000009 3.5522430000000003 0.5414135000000001 3.5000000000000004 0.55671950000000014 4.5000000000000009 0.10611650000000002 1.5000000000000002 0.94875966535953815 59.125000000000007 0.0080790000000000011 0.7740980979447657 0.58335850000000011 236801.00000000003 0.24139200000000002 74.500000000000014 18.500000000000004 22.500000000000004 1.7249155 10.500000000000002 3.5000000000000004 1.0000000180025095e-35 0.7350350000000001 29.500000000000004 1.0000000180025095e-35
decision_type=2 2 2 2 2 2 2 2 2 2 2 2 2 2 2 2 2 2 2 2 2 2 2 2 2 2 2 2 2 2
left_child=3 5 4 -1 6 8 10 -6 -2 -5 20 12 15 14 18 -12 -9 23 -4 -8 -3 26 -7 -18 25 -25 29 -11 -24 -22
right_child=1 2 13 9 7 22 19 16 -10 27 11 -13 -14 -15 -16 -17 17 -19 -20 -21 21 -23 28 24 -26 -27 -28 -29 -30 -31
leaf_value=-0.048037634203267954 -0.0061720905848589953 0.039702702211304113 0.028069931764608563 -0.049885256718554087 -0.044138423426026821 -0.036421803286848672 0.024082348830861619 -0.014835108104992112 0.018976198056507326 -0.027665966101052153 -0.058427662705754918 0.0082036618150446144 0.0045479002976372947 0.034557074969956261 -0.010065227553304516 -0.012478837747826103 -0.00063935981698947145 -0.079696756906446536 0.00098342955610200631 -0.041671302495602781 -0.0061156091051243373 0.012962111147055805 0.019528175131493616 0.015490525903433951 0.044418802827048937 -0.026865768637886169 0.066955899132882288 0.0013311667318587487 -0.015492296831295535 0.01304296015003022
leaf_weight=179.77435778212748 153.68515797372311 18.356572693446651 93.590845057973638 20.46096833429965 13.902914800266442 35.852288164256606 154.21556478788261 66.938144596264465 50.240205731866808 31.895163300550848 15.465274554357164 54.492851396207698 23.236352551553864 85.988011246547103 24.196520373167004 18.26405908470042 263.9113327646628 2.5465961247682563 31.068760033580475 4.0221437672153106 126.10066517824453 423.26166131295031 12.797401834504852 51.031972909346223 21.824486460536718 15.910176188219337 3.687650149135151 38.521612303461552 168.39767726795071 57.475108888189425
leaf_count=777854 28165 153 534 71815 2703 21318 889 3330 5612 61610 556 601 328 324 591 362 3587 10 247 23 2339 3392 1961 288 101 204 25 31256 52987 885
internal_value=0 0.00526902 0.00901423 -0.03875 0.00656514 -0.00869404 0.0104699 -0.00148117 2.3584e-05 -0.0203772 0.00791764 -0.00519293 -0.018008 0.0229326 0.0162177 -0.0335469 -7.6354e-05 0.00270477 0.0213192 0.022411 0.0102413 0.00935545 -0.0168846 0.00329977 0.0150112 0.00542368 0.00120351 -0.011803 -0.0130189 -0.000117318
internal_weight=0 1990.46 1569.49 270.652 1334.64 420.973 898.578 436.066 203.925 90.8777 740.34 111.459 56.9657 234.844 148.856 33.7293 422.163 355.225 124.66 158.238 628.882 610.525 217.047 352.678 88.7666 66.9421 187.263 70.4168 181.195 183.576
internal_count=1074050 131515 21472 942535 19776 110043 9553 10223 33777 164681 8641 1847 1246 1696 1372 918 7520 4190 781 912 6794 6641 76266 4180 593 492 3249 92866 54948 3224
is_linear=0
shrinkage=0.05


Tree=74
num_leaves=31
num_cat=0
split_feature=0 0 40 82 89 82 93 94 2 2 109 40 134 126 83 93 104 68 36 90 93 3 42 3 3 129 93 66 149 99
split_gain=175.851 50.5002 22.9062 18.8534 14.5268 14.3681 14.3473 11.9961 10.439 10.1639 9.51234 9.26134 8.45499 7.35125 7.27401 7.19302 7.11532 7.30337 6.79605 6.51923 7.32828 6.75123 6.45367 7.78751 9.39862 7.17013 6.58784 6.34764 6.26954 5.82312
threshold=0.33581906297173442 0.0067794565405618597 1.0000000180025095e-35 0.58948950000000011 1.5000000000000002 0.54296050000000007 0.72513300000000014 1.5000000000000002 206877.50000000003 2826.5000000000005 2.5000000000000004 297.50000000000006 1.5000000000000002 0.19023550000000003 154.00000000000003 4.4348825000000014 6.5000000000000009 103.50000000000001 123.50000000000001 50.500000000000007 0.53179550000000009 12049.500000000002 3.5000000000000004 21284.000000000004 7534.5000000000009 8.5000000000000018 0.94184950000000012 0.13751950000000004 0.047882500000000008 0.12383150000000001
decision_type=2 2 2 2 2 2 2 2 2 2 2 2 2 2 2 2 2 2 2 2 2 2 2 2 2 2 2 2 2 2
left_child=1 28 6 4 7 -3 10 15 12 22 18 16 29 27 -11 -4 17 -7 -2 20 21 -12 25 24 26 -8 -24 -5 -1 -6
right_child=2 5 3 13 8 11 9 -9 -10 14 19 -13 -14 -15 -16 -17 -18 -19 -20 -21 -22 -23 23 -25 -26 -27 -28 -29 -30 -31
leaf_value=-0.049577838027890599 0.01443112034403532 -0.050817626300457441 -0.02407730564653102 0.020281768882487641 0.0144570345123593 -0.013343098548624486 0.029861329700147439 0.057330260993786714 -0.0090612082870545341 0.0020253072677148044 0.041983627425532223 0.028780596858330332 0.047936675592969984 -0.045521595274888756 0.041474925072036914 0.040531796166010554 -0.020899133811752481 0.010445516241263865 -0.013903223311044301 -0.062209249492779534 0.041708647045737915 -0.012784347458883544 -0.041559871730200794 0.034082833918963128 -0.039183684967370229 -0.0011490722808031974 0.014688555142763746 0.044782924057099924 -0.011799905075416563 -0.05778216453905817
leaf_weight=168.73520858244137 23.542438782111276 24.69913135015031 64.971883416415949 385.48417464151862 148.30115829130227 93.898896605210211 93.623850976844551 5.4359017312526694 49.028845436143456 520.97150239398616 7.6204987465753247 13.853403807878747 19.683423093520105 4.0753136889543375 11.953090288210658 4.6137962679276816 144.51902010543654 49.15444462434516 209.35623946627675 2.732356409309431 18.61301240650937 21.508774108369835 5.9761542057967736 17.928336754412157 14.101101710577494 23.274082739066216 40.36681053963548 28.381287276977673 11.747031093430449 2.8431305164049254
leaf_count=766009 659 67372 6743 3095 3279 40860 612 12 1102 10819 65 2882 97 31 86 205 87645 17107 13031 48 223 578 97 156 171 439 307 86 49603 631
internal_value=0 -0.0258985 0.00760871 0.0144737 0.00479286 -0.0141548 0.00277121 -0.0142053 0.0112756 0.00648583 -0.00677437 -0.0111506 0.0171124 0.0213039 0.00291013 -0.0197935 -0.0130742 -0.00516911 -0.0110391 0.0129036 0.0172024 0.00154348 0.0162445 0.0051431 -0.00344072 0.0236872 0.00743504 0.021962 -0.047119 0.0130982
internal_weight=0 506.607 1724.39 712.819 294.878 326.125 1011.57 75.0216 219.857 728.195 283.373 301.426 170.828 417.941 532.925 69.5857 287.572 143.053 232.899 50.4746 47.7423 29.1293 195.27 78.3724 60.4441 116.898 46.343 413.865 180.482 151.144
internal_count=1074050 1031478 42572 15281 12069 215866 27291 6960 5109 12687 14604 148494 4007 3212 10905 6948 145612 57967 13690 914 866 643 1782 731 575 1051 404 3181 815612 3910
is_linear=0
shrinkage=0.05


Tree=75
num_leaves=31
num_cat=0
split_feature=0 0 112 115 40 40 76 140 74 93 1 2 40 0 76 2 2 129 102 135 90 140 66 98 93 69 114 82 95 0
split_gain=165.681 41.1492 24.4406 18.1308 17.2918 14.2059 10.6844 11.0109 10.0954 9.38454 8.76148 7.81052 7.30236 6.7198 6.54897 7.40023 6.8702 10.7805 8.01395 6.8219 6.29334 6.70411 7.07753 6.95037 6.17576 5.93703 5.68185 5.28632 5.27202 5.21495
threshold=0.043984350660107828 0.86620967868038068 0.092032000000000017 0.049371500000000006 7.5000000000000009 100.50000000000001 670.50000000000011 189.50000000000003 8.5000000000000018 4.1027810000000011 1.0000000180025095e-35 593143.50000000012 2.5000000000000004 0.012339227772512141 573.50000000000011 42084.000000000007 3434.5000000000005 6.5000000000000009 23.500000000000004 1.5000000000000002 47.500000000000007 24.500000000000004 0.086694000000000007 17.916666666650006 3.5522430000000003 1.0000000180025095e-35 0.09122050000000001 0.53219150000000004 0.0090165000000000019 0.0021075803230419543
decision_type=2 2 2 2 2 2 2 2 2 2 2 2 2 2 2 2 2 2 2 2 2 2 2 2 2 2 2 2 2 2
left_child=3 2 6 13 9 24 7 8 10 14 11 27 26 -1 15 16 17 28 -18 -17 21 -6 23 -23 -4 -11 29 -2 -3 -5
right_child=1 4 5 12 20 -7 -8 -9 -10 25 -12 -13 -14 -15 -16 19 18 -19 -20 -21 -22 22 -24 -25 -26 -27 -28 -29 -30 -31
leaf_value=-0.049635375843346853 -0.053300216450478222 0.040407931069963154 -0.00069969223305875634 -0.049130639776613992 0.021633273935281055 0.03164059875038551 0.05725251385974104 -0.034023005590155732 -0.029646768241799362 9.6218999409869633e-05 0.044917108619362406 -0.01852319676778108 0.056481641545206608 -0.025992221422607494 0.0079651281808893939 -0.029037828171499105 -0.0035883256092967067 -0.032187258889021929 0.042878047316890419 0.043089250867041178 0.033580089427381637 -0.046082956461404437 0.050344557911506049 0.01088623878324696 0.021319212557645309 0.029386218737622562 0.018552299107922596 -0.0019328205056360053 -0.019620211232553666 -0.012332410173123722
leaf_weight=160.33410243881826 5.0986320238444014 11.088089607656004 206.06692242367717 14.800332645995693 122.93281081155874 51.346220721286954 5.7812358719238537 47.494985089882903 51.23226447043271 22.538522103102878 8.2467125468538125 109.47556429799079 3.5645758739328803 36.985307493902837 692.65929502050858 35.878849718952551 18.550235584378242 23.268036777502857 18.566460735397413 3.6079624481499186 88.70088092982769 10.995353315025573 4.5457444936037055 10.434784467215648 37.665526253607823 74.450785488355905 9.0005500297484087 283.70595674223659 5.4582245787605634 27.549949040665524
leaf_count=709869 6057 52 12442 113154 597 278 104 38789 13092 146 34 17510 4343 62559 5053 600 214 380 141 16 357 118 16 195 882 354 6675 34026 62 45935
internal_value=0 0.00493293 -0.00371894 -0.0381318 0.0110311 0.00773841 -0.0103346 -0.0111079 -0.00873036 0.00788274 -0.00609438 -0.00715062 -0.0127213 -0.0452037 0.00612091 -0.00485174 0.00417972 -0.010247 0.019655 -0.0224475 0.0230368 0.0167565 -0.00632315 -0.0183435 0.00270303 0.0225798 -0.0175251 -0.00283967 0.0206061 -0.0251924
internal_weight=0 1949.79 806.114 252.235 1143.68 295.079 511.035 505.254 457.759 906.066 406.527 398.28 54.9154 197.319 809.077 116.418 76.931 39.8144 37.1167 39.4868 237.61 148.909 25.9759 21.4301 243.732 96.9893 51.3508 288.805 16.5463 42.3503
internal_count=1074050 131515 123214 942535 8301 13602 109612 109508 70719 7018 57627 57593 170107 772428 6518 1465 849 494 355 616 1283 926 329 313 13324 500 165764 40083 114 159089
is_linear=0
shrinkage=0.05


Tree=76
num_leaves=31
num_cat=0
split_feature=0 0 104 115 40 85 40 82 92 151 106 90 44 129 43 0 93 40 2 3 99 82 68 42 106 95 112 2 90 116
split_gain=157.855 39.1802 24.0274 16.9641 16.4472 14.3043 9.4541 8.55507 8.12705 7.84736 9.69699 7.54073 7.67141 7.28151 6.8404 6.75648 6.57425 6.50149 6.43508 6.4031 9.06928 7.77068 7.3642 8.22404 6.82165 6.66889 6.65827 6.50611 6.31858 7.53248
threshold=0.043984350660107828 0.86620967868038068 7.5000000000000009 0.049371500000000006 2.5000000000000004 0.019188000000000004 1758.5000000000002 0.56680450000000004 3.5000000000000004 0.092087500000000003 0.20418300000000003 47.500000000000007 1.0000000180025095e-35 7.5000000000000009 1.0000000180025095e-35 0.012339227772512141 0.94184950000000012 11.500000000000002 106680.00000000001 68784.500000000015 0.1894315 0.5489710000000001 42.500000000000007 6.5000000000000009 0.17426350000000004 0.0021160000000000003 0.047835000000000009 156.50000000000003 22.500000000000004 3.5000000000000004
decision_type=2 2 2 2 2 2 2 2 2 2 2 2 2 2 2 2 2 2 2 2 2 2 2 2 2 2 2 2 2 2
left_child=3 2 5 15 19 9 7 -4 -9 14 18 12 13 -6 -2 -1 -16 -5 -11 20 21 -3 24 25 -21 -24 -25 -23 -27 -30
right_child=1 4 6 17 11 -7 -8 8 -10 10 -12 -13 -14 -15 16 -17 -18 -19 -20 22 -22 27 23 26 -26 28 -28 -29 29 -31
leaf_value=-0.049499889133491341 -0.0073781677451595154 -0.03087047023105377 -0.027326306861048085 -0.016086691002270195 0.018037591968706034 0.027572344000763211 0.022202847423489984 -0.015901768175931742 0.003347011465256412 0.034334271514384382 -0.0060452275911244656 0.030493270688521357 0.041747113820784221 -0.004030496616310688 -0.0099518203720885476 -0.025493156609635761 0.040666409152082916 0.086584191911413755 0.0041531925773473817 0.00608723521871738 -0.029945108698828299 -0.0037897539315837102 -0.050886108048599769 -0.042873349000554707 0.031317902000396726 -0.020108422919615777 0.019341891060283323 0.016888067247196006 0.0059369652486505253 -0.024279984407573257
leaf_weight=153.90193104219452 215.74911601164604 9.7335689308820275 97.972851301788069 51.799040296706153 114.01754297828302 57.752167421102058 18.191355173483316 177.70654648864729 79.308978402768844 45.037357763503678 49.721022369689308 118.44376077805646 22.710250586271286 55.610676786804106 10.992174345567038 36.202881431292553 15.403695749912002 1.5892137379951226 29.0554523676401 152.50115796166938 12.58758704055799 43.233912598574534 8.4527095893863571 4.6887510707601896 32.499059159774333 53.055938520585187 51.919670692528598 316.71429255383555 109.68154418235645 25.400386176537722
leaf_count=709869 30774 179 56957 168900 580 403 1208 21106 4581 1411 2417 513 81 661 2379 62559 578 1207 1400 1270 118 376 72 84 181 748 436 2042 722 238
internal_value=0 0.00479048 -0.00370159 -0.0379343 0.0107726 0.00444636 -0.0129528 -0.0147544 -0.00996205 0.00079684 0.0110361 0.0205684 0.0144565 0.0108028 -0.00443871 -0.0449281 0.0195872 -0.0130305 0.0224988 0.00706207 0.0117912 0.0132124 0.0029365 -0.00260404 0.0105195 -0.00743953 0.0141887 0.0144044 -0.00548755 0.000255064
internal_weight=0 1928.14 796.891 243.493 1131.25 423.711 373.18 354.988 257.016 365.959 123.814 310.782 192.338 169.628 242.145 190.105 26.3959 53.3883 74.0928 820.469 382.269 369.682 438.199 253.199 185 196.591 56.6084 359.948 188.138 135.082
internal_count=1074050 131515 123214 942535 8301 39362 83852 82644 25687 38959 5228 1835 1322 1241 33731 772428 2957 170107 2811 6466 2715 2597 3751 2300 1451 1780 520 2418 1708 960
is_linear=0
shrinkage=0.05


Tree=77
num_leaves=31
num_cat=0
split_feature=0 0 112 40 98 2 74 82 55 106 151 36 106 0 0 123 38 90 127 76 149 123 68 112 44 98 36 113 68 110
split_gain=151.865 47.5483 22.4646 18.4255 13.0179 11.6608 12.5093 11.1533 8.82791 8.44496 7.54764 7.51132 7.38996 7.32331 7.24849 6.80033 6.49943 6.1517 6.11502 6.04311 5.78498 5.72032 5.6701 5.64433 5.60664 5.86246 6.41163 5.58069 5.57428 10.1446
threshold=0.37969951586789719 0.0067794565405618597 0.073181500000000024 1.5000000000000002 19.100000000000005 667258.50000000012 8.5000000000000018 0.55209450000000004 1.0000000180025095e-35 0.21233350000000004 0.094389500000000015 997.50000000000011 0.15961450000000002 0.94875966535953815 0.94875966535953815 0.059289500000000009 1.5000000000000002 71.500000000000014 7.5000000000000009 573.50000000000011 0.047882500000000008 0.16310900000000003 119.50000000000001 0.071471000000000021 1.0000000180025095e-35 7.083333333335001 1542.5000000000002 0.025220500000000003 103.50000000000001 1.5000000000000002
decision_type=2 2 2 2 2 2 2 2 2 2 2 2 2 2 2 2 2 2 2 2 2 2 2 2 2 2 2 2 2 2
left_child=1 20 5 8 10 6 7 11 14 21 18 -2 13 19 -4 -12 24 -15 28 27 -1 -8 -13 -21 25 -5 -27 -9 -3 -30
right_child=2 4 3 16 -6 -7 9 12 -10 -11 15 22 -14 17 -16 -17 -18 -19 -20 23 -22 -23 -24 -25 -26 26 -28 -29 29 -31
leaf_value=-0.049363631464473402 0.019839766462329465 -0.014547133791961361 -0.00042534752873231522 0.021763219703749823 -0.029725192826571985 -0.016727806846638212 -0.025945606205223438 -3.0949589950262752e-05 0.035991186812033435 0.034461506319409384 0.032123640858532726 -0.051363598596043253 -0.015667960267796915 0.014305149965706161 0.0099148212907672253 -0.0056455121312004308 -0.018565764765008735 0.041377982967418452 -0.02963516350853725 0.012662798568540254 -0.011757721650918006 0.057511263900226373 -0.0097455384808876888 -0.048924451364899507 0.039555037498910976 -0.018989612476339634 0.026834446188016899 -0.038819496773579272 -0.021452408994521201 0.022326622153962222
leaf_weight=148.16851637020955 10.014201177546054 101.73156891639246 281.03166178413085 286.01716469367966 91.358530513254664 96.79007731110687 59.840389932956896 44.920935671965708 25.087970734108239 7.1072259566280982 20.245237183574318 15.674748524117602 27.78007486712886 70.773838831344619 427.00421444186941 28.973839789562589 10.314707408659158 29.825731640681624 39.338075606185157 147.60240176944353 10.984723949439283 2.1261773341102517 17.12551991955479 3.8164293211884788 39.119772653561085 19.26496593083721 12.643104608636348 11.685171246470416 21.774971868484499 33.730445966340994
leaf_count=766009 369 42245 7343 1747 123025 6467 3089 2242 201 98 2385 5303 526 467 2150 5449 91 114 28482 4355 49603 21 2250 131 139 273 106 752 12560 6058
internal_value=0 -0.0242429 0.0073117 0.0114232 -0.0136099 -0.000989141 0.00240897 0.00597362 0.00684343 -0.0171612 -0.00762001 -0.0180623 0.0090327 0.0112561 0.00581063 0.00989004 0.0205629 0.0223317 -0.0120042 0.00589997 -0.0467681 -0.0230821 -0.0296342 0.0111105 0.0216933 0.0194954 -0.000832502 -0.00803805 -0.00759326 0.00515195
internal_weight=0 496.306 1645.57 1100.48 337.153 545.083 448.293 379.219 733.124 69.0738 245.794 42.8145 336.405 308.625 708.036 49.2191 367.36 100.6 196.575 208.025 159.153 61.9666 32.8003 151.419 357.045 317.925 31.9081 56.6061 157.237 55.5054
internal_count=1074050 1035816 38234 12050 220204 26184 19717 16509 9694 3208 97179 7922 8587 8061 9493 7834 2356 581 89345 7480 815612 3110 7553 4486 2265 2126 379 2994 60863 18618
is_linear=0
shrinkage=0.05


Tree=78
num_leaves=31
num_cat=0
split_feature=0 0 104 82 68 82 40 81 90 2 98 148 91 3 93 3 36 76 87 36 3 113 76 36 149 48 3 112 114 66
split_gain=142.961 47.8096 18.9278 13.8878 12.389 11.5811 12.5067 10.4662 8.56791 8.86891 10.227 8.11355 8.16778 7.47202 7.43533 8.63698 8.05414 7.5935 7.25278 6.46706 6.41555 6.25746 9.21144 10.2562 8.1304 6.0573 6.04943 5.88654 6.45555 6.84632
threshold=0.0067794565405618597 0.48090646582193369 7.5000000000000009 0.57480350000000013 121.50000000000001 0.54966050000000011 23.500000000000004 0.059455000000000008 249.50000000000003 2826.5000000000005 3.7083333333350006 2.5000000000000004 0.87500000000000011 279065.50000000006 0.45160350000000005 33530.500000000007 1122.5000000000002 626.50000000000011 354.50000000000006 1808.5000000000002 40642.000000000007 0.043979000000000004 610.50000000000011 914.50000000000011 0.049929000000000008 3.5000000000000004 8407.0000000000018 0.091351000000000016 0.052667500000000013 0.11662250000000002
decision_type=2 2 2 2 2 2 2 2 2 2 2 2 2 2 2 2 2 2 2 2 2 2 2 2 2 2 2 2 2 2
left_child=-1 3 4 -2 7 -4 14 8 9 10 18 12 -5 -8 17 16 -16 -7 21 -20 -12 -3 24 26 -23 -6 -24 -11 -29 -30
right_child=1 2 5 11 25 6 13 -9 -10 27 20 -13 -14 -15 15 -17 -18 -19 19 -21 -22 22 23 -25 -26 -27 -28 28 29 -31
leaf_value=-0.04661456261958543 -0.026343730179416869 0.038882569487490679 -0.027996208875453718 -0.010708536185677095 0.026702529107097545 -0.017590427583185627 0.034018951784022589 0.035956660581130694 0.042140204739615557 -0.0044671365351995982 -0.00093637559772779633 0.016930851159334143 0.044830609709148178 0.0024784523532445386 -0.0053869234788053322 -0.0038273811858249313 0.023863388415515673 0.058384750662529961 -0.068800593801538315 0.022260229089229297 0.037592737539557768 0.0027308287602004181 0.018821858295211245 0.041724438900648725 -0.088812209381955748 0.001582875873897775 -0.056644124592481526 0.01573202748372602 0.0031474244420730104 -0.091611196738878603
leaf_weight=152.60238351770386 118.40814377283641 62.738362578325905 35.105830216336471 229.72154100475836 161.21917213198321 84.293254946329398 43.209655649916385 34.161053894087672 17.685776609112509 160.13667236409674 90.136122069423436 34.247502904914654 6.8162328464932207 33.209512900153641 36.103124192042742 219.66312442379422 67.599370972951874 3.422333098598755 3.7605146788991979 4.0492520527914166 12.275724118342621 8.649353025830349 5.8950562751851958 30.266514480579644 3.3707436653785399 28.196200378504727 4.832360521890223 136.56005556543823 282.86596582003403 1.919093932956456
leaf_count=815612 149799 356 6498 75017 936 3997 378 147 113 4494 1618 3707 40 423 544 3988 806 30 57 26 166 143 46 115 37 630 56 1052 3212 7
internal_value=0 0.00362837 0.00751428 -0.0120605 0.0113881 -0.000259443 0.00173793 0.00883666 0.00771388 0.00695984 0.0153657 -0.00581481 -0.00910808 0.0203124 -0.00171502 0.00178724 0.0136801 -0.0146262 0.0250496 -0.0215869 0.00368196 0.0281961 0.0155495 0.0268353 -0.0229402 0.0229632 -0.0151732 0.00369316 0.00679456 0.00250887
internal_weight=0 1960.52 1571.32 389.193 1048.72 522.606 487.5 859.303 825.142 807.456 225.974 270.785 236.538 76.4192 411.081 323.366 103.702 87.7156 123.562 7.80977 102.412 115.752 53.014 40.9939 12.0201 189.415 10.7274 581.482 421.345 284.785
internal_count=1074050 258438 29875 228563 13211 16664 10166 11645 11498 11385 2620 78764 75057 801 9365 5338 1350 4027 836 83 1784 753 397 217 180 1566 102 8765 4271 3219
is_linear=0
shrinkage=0.05


Tree=79
num_leaves=31
num_cat=0
split_feature=0 0 104 40 40 83 0 83 60 2 2 3 2 89 0 112 93 2 76 68 40 129 96 113 149 76 55 149 72 86
split_gain=135.588 45.7708 27.4568 16.8605 14.144 11.4292 10.7469 8.85937 8.38327 8.36263 6.85414 6.64736 6.9489 6.55341 6.59874 6.5397 6.24901 6.23815 6.13803 7.73531 6.11933 6.01386 5.81116 6.15075 5.8021 5.78323 5.65495 5.58409 5.48536 5.33396
threshold=0.0067794565405618597 0.7740980979447657 6.5000000000000009 6.5000000000000009 2.5000000000000004 10.000000000000002 0.94875966535953815 140.50000000000003 13.500000000000002 1093855.0000000002 435.50000000000006 68784.500000000015 156.50000000000003 2.5000000000000004 0.17215690376152604 0.086886500000000019 0.61858450000000009 144.50000000000003 669.50000000000011 100.50000000000001 1758.5000000000002 5.5000000000000009 0.11761300000000001 0.086234000000000019 0.047882500000000008 575.50000000000011 1.0000000180025095e-35 0.0052245000000000008 130.29166666650005 2.5000000000000004
decision_type=2 2 2 2 2 2 2 2 2 2 2 2 2 2 2 2 2 2 2 2 2 2 2 2 2 2 2 2 2 2
left_child=24 2 3 7 11 13 8 22 28 10 -7 12 17 14 -4 -13 21 27 -18 -20 25 -14 -2 -24 -1 -12 -17 -3 -6 -9
right_child=1 4 5 -5 6 9 -8 29 -10 -11 20 15 16 -15 -16 26 18 -19 19 -21 -22 -23 23 -25 -26 -27 -28 -29 -30 -31
leaf_value=-0.049146901646994548 -0.0089905089511993341 -0.024839288854138913 -0.045576812384613891 0.022241483641708647 0.016576123223422074 -0.047316604081457977 0.02631593421795056 -0.0065868565128578823 -0.018332708308096322 -0.03068564977878176 -0.020556741704460046 -0.0056445404385330302 0.026818131748911817 0.0067432386185966075 -0.022587870140651028 0.004653707079336337 0.017309082443690792 -0.047266985239820057 -0.06652786003567987 0.016394418994783489 0.037444035388927294 -0.012286571431437184 0.041546901258510453 -0.071551025124513987 -0.01069446770752022 0.002796750596717842 0.034523342760505608 0.0144431602720979 -0.011554865685200692 0.036816211390042451
leaf_weight=135.98015274209138 207.62294622855734 13.824663073144619 48.683344354838482 84.898585788213495 143.12612835300388 8.4927681545923388 175.23375666490756 10.947443591523554 24.264779521268792 35.667088858206625 37.176485159097865 181.78868235551636 13.01051289931638 12.685697788409014 86.994494352875336 314.10661949764472 285.10486352881708 8.0930396793701203 5.0212257803650555 6.3932456541806459 9.6120506181796355 40.242647937004222 9.9220087178327923 1.3678835671744316 10.572969074528372 92.394620001356088 16.687427651137114 26.17681158403866 19.716201931900287 20.030122588494123
leaf_count=766009 62825 221 89336 8945 1044 6423 863 1334 301 9239 21872 3361 150 4746 26041 2526 2083 168 46 35 299 895 529 42 49603 12762 121 231 561 1439
internal_value=0 0.00350442 -0.00711066 0.00299088 0.009063 -0.0173061 0.017418 -0.00354938 0.00908474 -0.00895712 -0.00370919 0.00573787 0.0105872 -0.0276234 -0.0308367 0.00197383 0.0130374 -0.00723269 0.0158697 -0.0200831 -0.00104832 -0.00273273 -0.00709086 0.027844 -0.0463728 -0.00390382 0.00616053 0.000866995 0.0131702 0.0214776
internal_weight=0 1939.29 666.496 334.789 1272.79 331.707 362.341 249.89 187.107 183.343 147.676 910.45 397.867 148.364 135.678 512.583 349.772 48.0945 296.519 11.4145 139.183 53.2532 218.913 11.2899 146.553 129.571 330.794 40.0015 162.842 30.9776
internal_count=1074050 258438 245832 75114 12606 170718 2769 66169 1906 50595 41356 9837 3829 120123 115377 6008 3209 620 2164 81 34933 1045 63396 571 815612 34634 2647 452 1605 2773
is_linear=0
shrinkage=0.05


Tree=80
num_leaves=31
num_cat=0
split_feature=0 0 40 0 58 105 74 136 93 82 2 82 96 100 43 123 3 68 76 3 121 72 40 110 123 89 124 68 40 149
split_gain=128.835 43.1674 17.4318 16.4132 15.097 13.6766 10.2644 8.21365 6.96544 6.93345 6.81975 6.55155 6.4056 6.36174 6.33928 6.90668 6.3215 6.29269 8.30983 6.47868 6.27478 6.17664 6.59415 6.05052 6.04763 5.74918 5.93369 7.04022 5.84821 5.70292
threshold=0.0067794565405618597 0.53809039466125175 172.50000000000003 0.94875966535953815 3.5000000000000004 1.0000000180025095e-35 7.5000000000000009 0.029086500000000005 0.53833900000000012 0.55341550000000017 201361.00000000003 0.59831000000000012 0.04683650000000001 4.5000000000000009 1.0000000180025095e-35 0.069319000000000019 256066.50000000003 103.50000000000001 574.50000000000011 494301.50000000006 3.5000000000000004 398.12500000000006 3.5000000000000004 1.5000000000000002 0.14635200000000004 2.5000000000000004 0.012433500000000002 104.50000000000001 1.0000000180025095e-35 0.047882500000000008
decision_type=2 2 2 2 2 2 2 2 2 2 2 2 2 2 2 2 2 2 2 2 2 2 2 2 2 2 2 2 2 2
left_child=29 4 3 5 7 14 11 17 -8 -6 12 25 -11 21 15 -3 -10 18 -2 -20 -13 22 -5 -19 -21 26 -7 28 -28 -1
right_child=1 2 -4 13 9 6 8 -9 16 10 -12 20 -14 -15 -16 -17 -18 23 19 24 -22 -23 -24 -25 -26 -27 27 -29 -30 -31
leaf_value=-0.049004261540058276 -0.044069042979261466 -0.031499232584013624 0.024167996931178683 0.010170581067498451 -0.042189692329750589 -0.015575127391030839 -0.041172356879602891 0.011271220994028561 0.0044837076224434778 0.011604459430676131 -0.031000733850437029 0.012750789845883374 -0.017651380629410095 -0.023735358634835359 0.032926861627702364 0.0071162780316327764 -0.021253191336463955 -0.018208081115522138 -0.027479127539457238 0.0060834694296168848 -0.039596536607642785 -0.017671582494297185 0.02343836266130048 0.015551584037926464 -0.051942561806226001 0.010846929368123762 -0.024794785965420743 0.019774283597323361 0.014881763927565562 -0.010688089740650247
leaf_weight=130.40178532640493 21.215749567702005 57.241478571671905 139.33958621008787 551.58257626113482 34.316457672894103 77.311413205785357 16.203745338265435 72.876876514018477 59.602130242245039 27.345874512360751 54.411611811145121 240.641435456404 59.246548660953522 12.942318707588127 5.3104381636803728 14.515801731875397 39.784519660985097 19.971118678138737 31.085197273265294 51.097405086229628 5.8641602466814211 17.498468169826083 112.80021218210459 39.565847792081513 4.9229623913379319 78.300950367789483 25.689993792024325 36.965548591775587 14.546135716373099 10.492593330587622
leaf_count=766009 16002 4189 1061 3061 86419 5480 1372 12129 1465 11570 34364 3171 36800 104 209 388 1159 9123 8247 9692 85 169 551 7112 1177 1495 1011 608 225 49603
internal_value=0 0.00338279 0.00732094 0.00560345 -0.0108735 3.19285e-05 0.00259932 -0.00274545 -0.0107747 -0.0220342 -0.0171289 0.00582455 -0.00841239 0.0109918 -0.0197866 -0.0236877 -0.00581878 -0.00883089 -0.0160081 -0.00917342 0.0115055 0.0116509 0.0124232 0.00422722 0.000984253 -0.00019049 -0.00578381 0.00402143 -0.0104509 -0.0461508
internal_weight=0 1922.2 1506.14 1366.8 416.056 671.978 594.91 240.735 115.59 175.32 141.004 479.32 86.5924 694.824 77.0677 71.7573 99.3866 167.858 108.321 87.1056 246.506 681.881 664.383 59.537 56.0204 232.814 154.513 77.2017 40.2361 140.894
internal_count=1074050 258438 25803 24742 232635 20857 16071 63482 3996 169153 82734 12075 48370 3885 4786 4577 2624 51353 35118 19116 3256 3781 3612 16235 10869 8819 7324 1844 1236 815612
is_linear=0
shrinkage=0.05


Tree=81
num_leaves=31
num_cat=0
split_feature=0 0 104 115 55 137 3 68 151 106 98 2 74 126 3 3 74 102 79 87 2 40 0 68 2 116 43 93 72 126
split_gain=121.84 33.5111 22.4533 15.2991 12.9043 12.5989 10.1018 8.44436 8.3767 9.03187 7.07145 9.88874 6.65443 6.33159 6.92357 10.9111 9.59584 6.6048 6.51811 6.06258 5.973 5.97069 5.96706 5.82268 6.36946 8.90281 5.64717 5.79333 5.63804 7.48652
threshold=0.043984350660107828 0.86620967868038068 7.5000000000000009 0.049371500000000006 1.0000000180025095e-35 0.053537000000000008 107642.50000000001 17.500000000000004 0.092087500000000003 0.20418300000000003 2.9166666666650003 3185.5000000000005 8.5000000000000018 0.027136500000000004 20577.500000000004 15838.500000000002 11.500000000000002 9.5000000000000018 11.500000000000002 12.500000000000002 518026.50000000006 11.500000000000002 0.012339227772512141 29.500000000000004 746738.00000000012 5.5000000000000009 1.0000000180025095e-35 0.65857850000000007 2.5500000000000003 0.13778400000000005
decision_type=2 2 2 2 2 2 2 2 2 2 2 2 2 2 2 2 2 2 2 2 2 2 2 2 2 2 2 2 2 2
left_child=3 2 4 22 8 6 10 19 26 -10 11 28 23 -12 15 16 18 -16 -15 20 -4 -5 -1 -9 -25 -26 -2 -28 29 -3
right_child=1 5 7 21 -6 -7 -8 12 9 -11 13 -13 -14 14 17 -17 -18 -19 -20 -21 -22 -23 -24 24 25 -27 27 -29 -30 -31
leaf_value=-0.048973012854641042 -0.0098345465789116768 0.023376826801369762 0.012071792880631404 -0.014876301670434886 0.020265105320423141 0.026094588794462071 0.0025241409050889502 0.013317138775042859 0.022752894036389915 -0.0071554276064733219 -0.0050869295138375337 0.0040439721142048503 -0.030738551152014945 0.015889850771967806 0.0050002185296282925 -0.034204908268807142 -0.025183067032072348 0.030074672968879113 -0.043588939119372033 -0.04448422522838584 -0.044711858232187179 0.087626712675707236 -0.025020262590528721 -0.0057257059024950719 -0.037398284902852262 0.014361197361925869 -0.022460516054303284 0.03158027085733877 0.040000553180143221 -0.046636616994675931
leaf_weight=125.03344819853919 179.5380082242591 38.472297251282725 12.182817316606817 46.483574915539066 94.260996954872098 106.21071511227638 455.22520601807628 30.405734175708858 62.222020933229942 42.473429002580815 66.42878929071594 53.616733946371824 34.089667390238901 138.57371786236763 39.983779424568638 15.567653829231856 17.624868791783229 76.529344244860113 4.7645154165802515 33.548598999395836 7.4711766868203986 1.4654521771981297 32.827504319348918 185.8519968821256 37.930182725986015 10.637816064718207 6.9798796060385966 17.131995287538302 62.467202195897698 4.2388722775503984
leaf_count=709869 28231 193 1360 168900 3127 551 3869 3381 2699 2370 884 373 9194 898 275 141 294 453 101 20416 1050 1207 62559 37767 9716 968 2030 905 239 30
internal_value=0 0.00409267 -0.00399032 -0.0364788 0.00407498 0.00974277 0.00795874 -0.0132121 -0.000874338 0.0106195 0.0127323 0.0215197 -0.00994541 0.00885047 0.0120099 0.00576612 0.00963194 0.0214699 0.0139128 -0.0315655 -0.00951368 -0.0117435 -0.043992 -0.00726881 -0.00993894 -0.0260614 -0.00678328 0.0159366 0.0304283 0.0164283
internal_weight=0 1834.43 754.724 205.81 402.606 1079.7 973.493 352.118 308.345 104.695 518.268 158.795 298.915 359.473 293.044 176.531 160.963 116.513 143.338 53.2026 19.654 47.949 157.861 264.826 234.42 48.568 203.65 24.1119 105.178 42.7112
internal_count=1074050 131515 123214 942535 39362 8301 7750 83852 36235 5069 3881 835 61026 3046 2162 1434 1293 728 999 22826 2410 170107 772428 51832 48451 10684 31166 2935 462 223
is_linear=0
shrinkage=0.05


Tree=82
num_leaves=31
num_cat=0
split_feature=0 0 104 40 137 93 2 82 89 83 120 82 68 40 95 82 40 98 42 3 93 112 104 42 36 100 149 148 3 90
split_gain=116.342 40.7561 25.765 13.366 11.1742 11.8778 12.2906 9.94431 7.86746 7.62465 7.29263 8.17045 7.42935 6.66593 7.46254 8.24448 6.49187 6.40703 9.4331 6.9592 6.25169 6.16495 6.12938 5.6346 7.01157 5.5724 5.50866 5.57499 5.42973 5.31813
threshold=0.0067794565405618597 0.7740980979447657 6.5000000000000009 6.5000000000000009 0.053537000000000008 1.7729355000000002 746738.00000000012 0.54217850000000012 1.5000000000000002 140.50000000000003 1.5000000000000002 0.57231250000000011 105.50000000000001 1183.5000000000002 0.010095000000000002 0.58993050000000002 1.0000000180025095e-35 11.550000000000002 10.500000000000002 227.00000000000003 1.1800840000000001 0.19261550000000002 1.5000000000000002 21.500000000000004 942.50000000000011 1.5000000000000002 0.047882500000000008 2.5000000000000004 272900.50000000006 34.500000000000007
decision_type=2 2 2 2 2 2 2 2 2 2 2 2 2 2 2 2 2 2 2 2 2 2 2 2 2 2 2 2 2 2
left_child=26 2 3 9 5 8 17 -4 10 -2 11 -3 20 14 -9 -16 28 18 19 -7 25 -8 -22 -6 -25 -13 -1 -28 -17 -11
right_child=1 4 7 -5 23 6 21 13 -10 29 -12 12 -14 -15 15 16 -18 -19 -20 -21 22 -23 -24 24 -26 -27 27 -29 -30 -31
leaf_value=-0.048793994122203241 -0.0065400878362653824 -0.032996856464523626 -0.045755680185242668 0.019966715982284652 0.024491800705172539 0.037221005243158932 -0.03205538709188465 -0.0029000442133274447 0.0060138072580492846 -0.010407305158826721 0.02954301533144045 -0.0011685320935509557 0.011578459214623386 0.018823500897724939 -0.030904984134461261 -0.00057949322057255213 0.0091077207357921127 -0.00691484394063755 0.043260381456305834 0.012767511104201405 0.0054667014667098453 0.020124388196380561 -0.064930127736743101 -0.079470536071439127 0.041962196508299854 -0.041585513142699246 -0.013068858423841732 0.51583496614094515 -0.030655771641419107 0.034710057581450869
leaf_weight=119.61593881502222 211.12256499105388 29.0717926983707 27.87331910454941 84.084039258037592 123.44999193772674 32.607698228210211 20.710224054739232 76.065741448557674 544.43506758358853 9.5791194904231833 13.30863231862895 62.637192135443911 49.84960303036496 14.280091115067078 105.29091068211619 24.007132673326851 29.083052206213324 27.470844087787555 33.777105546090752 270.07849288498983 4.5100399409420779 7.789779568091034 9.8348200703039748 2.920530251460149 2.0046942140907049 9.8722770970780385 10.121345144829316 0.05006955487624587 40.024038798324909 20.529269217777255
leaf_count=766009 63396 1431 67637 8945 693 113 290 21372 5819 1502 117 938 486 1174 63459 4193 2278 425 176 1649 45 35 101 37 12 239 49483 120 10605 1271
internal_value=0 0.00315066 -0.00708193 0.00280037 0.00842957 0.00682252 0.0138267 -0.0172355 0.00302349 -0.00318318 -0.00606741 -0.00892624 -0.00380733 -0.0144824 -0.0162152 -0.0213201 -0.0104817 0.0163029 0.0181985 0.0154018 -0.0126379 -0.0177933 -0.0427973 0.0223995 -0.0300443 -0.00667137 -0.0457902 -0.0104653 -0.0193793 0.0203558
internal_weight=0 1886.27 641.939 325.315 1244.33 1115.95 392.434 316.624 723.519 241.231 179.084 165.776 136.704 288.751 274.471 198.405 93.1142 363.934 336.463 302.686 86.8543 28.5 14.3449 128.375 4.92522 72.5095 129.787 10.1714 64.0312 30.1084
internal_count=1074050 258438 245832 75114 12606 11864 2688 170718 9176 66169 3357 3240 1809 103081 101907 80535 17076 2363 1938 1762 1323 325 146 742 49 1177 815612 49603 14798 2773
is_linear=0
shrinkage=0.05


Tree=83
num_leaves=31
num_cat=0
split_feature=0 0 104 40 85 82 93 43 2 129 2 82 83 76 42 40 95 76 57 125 98 40 150 69 102 99 116 147 93 100
split_gain=110.317 38.66 25.7462 13.0726 12.7632 11.0254 8.67441 7.08302 7.05095 8.98676 11.2564 6.79277 6.43166 6.44249 6.28136 6.0814 6.43536 8.13151 6.06785 6.01794 5.98273 5.68556 5.56665 9.68975 5.51872 6.21967 5.49118 6.81426 6.37638 6.22294
threshold=0.0067794565405618597 0.86620967868038068 7.5000000000000009 172.50000000000003 0.067069500000000018 0.54061850000000011 0.75316150000000015 1.0000000180025095e-35 2826.5000000000005 8.5000000000000018 156.50000000000003 0.57734750000000012 140.50000000000003 657.50000000000011 6.5000000000000009 1758.5000000000002 0.010095000000000002 575.50000000000011 3.5000000000000004 0.04590700000000001 2.0833333333350006 7.5000000000000009 0.060122000000000002 1.0000000180025095e-35 110.50000000000001 0.072770000000000015 3.5000000000000004 2.5000000000000004 1.1370125000000002 1.0000000180025095e-35
decision_type=2 2 2 2 2 2 2 2 2 2 2 2 2 2 2 2 2 2 2 2 2 2 2 2 2 2 2 2 2 2
left_child=-1 2 4 6 12 -4 20 15 9 10 -8 -11 13 21 26 16 -7 -18 -13 -9 -3 -2 -12 -24 -17 -26 29 28 -28 -10
right_child=1 3 5 -5 -6 7 8 19 14 11 22 18 -14 -15 -16 24 17 -19 -20 -21 -22 -23 23 -25 25 -27 27 -29 -30 -31
leaf_value=-0.045574127610941047 -0.0074052934359391566 0.019016999308027607 -0.044762030438686852 0.028620231118112821 0.033211410501405157 -0.0048735006073161065 -0.012202695003216218 0.015661693917671568 0.010060261230149909 -0.032641548348350612 0.03609065911177288 -0.0024205451539403597 0.016445212382606128 0.020698692018656768 0.0181307157439622 0.030163646027712626 -0.038334345588214379 -0.01543661575332146 0.027865121395172977 -0.056843614248090424 -0.0031459935292084875 0.0095453513526213112 -0.045751485174784189 0.024228894756565457 0.063433319494635931 -0.079707078848492319 0.004910898984278711 0.0061350309180379994 -0.040864017534661554 -0.0094568700149121696
leaf_weight=124.48310741572323 244.97130286467564 35.249588219914585 28.101998975379502 81.021342304884456 32.836609875888826 88.814988179594366 18.164305376354605 31.818101661936453 264.49584189051529 10.888170091086065 97.041130882687867 40.75239854445681 56.010074252768391 28.932686292730068 102.28814868908376 12.997243687521406 50.881310611327535 162.926618784526 27.835022238781676 3.1447069412824922 223.61705228104256 61.987747260624928 5.8323088046163312 32.569500523619354 1.0616788415863987 2.6610033916849716 11.721596355549989 38.124442484229803 21.677237438969314 48.299781412584707
leaf_count=815612 65177 277 65057 388 173 20298 108 10112 1581 142 413 298 3253 1221 686 405 39915 34703 184 937 3005 8307 35 136 87 492 124 250 214 460
internal_value=0 0.00303913 -0.00520512 0.00931929 0.00326819 -0.0146164 0.00772123 -0.0122254 0.0105446 0.0176954 0.0247574 0.00404623 0.000759315 -0.00185631 0.00711936 -0.0145646 -0.0161864 -0.0208857 0.00987037 0.00914025 -0.000128083 -0.00398226 0.0297141 0.0136006 0.0147901 -0.0388846 0.00418864 -0.00831003 -0.0247989 0.00704656
internal_weight=0 1866.72 807.146 1059.58 424.738 382.408 978.557 354.306 719.69 233.083 153.607 79.4756 391.902 335.892 486.607 319.343 302.623 213.808 68.5874 34.9628 258.867 306.959 135.443 38.4018 16.7199 3.72268 384.319 71.5233 33.3988 312.796
internal_count=1074050 258438 250137 8301 78131 172006 7913 106949 4631 1316 692 624 77958 74705 3315 95900 94916 74618 482 11049 3282 73484 584 171 984 579 2629 588 338 2041
is_linear=0
shrinkage=0.05


Tree=84
num_leaves=31
num_cat=0
split_feature=0 0 82 40 115 66 154 93 46 68 3 2 36 74 140 115 100 76 102 113 68 68 82 68 90 96 36 93 113 93
split_gain=105.433 31.1052 19.8624 20.3694 14.3013 12.1109 11.5675 10.3259 8.1824 8.04071 8.32138 7.93665 8.57987 6.87721 6.86816 8.00516 6.81025 6.41671 6.29731 6.33683 6.21213 8.62348 7.36347 5.74711 5.57057 5.80699 5.51744 8.53697 6.78746 5.85902
threshold=0.043984350660107828 0.94875966535953815 0.56680450000000004 1.0000000180025095e-35 0.049371500000000006 0.096819500000000017 0.73214285714300009 0.75316150000000015 1.5000000000000002 117.50000000000001 8.9884656743000007e+307 550920.50000000012 526.50000000000011 6.5000000000000009 15.500000000000002 0.074029500000000012 1.0000000180025095e-35 594.50000000000011 39.500000000000007 0.0090415000000000027 104.50000000000001 99.500000000000014 0.60014550000000011 100.50000000000001 94.500000000000014 0.047993000000000001 481.50000000000006 1.7249155 0.0017535000000000003 0.27669050000000006
decision_type=2 2 2 2 2 2 2 2 2 2 2 2 2 2 2 2 2 2 2 2 2 2 2 2 2 2 2 2 2 2
left_child=4 2 6 7 -1 9 8 -4 -2 26 13 16 -13 -11 15 -12 -5 18 -15 -20 21 -9 -23 -24 25 -19 -3 29 -29 -28
right_child=1 5 3 11 -6 -7 -8 20 -10 10 14 12 -14 17 -16 -17 -18 24 19 -21 -22 22 23 -25 -26 -27 27 28 -30 -31
leaf_value=-0.043450856668347942 -0.01577789518515223 0.013706135327507252 -0.015426864218032618 0.016003519489146103 -0.011232371754789189 0.05285721082644021 0.013670287008843117 -0.0022873688323839765 -0.043029769453126705 0.027000960454981571 -0.093409015807048232 0.010561151716290851 -0.020582186079101301 -0.026381025381587528 0.029238922540332196 -0.0078168049764931156 -0.0091736356296839884 -0.052821944499129553 0.06293157635186683 -0.014774093646402304 0.0079707332665766694 -0.066156932012854691 -0.036090738009514622 0.033473812391987115 0.050106553384558029 0.015908956930372049 -0.063620394269423439 -0.056022808340619679 0.013875637406625663 -0.0042805885783919785
leaf_weight=142.2215048754565 85.707277862509727 169.25135920615867 171.48436363921428 274.38978141470943 45.450693799533383 17.526090826839209 23.497181535389245 194.58512561682437 40.587969772372162 146.38037587527651 4.0760910939425257 49.309495041274204 40.099851308092184 19.345867766067389 5.9768654279178 8.2827939130365831 29.773385629214317 3.2660236805677405 4.9399904478341323 5.5954098263755441 134.72759324814251 10.277302183647409 7.6282956723007356 4.860973147326149 11.492902040947227 52.045391180319712 4.2862056475132695 3.5766870127990833 119.86990951257758 141.05797962192446
leaf_count=772428 39922 934 26886 7885 170107 58 1687 9929 28334 693 22 1343 1747 173 45 46 2015 14 22 56 5269 1403 886 134 42 293 76 22 566 1013
internal_value=0 0.00375031 -0.00166201 0.00109505 -0.0356481 0.0118044 -0.0185427 -0.00536551 -0.0245359 0.0107758 0.0177155 0.00968943 -0.00340655 0.0201657 -0.0147652 -0.036046 0.013539 0.00981729 -0.00944236 0.0216617 -0.00046501 -0.00569399 -0.0348103 -0.00901538 0.018432 0.0118505 0.00663447 0.0021816 0.0118504 -0.00603052
internal_weight=0 1783.9 1066.93 917.136 187.672 716.97 149.792 523.564 126.295 699.444 261.402 393.573 89.4093 243.066 18.3358 12.3589 304.163 96.6856 29.8813 10.5354 352.079 217.352 22.7666 12.4893 66.8043 55.3114 438.042 268.791 123.447 145.344
internal_count=1074050 131515 127440 57497 942535 4075 69943 44507 68256 4017 1406 12990 3090 1293 113 68 9900 600 251 78 17621 12352 2423 1020 349 307 2611 1677 588 1089
is_linear=0
shrinkage=0.05


Tree=85
num_leaves=31
num_cat=0
split_feature=0 0 93 104 44 81 0 127 40 119 82 101 149 82 36 93 150 76 57 76 2 147 149 3 60 83 124 106 95 82
split_gain=101.085 35.7446 15.9376 13.3277 12.4228 8.0036 7.93114 9.94131 7.43082 7.38856 6.99939 6.96001 6.84954 6.22018 6.04799 7.08092 5.6294 8.67035 5.48535 5.42901 5.34579 6.6699 6.39972 5.13132 7.17924 5.95022 4.93885 5.60698 4.93739 6.26226
threshold=0.0067794565405618597 0.53809039466125175 1.7729355000000002 6.5000000000000009 1.0000000180025095e-35 0.048863000000000011 0.94875966535953815 7.5000000000000009 12.500000000000002 0.63333333333350017 0.53524550000000015 0.096816000000000013 0.049929000000000008 0.54217850000000012 4834.5000000000009 3.8531275000000007 0.074527000000000024 631.50000000000011 16.500000000000004 611.50000000000011 567261.00000000012 7.5000000000000009 0.013803000000000001 115433.50000000001 10.500000000000002 134.00000000000003 0.087535500000000016 0.22809200000000004 0.038249500000000013 0.60359150000000017
decision_type=2 2 2 2 2 2 2 2 2 2 2 2 2 2 2 2 2 2 2 2 2 2 2 2 2 2 2 2 2 2
left_child=19 3 4 5 6 28 7 10 14 -6 -3 12 18 -5 -4 -16 -14 -18 -8 -1 21 -10 -22 24 25 -12 27 -19 -2 -30
right_child=1 2 8 13 9 -7 11 -9 20 -11 23 -13 16 -15 15 -17 17 26 -20 -21 22 -23 -24 -25 -26 -27 -28 -29 29 -31
leaf_value=-0.048383175531820234 0.0044930397505961372 -0.059581648917173116 0.012480975047301182 -0.045605676320998011 -0.00062804598774437212 0.042949010337172584 0.0083110443542199781 -0.017632241176911267 0.033006849498905443 0.049299373117038019 0.0044384249148760576 0.041867844521248115 -0.035303418997951037 -0.016518233000639242 -0.047110813643697624 0.0046395734129851506 0.03381682299288799 0.022899304439106528 -0.044926824419368669 -0.0080547252752499032 0.026103284445659677 -0.02197245984416828 -0.055079932867144132 -0.0024521184719475458 -0.020778792680591116 0.02913741972477257 -0.060886147921101176 -0.04390189344342102 -0.033730611706151929 -0.0036830979877922015
leaf_weight=107.06541221719817 94.308051880367202 4.7606872454853137 364.84021918929648 20.452064793191767 11.116615943166833 9.8146676983360503 367.5526156310807 92.208248328875925 86.409554579855467 22.224044528091326 55.71846252346586 13.448792723007498 17.284111167886294 181.36260989805396 9.2183548992470588 23.361045572120929 11.857952303253116 7.7349166078493017 4.9029590310528866 9.0506641748534076 5.5816720619040989 5.8926580401603124 4.295906032435596 260.9285442704022 16.071653633742244 43.360931910836371 5.4585732808336607 5.2892613206058741 24.04353993008317 62.195612583518596
leaf_count=758500 31779 2465 2955 64475 226 95 2333 4410 458 89 2943 51 170 97745 631 924 65 53 66 57112 53 33 40 6577 582 595 48 36 22331 16210
internal_value=0 0.00286787 0.00651357 -0.010514 0.00267792 -0.0010234 0.00157557 -0.00290147 0.0137298 0.0326523 0.000665111 0.00646074 0.00532718 -0.019466 0.0106378 -0.0100032 -0.0125276 0.000447003 0.00761023 -0.0452398 0.0257557 0.0294969 -0.00920451 0.00142776 0.0102194 0.0152476 -0.020962 -0.00422939 -0.00341377 -0.0120604
internal_weight=0 1831.69 1439.52 392.177 939.918 190.362 906.578 473.049 499.599 33.3407 380.84 433.529 420.08 201.815 397.42 32.5794 47.6248 30.3407 372.456 116.116 102.18 92.3022 9.87758 376.08 115.151 99.0794 18.4828 13.0242 180.547 86.2392
internal_count=1074050 258438 25803 232635 20709 70415 20394 17572 5094 315 13162 2822 2771 162220 4510 1555 372 202 2399 815612 584 491 93 10697 4120 3538 137 89 70320 38541
is_linear=0
shrinkage=0.05


Tree=86
num_leaves=31
num_cat=0
split_feature=0 0 112 82 40 40 43 69 101 3 126 73 93 98 68 83 99 72 95 82 130 82 149 99 76 90 90 115 123 127
split_gain=96.2892 35.9708 22.7744 11.699 10.6243 10.1388 8.10747 8.49644 6.63173 6.34003 6.31242 6.31052 6.27603 6.27214 6.19569 8.42303 5.75416 5.55809 5.54702 8.71541 5.97616 5.40522 5.35876 5.15482 5.09537 5.22414 6.30055 5.77204 7.60401 7.60274
threshold=0.0067794565405618597 0.86620967868038068 0.092032000000000017 0.54061850000000011 1594.0000000000002 8.5000000000000018 1.0000000180025095e-35 1.5000000000000002 0.078854500000000008 107642.50000000001 0.055297500000000006 2.5000000000000004 0.76547350000000003 11.550000000000002 100.50000000000001 134.00000000000003 0.17810800000000002 2.0833333333350006 0.042013000000000002 0.58611250000000015 605.50000000000011 0.5677525000000001 0.047882500000000008 0.09230300000000001 655.50000000000011 70.500000000000014 55.500000000000007 0.093441500000000025 0.064926000000000025 8.5000000000000018
decision_type=2 2 2 2 2 2 2 2 2 2 2 2 2 2 2 2 2 2 2 2 2 2 2 2 2 2 2 2 2 2
left_child=22 2 3 -2 13 9 7 12 18 14 11 -7 -5 -4 15 -3 24 -11 19 23 -21 -16 -1 -9 25 26 27 28 29 -17
right_child=1 5 4 6 -6 10 -8 8 -10 17 -12 -13 -14 -15 21 16 -18 -19 -20 20 -22 -23 -24 -25 -26 -27 -28 -29 -30 -31
leaf_value=-0.048382294547561523 -0.043454244688724469 -0.011314942403373 0.0048759202848688947 -0.023814631242619511 0.039178391460259476 0.0094534555730974232 0.010525362040265995 0.001057262078033976 0.035882034571365497 0.023547550459110951 0.031535571830459012 0.050297584247608468 -0.0096017810531771053 -0.033789086392366198 -0.0036006173977207313 0.028572386670455321 -0.032598697370067806 0.00048317473418483294 -0.026667452279636152 0.032459114863105827 -0.043015102434499852 0.019359632079077625 -0.0089048926954975235 -0.030370704104348164 0.061969182574238481 0.02750234772277467 -0.029556345315707628 0.02252104140947667 -0.035473646274346841 -0.057935337799837651
leaf_weight=102.26963875551428 27.350436073822038 60.057933405390941 248.96867255918824 146.1486441083116 22.341109754808713 119.60776738182176 44.371555571330646 38.420037065136057 11.293804337199616 28.051650361623615 67.46396774565801 10.268742633983491 165.77292158041382 10.949944380296072 29.429691423196346 15.618728143628692 7.0839415253140023 379.43547166034114 22.19369741570199 24.75729811587917 2.9335834410994712 198.69403008668451 9.3850770590952362 19.756569384651812 5.2429484128952017 36.21540579223074 11.522550826892255 41.338227917673066 12.856167522724716 3.0330120404250911
leaf_count=766009 71502 833 22217 79629 99 866 15744 10782 239 202 316 36 31957 2576 366 130 73 3461 7683 903 131 1218 49603 6675 20 181 87 281 154 77
internal_value=0 0.00277809 -0.00527597 -0.0116546 0.00609103 0.00894281 -0.00982608 -0.0119199 -0.000574706 0.00651705 0.0191279 0.0126828 -0.0162611 0.00324703 0.0108195 0.00422522 0.0112473 0.00207094 -0.00438491 0.00137434 0.0244633 0.0163976 -0.045064 -0.00961556 0.0137158 0.0116177 0.00479925 0.0102335 -0.00588771 0.0145051
internal_weight=0 1811.18 785.258 502.999 282.26 1025.92 475.648 431.277 119.355 828.58 197.34 129.877 311.922 259.919 421.093 192.969 132.911 407.487 108.061 85.8675 27.6909 228.124 111.655 58.1766 125.827 120.584 84.3687 72.8461 31.5079 18.6517
internal_count=1074050 258438 250137 225245 24892 8301 153743 137999 26413 7083 1218 902 111586 24793 3420 1836 1003 3663 26174 18491 1034 1584 815612 17457 930 910 729 642 361 207
is_linear=0
shrinkage=0.05


Tree=87
num_leaves=31
num_cat=0
split_feature=0 0 0 104 82 40 137 104 83 40 68 36 82 125 36 2 89 101 36 3 99 90 69 68 2 3 3 96 135 148
split_gain=91.7397 32.1981 17.0066 12.424 12.0099 10.1712 10.1579 10.1455 7.88055 7.62692 6.65316 6.6526 6.95121 7.41066 6.31281 6.2668 6.08343 6.0002 5.79068 5.61522 6.22581 5.99673 5.60857 5.32494 6.58957 6.37074 7.38331 6.48728 5.08808 5.08254
threshold=0.33581906297173442 0.0019437620776660012 0.94875966535953815 6.5000000000000009 0.5903695000000001 1.5000000000000002 0.053537000000000008 1.0000000180025095e-35 10.000000000000002 51.500000000000007 103.50000000000001 1234.5000000000002 0.5710805000000001 0.041263500000000009 481.50000000000006 642325.50000000012 2.5000000000000004 0.039101000000000004 458.50000000000006 3321.0000000000005 0.18531200000000003 181.50000000000003 1.0000000180025095e-35 115.50000000000001 2826.5000000000005 20577.500000000004 47259.500000000007 0.03633200000000001 1.5000000000000002 2.5000000000000004
decision_type=2 2 2 2 2 2 2 2 2 2 2 2 2 2 2 2 2 2 2 2 2 2 2 2 2 2 2 2 2 2
left_child=1 -1 4 9 7 17 11 -2 16 10 29 14 13 -13 18 19 -5 -6 -4 21 -21 -14 -12 -16 -25 -26 -27 -28 -9 -3
right_child=2 3 6 8 5 -7 -8 28 -10 -11 22 12 15 -15 23 -17 -18 -19 -20 20 -22 -23 -24 24 25 26 27 -29 -30 -31
leaf_value=-0.047810174580673208 0.0067612427233520863 -0.020276358655124158 0.010301599521443432 -0.039076340892813963 -0.0033062415861023538 0.014961932646647908 0.03073507666500357 -0.013432815975488644 -0.012195268827074689 0.03580716636923531 0.045101451798015002 0.0057113198044072624 -0.00031980125097824945 -0.058774175526758766 -0.0055654961395154206 -0.033428404361892913 0.01129653245712324 0.01604154956115415 0.045308366150514118 0.029476468554721209 -0.01637892212419256 0.050856022552548313 0.00036009099042071558 0.023418379549184156 -0.061347269089531212 0.045345907507198829 0.035580767482541138 -0.02061582853699025 0.019515263396633491 0.013681956240073548
leaf_weight=91.218535904059536 104.56224818153714 68.614334246882663 142.15167113242205 70.590428635866374 237.77877462541801 186.5480118895066 61.21587961318437 236.45495925058822 77.095772312919053 11.694763235453591 8.77179220434118 44.935228866466787 40.52301309350878 4.9456037825439116 147.99449111585272 5.2813480030745259 6.549830235882836 48.194176632503513 12.88382911775261 130.70264013996348 7.846468659117817 6.66597731783986 34.76480481907538 44.724443624727428 4.3518358492292455 7.9684662427753201 6.5215444341301945 24.163330620795023 12.328404288753516 13.126635013119992
leaf_count=697189 5110 64011 794 154510 7640 1879 285 22759 70898 3801 2832 350 273 60 1012 38 6265 898 65 606 58 21 28323 235 32 38 41 167 211 3649
internal_value=0 -0.021888 0.00551151 -0.0137681 0.000665217 0.00587926 0.011288 -0.0063074 -0.0235005 -0.002809 -0.00641385 0.00940333 0.0159385 -0.000682313 0.00537442 0.0202787 -0.0347993 -4.56155e-05 0.0132107 0.0218059 0.0268795 0.00690936 0.00937462 0.000220469 0.00998104 -0.00399351 0.00246374 -0.0086722 -0.0118001 -0.0148231
internal_weight=0 382.427 1518.74 291.208 825.867 472.521 692.876 353.346 154.236 136.972 125.278 631.66 240.9 49.8808 390.76 191.019 77.1403 285.973 155.036 185.738 138.549 47.189 43.5366 235.724 87.7296 43.0052 38.6533 30.6849 248.783 81.741
internal_count=1074050 1031478 42572 334289 38497 10417 4075 28080 231673 102616 98815 3790 1406 410 2384 996 160775 8538 859 958 664 294 31155 1525 513 278 246 208 22970 67660
is_linear=0
shrinkage=0.05


Tree=88
num_leaves=31
num_cat=0
split_feature=0 112 40 0 0 2 82 99 74 82 40 126 2 102 79 106 99 82 90 93 38 100 76 36 93 126 125 123 69 95
split_gain=87.3302 32.9211 17.3202 16.0262 9.95909 9.17883 8.26203 7.73722 7.31991 7.12531 7.12074 7.05312 7.0452 7.53034 6.87395 6.84982 6.64093 6.53785 6.13238 5.70487 7.06247 7.52681 6.63854 5.77939 5.67171 5.97367 5.61916 7.11682 5.57021 6.09295
threshold=0.0067794565405618597 0.072542000000000009 1.0000000180025095e-35 0.53809039466125175 0.7740980979447657 1807278.0000000002 0.59831000000000012 0.10625950000000002 7.5000000000000009 0.54217850000000012 1707.0000000000002 0.063786000000000023 126565.50000000001 6.5000000000000009 7.5000000000000009 0.21233350000000004 0.079070500000000002 0.54931550000000018 41.500000000000007 1.9972560000000004 2.5000000000000004 1.0000000180025095e-35 610.50000000000011 466.50000000000006 0.54522000000000015 0.07885300000000002 0.028191500000000005 0.069319000000000019 2.5000000000000004 0.039965000000000007
decision_type=2 2 2 2 2 2 2 2 2 2 2 2 2 2 2 2 2 2 2 2 2 2 2 2 2 2 2 2 2 2
left_child=-1 3 4 9 18 6 7 8 12 -2 14 -8 17 -14 19 26 -15 -5 -3 20 21 22 23 -4 25 -11 -10 -28 29 -12
right_child=1 2 10 5 -6 -7 11 -9 15 24 28 -13 13 16 -16 -17 -18 -19 -20 -21 -22 -23 -24 -25 -26 -27 27 -29 -30 -31
leaf_value=-0.044733796706477154 -0.045985573381663807 -0.014717049090994853 0.020838556266662221 -0.013958864056932727 0.0062614645062201955 -0.021537507972257348 0.023538077600332663 -0.015474225138517978 0.00071961747809137961 -0.027583063448127162 0.044133066282345271 -0.010692768178253872 -0.055372777704942061 -0.047293182868991542 -0.020071660879840251 0.054404051524255148 0.012599598267182936 0.017283450861338808 0.0059594387804054834 0.022445851154453477 -0.041814062667464978 -0.018573817368225942 0.028296739623931567 -0.00026304921314967419 -0.0073864295699845837 0.030048817618906633 -0.047761440933869755 0.012833922301465321 0.042012248338333197 -0.050991157164752957
leaf_weight=103.11207004466905 19.552577074220153 108.83062835555484 54.035023279315283 19.530036165937418 526.73024063874618 47.041403396317037 65.257212259457447 78.920456277410267 21.09852352476446 79.493988177192932 3.120148670859634 19.558394005871378 7.8442822462238828 5.8535168065427596 14.640394390256914 3.4384573698043814 22.111522975432308 117.43020210556278 53.483677668818018 148.16727758603338 6.4457410945524307 19.176981271220939 58.746760850093779 81.222911453570305 119.57815700317769 4.7658719463661319 20.845966727123599 6.31305474723922 38.091620324878022 3.6557610295712948
leaf_count=815612 71007 27302 907 1741 4631 2422 972 5241 716 79777 27 420 287 284 933 32 754 1933 5323 1589 139 663 559 1945 46146 1389 955 149 169 26
internal_value=0 0.00259867 0.00782905 -0.00626652 0.00292459 -0.000678857 0.00184875 -0.00200803 0.00272658 -0.0171532 0.0157377 0.0156445 0.00766563 -0.0120805 0.0135269 -0.0137799 6.31097e-05 0.0128284 -0.007904 0.0148643 0.00974958 0.0113087 0.0142625 0.00816696 -0.0143876 -0.0243233 -0.0186381 -0.0336762 0.0345819 -0.00718867
internal_weight=0 1774.98 1116.35 658.634 689.045 435.243 388.202 303.386 224.466 223.391 427.303 84.8156 172.77 35.8093 382.435 51.696 27.965 136.96 162.314 367.795 219.627 213.182 194.005 135.258 203.838 84.2599 48.2575 27.159 44.8675 6.77591
internal_count=1074050 258438 44213 214225 37256 15906 13484 12092 6851 198319 6957 1392 4999 1325 6735 1852 1038 3674 32625 5802 4213 4074 3411 2852 127312 81166 1820 1104 222 53
is_linear=0
shrinkage=0.05


Tree=89
num_leaves=31
num_cat=0
split_feature=0 0 0 82 82 40 66 146 40 93 2 93 3 76 93 112 36 68 102 114 82 40 136 79 90 36 60 96 150 113
split_gain=83.0498 30.0263 15.9694 11.3473 11.2309 9.78008 9.62166 8.85097 7.93738 7.48197 7.25285 7.14366 6.21075 6.5414 6.09125 6.29182 5.66036 7.02111 6.94266 5.68442 5.56629 6.38479 5.30799 5.64049 5.29 5.01481 7.15079 4.93647 4.91568 4.86767
threshold=0.33581906297173442 0.0019437620776660012 0.94875966535953815 0.54296050000000007 0.56680450000000004 1.5000000000000002 0.096819500000000017 1.5000000000000002 51.500000000000007 0.76547350000000003 550920.50000000012 0.72513300000000014 8.9884656743000007e+307 571.50000000000011 1.3482345000000002 0.22734350000000003 497.50000000000006 118.50000000000001 26.500000000000004 0.037207000000000011 0.5823505000000001 41.500000000000007 0.029086500000000005 3.5000000000000004 26.500000000000004 526.50000000000011 10.500000000000002 0.05208150000000001 0.049992500000000002 0.027632000000000004
decision_type=2 2 2 2 2 2 2 2 2 2 2 2 2 2 2 2 2 2 2 2 2 2 2 2 2 2 2 2 2 2
left_child=1 -1 4 -3 7 11 12 -2 9 -5 20 -6 14 24 16 -16 18 -18 19 -4 21 27 -13 -24 -14 26 -12 -7 -23 -21
right_child=2 3 6 8 5 10 -8 -9 -10 -11 25 22 13 -15 15 -17 17 -19 -20 29 -22 28 23 -25 -26 -27 -28 -29 -30 -31
leaf_value=-0.047504152740603926 -0.023495736438780602 -0.049769182083180874 -0.026640257276130754 -0.02293604563179194 -0.012256837228993494 -0.0068068034377657544 0.050408831148870153 0.010583453507722712 0.019402374450394 -0.0052685655315010023 0.018413700875867613 -0.0009978508242478464 -0.064993446004112887 0.0044648858078321771 0.019791993102361835 -0.0145071330860361 -0.0086631657561726024 0.011807543938769456 0.045395209856841333 0.041091992977423414 0.018487475915561168 0.021318469062587976 0.022944604587820019 -0.022402842941318009 0.00089751604305101859 -0.020837730098364274 -0.033389214962936772 -0.063343292109468374 -0.06641967710600763 0.002879568353080795
leaf_weight=84.325027936051356 76.581696731078409 20.03583117972903 8.9597231782972795 109.20831152989558 121.86515731849067 12.556476351688618 15.059199053794144 25.362326643778943 20.173761606992684 132.7886560302336 30.449448246392421 252.6552684516646 6.3788549159653467 157.18434682500083 251.77977796795312 14.120431775227187 79.758329983276781 88.215903979900759 18.521044907218311 13.799188394099472 171.46977680930286 22.421225376485385 46.293360992451198 8.0496255565667507 5.8301983587443829 27.387637720094062 8.5273138550110144 5.5753577661380396 1.7187978200381611 21.042583575239405
leaf_count=697189 17404 98346 86 159337 8906 325 58 887 9238 67368 386 6599 84 838 1228 75 693 616 112 73 1910 274 551 229 49 466 118 418 24 163
internal_value=0 -0.0213241 0.00524011 -0.0135013 0.000500225 0.00273152 0.0108871 -0.0150173 -0.0107296 -0.0132415 0.00999802 -0.0020145 0.00999293 0.00172651 0.0128149 0.0179706 0.00686228 0.00208754 0.0197313 0.00887961 0.0144812 -0.00176966 0.00205127 0.0162275 -0.0335285 -0.00444108 0.00708029 -0.0241912 0.0150714 0.0180137
internal_weight=0 366.532 1491.56 282.207 810.913 708.969 680.65 101.944 262.171 241.997 280.106 428.863 665.59 169.393 496.197 265.9 230.297 167.974 62.3225 43.8015 213.742 42.2719 306.998 54.343 12.2091 66.3644 38.9768 18.1318 24.14 34.8418
internal_count=1074050 1031478 42572 334289 38497 20206 4075 18291 235943 226705 3921 16285 4017 971 3046 1303 1743 1309 434 322 2951 1041 7379 780 133 970 504 743 298 236
is_linear=0
shrinkage=0.05


Tree=90
num_leaves=31
num_cat=0
split_feature=0 0 104 91 83 69 82 113 3 98 2 68 99 69 95 76 57 93 149 60 120 96 130 82 82 124 68 36 150 74
split_gain=78.973 30.1205 18.4284 10.623 9.96249 9.55466 9.1499 11.2368 8.95899 9.62222 7.94126 7.43275 6.51807 6.32627 6.17114 6.33846 5.87076 6.50914 5.62979 5.53401 6.4528 6.51622 8.9629 5.36833 5.28757 5.28435 7.91403 6.04576 7.12108 5.22657
threshold=0.0067794565405618597 0.7740980979447657 6.5000000000000009 0.58333333333350013 8.5000000000000018 2.5000000000000004 0.57048050000000006 0.023937000000000003 68784.500000000015 2.0833333333350006 1597724.0000000002 123.50000000000001 0.099066000000000015 1.5000000000000002 0.0051155000000000011 628.50000000000011 2.5000000000000004 0.79865500000000011 0.047882500000000008 25.500000000000004 2.5000000000000004 0.032844500000000006 33.500000000000007 0.5425715000000001 0.58688250000000008 0.013683000000000002 48.500000000000007 1508.5000000000002 0.045469500000000003 11.500000000000002
decision_type=2 2 2 2 2 2 2 2 2 2 2 2 2 2 2 2 2 2 2 2 2 2 2 2 2 2 2 2 2 2
left_child=18 2 3 11 14 6 7 10 19 -10 12 -2 16 -6 23 -16 -3 -18 -1 20 21 22 -8 -4 -15 -21 -27 28 -28 -23
right_child=1 5 4 -5 13 -7 8 -9 9 -11 -12 -13 -14 24 15 -17 17 -19 -20 25 -22 29 -24 -25 -26 26 27 -29 -30 -31
leaf_value=-0.048025285539330949 -0.0041669408235336276 0.01685515671549111 -0.055326046532816253 0.036059219576997918 -0.014182009435111663 0.024124615745258343 -0.078722638760888627 -0.035945876768173596 0.018513076938798622 0.00056956484673589803 -0.048534350663493681 0.018558439313538087 -0.031256911063046872 -0.0089453433192597572 -0.034949095146333813 0.013166901678321415 -0.037094891334487061 0.012649647611031276 -0.0054567135995651269 -0.031470324471194293 0.031256321623362386 0.015510242341274672 0.023941688993417518 0.011503363295420245 0.024309065539685565 0.059198615429095394 0.02459978657847392 0.021696698980464141 -0.050984788198306735 -0.013359702541350275
leaf_weight=87.14228082571708 240.89415644844667 65.216611825249856 3.6976375052145185 21.030607415366831 113.37496845951227 77.05587258907326 4.5247793982271087 25.760277351015247 89.311574982246384 457.10764012794243 7.6193871569121248 42.298283650708981 11.417914420504529 24.167296288562284 96.09858929179336 7.3694340257507056 12.587742262170652 13.76996669708751 8.527028852618967 12.086616716347633 54.713573180430103 271.67696562607307 4.0099991066381335 16.042033658628498 23.652487019343425 5.9813764318823806 4.6052447246620458 11.938426928827537 9.6372522476594877 16.637120678089559
leaf_count=766009 67043 1034 8482 118 42899 461 43 738 591 4742 342 7953 945 8097 104209 1317 313 138 49603 127 270 2248 31 4763 951 37 43 80 121 302
internal_value=0 0.00242596 -0.0067804 0.00177352 -0.0159305 0.00711515 0.00589998 -0.00620499 0.00765197 0.00350241 0.000721351 -0.000772625 0.0043653 -0.00774901 -0.0266344 -0.0315221 0.00880684 -0.011107 -0.0442311 0.0133805 0.0154779 0.0125697 -0.0304866 -0.00101513 0.00750286 -0.00328418 0.0073082 -0.00454685 -0.0265449 0.0138443
internal_weight=0 1744.28 588.625 304.223 284.402 1155.66 1078.6 136.372 942.231 546.419 110.612 283.192 102.992 161.195 123.208 103.468 91.5743 26.3577 95.6693 395.811 351.562 296.849 8.53478 19.7397 47.8198 44.2489 32.1623 26.1809 14.2425 288.314
internal_count=1074050 258438 245832 75114 170718 12606 12145 3510 8635 5333 2772 74996 2430 51947 118771 105526 1485 451 815612 3302 2894 2624 74 13245 9048 408 281 244 164 2550
is_linear=0
shrinkage=0.05


Tree=91
num_leaves=31
num_cat=0
split_feature=0 0 82 40 82 89 66 2 87 40 93 0 126 94 38 101 46 149 76 68 93 69 100 96 76 68 90 89 82 137
split_gain=76.1427 28.8296 14.4233 14.3161 10.8752 10.6946 7.57213 7.55509 7.25198 7.21963 7.21214 7.05152 6.58463 6.33158 6.04274 5.91932 5.47422 8.26549 8.01889 5.21548 7.33386 5.1823 4.98351 4.7315 4.70945 4.65464 4.60842 4.56042 4.54154 4.39723
threshold=0.37969951586789719 0.0019437620776660012 0.58136350000000003 2.5000000000000004 0.54296050000000007 1.5000000000000002 0.062324500000000012 8.9884656743000007e+307 2.5000000000000004 51.500000000000007 0.67681900000000017 0.94875966535953815 0.078271000000000021 1.5000000000000002 1.0000000180025095e-35 0.039101000000000004 1.0000000180025095e-35 0.019934000000000004 595.50000000000011 119.50000000000001 0.94184950000000012 1.0000000180025095e-35 1.0000000180025095e-35 0.11761300000000001 606.50000000000011 122.50000000000001 102.50000000000001 2.5000000000000004 0.65861650000000005 0.078881000000000021
decision_type=2 2 2 2 2 2 2 2 2 2 2 2 2 2 2 2 2 2 2 2 2 2 2 2 2 2 2 2 2 2
left_child=1 -1 5 11 -3 12 14 8 -5 10 -6 15 13 25 19 24 18 -18 -13 -7 27 -19 -14 -12 -4 -2 -26 -21 -23 -11
right_child=2 4 3 7 9 6 -8 -9 -10 29 23 16 22 -15 -16 -17 17 21 -20 20 -22 28 -24 -25 26 -27 -28 -29 -30 -31
leaf_value=-0.047214711597244489 -0.029965036972300043 -0.049237664765767214 -0.010954830636287972 0.028142309253409548 -0.023070326666920712 -0.0046808290418862497 0.04471285771004143 -0.006425607681027532 0.011987643357879638 0.0077798939279044056 -0.0078011094579817893 0.020833096808991227 0.040062378148559404 0.058271538341040464 -0.05183430355572758 0.013909274369283848 0.0031097944619345209 -0.0044594810569184599 -0.00032168909006300128 -0.01923051681417394 0.019620024648228686 0.034643513922836038 -0.067639944108092181 0.035057207649884792 -0.00096561421114351202 -0.0011405901792648583 0.026372733847447934 0.012288811664940067 -0.017809938066411343 0.071033134895086489
leaf_weight=77.867232524999508 67.113361265963249 19.352095495234607 125.65208052800153 135.5089666066342 102.56321963319215 158.57234533324299 9.8823818145319802 30.316062422702089 142.55168866884196 18.664745428635801 144.1645903431122 57.952782400941942 7.3132656471861974 2.4079175228252998 5.4745417023514156 57.313346127630211 65.502323972643353 11.549531362019477 197.31176666135434 27.261268206457316 69.185288389264315 69.846151171252131 1.2589445321063975 6.7408604739539433 145.41202173195779 17.699270890803746 17.243098045000806 19.819183708947094 4.3857411001808932 3.2218853317135645
leaf_count=697189 10233 99791 5778 766 151339 7318 49 353 1447 9362 77571 328 186 8 300 1087 454 77 1074 1616 1138 332 83 528 3589 1352 201 426 39 36
internal_value=0 -0.0201564 0.00519156 0.00820359 -0.0130071 -0.00308436 0.00169739 0.0172763 0.0198604 -0.0104608 -0.0128398 0.00448395 -0.0175702 -0.0216799 0.000180883 -0.000766663 0.00894768 0.0164843 0.00448109 0.00121698 0.00926088 0.0266969 0.0242448 -0.00588665 -0.00368413 -0.0239498 0.00193253 -0.00596201 0.0315445 0.0170913
internal_weight=0 372.575 1446.53 1060.55 294.707 385.988 290.195 308.377 278.061 275.355 253.469 752.169 95.7928 87.2205 280.313 345.621 406.548 151.284 255.265 274.838 116.266 85.7814 8.57221 150.905 288.307 84.8126 162.655 47.0805 74.2319 21.8866
internal_count=1074050 1035816 38234 15525 338627 22709 10847 2566 2213 238836 229438 12959 11862 11593 10798 10655 2304 902 1402 10498 3180 448 269 78099 9568 11585 3790 2042 371 9398
is_linear=0
shrinkage=0.05


Tree=92
num_leaves=31
num_cat=0
split_feature=0 0 104 3 40 83 137 82 110 42 69 93 90 124 96 86 95 95 76 36 3 100 0 3 104 90 2 109 102 82
split_gain=71.5493 28.189 16.7882 9.79132 9.41344 9.41222 8.82092 7.5916 6.31737 7.38466 6.23635 6.10474 5.4881 5.89565 5.57819 6.08257 7.65311 6.36476 5.43149 5.40083 5.29758 5.27762 5.27081 5.17824 4.95495 4.78353 4.65537 6.64481 4.60248 5.40378
threshold=0.0067794565405618597 0.7740980979447657 6.5000000000000009 227.00000000000003 98.500000000000014 10.000000000000002 0.055653500000000009 0.58136350000000003 3.5000000000000004 2.5000000000000004 1.5000000000000002 4.1027810000000011 258.50000000000006 0.088674500000000003 0.11761300000000001 2.5000000000000004 0.012433500000000002 0.012687500000000003 611.50000000000011 923.50000000000011 77695.000000000015 1.5000000000000002 0.11665055024126079 6290.5000000000009 1.0000000180025095e-35 110.50000000000001 156.50000000000003 2.5000000000000004 424.50000000000006 0.60433850000000011
decision_type=2 2 2 2 2 2 2 2 2 2 2 2 2 2 2 2 2 2 2 2 2 2 2 2 2 2 2 2 2 2
left_child=18 2 4 25 12 22 7 8 26 23 -7 20 13 14 15 -2 -17 -18 -1 -13 28 -22 -4 -10 -6 -3 27 -5 -9 -30
right_child=1 3 5 6 24 10 -8 11 9 -11 -12 19 -14 -15 -16 16 17 -19 -20 -21 21 -23 -24 -25 -26 -27 -28 -29 29 -31
leaf_value=-0.047568717022219119 -0.014444134170897044 0.01796055128269583 -0.043308597639300388 -0.054684173881063336 0.031464615161574602 -0.014133797410331498 0.019589013629912073 0.01284872193909559 0.03513182444401073 0.029020718432078076 0.0075469230015231415 -0.019245040118760014 0.039912443237970718 0.028104340826960079 0.032816453471177114 -0.013846883126326554 0.05016035888909727 0.0063063032883648312 -0.002567860567237006 0.024038372522420717 0.0036444419874091839 -0.014867322489458233 -0.019758750447948972 -0.018004853946312432 -0.023107622119960092 0.05078256190338002 -0.0053753142501866873 0.037714758963627339 0.0091997171886023972 -0.039529681102754149
leaf_weight=81.149630456526666 118.78288793925276 36.687438081207802 32.508508253858963 10.105115579310221 33.402908769831356 108.65746912114628 104.83674183604307 239.03061924217036 5.7900883760303286 29.310079141054302 47.741720396578785 7.9883064702153197 7.6099636238977828 14.210749986006702 9.3467437019062327 45.586353912906816 9.7335353151393047 55.16743231293367 7.3092480694749602 73.691396692767739 339.35225665394682 43.429277647228446 88.285843239161295 22.028063300298527 4.7510689610908221 15.917121506296096 183.65083812243029 2.409760979935526 14.261214380385356 9.4652398249600065
leaf_count=758500 46886 291 84930 504 1782 41692 674 2034 38 215 8903 60 721 925 531 11093 402 12175 57112 410 3136 616 35193 268 599 58 3992 12 179 119
internal_value=0 0.00226344 -0.00675164 0.00682492 0.00147446 -0.0156128 0.00580385 0.00432993 -0.00312476 0.0115075 -0.00751564 0.00692645 -0.00192354 -0.00318278 -0.00504607 -0.00658962 0.00185461 0.0128833 -0.0438504 0.0198052 0.0052969 0.00154415 -0.0260966 -0.00694495 0.0246691 0.0278919 -0.00738604 -0.0368926 0.0107639 -0.01024
internal_weight=0 1713.74 575.785 1137.95 298.592 277.194 1085.35 980.512 253.294 57.1282 156.399 727.218 260.438 252.828 238.617 229.27 110.487 64.901 88.4589 81.6797 645.539 382.782 120.794 27.8182 38.154 52.6046 196.166 12.5149 262.757 23.7265
internal_count=1074050 258438 245832 12606 75114 170718 12257 11583 5029 521 50595 6554 72733 72012 71087 70556 23670 12577 815612 470 6084 3752 120123 306 2381 349 4508 516 2332 298
is_linear=0
shrinkage=0.05


Tree=93
num_leaves=31
num_cat=0
split_feature=0 115 44 93 82 66 93 41 148 129 3 112 3 82 147 3 79 110 2 31 42 129 68 40 146 113 99 102 149 98
split_gain=68.3415 27.0159 18.4874 13.7733 11.0191 9.76652 8.33162 8.10197 6.89749 7.93139 7.15731 7.71663 7.05538 6.51562 6.72844 6.27873 6.12681 6.07493 5.77568 5.77163 5.70151 6.19276 5.61451 7.34185 6.11924 5.74726 5.94762 5.53389 5.53359 5.40173
threshold=0.0067794565405618597 0.041328000000000011 1.0000000180025095e-35 1.7729355000000002 0.53166350000000018 0.047535500000000001 0.45692650000000007 1.0000000180025095e-35 2.5000000000000004 7.5000000000000009 67315.000000000015 0.15890200000000002 7221.0000000000009 0.58536300000000019 2.5000000000000004 227.00000000000003 3.5000000000000004 4.5000000000000009 1741219.0000000002 1.0000000180025095e-35 61.500000000000007 9.5000000000000018 30.500000000000004 4462.5000000000009 1.5000000000000002 0.022560000000000004 0.083833500000000019 925.50000000000011 0.047882500000000008 3.7750000000000004
decision_type=2 2 2 2 2 2 2 2 2 2 2 2 2 2 2 2 2 2 2 2 2 2 2 2 2 2 2 2 2 2
left_child=28 4 3 8 -2 6 7 -6 9 10 11 -3 -10 -11 17 -5 19 -15 27 20 21 -17 25 24 29 26 -12 -8 -1 -24
right_child=1 2 -4 15 5 -7 18 -9 12 13 22 -13 -14 14 -16 16 -18 -19 -20 -21 -22 -23 23 -25 -26 -27 -28 -29 -30 -31
leaf_value=-0.047766394208383293 -0.048758194692653245 0.016666156908177104 0.037797670058215486 0.034600164064695724 -0.023374482920156529 0.038687966185144328 0.0032893280513268397 0.036147732432938451 0.03144934448289146 -0.021895562782524306 -0.0366364021784416 -0.028353020769526661 0.0046050294312199929 -0.00088723131890309712 -0.024332118210906389 0.0098000948952014499 -0.005259286550855515 0.068463115242045375 -0.026669658460214535 -0.049691670357925058 -0.077263626316548928 0.025512011261163814 -0.019803863960957499 0.054369620728524817 0.011722869346370414 -0.00027104266115305227 0.03922944521477946 -0.019049296355674109 -0.0040834979224449678 0.0052512270987535659
leaf_weight=77.316495596932327 17.470389755020278 106.13475552112413 42.718211650062585 26.922395458026585 110.79705687013393 10.825406066694994 154.39339957168795 6.0281061624937129 27.936383039148495 71.61298337347398 2.9657120732772482 10.456350463744455 197.65623613169828 140.21169890815236 33.107769986560925 305.59173658109921 59.114894851501958 3.2305528865545048 24.204346558981342 3.7530439936745088 1.7564972545969784 78.907796589351165 99.442213545187769 4.5952142906535292 27.269451722037957 55.530070642288592 20.039746912954797 33.792077179998159 7.9998999415906829 27.450232545707877
leaf_count=766009 50807 5727 278 160 81220 112 29843 698 484 14934 294 284 5630 11695 3055 7810 3197 54 8058 30 78 1557 10460 30 1792 3579 758 12245 49603 3569
internal_value=0 0.00218661 0.00543085 0.00437028 -0.0100314 -0.00804168 -0.00957826 -0.0203032 0.000472592 -0.00232151 0.00248431 0.0126287 0.00792931 -0.00917468 -0.00401478 0.0111467 0.00974077 0.000674651 -0.00367902 0.0120144 0.0126139 0.0130245 -0.0025 -0.00790942 -0.00976581 0.00843496 0.0294493 -0.000721973 -0.0436704 -0.0143838
internal_weight=0 1703.91 1346.4 1303.69 357.511 340.04 329.215 116.825 827.639 602.047 353.884 116.591 225.593 248.163 176.55 476.046 449.124 143.442 212.39 390.009 386.256 384.5 237.293 158.757 154.162 78.5355 23.0055 188.185 85.3164 126.892
internal_count=1074050 258438 75455 75177 182983 132176 132064 81918 62345 56231 26493 6011 6114 29738 14804 12832 12672 11749 50146 9475 9445 9367 20482 15851 15821 4631 1052 42088 815612 14029
is_linear=0
shrinkage=0.05


Tree=94
num_leaves=31
num_cat=0
split_feature=0 0 82 40 111 82 0 102 2 1 87 118 2 2 40 93 150 137 36 112 46 36 112 93 82 124 93 95 96 46
split_gain=66.4116 25.4896 13.5478 12.4523 10.3089 9.88627 8.00112 7.73319 7.14973 7.08018 7.07537 6.75907 6.38794 7.05176 6.29132 5.93272 5.83054 5.40713 4.90259 5.55941 4.70109 5.77709 5.18672 4.65246 4.46965 4.66375 4.36734 4.33003 4.26711 4.22904
threshold=0.37969951586789719 0.0019437620776660012 0.58136350000000003 1.5000000000000002 2.5000000000000004 0.54296050000000007 0.94875966535953815 47.500000000000007 1841617.5000000002 1.0000000180025095e-35 2.5000000000000004 1.0000000180025095e-35 72435.000000000015 39593.000000000007 54.500000000000007 0.67681900000000017 0.039602500000000006 0.031215500000000004 1719.5000000000002 0.055251500000000002 1.0000000180025095e-35 104.50000000000001 0.069686000000000012 1.3210715000000002 0.54931550000000018 0.015082000000000002 1.8222090000000002 0.093947500000000017 0.11761300000000001 1.0000000180025095e-35
decision_type=2 2 2 2 2 2 2 2 2 2 2 2 2 2 2 2 2 2 2 2 2 2 2 2 2 2 2 2 2 2
left_child=1 -1 4 6 9 -3 17 11 10 12 -5 -6 13 24 15 -7 -9 27 19 -15 21 -14 -23 -13 25 -2 -25 -4 -17 -8
right_child=2 5 3 8 7 14 29 16 -10 -11 -12 23 20 18 -16 28 -18 -19 -20 -21 -22 22 -24 26 -26 -27 -28 -29 -30 -31
leaf_value=-0.04668688599392392 -0.050458646154350507 -0.049165829608153244 -0.0060612281336617883 0.02598647811868366 0.013911928757571591 -0.022190443310641524 0.004771947235855588 0.032234507657265175 -0.0061618151464432691 0.051289135073138294 0.010742789378109586 -0.022768016070588454 0.06377462229450713 -0.041424748372084659 0.015983876629617522 -0.0082534222526071 -0.053043187973594134 0.012412700402743233 0.046513910162832545 0.03518852336503922 -0.041301387675109401 -0.010652625172131761 -0.050100704402928811 0.040257643472138255 -0.0051975253314004233 0.002607223382228168 -0.014121039445418421 0.02958532486049914 0.030908988829610698 0.015612801813233081
leaf_weight=68.92364644402619 11.787415127613714 17.52589608460471 254.38473174923274 146.46533007739345 47.324006573762745 97.77025180168107 240.4297416448826 34.867878814678988 33.83522673783591 4.7153876256197682 158.49644797760993 34.08877297694562 2.2667058635270214 4.7278765526280058 20.832268561985984 140.49220287314029 2.1266176849603644 54.674060681660194 10.539002615854768 4.7436895509017631 22.586549455651038 47.245297651832516 10.116924057918366 6.8027617015177375 119.24631165056053 6.3822283097433674 8.075383686606072 8.8143158492748608 7.3178987142546239 143.7461703219451
leaf_count=697189 5139 99791 9017 922 711 151516 1346 389 427 23 1774 935 45 405 9174 77618 31 1081 589 122 3207 4839 447 62 5196 478 91 112 528 846
internal_value=0 -0.0194111 0.00482869 0.00777201 -0.00328361 -0.0127901 0.00397286 0.00790192 0.0156445 -0.00938478 0.0180639 0.000436851 -0.0105787 -0.00467926 -0.0103972 -0.012635 0.0273323 -0.00189527 0.0230519 -0.00305416 -0.0218748 -0.0145163 -0.01761 -0.0125861 -0.00871749 -0.0318188 0.0107426 -0.00486745 -0.00631454 0.00882824
internal_weight=0 352.862 1418.49 1040.85 377.643 283.939 702.049 133.285 338.797 244.357 304.962 96.2909 239.642 157.427 266.413 245.58 36.9945 317.873 20.0106 9.47157 82.2155 59.6289 57.3622 48.9669 137.416 18.1696 14.8781 263.199 147.81 384.176
internal_count=1074050 1035816 38234 15525 22709 338627 12402 2219 3123 20490 2696 1799 20467 11929 238836 229662 420 10210 1116 527 8538 5331 5286 1088 10813 5617 153 9129 78146 2192
is_linear=0
shrinkage=0.05


Tree=95
num_leaves=31
num_cat=0
split_feature=0 112 0 44 76 36 124 2 2 69 40 137 109 2 151 114 76 36 2 2 149 90 74 90 90 137 90 90 36 123
split_gain=61.6819 25.9032 15.9889 10.0767 8.6552 7.90213 9.72326 7.2066 10.3361 7.05852 6.94754 6.92682 6.61208 6.51996 6.28529 6.23908 8.83899 6.08275 6.9624 7.10896 6.39566 6.31832 7.48347 6.27609 7.05859 6.56608 6.16887 8.71499 6.11095 7.44608
threshold=0.0067794565405618597 0.083152000000000018 0.86620967868038068 1.0000000180025095e-35 575.50000000000011 2062.5000000000005 0.087535500000000016 175.00000000000003 2826.5000000000005 2.5000000000000004 951.00000000000011 0.033014000000000009 1.5000000000000002 593143.50000000012 0.17382700000000004 0.045269000000000011 610.50000000000011 519.50000000000011 779250.50000000012 667258.50000000012 0.082691000000000014 18.500000000000004 9.5000000000000018 79.500000000000014 58.500000000000007 0.029789500000000003 67.500000000000014 75.500000000000014 657.50000000000011 0.18834450000000003
decision_type=2 2 2 2 2 2 2 2 2 2 2 2 2 2 2 2 2 2 2 2 2 2 2 2 2 2 2 2 2 2
left_child=-1 2 4 5 10 7 15 -3 -9 -4 -2 17 -5 -6 -8 -7 -17 20 19 28 23 -20 -23 24 25 -10 -26 -28 29 -19
right_child=1 3 9 12 13 6 14 8 11 -11 -12 -13 -14 -15 -16 16 -18 18 21 -21 -22 22 -24 -25 26 -27 27 -29 -30 -31
leaf_value=-0.043254751480585149 -0.024242529122504537 -0.019252276022834497 0.001394798748027897 -0.00084884320968758257 -0.0016671935205553304 0.043599100278131679 -0.068924645301064166 0.0177796856943386 0.0081362525589619289 0.030501182913692859 0.015633065519260216 0.013035117974801658 0.049369468107962999 -0.019960306420462596 0.057119053858731061 -0.0070859576264268309 0.026483178681072403 -0.029412752188610149 0.0062199399240352414 0.063702177502633475 -0.040735630171094654 -0.045763588207047221 0.03074747533824836 -0.058698962851570738 0.069321540183919297 -0.073549287722495776 -0.064372473470603916 0.079586532257328729 0.00088830972539814292 0.045337660470719812
leaf_weight=78.718865761155257 137.65505682320236 30.129339474148765 294.90297038620338 9.1718116561969492 203.08600883834788 25.407894930842303 4.8361336119887701 143.20157377110718 175.88898915140999 22.412442488595843 11.864897728282356 131.52962243565071 22.971528401900287 64.077698776838588 1.2433421020396052 29.129738245706903 59.998796825051613 31.875105036418063 12.527753259368181 4.1243587732633378 6.8590896021978542 25.607937457272786 3.6516413057051968 3.4249007377948137 8.7150981393133389 2.4950158211086082 2.4980969877906309 1.8152345414564477 199.6248227741562 3.7203483601624603
leaf_count=815612 132739 1252 3705 62 61309 378 168 2471 9341 140 3471 5081 109 21072 13 1253 1003 2068 1443 151 339 2079 252 62 70 171 36 11 8119 70
internal_value=0 0.00203348 -0.00500584 0.00752752 -0.0114457 0.0065539 0.0184718 0.00472895 0.00568272 0.00345062 -0.0210783 0.00286302 0.0350401 -0.00605469 -0.0431469 0.0217425 0.0155118 9.19848e-05 -0.00466156 -0.00137377 0.00671765 -0.023493 -0.0362149 0.00838821 0.00958858 0.00699374 0.045117 -0.00378836 -0.00251481 -0.0216
internal_weight=0 1674.45 733.999 940.448 416.684 908.305 120.616 787.689 757.56 317.315 149.52 614.358 32.1433 267.164 6.07948 114.536 89.1285 482.828 281.132 239.345 201.696 41.7873 29.2596 194.837 191.412 178.384 13.0284 4.31333 235.22 35.5955
internal_count=1074050 258438 222436 36002 218591 35831 2815 33016 31764 3845 136210 29293 171 82381 181 2634 2256 24212 14182 10408 10030 3774 2331 9691 9629 9512 117 47 10257 2138
is_linear=0
shrinkage=0.05


Tree=96
num_leaves=31
num_cat=0
split_feature=0 0 82 40 68 68 40 146 98 151 76 126 69 92 2 74 130 118 151 40 82 90 72 68 2 106 87 119 113 89
split_gain=58.7326 26.207 19.75 13.944 10.5089 12.5265 9.02961 8.83407 7.04844 6.39191 6.45216 6.21819 6.12435 5.95591 5.54308 6.70971 5.58556 5.54266 5.29143 4.96479 4.95925 6.99605 4.9236 4.97993 4.71965 4.6215 4.54016 4.61534 6.56144 4.7107
threshold=0.0044021329524748061 0.94875966535953815 0.56680450000000004 1.0000000180025095e-35 103.50000000000001 99.500000000000014 33.500000000000007 1.5000000000000002 4.5500000000000007 0.13193750000000004 701.50000000000011 0.07885300000000002 1.0000000180025095e-35 2.5000000000000004 173901.00000000003 7.5000000000000009 3.5000000000000004 6.5000000000000009 0.12628700000000001 821.00000000000011 0.54061850000000011 231.50000000000003 398.12500000000006 121.50000000000001 3800.5000000000005 0.12747550000000005 140.50000000000003 0.73214285714300009 0.053793500000000008 2.5000000000000004
decision_type=2 2 2 2 2 2 2 2 2 2 2 2 2 2 2 2 2 2 2 2 2 2 2 2 2 2 2 2 2 2
left_child=-1 2 7 4 5 9 22 11 -6 10 13 20 -11 25 15 16 -5 24 -7 -17 -2 -22 23 -3 -18 -4 27 -25 29 -29
right_child=1 6 3 14 8 18 -8 -9 -10 12 -12 -13 -14 -15 -16 19 17 -19 -20 -21 21 -23 -24 26 -26 -27 -28 28 -30 -31
leaf_value=-0.044194899262985921 -0.047873084117244724 0.0067506018696570488 -0.016087207319167973 -0.052641466046726627 0.013042792178999838 -0.050755622692842756 0.027936367486782028 0.0053036037195905291 -0.0082596705460344279 -0.038473833213319514 0.060217566764445112 0.049098119749309818 0.020810184814090506 -0.0052719851616544328 -0.0013879618997155333 -0.015723631422169478 -0.00029296195761612073 0.0097593052030075719 0.012752371297103354 0.062788594587843402 -0.02630332039722983 0.024077140645656928 -0.021111235304680384 0.034302716526644725 0.032638866911456649 -0.046160713738087 0.044135864592703661 -0.027982251434560731 0.035128871520465003 0.011545869870229654
leaf_weight=72.050452201153348 23.748065754809659 482.09036816062871 89.782318658919394 3.0222361198502758 101.60337800170237 24.586131583584578 62.432824337971397 28.296211689678785 62.850677899111361 5.0813572614042632 3.2223032305482766 2.7140977358594673 30.53318893967753 173.96354858432142 122.05508618330168 28.505631323456786 13.236305591861308 134.30424034511702 3.7847694736974509 2.1666122409224036 87.032518101732649 7.4832751641552013 14.247219951183068 19.688974278513342 61.108398990846581 14.894043300451356 15.955008279997854 14.648766568861904 12.756756789982317 15.525735002593136
leaf_count=777854 80683 3157 30555 157 8106 12415 327 5152 17682 607 18 317 1989 29603 7372 2649 351 13055 532 11 74174 1143 158 105 974 4576 76 94 62 96
internal_value=0 0.0019167 -0.00303775 -0.000169134 -0.00550383 -0.0104516 0.00987663 -0.0198469 0.00490147 -0.00760704 -0.0101289 -0.0257295 0.0123518 -0.0109424 0.00730154 0.011678 0.014845 0.0158225 -0.0422835 -0.0101777 -0.0274468 -0.0223145 0.00791543 0.00865303 0.0267757 -0.0203663 0.0203252 0.0142585 0.00506585 -0.00764378
internal_weight=0 1661.32 1023.97 874.7 510.302 345.848 637.346 149.274 164.454 317.477 281.862 120.978 35.6145 278.64 364.399 242.343 211.671 208.649 28.3709 30.6722 118.264 94.5158 574.913 560.666 74.3447 104.676 78.5752 62.6202 42.9313 30.1745
internal_count=1074050 296196 292121 130652 106083 80295 4075 161469 25788 67348 64752 156317 2596 64734 24569 17197 14537 14380 12947 2660 156000 75317 3748 3590 1325 35131 433 357 252 190
is_linear=0
shrinkage=0.05


Tree=97
num_leaves=31
num_cat=0
split_feature=0 0 82 40 89 74 82 132 2 3 40 82 95 100 74 1 90 68 68 148 115 87 99 120 76 113 76 83 93 130
split_gain=57.4224 22.9302 13.5582 10.2921 9.1346 10.2156 8.90891 7.54829 6.91428 6.02971 5.93723 5.8022 6.69117 5.72 5.88334 5.67212 4.9943 4.93753 5.26849 5.91397 4.99836 4.93234 4.88999 5.65368 5.12346 5.01519 4.8862 4.77656 4.7757 7.54374
threshold=0.37969951586789719 0.0019437620776660012 0.58136350000000003 3.5000000000000004 2.5000000000000004 8.5000000000000018 0.54296050000000007 0.36666666666650011 8.9884656743000007e+307 115433.50000000001 54.500000000000007 0.59951250000000011 0.028647500000000003 1.5000000000000002 7.5000000000000009 1.0000000180025095e-35 18.500000000000004 8.5000000000000018 100.50000000000001 2.5000000000000004 0.087804000000000007 2.5000000000000004 0.12592750000000005 1.5000000000000002 621.50000000000011 0.05101350000000001 564.50000000000011 134.00000000000003 3.5522430000000003 217.50000000000003
decision_type=2 2 2 2 2 2 2 2 2 2 2 2 2 2 2 2 2 2 2 2 2 2 2 2 2 2 2 2 2 2
left_child=1 -1 4 9 5 7 -3 15 21 27 11 12 -8 16 -15 28 -11 -9 19 -19 26 -5 23 25 -24 -13 -20 -4 -2 -30
right_child=2 6 3 8 -6 -7 10 17 -10 13 -12 22 -14 14 -16 -17 -18 18 20 -21 -22 -23 24 -25 -26 -27 -28 -29 29 -31
leaf_value=-0.046192970436402359 -0.016916694154211601 -0.048657030760640554 0.00048772124069073019 0.025907501212976736 0.0074689257725810273 -0.036399256049764094 -0.011106280098735932 0.046436510870540078 -0.0078614567262015617 -0.0052568204065700681 0.015734097170219723 0.038508761552180824 -0.033936440672234468 -0.0057893637619953701 -0.044399724523864342 0.049757998724474312 0.0071174255230275103 -0.025098535813430523 -0.01716545833185542 0.024801457852829233 -0.047879991022866164 0.011694147217182907 -0.02695683292546483 -0.027651059935112965 0.0015937385699867673 -0.040192213675489946 0.030773440618360477 0.013669402460800601 0.039834647874725522 -0.044926045440001283
leaf_weight=61.373419105280163 123.87756287838602 15.935629891948563 99.554619044996798 116.69329186726827 121.56385855565168 30.444384103153425 98.75047652459034 7.3061052041521171 27.752327117457753 124.18006036270526 20.424535482062083 17.094413794750842 47.546782647870486 47.545999526540982 12.449822577735175 3.589124431833624 237.47855290182633 22.752397774238492 6.6138498864893327 8.0344568893779051 2.8248850539093828 127.97924303245964 25.829992166105512 5.6493865117458872 40.120757237684302 2.296170758738298 27.074562214751495 221.9243481347803 9.0429888085418479 3.6987436314011566
leaf_count=697189 13787 99791 2396 680 2799 2731 104409 117 323 3941 9174 4159 80772 1141 453 19 3036 983 235 114 82 1292 21968 2484 13726 2144 430 2263 343 1069
internal_value=0 -0.0185717 0.00450088 0.00747688 -0.00373827 -0.00929317 -0.0123769 -0.00545158 0.0157903 0.00442927 -0.0101335 -0.01236 -0.0185261 0.000496648 -0.0138015 -0.0122885 0.00286857 0.00739719 0.00315908 -0.0120761 0.0160049 0.018473 -0.00244605 0.0163652 -0.00958826 0.0291892 0.0213619 0.00958734 -0.0139186 0.0152298
internal_weight=0 335.022 1382.38 1015.56 366.823 245.259 273.648 214.815 272.425 743.133 257.713 237.288 146.297 421.654 59.9958 140.208 361.659 74.6063 67.3002 30.7869 36.5133 244.673 90.9907 25.04 65.9507 19.3906 33.6884 321.479 136.619 12.7417
internal_count=1074050 1035816 38234 15525 22709 19910 338627 17179 2295 13230 238836 229662 185181 8571 1594 15218 6977 1961 1844 1097 747 1972 44481 8787 35694 6303 665 4659 15199 1412
is_linear=0
shrinkage=0.05


Tree=98
num_leaves=31
num_cat=0
split_feature=0 0 0 104 82 104 40 83 85 89 135 2 90 82 90 140 149 40 68 3 125 148 3 2 82 76 96 132 115 96
split_gain=53.703 21.324 13.482 9.85969 9.14154 7.90312 7.30269 6.84796 6.37169 5.68758 4.77488 4.858 4.84796 7.29446 4.99665 4.74865 5.16413 4.69319 7.01233 5.27014 4.64923 4.41142 4.40159 4.39146 4.32745 4.28718 4.11754 5.87386 5.69278 4.73297
threshold=0.33581906297173442 0.0019437620776660012 0.94875966535953815 10.500000000000002 0.5903695000000001 1.0000000180025095e-35 3.5000000000000004 10.000000000000002 0.11702900000000001 2.5000000000000004 1.5000000000000002 593143.50000000012 269.50000000000006 0.55835550000000012 325.50000000000006 38.500000000000007 0.10649100000000002 1.0000000180025095e-35 100.50000000000001 23978.000000000004 0.053577000000000007 2.5000000000000004 218071.50000000003 378061.50000000006 0.63917850000000009 671.50000000000011 0.049626500000000011 0.46428571428550008 0.064963500000000021 0.067975000000000022
decision_type=2 2 2 2 2 2 2 2 2 2 2 2 2 2 2 2 2 2 2 2 2 2 2 2 2 2 2 2 2 2
left_child=1 -1 4 17 5 -2 -4 9 15 -5 11 12 13 22 -14 16 -6 18 21 -19 -8 25 -7 -21 -17 -3 28 -28 -15 -29
right_child=2 3 6 7 8 10 20 -9 -10 -11 -12 -13 14 26 -16 24 -18 19 -20 23 -22 -23 -24 -25 -26 -27 27 29 -30 -31
leaf_value=-0.045938219856414324 0.0053446902903635241 -0.02863186382350566 0.0067886499898754983 -0.039651358707445974 0.0059937886276649876 -0.053566402552530284 0.013733894932760018 -0.011188431498741994 0.038699633406452216 0.014482899799834839 0.020743355459289334 -0.027681720042904524 0.057595771258360587 0.0065261337673832636 -0.0075511417685785887 -0.018181865123694442 -0.048351834809339966 -0.033914551873384553 0.010375922185915071 0.030125870039056764 0.033840192680808803 0.01179092358840639 -0.014006281813122263 -0.011412050104075196 0.016689874744092909 0.040777903758811275 -0.037189465913628941 -0.024372354453349777 -0.021444963874380375 0.028815117692648731
leaf_weight=58.829857209803777 96.840493547939332 46.415866480311252 493.26370110869175 54.053282468427824 369.49537320586387 14.822503924043305 93.621948755579069 63.680919620384429 13.155853972537441 5.3305116052215444 10.806197023885032 46.2882269428992 5.2858779959533404 67.436033153862809 6.6412627843492373 41.362353140313644 4.4236114067025474 5.4066047826372587 30.505808530495415 24.485617364735845 41.494021888240241 9.5908890893524568 13.376762681971739 8.5970355635004108 11.334558518719858 2.3366926948838218 22.301053225339274 8.4343392151931784 24.909857719350839 8.2975020236481196
leaf_count=697189 5110 55383 3273 151114 7560 5913 582 68178 58 6056 211 5970 184 2750 1348 2451 54 9475 22657 12132 220 3432 2843 5634 294 228 1952 655 728 416
internal_value=0 -0.0188499 0.00418273 -0.0124858 -0.000273831 -0.00662666 0.00960972 -0.0225782 0.00442739 -0.0347921 -0.011698 -0.0133077 -0.00942818 -0.0117264 0.0213207 0.00337051 0.00535086 -0.00273207 -0.00904989 0.0118521 0.0199085 -0.019207 -0.0348004 0.0193316 -0.0106813 -0.0253051 -0.00677377 -0.0203888 -0.00101893 0.00200389
internal_weight=0 309.233 1393.59 250.403 765.212 325.44 628.38 123.065 439.772 59.3838 228.6 217.793 171.505 159.578 11.9271 426.616 373.919 127.339 88.8493 38.4893 135.116 58.3434 28.1993 33.0827 52.6969 48.7526 131.379 39.0329 92.3459 16.7318
internal_count=1074050 1031478 42572 334289 38497 28080 4075 225348 10417 157170 22970 22759 16789 15257 1532 10359 7614 108941 81700 27241 802 59043 8756 17766 2745 55611 6501 3023 3478 1071
is_linear=0
shrinkage=0.05


Tree=99
num_leaves=31
num_cat=0
split_feature=0 0 112 104 3 69 42 44 79 90 83 151 127 3 61 48 109 123 114 104 122 90 46 151 106 93 74 126 114 82
split_gain=50.6357 20.517 12.2203 9.5108 8.51433 7.68938 7.5647 7.49579 7.31935 6.96718 5.99648 5.91405 5.58791 5.82944 5.51231 5.376 5.00612 4.99444 4.97486 7.31435 5.82777 4.97166 5.14788 7.57761 5.52622 5.44423 4.97107 4.93333 4.92617 6.52294
threshold=0.33581906297173442 0.0019437620776660012 0.083836000000000008 10.500000000000002 393.00000000000006 2.5000000000000004 2.5000000000000004 1.0000000180025095e-35 7.5000000000000009 93.500000000000014 10.000000000000002 0.077111000000000013 11.500000000000002 647.50000000000011 2.5000000000000004 2164.0000000000005 1.5000000000000002 0.16310900000000003 0.028821500000000003 1.5000000000000002 1.5000000000000002 167.50000000000003 1.0000000180025095e-35 0.093043500000000015 0.15961450000000002 0.41767450000000006 5.5000000000000009 0.07885300000000002 0.041117500000000008 0.60213600000000012
decision_type=2 2 2 2 2 2 2 2 2 2 2 2 2 2 2 2 2 2 2 2 2 2 2 2 2 2 2 2 2 2
left_child=1 -1 4 -3 -2 6 12 9 21 -4 -5 -10 13 -6 -7 18 -9 -14 19 -15 26 22 23 24 25 -8 -21 28 29 -20
right_child=2 3 7 10 5 14 8 16 11 -11 -12 -13 17 15 -16 -17 -18 -19 27 20 -22 -23 -24 -25 -26 -27 -28 -29 -30 -31
leaf_value=-0.045715405757795743 0.024463819662719061 -0.0027133148585239807 0.0052338610191659364 -0.03401564408858359 -0.059191673660601053 0.025403483049231419 -0.037522699625003549 0.00078932723289733438 -0.036565937332095261 0.019240605715612008 -0.01166882018416201 0.0085550841657570775 -0.047240627164256338 0.020004887692388788 -0.04964343258691771 -0.056475538390512482 0.04679212029446464 0.044149923673843905 -0.027674936128619539 -0.0074455853643398883 0.016678161601561079 0.037903180965537686 0.014379929827380926 0.0330513763859707 -0.044792487298923829 0.0015348853261395344 -0.042856906267342267 -0.038266935447642057 -0.00035800152525596735 0.030284703413836534
leaf_weight=56.409579301322083 29.605034242298643 126.40117009573441 693.38037697681284 57.5236112216935 5.4864624436577278 32.045779585372657 10.474031574340186 8.3998958538286406 19.484009450654415 101.81849711292307 62.784795773486621 11.577348982536931 14.905179448292985 35.941512840210635 2.6491280978807472 5.4081341562905427 19.982273836387321 1.6615935370864452 43.7707177837583 62.114106357421406 21.135053574369522 11.815875548330949 71.705169296743406 12.314383940654805 9.5407222074863949 60.214418405244942 11.792256080017976 16.806409257755149 66.144228137796745 5.4598848870955399
leaf_count=697189 886 108941 9808 157170 935 756 686 48 1814 754 68178 454 1409 2192 43 4643 99 24 1759 8205 526 155 1733 232 231 1498 903 475 2226 78
internal_value=0 -0.0185111 0.00404947 -0.0122909 -0.0016345 -0.00308561 -0.00467198 0.00792848 0.00262947 0.00702731 -0.0223536 -0.0197482 -0.00987565 -0.00817104 0.0196733 -0.00712878 0.0331773 -0.0380745 -0.00611469 0.000791281 -0.00647467 0.00657734 0.0043238 -0.00346796 -0.00907331 -0.00425235 -0.0130957 -0.012958 -0.00927135 -0.021247
internal_weight=0 303.119 1385.63 246.71 562.051 532.446 497.751 823.581 207.126 795.199 120.308 31.0614 290.626 274.059 34.6949 268.572 28.3822 16.5668 263.164 130.983 95.0414 176.065 164.249 92.5436 80.2292 70.6884 73.9064 132.181 115.375 49.2306
internal_count=1074050 1031478 42572 334289 31863 30977 30178 10709 6803 10562 225348 2268 23375 21942 799 21007 147 1433 16364 11826 9634 4535 4380 2647 2415 2184 9108 4538 4063 1837
is_linear=0
shrinkage=0.05


end of trees

feature_importances:
Column_0=403
Column_82=304
Column_40=259
Column_93=179
Column_68=121
Column_76=121
Column_2=109
Column_90=82
Column_98=68
Column_3=63
Column_36=55
Column_95=53
Column_112=45
Column_137=45
Column_69=42
Column_151=41
Column_74=40
Column_99=40
Column_104=40
Column_96=39
Column_83=32
Column_89=32
Column_58=31
Column_110=30
Column_129=28
Column_140=28
Column_149=28
Column_114=27
Column_115=26
Column_127=26
Column_66=24
Column_101=24
Column_72=21
Column_113=21
Column_100=19
Column_124=17
Column_48=16
Column_106=16
Column_126=16
Column_42=15
Column_55=15
Column_111=15
Column_43=14
Column_60=14
Column_130=14
Column_150=14
Column_44=13
Column_79=13
Column_87=13
Column_102=12
Column_123=12
Column_125=12
Column_148=12
Column_85=11
Column_91=11
Column_92=10
Column_154=10
Column_57=9
Column_135=9
Column_46=8
Column_62=8
Column_118=8
Column_54=7
Column_109=7
Column_38=6
Column_116=6
Column_119=6
Column_146=6
Column_147=6
Column_153=6
Column_1=5
Column_81=5
Column_136=5
Column_65=4
Column_86=4
Column_107=4
Column_120=4
Column_132=4
Column_142=4
Column_73=3
Column_94=3
Column_131=3
Column_133=3
Column_35=2
Column_61=2
Column_105=2
Column_121=2
Column_134=2
Column_31=1
Column_41=1
Column_97=1
Column_122=1
Column_141=1
Column_143=1

parameters:
[boosting: gbdt]
[objective: lambdarank]
[metric: ndcg]
[tree_learner: serial]
[device_type: cpu]
[data_sample_strategy: bagging]
[data: ]
[valid: ]
[num_iterations: 100]
[learning_rate: 0.05]
[num_leaves: 31]
[num_threads: 0]
[seed: 0]
[deterministic: 0]
[force_col_wise: 0]
[force_row_wise: 0]
[histogram_pool_size: -1]
[max_depth: -1]
[min_data_in_leaf: 20]
[min_sum_hessian_in_leaf: 0.001]
[bagging_fraction: 1]
[pos_bagging_fraction: 1]
[neg_bagging_fraction: 1]
[bagging_freq: 0]
[bagging_seed: 3]
[feature_fraction: 1]
[feature_fraction_bynode: 1]
[feature_fraction_seed: 2]
[extra_trees: 0]
[extra_seed: 6]
[early_stopping_round: 0]
[early_stopping_min_delta: 0]
[first_metric_only: 0]
[max_delta_step: 0]
[lambda_l1: 0]
[lambda_l2: 0]
[linear_lambda: 0]
[min_gain_to_split: 0]
[drop_rate: 0.1]
[max_drop: 50]
[skip_drop: 0.5]
[xgboost_dart_mode: 0]
[uniform_drop: 0]
[drop_seed: 4]
[top_rate: 0.2]
[other_rate: 0.1]
[min_data_per_group: 100]
[max_cat_threshold: 32]
[cat_l2: 10]
[cat_smooth: 10]
[max_cat_to_onehot: 4]
[top_k: 20]
[monotone_constraints: ]
[monotone_constraints_method: basic]
[monotone_penalty: 0]
[feature_contri: ]
[forcedsplits_filename: ]
[refit_decay_rate: 0.9]
[cegb_tradeoff: 1]
[cegb_penalty_split: 0]
[cegb_penalty_feature_lazy: ]
[cegb_penalty_feature_coupled: ]
[path_smooth: 0]
[interaction_constraints: ]
[verbosity: 0]
[saved_feature_importance_type: 0]
[use_quantized_grad: 0]
[num_grad_quant_bins: 4]
[quant_train_renew_leaf: 0]
[stochastic_rounding: 1]
[linear_tree: 0]
[max_bin: 255]
[max_bin_by_feature: ]
[min_data_in_bin: 3]
[bin_construct_sample_cnt: 200000]
[data_random_seed: 1]
[is_enable_sparse: 1]
[enable_bundle: 1]
[use_missing: 1]
[zero_as_missing: 0]
[feature_pre_filter: 1]
[pre_partition: 0]
[two_round: 0]
[header: 0]
[label_column: ]
[weight_column: ]
[group_column: ]
[ignore_column: ]
[categorical_feature: ]
[forcedbins_filename: ]
[precise_float_parser: 0]
[parser_config_file: ]
[objective_seed: 5]
[num_class: 1]
[is_unbalance: 0]
[scale_pos_weight: 1]
[sigmoid: 1]
[boost_from_average: 1]
[reg_sqrt: 0]
[alpha: 0.9]
[fair_c: 1]
[poisson_max_delta_step: 0.7]
[tweedie_variance_power: 1.5]
[lambdarank_truncation_level: 30]
[lambdarank_norm: 1]
[label_gain: ]
[lambdarank_position_bias_regularization: 0]
[eval_at: ]
[multi_error_top_k: 1]
[auc_mu_weights: ]
[num_machines: 1]
[local_listen_port: 12400]
[time_out: 120]
[machine_list_filename: ]
[machines: ]
[gpu_platform_id: -1]
[gpu_device_id: -1]
[gpu_use_dp: 0]
[num_gpu: 1]

end of parameters

pandas_categorical:null
