tree
version=v4
num_class=1
num_tree_per_iteration=1
label_index=0
max_feature_idx=107
objective=lambdarank
feature_names=Column_0 Column_1 Column_2 Column_3 Column_4 Column_5 Column_6 Column_7 Column_8 Column_9 Column_10 Column_11 Column_12 Column_13 Column_14 Column_15 Column_16 Column_17 Column_18 Column_19 Column_20 Column_21 Column_22 Column_23 Column_24 Column_25 Column_26 Column_27 Column_28 Column_29 Column_30 Column_31 Column_32 Column_33 Column_34 Column_35 Column_36 Column_37 Column_38 Column_39 Column_40 Column_41 Column_42 Column_43 Column_44 Column_45 Column_46 Column_47 Column_48 Column_49 Column_50 Column_51 Column_52 Column_53 Column_54 Column_55 Column_56 Column_57 Column_58 Column_59 Column_60 Column_61 Column_62 Column_63 Column_64 Column_65 Column_66 Column_67 Column_68 Column_69 Column_70 Column_71 Column_72 Column_73 Column_74 Column_75 Column_76 Column_77 Column_78 Column_79 Column_80 Column_81 Column_82 Column_83 Column_84 Column_85 Column_86 Column_87 Column_88 Column_89 Column_90 Column_91 Column_92 Column_93 Column_94 Column_95 Column_96 Column_97 Column_98 Column_99 Column_100 Column_101 Column_102 Column_103 Column_104 Column_105 Column_106 Column_107
feature_infos=[1.7307033847328553e-09:0.99975985096384834] [0:1] [1:1.7976931348599999e+308] [1:1.7976931348599999e+308] none none none none none none none none none none none none none none none none none none none [0:1] [0:1] none none none [0:1] [0:2] [0:33] [0:1] [0:1] [0:82] [0:1] [0:1] [0:342737] [0:36] [0:3] [0:1] [0:31591] [0:1] [0:70] [0:788] [0:114] [0:1] [0:17] [0:36] [1:441993] [0:1] [0:1] [0:1] [0:0.10625] [0:0.124639] [0:97] [0:1] [0:2] [1:320498] [0:0.189973] [0:0.13569000000000001] [0:2] [0:125] [0:951] [0:0.189973] [1:20421] [0:1] [0:65] [0:0.11750099999999999] [0:0.72638000000000003] [0:182] [1:441993] [0:2] [0:130] [0:21] [0:21] [0:4] [0:332847] [0:0.39139600000000002] [0:0.124639] [0:4] [0.00097599999999999998:316.228363] [0:2.3372090000000001] [0:97] [0:1] [0:1] [1:320498] [0:4] [0:182] [0:0.20475399999999999] [0:1] [0:441993] [0:3] [0:13] [0:0.17033599999999999] [0:1] [1:441993] [0:0.197407] [0:3] [0:53] [1:332847] [0:13] [0:16] [1:441993] [0:8] [0:0.58430199999999999] [1:20421] [0:0.19029199999999999] [1:332857]
tree_sizes=3479 3493 3504 3481 3506 3504 3486 3491 3496 3498 3500 3490 3511 3496 3517 3510 3512 3496 3495 3511 3502 3498 3497 3502 3490 3488 3504 3488 3520 3497 3491 3493 3509 3495 3507 3486 3499 3496 3502 3464 3507 3469 3473 3505 3496 3486 3529 3491 3498 3488 3488 3518 3495 3458 3508 3495 3494 3513 3488 3506 3513 3484 3500 3508 3505 3511 3488 3481 3509 3521 3488 3513 3495 3502 3513 3505 3493 3502 3485 3513 3524 3513 3483 3478 3498 3509 3486 3501 3497 3517 3501 3486 3509 3502 3513 3525 3492 3511 3525 3502

Tree=0
num_leaves=31
num_cat=0
split_feature=0 48 0 57 0 36 3 0 80 36 57 2 3 0 48 3 36 103 36 36 36 3 81 101 81 66 0 36 105 80
split_gain=7090.3 288.54 167.36 107.249 85.5982 78.9795 48.2226 42.3731 30.8741 27.0562 23.5497 24.9436 19.4716 18.6548 17.9684 18.5818 16.7878 12.6725 13.4256 13.9772 24.1911 11.7417 11.5125 10.8489 10.8361 10.0826 9.08806 8.89931 7.96871 7.78174
threshold=0.15548050853772452 70.500000000000014 0.030380062479932603 4.5000000000000009 0.48090646582193369 10300.500000000002 999189.50000000012 0.48090646582193369 0.49069550000000006 997.50000000000011 3.5000000000000004 201361.00000000003 1.5000000000000002 0.0088049481694041625 3.5000000000000004 979569.00000000012 270.50000000000006 2.5000000000000004 1316.5000000000002 977.50000000000011 170.50000000000003 397.00000000000006 0.36529200000000006 1.5000000000000002 0.050562000000000003 5.5000000000000009 0.7740980979447657 8587.5000000000018 3.7750000000000004 1.5510485000000003
decision_type=2 2 2 2 2 2 2 2 2 2 2 2 2 2 2 2 2 2 2 2 2 2 2 2 2 2 2 2 2 2
left_child=2 4 13 6 10 7 21 8 -3 16 24 -12 -6 -1 15 -15 -5 18 19 20 -8 -4 -21 -18 -2 -11 -14 -20 -9 -16
right_child=1 5 3 9 12 -7 17 28 -10 25 11 -13 26 14 29 -17 23 -19 27 22 -22 -23 -24 -25 -26 -27 -28 -29 -30 -31
leaf_value=-0.098857636259970627 0.039837845223032006 -0.07815616161790695 -0.099999999999999645 -0.085334000308683711 -0.10000000000000001 -0.093251632888986011 -0.099832985780109559 -0.047875277434346337 0.034879710417566649 -0.091236255638795033 0.052556011452349866 -0.031495967667259588 0.084821852690414715 0.023206702038519076 -0.09280037587120793 -0.068251212304584863 0.073593325780394153 0.082490347644309292 0.058328657311124278 -0.091041223088939346 0.04965281560919247 0.077182082601601837 0.072725950624448074 -0.029753754408050039 0.079424260454673198 0.048996761787554605 0.097432473895542493 -0.099999999999999922 0.067320585310330069 -0.035524190727826567
leaf_weight=890.24854082938145 27.494247001297481 13.508732961283387 0.97654966509435581 5.605435984290124 1.2775584114715446 20.867123807080134 4.2985233474610158 1.5855323674040871 10.927549909829393 66.924592980574744 19.926558787548856 15.84609399700639 171.58660758296537 7.8454937486094449 78.356509568641741 19.01252613075485 5.1320454162196238 2.6361101182410485 5.4969668972335048 14.06925282342854 7.3071313365944661 21.998176016553771 1.1617477805557417 5.0266067733900854 46.564465206603927 1.3068056332122058 853.63696225043168 1.0584042089249122 28.2432125400519 6.4157450382044763
leaf_count=836838 7325 8391 730 2486 35 10165 696 1312 2541 37211 7301 4609 11160 13916 59310 7825 4828 96 1675 987 5754 15395 39 10199 4928 213 11113 271 3105 3596
internal_value=0 0.0843155 -0.0892194 -0.0386185 0.09059 -0.0105826 0.0130459 0.021207 -0.0276082 -0.0749103 0.0486367 0.0153238 0.0950788 -0.0964417 -0.0771743 -0.0415354 -0.0158722 -0.0230504 -0.0313823 -0.0470516 -0.00571401 0.0696509 -0.0785498 0.0224561 0.0647278 -0.0885504 0.0953219 0.0327655 0.0611974 -0.0884656
internal_weight=0 1211.46 1144.88 142.998 1136.33 75.1322 59.0029 54.265 24.4363 83.9955 109.831 35.7727 1026.5 1001.88 111.63 26.858 15.7641 36.0281 33.392 26.8367 11.6057 22.9747 15.231 10.1587 74.0587 68.2314 1025.22 6.55537 29.8287 84.7723
internal_count=1074050 71985 1002065 80580 46471 25514 25643 15349 10932 54937 24163 11910 22308 921485 84647 21741 17513 9518 9422 7476 6450 16125 1026 15027 12253 37424 22273 1946 4417 62906
is_linear=0
shrinkage=0.05


Tree=1
num_leaves=31
num_cat=0
split_feature=0 57 0 0 40 0 81 36 40 40 105 81 0 96 0 77 0 80 69 40 54 105 105 93 96 70 36 50 72 93
split_gain=17295.2 576.691 316.471 262.721 216.076 169.053 137.218 80.9323 70.3807 68.5773 66.9378 56.7928 56.3102 45.8719 38.6936 36.2491 38.568 35.4509 32.1786 31.5608 39.2419 30.2206 29.7037 29.576 29.0994 27.8825 27.0197 31.1744 25.4675 25.3385
threshold=0.37969951586789719 8.5000000000000018 0.043984350660107828 0.86620967868038068 1.0000000180025095e-35 0.86620967868038068 0.049574000000000007 1679.5000000000002 1.0000000180025095e-35 14.500000000000002 3.7750000000000004 0.046275500000000004 0.94875966535953815 0.079193500000000014 0.23938287544958989 0.036908500000000004 0.68981449621504665 0.21966450000000001 7.5000000000000009 336.50000000000006 1.0000000180025095e-35 12.366666666650003 5.3666666666650009 0.019934000000000004 0.030198000000000006 5.083333333335001 1420.5000000000002 1.0000000180025095e-35 14.500000000000002 0.010095000000000002
decision_type=2 2 2 2 2 2 2 2 2 2 2 2 2 2 2 2 2 2 2 2 2 2 2 2 2 2 2 2 2 2
left_child=2 3 -1 4 10 7 13 21 12 14 25 15 22 19 26 16 24 -14 -6 -4 -21 -3 29 -20 -12 -2 27 -8 -18 -5
right_child=1 5 6 8 18 -7 9 -9 -10 -11 11 -13 17 -15 -16 -17 28 -19 23 20 -22 -23 -24 -25 -26 -27 -28 -29 -30 -31
leaf_value=-0.089549124162262322 0.0091277751556651365 -0.015998955497458976 -0.072942513494784825 0.008854352626003462 0.076744267757373752 0.049663218932044506 -0.082734242412199038 -0.060000530801326203 0.087044059670794177 0.054683050865494444 -0.053917942429541933 0.049621575107229331 0.078923653055993012 0.016986774413216579 0.0049999136491430916 0.06237033271033935 0.028787833544953342 0.019567196601079209 -0.025282338478616707 -0.084387224810608868 0.070410324524022391 0.036890369199536449 0.064596223636260705 0.0643753769366191 0.012819304472718241 -0.054831157013437805 -0.0089081413137355112 -0.025141328092720051 -0.081220609286657502 0.055197221280851839
leaf_weight=2889.7751014457172 43.830655212339479 78.667866760340985 416.20393131898891 48.731613974785432 488.7815572078689 117.70948394428706 55.492088414481259 93.028765648661647 1243.1309840929462 27.624558810552116 35.075271297595464 311.44841453331173 1182.721959647839 15.609658131259492 56.921035361039685 37.007899090531282 124.8846754260594 25.70203541778028 15.096333785855675 7.7208908350730807 8.7158764556515944 41.129928180773277 449.12313332117628 23.543099255417474 30.569348365563201 27.878083073650487 38.766124483299791 40.750922467486816 5.4924609739100552 74.721766259986907
leaf_count=942535 1157 4176 73393 376 3275 1049 6382 8923 2280 1013 2346 3938 2517 971 2857 391 1405 50 695 2543 235 936 1678 321 1016 1200 2574 3313 154 351
internal_value=0 0.0651526 -0.0823802 0.0701943 0.0497803 0.00158153 -0.0513584 -0.0250114 0.0779141 -0.0189737 0.0296728 0.0356534 0.0715414 -0.0672206 -0.0295751 0.0169847 0.00841616 0.0776612 0.0732718 -0.0702588 -0.00230318 0.00215943 0.0586255 0.0293463 -0.0228398 -0.0157374 -0.0441523 -0.0583484 0.0241535 0.036904
internal_weight=0 4498.28 3557.58 4167.74 1143.61 330.536 667.805 212.827 3024.13 219.555 616.187 544.478 1781 448.25 191.93 233.03 196.022 1208.42 527.421 432.641 16.4368 119.798 572.577 38.6394 65.6446 71.7087 135.009 96.243 130.377 123.453
internal_count=1074050 38234 1035816 23150 15898 15084 93281 14035 7252 16139 11607 9250 4972 77142 15126 5312 4921 2567 4291 76171 2778 5112 2405 1016 3362 2357 12269 9695 1559 727
is_linear=0
shrinkage=0.05


Tree=2
num_leaves=31
num_cat=0
split_feature=0 0 0 54 76 40 36 40 40 48 0 36 81 77 68 81 101 2 59 85 105 93 40 96 105 85 96 104 102 80
split_gain=15702.5 429.014 376.41 182.683 168.675 73.1726 71.1167 62.0565 57.1457 55.6593 49.0975 39.2515 38.3688 30.0896 26.8989 25.4512 23.3679 22.8845 22.3954 20.8249 18.5328 18.6157 17.715 20.02 18.4446 18.4409 15.8561 16.5312 15.7546 20.9409
threshold=0.33581906297173442 0.68981449621504665 0.043984350660107828 1.0000000180025095e-35 6.5000000000000009 23.500000000000004 1638.5000000000002 13.500000000000002 7.5000000000000009 2120.5000000000005 0.94875966535953815 18470.500000000004 0.052259000000000007 0.031215500000000004 0.10825450000000002 0.067282000000000008 6.5000000000000009 435.50000000000006 0.11689250000000002 4.2916666666650007 13.775000000000002 0.024616500000000003 1.0000000180025095e-35 0.043862500000000006 11.708333333350001 8.3666666666650027 0.009534500000000003 0.093457500000000013 1236.5000000000002 0.42896300000000004
decision_type=2 2 2 2 2 2 2 2 2 2 2 2 2 2 2 2 2 2 2 2 2 2 2 2 2 2 2 2 2 2
left_child=2 3 18 6 7 13 20 12 9 10 11 15 16 17 28 19 -4 -5 -1 -3 21 -2 23 24 -19 -25 -14 -28 29 -6
right_child=1 8 4 5 14 -7 -8 -9 -10 -11 -12 -13 26 -15 -16 -17 -18 22 -20 -21 -22 -23 -24 25 -26 -27 27 -29 -30 -31
leaf_value=-0.083690665623442032 -0.037722721320256836 0.059593616389494453 -0.014760445214825158 -0.072642062719037281 -0.068519527943353628 0.074794098376554194 -0.071225967289873751 0.050967275787318994 0.079414604069165687 -0.088784996475378311 0.071584761130623467 -0.073882465902114183 0.02955204355421804 0.056257567965039126 0.088188382563496592 0.065492998288064277 -0.063432200246966525 -0.029011940786595188 0.025077999303029647 0.038614381015178612 0.034503073727494026 0.035523996684149503 0.04005555596083879 0.039863381465725982 0.016999030227820303 -0.06482971020055002 -0.031689446161815973 0.016942199000054347 -0.084243677324513974 -0.032019525097131914
leaf_weight=3096.5923501850339 31.247901136986911 257.74362334050238 46.253987387171946 6.8704396191751576 137.6710251494078 102.38120585831348 57.882208161638118 38.382349553052336 1090.2154117972823 5.8043309620115897 1666.1399189613294 5.6230626472970462 35.880020003649406 62.994302866165526 2.8609658679924896 591.6870680199936 52.824831943027675 42.288700662087649 4.7397569594904772 218.62395345955156 28.569941033609211 12.007884052232837 73.642128400853835 56.346346341539174 44.916269716341048 4.5454722000285974 41.410625224234536 30.231865860405378 82.226539724506438 54.993203858728521
leaf_count=942452 3580 2240 6820 832 31998 701 8834 1458 2513 922 3442 383 2395 1065 6 3485 10300 3654 83 3924 918 418 1637 1650 1873 501 5539 2228 19429 8770
internal_value=0 0.0639341 -0.0769088 0.0214841 -0.0376592 0.0384285 -0.0299839 -0.00741698 0.0697297 0.0658841 0.0662117 0.0578738 -0.0182636 0.0256606 -0.0643336 0.0585675 -0.0407103 0.0172295 -0.0835244 0.0499654 0.0032518 -0.0173893 0.0200141 0.0100484 -0.00531328 0.0320482 0.00242035 -0.0111678 -0.065921 -0.0581011
internal_weight=0 4359.53 3624.07 523.693 522.735 393.985 129.708 244.984 3835.84 2745.62 2739.82 1073.68 206.601 291.604 277.752 1068.05 99.0788 228.609 3101.33 476.368 71.8257 43.2558 221.739 148.097 87.205 60.8918 107.523 71.6425 274.891 192.664
internal_count=1074050 42572 1031478 25663 88943 11913 13750 28740 16909 14396 13474 10032 27282 11212 60203 9649 17120 10147 942535 6164 4916 3998 9315 7678 5527 2151 10162 7767 60197 40768
is_linear=0
shrinkage=0.05


Tree=3
num_leaves=31
num_cat=0
split_feature=0 0 0 57 107 57 40 0 36 40 66 81 85 2 101 101 107 59 3 77 105 80 36 40 43 2 36 105 80 88
split_gain=13645.3 433.832 235.105 189.325 130.98 77.8283 69.6269 60.1808 50.4975 47.6082 42.9876 25.6897 22.1751 21.4823 20.6954 19.4605 17.2364 16.9104 15.4835 17.2875 17.8496 14.936 14.6081 14.3917 17.4558 19.5147 15.9796 14.2776 15.2408 14.1843
threshold=0.23938287544958989 0.60678019017954943 0.040916356323413693 4.5000000000000009 24.500000000000004 422.50000000000006 1.0000000180025095e-35 0.7740980979447657 1638.5000000000002 6.5000000000000009 1.0000000180025095e-35 0.041042500000000003 7.083333333335001 2826.5000000000005 4.5000000000000009 9.5000000000000018 48.500000000000007 0.11689250000000002 647.50000000000011 0.029255500000000004 4.5500000000000007 0.21162100000000003 2698.5000000000005 542.50000000000011 19.500000000000004 1074.5000000000002 1060.5000000000002 11.366666666650003 0.034499000000000009 0.074203500000000019
decision_type=2 2 2 2 2 2 2 2 2 2 2 2 2 2 2 2 2 2 2 2 2 2 2 2 2 2 2 2 2 2
left_child=2 3 17 10 9 6 7 16 -5 11 18 15 -8 -9 -6 -4 27 29 -2 -20 -21 -15 -7 24 25 26 -14 28 -3 -1
right_child=1 5 4 8 14 22 12 13 -10 -11 -12 -13 23 21 -16 -17 -18 -19 19 20 -22 -23 -24 -25 -26 -27 -28 -29 -30 -31
leaf_value=-0.079061799242965913 -0.070514001459949113 -0.06474740600470745 -0.015509582236833181 -0.0068263930737674054 -0.040138628724907401 0.0051704984422428855 0.072812431282675255 0.068618217413117952 -0.063891981420472616 0.038692855484617809 0.066507870098419283 0.0012581104745157088 0.043928399717799202 0.0575108195736376 -0.074039895676625139 -0.062275269079105612 -0.018553830037487222 0.01358705960867132 0.016806163359964342 -0.024102809339740197 0.060107916074569723 0.028444823008081977 -0.083460648617415326 0.076697449032611498 0.064879072775122018 0.046913724609879831 -0.052087397152050387 0.049081574997355652 0.024353929800252222 0.0916241777979621
leaf_weight=3054.174458800815 4.2834925805218509 5.1725990213453761 43.209773209993728 85.220041544525884 61.514912434853613 9.4173829233041051 1677.6436320407083 507.63821776944678 71.119298226025421 40.81094083172502 80.314073847956024 67.813129655551165 7.657792879734191 1248.2689436625224 167.86114462383557 45.850153045495972 17.521764225559309 4.9403094877488902 152.86632717191242 7.2229443000396705 48.857586706406437 45.820387173909694 9.1817161041544733 80.989943363005295 128.59454126947094 93.906861446332186 9.9815723933279497 75.491636910126545 66.505227045738138 1.2176598685327906
leaf_count=938443 603 390 6550 9230 13557 712 3432 1722 12575 2536 803 7214 115 5787 40745 9808 1156 83 8931 685 803 513 1620 183 622 1297 538 1286 2099 12
internal_value=0 0.0582019 -0.0739947 0.0116597 -0.0392419 0.0634579 0.0639365 0.0572566 -0.0327857 -0.00941446 0.0353309 -0.0219297 0.0705083 0.0599012 -0.0649481 -0.0395857 0.0283252 -0.0788443 0.023588 0.0255172 0.0492619 0.0564817 -0.0385836 0.0584709 0.0523239 0.0378498 -0.010404 0.0339065 0.017924 -0.0789938
internal_weight=0 4433.68 3487.39 449.884 427.06 3983.79 3965.19 1966.42 156.339 197.684 293.544 156.873 1998.77 1801.73 229.376 89.0599 164.691 3060.33 213.23 208.947 56.0805 1294.09 18.5991 321.131 240.141 111.546 17.6394 147.169 71.6778 3055.39
internal_count=1074050 55102 1018948 33630 80410 21472 19140 12953 21805 26108 11825 23572 6187 8022 54302 16358 4931 938538 11022 10419 1488 6300 2332 2755 2572 1950 653 3775 2489 938455
is_linear=0
shrinkage=0.05


Tree=4
num_leaves=31
num_cat=0
split_feature=0 0 0 57 85 57 40 48 77 0 40 48 101 40 0 107 70 80 101 46 0 59 93 99 105 2 107 96 101 36
split_gain=12127.9 374.71 216.185 166.928 118.024 70.8173 53.8056 49.6367 48.8152 38.0947 37.7272 28.0281 24.2184 18.4678 18.2034 20.5651 17.9381 17.2092 15.8615 16.7808 15.409 24.442 16.5163 15.3173 15.0352 14.8307 14.1751 13.0753 11.8222 11.717
threshold=0.23938287544958989 0.60678019017954943 0.035302874550316145 6.5000000000000009 6.9166666666650007 7.5000000000000009 2.5000000000000004 2164.0000000000005 0.029255500000000004 0.86620967868038068 6.5000000000000009 710.50000000000011 8.5000000000000018 18.500000000000004 0.86620967868038068 152.50000000000003 30.083333333350001 0.55121100000000012 7.5000000000000009 1.0000000180025095e-35 0.0088049481694041625 0.023543000000000005 0.10455800000000003 6.5000000000000009 12.775000000000002 26107.500000000004 39.500000000000007 0.044955000000000002 12.500000000000002 1454.5000000000002
decision_type=2 2 2 2 2 2 2 2 2 2 2 2 2 2 2 2 2 2 2 2 2 2 2 2 2 2 2 2 2 2
left_child=2 3 20 8 10 6 9 14 26 -3 18 13 16 -5 15 27 -6 -18 24 -20 -1 22 -22 -23 -4 -11 -2 -7 -17 -19
right_child=1 5 4 11 12 7 -8 -9 -10 25 -12 -13 -14 -15 -16 28 17 29 19 -21 21 23 -24 -25 -26 -27 -28 -29 -30 -31
leaf_value=-0.076286949554692784 0.01931925408633451 0.042365394875322107 -0.021264576075628306 -0.033228492334272892 -0.0016013215777534501 0.036362215641061249 0.068718175053919181 -0.081210939925662501 0.056571012854356888 0.063241492187844833 0.037498952075726878 -0.072162706510493002 -0.069028801190653563 0.024772054070249534 0.049921693940014882 0.021617582159842594 -0.072156424881036949 0.028395157487970044 -0.049345964712305776 0.016682700377032934 -0.070064949975267216 0.0058325978674766141 0.081952283814943475 -0.068545788736522395 0.021684165276632378 0.054234366098711934 -0.033634109680638548 -0.082413952215658226 -0.059987278006720428 -0.061523343682173819
leaf_weight=2687.1086744051427 189.92692270770203 394.18526677496266 52.957608642871492 67.401618216885254 25.661338946432807 65.282959851087071 1492.0257557174191 9.3506102098617685 114.82310728612356 1089.600674940506 37.009738750988618 40.107312710839324 190.00178102421341 17.233397194882855 112.43429151945747 7.3964551422977829 35.118960027291905 8.9030659566633386 53.379943066742271 11.738520624232477 279.7420026200125 18.856660289224241 1.7982470493298013 10.936609523254445 33.12233008252224 787.18704529292881 13.538944918662308 2.40229189954698 11.096603065729141 6.1087667762767515
leaf_count=836838 10547 6302 8123 9212 3933 1884 2884 1664 2112 2909 1868 8402 47394 1818 1009 479 10080 816 10730 1200 86330 3304 47 3634 2855 2716 1539 263 1362 1796
internal_value=0 0.0549063 -0.0701983 0.0112916 -0.0380441 0.0597722 0.0613419 0.0313691 0.0305054 0.0564958 -0.00774844 -0.0377338 -0.0594964 -0.0214184 0.0366694 0.0193795 -0.0355997 -0.0530031 -0.0188239 -0.0374434 -0.0750669 -0.0645366 -0.069094 -0.0214705 -0.00473851 0.0594636 0.0157957 0.0321466 -0.0273487 -0.00819539
internal_weight=0 4413.99 3452.44 443.031 454.002 3970.96 3763 207.963 318.289 2270.97 188.208 124.742 265.794 84.635 198.613 86.1783 75.7921 50.1308 151.198 65.1185 2998.44 311.334 281.54 29.7933 86.0799 1876.79 203.466 67.6853 18.4931 15.0118
internal_count=1074050 55102 1018948 33630 88795 21472 14811 6661 14198 11927 24776 19432 64019 11030 4997 3988 16625 12692 22908 11930 930153 93315 86377 6938 10978 5625 12086 2147 1841 2612
is_linear=0
shrinkage=0.05


Tree=5
num_leaves=31
num_cat=0
split_feature=0 0 0 57 76 40 0 55 85 77 80 93 90 36 81 36 36 2 101 0 96 54 46 105 85 77 74 57 36 40
split_gain=10838 365.453 183.594 156.024 111.534 59.3105 67.4311 47.9103 42.5823 32.7599 28.7394 23.455 23.0742 20.8216 18.1901 18.495 16.4889 16.2765 16.2488 16.2097 15.626 15.5447 13.5385 13.2415 18.1784 13.858 12.3972 13.5259 12.2866 12.2025
threshold=0.21467259749339032 0.60678019017954943 0.030380062479932603 7.5000000000000009 5.5000000000000009 5.5000000000000009 0.86620967868038068 1.0000000180025095e-35 152.58333333350001 0.033014000000000009 0.093402500000000013 0.0017535000000000003 1890.5000000000002 3800.5000000000005 0.052713500000000003 1420.5000000000002 11484.000000000002 9821.5000000000018 8.5000000000000018 0.94875966535953815 0.051531500000000001 1.0000000180025095e-35 1.0000000180025095e-35 5.3666666666650009 6.3666666666650009 0.031041000000000003 1.0000000180025095e-35 4.5000000000000009 296.50000000000006 52.500000000000007
decision_type=2 2 2 2 2 2 2 2 2 2 2 2 2 2 2 2 2 2 2 2 2 2 2 2 2 2 2 2 2 2
left_child=2 3 -1 7 9 6 8 16 11 10 14 13 29 17 -4 21 23 -3 22 -8 -11 -16 -6 24 -2 -25 -7 -28 -12 -5
right_child=1 5 4 12 18 26 19 -9 -10 20 28 -13 -14 -15 15 -17 -18 -19 -20 -21 -22 -23 -24 25 -26 -27 27 -29 -30 -31
leaf_value=-0.072121211627081391 0.010155597968563178 -0.011890392525665955 -0.054555962705349403 -0.033024786454025082 -0.048092777509075174 0.065962255935041916 0.048616927257472131 0.058337229474905328 -0.040466023922682837 0.039483186285466494 -0.065924215902591524 0.046272248116796651 -0.075700453304972076 -0.043725820262422728 0.068196869861213122 0.022849962868082826 -0.079735841008143696 0.034351073180365933 -0.067387872218914291 0.058527256379415117 -0.050874638408354905 -0.049046130636970997 0.014816289236819892 0.016548133638360343 -0.061432177482819851 0.047783137408840652 0.05149088812356243 -0.023139794982902983 0.022002995081937388 0.016875182444437628
leaf_weight=2920.4378526339424 51.723421885515563 22.241302361129783 55.229664824611973 82.477815178281162 59.523878350970335 1290.6019991318462 563.78960919519886 91.437188286567107 17.859659462003037 38.720100177975837 4.4107970903860396 310.44010420050472 30.149879061267711 10.935526129207572 3.1350313328439396 21.04087247105781 4.4068113480461752 131.80048102955334 185.99328191071982 1538.7198782784399 5.4593279043328939 28.787106566829607 9.9872543907258642 140.08961835992523 10.702828488778321 47.568480671034195 62.45110422372818 6.7249396815896025 40.033777492935769 14.388895897311157
leaf_count=921485 3678 1135 12573 12906 15313 3056 3481 1170 2294 2454 994 3903 6575 824 51 1599 543 2784 48806 3378 1192 5702 1345 8589 1802 811 212 405 3297 1693
internal_value=0 0.0514311 -0.0675302 0.00989213 -0.0378883 0.0563977 0.0519664 0.0272941 0.0353289 -0.00959921 -0.0205739 0.0381762 -0.0375018 0.0229417 -0.0344794 -0.0135437 0.0161404 0.0276745 -0.0596795 0.0558698 0.0283175 -0.0375318 -0.0390541 0.0178299 -0.00211795 0.0244657 0.064857 0.0442357 0.0132769 -0.0256125
internal_weight=0 4428.51 3372.76 472.945 452.321 3955.56 2595.79 345.928 493.277 196.817 152.637 475.417 127.017 164.977 108.193 52.963 254.491 154.042 255.504 2102.51 44.1794 31.9221 69.5111 250.084 62.4263 187.658 1359.78 69.176 44.4446 96.8667
internal_count=1074050 59239 1014811 37767 93326 21472 17799 16593 10940 27862 24216 8646 21174 4743 19925 7352 15423 3919 65464 6859 3646 5753 16658 14880 5480 9400 3673 617 4291 14599
is_linear=0
shrinkage=0.05


Tree=6
num_leaves=31
num_cat=0
split_feature=0 0 0 57 76 40 0 77 57 40 101 107 105 90 0 48 101 40 3 69 85 80 40 62 0 105 80 80 57 40
split_gain=9803.63 332.096 178.609 138.408 103.036 60.8316 54.3898 43.384 28.941 28.4406 25.7542 23.5628 21.8606 20.807 20.067 18.58 15.8672 15.6045 21.1246 14.318 13.1541 11.9319 11.6315 11.607 11.3614 11.1125 10.8071 10.6541 13.2716 10.6416
threshold=0.21467259749339032 0.60678019017954943 0.030380062479932603 7.5000000000000009 5.5000000000000009 1.0000000180025095e-35 0.7740980979447657 0.029255500000000004 7.5000000000000009 207.50000000000003 15.500000000000002 48.500000000000007 9.3666666666650027 1890.5000000000002 0.94875966535953815 1824.5000000000002 8.5000000000000018 1.0000000180025095e-35 2646.5000000000005 8.5000000000000018 18.083333333350001 0.058333000000000003 1.5000000000000002 1.5000000000000002 0.94875966535953815 9.7750000000000021 0.037477000000000003 0.51788850000000008 12.500000000000002 706.50000000000011
decision_type=2 2 2 2 2 2 2 2 2 2 2 2 2 2 2 2 2 2 2 2 2 2 2 2 2 2 2 2 2 2
left_child=2 3 -1 7 9 6 11 17 19 10 12 25 22 29 20 -10 27 21 -19 24 -8 23 -4 -2 -7 -3 -12 28 -6 -5
right_child=1 5 4 13 16 8 14 -9 15 -11 26 -13 -14 -15 -16 -17 -18 18 -20 -21 -22 -23 -24 -25 -26 -27 -28 -29 -30 -31
leaf_value=-0.069479172173664797 -0.040698205085597364 0.010818744541433216 -0.033263360017081127 -0.029117073080183228 -0.020762944461832984 0.058147388926350074 0.044204394102051722 0.04880719118924063 0.035289228151805456 0.057558106855050077 -0.062264407367157527 -0.030387014395441527 0.020833610643367778 -0.07271334958618289 0.053468832819275648 -0.076789227515338523 -0.064561333884045988 -0.083620679728436093 0.036178324480286524 0.04409103998626699 0.014464404657393726 0.014559023630269119 0.028042962765900598 0.0038767883911893682 0.066099268267992298 0.038938453606876713 -0.02151420122838887 -0.0035266357547990321 -0.071654350352068394 0.036021289504758268
leaf_weight=2873.6321396743297 24.908474614843726 61.584204606362619 45.066334027855191 89.502299530839082 23.854498703731224 930.93249357421882 543.97729886951856 126.66175770980772 73.195467724115588 15.0455643980531 28.139223661506549 20.549777914071456 61.129523202194832 29.24193800665671 1202.8883978547528 3.8945413150358936 181.75091423658887 3.8725663425866506 73.915472182212397 119.208827368333 39.908732972689904 84.578676200006157 9.3404397031990793 35.30295500648208 868.04053324600682 81.804677509702742 38.572898244136013 18.128354744403623 27.671054056962021 6.7424173735780633
leaf_count=921485 2925 2290 8280 14098 4907 2661 4462 2359 2149 282 6768 1908 5347 6575 2740 889 48806 849 2611 752 1131 5192 756 2657 1005 1485 6429 3011 8740 501
internal_value=0 0.0487734 -0.0648982 0.00926297 -0.0355597 0.0535268 0.0472482 0.0254462 0.0596651 -0.00851277 -0.0139673 0.0196852 0.000315265 -0.0357763 0.0497771 0.0296271 -0.0567851 0.0121523 0.0302143 0.0608723 0.0421717 0.00244847 -0.0227384 -0.0145632 0.0619843 0.0268613 -0.0387027 -0.0364943 -0.0480934 -0.0245538
internal_weight=0 4420.71 3322.33 474.727 448.699 3945.98 1950.71 349.24 1995.27 197.294 182.248 163.939 115.536 125.487 1786.77 77.09 251.405 222.578 77.788 1918.18 583.886 144.79 54.4068 60.2114 1798.97 143.389 66.7121 69.6539 51.5256 96.2447
internal_count=1074050 59239 1014811 37767 93326 21472 14016 16593 7456 27862 27580 5683 14383 21174 8333 3038 65464 14234 3460 4418 5593 10774 9036 5582 3666 3775 13197 16658 13647 14599
is_linear=0
shrinkage=0.05


Tree=7
num_leaves=31
num_cat=0
split_feature=0 0 0 57 76 40 40 36 0 40 105 36 101 85 81 101 105 101 69 105 36 77 78 0 2 87 105 60 80 2
split_gain=8951.24 308.671 172.19 155.393 92.6748 53.7556 52.5497 32.5482 29.6563 25.3799 24.7992 19.4971 18.3386 20.3779 18.3367 18.0458 16.4531 14.6348 13.2708 12.7761 12.0669 11.5314 11.4925 10.5961 12.9799 11.8444 10.3999 10.1388 9.92353 9.60248
threshold=0.21467259749339032 0.68981449621504665 0.030380062479932603 6.5000000000000009 5.5000000000000009 1.0000000180025095e-35 38.500000000000007 2302.5000000000005 0.94875966535953815 13.500000000000002 5.7750000000000012 18470.500000000004 15.500000000000002 149.16666666650005 0.029730000000000003 15.500000000000002 9.3666666666650027 8.5000000000000018 9.5000000000000018 6.7750000000000012 9603.5000000000018 0.033014000000000009 0.072493000000000016 0.94875966535953815 370.00000000000006 6.5000000000000009 6.083333333335001 1.0000000180025095e-35 0.048798500000000009 114529.50000000001
decision_type=2 2 2 2 2 2 2 2 2 2 2 2 2 2 2 2 2 2 2 2 2 2 2 2 2 2 2 2 2 2
left_child=2 3 22 6 9 8 14 10 11 15 -5 19 -7 23 20 16 -4 -6 -16 21 27 29 -1 24 25 -14 -10 -2 -17 -3
right_child=1 5 4 7 17 12 -8 -9 26 -11 -12 -13 13 -15 18 28 -18 -19 -20 -21 -22 -23 -24 -25 -26 -27 -28 -29 -30 -31
leaf_value=-0.067251376946192348 0.01640331077646286 0.031927284940491137 -0.023791324498438279 -0.044041298500448772 -0.034766210217519182 0.060756612017236769 0.058589134821849569 -0.055036933656968691 0.041257680042252387 0.036186468230478698 0.0094596210716181121 -0.058766127344464847 0.023547591790150993 -0.033017694143481054 0.031820616092177421 -0.054541479852157952 0.015164427326587454 -0.061766869214499198 -0.017265204451895499 0.042946165400305353 -0.075212893553077087 0.051884458656276999 0.084632968941256118 0.05980508298253806 0.046790882037474307 -0.082820775207657099 0.053075264621429023 -0.014070390790606863 -0.01430684077542063 0.0070528439364026729
leaf_weight=2823.9820074188174 103.10290342080407 96.272975921281613 51.307785985525697 33.339394565147813 69.873399939329829 1442.56030289724 113.1508716030512 65.706471127108671 231.05668263696134 27.577611424261704 61.827955558081158 5.2045123432762912 10.745188643224536 7.4107307080412275 209.44543244352099 35.074119593889918 57.45863537339028 178.10961602785392 14.738739556400104 464.52061713743024 4.4591380881611249 40.032101917313412 1.246009247843175 183.11028226558119 246.94593094999436 3.4598243304062626 958.33645186387002 37.121768665150739 27.217569599510171 64.990105074830353
leaf_count=921477 5641 1617 8831 6028 16658 3153 783 12693 769 1254 5542 602 155 832 6487 8482 5155 48806 1201 4339 528 312 8 252 1260 137 1971 3427 4140 1510
internal_value=0 0.0465932 -0.0626238 0.0145801 -0.0337745 0.0520747 0.0287814 -0.0279705 0.0460379 -0.00832584 -0.00928303 0.0376332 0.0580038 0.0492117 0.0196378 -0.015502 -0.00321196 -0.054159 0.0285935 0.0383868 0.00576102 0.0278653 -0.0671844 0.0505834 0.0441174 -0.00235987 0.0507795 0.00833599 -0.0369615 0.0219027
internal_weight=0 4397.54 3271.85 642.893 446.619 3754.65 482.019 160.874 1860.41 198.636 95.1674 671.02 1894.23 451.672 368.868 171.058 108.766 247.983 224.184 665.816 144.684 201.295 2825.23 444.261 261.151 14.205 1189.39 140.225 62.2917 161.263
internal_count=1074050 59239 1014811 42330 93326 16909 18067 24263 11120 27862 11570 8380 5789 2636 17284 26608 13986 65464 7688 7778 9596 3439 921485 1804 1552 292 2740 9068 12622 3127
is_linear=0
shrinkage=0.05


Tree=8
num_leaves=31
num_cat=0
split_feature=0 0 0 57 85 40 0 78 85 36 77 80 85 93 105 69 85 101 105 2 106 43 96 80 59 40 80 0 54 88
split_gain=8258.14 328.673 143.819 121.84 80.6984 57.578 59.2868 35.9394 34.6374 30.581 21.2147 18.0753 16.1655 14.7102 15.8123 16.8751 14.5758 14.1992 13.6867 13.5397 13.8253 13.3071 12.8292 12.7644 13.4948 12.459 11.7507 11.6018 11.0651 10.5227
threshold=0.19204907757119541 0.60678019017954943 0.030380062479932603 4.5000000000000009 5.708333333335001 2.5000000000000004 0.86620967868038068 0.019601000000000004 152.58333333350001 1542.5000000000002 0.033014000000000009 0.095294000000000004 182.25000000000003 0.0017535000000000003 146.16666666650005 7.5000000000000009 115.25000000000001 8.5000000000000018 6.7750000000000012 21926.000000000004 0.015617000000000001 12.500000000000002 0.051531500000000001 0.028824500000000006 0.014261000000000001 24.500000000000004 0.51788850000000008 0.94875966535953815 1.0000000180025095e-35 0.082319000000000017
decision_type=2 2 2 2 2 2 2 2 2 2 2 2 2 2 2 2 2 2 2 2 2 2 2 2 2 2 2 2 2 2
left_child=2 3 29 7 10 6 8 18 13 16 11 21 27 14 15 -3 25 26 -2 -8 -21 28 -12 24 -20 -5 -6 -7 -4 -1
right_child=1 5 4 9 17 12 19 -9 -10 -11 22 -13 -14 -15 -16 -17 -18 -19 23 20 -22 -23 -24 -25 -26 -27 -28 -29 -30 -31
leaf_value=-0.065301387558024476 0.00078113173024721579 0.028105924186238196 0.048028248735983742 -0.0079223373802018767 -0.044475546382939352 0.053186374165759304 0.051820736781022725 0.058743323797568282 -0.046198977975653997 -0.048994026654339239 0.034109097272448742 0.012017107769865136 0.0013268302239582701 0.037564817377834708 -0.075587435394975991 -0.018417691164065636 -0.045781859887951352 -0.059070029654376535 -0.034775079547596753 0.039847927052115401 0.055947299259883509 0.060417006699755443 -0.046565998881114228 0.030487883059181903 0.037036204681844404 0.041987081102171336 0.00074964488063392455 0.061882254395400717 -0.038806518439599778 0.079639280505298574
leaf_weight=2778.1304102501017 90.60815496253781 125.63758912729099 3.8568928188178679 58.652304452843964 59.457677238970064 803.81956985744182 1109.3196707157185 62.32678127696272 15.255151454592122 83.023210213403217 37.786087584681809 36.683555103780236 12.991768497624433 267.73230597469956 4.3720219841925418 23.070293239085004 19.555255234532524 178.8990432243445 16.689309982233684 626.55285538639873 169.40717403590679 3.86773951165378 5.6669401830295092 148.53319770190865 10.760117236641234 15.892419951385817 18.937539861653931 733.64472263096832 75.171944378642365 1.2527966012712557
leaf_count=921475 6572 2852 145 6752 14995 2931 3311 361 2018 16279 2242 3256 1086 3646 434 1212 3741 49506 2007 2731 424 72 1285 5139 437 723 2864 827 14717 10
internal_value=0 0.0444641 -0.0611137 0.00655749 -0.0338551 0.049393 0.044444 0.0245614 0.027813 -0.0268757 -0.00633277 -0.0172053 0.0568665 0.030496 0.0181329 0.0208883 -0.00736093 -0.0512945 0.0165699 0.0482504 0.0432744 -0.0301369 0.0235878 0.0246991 -0.00662521 0.00271801 -0.0335507 0.0573359 -0.0345687 -0.0652361
internal_weight=0 4397.84 3199.71 506.041 420.327 3891.8 2341.35 328.918 436.067 177.123 163.033 119.58 1550.46 420.812 153.08 148.708 94.1 257.294 266.591 1905.28 795.96 82.8966 43.453 175.983 27.4494 74.5447 78.3952 1537.46 79.0288 2779.38
internal_count=1074050 63483 1010567 42011 89082 21472 16628 14516 10162 27495 21717 18190 4844 8144 4498 4064 11216 67365 14155 6466 3155 14934 3527 7583 2444 7475 17859 3758 14862 921485
is_linear=0
shrinkage=0.05


Tree=9
num_leaves=31
num_cat=0
split_feature=0 0 0 57 107 40 40 0 101 76 102 101 93 85 40 70 40 36 59 107 81 69 81 105 0 81 99 105 81 0
split_gain=7616.77 283.56 165.116 129.038 79.6974 51.7399 48.5518 38.301 29.224 26.5666 25.9301 16.893 16.6676 15.7422 15.7205 15.1089 13.4499 12.784 12.1293 11.7299 11.3885 11.2185 11.2044 11.0784 10.7521 15.1815 11.644 10.477 9.8389 9.66297
threshold=0.21467259749339032 0.68981449621504665 0.030380062479932603 6.5000000000000009 28.500000000000004 1.0000000180025095e-35 5.5000000000000009 0.94875966535953815 6.5000000000000009 12.500000000000002 1813.5000000000002 8.5000000000000018 0.023359500000000002 8.9000000000000021 4.5000000000000009 2146.3333333350006 706.50000000000011 887.50000000000011 0.041291500000000009 10.500000000000002 0.046833500000000007 8.5000000000000018 0.044466000000000006 12.366666666650003 0.0088049481694041625 0.19683750000000003 6.5000000000000009 4.4500000000000011 0.13891050000000002 0.86620967868038068
decision_type=2 2 2 2 2 2 2 2 2 2 2 2 2 2 2 2 2 2 2 2 2 2 2 2 2 2 2 2 2 2
left_child=2 3 24 5 8 13 7 9 14 22 16 -7 18 19 23 27 -5 -14 -10 28 -6 -13 -3 -4 -1 -26 -27 -11 -2 -8
right_child=1 6 4 10 20 11 29 -9 12 15 -12 21 17 -15 -16 -17 -18 -19 -20 -21 -22 -23 -24 -25 25 26 -28 -29 -30 -31
leaf_value=-0.064552306584852628 -0.015233787870249749 0.031005983990970244 -0.016799047850373148 -0.021244724900007398 -0.056716117153826129 0.051939084058323925 0.04823117328465263 0.049184764732925212 -0.050076730063285016 -0.024123374069037289 -0.066483304572390031 0.028330442493056548 -0.05095427473647221 -0.034318955332185687 0.041929621328221284 -0.071828211041893894 0.03806613183811397 0.024472064452304931 0.014258961471233639 0.020144444207975513 -0.024302847345737205 -0.054720467384498962 0.043321316607747726 0.016680372404861081 -0.056382443650378367 0.044126009949810106 -0.059721596820495229 0.023252406725612754 0.031421132233164541 0.058737008934414574
leaf_weight=2468.5633929073811 51.161255404469557 278.18693597859237 58.04253184463596 116.75141822587466 189.38354405778227 151.88048848998733 282.26949962810613 1510.7626015134156 63.831379128678236 13.689816779573446 32.418012331298087 81.575426954077557 7.8528858808567774 19.157138176262379 24.729291714495048 5.1371407692786297 10.41087910637725 19.737156361166853 8.2759662419557554 161.04732090071775 31.62486308766529 4.2794692096067584 549.48777630971745 43.026231514522806 242.53455221885815 6.8085153991123644 4.4723980334820226 79.089320601895452 14.503925285767762 974.49399963964242
leaf_count=836838 4007 3677 9145 16218 53117 2011 1417 3378 15539 742 7501 2145 1635 1999 1141 858 544 1508 825 6989 6905 523 3603 3511 82018 856 1773 1792 393 1442
internal_value=0 0.0430594 -0.0589225 0.0124213 -0.0307405 0.0252862 0.0483953 0.0442778 -0.00982754 0.0362685 -0.0265653 0.0419181 -0.0300468 0.00920449 0.00619663 0.0116404 -0.0163889 0.00300365 -0.0426927 0.0128822 -0.052078 0.0241907 0.0391821 -0.00254644 -0.0635447 -0.0537452 0.00295489 0.016262 -0.00492879 0.0563774
internal_weight=0 4336.3 3168.88 643.185 446.504 483.605 3693.12 2436.35 225.495 925.591 159.58 237.735 99.6974 245.87 125.798 97.9163 127.162 27.59 72.1073 226.713 221.008 85.8549 827.675 101.069 2722.38 253.815 11.2809 92.7791 65.6652 1256.76
internal_count=1074050 59239 1014811 42330 93326 18067 16909 14050 33304 10672 24263 4679 19507 13388 13797 3392 16762 3143 16364 11389 60022 2668 7280 12656 921485 84647 2629 2534 4400 2859
is_linear=0
shrinkage=0.05


Tree=10
num_leaves=31
num_cat=0
split_feature=0 0 0 57 85 0 85 40 55 68 36 81 80 77 101 80 2 2 105 96 85 96 87 72 40 99 80 36 0 81
split_gain=7044.17 291.729 141.751 102.395 70.3586 55.4158 49.3527 39.3552 37.7487 34.2185 25.9178 17.8335 18.745 17.5209 14.5485 14.1623 13.6173 11.8593 11.7275 13.5721 11.5979 10.9947 10.9221 10.9232 10.6368 10.6271 10.5949 9.97306 9.84133 12.2316
threshold=0.19204907757119541 0.60678019017954943 0.030380062479932603 4.5000000000000009 5.708333333335001 0.86620967868038068 152.58333333350001 1.0000000180025095e-35 1.0000000180025095e-35 0.030666000000000002 1542.5000000000002 0.046275500000000004 0.012067000000000003 0.033014000000000009 8.5000000000000018 0.10129450000000001 370.00000000000006 2826.5000000000005 5.3666666666650009 0.079485000000000014 115.25000000000001 0.051531500000000001 9.5000000000000018 31.500000000000004 55.500000000000007 12.500000000000002 0.51788850000000008 1719.5000000000002 0.0088049481694041625 0.19683750000000003
decision_type=2 2 2 2 2 2 2 2 2 2 2 2 2 2 2 2 2 2 2 2 2 2 2 2 2 2 2 2 2 2
left_child=2 3 28 9 13 6 8 17 11 18 20 12 -3 15 26 25 -14 -7 19 -2 24 -15 -9 -24 -5 -4 -6 -28 -1 -30
right_child=1 5 4 10 14 7 -8 22 -10 -11 -12 -13 16 21 -16 -17 -18 -19 -20 -21 -22 -23 23 -25 -26 -27 27 -29 29 -31
leaf_value=-0.063101096269612494 -0.016489299111042046 -0.059392940406159223 -0.030509037678844136 -0.0076361689284905835 -0.040237982581889598 0.049623430982908029 -0.038984113520978247 0.055858944505027208 0.051793550267875355 0.055823861725265114 -0.046023831376649144 0.036484745760294861 -0.04632575466856844 0.030096042262833123 -0.055571726603265585 0.01202974543603577 0.023053115878311034 0.040308719654943787 0.020080681951663432 0.038938312361307403 -0.042069612405705323 -0.044066283039364558 0.041017151563173752 -0.039825754629698173 0.040752203967482116 0.044792871317382695 0.026166992589114098 -0.050652224216043318 -0.055046297830799 -0.0011916832003451899
leaf_weight=2408.9938337105559 50.40700879925862 7.5546968253329387 81.889627115917392 61.878631253202911 58.809738018491771 511.04951327177696 22.330153876333497 1382.4568281772081 265.71411786042154 60.584211039007641 81.322930329944938 312.84267674456351 7.3185079828836015 39.978835329296999 172.95326497597853 33.593927864334546 210.43524949927814 1031.2723722530063 205.87173953186721 14.142942198086528 19.412783168139867 5.7115208370378232 69.881253680679947 4.444068716838955 13.91023884702008 4.9697110484121358 13.518128115974834 6.1458844804437822 238.02185015077703 11.031996379839255
leaf_count=836838 4687 429 15176 6949 14995 1355 3002 2358 970 296 16279 3348 504 2242 49506 2798 4918 4167 9112 421 3741 1285 360 61 526 216 1223 1641 82018 2629
internal_value=0 0.0410773 -0.0578683 0.00545877 -0.0307861 0.0458031 0.0343372 0.0489617 0.0363739 0.0218595 -0.0252946 0.0287604 0.0180351 -0.0055381 -0.0474701 -0.0155383 0.0207214 0.0433952 0.0142502 -0.00434507 -0.00758738 0.0208254 0.0548551 0.0361834 0.001245 -0.0262006 -0.0296145 0.00215755 -0.0621229 -0.0526608
internal_weight=0 4332.83 3075.62 507.53 417.571 3825.3 826.195 2999.1 803.865 331.006 176.525 538.151 225.308 166.144 251.427 120.453 217.754 1542.32 270.422 64.55 95.2017 45.6904 1456.78 74.3253 75.7889 86.8593 78.4738 19.664 2658.05 249.054
internal_count=1074050 63483 1010567 42011 89082 21472 13171 8301 10169 14516 27495 9199 5851 21717 67365 18190 5422 5522 14220 5108 11216 3527 2779 421 7475 15392 17859 2864 921485 84647
is_linear=0
shrinkage=0.05


Tree=11
num_leaves=31
num_cat=0
split_feature=0 0 0 85 85 57 40 77 0 48 81 36 40 3 105 77 0 74 80 77 105 0 0 95 40 101 2 101 64 80
split_gain=6562.75 278.57 136.318 92.94 62.8969 57.5227 53.3331 48.5531 29.6288 27.7105 19.9299 16.959 15.2283 19.0244 14.8175 13.7377 12.8218 14.7128 12.8156 12.3313 11.6824 11.4565 11.1177 13.2582 10.913 10.6812 10.408 10.403 13.8914 11.194
threshold=0.19204907757119541 0.60678019017954943 0.030380062479932603 69.125000000000014 4.2916666666650007 7.5000000000000009 1.0000000180025095e-35 0.029255500000000004 0.7740980979447657 2164.0000000000005 0.046833500000000007 10300.500000000002 1.0000000180025095e-35 2646.5000000000005 6.083333333335001 0.033014000000000009 0.94875966535953815 1.0000000180025095e-35 0.14245250000000001 0.017245000000000003 9.2916666666650016 0.94875966535953815 0.15548050853772452 377.50000000000006 44.500000000000007 2.5000000000000004 2826.5000000000005 15.500000000000002 43.500000000000007 0.10869650000000002
decision_type=2 2 2 2 2 2 2 2 2 2 2 2 2 2 2 2 2 2 2 2 2 2 2 2 2 2 2 2 2 2
left_child=2 3 -1 7 15 6 8 11 25 21 22 12 -2 -14 19 18 17 -8 20 -10 -4 27 -6 -24 -9 -3 -16 29 -29 -7
right_child=1 5 4 -5 10 9 16 24 14 -11 -12 -13 13 -15 26 -17 -18 -19 -20 -21 -22 -23 23 -25 -26 -27 -28 28 -30 -31
leaf_value=-0.060845718094000134 -0.0030073253084801589 0.02945749560274314 -0.045206582348986918 -0.043108329236206028 -0.054200029162237442 -0.013228545429273323 0.049177924416620299 0.028587970431178913 0.02620768783745054 -0.068245502940403477 -0.016232457229499089 -0.059692847695014775 -0.058617667084265392 0.026914604741638055 0.050238064531218332 0.021911225077619903 0.055925300120258148 0.022380787498218351 0.025904262168457134 0.049434395597000344 -0.0050644811294580563 0.04032074472590616 0.0051768442490180569 -0.064866215786792539 0.058503568613987623 0.00053106932843343952 0.040695527816682488 0.0090041627594139428 -0.064536937019338533 0.041041065336253582
leaf_weight=2596.0831465133233 183.89049666316714 71.532928946544416 30.847789132560138 83.949534877203405 197.56690595287364 11.895460124127565 843.98625826067291 79.306972649879754 240.82426071213558 8.7774078104412165 54.285510039306246 10.306345577060709 6.9778769428958176 95.159101577533875 422.948611370055 41.91261582262814 930.62279278691858 54.531975275604054 17.505037520430051 74.922229118412361 43.944772276037838 62.135019908891991 18.089020927785899 10.783679866290184 49.52092536422424 57.618546650977805 880.86094895028509 69.071102926274762 7.0795289671514174 47.224131010239944
leaf_count=921485 14845 1586 6669 16996 56929 562 2708 2360 1950 1664 10031 1770 1555 4292 1000 2901 1189 521 983 330 5667 330 2813 3089 193 1930 3597 2520 648 937
internal_value=0 0.0396914 -0.0565925 0.00496819 -0.0299816 0.0443632 0.0458431 0.0144611 0.0395996 0.018683 -0.0434417 0.00332027 0.00559081 0.0210711 0.0414375 -0.0018275 0.0518119 0.0475516 -0.0126073 0.0317191 -0.0216209 0.0225482 -0.0499647 -0.0209836 0.0400874 0.0165525 0.0437911 0.0143846 0.00216724 0.0301215
internal_weight=0 4293.14 3011.02 509.111 414.935 3784.03 3577.85 425.162 1748.71 206.183 280.725 296.334 286.027 102.137 1619.56 134.21 1829.14 898.518 92.2976 315.746 74.7926 197.405 226.44 28.8727 128.828 129.151 1303.81 135.27 76.1506 59.1196
internal_count=1074050 63483 1010567 42011 89082 21472 14811 25015 10393 6661 72862 22462 20692 5847 6877 16220 4418 3229 13319 2280 12336 4997 62831 5902 2553 3516 4597 4667 3168 1499
is_linear=0
shrinkage=0.05


Tree=12
num_leaves=31
num_cat=0
split_feature=0 0 0 57 85 0 40 40 55 85 102 77 40 101 105 80 93 87 36 0 85 40 104 0 81 98 80 57 3 46
split_gain=6130.2 266.276 133.969 87.9614 59.0225 55.1101 45.6814 36.4664 34.3356 32.7794 22.727 16.4689 16.314 14.7894 14.4137 15.2156 12.9966 13.816 12.2651 11.6937 11.5942 10.5854 10.1914 10.1143 11.7276 9.8507 9.81415 9.92773 8.91717 8.85847
threshold=0.19204907757119541 0.60678019017954943 0.030380062479932603 4.5000000000000009 5.708333333335001 0.86620967868038068 31.500000000000004 1.0000000180025095e-35 1.0000000180025095e-35 102.16666666650001 1813.5000000000002 0.033014000000000009 2.5000000000000004 8.5000000000000018 9.2916666666650016 0.026290500000000005 0.0017535000000000003 7.5000000000000009 14220.000000000002 0.94875966535953815 115.25000000000001 51.500000000000007 0.092032000000000017 0.0088049481694041625 0.19683750000000003 4.5000000000000009 0.51788850000000008 12.500000000000002 647.50000000000011 1.0000000180025095e-35
decision_type=2 2 2 2 2 2 2 2 2 2 2 2 2 2 2 2 2 2 2 2 2 2 2 2 2 2 2 2 2 2
left_child=2 3 23 8 12 6 9 19 22 11 20 16 14 26 25 -16 17 18 -3 -7 21 -5 28 -1 -25 -4 27 29 -2 -6
right_child=1 5 4 10 13 7 -8 -9 -10 -11 -12 -13 -14 -15 15 -17 -18 -19 -20 -21 -22 -23 -24 24 -26 -27 -28 -29 -30 -31
leaf_value=-0.060734627298345001 -0.071980691248742915 0.019628653844754766 -0.039118156204177676 -0.013549793610971051 -0.030322000911683689 0.033189574840385795 0.050294043875906996 0.052004901303875695 0.045329627254631022 -0.029370203258684849 -0.062722055577217939 0.043918028702229078 0.024461172164131368 -0.053025628790061896 -0.05863722038512751 0.009948110679712914 0.028511417876665935 -0.024189156211386266 -0.076729923654191248 0.043381617866657958 -0.037057195226532391 0.029992136542530329 0.026152486101665012 -0.052372549532133751 0.00028659210392496337 0.023140225215757891 0.0035615860519160542 -0.060980476213542814 0.0049832855563386597 0.04070513610316169
leaf_weight=2294.1051668864675 3.8485068883746854 122.35264897230081 54.444554841902573 83.951141943980474 28.018147030030377 374.8584253618028 231.078401090228 1424.2588932330254 93.694137057987973 27.422685024212115 31.197701365046669 110.26133367279544 34.495573709369637 167.49455985968234 9.2851253537228313 62.647108697798103 288.21571929357015 24.252895085141063 3.3940209374995893 1129.140711839078 44.083627387008164 16.741870583849959 67.623828401556239 228.25922770053148 11.086649862350894 7.1928558396175495 19.972652403113898 24.841489178827032 170.38839864521287 5.2054333068081169
leaf_count=836838 740 2716 10922 10209 6189 2782 1046 2779 1057 3060 7755 736 2345 49506 2145 5730 3841 1379 393 2740 8634 897 2440 82018 2629 575 2864 8371 10279 435
internal_value=0 0.0384496 -0.0554068 0.00461739 -0.0290225 0.0430829 0.0315138 0.0462711 0.0196323 0.0239782 -0.0240137 0.0266455 -0.00619258 -0.0446495 -0.0141092 0.00109501 0.0222995 0.0103636 0.0170278 0.0408413 -0.0156725 -0.00631023 0.0096775 -0.0597142 -0.0499333 -0.0318528 -0.0266716 -0.0370709 0.00328332 -0.0191935
internal_weight=0 4246.76 2947.05 511.529 413.598 3735.24 806.978 2928.26 335.555 575.899 175.974 548.477 168.065 245.532 133.57 71.9322 438.215 150 125.747 1504 144.777 100.693 241.861 2533.45 239.346 61.6374 78.0377 58.0651 174.237 33.2236
internal_count=1074050 63483 1010567 42011 89082 21472 13171 8301 14516 12125 27495 9065 21717 67365 19372 7875 8329 4488 3109 5522 19740 11106 13459 921485 84647 11497 17859 14995 11019 6624
is_linear=0
shrinkage=0.05


Tree=13
num_leaves=31
num_cat=0
split_feature=0 0 0 57 85 40 40 0 36 81 99 101 80 69 40 101 105 80 2 70 82 40 105 48 0 81 81 0 2 85
split_gain=5715.75 254.6 127.806 103.215 53.5658 51.6887 48.5943 38.0401 22.3277 22.2098 19.1344 17.0062 16.2131 15.553 14.7642 13.2938 13.019 13.3548 12.1748 12.2978 11.3307 12.1641 10.6264 10.4471 10.2943 11.4424 9.71779 9.56562 9.27845 8.94538
threshold=0.19204907757119541 0.68981449621504665 0.030380062479932603 6.5000000000000009 5.708333333335001 38.500000000000007 5.5000000000000009 0.94875966535953815 2302.5000000000005 0.067282000000000008 8.5000000000000018 7.5000000000000009 0.46321800000000007 8.5000000000000018 2.5000000000000004 8.5000000000000018 9.2916666666650016 0.026290500000000005 783.00000000000011 2146.3333333350006 17.500000000000004 94.500000000000014 25.100000000000005 5.5000000000000009 0.0088049481694041625 0.19683750000000003 0.14319500000000004 0.26731028589363609 18557.000000000004 8.7083333333350019
decision_type=2 2 2 2 2 2 2 2 2 2 2 2 2 2 2 2 2 2 2 2 2 2 2 2 2 2 2 2 2 2
left_child=2 3 24 5 14 11 7 9 12 10 -3 -2 20 27 16 -6 26 -18 -12 -20 -5 -22 -11 -8 -1 -26 -4 -13 -27 -29
right_child=1 6 4 8 15 -7 23 -9 -10 22 18 13 -14 -15 -16 -17 17 -19 19 -21 21 -23 -24 -25 25 28 -28 29 -30 -31
leaf_value=-0.059754787422337134 0.02097534681432842 0.030076273227649355 -0.042514316396996245 -0.029107671963010829 -0.026435987832338199 0.049776233357175979 0.052114882833979595 0.043380644933841972 -0.047652750432941433 0.033764445768481303 -0.044646811820492231 -0.03188711207589668 0.023618751234431738 -0.041031541131981826 0.022204774120169614 -0.051633505091118109 -0.058656554099311281 0.0079488936650144709 0.014161954377588236 -0.067220453652610132 -0.0626942547964843 0.062138361887180971 0.052264805592355558 0.034395844861503377 -0.051256137967899962 0.045684682359420047 0.0051300607571374262 0.014446564076836929 -0.043997109427088371 -0.024048373626928243
leaf_weight=2226.4709559867042 217.11979416129179 249.22341902903281 46.303299056075048 67.926479200599715 76.962900739687029 115.06794604449533 1095.3683812762611 1442.0141950591933 65.421910951496102 402.40438503969926 10.391696347971445 15.431771230127195 26.233845477865543 20.39950109703932 34.911373229813762 163.64391701819841 8.5423696279176493 63.245812178647611 137.50050810643006 4.8042110686656079 2.6790180187672359 7.1859010527841747 96.167687188833952 90.023621442029253 223.17666839488083 5.6366443258593772 13.919902598368934 120.49422928318381 5.9059428818291053 17.252247812575661
leaf_count=836838 8947 2720 10102 10677 17859 843 1787 3378 14009 3065 631 1955 1585 2289 2345 49506 2145 5730 3065 829 571 25 362 1072 82018 550 1395 4479 2079 1194
internal_value=0 0.0371363 -0.0544104 0.00900755 -0.0284749 0.0203228 0.04252 0.0383456 -0.0247661 0.0302826 0.0215369 0.0116482 -0.0103726 -1.87725e-05 -0.00671134 -0.0435736 -0.0143584 2.32388e-05 0.00759925 0.0114145 -0.0218356 0.0282375 0.0373329 0.0507692 -0.0587049 -0.0487455 -0.0315019 0.0054431 -0.00020239 0.00962521
internal_weight=0 4203.11 2868.72 675.213 407.53 505.765 3527.9 2342.51 169.447 900.492 401.92 390.698 104.025 173.578 166.923 240.607 132.011 71.7882 152.696 142.305 77.7914 9.86492 498.572 1185.39 2461.19 234.719 60.2232 153.178 11.5426 137.746
internal_count=1074050 63483 1010567 46574 89082 19707 16909 14050 26867 10672 7245 18864 12858 9917 21717 67365 19372 7875 4525 3894 11273 596 3427 2859 921485 84647 11497 7628 2629 5673
is_linear=0
shrinkage=0.05


Tree=14
num_leaves=31
num_cat=0
split_feature=0 0 0 55 76 101 40 101 57 93 70 105 0 57 105 85 36 80 40 59 40 81 90 0 0 81 85 105 40 72
split_gain=5336.43 206.01 167.871 102.696 70.8384 58.9565 41.6828 22.7002 19.9519 18.1148 16.0682 16.1367 15.3646 14.6553 14.4168 13.8157 12.7342 11.8336 10.9561 10.7819 10.7384 10.4966 10.2237 12.252 10.0395 10.2544 9.91389 9.43009 9.24607 11.5589
threshold=0.23938287544958989 0.7740980979447657 0.030380062479932603 1.0000000180025095e-35 12.500000000000002 8.5000000000000018 1.0000000180025095e-35 7.5000000000000009 2.5000000000000004 0.023359500000000002 1921.5000000000002 12.291666666650002 0.94875966535953815 7.5000000000000009 11.366666666650003 69.125000000000014 18470.500000000004 0.029243500000000002 4.5000000000000009 0.041291500000000009 1.0000000180025095e-35 0.060187500000000005 326.50000000000006 0.10563387865889716 0.0088049481694041625 0.090804500000000024 22.100000000000005 7.7750000000000012 50.500000000000007 33.500000000000007
decision_type=2 2 2 2 2 2 2 2 2 2 2 2 2 2 2 2 2 2 2 2 2 2 2 2 2 2 2 2 2 2
left_child=2 3 24 4 14 8 12 -5 18 19 11 -6 26 28 20 -9 -13 21 -4 -7 -2 -16 23 -10 -1 -26 -3 -27 29 -8
right_child=1 6 5 7 10 9 13 15 22 -11 -12 16 -14 -15 17 -17 -18 -19 -20 -21 -22 -23 -24 -25 25 27 -28 -29 -30 -31
leaf_value=-0.058884582681373213 -0.0011181427691432739 0.031504560758440867 0.0006853894311856601 0.052350511072757649 -0.037341359490847242 -0.049524738389572415 0.04685393362716761 0.026401100852733374 -0.032167625501870356 -0.010751036762781656 -0.061767003148326227 0.0074683100044738177 0.040147662815409567 0.021977703269210051 -0.030337011083508558 -0.048201649379519762 -0.059275611440796329 0.028615658483276497 0.038706179862079138 0.0044305956357870427 0.021517850687413458 0.030107233263276984 -0.045548171787499633 0.010436423323601731 -0.05178220488340033 -0.05249632525361702 0.0017817255162710555 0.0065763866266824247 0.054342165707111811 0.0034335651226016766
leaf_weight=2158.6384903392172 179.51008041633759 513.57249657134525 89.072334325930569 166.16799035813892 59.922778539650608 204.26489141010097 996.15568958921358 76.205531546031125 33.979311239731032 40.870449084963184 26.317024552728981 55.259844086831436 1106.9982532546856 51.915710742818192 17.555591889889914 6.7560400005313559 8.2078829836682399 168.56486618757481 24.067178485332988 9.6986669364268874 73.988874370057601 12.155872091883792 31.387893475417513 33.524167263763957 202.16388372509391 11.99337286615628 29.675650429679081 15.470347299997227 529.21472043637186 15.566989987622945
leaf_count=836838 9777 4581 9799 1227 8538 58425 2227 1448 7527 6703 6489 4072 2740 1183 1540 1461 1568 3946 966 1120 2144 286 9077 3846 75656 5060 1012 3931 714 149
internal_value=0 0.0365926 -0.0524668 0.0146913 0.00351033 -0.0250454 0.042337 0.0416861 -0.00556629 -0.0412527 -0.0262976 -0.0187326 0.0367679 0.0481067 0.013388 0.0203258 -0.00116326 0.0234874 0.00877322 -0.047079 0.00548864 -0.00560742 -0.0219718 -0.0110092 -0.0578273 -0.0478878 0.0298809 -0.0192206 0.048987 0.0461858
internal_weight=0 4093.71 2855.13 850.612 601.483 466.865 3243.1 249.13 212.031 254.834 149.708 123.391 1650.25 1592.85 451.775 82.9616 63.4677 198.276 113.14 213.964 253.499 29.7115 98.8914 67.5035 2388.27 229.628 543.248 27.4637 1540.94 1011.72
internal_count=1074050 55102 1018948 42496 38360 97463 12606 4136 31215 66248 20667 14178 8333 4273 17693 2909 5640 5772 10765 59545 11921 1826 20450 11373 921485 84647 5593 8991 3090 2376
is_linear=0
shrinkage=0.05


Tree=15
num_leaves=31
num_cat=0
split_feature=0 0 0 55 57 76 40 55 90 80 0 57 0 101 105 70 105 69 36 101 105 107 80 70 0 59 40 46 104 96
split_gain=5008.2 246.629 127.539 77.6167 72.8346 47.6596 45.5167 26.3888 16.2237 15.4941 15.4727 15.1256 15.1231 15.0854 14.7638 13.1429 13.2756 11.9927 11.8611 13.5154 10.69 10.5752 10.5746 9.8952 9.65713 10.3291 9.53031 9.35503 9.21576 9.93357
threshold=0.33581906297173442 0.030380062479932603 0.7740980979447657 1.0000000180025095e-35 4.5000000000000009 12.500000000000002 1.0000000180025095e-35 1.0000000180025095e-35 405.50000000000006 0.013634500000000003 0.12800136274409843 2.5000000000000004 0.94875966535953815 7.5000000000000009 8.7750000000000021 1921.5000000000002 9.2916666666650016 8.5000000000000018 1679.5000000000002 4.5000000000000009 11.366666666650003 401.50000000000006 0.076711500000000016 255.55000000000004 0.0088049481694041625 0.030651500000000002 1.0000000180025095e-35 1.5000000000000002 0.114609 0.063520000000000007
decision_type=2 2 2 2 2 2 2 2 2 2 2 2 2 2 2 2 2 2 2 2 2 2 2 2 2 2 2 2 2 2
left_child=1 24 3 5 7 17 12 9 10 -3 -6 -8 -4 -5 28 16 -7 20 -18 -20 26 -13 -19 -15 -1 -26 -2 -10 -11 -30
right_child=2 4 6 13 8 15 11 -9 27 14 -12 21 -14 23 -16 -17 18 22 19 -21 -22 -23 -24 -25 25 -27 -28 -29 29 -31
leaf_value=-0.058112485756487454 0.0022938989772396503 -0.057050619850952056 0.028447774429555473 0.051373225521668058 -0.043362730585554461 -0.037401791953640899 0.049958091097319801 0.033822482203477597 -0.055437587325103427 -0.026103854281129647 -0.011962926213379188 0.039497643692041257 0.038686413196059748 0.028326847408089093 0.0051099938780303942 -0.060444145057663962 0.020589372422347763 -0.025778581191982994 0.041688203116556258 -0.044167853785305106 0.028535802645598504 -0.024793642653745049 0.01772718313824102 -0.048140363044062204 -0.050420552611433481 -0.011464475064084384 0.027303378477739428 0.018051080576107718 0.026400483053332022 -0.047624916812719492
leaf_weight=2094.8985757868795 116.4893715592334 16.20282531180419 537.9336386853829 151.33982999011641 83.229554847464897 37.267367813969031 1200.2051420866046 40.129490000079386 119.08121363303508 96.615219014231116 74.218358807032928 360.26600478077307 1094.4115667117294 66.859571056673303 129.83858343842439 18.126903286844026 33.046658472740091 30.651606639439706 5.9413379254983765 20.061724602244794 155.46869141492061 6.5118688797811037 25.65974450961221 4.5165099419536991 206.14425789838424 18.546754340059124 56.601065700640902 4.4939942983910433 18.474826763267632 6.0049744154093778
leaf_count=836838 5220 3879 5593 906 25470 5087 2187 1470 36338 16292 12259 1588 2740 1289 11714 4473 1380 2331 274 2954 3379 498 910 658 79243 5404 1105 481 1123 967
internal_value=0 -0.0497227 0.0368718 0.0178906 -0.0208083 0.00694199 0.0411555 -0.00398319 -0.0392045 -0.0096624 -0.0285614 0.0472425 0.0353123 0.0424366 -0.00660253 -0.0213862 -0.0140355 0.0153656 0.00071144 -0.0245509 0.0190195 0.0383562 -0.00595404 0.0234882 -0.0570559 -0.047205 0.0104721 -0.0527651 -0.0191608 0.00824181
internal_weight=0 2907.88 3921.36 722.03 588.289 499.314 3199.33 307.266 281.023 267.136 157.448 1566.98 1632.35 222.716 250.934 114.444 96.3171 384.87 59.0497 26.0031 328.559 366.778 56.3114 71.3761 2319.59 224.691 173.09 123.575 121.095 24.4798
internal_count=1074050 1031478 42572 29966 109993 27113 12606 35445 74548 33975 37729 4273 8333 2853 30096 14168 9695 12945 4608 3228 9704 2086 3241 1947 921485 84647 6325 36819 18382 2090
is_linear=0
shrinkage=0.05


Tree=16
num_leaves=31
num_cat=0
split_feature=0 0 0 40 0 57 85 107 55 57 102 77 81 101 77 107 105 40 36 93 0 104 101 80 101 77 2 69 104 106
split_gain=4679.2 263.758 95.3253 64.0801 61.6739 56.0679 51.1696 26.6646 24.9449 22.9694 22.06 14.3307 13.8113 13.6445 12.7396 12.0146 11.939 11.852 10.461 10.1346 9.62594 10.2191 9.16385 9.84787 9.02575 9.75893 8.99418 10.9383 8.77512 8.73938
threshold=0.15548050853772452 0.53809039466125175 0.030380062479932603 2.5000000000000004 0.86620967868038068 3.5000000000000004 4.2916666666650007 48.500000000000007 1.0000000180025095e-35 7.5000000000000009 703.50000000000011 0.033014000000000009 0.046833500000000007 1.5000000000000002 0.033014000000000009 394.50000000000006 5.708333333335001 3035.0000000000005 3565.5000000000005 0.0017535000000000003 0.0088049481694041625 0.084072000000000022 8.5000000000000018 0.89367850000000015 7.5000000000000009 0.026070000000000003 2826.5000000000005 8.5000000000000018 0.24139200000000002 0.019517500000000004
decision_type=2 2 2 2 2 2 2 2 2 2 2 2 2 2 2 2 2 2 2 2 2 2 2 2 2 2 2 2 2 2
left_child=2 5 20 4 7 8 14 11 24 13 17 19 22 -5 -4 -11 28 -7 -9 -3 -1 -22 23 -8 -2 -26 27 -18 -6 -28
right_child=1 3 6 9 16 10 12 18 -10 15 -12 -13 -14 -15 -16 -17 26 -19 -20 -21 21 -23 -24 -25 25 -27 29 -29 -30 -31
leaf_value=-0.05742412303998156 0.01281280070640879 0.0052263718865172689 -0.013568286408490608 0.051177496401275439 0.028809468333696277 -0.015650609048021447 -0.042455922174369616 -0.0037653098392585352 0.038672360483213521 0.024172249401506279 -0.049551461122756664 0.040489339993561191 -0.017982934133506458 0.040685101086891023 0.020698914220328476 -0.045297099222058046 0.047593496114729995 0.044978581809574217 -0.054641918219882304 0.023131658431216708 -0.04975933595320365 -0.011751474845881805 -0.056057666954526145 0.0096884620988515555 -0.018782611859996162 0.020680486695586822 0.033754291025718759 0.027934141224162559 -0.042128132199218842 0.046724158220953875
leaf_weight=2025.1202380747709 116.12661532929633 124.59877200168557 83.356038899102714 870.11865983414464 297.87288491241634 137.44225474406267 43.355523527250625 46.442739866673946 69.184067773167044 54.882481213717256 53.790598270396003 76.823999506654218 46.123440575087443 481.20320716220886 40.205283536575735 7.0200101187219834 407.45098860608414 8.562810496776363 12.912846620194612 216.08342776773497 200.02769679430639 19.400170803884976 126.02153153630206 11.444720716448499 61.867806159949396 20.978092854260467 798.95951636880636 85.622667544987053 4.4242856856435528 155.09509042277932
leaf_count=836838 6227 4463 11994 1605 1849 18787 12288 2576 890 1448 13543 685 9062 1622 2595 1210 859 254 2222 3506 78324 6323 43019 1622 5637 844 3046 331 34 347
internal_value=0 0.0332065 -0.0525594 0.0377497 0.0324638 -0.00212863 -0.0283091 0.016524 0.0128105 0.0460769 -0.0221792 0.020982 -0.0424055 0.0474412 -0.00241817 0.0162941 0.0368086 -0.0120949 -0.0148335 0.0165831 -0.0563463 -0.046399 -0.0486351 -0.0315659 0.00381814 -0.00878984 0.0386965 0.0441796 0.0277713 0.0358627
internal_weight=0 4107.46 2595.05 3639.51 2226.29 467.952 350.507 476.862 268.157 1413.22 199.796 417.506 226.945 1351.32 123.561 61.9025 1749.43 146.005 59.3556 340.682 2244.55 219.428 180.822 54.8002 198.973 82.8459 1447.13 493.074 302.297 954.055
internal_count=1074050 71985 1002065 25803 19918 46182 80580 13452 13598 5885 32584 8654 65991 3227 14589 2658 6466 19041 4798 7969 921485 84647 56929 13910 12708 6481 4583 1190 1883 3393
is_linear=0
shrinkage=0.05


Tree=17
num_leaves=31
num_cat=0
split_feature=0 0 0 101 57 54 85 40 55 36 102 0 0 73 105 81 98 40 40 77 2 3 104 81 105 36 105 70 105 3
split_gain=4406.24 252.079 92.3526 64.1782 51.3459 48.9255 46.5194 41.5631 22.5591 21.2216 20.6267 19.6228 18.1585 14.3839 13.3188 13.1684 12.461 11.4707 11.334 11.2432 10.9384 10.9352 10.7803 10.4537 10.4224 14.0313 10.2081 10.1996 11.7442 9.93571
threshold=0.15548050853772452 0.53809039466125175 0.030380062479932603 15.500000000000002 3.5000000000000004 1.0000000180025095e-35 4.2916666666650007 1.0000000180025095e-35 1.0000000180025095e-35 3677.5000000000005 703.50000000000011 0.86620967868038068 0.7740980979447657 1.5000000000000002 9.7750000000000021 0.046833500000000007 1.5000000000000002 18.500000000000004 1.0000000180025095e-35 0.033014000000000009 16722.500000000004 38.500000000000007 0.14725550000000001 0.040251500000000003 26.550000000000004 8979.0000000000018 2.3666666666650005 3.0833333333350006 8.0833333333350019 19615.500000000004
decision_type=2 2 2 2 2 2 2 2 2 2 2 2 2 2 2 2 2 2 2 2 2 2 2 2 2 2 2 2 2 2
left_child=2 4 -1 7 8 9 19 11 -2 26 17 14 18 27 -3 -8 21 24 -7 -4 -13 -11 23 -14 -6 -26 -5 -9 -29 -20
right_child=1 3 6 5 10 12 15 13 -10 16 -12 20 22 -15 -16 -17 -18 -19 29 -21 -22 -23 -24 -25 25 -27 -28 28 -30 -31
leaf_value=-0.055702291892779067 0.0035433346714170925 0.007081484998979733 -0.013809560530319707 -0.063353118501646377 -0.027368083590554971 -0.0046525456563391134 -0.047805643299530659 0.050681254529186273 0.036775870189195932 0.054026447421832782 -0.048442293977516898 0.041793310362576809 0.025587740952620192 0.057624521415336444 0.032145721767332477 -0.017844109945229478 0.057519154857528003 0.015823201038976532 -0.019347649522045141 0.018342534462100879 0.031732724023223739 -0.063921335218951686 -0.034649527373430238 0.038449047869683922 0.02756658298589696 -0.054870121415277251 0.011145575973607186 0.031490430685000535 0.045263214995783868 0.033948081469078004
leaf_weight=2175.7277284799493 200.45462453080108 99.265947415027767 83.536060699902009 4.8539167823037124 88.508040984743275 55.05017736798618 176.31089769606479 408.03637695428915 68.52259111253079 2.1497640702873531 52.343704127095407 574.77020959882066 251.59007562557235 252.14418592024595 113.72573569254018 46.304104963084683 2.7952035667840383 29.781548677710816 10.307670685695483 40.310756535152905 509.82265858072788 22.877208873571362 5.8247356927022329 424.69769970048219 21.291756855556745 6.8135347638162775 87.273411797941662 230.47067424783017 471.30335654737428 57.678592319367453
leaf_count=921485 12708 3491 11994 412 13358 2103 56929 780 890 15 13543 1864 1530 263 1773 9062 25 2757 403 2595 2154 3425 28 1424 1512 1414 2485 1642 1504 482
internal_value=0 0.0322929 -0.0518843 0.0367974 -0.00223077 0.0254539 -0.0279081 0.0407432 0.0120094 -0.00433698 -0.0215037 0.0343395 0.029892 0.0468443 0.0204644 -0.0415736 -0.042607 -0.0118718 0.012212 -0.00334441 0.0370642 -0.0537899 0.0330811 0.0336644 -0.0189448 0.00758154 0.00722046 0.0443951 0.0407401 0.0258677
internal_weight=0 4052.35 2522.19 3584.64 467.716 925.098 346.462 2659.54 268.977 119.95 198.739 1297.58 805.149 1361.95 212.992 222.615 27.8222 146.395 123.036 123.847 1084.59 25.027 682.113 676.288 116.613 28.1053 92.1273 1109.81 701.774 67.9863
internal_count=1074050 71985 1002065 25803 46182 12332 80580 13471 13598 6362 32584 9282 5970 4189 5264 65991 3465 19041 2988 14589 4018 3440 2982 2954 16284 2926 2897 3926 3146 885
is_linear=0
shrinkage=0.05


Tree=18
num_leaves=31
num_cat=0
split_feature=0 0 0 40 85 0 85 68 107 77 74 36 105 87 40 3 105 101 77 107 70 36 0 73 107 0 93 64 101 48
split_gain=4157.99 248.182 91.3875 61.6905 59.3143 52.1469 51.1987 39.4044 21.4076 17.5063 16.3586 15.1759 13.7498 13.6265 13.0709 13.8235 12.9629 12.81 12.7152 12.4558 10.894 10.7921 10.5306 10.757 11.818 10.4139 10.2259 10.0858 10.4872 9.62135
threshold=0.15548050853772452 0.60678019017954943 0.012339227772512141 6.5000000000000009 69.125000000000014 0.86620967868038068 4.2916666666650007 0.030666000000000002 82.500000000000014 0.027459500000000005 1.0000000180025095e-35 10300.500000000002 27.083333333350001 8.5000000000000018 1.0000000180025095e-35 3321.0000000000005 16.083333333350001 8.5000000000000018 0.031041000000000003 36.500000000000007 6.708333333335001 1808.5000000000002 0.94875966535953815 1.5000000000000002 27.500000000000004 0.043984350660107828 0.0017535000000000003 6.5000000000000009 14.500000000000002 1.5000000000000002
decision_type=2 2 2 2 2 2 2 2 2 2 2 2 2 2 2 2 2 2 2 2 2 2 2 2 2 2 2 2 2 2
left_child=2 4 -1 5 7 8 9 11 18 25 22 14 13 29 16 -16 19 -8 26 -2 -12 -10 23 24 -5 -4 -3 -14 -29 -7
right_child=1 3 6 10 -6 12 17 -9 21 -11 20 -13 27 -15 15 -17 -18 -19 -20 -21 -22 -23 -24 -25 -26 -27 -28 28 -30 -31
leaf_value=-0.056050769435353302 -0.0051904872228657958 0.0040871759545130174 -0.044695251673123187 0.042409524094882592 -0.036149363538253355 0.040455870390505619 -0.02847288514351401 0.045379406640802075 0.0010403599069837078 0.015454326457709758 0.034441215740184765 -0.054557159761259799 0.04737726928718828 0.025141564049812305 -0.031750038369017956 0.021456272849487378 0.01485493494421164 -0.04934858820914928 0.037600645907271316 -0.045906375838859169 -0.015737831390604886 -0.057134607856041547 0.052877906829999793 0.055426764880606529 0.018662482954414132 -0.0094592317559600847 0.021974039080051522 0.031354796365401193 -0.074524673985077269 0.031521841901330561
leaf_weight=1963.6199879830529 163.53514385665767 122.0340788733447 30.162449020135682 380.86578237498179 91.758315887098433 644.23252437356859 107.59477987003629 60.742556749144569 20.573386319447309 52.799788073869422 32.855805621948093 11.439540474151725 281.97567212209105 355.41620870912448 13.529673735320101 124.93031080436776 74.367027412314201 231.81186458846787 82.484056528890505 21.221250422531739 16.124775654170662 13.015545553411355 487.66869009984657 131.65222450345755 60.748621516628191 68.796695890720002 231.45581883052364 7.5068112467415613 3.3970428537577391 566.22343002259731
leaf_count=862486 12184 4004 10980 1033 20539 1956 31750 317 1078 5045 111 2175 695 1702 2343 5514 3881 83042 646 3560 452 2047 583 156 1105 8762 3320 39 112 2433
internal_value=0 0.031439 -0.0512258 0.0364724 0.000619775 0.0318482 -0.0319363 0.00780181 0.0169605 -0.00779458 0.0461727 0.0022213 0.0356091 0.0337493 0.00385497 0.0162572 -0.00277204 -0.0427308 0.0199238 -0.00986714 0.0179219 -0.0215022 0.047477 0.0428825 0.0391429 -0.0201991 0.015799 0.0455527 -0.00163144 0.0362767
internal_weight=0 3999.75 2454.79 3438.23 561.524 2328.31 491.166 469.766 469.563 151.759 1109.92 409.023 1858.75 1565.87 397.583 138.46 259.123 339.407 435.974 184.756 48.9806 33.5889 1060.94 573.267 441.614 98.9591 353.49 292.88 10.9039 1210.46
internal_count=1074050 71985 1002065 21472 50513 18032 139579 29974 11095 24787 3440 29657 6937 6091 27482 7857 19625 114792 7970 15744 563 3125 2877 2294 2138 19742 7324 846 151 4389
is_linear=0
shrinkage=0.05


Tree=19
num_leaves=31
num_cat=0
split_feature=0 0 0 40 76 76 40 40 77 39 0 76 81 36 70 80 80 36 36 0 81 104 81 95 2 101 85 3 104 105
split_gain=3934.79 250.599 103.645 68.7188 60.8432 44.3472 41.9396 21.1768 19.4041 17.0191 16.0243 15.6093 15.3984 14.9496 12.6772 11.6427 11.4075 12.2327 11.0369 11.0366 10.9605 10.887 10.4547 9.59342 9.55904 8.91369 8.89412 8.89361 8.86392 8.70333
threshold=0.37969951586789719 0.030380062479932603 0.86620967868038068 31.500000000000004 6.5000000000000009 12.500000000000002 5.5000000000000009 55.500000000000007 0.032799500000000002 1.0000000180025095e-35 0.94875966535953815 21.500000000000004 0.049574000000000007 1679.5000000000002 407.12500000000006 0.053962500000000004 0.37652600000000008 1104.5000000000002 389.50000000000006 0.0088049481694041625 0.046833500000000007 0.064926000000000025 0.11251200000000001 57.500000000000007 370.00000000000006 12.500000000000002 16.083333333350001 146963.00000000003 0.084072000000000022 7.083333333335001
decision_type=2 2 2 2 2 2 2 2 2 2 2 2 2 2 2 2 2 2 2 2 2 2 2 2 2 2 2 2 2 2
left_child=1 19 3 5 7 8 10 12 15 14 22 -5 21 23 16 24 20 -18 -14 -1 -6 -3 -4 -7 -2 -15 -27 -12 -21 -26
right_child=2 4 6 11 9 13 -8 -9 -10 -11 27 -13 18 25 -16 -17 17 -19 -20 28 -22 -23 -24 -25 29 26 -28 -29 -30 -31
leaf_value=-0.055773257448245531 -0.060755142268726026 -0.028789399093358627 0.020527587368788885 0.045199457259722256 -0.046218803360384149 -0.02822244752289085 0.04837674062929076 0.033870679446656511 0.034649183303011984 0.049709495645385522 0.041011992384110824 0.00039416907829038897 -0.031399355227615409 0.0080183806268315123 -0.050149631843904655 0.019289155457811333 0.019126358703388698 -0.031159867293222527 0.0079896871925839233 -0.046826027161443032 -0.011355955876770832 -0.00045022198246305188 0.035248837039348412 0.0099797801032189409 -0.012148972540672121 0.014868272279153933 -0.052819230213921514 0.032603986780752527 -0.010669621988025452 0.012772304229122778
leaf_weight=1843.9474639228138 5.6703131265239781 103.37771705246996 273.46138148102909 253.84270239318721 84.974038187996484 22.29409933288116 821.56927560199983 32.976653943303972 140.2355502883438 5.7369666974991551 781.35287725878879 21.05065734044183 20.478191502043046 10.218813706131185 113.45505592497648 311.66358216718072 22.315978336235275 26.401980551949237 135.18855927325785 185.59157780575333 30.686165276099928 50.419085927831475 215.75945273973048 62.517334007658064 50.14826785447076 5.5832546381861894 37.114534175692825 526.38876644242555 18.654852216073778 116.23660217586439
leaf_count=836838 542 17471 2462 980 26299 1556 1442 834 1308 120 1982 1496 2735 1137 36572 6927 2460 6283 10879 78324 5631 5047 1019 3600 2209 242 6878 1396 6323 3058
internal_value=0 -0.0460898 0.0337209 0.0203389 -0.018404 0.0126049 0.0390184 -0.00421921 0.0182732 -0.0355336 0.0347397 0.0417684 -0.0082781 -0.0130743 -0.0372938 0.0135256 -0.0284206 -0.00812552 0.002808 -0.0545517 -0.0369692 -0.019499 0.0270201 -6.23124e-05 0.0030854 -0.033929 -0.0439683 0.0376276 -0.0435237 0.00526105
internal_weight=0 2674.2 3655.11 1036.58 626.01 761.682 2618.53 342.44 623.954 283.57 1796.96 274.893 309.464 137.728 277.833 483.719 164.378 48.718 155.667 2048.19 115.66 153.797 489.221 84.8114 172.055 52.9166 42.6978 1307.74 204.246 166.385
internal_count=1074050 1035816 38234 29933 114331 27457 8301 36966 14044 77365 6859 2476 36132 13413 77245 12736 40673 8743 13614 921485 31930 22518 3481 5156 5809 8257 7120 3378 84647 5267
is_linear=0
shrinkage=0.05


Tree=20
num_leaves=31
num_cat=0
split_feature=0 0 0 57 40 85 40 0 81 90 101 85 101 77 69 46 69 36 105 0 40 68 36 2 2 36 104 105 77 98
split_gain=3700.4 221.771 102.192 66.1893 55.0632 46.9484 44.9281 40.1938 21.637 16.9465 14.8557 14.8182 14.0921 13.7158 11.6583 10.9475 10.9014 10.8962 10.5787 10.171 10.0385 9.26949 9.22419 9.05374 11.1015 8.9277 8.89072 8.80015 8.7877 8.68045
threshold=0.17215690376152604 0.68981449621504665 0.012339227772512141 6.5000000000000009 6.5000000000000009 4.2916666666650007 40.500000000000007 0.94875966535953815 0.067282000000000008 1890.5000000000002 7.5000000000000009 4.2916666666650007 8.5000000000000018 0.026070000000000003 9.5000000000000018 1.0000000180025095e-35 8.5000000000000018 4215.5000000000009 25.100000000000005 0.043984350660107828 706.50000000000011 0.085786000000000015 1437.5000000000002 19393.000000000004 162984.00000000003 254.50000000000003 0.056499000000000001 7.083333333335001 0.049629500000000007 2.5000000000000004
decision_type=2 2 2 2 2 2 2 2 2 2 2 2 2 2 2 2 2 2 2 2 2 2 2 2 2 2 2 2 2 2
left_child=2 3 -1 6 7 13 10 8 11 20 27 -3 15 19 21 -7 25 -13 28 -4 23 26 -15 -5 -25 -12 -6 -2 -10 -19
right_child=1 4 5 9 14 12 -8 -9 18 -11 16 17 -14 22 -16 -17 -18 29 -20 -21 -22 -23 -24 24 -26 -27 -28 -29 -30 -31
leaf_value=-0.055086819451372254 0.0015124350543809228 0.023288822131752224 -0.043047085659373048 -0.040294955520859849 0.040085769291842897 -0.031875605604660406 0.041999256462718577 0.036647822224654208 0.023037332076019879 -0.057768478362186106 -0.05073603297571494 0.0074958291228916134 -0.047122616174167055 -0.00054509444371589073 0.0046804261181154459 0.012940628939379814 -0.038941722384645591 -0.048450458148596831 0.045323619750419097 -0.0082804244885618505 0.027581135056223602 0.056416080341795231 0.044011587718986604 0.0096948487150423611 -0.02536192036655362 0.0022300835088482239 0.05116770751227695 0.021760384892401795 0.044281499733329954 0.058009656523456479
leaf_weight=1836.1290295869985 86.046423539635725 200.02037097385619 29.109897377813468 37.633053664467297 545.98766504123341 96.020651871251175 107.81926893943455 1310.4841985157691 322.46996635315008 28.434836451866431 8.4041832431685162 166.09921578981448 231.73825799537008 38.604365105624311 17.36899822158739 15.880124576826345 21.006368874805048 14.729260467807764 89.835764574818313 75.853963309840765 12.346084771386812 175.79697398236021 16.614843117131386 37.760125007247552 56.18403940735152 149.11461666080868 270.72828964050859 142.58274144836469 57.333063061116263 2.2008321420289567
leaf_count=862486 4996 2255 10929 7711 1903 29745 891 3413 2906 8848 767 3586 85508 4639 210 2936 2492 1504 364 9350 702 175 664 3847 8382 7570 393 4678 192 8
internal_value=0 0.0300729 -0.0496134 0.00432374 0.0356505 -0.0296659 0.0133002 0.0311501 0.0227007 -0.0224962 0.00570033 0.0138815 -0.0400866 -0.00731036 0.0452904 -0.0255156 -0.00510786 0.00360096 0.0298939 -0.0179224 -0.0155274 0.0460011 0.0128615 -0.0195724 -0.0112711 -0.000595846 0.0437593 0.0141399 0.0262442 -0.0346111
internal_weight=0 3860.39 2339.95 687.332 3173.05 503.822 514.974 2163.17 852.688 172.358 407.154 383.05 343.639 160.183 1009.88 111.901 178.525 183.029 469.639 104.964 143.923 992.513 55.2192 131.577 93.9442 157.519 816.716 228.629 379.803 16.9301
internal_count=1074050 67793 1006257 50884 16909 143771 21394 14228 10815 29490 20503 7353 118189 25582 2681 32681 10829 5098 3462 20279 20642 2471 5303 19940 12229 8337 2296 9674 3098 1512
is_linear=0
shrinkage=0.05


Tree=21
num_leaves=31
num_cat=0
split_feature=0 0 0 85 40 40 85 0 57 101 77 0 85 40 101 101 69 36 60 105 69 36 105 68 96 2 80 36 0 0
split_gain=3473.71 223.355 90.2264 62.7717 56.8232 50.2117 43.5066 28.7518 25.0894 19.5653 14.5872 14.2802 14.0024 13.7684 13.2671 12.5924 12.4911 11.293 10.7235 10.6859 9.67632 9.62948 9.47198 9.1706 8.54501 8.49419 8.27778 9.09928 8.05564 8.02358
threshold=0.15548050853772452 0.68981449621504665 0.012339227772512141 69.125000000000014 1.0000000180025095e-35 40.500000000000007 4.2916666666650007 0.94875966535953815 7.5000000000000009 7.5000000000000009 0.027459500000000005 0.94875966535953815 22.100000000000005 147.50000000000003 8.5000000000000018 11.500000000000002 8.5000000000000018 10300.500000000002 1.5000000000000002 6.7750000000000012 7.5000000000000009 254.50000000000003 16.550000000000004 0.059215500000000011 0.05707700000000001 370.00000000000006 0.087535500000000016 3800.5000000000005 0.043984350660107828 0.26731028589363609
decision_type=2 2 2 2 2 2 2 2 2 2 2 2 2 2 2 2 2 2 2 2 2 2 2 2 2 2 2 2 2 2
left_child=2 3 -1 5 7 9 10 12 11 22 28 13 19 20 -8 -7 17 21 -10 -3 -6 -11 23 -2 -12 -22 -14 -28 -4 -23
right_child=1 4 6 -5 8 15 14 -9 18 16 24 -13 26 -15 -16 -17 -18 -19 -20 -21 25 29 -24 -25 -26 -27 27 -29 -30 -31
leaf_value=-0.054668579534768495 0.0027287190594148299 0.010870962489136132 -0.04171013101218074 -0.033489211014750268 0.035549324722915991 0.048237110343712308 -0.025922302097628122 0.033261589663303198 0.025627294579996573 -0.048518752041451202 0.019560242103386735 0.047676092945400483 -0.052468224956498777 0.048408992695660513 -0.047612455802918438 0.01315437304525096 -0.038804448664457848 -0.054636216403823573 -0.017532995668310514 0.025991290007166563 -0.069619866741005329 -0.022619564004441133 0.027274572233957135 0.046761648143931328 -0.0493121525363499 0.017562369735810927 0.014700242065242154 -0.057369102135459871 -0.010167967004601534 0.0061821621509085519
leaf_weight=1767.2290309967648 169.65445048524998 166.86388395517133 28.599898694927106 98.527152011694852 438.50160676706582 87.455385679320898 104.99243505016784 1001.1548567847349 42.422528865747154 10.126292935339732 48.274252843868453 758.67774661676958 8.6291306829079968 212.37629792280495 214.5993372296507 36.150400987127796 29.266057450789958 10.376910031627629 21.780309535446577 389.85719292587601 2.9682976619806132 28.768648272758583 71.452926960308105 12.710377377457915 4.9670082847005679 47.543632864486426 26.45234221813735 5.2487540295114732 69.26818961367826 151.62975898393779
leaf_count=862486 10452 2824 10980 22073 1639 564 31750 2740 862 1135 3913 1189 378 397 83042 1290 4228 1962 1146 3720 142 4223 2195 56 1132 414 680 778 8762 6898
internal_value=0 0.0289268 -0.0494873 0.00353117 0.0346698 0.0095344 -0.0300342 0.0280826 0.0415765 0.0022705 -0.00792737 0.0429216 0.0193984 0.0377788 -0.0404868 0.0379766 -0.00828639 -0.00384071 0.0109855 0.0214593 0.0331622 -0.00107414 0.0118437 0.00579771 0.013135 0.0124392 -0.00905067 0.00276771 -0.0193855 0.00158907
internal_weight=0 3828.59 2237.93 706.118 3122.48 607.591 470.701 1598.21 1524.27 483.985 151.109 1460.07 597.051 701.39 319.592 123.606 230.168 200.902 64.2028 556.721 489.014 190.525 253.818 182.365 53.2413 50.5119 40.3302 31.7011 97.8681 180.398
internal_count=1074050 71985 1002065 55076 16909 33003 139579 11120 5789 31149 24787 3781 8380 2592 114792 1854 18446 14218 2008 6544 2195 12256 12703 10508 5045 556 1836 1458 19742 11121
is_linear=0
shrinkage=0.05


Tree=22
num_leaves=31
num_cat=0
split_feature=0 0 0 77 40 85 70 0 57 81 94 40 88 0 40 101 105 85 102 80 36 72 80 85 107 105 81 105 105 77
split_gain=3271.49 213.394 90.2192 60.3712 56.0563 41.4544 36.4813 27.4831 23.3444 21.3072 17.2253 15.7719 14.3604 15.7875 13.1289 12.8532 12.3467 12.2862 10.7537 17.0037 16.4301 10.5021 17.2082 10.1604 9.73405 9.63485 9.20857 8.92923 8.364 8.19779
threshold=0.15548050853772452 0.68981449621504665 0.012339227772512141 0.026070000000000003 1.0000000180025095e-35 4.2916666666650007 1852.1666666650001 0.94875966535953815 7.5000000000000009 0.046275500000000004 0.58333333333350013 1.0000000180025095e-35 0.063933000000000004 0.94875966535953815 297.50000000000006 8.5000000000000018 8.0833333333350019 22.100000000000005 36.500000000000007 0.42896300000000004 10300.500000000002 2.5000000000000004 0.036191500000000008 4.083333333335001 401.50000000000006 6.7750000000000012 0.038165000000000011 11.366666666650003 6.083333333335001 0.033014000000000009
decision_type=2 2 2 2 2 2 2 2 2 2 2 2 2 2 2 2 2 2 2 2 2 2 2 2 2 2 2 2 2 2
left_child=2 3 -1 6 7 14 9 17 12 18 16 27 13 21 26 -7 -5 25 -2 -20 -21 -6 23 -23 -10 29 -4 -11 -9 -3
right_child=1 4 5 10 8 15 -8 28 24 11 -12 -13 -14 -15 -16 -17 -18 -19 19 20 -22 22 -24 -25 -26 -27 -28 -29 -30 -31
leaf_value=-0.054294284095865758 -0.0003797304871853036 0.0046625391632301441 -0.024285772679771271 0.002860656802945 0.04064013129955743 -0.025449034141784968 -0.056981196326556682 0.022506113639799097 0.017875227759868165 -0.013560908333219525 0.057430462882155364 0.026299151638644182 0.053684780844773072 0.045249896528233385 0.048393304448350424 -0.046966448975431792 0.034998081913296952 -0.0083084779796003781 -0.031444540992490104 0.017735011832476878 -0.056284364448564696 0.013882343122427946 0.032612163272135307 -0.037462363684888443 -0.044888767041377474 0.024947226937677081 0.0012354741888576939 0.012903931541676168 0.034490139654448811 0.031786798363485233
leaf_weight=1702.720432552509 138.70795924257254 129.29774776217528 72.098843606625451 55.021357220946811 279.87064283574 103.9768887074606 31.537877208465943 177.48071127943695 55.99141184380278 67.301752016181126 42.223686800803989 89.950557150528766 224.21461504139006 643.66701807640493 9.6875267138530017 208.70943941999576 65.420639701304026 39.302122966968454 101.22465837944765 40.914834222116042 9.1789098869776335 35.461267832200974 233.18832136737183 13.229860783554612 6.9435781369684255 386.1033528795233 69.335309122630861 60.545152105973102 810.42311418242753 35.505548652261496
leaf_count=862486 9943 2535 15085 2561 917 31750 9882 769 1138 5185 73 2520 252 1102 186 83042 1059 1836 16176 3223 2354 162 1065 283 870 3720 9516 2100 1971 289
internal_value=0 0.0281212 -0.0489691 0.00325121 0.033807 -0.0294194 -0.00480102 0.0272371 0.0407535 -0.00156042 0.0299505 0.0102583 0.0420655 0.0399043 -0.00791748 -0.0398113 0.0203168 0.0187004 -0.0104357 -0.0196537 0.0041721 0.0337791 0.026967 -6.85211e-05 0.0109505 0.0206272 -0.0117745 -0.00102781 0.0323372 0.0105062
internal_weight=0 3772.71 2166.53 702.027 3070.68 463.808 539.362 1578.11 1492.57 507.824 162.666 217.797 1429.63 1205.42 151.122 312.686 120.442 590.209 290.026 151.318 50.0937 561.75 281.879 48.6911 62.935 550.907 141.434 127.847 987.904 164.803
internal_count=1074050 71985 1002065 55076 16909 139579 51383 11120 5789 41501 3693 9805 3781 3529 24787 114792 3620 8380 31696 21753 5577 2427 1510 445 2008 6544 24601 7285 2740 2824
is_linear=0
shrinkage=0.05


Tree=23
num_leaves=31
num_cat=0
split_feature=0 0 0 55 81 40 76 101 101 105 40 0 85 36 2 106 70 57 46 105 104 40 105 107 99 36 99 93 2 104
split_gain=3095.04 224.272 92.9965 64.7236 50.2414 43.229 35.1794 25.9745 19.1339 16.1508 13.1619 12.9117 12.5738 12.4895 12.354 13.3537 11.6261 11.4429 11.3996 12.5174 11.7964 10.7841 10.9293 10.3349 10.191 10.4682 10.0254 9.92648 9.89581 9.25918
threshold=0.37969951586789719 0.030380062479932603 0.86620967868038068 1.0000000180025095e-35 0.045607500000000002 1.0000000180025095e-35 12.500000000000002 6.5000000000000009 7.5000000000000009 11.366666666650003 1.0000000180025095e-35 0.0088049481694041625 7.083333333335001 2423.5000000000005 2826.5000000000005 0.023543000000000005 2077.3333333350006 3.5000000000000004 1.0000000180025095e-35 9.3666666666650027 0.101428 3769.0000000000005 4.083333333335001 90.500000000000014 17.500000000000004 1033.5000000000002 7.5000000000000009 0.011389500000000002 8.9884656743000007e+307 0.084072000000000022
decision_type=2 2 2 2 2 2 2 2 2 2 2 2 2 2 2 2 2 2 2 2 2 2 2 2 2 2 2 2 2 2
left_child=1 11 3 6 7 14 9 21 28 13 18 -1 -7 27 26 -16 -8 -11 19 20 -6 22 -3 -9 25 -14 -4 -2 -5 -13
right_child=2 4 5 8 10 12 16 23 -10 17 -12 29 24 -15 15 -17 -18 -19 -20 -21 -22 -23 -24 -25 -26 -27 -28 -29 -30 -31
leaf_value=-0.054224415061689471 -0.0021933892233434583 -0.037641448353130831 0.043654482665581695 0.050056769662485345 -0.045351593481197966 0.04484448896413995 -0.0092420855046074536 -0.029611109280755887 0.017078473513024921 0.027641063678915695 0.019288546549890748 -0.0440018526851641 -0.046295832092846788 -0.050792698270497344 0.023256246363242625 0.04016985727054128 -0.057202032614998337 -0.0025591525615009871 0.033081433478597946 0.0032765942280647709 0.002294028634439285 0.053638189460048759 -0.0062570140853412592 -0.05061373973829815 0.035137856885675556 0.023092389908698854 0.028233633006984723 0.016345085856322598 0.022219091478422381 -0.0066883574141874142
leaf_weight=1591.2171826817794 126.64693746238481 37.497885844233679 222.90523237688467 174.10785825212952 37.847152043133974 979.02809159643948 113.75311722245533 144.45769035106059 86.564207688847091 227.97952831943985 73.734271279012319 167.2700480191852 8.0934286992996949 9.1969286948442441 733.15813360526226 138.79168881801888 14.215279098338213 36.369438581343275 15.735481341602279 62.765970254986314 19.780690657382365 6.0647997463820493 106.59771515603643 98.519303695153212 141.90622943686321 16.551203171722591 199.92819815198891 167.98673203575891 39.092635213281028 18.460608271998353
leaf_count=836838 5072 9886 540 593 7645 1826 9367 32909 1775 3133 5111 78324 71 414 3757 410 4067 1375 816 5233 1839 151 15089 35652 753 129 815 3717 420 6323
internal_value=0 -0.0438271 0.0303544 0.0174786 -0.0174788 0.0356091 0.00911429 -0.0280236 0.0369032 0.0144485 0.00227475 -0.0527683 0.0426839 0.00658536 0.0293495 0.0259485 -0.0145697 0.0234861 -0.00694076 -0.0121717 -0.0289973 -0.0116752 -0.0144242 -0.038127 0.0299836 0.000304927 0.036363 0.00837641 0.0449524 -0.0402931
internal_weight=0 2379.95 3436.27 995.913 603.001 2440.36 696.148 393.137 299.765 568.18 209.864 1776.95 1145.58 303.831 1294.78 871.95 127.968 264.349 136.129 120.394 57.6278 150.16 144.096 242.977 166.551 24.6446 422.833 294.634 213.2 185.731
internal_count=1074050 1035816 38234 29933 114331 8301 27145 93687 2788 13711 20644 921485 2779 9203 5522 4167 13434 4508 15533 14717 9484 25126 24975 68561 953 200 1355 8789 1013 84647
is_linear=0
shrinkage=0.05


Tree=24
num_leaves=31
num_cat=0
split_feature=0 0 0 40 76 40 85 77 76 68 40 105 70 93 0 81 99 74 2 106 36 2 101 105 104 62 36 85 40 80
split_gain=2919.73 224.312 91.2963 66.0872 45.7117 42.831 31.2998 17.7292 14.9617 14.7195 14.5089 13.1768 12.727 12.5749 12.5584 11.5179 10.3705 9.67937 9.54134 9.59047 8.81871 8.79904 8.23953 8.43294 8.10691 7.92855 9.61659 7.68245 11.0432 7.66517
threshold=0.37969951586789719 0.030380062479932603 0.86620967868038068 31.500000000000004 6.5000000000000009 2.5000000000000004 9.1000000000000014 0.032799500000000002 21.500000000000004 0.10825450000000002 55.500000000000007 5.708333333335001 2077.3333333350006 0.0017535000000000003 0.0088049481694041625 0.049574000000000007 236.50000000000003 1.0000000180025095e-35 2826.5000000000005 0.019517500000000004 375.50000000000006 593.00000000000011 6.5000000000000009 21.100000000000005 0.084072000000000022 2.5000000000000004 1344.5000000000002 7.083333333335001 227.50000000000003 0.023358
decision_type=2 2 2 2 2 2 2 2 2 2 2 2 2 2 2 2 2 2 2 2 2 2 2 2 2 2 2 2 2 2
left_child=1 14 3 6 10 11 7 13 17 16 15 -4 21 -2 -1 22 -6 -5 -13 25 -17 -8 23 -3 -16 -20 -27 -7 29 -29
right_child=2 4 5 8 9 27 12 -9 -10 -11 -12 18 -14 -15 24 20 -18 -19 19 -21 -22 -23 -24 -25 -26 26 -28 28 -30 -31
leaf_value=-0.053932502003531328 -0.0017390092425175149 -0.01546859485286564 0.019832367910519084 0.044063610222140115 -0.026615878752986391 0.04567416345655767 -0.044954956216660569 0.031028923783145475 -0.0019456410184358183 0.057863823164178874 0.028063659971646854 0.038112699929854096 -0.055589658464264516 0.016297172405110093 -0.043563078398623251 -0.030291192408967934 -0.047524884779955562 -0.013135665581391993 0.021371658339831925 0.040903876028281286 0.0059283784422977945 -0.0019455407803652437 -0.030323068180190944 0.023719622226578998 -0.0084880658778966542 0.025757312903638654 0.043098492362872436 -0.069782434026296067 0.050149722420201617 0.020938709615831358
leaf_weight=1534.3635290548264 148.85197050822899 63.181824746425264 267.26783807994798 228.39837635855656 163.37971558712889 746.90208027046174 12.936743241036309 130.74494060268626 20.880163549736608 4.4159020222723475 30.567934666702058 429.40640894183889 13.724005836906143 275.51096929446794 162.99722574773477 19.158321825030725 93.092813331924845 7.6436779387295237 358.41741303005256 140.27146345376968 136.86075302038807 147.22755663533462 70.802553143410478 17.538829830591567 18.326257503620582 223.19624826684594 124.56593436468393 2.4258276745676985 44.373024253407493 57.930824570124969
leaf_count=836838 5776 7963 1883 839 43427 1243 1679 1294 1496 6 834 1190 4014 5235 78324 2585 33932 141 1718 347 11029 9459 13670 885 6323 929 399 45 100 447
internal_value=0 -0.043265 0.0296227 0.016817 -0.0169226 0.0348949 0.00913194 0.0149306 0.0386227 -0.0326469 -0.00478953 0.0299273 -0.00937913 0.0099707 -0.0524619 -0.00805495 -0.0342053 0.0422113 0.032042 0.0289623 0.00148081 -0.00541948 -0.0178736 -0.00695385 -0.0400181 0.0265903 0.0319688 0.0438959 0.0312138 0.0172925
internal_weight=0 2314.69 3380.68 985.918 598.999 2394.76 728.996 555.108 256.922 260.888 338.11 1543.13 173.888 424.363 1715.69 307.542 256.473 236.042 1275.86 846.451 156.019 160.164 151.523 80.7207 181.323 706.18 347.762 851.632 104.73 60.3567
internal_count=1074050 1035816 38234 29933 114331 8301 27457 12305 2476 77365 36966 6466 15152 11011 921485 36132 77359 980 4583 3393 13614 11138 22518 8848 84647 3046 1328 1835 592 492
is_linear=0
shrinkage=0.05


Tree=25
num_leaves=31
num_cat=0
split_feature=0 0 0 88 40 107 85 0 40 62 81 36 80 101 93 101 77 101 85 40 70 105 2 55 3 87 43 36 72 82
split_gain=2748.2 197.107 95.212 84.4502 45.3273 42.9805 36.8208 24.4006 21.449 16.8221 15.4175 15.035 16.3926 13.1189 11.9244 11.8212 11.8181 10.3461 10.2593 9.32077 9.65616 9.1914 8.89769 8.87902 11.1362 8.30007 8.15275 8.59477 7.90927 7.89251
threshold=0.15548050853772452 0.7740980979447657 0.012339227772512141 0.019188000000000004 5.5000000000000009 37.500000000000007 4.2916666666650007 0.94875966535953815 1.0000000180025095e-35 1.5000000000000002 0.044466000000000006 9603.5000000000018 0.49069550000000006 8.5000000000000018 0.035597000000000004 7.5000000000000009 0.027459500000000005 10.500000000000002 4.3666666666650009 1758.5000000000002 6.3666666666650009 24.550000000000004 463519.00000000006 1.0000000180025095e-35 146963.00000000003 7.5000000000000009 14.500000000000002 3677.5000000000005 18.500000000000004 6.5000000000000009
decision_type=2 2 2 2 2 2 2 2 2 2 2 2 2 2 2 2 2 2 2 2 2 2 2 2 2 2 2 2 2 2
left_child=2 3 -1 5 7 8 16 10 15 17 18 12 14 -8 -7 -2 -4 22 28 20 -6 25 -10 24 -9 -12 27 -17 -3 -19
right_child=1 4 6 -5 19 11 13 23 9 -11 21 -13 -14 -15 -16 26 -18 29 -20 -21 -22 -23 -24 -25 -26 -27 -28 -29 -30 -31
leaf_value=-0.053383236703360482 0.0069673239006036395 0.021804317971570147 -0.017293053542668742 0.043494382798213584 0.044372786266451081 -0.031756636440211698 -0.022920744682614021 0.035734875906193841 0.025430253711677533 0.030704211135946843 0.027923531182734759 -0.051912319757314584 0.014374668684227213 -0.045005367557610081 0.0038320820831323865 -0.010736674510916722 0.012059886876322106 -0.027160786723235266 -0.0016035726580629159 0.054026631745597777 0.032165472832904683 0.04207605576351417 -0.037090171316276704 0.053887788320945124 0.025590914012519714 0.01052986585087389 0.02516564157017331 -0.051441786154045183 -0.033704101310728256 0.027616545211710954
leaf_weight=1524.1999978110252 203.3172319381265 138.19548757351004 98.709808137733489 127.71572629211005 452.56735659576952 96.264801515295403 102.62487902547582 696.81128403218463 45.051877221267205 126.26835692796158 241.61417594458908 31.982884280907456 37.968306739785476 195.05089620701619 31.154239088820759 129.38116973385331 52.54518379108049 32.681298097711988 99.828254660125822 142.43331934046 252.31030659517273 77.545626285020262 6.5135732231428838 47.374687241390347 442.29373907670379 95.77378513966687 13.990502339205703 14.412710196338592 6.7299150854814789 8.2323081514623464
leaf_count=862486 9216 1346 19742 592 792 16992 31750 1966 1331 2011 1665 9766 3176 83042 2260 8403 5045 2740 2637 214 1132 334 328 99 1313 973 374 1796 135 394
internal_value=0 0.0260033 -0.0474224 0.00581435 0.0327862 -0.00037738 -0.0271843 0.028392 0.00648251 0.018838 0.0206831 -0.0205309 -0.0144623 -0.0373916 -0.0230551 -0.00100216 -0.007096 0.00263616 0.0107306 0.0423605 0.0400032 0.0265537 0.0175329 0.0326783 0.0317962 0.022986 -0.0112715 -0.0148166 0.0192267 -0.0161389
internal_weight=0 3598.41 1973.13 904.935 2693.48 777.219 448.931 1846.17 579.849 218.747 659.687 197.37 165.387 297.676 127.419 361.102 151.255 92.4791 244.754 847.311 704.878 414.934 51.5655 1186.48 1139.11 337.388 157.784 143.794 144.925 40.9136
internal_count=1074050 71985 1002065 59379 12606 58787 139579 10468 26593 6804 7090 32194 22428 114792 19252 19789 24787 4793 4118 2138 1924 2972 1659 3378 3279 2638 10573 10199 1481 3134
is_linear=0
shrinkage=0.05


Tree=26
num_leaves=31
num_cat=0
split_feature=0 0 0 40 68 0 85 107 57 68 105 0 101 106 40 2 40 81 36 60 70 105 70 107 40 2 80 36 105 87
split_gain=2591.93 192.092 93.7802 61.4237 42.2445 38.5652 34.4851 29.0627 28.4254 17.3246 14.9254 14.5215 12.6548 11.4046 10.9877 12.5134 10.9619 10.7758 11.2657 9.85971 9.26248 9.11355 8.74708 8.48226 8.40675 8.36661 7.93569 9.87813 7.85653 7.80043
threshold=0.15548050853772452 0.60678019017954943 0.012339227772512141 1.0000000180025095e-35 0.047535500000000001 0.94875966535953815 4.2916666666650007 36.500000000000007 7.5000000000000009 0.086694000000000007 3.7750000000000004 0.94875966535953815 8.5000000000000018 0.023543000000000005 122.50000000000001 370.00000000000006 8.5000000000000018 0.018437000000000002 5949.5000000000009 1.5000000000000002 3.7750000000000004 5.708333333335001 1921.5000000000002 11.500000000000002 1.0000000180025095e-35 1288875.0000000002 0.42896300000000004 10300.500000000002 22.550000000000004 7.5000000000000009
decision_type=2 2 2 2 2 2 2 2 2 2 2 2 2 2 2 2 2 2 2 2 2 2 2 2 2 2 2 2 2 2
left_child=2 4 -1 5 7 10 16 24 9 11 20 14 -8 17 15 -5 23 18 29 -10 -3 -17 26 -4 -2 -25 -9 -28 -19 -12
right_child=1 3 6 8 -6 -7 12 22 19 -11 13 -13 -14 -15 -16 21 -18 28 -20 -21 -22 -23 -24 25 -26 -27 27 -29 -30 -31
leaf_value=-0.053100858604253155 -0.0041170627674763814 0.012932128527276363 -0.024176635514190501 -0.016346482021684299 0.044830578979737398 0.029844909520837709 -0.022600996188101831 -0.028694338282258321 0.020133334330682897 0.053783026767136789 0.012644203922902029 0.042539673310505711 -0.044489912753889804 0.032793667219561222 0.041926101356461597 0.01503744957377999 0.024995727364830331 0.014550897559324255 -0.044758142215330997 -0.019078098336467245 -0.025147465179496387 0.032915627709762189 -0.055489357182105306 0.008852061193848796 0.012191411073571561 -0.051701675128638304 0.011932767878987383 -0.053704967470606629 0.033502110914522515 -0.013565804759446446
leaf_weight=1464.7117379572737 235.75528253929224 27.911395794013515 73.231426642189035 15.909299901453776 43.962788739940152 918.07806801889092 101.27887400909094 84.80000702579855 47.642786671000067 177.60351042076945 127.30353177827783 602.75704687740654 189.72957973604207 89.364431046647951 179.35560742812231 92.215380314039066 22.249320083676139 230.07443988369778 11.327734167280139 24.16217002668418 37.323242532962468 314.0141963516362 20.662078939931234 48.792638499697205 118.86079038010212 6.4595621370244762 29.470393394934945 7.1161057871358926 71.741488236002624 36.533997453399934
leaf_count=862486 16217 514 15473 383 179 2740 31750 15637 1359 210 2646 1125 83042 604 443 704 1407 2984 1392 1679 1528 1553 8040 6235 5671 1672 2692 2077 487 1121
internal_value=0 0.0252893 -0.0470108 0.0302282 -0.00214746 0.0233027 -0.0268176 -0.00630577 0.037611 0.0392049 0.0137928 0.0370549 -0.036872 0.0164015 0.0315585 0.0271536 -0.00740652 0.0133303 0.00346547 0.0069388 -0.00885467 0.0288572 -0.025416 -0.0130176 0.00134924 0.00177269 -0.020297 -0.000833829 0.0190556 0.00679966
internal_weight=0 3543.95 1906.45 3003.32 540.627 1549.66 441.741 496.665 1453.66 1381.86 631.58 1204.25 291.008 566.346 601.494 422.139 150.733 476.981 175.165 71.805 65.2346 406.23 142.049 128.484 354.616 55.2522 121.387 36.5865 301.816 163.838
internal_count=1074050 71985 1002065 21472 50513 14016 139579 50334 7456 4418 11276 4208 114792 9234 3083 2640 24787 8630 5159 3038 2042 2257 28446 23380 21888 7907 20406 4769 3471 3767
is_linear=0
shrinkage=0.05


Tree=27
num_leaves=31
num_cat=0
split_feature=0 0 0 40 77 0 85 36 101 85 107 105 94 101 107 80 77 77 40 72 3 74 3 80 105 105 106 80 96 87
split_gain=2451.1 184.657 91.6996 61.6747 41.5615 40.99 31.8358 22.3954 20.0294 14.8822 13.6048 13.5777 12.9307 11.9445 11.348 13.0692 10.9655 9.38513 9.31362 10.8245 9.2173 9.01416 12.9606 10.2254 8.85293 8.35713 8.17941 9.8753 9.62303 9.03288
threshold=0.15548050853772452 0.60678019017954943 0.012339227772512141 2.5000000000000004 0.029255500000000004 0.86620967868038068 4.2916666666650007 10300.500000000002 4.5000000000000009 182.25000000000003 48.500000000000007 5.708333333335001 0.58333333333350013 8.5000000000000018 36.500000000000007 0.42896300000000004 0.027459500000000005 0.033014000000000009 469.50000000000006 29.500000000000004 67315.000000000015 1.0000000180025095e-35 5097.0000000000009 0.033702000000000003 19.775000000000002 9.0833333333350019 0.021492500000000001 0.019444500000000003 0.029561500000000004 11.500000000000002
decision_type=2 2 2 2 2 2 2 2 2 2 2 2 2 2 2 2 2 2 2 2 2 2 2 2 2 2 2 2 2 2
left_child=2 4 -1 5 7 10 16 14 18 21 17 -7 -6 -8 -2 -16 -4 25 19 24 -13 -10 -23 -24 -5 -3 27 28 -22 -28
right_child=1 3 6 8 12 11 13 -9 9 -11 -12 20 -14 -15 15 -17 -18 -19 -20 -21 26 22 23 -25 -26 -27 29 -29 -30 -31
leaf_value=-0.052836245933497311 -0.00099008458710374671 -0.00099289729914370391 -0.017824355431664957 0.037088791586583091 0.014908417202126243 0.017261955592261194 -0.022470179641549549 -0.04972193484585035 0.032460768233102115 -0.047796728506435737 -0.016603611431248465 0.034457957586132203 0.054216319829614182 -0.043918322653066472 -0.031218200085040483 0.0068281715736384797 0.010557003179454287 0.030589497450174703 0.052681282099467756 -0.0056914398227722995 -0.029331681942905488 -0.075333365101833513 -0.057358716497638573 0.034945297530526172 0.050876803801923547 0.016498332470799151 0.042314598226206528 0.02447361949487915 0.069673824270036142 -0.016239329079166139
leaf_weight=1409.1730314244051 280.9898717936012 120.32689574209508 96.801618806726765 397.84303601126885 88.636496001388878 254.07259087124839 100.24434637479135 32.138536195387132 295.24678982613841 6.2624842220102428 44.404171560425311 589.56358925323002 27.386139183770865 184.16982229510904 76.672316369775217 31.988821172417374 52.485836987558287 61.000535995000973 197.48095272178762 12.624645099276675 15.07459183689207 4.5365055450238314 3.6658023649361011 16.529969613649882 164.57886310142931 157.90897996502463 98.854081444442272 502.42804758413695 2.9316382072865954 7.0566629245877257
leaf_count=862486 18024 3424 19742 1380 3133 1883 31750 9828 1493 828 3477 1921 54 83042 16104 3370 5045 545 313 160 125 181 53 123 313 2716 283 2226 9 19
internal_value=0 0.0246311 -0.0466487 0.0295397 -0.00231519 0.0239758 -0.0265442 -0.00960512 0.038926 0.0285379 0.0094215 0.0277743 0.0241867 -0.0363587 -0.00629628 -0.0200177 -0.00784616 0.012828 0.043313 0.0400957 0.0299709 0.0300319 0.00103625 0.0181909 0.0411235 0.00893401 0.0257473 0.0231697 -0.0132124 0.0384132
internal_weight=0 3490.2 1842.87 2952.39 537.812 1853.62 433.702 421.79 1098.77 326.242 383.641 1469.98 116.023 284.414 389.651 108.661 149.287 339.236 772.527 575.047 1215.91 319.979 24.7323 20.1958 562.422 278.236 626.345 520.434 18.0062 105.911
internal_count=1074050 71985 1002065 21472 50513 16628 139579 47326 4844 2678 10162 6466 3187 114792 37498 19474 24787 6685 2166 1853 4583 1850 357 176 1693 6140 2662 2360 134 302
is_linear=0
shrinkage=0.05


Tree=28
num_leaves=31
num_cat=0
split_feature=0 0 0 88 40 81 81 102 0 40 106 81 85 101 105 3 105 101 74 77 101 72 105 55 0 104 36 77 0 105
split_gain=2318.16 178.98 89.3968 75.0329 45.6106 37.7551 30.4323 26.7448 22.5471 18.972 13.2903 12.6259 11.004 10.379 11.2734 10.5507 9.90991 9.62253 9.49541 9.19071 9.18709 8.92354 8.79257 8.75635 8.66423 8.31086 7.43418 7.42683 7.40554 7.27739
threshold=0.15548050853772452 0.7740980979447657 0.012339227772512141 0.019188000000000004 5.5000000000000009 0.029730000000000003 0.041042500000000003 1813.5000000000002 0.94875966535953815 1.0000000180025095e-35 0.030706000000000001 0.054396500000000007 4.2916666666650007 12.500000000000002 21.100000000000005 627059.50000000012 11.366666666650003 7.5000000000000009 1.0000000180025095e-35 0.031617000000000006 6.5000000000000009 1.0000000180025095e-35 27.083333333350001 1.0000000180025095e-35 0.94875966535953815 0.092547500000000019 4660.0000000000009 0.035464000000000002 0.022930786807012646 28.550000000000004
decision_type=2 2 2 2 2 2 2 2 2 2 2 2 2 2 2 2 2 2 2 2 2 2 2 2 2 2 2 2 2 2
left_child=2 3 -1 5 8 7 10 13 11 16 20 12 -3 14 -2 -15 25 -5 24 28 -4 -17 23 -10 -6 -7 -14 -12 -8 -13
right_child=1 4 6 17 18 9 19 -9 22 -11 27 29 26 15 -16 21 -18 -19 -20 -21 -22 -23 -24 -25 -26 -27 -28 -29 -30 -31
leaf_value=-0.052592623695035395 -0.0049165268456454981 0.019370330102109964 -0.025508006891542104 0.047473663975340197 0.036286599966504733 -0.019608824920166724 -0.050734721270304185 -0.053959393016504376 0.027467027737245433 0.023567806279621382 0.052125578790698561 0.021437486320135875 0.002140788229441699 -0.02923895387526898 0.028454772874706616 -0.025787677138996601 0.012323792130948325 0.010803840123840391 0.016231177896130322 0.01895120606238446 -0.045612896194332807 0.0031601662532670591 0.040620457676911137 0.049975682700768825 0.047030296337375155 0.008990876951346571 -0.047131452352063341 -0.015455843825823726 -0.0083400065233840727 0.040189304110394668
leaf_weight=1354.6784652267379 128.30729530905955 143.71913103363477 83.912890272913501 100.53792881662957 358.99917146167718 72.680169404426124 11.634460290457353 34.468987119675148 904.32174168108031 156.29707979253726 4.6756808889913364 315.61969017470255 106.08366476581432 81.881131678994279 31.525648997689132 39.06717806920642 95.473157105385326 21.762553800479509 37.832772572292015 28.461414286924992 176.00120253523346 83.572823419264751 179.10109246708453 45.37601612880826 393.1784143736586 39.049488398653921 8.2508164145401661 31.139248533261707 89.865893894515466 61.885267788544297
leaf_count=862486 10258 1438 26445 294 1210 5488 7054 11159 2878 3692 311 2532 2172 11781 1157 4562 2956 298 316 2625 80241 6231 404 96 612 1503 698 6150 16753 250
internal_value=0 0.0239758 -0.046312 0.00459285 0.0306884 -0.00123973 -0.026325 -0.0118628 0.0262176 0.0104156 -0.0351874 0.0186849 0.0101611 -0.00788035 0.00166567 -0.0153405 0.000494722 0.0409485 0.0406732 -0.00615854 -0.0391221 -0.00606122 0.0304588 0.0285425 0.0419025 -0.00961324 -0.00141489 -0.00663301 -0.0131995 0.0245115
internal_weight=0 3438.99 1780.37 884.623 2554.37 762.323 425.691 398.823 1764.36 363.5 295.729 635.559 258.054 364.354 159.833 204.521 207.203 122.3 790.01 129.962 259.914 122.64 1128.8 949.698 752.178 111.73 114.334 35.8149 101.5 377.505
internal_count=1074050 71985 1002065 59379 12606 58787 139579 45148 10468 13639 113147 7090 4308 33989 11415 22574 9947 592 2138 26432 106686 10793 3378 2974 1822 6991 2870 6461 23807 2782
is_linear=0
shrinkage=0.05


Tree=29
num_leaves=31
num_cat=0
split_feature=0 0 0 40 57 40 101 101 99 40 77 87 105 81 3 77 2 101 2 105 101 105 105 36 40 105 69 0 93 80
split_gain=2179.43 203.222 80.2336 60.2708 46.1288 41.654 31.6484 20.2499 19.4788 18.2998 16.0888 15.4807 13.3109 12.4961 11.3787 10.94 10.3137 10.0301 11.3088 10.0111 9.76233 9.63655 9.48186 9.41867 8.84968 9.61336 8.53243 8.44698 8.43652 8.26989
threshold=0.37969951586789719 0.021498946223343005 0.86620967868038068 100.50000000000001 86.500000000000014 1.0000000180025095e-35 7.5000000000000009 6.5000000000000009 86.500000000000014 6.5000000000000009 0.031041000000000003 9.5000000000000018 6.083333333335001 0.14259800000000003 8407.0000000000018 0.017245000000000003 177674.50000000003 15.500000000000002 247473.50000000003 2.7750000000000004 11.500000000000002 12.550000000000002 6.3666666666650009 18470.500000000004 172.50000000000003 7.3666666666650009 8.5000000000000018 0.0088049481694041625 0.035597000000000004 0.028824500000000006
decision_type=2 2 2 2 2 2 2 2 2 2 2 2 2 2 2 2 2 2 2 2 2 2 2 2 2 2 2 2 2 2
left_child=1 27 3 6 7 12 10 9 19 22 21 24 15 29 -13 16 -4 -5 -19 -8 -14 -2 -3 26 25 -7 -21 -1 -28 -9
right_child=2 4 5 17 -6 11 8 13 -10 -11 -12 14 20 -15 -16 -17 -18 18 -20 23 -22 -23 -24 -25 -26 -27 28 -29 -30 -31
leaf_value=-0.052737307090804653 0.0034424052429638226 -0.021062109104795345 0.01587432391343117 0.046602675440612723 -0.044601397070772736 0.028270202727107757 -0.034225022667937921 -0.040989173007614343 -0.034567822207312755 0.028870844139645874 0.033274076354556148 -0.02239994112466696 0.030466737855553629 0.013009363713970391 0.027536169093118137 0.036099481808914917 -0.01094109615384802 0.029179002968843976 -0.044961179050015739 0.0080813197870173003 0.018716647712433979 0.021974335692733268 0.0015406869502838252 -0.056621435991707103 0.048947384200515989 0.041217958267030001 -0.034782276193184497 -0.03871785192089941 0.016858689589236916 -0.018575839564175713
leaf_weight=1259.2499217392178 171.93033180385828 71.783938781678444 133.56515478203073 135.73165487073129 121.04173500841716 198.16157155623659 18.80757869197987 54.841578654799378 43.626210414775414 44.749363936949521 112.51452783774585 15.953147505410014 720.51632042555138 25.191787275951356 40.039617267437279 45.409651511348784 49.017887349706143 37.330540484690573 5.9653036418021648 247.4582793120062 234.23899373994209 118.49603237945121 131.20828938196064 6.3879904027999137 227.98254770506173 518.38057803269476 24.287648999918019 117.46576975745847 11.727862113621084 164.91260781847814
leaf_count=836838 6913 12933 1015 520 50708 782 1030 16978 7456 2735 1023 247 2636 2235 174 229 548 668 318 6593 1094 2473 14399 908 379 1197 1728 63433 303 35557
internal_value=0 -0.040874 0.0260968 0.0138348 -0.0169456 0.0313439 0.00765167 -0.0101512 -0.00329474 -7.19231e-05 0.0172222 0.0388529 0.0249919 -0.0203456 0.0133086 0.0141373 0.00867521 0.0399186 0.018964 0.00112528 0.027584 0.0110036 -0.00645232 0.00341897 0.0403672 0.0376372 0.00477196 -0.0515411 -0.0179662 -0.0241693
internal_weight=0 1990.44 3117.53 934.264 613.729 2183.27 755.236 492.688 352.296 247.742 402.941 1000.52 1182.75 244.946 55.9928 227.993 182.583 179.027 43.2958 308.669 954.755 290.426 202.992 289.862 944.525 716.542 283.474 1376.72 36.0155 219.754
internal_count=1074050 1035816 38234 29933 135545 8301 28427 84837 18018 30067 10409 2779 5522 54770 421 1792 1563 1506 986 10562 3730 9386 27332 9532 2358 1979 8624 900271 2031 52535
is_linear=0
shrinkage=0.05


Tree=30
num_leaves=31
num_cat=0
split_feature=0 0 0 40 0 68 85 81 85 57 36 85 105 36 101 40 101 105 87 68 2 80 105 40 36 105 43 105 69 36
split_gain=2062.57 165.053 92.4805 57.8936 44.2627 38.2745 31.934 23.3162 22.2194 15.8893 12.334 11.483 10.6877 15.9895 10.5535 10.302 9.55558 8.92596 8.86545 8.80399 9.74308 8.77263 8.67385 8.10246 7.99442 7.95353 9.04383 7.84755 8.26088 7.82985
threshold=0.15548050853772452 0.60678019017954943 0.012339227772512141 6.5000000000000009 0.94875966535953815 0.047535500000000001 4.7750000000000012 0.049574000000000007 69.125000000000014 2.5000000000000004 5949.5000000000009 5.708333333335001 6.7750000000000012 217.50000000000003 7.5000000000000009 2.5000000000000004 8.5000000000000018 28.550000000000004 7.5000000000000009 0.085786000000000015 182686.50000000003 0.024794500000000004 8.2916666666650016 764.50000000000011 9603.5000000000018 3.7750000000000004 1.0000000180025095e-35 26.100000000000005 8.5000000000000018 403.50000000000006
decision_type=2 2 2 2 2 2 2 2 2 2 2 2 2 2 2 2 2 2 2 2 2 2 2 2 2 2 2 2 2 2
left_child=2 5 -1 4 7 8 15 10 14 19 12 -11 13 -3 -2 22 -8 18 -9 20 -5 -14 -4 -13 -16 26 -22 28 -6 -30
right_child=1 3 6 9 27 -7 16 17 -10 11 -12 23 21 -15 24 -17 -18 -19 -20 -21 25 -23 -24 -25 -26 -27 -28 -29 29 -31
leaf_value=-0.052181740857279224 0.0057904063133497035 0.023072497558868994 -0.028876848070301209 0.042827829444885959 0.029808303569529782 0.043261103646293916 -0.022832552513132359 0.022733434773840325 -0.031556259223535721 0.037604918329478515 -0.035493870713933603 0.003681428183428192 -0.016563476140713476 -0.017685934485017825 -0.0081842202881395633 0.018037376981589602 -0.043085217145244187 0.036715966951059463 0.0063260890597493392 0.053158145420359751 0.028054623677853815 0.016514958919260525 -0.0026271331660992787 0.035266496561686005 -0.057476627729126817 0.030747217493381818 -0.062250013182179015 0.038397409133233723 -0.0035367755143821396 0.022871509665420457
leaf_weight=1251.9675023820164 205.13516258558957 34.02701906580478 54.705688867601566 400.76855281647295 721.55690165609121 41.347405716776848 89.900241425901186 299.59651012858376 76.652771916094935 100.82737746229395 18.49050229950808 65.990928220271599 22.372519095661119 82.168060569791123 196.65625354062649 31.712235744402278 165.38637478253804 77.504753672983497 113.52997197164223 140.3923710025847 6.0207023918628675 192.56375073408708 74.094907996695838 29.328547767363489 8.5846599947835767 111.24475426133722 5.1389840003103018 196.60440122522414 34.384453880600631 152.79448743071407
leaf_count=862486 11741 572 13874 922 2216 179 30300 2886 20535 282 2268 1507 695 3251 15918 2720 81157 380 1635 175 21 2932 11528 163 2140 339 31 446 120 631
internal_value=0 0.0227108 -0.0453964 0.0275392 0.0227645 -0.00292447 -0.0249657 0.0141147 -0.0068455 0.0383447 0.00424798 0.0258422 0.00646718 -0.00575008 -0.00222986 -0.00749086 -0.0359532 0.0211457 0.0182246 0.0420403 0.0390569 0.0130719 -0.0137762 0.0133997 -0.010246 0.0267104 -0.0135302 0.0293399 0.0273803 0.0180204
internal_weight=0 3333.68 1667.77 2805.31 1945.59 528.376 415.799 840.253 487.029 859.712 349.622 196.147 331.131 116.195 410.376 160.513 255.287 490.631 413.126 663.565 523.173 214.936 128.801 95.3195 205.241 122.404 11.1597 1105.34 908.736 187.179
internal_count=1074050 71985 1002065 21472 18032 50513 139579 14619 50334 3440 9718 1952 7450 3823 29799 28122 111457 4901 4521 1488 1313 3627 25402 1670 18058 391 52 3413 2967 751
is_linear=0
shrinkage=0.05


Tree=31
num_leaves=31
num_cat=0
split_feature=0 0 0 40 40 85 0 76 57 88 65 90 0 72 107 40 101 81 105 36 104 72 105 106 107 48 77 2 105 98
split_gain=1948.32 162.267 92.2601 51.498 48.2538 30.2851 27.6163 24.4872 23.4131 17.0351 16.0288 15.4396 14.6919 12.2762 10.7469 10.2008 9.39858 8.99349 11.7682 19.9188 12.4152 10.7856 8.76278 8.75016 8.4436 8.28922 7.80964 8.92674 7.77458 7.74378
threshold=0.15548050853772452 0.68981449621504665 0.012339227772512141 1.0000000180025095e-35 40.500000000000007 4.7750000000000012 0.94875966535953815 3.5000000000000004 7.5000000000000009 0.063933000000000004 1.0000000180025095e-35 1890.5000000000002 0.94875966535953815 15.500000000000002 45.500000000000007 2.5000000000000004 8.5000000000000018 0.030198000000000006 16.083333333350001 758.50000000000011 0.072543500000000025 9.5000000000000018 8.7750000000000021 0.029086500000000005 401.50000000000006 97.500000000000014 0.048218000000000004 1654303.0000000002 8.2916666666650016 4.5000000000000009
decision_type=2 2 2 2 2 2 2 2 2 2 2 2 2 2 2 2 2 2 2 2 2 2 2 2 2 2 2 2 2 2
left_child=2 4 -1 6 7 15 14 22 9 12 25 13 17 -9 26 28 -7 18 19 21 -21 -5 -2 -24 -10 -6 27 -3 29 -4
right_child=1 3 5 8 10 16 -8 11 24 -11 -12 -13 -14 -15 -16 -17 -18 -19 -20 20 -22 -23 23 -25 -26 -27 -28 -29 -30 -31
leaf_value=-0.051977831264374635 -0.0059823537980484356 0.015199632160435118 -0.035747527295877914 0.030871834305519805 0.020272262788300112 -0.022355076951378366 0.026709768686969261 -0.010401259928335283 0.011408127024205898 0.050822545544875856 0.052276449912555659 -0.055696855664858103 0.039947933604513687 -0.05493616856120466 -0.0091023303554092945 0.017504797152718219 -0.042613457025909282 0.031930574533134325 0.035103017366215232 -0.056061297230937494 0.013312070081862507 -0.048243077847903729 0.005453800411960725 0.03450884770763691 -0.046881963526553043 -0.034434053814212516 0.032492122180799936 -0.0056877992966010496 -0.0033878633068149828 0.020436739069016205
leaf_weight=1202.8970370690076 135.63093932281481 368.54165001865476 46.7031407035538 44.139442792162299 64.812426856427919 88.928504316514591 848.01621654909104 206.00845386108267 52.112817123066634 180.56274459324777 45.52037071774248 24.328924854125944 518.60842002229765 16.730739366379566 53.291999361477792 32.421031253732508 160.73126476026664 348.39567600004375 50.55042921518907 17.187494849320505 10.322525701718403 4.7738597011193624 130.46356802119408 32.335115294205025 7.0535607455531126 7.7526090858009402 53.922675584908575 59.395915655069984 74.024184465175495 7.0599544706637962
leaf_count=862486 8020 4712 13187 207 1849 30300 2740 23773 1138 252 160 9482 1102 3481 2137 2720 81157 1451 263 343 87 76 5512 458 870 2341 390 1141 11528 687
internal_value=0 0.0221218 -0.0449971 0.0277217 3.86492e-05 -0.0245099 0.0210973 -0.00623456 0.0351485 0.0366945 0.0290178 -0.0178773 0.034128 -0.0137464 0.0122037 -0.0075433 -0.0353974 0.0277787 0.0163868 0.0040069 -0.0300305 0.0231503 0.00340441 0.0112247 0.00445903 0.0144276 0.0145601 0.0123005 -0.0138983 -0.0283696
internal_weight=0 3280.46 1612.77 2616.88 663.583 409.868 1383.17 545.498 1233.71 1174.54 118.085 247.068 993.978 222.739 535.152 160.208 249.66 475.369 126.974 76.4233 27.51 48.9133 298.43 162.799 59.1664 72.565 481.86 427.938 127.787 53.7631
internal_count=1074050 71985 1002065 16909 55076 139579 11120 50726 5789 3781 4350 36736 3529 27254 8380 28122 111457 2427 976 713 430 283 13990 5970 2008 4190 6243 5853 25402 13874
is_linear=0
shrinkage=0.05


Tree=32
num_leaves=31
num_cat=0
split_feature=0 0 101 40 0 57 0 68 80 81 85 106 40 105 81 36 105 0 105 72 40 70 68 102 40 60 77 82 93 95
split_gain=1838.51 191.598 78.6227 54.8985 45.9305 40.1379 27.4287 19.3572 16.4916 16.3322 15.4842 11.7976 11.4809 11.0509 10.9472 10.1837 10.6055 8.79611 8.79243 8.71999 8.69549 11.5269 8.96936 8.71705 8.43753 9.12313 8.11641 12.9499 7.84737 7.8193
threshold=0.37969951586789719 0.021498946223343005 15.500000000000002 7.5000000000000009 0.7740980979447657 86.500000000000014 0.86620967868038068 0.048749500000000008 0.013634500000000003 0.027145000000000002 4.083333333335001 0.028583000000000004 5589.0000000000009 11.083333333350001 0.046275500000000004 2648.5000000000005 5.3666666666650009 0.0088049481694041625 9.0833333333350019 1.0000000180025095e-35 1758.5000000000002 6.083333333335001 0.089498000000000008 49.500000000000007 336.50000000000006 1.0000000180025095e-35 0.012722000000000002 5.5000000000000009 0.10030700000000002 6.5000000000000009
decision_type=2 2 2 2 2 2 2 2 2 2 2 2 2 2 2 2 2 2 2 2 2 2 2 2 2 2 2 2 2 2
left_child=1 17 3 6 12 7 11 8 -3 10 -6 18 15 26 24 16 -4 -1 -2 -17 21 -5 23 -23 25 -10 28 -28 -8 -19
right_child=2 5 4 20 9 -7 13 -9 14 -11 -12 -13 -14 -15 -16 19 -18 29 -20 -21 -22 22 -24 -25 -26 -27 27 -29 -30 -31
leaf_value=-0.052172192987156453 -0.0032260287563551128 -0.048262524046363831 -0.023846813041862831 0.043592029518596968 0.020698553728108117 -0.043162713573032335 0.020557663386219636 0.043305619855867956 -0.012220790277379087 0.025006623133335973 -0.0066463750585293944 0.028395063849275579 0.048250621882878583 0.032412651792314527 -0.00070566286500127918 -0.055217557392894794 0.0029970274062664803 -0.0036811114946296341 0.015015701516172512 -0.010836034497055828 0.052145529048597344 0.001836529536138059 0.057145113348227999 0.030047968911800751 0.02355904716485438 -0.033934328098436509 0.038853485805747094 -0.035734271076467289 -0.027840650802446187 -0.042625851943723814
leaf_weight=1116.5730552039167 123.80869771930156 29.251255240233149 51.39712981833145 342.2048975052312 106.46500458661467 112.76737763480924 442.75150350201875 16.429016605776269 160.39206084568286 361.63800591579638 100.77029810077511 80.150354509241879 8.8193862198386324 591.48559897625819 196.09426916237862 20.55503071975545 129.50497108028503 14.946259548698434 141.61242924246471 23.978333593549905 142.74546367803123 35.439525928813964 22.900524478405714 120.4269960403617 12.409032349067273 69.26630498249142 105.05935039464384 6.160541749559342 8.536849342286585 93.626082954171579
leaf_count=836838 5989 10295 3764 804 643 50708 2564 154 31481 1766 2183 1002 91 2044 23165 4209 4889 6243 3516 2752 270 257 30 1037 1235 18507 346 41 37 57190
internal_value=0 -0.0395356 0.0242799 0.0292397 0.0109204 -0.0162992 0.0239406 -0.0100382 -0.0119132 0.0185933 0.0074018 0.0115833 -0.00771303 0.0276411 -0.00948658 -0.00990242 -0.00462973 -0.0508511 0.00650664 -0.031321 0.0412122 0.0382165 0.0279264 0.0236335 -0.0165998 -0.0187697 0.0226237 0.034722 0.0196421 -0.0372647
internal_weight=0 1821.75 2966.41 2163.28 803.128 596.609 1499.57 483.842 467.413 568.873 207.235 345.571 234.255 1153.99 438.162 225.435 180.902 1225.15 265.421 44.5334 663.717 520.972 178.767 155.867 242.067 229.658 562.508 111.22 451.288 108.572
internal_count=1074050 1035816 38234 17937 20297 135545 15539 84837 84683 4592 2826 10507 15705 5032 74388 15614 8653 900271 9505 6961 2398 2128 1324 1294 51223 49988 2988 387 2601 63433
is_linear=0
shrinkage=0.05


Tree=33
num_leaves=31
num_cat=0
split_feature=0 0 0 88 40 70 85 101 0 40 0 85 85 105 36 40 36 98 40 105 2 99 80 59 80 102 105 80 36 44
split_gain=1738.57 171.405 72.0416 69.1562 46.9146 32.5042 26.7066 23.1398 17.594 13.4677 11.8388 12.0544 11.435 11.2758 13.1775 10.608 9.85176 9.16793 9.01785 8.83526 8.76908 8.53064 8.42672 8.15749 8.07706 7.85595 7.59448 7.00105 15.5569 7.90205
threshold=0.11665055024126079 0.7740980979447657 0.012339227772512141 0.019188000000000004 3.5000000000000004 1420.5000000000002 5.708333333335001 7.5000000000000009 0.94875966535953815 3.5000000000000004 0.94875966535953815 5.708333333335001 11.900000000000002 5.3666666666650009 3800.5000000000005 13.500000000000002 1131.5000000000002 2.5000000000000004 542.50000000000011 9.5500000000000025 593143.50000000012 7.5000000000000009 0.080539500000000014 0.0017535000000000003 0.028824500000000006 8.5000000000000018 35.708333333350005 0.89367850000000015 2889.5000000000005 1.0000000180025095e-35
decision_type=2 2 2 2 2 2 2 2 2 2 2 2 2 2 2 2 2 2 2 2 2 2 2 2 2 2 2 2 2 2
left_child=2 3 -1 5 8 7 15 9 12 19 11 -6 26 21 24 16 -4 -16 -13 -2 -5 25 -11 -21 -15 -9 -3 -8 -29 -30
right_child=1 4 6 20 10 -7 27 13 -10 22 -12 18 -14 14 17 -17 -18 -19 -20 23 -22 -23 -24 -25 -26 -27 -28 28 29 -31
leaf_value=-0.051589825792980874 -0.0062225912768305164 0.016097491317329193 -0.025650553738992134 0.047582719223115424 0.035733064081835887 -0.048831005270214271 -0.041731448110077549 -0.047379194860932013 0.026640467087305636 0.005312530294558652 0.043573513889970564 0.00033303085903448526 -0.0030645383477806419 -0.01928875291453816 -0.044907142964413421 0.025146690358713704 0.0024128674535579173 0.022478015955985076 0.037482847748462146 0.0043128426341499581 0.017755346455459207 -0.037150259312318072 0.036591566758860342 0.032369270052204933 0.003966484216502586 0.0059677640592756603 0.035551591208252291 0.032203643258902133 -0.050372434855006025 0.067226882035164304
leaf_weight=1108.1701971535804 148.87257148473873 441.18515033833683 80.224729766196106 78.29108711774461 287.04204145027325 37.566243444671272 165.52642136043869 9.0354963278514315 996.56663005286828 35.366521876654588 406.83463019412011 48.078580954461358 71.571905484772287 46.536441749500227 29.366112231597072 19.121476027183235 51.25243955879705 6.0952575323753981 24.741765863262117 103.45447549055098 35.959083533613011 57.070815132261487 55.046811090054689 34.563550255727023 188.9003393377352 29.214514206454623 56.602966877166182 10.927206069929527 19.097144795145145 1.5439551354793355
leaf_count=862486 11843 4470 20469 230 822 14440 85752 906 3273 1430 802 789 2041 4718 6424 1258 8649 262 92 5080 403 10157 1613 738 11828 1547 317 1948 9124 139
internal_value=0 0.020458 -0.0453597 0.00186082 0.0275962 -0.00345377 -0.025503 -0.0011611 0.0226345 0.00752905 0.03773 0.0311238 0.0156227 -0.0101143 -0.00490996 -0.00965016 -0.0147109 -0.0333247 0.0129552 0.00222596 0.0381949 -0.0249048 0.0243563 0.011339 -0.000630147 -0.00663396 0.0183096 -0.0376161 -0.0160376 -0.041576
internal_weight=0 3227.96 1455.86 895.339 2332.62 781.089 347.693 743.523 1565.93 377.304 766.697 359.862 569.36 366.219 270.898 150.599 131.477 35.4614 72.8203 286.891 114.25 95.3208 90.4133 138.018 235.437 38.25 497.788 197.095 31.5683 20.6411
internal_count=1074050 84225 989825 71619 12606 70986 127339 56546 10101 20704 2505 1703 6828 35842 23232 30376 29118 6686 881 17661 633 12610 3043 5818 16546 2453 4787 96963 11211 9263
is_linear=0
shrinkage=0.05


Tree=34
num_leaves=31
num_cat=0
split_feature=0 0 0 40 106 0 85 65 70 81 107 68 94 0 40 106 72 90 36 101 46 87 3 105 105 36 40 106 3 96
split_gain=1635.13 160.726 70.2167 58.2282 37.9532 37.2555 25.2627 21.2341 18.0595 15.6343 12.1634 11.6224 11.6174 11.1934 9.86865 9.56254 8.99942 8.99549 8.95693 8.53766 9.10971 8.31826 8.15461 7.97493 7.94737 7.60629 7.51159 7.17145 6.99066 9.85585
threshold=0.11665055024126079 0.60678019017954943 0.012339227772512141 2.5000000000000004 0.024791000000000004 0.94875966535953815 5.708333333335001 1.0000000180025095e-35 1921.5000000000002 0.044466000000000006 394.50000000000006 0.086694000000000007 0.58333333333350013 0.86620967868038068 13.500000000000002 0.041095000000000007 8.5000000000000018 2182.5000000000005 1131.5000000000002 7.5000000000000009 1.0000000180025095e-35 7.5000000000000009 3321.0000000000005 4.4500000000000011 6.7750000000000012 104.50000000000001 469.50000000000006 0.058927000000000007 146963.00000000003 0.077132500000000007
decision_type=2 2 2 2 2 2 2 2 2 2 2 2 2 2 2 2 2 2 2 2 2 2 2 2 2 2 2 2 2 2
left_child=2 4 -1 5 8 9 14 10 19 15 11 13 23 16 18 17 -5 24 -4 -2 22 -11 -21 27 25 -3 -9 -6 -7 -30
right_child=1 3 6 7 12 28 -8 26 -10 21 -12 -13 -14 -15 -16 -17 -18 -19 -20 20 -22 -23 -24 -25 -26 -27 -28 -29 29 -31
leaf_value=-0.051394006903555313 -0.0010382558821393048 0.030501101375621842 -0.025363420403635279 0.020602800737532404 -0.045690795378445538 0.029319018815554616 -0.037278584282506903 0.038881514539731571 -0.054152653992574774 0.021313750431861508 -0.036104892874446584 0.053897210347052173 0.051139193607307357 0.032074905720148768 0.023852706907398158 0.027863704046381717 -0.013170682297813914 -0.052668335762768907 0.0015812433470531583 -0.05619837071505112 0.015534492118431404 0.0054617486061231723 -0.016034862540695177 0.02099749530570344 0.0064726785434900047 -0.017928100038515825 0.053446669486942558 0.0096634759108344612 0.022739806969728722 -0.0095053071841780246
leaf_weight=1059.9611565843079 187.34459808372776 9.1373837986029667 77.968586206246982 128.32913383853156 9.6319888466678112 572.76999711478129 190.50583191990154 319.98538690269925 23.335540826272336 301.82948230532929 7.3181756763369767 42.289746904745698 24.440010529942811 300.52775337640196 19.045361423952272 31.722679804777727 23.306603922625072 8.2222863891511206 51.028672540385742 13.522295338771071 21.501094518374885 114.01918560627382 193.26520471050753 71.052031390019692 174.55767723929603 71.948257770971395 122.37316047772765 14.906555570429189 369.67081047128886 25.320893896743655
leaf_count=862486 15833 135 20469 1338 1075 1859 96963 869 11132 3020 889 60 59 972 1258 377 531 1347 8649 4320 1875 1687 25448 2105 3841 3009 185 906 1241 112
internal_value=0 0.0198031 -0.0450623 0.0249902 -0.00453915 0.0194045 -0.0252382 0.0349246 -0.0113518 0.0107183 0.0278841 0.0288312 0.0203757 0.0264868 -0.00974434 0.00192673 0.0154118 -0.00119149 -0.0147047 -0.00894879 -0.0154406 0.0169674 -0.0186612 0.0125103 0.000464164 -0.0124707 0.0429108 -0.0120645 0.02579 0.0206727
internal_weight=0 3182.33 1398.51 2623.33 558.999 1679.2 338.548 944.13 438.969 711.437 501.771 494.453 120.031 452.163 148.043 295.588 151.636 263.866 128.997 415.633 228.289 415.849 206.788 95.5906 255.643 81.0856 442.359 24.5385 967.762 394.992
internal_count=1074050 84225 989825 21472 62753 16628 127339 4844 58608 13416 3790 2901 4145 2841 30376 8709 1869 8332 29118 47476 31643 4707 29768 4086 6985 3144 1054 1981 3212 1353
is_linear=0
shrinkage=0.05


Tree=35
num_leaves=31
num_cat=0
split_feature=0 0 0 88 40 93 85 90 85 105 40 101 40 62 105 3 77 81 93 36 101 36 2 105 2 105 96 54 60 68
split_gain=1545.79 154.123 69.7656 65.2002 45.4847 29.6765 28.4816 21.4673 17.2684 16.76 15.6396 13.718 12.955 17.3297 12.658 12.2602 11.5509 11.544 10.9523 10.6374 9.6878 9.29057 9.27569 9.10679 9.03314 8.24555 8.15346 7.97982 7.88701 7.4516
threshold=0.11665055024126079 0.7740980979447657 0.0088049481694041625 0.019188000000000004 1.0000000180025095e-35 0.012067000000000003 5.708333333335001 2029.5000000000002 2.9166666666650003 6.083333333335001 1.0000000180025095e-35 11.500000000000002 20.500000000000004 3.5000000000000004 12.775000000000002 2646.5000000000005 0.017245000000000003 0.05796550000000001 0.012022000000000003 18470.500000000004 2.5000000000000004 15506.500000000002 2826.5000000000005 27.083333333350001 114529.50000000001 11.366666666650003 0.083427500000000016 12.500000000000002 1.5000000000000002 0.062324500000000012
decision_type=2 2 2 2 2 2 2 2 2 2 2 2 2 2 2 2 2 2 2 2 2 2 2 2 2 2 2 2 2 2
left_child=2 3 -1 5 9 7 17 14 -6 16 25 22 13 15 26 -10 24 -4 19 -16 -5 -13 -11 -15 27 -7 28 -3 -2 -24
right_child=1 4 6 20 8 10 -8 -9 12 11 -12 21 -14 23 18 -17 -18 -19 -20 -21 -22 -23 29 -25 -26 -27 -28 -29 -30 -31
leaf_value=-0.051662906577358836 -0.012789764372205234 0.012803725515938405 -0.022156073107006614 0.04522731488081666 0.041048424906235198 -0.0096413168006731151 -0.038114064246218333 -0.051511228121631038 -0.029858065095062565 0.034493529818025857 0.02183073937001976 0.013844834910863399 0.037464678064590293 0.025620141343612547 0.0055795806611281347 0.013757851508386116 0.029001098569127828 0.0051828705658175352 -0.070513666855536256 -0.047613668242917899 0.0095587049523068596 -0.073498198844133542 0.021393172109893888 0.052275413680479901 -0.012220847403085025 0.013257474640141577 0.02169691327369052 -0.048377309405283168 -0.033510862187695195 0.062118138625865939
leaf_weight=983.43521669464099 164.15575281596102 129.0662954072468 86.359806410197052 86.14121782919392 468.77183535695076 108.29419423878426 210.44163779211522 31.431461073065293 18.950942242168821 231.05998038291 127.61732494283933 255.01109628676204 218.78141882759519 168.32294771471061 178.52759005414555 107.54939481272595 53.282555693760514 69.839423270808766 5.2388018909550729 9.9208890869631414 24.437243849388324 3.0813572984188786 479.87464834249113 39.577838771045208 66.729868992755655 61.717426019633422 13.293822652020024 5.5592184439301482 63.759376586458529 11.5014920104295
leaf_count=836838 18080 1295 25033 268 1069 7742 116476 12745 505 790 3930 1763 814 819 12415 963 330 11478 546 2878 365 279 2635 103 1091 2011 581 127 10058 23
internal_value=0 0.0192803 -0.0447229 0.0014604 0.0261848 -0.00373366 -0.0261079 -0.0116065 0.033988 0.0197285 0.00860165 0.0226966 0.0280048 0.0218158 -0.00872249 0.00722378 0.00829942 -0.00993235 0.00079681 0.00277922 0.0373447 0.012802 0.0262315 0.0306945 0.00282135 -0.00132862 -0.0163664 0.0102773 -0.0185865 0.0223464
internal_weight=0 3131.66 1350.08 874.535 2257.12 763.957 366.641 466.328 1021.95 1235.17 297.629 980.529 553.183 334.401 434.896 126.5 254.638 156.199 193.687 188.448 110.578 258.092 722.436 207.901 201.355 170.012 241.209 134.626 227.915 491.376
internal_count=1074050 84225 989825 71619 12606 70986 152987 57303 4273 8333 13683 5490 3204 2390 44558 1468 2843 36511 15839 15293 633 2042 3448 922 2513 9753 28719 1422 28138 2658
is_linear=0
shrinkage=0.05


Tree=36
num_leaves=31
num_cat=0
split_feature=0 0 0 40 0 101 99 57 78 77 101 99 36 70 2 105 102 98 40 36 77 48 102 36 81 54 72 3 80 54
split_gain=1466.11 156.085 62.6883 60.6489 43.1703 27.4828 25.2224 22.2685 18.1668 16.0862 14.1485 12.4537 11.5738 11.0366 10.6804 9.99508 9.6046 8.26328 8.08635 8.48839 7.71711 7.68195 7.56608 7.5015 8.57409 7.89301 14.6233 7.52615 7.25994 12.7996
threshold=0.10563387865889716 0.53809039466125175 0.0088049481694041625 2.5000000000000004 0.94875966535953815 7.5000000000000009 8.5000000000000018 7.5000000000000009 0.030666000000000002 0.023390500000000005 1.5000000000000002 90.500000000000014 9603.5000000000018 130.29166666650005 1455534.0000000002 12.291666666650002 3.5000000000000004 2.5000000000000004 764.50000000000011 555.50000000000011 0.029255500000000004 306.50000000000006 496.50000000000006 1404.5000000000002 0.31096600000000002 1.5000000000000002 1.0000000180025095e-35 8.9884656743000007e+307 0.49069550000000006 1.0000000180025095e-35
decision_type=2 2 2 2 2 2 2 2 2 2 2 2 2 2 2 2 2 2 2 2 2 2 2 2 2 2 2 2 2 2
left_child=2 5 -1 4 9 8 14 10 21 11 13 15 28 -5 17 -3 -12 -4 19 -9 23 -2 -15 24 -6 -26 -27 -25 29 -7
right_child=1 3 6 7 20 12 -8 18 -10 -11 16 -13 -14 22 -16 -17 -18 -19 -20 -21 -22 -23 -24 27 25 26 -28 -29 -30 -31
leaf_value=-0.051505262218475616 0.0018595672899320394 0.0015464431808626543 -0.013562781565519783 0.042421079397445355 0.022261792464086889 -0.040171154351420484 -0.037517536724112621 0.024190214132818178 0.043020733704152984 0.025118123283065365 -0.042020820027321215 -0.022705932596009462 -0.049889657162416917 -0.066292712942764717 -0.043756207016906974 0.014721746424729468 0.028195829067818368 0.014630188254509832 0.03662161454910888 -0.025323474669886888 0.037924149009865994 -0.041287244176854823 0.021804461231982136 0.032674412920527064 -0.01596450695999679 -0.039569991029387741 0.040920013820065881 -0.0010506750917919625 0.0084125265577834722 -0.010912535433370087
leaf_weight=944.08077742685418 204.10719656245783 328.16563375736587 76.585309876580141 518.70780626055785 510.06121024210006 51.369158336572582 207.25257404342119 12.834560413844882 27.240692504448816 126.42723054229282 4.9483845084905616 36.68727087971638 27.321716625971021 2.5823124954476944 19.769568333344068 256.42864093746175 307.89307743962854 39.341299876876292 12.737740443495566 26.586698274826631 102.53173754736781 10.865216771431731 43.36269385390915 244.16075057722628 29.818274077028036 7.5688735423609641 22.175590515136719 17.744995705783367 27.978316761989845 137.24793383100769
leaf_count=836838 15552 7735 20645 1375 1902 14659 115236 204 131 1302 38 3725 10963 14 7127 3944 1584 5520 167 2287 283 4560 216 750 105 26 65 81 3260 13756
internal_value=0 0.0186369 -0.0448544 0.0234795 0.0178143 -0.00737686 -0.0265456 0.0337282 0.00455331 0.00886062 0.0356148 0.00555231 -0.0192237 0.0403406 -0.0097879 0.00732571 0.0270852 -0.00399511 0.00198776 -0.00920308 0.0249816 -0.000321175 0.016853 0.0233857 0.0201655 0.00221432 0.0204383 0.0303894 -0.0153554 -0.018881
internal_weight=0 3097.55 1287.03 2611.42 1681.77 486.13 342.949 929.653 242.213 747.709 877.494 621.282 243.917 564.653 135.696 584.594 312.841 115.927 52.159 39.4213 934.061 214.972 45.945 831.53 569.624 59.5627 29.7445 261.906 216.595 188.617
internal_count=1074050 88684 985366 25803 19918 62881 148528 5885 20243 16706 3227 15404 42638 1605 33292 11679 1622 26165 2658 2491 3212 20112 230 2929 2098 196 91 831 31675 28415
is_linear=0
shrinkage=0.05


Tree=37
num_leaves=31
num_cat=0
split_feature=0 0 0 88 40 93 99 0 70 40 81 105 85 77 105 80 93 2 94 36 101 2 105 55 98 70 64 72 2 70
split_gain=1387.21 151.983 61.7329 60.0106 41.7058 29.3927 22.9827 21.7663 20.3162 15.3087 12.6072 11.7063 11.0316 10.2949 11.5787 10.6674 9.71638 9.51267 9.44788 8.77437 8.67797 8.66987 8.28011 7.88849 7.83292 7.76684 7.3835 7.52719 9.49933 7.21034
threshold=0.10563387865889716 0.7740980979447657 0.0088049481694041625 0.019188000000000004 13.500000000000002 0.012067000000000003 8.5000000000000018 0.94875966535953815 1420.5000000000002 1.0000000180025095e-35 0.067282000000000008 12.775000000000002 4.3666666666650009 0.060070000000000005 6.083333333335001 0.032046000000000005 0.012022000000000003 1455534.0000000002 0.58333333333350013 18470.500000000004 7.5000000000000009 1694852.0000000002 27.083333333350001 1.0000000180025095e-35 2.5000000000000004 115.10000000000001 3.5000000000000004 10.500000000000002 335368.00000000006 63.100000000000009
decision_type=2 2 2 2 2 2 2 2 2 2 2 2 2 2 2 2 2 2 2 2 2 2 2 2 2 2 2 2 2 2
left_child=2 3 -1 5 7 8 17 10 11 20 12 25 26 14 15 -6 19 24 21 -13 -7 -5 23 -9 -4 -2 27 28 -3 -16
right_child=1 4 6 18 13 9 -8 22 -10 -11 -12 16 -14 -15 29 -17 -18 -19 -20 -21 -22 -23 -24 -25 -26 -27 -28 -29 -30 -31
leaf_value=-0.051359193765449757 -0.012247513224126167 0.028672652535267365 -0.014213980352876571 0.031026196618182983 -0.046970609011386735 0.0065801925818789733 -0.036922756162854661 0.022698957724891312 -0.049649324427211539 0.020949848984579432 0.020434416898367214 0.004045879249314605 -0.0056209173230897655 0.049283973759462127 0.041679682882227259 0.0218131248431098 -0.06798805395964487 -0.042954350106415996 0.049627414388416967 -0.046606616134386103 -0.016633959796634575 -0.019137589574127974 0.03597710491024915 0.042957556996971784 0.01327801230861461 -0.034955146618414416 -0.046354249840140735 -0.015504292122016358 0.00063884644092827511 0.020176862949592353
leaf_weight=905.10833881998406 191.66339444258483 98.671220027608797 75.73498938656121 38.324844811344519 6.1034301649779072 111.28829365802812 201.93624084894691 827.37762052775361 33.584056998690357 128.06159776626737 344.33701913105324 180.71967069139646 116.36367308232002 141.22045301180333 235.61248652124777 73.713369417237118 5.1449276213534167 19.048422150866827 56.950140290195122 8.9743374404642946 63.075124489550944 11.110351088631431 168.45658460631967 51.015255557373166 39.381509434242616 46.864039156207582 4.8345553940162054 16.58774124737829 43.55788993043825 46.715420586289838
leaf_count=836838 18266 831 20645 253 54 5563 115236 3021 15207 4139 2665 13031 3140 236 575 399 621 7127 122 2702 4756 274 426 124 5520 11144 93 270 530 242
internal_value=0 0.0181336 -0.0445642 0.000546799 0.0252163 -0.00432022 -0.0262654 0.0214161 -0.0121851 0.00782336 0.0140273 -0.00928182 0.00614838 0.0378333 0.033368 0.0165534 -0.000189321 -0.0102247 0.0357449 0.00164953 -0.00181741 0.0197521 0.0258229 0.0238755 -0.00480893 -0.0167089 0.0145169 0.0163699 0.0200873 0.0381217
internal_weight=0 3050.33 1241.21 875.761 2174.57 769.375 336.101 1671.2 466.95 302.425 624.352 433.366 280.015 503.365 362.145 79.8168 194.839 134.165 106.385 189.694 174.363 49.4352 1046.85 878.393 115.116 238.527 163.651 158.817 142.229 282.328
internal_count=1074050 88684 985366 76078 12606 75429 148528 11100 60971 14458 7529 45764 4864 1506 1270 453 16354 33292 649 15733 10319 527 3571 3145 26165 29410 1724 1631 1361 817
is_linear=0
shrinkage=0.05


Tree=38
num_leaves=31
num_cat=0
split_feature=0 0 40 0 40 101 81 99 65 106 105 57 0 59 101 80 105 36 76 101 101 69 81 57 36 77 85 36 2 2
split_gain=1308.44 137.61 66.8479 66.4082 37.8379 35.2117 24.9775 20.3471 16.5375 15.226 13.3955 10.7784 10.3531 10.0788 9.23446 9.14847 8.57531 8.39556 8.70063 7.94684 7.85809 7.83263 7.33967 7.31739 6.93573 6.66458 7.99682 7.96507 6.63994 6.58258
threshold=0.11665055024126079 0.86620967868038068 92.500000000000014 0.0088049481694041625 5.5000000000000009 7.5000000000000009 0.045607500000000002 86.500000000000014 1.0000000180025095e-35 0.029086500000000005 5.708333333335001 2.5000000000000004 0.26731028589363609 0.029691500000000003 11.500000000000002 0.12847600000000003 11.291666666650002 104.50000000000001 12.500000000000002 6.5000000000000009 3.5000000000000004 8.5000000000000018 0.090804500000000024 7.5000000000000009 318.50000000000006 0.038111000000000006 7.083333333335001 1560.5000000000002 4151.5000000000009 2826.5000000000005
decision_type=2 2 2 2 2 2 2 2 2 2 2 2 2 2 2 2 2 2 2 2 2 2 2 2 2 2 2 2 2 2
left_child=3 2 5 -1 10 9 13 12 11 16 17 -4 -7 19 29 -16 23 20 -19 -5 -3 -14 -13 -2 -8 26 -6 -28 -17 -12
right_child=1 4 8 6 25 7 24 -9 -10 -11 14 22 21 -15 15 28 -18 18 -20 -21 -22 -23 -24 -25 -26 -27 27 -29 -30 -31
leaf_value=-0.051213156984617064 0.00041045575364417446 0.045586772297045476 0.031978795496415711 -0.023774267195005916 0.036938474870939687 -0.026637115504376897 -0.047549393445569077 -0.035004090327956698 0.050870516208344721 0.023202580039970944 0.033029932722694097 -0.014110237562678429 -0.00012116678222904458 -0.0063693944891168447 0.018200388494618223 0.018979262704372113 0.011740623709457092 0.010667078265810278 -0.023646382209959974 -0.044569548282469201 -0.027317163491911756 -0.022462749524733611 0.033731137095538176 -0.025408260176867387 -0.001044061772841441 0.04600157571090336 -0.0015603538668533985 0.037322677104376693 -0.052295583527836101 0.023526004666538078
leaf_weight=866.47621758133755 179.2444989636424 26.233859286643568 67.688807513506617 67.446469430607976 304.66846374049783 54.479910249865497 8.7465991970529995 74.068597447956563 71.368444026447833 125.68907093600137 274.63576003862545 28.784055269890814 290.43951795483008 28.713757771503879 259.56008615437895 5.4397474960423997 162.06713305719313 182.68494870793074 20.552404269576073 144.08701723802369 4.3023788454011074 45.356531644298229 11.111824611434711 32.403809224400902 96.148216545436298 163.40621092543006 29.277071290183812 23.940865007694811 8.1832458060234767 541.2654518657364
leaf_count=836838 8736 120 485 29660 722 11328 3734 20786 194 2735 945 3408 11624 6985 1219 35 6700 1458 403 88715 37 3330 104 6494 23893 301 211 208 194 2448
internal_value=0 0.0177778 0.00414389 -0.0438253 0.0262258 -0.00106728 -0.0252782 -0.0109787 0.0322085 0.00814836 0.0217299 0.0198288 -0.00641908 -0.0341659 0.024061 0.0161042 0.00308528 0.01087 0.00719713 -0.0379391 0.035315 -0.00313888 -0.000785429 -0.00354244 -0.00492188 0.0376349 0.0338148 0.0159317 -0.0238351 0.0267251
internal_weight=0 2986.85 1142.7 1211.62 1844.15 963.749 345.142 464.345 178.953 499.405 1322.86 107.585 390.276 240.247 1089.08 273.183 373.715 233.774 203.237 211.533 30.5362 335.796 39.8959 211.648 104.895 521.293 357.886 53.2179 13.623 815.901
internal_count=1074050 84225 75924 989825 8301 71733 152987 47068 4191 24665 6859 3997 26282 125360 4841 1448 21930 2018 1861 118375 157 14954 3512 15230 27627 1442 1141 419 229 3393
is_linear=0
shrinkage=0.05


Tree=39
num_leaves=31
num_cat=0
split_feature=0 0 40 0 0 106 99 101 85 74 57 94 99 40 99 2 70 85 3 40 43 105 69 62 80 105 102 87 104 3
split_gain=1235.32 154.758 54.8664 46.8836 34.6696 31.8988 20.2908 17.1089 16.5249 16.37 12.6079 11.3638 11.256 9.49713 8.94423 8.56551 8.34043 8.0795 8.57744 8.02078 7.57385 7.31663 6.90374 6.85309 6.83423 7.2339 6.65063 6.55436 6.87223 6.51091
threshold=0.07939372682956107 0.60678019017954943 6.5000000000000009 0.0088049481694041625 0.94875966535953815 0.029086500000000005 8.5000000000000018 1.5000000000000002 87.166666666650016 1.0000000180025095e-35 2.5000000000000004 0.58333333333350013 82.500000000000014 13.500000000000002 8.5000000000000018 155571.50000000003 6.708333333335001 2.0833333333350006 146963.00000000003 10026.000000000002 33.500000000000007 2.7083333333350006 7.5000000000000009 26.500000000000004 0.021820500000000003 7.7750000000000012 9.5000000000000018 6.5000000000000009 0.031230500000000005 22458.000000000004
decision_type=2 2 2 2 2 2 2 2 2 2 2 2 2 2 2 2 2 2 2 2 2 2 2 2 2 2 2 2 2 2
left_child=3 5 4 -1 7 8 24 22 13 10 15 -7 21 -2 26 27 -11 -6 -19 -16 23 -9 -3 -20 -5 -26 -12 -4 -29 -27
right_child=1 2 9 6 17 11 -8 12 -10 16 14 -13 -14 -15 19 -17 -18 18 20 -21 -22 -23 -24 -25 25 29 -28 28 -30 -31
leaf_value=-0.0510841375046222 -0.01079236723133311 0.021031662047571759 0.046298562443807624 -0.049960351186985857 0.036943188553173537 0.0097549346179740884 -0.038256218825279992 -0.02921448923925013 -0.032314250362382821 0.020117214226597468 -0.0012517029432174745 0.049470770832692509 -0.029180155274817501 0.011222475454594809 0.0042865964811427603 0.029258991146639119 -0.03043546832625791 0.026192770864262784 0.015030044625074297 0.054290703961166392 -0.039512373312487185 0.0059773541505738128 0.0043089813700815721 0.044453745955823749 -0.023044631267816227 -0.048016965396846828 0.040790690128073043 -0.03328533180102651 0.032686299608418588 0.0096971373483784248
leaf_weight=830.35250686130894 341.93208761593269 278.66941688864608 316.12859435193241 10.003942829964215 103.75305461883545 92.975174559775041 167.68060251192946 15.41643615812063 81.742318863456603 20.861778734717518 10.945043752901254 22.338141895132139 26.602273417403921 57.181824172221241 64.103139091253979 146.30703578237444 13.399682170129379 517.50035898457281 306.02243490470573 9.1661684885621053 6.052913734689354 351.98008994371048 79.275614115642384 21.157547641545534 39.97239401396655 5.3731975746195522 66.91694784257561 4.2883914229460052 49.66130005614832 53.974552268438856
leaf_count=836838 39719 3748 691 4707 299 4783 105202 553 31315 111 51 60 2630 4276 1248 470 452 1859 1157 24 41 6089 1599 57 14086 1755 218 27 148 9837
internal_value=0 0.0166385 0.0222847 -0.0451419 0.0174448 -0.00616926 -0.0273294 0.00941526 -0.011833 0.0340532 0.0357832 0.0174486 0.00222657 -0.00763826 0.0230813 0.0395007 0.000346023 0.0237705 0.022164 0.0105422 0.0159075 0.00450066 0.017328 0.0169328 -0.01057 -0.00660244 0.0348808 0.0435497 0.0274423 0.00447185
internal_weight=0 3004.38 2408.21 1107.36 1706.43 596.17 277.005 751.944 480.856 701.778 667.517 115.313 393.999 399.114 151.131 516.385 34.2615 954.486 850.733 73.2693 333.233 367.397 357.945 327.18 109.324 99.3201 77.862 370.078 53.9497 59.3477
internal_count=1074050 101625 21472 972425 18032 80153 135587 14619 75310 3440 2877 4843 9272 43995 1541 1336 563 3413 3114 1272 1255 6642 5347 1214 30385 25678 269 866 175 11592
is_linear=0
shrinkage=0.05


Tree=40
num_leaves=31
num_cat=0
split_feature=0 0 40 40 0 0 85 99 65 81 101 93 105 102 77 95 2 48 102 44 101 85 3 102 105 69 69 40 60 81
split_gain=1167.95 152.324 47.5276 42.8119 41.5188 26.5576 22.5016 16.1558 15.4974 13.2942 13.0335 11.1234 10.16 9.76506 8.82239 8.59333 8.52715 8.48141 8.3365 8.01544 7.52593 7.49945 8.28202 7.47622 7.47257 7.20639 7.18952 7.02016 6.811 6.7929
threshold=0.072661120000328969 0.68981449621504665 7.5000000000000009 40.500000000000007 0.0088049481694041625 0.94875966535953815 8.9000000000000021 8.5000000000000018 1.0000000180025095e-35 0.067282000000000008 4.5000000000000009 0.0056575000000000011 28.550000000000004 564.50000000000011 0.055653500000000009 2155.5000000000005 1567682.0000000002 97.500000000000014 814.50000000000011 1.0000000180025095e-35 4.5000000000000009 2.0833333333350006 146963.00000000003 3.5000000000000004 4.2916666666650007 9.5000000000000018 8.5000000000000018 1.0000000180025095e-35 1.0000000180025095e-35 0.14319500000000004
decision_type=2 2 2 2 2 2 2 2 2 2 2 2 2 2 2 2 2 2 2 2 2 2 2 2 2 2 2 2 2 2
left_child=4 3 5 6 -1 9 11 16 17 15 18 28 14 20 24 26 29 -5 -4 -15 27 -7 -23 -12 -11 -25 -3 -8 -2 -6
right_child=1 2 10 8 7 21 13 -9 -10 12 23 -13 -14 19 -16 -17 -18 -19 -20 -21 -22 22 -24 25 -26 -27 -28 -29 -30 -31
leaf_value=-0.050946600512428213 -0.0054407797668499756 0.00741512178281588 0.040490569233949898 0.016672637589702145 -0.014661967479787333 0.035655474160963006 -0.014875050444446201 -0.037816969633316322 0.049075985395477584 -0.014188711106170569 -0.089768709511659023 0.0051584953201395094 0.035960133780204476 -0.042913511742414895 0.035461218574871722 -0.047991974009236577 -0.051440028283835176 -0.036887462422404586 0.0086696395612170449 0.052998094747690933 -0.023721138769264672 0.025651665793849462 0.015496501762846854 0.025338471342484056 0.01290341936073431 -0.043568400119499882 -0.014142788188693592 0.023096525794535246 -0.027046675303668971 0.017518286578072816
leaf_weight=795.09266228826164 131.10808343639656 264.74955807329388 415.79975241469219 64.946083136863308 65.70101238929783 109.23353074584156 31.016919695015531 156.62290559427493 40.632584844774101 28.620235329843126 1.4600784573703993 226.43603911610262 58.975836989469826 58.361056457666564 38.841715512797236 8.071585945930563 12.081686050165443 8.340606416546505 21.654424429987557 2.262796024180715 96.288024379769922 520.64633927540854 326.78717537643388 174.05265495332424 229.92882860195823 3.8788665523752561 45.29072702745907 20.034551764751086 50.535524720675312 21.85363075514033
leaf_count=836838 10967 5014 1092 3021 20560 308 5097 101901 199 604 16 12295 300 24400 173 1039 6005 4047 178 229 20544 1885 1261 1115 2414 112 1398 1806 6346 2886
internal_value=0 0.015995 0.0224388 -0.00384965 -0.0453057 0.017968 -0.00905674 -0.0278037 0.0243088 0.0103698 0.0342612 -0.00223505 0.017002 -0.0224427 0.0132424 0.00293998 -0.0120634 0.0105771 0.0389154 -0.0393336 -0.0154929 0.023325 0.0217356 0.0229117 0.00990444 0.0238363 0.00426594 2.64497e-05 -0.0114518 -0.00662978
internal_weight=0 2977.95 2247.99 729.962 1051.35 1631.15 616.043 256.259 113.919 674.478 616.846 408.08 356.367 207.963 297.391 318.112 99.6363 73.2867 437.454 60.6239 147.339 956.667 847.434 179.392 258.549 177.932 310.04 51.0515 181.644 87.5546
internal_count=1074050 105860 16909 88951 968190 14396 81684 131352 7267 10942 2513 29608 3491 52076 3191 7451 29451 7068 1270 24629 27447 3454 3146 1243 3018 1227 6412 6903 17313 23446
is_linear=0
shrinkage=0.05


Tree=41
num_leaves=31
num_cat=0
split_feature=0 0 88 40 0 101 40 101 36 81 36 105 105 2 101 2 57 40 85 104 69 36 105 48 95 36 3 105 80 2
split_gain=1097.7 148.429 53.6663 41.913 41.2568 27.4747 20.2843 18.2572 16.3922 15.3517 12.3436 12.1928 10.1239 9.89486 8.99215 8.81287 8.52834 8.3556 11.9475 9.95731 8.05357 8.02555 7.75905 7.58596 7.16333 10.1128 9.68605 6.60004 6.58915 7.85131
threshold=0.072661120000328969 0.7740980979447657 0.019188000000000004 13.500000000000002 0.0088049481694041625 15.500000000000002 3.5000000000000004 11.500000000000002 3800.5000000000005 0.045607500000000002 15506.500000000002 6.2916666666650007 12.708333333350001 593143.50000000012 6.5000000000000009 16153.500000000002 84.500000000000014 412.50000000000006 7.083333333335001 0.058644500000000009 8.5000000000000018 104.50000000000001 36.550000000000004 485.50000000000006 424.50000000000006 1638.5000000000002 157831.50000000003 8.0833333333350019 0.080539500000000014 281246.00000000006
decision_type=2 2 2 2 2 2 2 2 2 2 2 2 2 2 2 2 2 2 2 2 2 2 2 2 2 2 2 2 2 2
left_child=4 2 5 7 -1 6 12 11 20 14 16 21 -2 -4 -6 24 22 18 19 -5 -7 -3 -9 28 -13 26 27 -26 29 -8
right_child=1 3 13 17 9 8 23 10 -10 -11 -12 15 -14 -15 -16 -17 -18 -19 -20 -21 -22 -23 -24 -25 25 -27 -28 -29 -30 -31
leaf_value=-0.050796184698054296 -0.010298870389843008 0.034854828384448353 0.043208037717677478 0.027504656979520394 -0.019490081855270344 -0.0080234494681803836 0.020383201244885307 0.0098436358243729483 -0.038693719727572545 -0.0081025042272373209 -0.072114898764616284 0.031658337924467719 0.0080196799677958105 0.0096029105475476592 -0.043360914186667515 0.019665828514018699 -0.036866229593773593 0.045175164869590938 0.001518084667157628 0.047777552505075219 -0.033202052449673163 0.0090778279114083656 0.031855117063802736 -0.051546899259470515 0.042862746183561826 0.031668698685481965 0.067874420324037385 -0.041365831407762121 0.035904361454212712 -0.032628193619823602
leaf_weight=759.10756614655111 201.51850140748138 35.04638798860833 69.874222315207589 175.05730976257473 59.407546952126722 267.79854701917793 36.265033400355605 376.30276490980759 64.889641294292232 73.102408584330988 4.4971886720741159 435.8992194456514 120.53747739826213 31.907360857730964 117.44778116339876 408.11444272752851 9.0517438657116127 164.46894856286235 30.557136123650707 92.612461334094405 36.031997988160583 218.18358102045022 44.80258912028512 3.3965403508918817 2.7430127179250183 26.78423059580382 3.04378100298345 15.290171557106076 55.775648509559687 8.6507689559948613
leaf_count=836838 20994 205 244 514 28612 30881 1541 3119 22072 23884 482 1797 7169 455 78856 2281 429 399 400 193 6084 2225 263 1718 17 155 6 121 1566 530
internal_value=0 0.0154478 -0.00151073 0.0228926 -0.0449947 -0.00588795 0.00275894 0.0190163 -0.0158815 -0.0273759 0.0102918 0.0223279 -0.0034427 0.0326732 -0.0353425 0.0250771 0.0111533 0.0361274 0.0311376 0.034519 -0.0110094 0.0126453 0.0121855 0.0219473 0.0296422 0.0112805 -0.0146284 -0.0285539 0.0244264 0.0101732
internal_weight=0 2939.1 896.646 2042.45 1009.07 794.864 426.144 1579.76 368.72 249.958 434.654 1145.1 322.056 101.782 176.855 891.875 430.157 462.696 298.227 267.67 303.831 253.23 421.105 104.088 483.76 47.8612 21.077 18.0332 100.691 44.9158
internal_count=1074050 105860 93254 12606 968190 92555 33518 11100 59037 131352 4293 6807 28163 699 107468 4377 3811 1506 1107 707 36965 2430 3382 5355 2096 299 144 138 3637 2071
is_linear=0
shrinkage=0.05


Tree=42
num_leaves=31
num_cat=0
split_feature=0 0 94 0 40 101 40 99 0 87 107 76 77 40 105 40 105 105 105 100 3 93 36 36 104 104 105 102 2 72
split_gain=1039.61 137.584 48.363 44.981 40.33 30.4856 21.0234 17.5523 16.6708 16.5487 14.1485 13.1867 9.10389 9.08196 10.7406 9.01084 8.74167 7.80378 7.58943 8.24459 7.4473 9.76279 7.1377 7.1199 7.06257 9.28223 7.24067 7.02647 7.49887 7.74198
threshold=0.07939372682956107 0.7740980979447657 0.58333333333350013 0.0088049481694041625 1.0000000180025095e-35 7.5000000000000009 3.5000000000000004 8.5000000000000018 0.94875966535953815 9.5000000000000018 234.50000000000003 7.5000000000000009 0.072560500000000014 412.50000000000006 20.100000000000005 1758.5000000000002 5.3666666666650009 12.708333333350001 6.083333333335001 4.5000000000000009 21284.000000000004 0.028647500000000003 3677.5000000000005 74.500000000000014 0.072543500000000025 0.18834450000000003 18.550000000000004 814.50000000000011 415276.50000000006 17.500000000000004
decision_type=2 2 2 2 2 2 2 2 2 2 2 2 2 2 2 2 2 2 2 2 2 2 2 2 2 2 2 2 2 2
left_child=3 2 5 -1 8 6 17 -5 -3 11 15 13 27 14 24 16 -7 -2 23 -20 21 -11 -18 -10 26 -26 -6 28 29 -13
right_child=1 4 -4 7 9 10 -8 -9 18 20 -12 12 -14 -15 -16 -17 22 -19 19 -21 -22 -23 -24 -25 25 -27 -28 -29 -30 -31
leaf_value=-0.050643954461063137 -0.008135046585135133 0.0078581946438938868 0.044657514119585774 -0.01054811815826074 0.023439788323998977 -0.026381436993936282 0.023298466666846086 -0.03707721694283822 0.042775695593173617 -0.046549051109642199 -0.040142554841122564 0.023657718665554453 0.052060017984183471 0.045345655657130154 0.041548714835518835 0.024930488766907566 -0.0043737748904086899 0.0085580798158066736 0.021612587191524462 0.048633567900988703 0.020639950786887823 0.016777224651730049 -0.027410420987789348 0.0053406508385696163 0.037947721806773249 -0.020772571433586143 -0.035273429617708255 -0.042936219376224403 -0.037425581552063131 -0.052555742580127733
leaf_weight=728.34156871087907 186.44570117635885 399.9719908227562 53.462448447826318 104.41389978252118 275.39927429147065 85.768367082957411 114.94669203771628 154.7622985385533 14.302730254828928 13.080257063731553 46.410667576943524 41.028213339857757 11.481689915060995 141.5730496281758 182.02510844636708 16.813036953622941 216.94346093708009 112.1092895224574 563.68059254111722 29.718039287254214 28.125372363720089 11.382380270864813 39.792329763979069 113.45865436736494 155.75396675430238 7.0339407399296752 5.353127825073897 7.1855699754087246 7.2285972856916478 3.6267321351915589
leaf_count=836838 18196 5593 126 30385 1116 11848 4757 105202 53 306 20112 452 30 296 453 508 18814 6205 1888 83 179 114 8453 716 508 35 39 524 113 108
internal_value=0 0.0151609 -0.00141847 -0.0442783 0.0223542 -0.00442536 0.00512882 -0.0263895 0.0160451 0.0302993 -0.0141626 0.0320074 0.0113211 0.0339098 0.0313217 -0.0108069 -0.0125612 -0.00186667 0.0205858 0.0229658 0.00309191 -0.0170836 -0.0079443 0.00953146 0.0271246 0.0354105 0.0223203 0.00340233 0.00981995 0.0174679
internal_weight=0 2884.1 872.692 987.518 2011.41 819.23 413.502 259.176 1121.13 890.277 405.728 837.689 70.5508 767.138 625.565 359.317 342.504 298.555 721.16 593.399 52.588 24.4626 256.736 127.761 443.54 162.788 280.752 59.0691 51.8835 44.6549
internal_count=1074050 101625 89019 972425 12606 88893 29158 135587 8333 4273 59735 3674 1227 2447 2151 39623 39115 24401 2740 1971 599 420 27267 769 1698 543 1155 1197 673 560
is_linear=0
shrinkage=0.05


Tree=43
num_leaves=31
num_cat=0
split_feature=0 0 40 0 40 85 65 81 106 105 101 99 36 80 80 85 93 77 88 50 105 106 74 3 50 101 105 2 62 85
split_gain=985.292 136.008 58.5965 40.6442 36.6057 29.3643 18.4392 14.9891 14.0676 12.0352 11.0244 10.7228 10.7156 10.6872 10.3376 9.63814 8.85165 8.22085 7.74725 7.49223 9.16628 7.64159 7.11778 7.35136 7.28877 6.97527 6.75513 6.56103 10.4311 10.0338
threshold=0.072661120000328969 0.86620967868038068 38.500000000000007 0.0088049481694041625 5.5000000000000009 8.9000000000000021 1.0000000180025095e-35 0.13770850000000004 0.029086500000000005 8.3666666666650027 6.5000000000000009 129.50000000000003 7592.5000000000009 0.091939000000000007 0.49069550000000006 145.25000000000003 0.051815000000000007 0.066273500000000027 0.085786000000000015 1.0000000180025095e-35 3.7750000000000004 0.068101500000000023 1.0000000180025095e-35 230577.50000000003 1.0000000180025095e-35 1.5000000000000002 45.100000000000009 2463.5000000000005 5.5000000000000009 3.7750000000000004
decision_type=2 2 2 2 2 2 2 2 2 2 2 2 2 2 2 2 2 2 2 2 2 2 2 2 2 2 2 2 2 2
left_child=3 2 5 -1 9 8 11 10 13 -3 -5 22 14 26 15 18 -9 27 -7 20 21 -10 23 -4 -25 -6 -2 29 -29 -11
right_child=1 4 6 7 25 12 -8 16 19 17 -12 -13 -14 -15 -16 -17 -18 -19 -20 -21 -22 -23 -24 24 -26 -27 -28 28 -30 -31
leaf_value=-0.050515874666863581 -0.0090936421644022252 0.012352442896310521 0.034021778841193957 -0.016350493779264438 0.040005127387873485 -0.015532011663369476 0.043443239163759785 0.018015988355919652 -0.046693348199867923 0.038176345555254079 -0.040451393546567072 -0.037550559682910142 -0.041418301867312948 0.0084383479158113266 0.0065726165734437394 -0.044466309819903058 -0.041340702511646656 0.048618456076004415 0.067200190901020529 0.035057496262250638 0.015984240882821851 0.014866918377255234 -0.024802826348037477 0.0012913444618460927 0.043528548322649574 0.02705474626106822 0.016419518160770748 0.013931381244186442 0.028586912250205529 0.017031565921132134
leaf_weight=698.8495878688118 326.54799259523861 427.9061656902777 55.007693328036112 74.038256228253886 306.2402259237133 150.42477862758096 81.38915058929706 26.245303257732303 12.093493154534373 127.57240375224501 132.12363559685764 9.5734344130614755 40.901280432699423 161.84405838002567 49.645555844603223 31.191067563864635 8.2569744501088262 29.537250073626637 2.8839368987828484 36.467881023068912 86.401926101301797 8.644430195912717 9.3356521550449525 53.817505050683394 12.606885293032972 157.42761048674583 28.183731120356242 366.93742855684832 181.45383645873517 100.14816631283611
leaf_count=836838 21557 3237 1166 34597 801 20455 316 4711 1333 366 88528 4075 17406 6392 5451 12385 3516 73 5 456 2276 384 734 1738 76 641 1354 1944 769 470
internal_value=0 0.0146195 0.00139979 -0.044413 0.0236311 -0.0040792 0.0245094 -0.0266914 0.00163942 0.0191291 -0.0317961 0.013529 -0.0178054 -0.00220887 -0.0136806 -0.0191304 0.00381094 0.0227284 -0.0139757 0.0154823 0.00881931 -0.0210325 0.0172685 0.0205029 0.00930767 0.0356081 -0.0070666 0.0217431 0.0187807 0.0288772
internal_weight=0 2854.18 1156.96 939.514 1697.22 935.23 221.73 240.664 660.184 1233.56 206.162 140.341 275.047 516.576 234.145 184.5 34.5023 805.649 153.309 143.608 107.14 20.7379 130.768 121.432 66.4244 463.668 354.732 776.112 548.391 227.721
internal_count=1074050 105860 97559 968190 8301 89454 8105 131352 33752 6859 123125 7789 55702 29303 38296 32845 8227 3622 20460 4449 3993 1717 3714 2980 1814 1442 22911 3549 2713 836
is_linear=0
shrinkage=0.05


Tree=44
num_leaves=31
num_cat=0
split_feature=0 0 40 0 0 106 101 85 76 40 54 107 72 105 40 101 77 40 0 105 106 105 81 40 2 87 81 105 93 3
split_gain=929.157 130.029 49.3468 40.3589 30.0049 28.0932 25.8196 14.4218 13.7778 12.5375 12.8483 12.5045 10.6934 10.6534 10.246 9.02865 8.77532 8.68361 8.95017 8.66126 9.32666 7.50902 7.42898 7.22266 7.10215 8.80069 7.04783 6.87044 6.52035 12.9359
threshold=0.072661120000328969 0.60678019017954943 1.0000000180025095e-35 0.0088049481694041625 0.94875966535953815 0.029086500000000005 15.500000000000002 4.2916666666650007 308.50000000000006 469.50000000000006 7.5000000000000009 394.50000000000006 33.500000000000007 3.7750000000000004 102.50000000000001 7.5000000000000009 0.037255000000000003 3860.0000000000005 0.86620967868038068 20.100000000000005 0.065503500000000006 4.083333333335001 0.14319500000000004 3.5000000000000004 3185.5000000000005 7.5000000000000009 0.15037750000000003 6.083333333335001 0.047882500000000008 393.00000000000006
decision_type=2 2 2 2 2 2 2 2 2 2 2 2 2 2 2 2 2 2 2 2 2 2 2 2 2 2 2 2 2 2
left_child=3 5 4 28 13 8 9 22 15 10 12 17 19 -3 21 23 24 18 -8 20 -4 26 -5 -2 25 -15 -7 -6 -1 -30
right_child=1 2 6 7 27 14 11 -9 -10 -11 -12 -13 -14 16 -16 -17 -18 -19 -20 -21 -22 -23 -24 -25 -26 -27 -28 -29 29 -31
leaf_value=-0.051569623265840497 -0.0064908693654621638 -0.016889676639037333 0.02479687081501207 -0.018822995411795464 0.0089471558343390146 -0.035695804678627145 -0.00066905172210042778 -0.035386649709755046 -0.039136674425997359 0.045109447624603942 -0.016277426764568927 -0.065673415061067053 -0.01377325205005921 0.029182432548659459 0.041397156566826548 -0.016464764519104925 0.024372804435710275 0.052119462253178511 0.020158290478503788 0.040979366254855681 0.0486143615550471 0.014875106384289391 0.014581098775845791 0.017605404627776277 0.00060301572439676212 -0.0085000040310861166 0.041362665983291282 0.021925791157692734 0.096244249763137932 -0.03687014507451921
leaf_weight=631.93058947733516 161.80393613409251 55.514053655439056 367.87536426930455 59.15880814929551 123.79348135134205 15.397908484184883 78.929577944101766 152.74715343205753 43.448759957347647 154.02209007291822 15.182888675830325 4.8541718539199783 13.449201219540553 51.175482185906731 28.577378944377415 224.32103370467667 58.602718904614449 15.080283364979548 148.879482481163 165.8694844507263 46.27322831004858 64.335197191656334 23.160792071692413 38.497505120991264 335.56399887347652 22.223104762320872 3.6755486191250375 578.37997280946001 1.9264961753506202 34.67806289766304
leaf_count=785722 16335 2042 2206 19736 769 2220 1963 108216 22605 360 280 1001 205 661 201 37859 479 57 725 536 123 2637 3400 2465 7580 514 66 1971 89 51027
internal_value=0 0.0141571 0.0196302 -0.0441153 0.0128844 -0.00693709 0.0278103 -0.0262949 -0.0123193 0.0323657 0.0291408 0.0137866 0.0303027 0.00381888 0.0155591 -0.00957528 0.00627761 0.0153746 0.0129422 0.0313248 0.027458 0.00670653 -0.00942468 -0.00185962 0.00368464 0.0177732 -0.0208463 0.0196377 -0.0503812 -0.0298643
internal_weight=0 2815.73 2235.67 903.602 1225.25 580.057 1010.42 235.067 468.071 762.672 608.65 247.744 593.467 523.079 111.986 424.622 467.565 242.889 227.809 580.018 414.149 83.4087 82.3196 200.301 408.963 73.3986 19.0735 702.173 668.535 36.6046
internal_count=1074050 105860 21472 968190 14016 84388 7456 131352 79264 3710 3350 3746 3070 11276 5124 56659 9234 2745 2688 2865 2329 4923 23136 18800 8755 1175 2286 2740 836838 51116
is_linear=0
shrinkage=0.05


Tree=45
num_leaves=31
num_cat=0
split_feature=0 0 40 0 40 101 99 99 40 2 65 105 105 3 88 0 57 77 2 2 85 59 85 2 80 93 80 36 76 2
split_gain=880.44 117.637 54.2688 44.5628 34.023 28.8979 17.3979 15.6309 13.2696 14.245 12.536 11.6151 9.98709 9.94852 8.76957 8.53589 8.29598 7.92601 8.02236 7.82076 7.65424 6.74176 6.61476 7.8031 6.32031 6.31506 6.83299 13.4963 6.26212 6.17357
threshold=0.07939372682956107 0.86620967868038068 92.500000000000014 0.0088049481694041625 7.5000000000000009 7.5000000000000009 86.500000000000014 8.5000000000000018 1.0000000180025095e-35 2563.5000000000005 1.0000000180025095e-35 5.5500000000000007 9.5500000000000025 43454.500000000007 0.059568000000000003 0.26731028589363609 3.5000000000000004 0.053591500000000007 2180.0000000000005 532860.00000000012 83.166666666650016 0.026069000000000005 2.9166666666650003 5356.5000000000009 0.014508000000000002 0.035655000000000006 0.89367850000000015 2889.5000000000005 4.5000000000000009 16153.500000000002
decision_type=2 2 2 2 2 2 2 2 2 2 2 2 2 2 2 2 2 2 2 2 2 2 2 2 2 2 2 2 2 2
left_child=3 2 5 -1 11 8 15 -5 12 -10 16 28 -2 22 -15 20 -4 18 -6 -11 -7 -14 -13 24 -24 26 -9 -28 -3 -25
right_child=1 4 10 7 17 6 -8 25 9 19 -12 13 21 14 -16 -17 -18 -19 -20 -21 -22 -23 23 29 -26 -27 27 -29 -30 -31
leaf_value=-0.050455096019449641 -0.0098849174052124747 0.012096567831257727 0.025582149053669029 -0.010206375320715914 0.041008513097019181 -0.02721180470910492 -0.034889893228537534 -0.045352754875048334 -0.019712779097643237 0.028691900122064729 0.044986057097306888 0.034782761943884473 0.0030968683792148618 0.015166260391116768 0.057115792626388398 -0.0046183789090576974 -0.006142006544048919 0.045845462263158283 0.023957421140179722 0.0038746732785810167 0.060743921921764102 0.030426129317222564 -0.037016256677413428 0.042790963582772637 0.018812810471149816 -0.009126249164520036 0.035868131365530777 -0.045988967039322926 -0.008745619335036408 -0.0033462806458957627
leaf_weight=637.88769415754359 159.46646895057347 159.06079226126894 74.521202065923717 100.50351616825355 111.38797835889272 67.102644362406863 72.2721344075253 103.06720213294466 24.207209258907824 110.07870720315259 64.001730185933411 144.56084212195128 126.87424737156834 571.62604978436138 12.736032651737331 313.00605008014099 28.484541091384017 117.01799520105124 181.19776121573523 44.610815771869966 2.5681794927804722 27.448165543843061 5.1814829334616652 57.837750327307731 234.38025855598971 19.059079582417326 8.2358765524477366 12.958313295879632 46.596815278870054 8.2898085042834264
leaf_count=836838 14315 1270 693 30385 395 17202 25888 84978 3175 3290 204 465 6985 3068 35 14954 4337 237 651 1650 119 512 45 208 1122 9242 2069 8913 720 85
internal_value=0 0.0138756 0.00132714 -0.0435055 0.0223532 -0.0033044 -0.0123907 -0.0253241 0.00508594 0.0159535 0.0276074 0.018227 -0.00110985 0.0203843 0.0160805 -0.0081415 0.0168094 0.0348474 0.0304488 0.0215349 -0.0239696 0.00795772 0.0259699 0.0218024 0.0176053 -0.0359255 -0.0400359 -0.01418 0.00737426 0.0370072
internal_weight=0 2764.52 1114.64 881.712 1649.87 947.635 454.949 243.824 492.686 178.897 167.007 1240.27 313.789 1034.61 584.362 382.677 103.006 409.604 292.586 154.69 69.6708 154.322 450.25 305.689 239.562 143.32 124.261 21.1942 205.658 66.1276
internal_count=1074050 101625 93324 972425 8301 88090 58163 135587 29927 8115 5234 7018 21812 5028 3103 32275 5030 1283 1046 4940 17321 7497 1925 1460 1167 105202 95960 10982 1990 293
is_linear=0
shrinkage=0.05


Tree=46
num_leaves=31
num_cat=0
split_feature=0 0 40 0 0 57 106 77 72 74 81 81 90 65 94 105 2 80 101 101 40 60 81 96 40 80 36 96 46 68
split_gain=828.345 117.474 46.3273 40.7793 25.8419 25.6802 25.2012 16.0899 14.4254 16.8345 13.238 13.2371 9.89667 9.72603 9.65934 9.58494 8.84785 8.62172 8.61381 8.33432 8.14751 8.06032 7.41241 7.83353 7.00168 6.79006 10.0874 6.58504 6.57184 6.48755
threshold=0.072661120000328969 0.60678019017954943 1.0000000180025095e-35 0.0088049481694041625 0.94875966535953815 7.5000000000000009 0.029086500000000005 0.062645500000000007 11.500000000000002 1.0000000180025095e-35 0.045607500000000002 0.052259000000000007 12.500000000000002 1.0000000180025095e-35 0.58333333333350013 3.7750000000000004 593143.50000000012 0.012067000000000003 6.5000000000000009 1.5000000000000002 3.5000000000000004 1.5000000000000002 0.047523000000000003 0.036812500000000005 2.5000000000000004 0.37652600000000008 6903.0000000000009 0.015965000000000003 1.0000000180025095e-35 0.062324500000000012
decision_type=2 2 2 2 2 2 2 2 2 2 2 2 2 2 2 2 2 2 2 2 2 2 2 2 2 2 2 2 2 2
left_child=3 6 4 -1 15 7 11 8 13 22 18 12 21 16 -8 -3 17 -4 -5 -17 -18 -2 23 -10 28 27 -27 -14 -13 -6
right_child=1 2 5 10 29 -7 14 -9 9 -11 -12 24 25 -15 -16 19 20 -19 -20 -21 -22 -23 -24 -25 -26 26 -28 -29 -30 -31
leaf_value=-0.050316120313605495 0.00046346220217093168 -0.016447434812757438 -0.025403487140892762 -0.017275542872842688 0.01775471881170454 -0.0050968967277741292 0.0074407072932731067 0.042366006475270279 -0.037112830663847629 -0.06015726853810989 -0.0070409949529339185 -0.010027263478801561 -0.041521257138912998 0.035017659699897029 0.045473776008296822 0.012905076527511258 -0.037074918835386113 0.027356353820344355 -0.04191981421006901 -0.00062872792289080288 0.013189767728397195 -0.030206158039185246 0.023334705188932464 0.019661380937351775 0.017319345471446576 -0.00028377359177103877 -0.041030896757205747 -0.013582159805425379 0.031431604567298314 0.060917951663335738
leaf_weight=609.77014904804673 86.039969486228074 54.112715904775541 7.9472947118338189 54.139895693755534 676.77534216968343 59.832184913801029 88.400382463238202 174.67114317626692 12.472227794583889 8.4801159761846048 68.28387350999401 117.72611775736732 77.855892206673161 286.32912838226184 20.580783539451659 216.96410140855005 9.7906423381064069 301.69089872878976 102.74928738787276 239.13319049404527 45.658965012989938 28.52510265566525 59.161432199180126 11.846599056618286 39.923107656708453 45.829005159546796 22.71827676607063 28.925203460021294 10.403227641509146 8.8189260177314264
leaf_count=836838 8140 2042 109 28612 2721 3038 5063 471 214 161 23884 11102 29416 1059 61 3470 136 1571 78856 5764 272 4836 318 107 1835 7278 11456 4763 438 19
internal_value=0 0.0132834 0.01857 -0.0436013 0.0119691 0.026642 -0.00698652 0.0287105 0.0255019 0.00696403 -0.0254174 -0.0121291 -0.0186015 0.0281188 0.0146231 0.00344872 0.0227083 0.0260022 -0.0334155 0.00580926 0.00431462 -0.00717284 0.0137824 -0.00945601 -0.000964214 -0.0260694 -0.0137884 -0.033953 -0.00666109 0.0183099
internal_weight=0 2740.61 2173.68 834.943 1195.8 977.881 566.927 918.048 743.377 91.9604 225.173 457.946 289.893 651.417 108.981 510.21 365.088 309.638 156.889 456.097 55.4496 114.565 83.4803 24.3188 168.052 175.328 68.5473 106.781 128.129 685.594
internal_count=1074050 105860 21472 968190 14016 7456 84388 4418 3947 800 131352 79264 65889 3147 5124 11276 2088 1680 107468 9234 408 12976 639 321 13375 52913 18734 34179 11540 2740
is_linear=0
shrinkage=0.05


Tree=47
num_leaves=31
num_cat=0
split_feature=0 0 101 0 40 54 101 2 99 44 105 40 40 72 105 74 80 105 36 2 36 46 2 107 38 70 77 93 88 90
split_gain=782.016 108.153 51.9399 43.7042 43.4266 20.0645 16.4615 14.5586 14.392 13.1613 12.8611 10.4541 10.2117 9.96448 10.357 9.95705 9.70448 8.97144 8.78714 8.37176 8.26644 8.19755 7.65142 7.85169 7.40818 6.84475 6.80503 9.24189 6.74089 6.4256
threshold=0.07939372682956107 0.48090646582193369 15.500000000000002 0.0088049481694041625 1.0000000180025095e-35 1.0000000180025095e-35 6.5000000000000009 26107.500000000004 8.5000000000000018 1.0000000180025095e-35 8.2916666666650016 98.500000000000014 24.500000000000004 33.500000000000007 8.0833333333350019 1.0000000180025095e-35 0.045801000000000008 25.100000000000005 3677.5000000000005 783.00000000000011 4381.5000000000009 1.0000000180025095e-35 13206.000000000002 14.500000000000002 2.5000000000000004 3.0833333333350006 0.098647000000000012 0.087619000000000016 0.059568000000000003 264.50000000000006
decision_type=2 2 2 2 2 2 2 2 2 2 2 2 2 2 2 2 2 2 2 2 2 2 2 2 2 2 2 2 2 2
left_child=3 6 4 -1 7 18 11 -3 -5 13 26 -2 17 14 15 24 22 20 -4 -19 -7 -17 -14 -24 25 -6 27 -9 29 -12
right_child=1 2 5 8 9 12 -8 10 -10 -11 28 -13 16 -15 -16 21 -18 19 -20 -21 -22 -23 23 -25 -26 -27 -28 -29 -30 -31
leaf_value=-0.050183456354065653 -0.0042593340668785834 0.020513929275121075 -0.0078297737248018192 -0.0099350753929097636 0.036536730931577818 0.0033868495692094855 -0.02022133811671464 -0.0032113798301107925 -0.035119727750982675 0.049605032510856788 0.01649727955783056 0.032033738637943308 0.031703497998856155 -0.011561069121373944 0.033904651703964693 -0.031690042330479853 0.041298736646005751 -0.055356306754895883 -0.043740455728746741 0.026292019547719637 -0.064915110829975309 0.057995335174051546 -0.045444451231160359 0.013669508584245624 -0.026995184630038051 0.017855407150757993 0.033801904598600788 -0.063752399009724417 0.064435235477351485 -0.0072120537807670365
leaf_weight=583.13758878806402 185.72270027946797 476.91800330109254 78.383894748898456 97.647776999488997 82.728732905816287 352.69459396784077 210.30364369181189 149.01691859620041 135.36568422793061 82.329120224690996 222.07255959464237 22.215144841087749 18.000317546655424 15.226199319789883 431.32175462122541 14.262990344359425 43.18728654505685 3.2994283730513407 21.765057744385558 64.774784690700471 4.4862292981706551 3.1020254197064778 9.8888151550199854 13.004087781300766 6.9603849619161329 120.38009987048281 11.678109035827218 6.58222821378149 6.6511014476418486 32.797333361639176
leaf_count=836838 21799 4440 3652 30385 331 5448 49137 3148 105202 205 2047 814 141 350 1987 463 166 97 4424 610 151 19 94 106 62 1213 91 90 15 525
internal_value=0 0.0130079 0.0173101 -0.0428695 0.0218886 0.00482472 -0.0103578 0.014503 -0.0245657 0.0307331 0.00781762 -0.000381945 0.00884748 0.0284279 0.0293521 0.0207184 0.0247694 0.00569944 -0.0156341 0.0223347 0.00252897 -0.015669 0.00731272 -0.0118653 0.0237264 0.0254645 -0.00300962 -0.00577241 0.0147431 0.0134463
internal_weight=0 2689.75 2271.51 816.151 1662.03 609.484 418.241 905.716 233.013 756.311 428.798 207.938 509.336 673.982 658.756 227.434 84.0805 425.255 100.149 68.0742 357.181 17.365 40.8932 22.8929 210.069 203.109 167.277 155.599 261.521 254.87
internal_count=1074050 101625 29875 972425 14986 14889 71750 10356 135587 4630 5916 22613 6813 4425 4075 2088 507 6306 8076 707 5599 482 341 200 1606 1544 3329 3238 2587 2572
is_linear=0
shrinkage=0.05


Tree=48
num_leaves=31
num_cat=0
split_feature=0 0 55 0 40 76 101 85 105 80 105 2 3 40 106 101 81 98 50 46 46 44 105 77 95 90 74 82 70 96
split_gain=738.691 107.644 51.913 39.833 31.5961 25.2249 19.5087 12.4871 12.236 13.5225 10.8657 10.4081 10.2533 8.26188 8.07904 8.12412 9.20143 9.32844 7.97228 7.47061 7.26133 7.10781 9.51244 7.25138 6.81864 7.10941 6.72835 6.6655 6.52442 6.79824
threshold=0.072661120000328969 0.86620967868038068 1.0000000180025095e-35 0.0088049481694041625 7.5000000000000009 12.500000000000002 1.0000000180025095e-35 4.2916666666650007 8.7750000000000021 0.025613500000000001 5.5500000000000007 120938.00000000001 43454.500000000007 16.500000000000004 0.019517500000000004 3.5000000000000004 0.065345000000000014 7.5000000000000009 1.0000000180025095e-35 1.0000000180025095e-35 1.0000000180025095e-35 1.0000000180025095e-35 21.900000000000002 0.027240500000000004 8.5000000000000018 2.5000000000000004 1.0000000180025095e-35 2.5000000000000004 8.0833333333350019 0.022897500000000005
decision_type=2 2 2 2 2 2 2 2 2 2 2 2 2 2 2 2 2 2 2 2 2 2 2 2 2 2 2 2 2 2
left_child=3 2 5 -1 10 8 26 -5 -2 -10 -3 -8 -12 18 15 -14 24 28 19 -11 -7 22 23 -6 25 -17 -4 -19 29 -18
right_child=1 4 6 7 21 20 11 -9 9 13 12 -13 14 -15 -16 16 17 27 -20 -21 -22 -23 -24 -25 -26 -27 -28 -29 -30 -31
leaf_value=-0.050064474563937422 -0.0082958435683065553 0.0060971361967944769 0.036129254448708382 -0.008850451605755795 0.019512545729714337 -0.024591141348643784 0.026118365737791284 -0.033849297541528371 -0.019077340112325401 -0.0018771304110354618 0.024704857357292408 -0.0048152345460811792 0.016303213244453826 0.033284922371166724 0.028116443112997349 -0.021774962497663954 -0.025654348804082912 0.0063514896958906542 0.020881791676060149 0.028626457253019114 0.0075265102786063638 0.050113349983111968 0.045420929252060711 0.037412106027452256 -0.025683608026746903 0.031996638076726237 -0.052429462610884714 -0.065548017957911278 0.033239993653849297 0.021031310941338484
leaf_weight=557.90300317070069 295.56214370457747 197.87274960940704 122.25732684494869 78.399763204324699 163.51558346650563 173.7430365911714 42.288246501128015 137.67142667531152 48.501065624477633 181.64095461452234 433.47784059518017 76.175206414853164 322.9749571622815 32.219356560584856 90.99792312271893 11.103788892272862 12.588183820247648 7.1134915184229595 71.616130720562069 22.565792904322734 19.581605532526737 53.87944171205163 81.011174610815942 86.520585112273693 37.982670233934186 13.770300528965889 2.1830940344079854 5.8945285952650011 40.234472083859146 20.490730751305819
leaf_count=836838 22212 1990 1698 23136 742 45670 1627 108216 4841 8936 1925 6222 1676 405 353 95 76 39 1777 683 3316 112 200 229 478 78 172 36 168 104
internal_value=0 0.0124768 0.0003775 -0.0430054 0.020814 -0.00547586 0.0207502 -0.0247787 -0.000773344 0.00546255 0.0167995 0.00622722 0.0189244 0.00932634 0.0144749 0.0118458 0.00219531 0.0127918 0.0065277 0.00149366 -0.021338 0.0332718 0.0305308 0.0257064 -0.0123569 0.00799301 0.0345756 -0.0262295 0.0197153 0.00326508
internal_weight=0 2667.76 1088.33 773.974 1579.43 845.43 242.904 216.071 652.105 356.543 1194.5 118.463 996.629 308.042 563.151 472.153 149.178 86.3214 275.823 204.207 193.325 384.927 331.047 250.036 62.8568 24.8741 124.44 13.008 73.3134 33.0789
internal_count=1074050 105860 97559 968190 8301 87840 9719 131352 38854 16642 7018 7849 5028 11801 3103 2750 1074 423 11396 9619 48986 1283 1171 971 651 173 1870 75 348 180
is_linear=0
shrinkage=0.05


Tree=49
num_leaves=31
num_cat=0
split_feature=0 0 40 0 0 101 106 99 48 70 40 69 64 105 105 101 80 2 3 74 104 91 40 105 72 57 81 80 105 77
split_gain=699.031 102.471 44.2806 42.9118 34.5275 22.7988 21.926 13.1432 11.2593 10.5893 9.14622 9.07559 8.71739 9.06654 8.41042 8.20713 7.89678 6.76938 7.29341 6.61471 6.48612 10.0002 6.46157 6.42607 6.29818 6.5408 6.29085 6.013 5.96738 5.90289
threshold=0.07939372682956107 0.60678019017954943 31.500000000000004 0.0088049481694041625 0.94875966535953815 1.5000000000000002 0.029086500000000005 8.5000000000000018 560.50000000000011 57.100000000000009 44.500000000000007 7.5000000000000009 39.500000000000007 9.0833333333350019 11.083333333350001 7.5000000000000009 0.018447000000000002 72.500000000000014 32244.500000000004 4.5000000000000009 0.055290000000000006 1.5000000000000002 1.0000000180025095e-35 4.6333333333350009 8.5000000000000018 7.5000000000000009 0.08823700000000001 0.021820500000000003 3.7750000000000004 0.097439000000000012
decision_type=2 2 2 2 2 2 2 2 2 2 2 2 2 2 2 2 2 2 2 2 2 2 2 2 2 2 2 2 2 2
left_child=3 6 4 -1 5 11 8 27 15 20 28 22 13 24 19 -2 -15 26 -19 29 21 23 -3 -4 25 -7 -16 -5 -8 -6
right_child=1 2 9 7 14 12 10 -9 -10 -11 -12 -13 -14 16 17 -17 -18 18 -20 -21 -22 -23 -24 -25 -26 -27 -28 -29 -30 -31
leaf_value=-0.049942461902804991 -0.0020762811456352653 0.012237701388827862 0.0014282362377293935 -0.049809866592484736 0.014927109169683567 -0.001137478078138702 -0.025124196411548835 -0.03430954273595916 -0.037551995505282702 0.013535849332766046 0.036161991326870396 -0.0010825699717085802 -0.048178532702720982 -0.026268511210300369 -0.043116214981208212 -0.016553592942126976 0.0089571216297766234 0.032548715766749475 0.020166793536705179 -0.032819578242351787 0.048048922342378828 0.049717472341271468 0.026764157668456658 0.029744382549162219 -0.029809549051539899 -0.033346208668598172 0.02341013501373846 -0.0058942076093303382 0.010921875781434099 0.044973156482257221
leaf_weight=534.84041169485863 187.42065748845926 176.70458794376464 23.362966877873987 8.5622276510694046 412.38185381074436 130.8026223477209 14.377134283626217 128.7962540921726 39.788761093615904 59.181888408551458 31.070708246872528 72.741335462837014 10.068327140616018 17.351851185638225 6.9566491646692139 204.93682448505569 191.48054100212175 220.55690699536353 258.11342443246394 7.0178472278639665 88.630875807255507 58.981246966868639 135.06606700754492 140.71232209121808 30.951687693799613 17.922169900120934 7.2641750872135162 86.939341437333496 57.012691460520728 17.02143457904458
leaf_count=836838 18059 2943 173 4707 1984 2598 1985 105202 21933 697 302 1650 1300 577 44 35318 3148 650 936 59 233 98 1169 560 1167 1420 24 25678 2556 42
internal_value=0 0.01225 0.0172612 -0.0422441 0.0138688 0.00613441 -0.00727764 -0.0238873 -0.0122082 0.032925 0.0135179 0.0148204 -0.0022451 -0.00105473 0.0203862 -0.0096381 0.00603023 0.024862 0.025872 0.0153312 0.0366065 0.0320599 0.0185309 0.0257124 -0.00928935 -0.00501881 -0.00913372 -0.00983148 0.00366259 0.0161181
internal_weight=0 2617.88 2083.27 759.138 1712.4 783.089 534.607 224.298 432.146 370.869 102.461 384.512 398.577 388.509 929.312 392.357 208.832 492.891 478.67 436.421 311.687 223.057 311.771 164.075 179.676 148.725 14.2208 95.5016 71.3898 429.403
internal_count=1074050 101625 21472 972425 19711 15972 80153 135587 75310 1761 4843 5762 10210 8910 3739 53377 3725 1654 1586 2085 1064 831 4112 733 5185 4018 68 30385 4541 2026
is_linear=0
shrinkage=0.05


Tree=50
num_leaves=31
num_cat=0
split_feature=0 0 101 40 101 81 105 85 70 40 88 82 0 0 43 106 48 36 0 40 2 72 2 87 36 105 81 80 36 90
split_gain=662.814 116.545 52.6361 42.6803 23.0287 21.6956 16.7222 13.3715 12.6402 12.639 12.0717 11.209 10.0436 9.62261 9.20174 13.0873 8.91212 8.71207 8.32689 8.11994 9.48235 8.04791 8.53207 8.80331 7.4794 7.44818 7.32672 7.27709 10.3255 7.01162
threshold=0.37969951586789719 0.012339227772512141 15.500000000000002 1.0000000180025095e-35 6.5000000000000009 0.027145000000000002 6.083333333335001 4.083333333335001 447.16666666650002 469.50000000000006 0.048749500000000008 4.5000000000000009 0.94875966535953815 0.94875966535953815 3.5000000000000004 0.043342500000000006 1.5000000000000002 1598.5000000000002 0.7740980979447657 24.500000000000004 166361.50000000003 33.500000000000007 746738.00000000012 6.5000000000000009 74.500000000000014 5.3666666666650009 0.14259800000000003 1.2469325000000002 3565.5000000000005 2.5000000000000004
decision_type=2 2 2 2 2 2 2 2 2 2 2 2 2 2 2 2 2 2 2 2 2 2 2 2 2 2 2 2 2 2
left_child=1 29 3 6 10 7 16 18 26 11 25 21 19 -8 15 -13 24 -9 -4 -7 -21 22 23 -5 -2 -3 27 -6 -29 -1
right_child=2 4 5 9 8 12 13 17 -10 -11 -12 14 -14 -15 -16 -17 -18 -19 -20 20 -22 -23 -24 -25 -26 -27 -28 28 -30 -31
leaf_value=-0.030006020910197724 0.048088555293740308 -0.021118372399728087 -0.016909385209299369 0.036077210059470337 -0.025793616863379661 -0.00054319143494188226 0.0087994474825390627 -0.0076225033087293061 -0.046113280428640178 0.04198595914669364 0.046626082366022586 -0.027947220607164664 0.021953024878519342 0.020837081072913724 0.02402508625963945 0.041240058958048761 -0.0098796725777626423 -0.031335893826560879 0.014216544995052647 0.036375343768812823 -0.014129736417044981 -0.014289354631608124 0.01374786185329635 0.019591586529432853 0.0057904820715992799 -0.0012305954132664676 0.0069794758910165832 0.055570149292168448 -0.036346006348513753 -0.050850890194956026
leaf_weight=43.941685578181932 11.986072753556071 66.212644618273771 29.450931655243039 319.46654948951618 179.05737360841158 172.37090388254728 268.02688980061794 99.806088214245392 59.559489617335203 146.14322078425903 11.007589231478049 27.146006405877415 131.79698758851737 436.19853436993435 41.095471331034787 9.1350366803817433 107.83670771126344 63.296081508669886 79.461470977170393 34.658504278631881 12.698805730091406 10.891618575376922 76.288818890199764 108.47652319748886 81.614691074122675 162.90586941111542 22.413561226188904 6.7426976446295139 5.5871799555025063 492.49572126274143
leaf_count=83030 81 23450 1447 2270 70868 3812 5649 4471 42729 475 85 450 485 1561 420 84 3777 9071 643 216 152 343 654 778 1395 30187 2782 488 2741 779456
internal_value=0 -0.0328451 0.015206 0.0198968 -0.0158183 0.00283615 0.0126219 -0.00776628 -0.0257425 0.0288166 -0.00452068 0.0255684 0.0110404 0.0162556 0.00782403 -0.0105269 -8.14647e-05 -0.0168251 0.0057998 0.00449489 0.0228325 0.0282337 0.0291523 0.0318984 0.011207 -0.00697794 -0.0200677 -0.0232352 0.0139191 -0.0491434
internal_weight=0 1049.92 2267.85 1644.31 513.486 623.54 905.663 272.015 273.36 738.643 240.126 592.5 351.525 704.225 77.3765 36.281 201.437 163.102 108.912 219.728 47.3573 515.124 504.232 427.943 93.6008 229.119 213.801 191.387 12.3299 536.437
internal_count=1074050 1035816 38234 17937 173330 20297 12463 15632 119608 5474 53722 4999 4665 7210 954 534 5253 13542 2090 4180 368 4045 3702 3048 1476 53637 76879 74097 3229 862486
is_linear=0
shrinkage=0.05


Tree=51
num_leaves=31
num_cat=0
split_feature=0 0 68 0 40 81 101 107 40 93 85 99 105 68 2 107 81 74 38 105 59 81 69 0 104 87 3 96 2 72
split_gain=623.216 98.7895 48.018 37.4347 32.6466 30.7448 19.5941 14.3116 14.2578 10.6989 10.5548 10.3226 10.1647 9.91753 10.5949 10.0622 8.71298 8.65527 8.34693 8.28184 9.42492 8.27446 8.14014 7.40541 7.36802 7.61656 7.09443 6.76489 6.44535 6.4082
threshold=0.072661120000328969 0.86620967868038068 0.062324500000000012 0.0030842274181046617 1.0000000180025095e-35 0.045607500000000002 15.500000000000002 94.500000000000014 1.0000000180025095e-35 0.094543000000000002 7.083333333335001 19.500000000000004 15.366666666650003 0.059568000000000003 23453.500000000004 56.500000000000007 0.10608400000000001 1.0000000180025095e-35 1.0000000180025095e-35 7.7750000000000012 0.11689250000000002 0.095733000000000013 7.5000000000000009 0.94875966535953815 0.092547500000000019 5.5000000000000009 647.50000000000011 0.04424200000000001 145340.50000000003 32.500000000000007
decision_type=2 2 2 2 2 2 2 2 2 2 2 2 2 2 2 2 2 2 2 2 2 2 2 2 2 2 2 2 2 2
left_child=3 2 5 9 13 7 19 22 12 -1 29 28 24 14 -3 -16 -8 18 26 20 -5 -11 -2 -13 25 -7 -10 -24 -12 -6
right_child=1 4 -4 6 10 8 16 -9 17 21 11 23 -14 -15 15 -17 -18 -19 -20 -21 -22 -23 27 -25 -26 -27 -28 -29 -30 -31
leaf_value=-0.051487405727807634 -0.0046586031572477191 0.01763010784098732 0.038680823455016708 -0.0300627370220681 0.03189604979478438 -0.0035285912683243044 -0.042561352491216918 -0.029287210370827457 -0.041800376931858778 0.098381365129431742 -0.0034360318990734502 0.0039866815850563529 0.012756793643108701 0.058124334001822778 0.0079349471037489117 -0.038682638206227228 -0.0014218359752835208 -0.016743434396959446 -0.047172212621665377 0.0020031263202433744 0.083541965394808196 -0.057015974157012955 -0.036875673895277745 0.03507887818272664 0.0052916701832543692 -0.029562514953713238 0.022685166251542242 -0.0055074629567994152 -0.072270667834035823 -0.002942655142407206
leaf_weight=436.54822054078977 354.4272099371592 479.95140695967712 73.190447010565549 47.656135602675931 520.69520715530962 57.993878322595265 133.6351707142785 94.120686831673083 4.3724862856324753 2.1195979221083685 19.818807266885418 32.619900583056733 82.917538537411019 12.174707474187015 371.4319189498201 11.947625906206666 14.241923095203672 18.231193896586774 4.5920883170911102 59.116074742541969 1.8984093294711772 1.4376510246074756 39.753653514082544 46.379828398581594 62.318402126984438 54.492666162623209 173.72230056120316 30.279430807990138 4.1051351614296427 13.542628770228474
leaf_count=742498 31462 2669 283 46990 1726 3774 138889 36710 305 5 219 463 2682 40 2578 235 6050 978 272 32184 13 1561 6568 235 2736 5125 3582 3082 36 100
internal_value=0 0.0113979 -0.000381829 -0.0419345 0.0195779 -0.00330748 -0.0267537 -0.0116479 0.00612294 -0.0507837 0.0281883 0.0135267 -0.00166088 0.0133116 0.0126796 0.00648216 -0.0385992 0.0161074 0.0193858 -0.0106345 -0.0257106 0.035578 -0.00773651 0.0222406 -0.00849981 -0.0161404 0.021102 -0.0233133 -0.0152474 0.0310129
internal_weight=0 2563.08 1050.41 696.653 1512.67 977.222 256.548 518.581 458.641 440.105 637.162 102.924 257.722 875.506 863.331 383.38 147.877 200.918 182.687 108.671 49.5545 3.55725 424.46 78.9997 174.805 112.487 178.095 70.0331 23.9239 534.238
internal_count=1074050 105860 97559 968190 8301 97276 224126 77822 19454 744064 2779 953 14317 5522 5482 2813 144939 5137 4159 79187 47003 1566 41112 698 11635 8899 3887 9650 255 1826
is_linear=0
shrinkage=0.05


Tree=52
num_leaves=31
num_cat=0
split_feature=0 0 40 0 101 57 77 70 40 105 101 93 99 96 74 2 76 40 105 2 81 81 72 105 72 85 3 3 2 80
split_gain=591.758 108.695 49.9326 39.9827 21.5329 21.2875 16.0706 11.6299 11.5766 10.4791 10.3062 9.46995 8.68844 8.39322 8.22897 9.74103 8.11957 8.10281 7.38244 6.81032 6.6752 6.34763 7.08658 6.1215 6.07636 5.95867 6.58561 7.81639 7.36683 5.92566
threshold=0.37969951586789719 0.012339227772512141 2.5000000000000004 0.94875966535953815 6.5000000000000009 2.5000000000000004 0.036908500000000004 447.16666666650002 207.50000000000003 9.7750000000000021 1.5000000000000002 0.091351500000000016 9.5000000000000018 0.021436000000000004 1.0000000180025095e-35 120938.00000000001 4.5000000000000009 10026.000000000002 6.3666666666650009 1074.5000000000002 0.067282000000000008 0.14259800000000003 1.0000000180025095e-35 8.7083333333350019 5.5000000000000009 2.0833333333350006 146963.00000000003 176512.00000000003 9254.0000000000018 1.2469325000000002
decision_type=2 2 2 2 2 2 2 2 2 2 2 2 2 2 2 2 2 2 2 2 2 2 2 2 2 2 2 2 2 2
left_child=1 11 3 6 8 10 9 21 18 -2 -4 -1 -7 20 15 -12 -13 19 -3 -14 -11 29 -23 -8 -17 -5 28 -28 -27 -6
right_child=2 4 5 25 7 12 23 -9 -10 13 14 16 17 -15 -16 24 -18 -19 -20 -21 -22 22 -24 -25 -26 26 27 -29 -30 -31
leaf_value=-0.049491091595303807 -0.0090372923857920031 -0.01976213406632216 0.035013015457339196 0.02980303407871886 -0.025344743559101542 0.022055754531026067 0.0068638043773362693 -0.04564579286593648 0.038476240120623728 -0.010694238326684959 0.030880771786090302 0.071232856860315705 -0.031237292123699065 0.013010285584157372 -0.024217960271165791 0.01355057292543644 -0.056330195169047165 0.053293182211798476 -0.00061636228952956294 0.0032882898286593662 0.0085506335421950998 0.039735186431872647 -0.01786780610248585 0.031440552853174118 -0.028892943561829379 0.016353837560627051 -0.03813067935211744 0.011082030482765848 0.033482890896207922 0.011507397473876139
leaf_weight=487.67813871227918 296.64048954333703 78.398142174963141 361.48791007511318 83.396811462473124 172.57651872654242 89.537526193656959 50.289419976528734 56.089740127172263 14.627009544747123 113.39060559339123 116.59428951540031 3.0275636074802597 17.563278641740908 143.40996164741227 9.8065609143814054 40.41661123232916 2.1216260037690517 6.8170599412405855 140.72964359649632 76.479669073436526 74.769619157188572 8.9258967064233747 13.287970092438625 51.063075159210712 10.655838024220428 323.29217185941525 8.3279628567397577 258.95633870642632 77.89417561609298 11.644148886131005
leaf_count=860059 13443 26987 1348 283 70868 761 1052 42729 1223 7623 696 686 1649 2369 200 280 1741 46 25512 3853 1128 512 2270 452 122 1427 42 1168 292 3229
internal_value=0 -0.032146 0.0143821 0.00910956 -0.0156287 0.0250913 0.000770745 -0.0254564 -0.0045914 -0.00220996 0.0301684 -0.0487789 0.0107196 0.00389814 0.0203006 0.0229044 0.0186729 0.000655967 -0.00746621 -0.00315964 -0.00304686 -0.0199708 0.00527802 0.019246 0.00469509 0.017201 0.0156288 0.00954868 0.0196796 -0.0230154
internal_weight=0 989.106 2210.79 1481.43 496.279 729.359 729.563 262.524 233.755 628.211 538.961 492.827 190.398 331.57 177.473 167.667 5.14919 100.86 219.128 94.0429 188.16 206.435 22.2139 101.352 51.0724 751.867 668.471 267.284 401.186 184.221
internal_count=1074050 1035816 38234 29279 173330 8955 26067 119608 53722 24563 2646 862486 6309 11120 1298 1098 2427 5548 52499 5502 8751 76879 2782 1504 402 3212 2929 1210 1719 74097
is_linear=0
shrinkage=0.05


Tree=53
num_leaves=31
num_cat=0
split_feature=0 0 40 0 40 101 99 101 48 106 88 105 0 105 69 105 85 48 81 87 102 96 80 105 40 104 70 81 105 36
split_gain=561.634 90.1585 43.8815 37.4152 29.4831 23.6233 13.1479 11.7405 10.9804 10.7569 10.309 10.6127 7.18952 6.67348 6.62664 6.4909 10.1234 6.84638 8.15689 8.51533 6.98336 8.35244 6.78982 6.5101 6.41849 7.69406 6.31479 6.1872 6.25907 6.74538
threshold=0.072661120000328969 0.86620967868038068 98.500000000000014 0.0088049481694041625 6.5000000000000009 7.5000000000000009 86.500000000000014 1.0000000180025095e-35 3.5000000000000004 0.029086500000000005 0.059568000000000003 5.708333333335001 0.42569895731548962 35.708333333350005 8.5000000000000018 27.083333333350001 14.900000000000002 1.5000000000000002 0.38529200000000008 11.500000000000002 415.50000000000006 0.040199000000000006 0.072614500000000012 26.550000000000004 3860.0000000000005 0.058644500000000009 39.816666666650001 0.023358 19.366666666650001 586.50000000000011
decision_type=2 2 2 2 2 2 2 2 2 2 2 2 2 2 2 2 2 2 2 2 2 2 2 2 2 2 2 2 2 2
left_child=3 2 5 -1 10 9 14 -4 -5 13 11 -3 -11 -2 -7 17 -17 18 19 20 -13 -22 -20 -19 25 27 -9 28 29 -6
right_child=1 4 7 8 24 6 -8 26 -10 12 -12 15 -14 -15 -16 16 -18 23 22 -21 21 -23 -24 -25 -26 -27 -28 -29 -30 -31
leaf_value=-0.04955680914370799 -0.0035187083050495327 0.0031538429544501613 0.03845903173514096 -0.010013105679062481 0.017697708788670951 -0.0069853326878647846 -0.03417296221209476 0.019659814093625896 -0.033892110287639686 -0.0033164192407208817 0.05348017336200972 0.023495875398959271 0.02500942529285162 0.019735119641828204 -0.027149100940223166 0.027589803244408059 -0.028207561409525267 0.00993552571762105 0.040097644750707831 -0.033730638698858617 -0.039799738333419848 0.027659464588952742 -0.032629939761864513 -0.060528303326929725 0.049534360446946889 0.038868657684009177 -0.01384202050179709 0.02791674955827373 0.033298890756411195 -0.025123539783415472
leaf_weight=449.2739914211561 316.43060260903439 187.24087624752428 75.922957062823116 86.26927338555106 18.699042841792107 310.08866493547976 64.445165408447792 48.00153172390128 108.93018347895122 31.60354979915428 16.778538351878524 322.01228029862978 76.934077241690829 34.186807650869014 46.910668241325766 166.77250558999367 8.5456095795379934 359.86567458987702 4.2667892761528519 7.0509289242327204 9.7816564738750476 8.6427578236907703 12.947722473181782 3.3080275040119878 41.217243421822786 116.75111759547144 19.895647954777814 154.77347997017205 17.030117191374302 18.097245681798086
leaf_count=836838 25778 2012 906 33940 65 26467 27181 1034 97412 2635 59 1447 903 1932 7312 685 160 2264 15 65 81 42 88 19 97 341 3411 545 74 242
internal_value=0 0.0107358 -0.000657141 -0.0416158 0.0186551 -0.00483922 -0.0133871 0.0249494 -0.0233387 0.00300665 0.0145859 0.0139875 0.0167616 -0.00125135 -0.00963491 0.0162334 0.02487 0.0141531 0.0189922 0.0206565 0.0217829 -0.00815512 -0.0146037 0.00929369 0.0309458 0.0285909 0.0098429 0.0228386 0.00823661 -0.00336275
internal_weight=0 2498.2 1024.42 644.473 1473.78 880.6 421.444 143.82 195.199 459.155 1107.21 1090.43 108.538 350.617 356.999 903.194 175.318 727.876 364.702 347.488 340.437 18.4244 17.2145 363.174 366.568 325.351 67.8972 208.6 53.8264 36.7963
internal_count=1074050 105860 97559 968190 8301 92208 60960 5351 131352 31248 6937 6878 3538 27710 33779 4866 845 4021 1738 1635 1570 123 103 2283 1364 1267 4445 926 381 307
is_linear=0
shrinkage=0.05


Tree=54
num_leaves=31
num_cat=0
split_feature=0 0 0 40 40 0 81 65 81 74 48 36 0 105 77 40 85 46 105 96 105 81 68 104 98 105 40 104 93 3
split_gain=531.06 88.1223 36.8681 34.1169 26.8584 19.5486 14.8919 12.7741 11.2811 11.0657 10.6815 10.3626 9.27783 8.32808 8.31038 7.42315 10.2828 6.99594 6.71931 7.03862 6.67331 6.855 6.66534 7.60003 6.29194 6.60994 9.59556 6.27072 6.25855 8.14104
threshold=0.072661120000328969 0.68981449621504665 0.0083575017706393109 6.5000000000000009 13.500000000000002 0.94875966535953815 0.046275500000000004 1.0000000180025095e-35 0.066421500000000008 1.0000000180025095e-35 3.5000000000000004 10300.500000000002 0.94875966535953815 26.550000000000004 0.055653500000000009 412.50000000000006 5.708333333335001 1.0000000180025095e-35 4.083333333335001 0.083427500000000016 8.0833333333350019 0.36529200000000006 0.096819500000000017 0.033397000000000003 6.5000000000000009 10.775000000000002 1.0000000180025095e-35 0.101428 0.047882500000000008 393.00000000000006
decision_type=2 2 2 2 2 2 2 2 2 2 2 2 2 2 2 2 2 2 2 2 2 2 2 2 2 2 2 2 2 2
left_child=2 4 28 5 6 8 11 -6 -3 12 -4 18 15 14 -10 16 -5 24 19 -2 21 -7 23 -14 25 26 27 -8 -1 -30
right_child=1 3 10 9 7 20 17 -9 13 -11 -12 -13 22 -15 -16 -17 -18 -19 -20 -21 -22 -23 -24 -25 -26 -27 -28 -29 29 -31
leaf_value=-0.050926689948599481 -0.035918127484864802 -0.0025372883986911365 -0.010055372549878244 0.022533234669444652 0.0045973494439972701 0.011866377735864615 -0.030007873737286792 0.039543623460444294 0.0042205751434631648 -0.0049994341619700568 -0.033697461577233891 -0.048973584873432771 0.021879385641297662 0.029656520141545351 0.032101869634690972 0.034435859267121942 -0.0088378672704481302 0.030971456967072659 -0.011122725378905596 0.021045833411528134 0.020175239657064317 -0.032450329052537141 0.059319185526961409 0.042711512845562911 -0.02910344587092142 0.011309164120100478 0.013507226797752452 0.0023436580144479552 0.090003527281831641 -0.031835869068943583
leaf_weight=405.18180800503978 53.794777736082324 272.94103337514389 85.981777981836785 137.57635756907985 89.926955594877654 241.26386886718683 45.416745987153263 36.87159984128084 215.47123429423664 25.230169353482779 107.51354610373892 25.237845161434961 79.793287470936775 52.262578723486513 30.510456596501172 88.513891040405724 32.242790949996561 15.944274074339772 204.27776249159069 6.0307834916166021 528.06553953466937 9.0533919455483538 28.61898946762085 97.007680352777243 21.32793261736515 71.543772299337434 33.095741760364035 22.349300085712457 1.4651100113842428 21.349242537289683
leaf_count=781913 14829 7326 35044 612 11733 1387 6258 326 2988 421 100417 14759 278 338 163 335 730 642 31366 411 1966 60 47 258 1734 3485 1861 1547 88 50728
internal_value=0 0.0104164 -0.0413037 0.0159327 -0.00578952 0.0118329 -0.0110109 0.0147593 0.00480799 0.027248 -0.0231918 -0.0183638 0.0290024 0.0115301 0.00767884 0.022696 0.0165769 -0.000864411 -0.0154387 -0.0301758 0.0169878 0.0102635 0.0369333 0.0333096 -0.0034845 -0.000315239 -0.00856072 -0.0193383 -0.049492 -0.0240115
internal_weight=0 2464.37 621.491 1838.55 625.817 1349.57 499.019 126.799 571.185 488.983 193.495 289.341 463.753 298.244 245.982 258.333 169.819 209.678 264.103 59.8256 778.383 250.317 205.42 176.801 193.733 172.406 100.862 67.766 427.996 22.8144
internal_count=1074050 105860 968190 16909 88951 14228 76892 12059 10815 2681 135461 61365 2260 3489 3151 1677 1342 15527 46606 15240 3413 1447 583 536 14885 13151 9666 7805 832729 50816
is_linear=0
shrinkage=0.05


Tree=55
num_leaves=31
num_cat=0
split_feature=0 0 94 0 40 101 40 57 81 0 36 40 105 72 101 2 2 81 105 106 77 70 55 105 36 96 104 98 69 104
split_gain=503.416 89.1707 37.6379 30.9522 30.772 22.3442 16.5813 13.2651 11.5461 10.5841 10.2707 9.32789 10.1856 8.8303 8.10155 7.75545 9.3885 7.61774 6.90992 6.78504 6.37457 6.96688 6.35638 6.57578 6.27937 6.49616 5.82746 7.99051 7.97634 6.35501
threshold=0.061123824279792356 0.7740980979447657 0.58333333333350013 0.0088049481694041625 1.0000000180025095e-35 15.500000000000002 3.5000000000000004 7.5000000000000009 0.12283400000000001 0.94875966535953815 3800.5000000000005 1758.5000000000002 20.100000000000005 13.500000000000002 1.5000000000000002 182686.50000000003 435.50000000000006 0.29013150000000004 9.3666666666650027 0.065503500000000006 0.043715000000000011 22.100000000000005 1.0000000180025095e-35 6.083333333335001 744.50000000000011 0.028191500000000005 0.032470000000000006 7.5000000000000009 7.5000000000000009 0.18834450000000003
decision_type=2 2 2 2 2 2 2 2 2 2 2 2 2 2 2 2 2 2 2 2 2 2 2 2 2 2 2 2 2 2
left_child=3 2 5 -1 9 6 18 11 14 20 -7 12 19 -14 -5 16 -8 -17 -2 26 24 -22 23 -11 -3 -26 28 29 -6 -28
right_child=1 4 -4 8 7 10 15 -9 -10 22 -12 -13 13 -15 -16 17 -18 -19 -20 -21 21 -23 -24 -25 25 -27 27 -29 -30 -31
leaf_value=-0.049286771538968051 -0.012627321908631813 -0.0072568355283257448 0.042949382459704942 -0.011075884991252128 0.013004722464070896 -0.012262635918532864 -0.030071274538086737 -0.0050501059642714813 0.0052520968044473095 0.0019802370164041542 -0.035909444210941312 0.043186576127734438 0.037517545290430908 -0.010630545813050868 -0.037528189329940315 -0.010642641948027484 0.032266342503970057 0.047573090154387099 0.0026084080429577519 0.040469317438306798 0.028637353092181923 -0.042211880195571282 0.043110615104711175 0.016038479380707012 -0.0026675771989176614 0.016478037501267015 0.026781779610866769 -0.019962497038852878 -0.050361048084711028 -0.028031059700320139
leaf_weight=411.81286982179518 148.26180591983575 128.40388839307707 40.520462843356654 41.050454632346373 167.38763075647876 277.59319547508858 6.6218176980109993 36.305516446911497 28.403560531434778 100.01070127007551 55.020960209796613 70.485156450420618 154.42196708125994 10.148453879170118 98.160423600056674 32.562177045467251 68.740954369393876 6.7913418974203514 149.42047864796768 36.83382033649832 37.51554829441011 3.8234621947631231 18.921255097724497 494.31018580123782 85.450733505189419 92.014107276685536 209.11802407028154 10.169892627745865 5.1181649155914775 5.4251873288303605
leaf_count=836838 20076 2345 127 26325 884 41065 1327 1183 9006 735 23866 187 515 74 87394 1912 2745 91 10672 126 273 56 63 1942 1757 1162 1112 61 97 34
internal_value=0 0.00990709 -0.00398002 -0.0419141 0.0164555 -0.00653246 0.00124402 0.024385 -0.0238003 0.0106316 -0.0161743 0.0259821 0.0239563 0.0345484 -0.0297279 0.0173945 0.026789 -0.000596198 -0.00497981 0.0199404 0.00365605 0.0220845 0.0145811 0.0136728 0.0011654 0.00725927 0.0180367 0.0233429 0.0111247 0.0253957
internal_weight=0 2451.4 785.533 579.427 1665.86 745.013 412.399 705.414 167.614 960.45 332.614 669.108 598.623 164.57 139.211 114.716 75.3628 39.3535 297.682 434.053 347.208 41.339 613.242 594.321 305.869 177.465 397.219 224.713 172.506 214.543
internal_count=1074050 114487 101881 959563 12606 101754 36823 4273 122725 8333 64931 3090 2903 589 113719 6075 4072 2003 30748 2314 5593 329 2740 2677 5264 2919 2188 1207 981 1146
is_linear=0
shrinkage=0.05


Tree=56
num_leaves=31
num_cat=0
split_feature=0 0 101 40 0 101 81 76 2 99 44 105 88 105 87 38 40 62 77 3 40 95 72 105 46 104 98 70 98 43
split_gain=476.791 94.3536 44.6192 33.921 21.6377 15.8498 14.6116 12.8029 11.2492 10.8868 10.6976 10.6926 9.51319 9.27667 9.01449 8.73442 8.37575 7.96606 7.10811 7.09622 10.8545 8.7177 7.83857 14.6812 6.97323 6.60718 6.60221 8.98849 6.54012 7.10359
threshold=0.043984350660107828 0.48090646582193369 15.500000000000002 1.0000000180025095e-35 0.0019437620776660012 6.5000000000000009 0.025862000000000003 4.5000000000000009 28737.000000000004 8.5000000000000018 1.0000000180025095e-35 20.100000000000005 0.059568000000000003 8.2916666666650016 9.5000000000000018 2.5000000000000004 98.500000000000014 36.500000000000007 0.030463500000000001 272900.50000000006 24.500000000000004 5.5000000000000009 2.5000000000000004 6.708333333335001 1.0000000180025095e-35 0.18834450000000003 1.5000000000000002 309.12500000000006 10.500000000000002 2.5000000000000004
decision_type=2 2 2 2 2 2 2 2 2 2 2 2 2 2 2 2 2 2 2 2 2 2 2 2 2 2 2 2 2 2
left_child=4 5 3 8 -1 16 9 17 -3 -4 11 14 13 -10 15 25 -2 18 -6 20 21 -8 -23 -24 -11 26 -5 28 29 -28
right_child=1 2 6 10 7 -7 19 -9 12 24 -12 -13 -14 -15 -16 -17 -18 -19 -20 -21 -22 22 23 -25 -26 -27 27 -29 -30 -31
leaf_value=-0.05113661432328083 -0.0052946491842414132 0.017033261486917646 0.0025306401543321571 0.015055635917039354 -0.029525548844382594 -0.02092498792632503 -0.042529208202741253 -0.039527185553184158 -0.0061299426966409101 -0.022740676426046543 0.045639241019664829 0.035989586171030215 0.050507770874157379 0.010134298981205964 -0.0091432478748368698 -0.021000389559931595 0.027392212084339701 0.041032718317850818 0.0075110117576280824 -7.3945453268706529e-06 0.041808387170247402 0.025282235839514368 -0.041955555590627393 0.012627712484244345 0.028357544418056393 -0.028227071790821408 0.040453411202174196 -0.040344955139083767 -0.021303588577745714 0.023672797050358307
leaf_weight=331.9818510572386 199.42673950743483 435.31075978474109 115.89566960674711 127.50305068591842 41.262870552234745 225.29836515501302 7.6636304847197598 122.60785538568416 142.13076389266644 102.93360607323848 67.644240763504058 153.33353902443196 11.282627480104564 228.81830284031457 24.018486766901333 11.287038811249657 21.734131623590656 6.3390401619617469 18.883518325736077 137.94325376092456 31.349399328930303 62.911885912064463 15.521524860610951 59.710591765295248 7.1398239790432845 6.0554059222340575 116.28708199900575 4.6043684787582597 6.0370394196361294 137.80267507978715
leaf_count=697189 30746 4524 2200 1738 49474 69739 131 182270 3242 8524 205 718 52 2538 460 101 1155 2787 10815 1883 158 559 442 643 349 38 492 77 35 766
internal_value=0 0.00920423 0.0138159 0.0183287 -0.043447 -0.011591 0.00153778 -0.0299466 0.0115374 -0.00816493 0.026811 0.024641 0.00527826 0.00390258 0.0206277 0.0223736 -0.00208241 -0.0122789 -0.0178976 0.00849592 0.015117 0.00937824 0.0122578 0.00136636 -0.0194262 0.0236027 0.0244029 0.0289048 0.0301306 0.0313526
internal_weight=0 2459.64 2013.18 1472.12 521.075 446.459 541.069 189.093 817.542 225.969 654.573 586.929 382.232 370.949 433.595 409.577 221.161 66.4854 60.1464 315.1 177.157 145.808 138.144 75.2321 110.073 398.29 392.234 264.731 260.127 254.09
internal_count=1074050 131515 29875 14986 942535 101640 14889 245346 10356 11073 4630 4425 5832 5780 3707 3247 31901 63076 60289 3816 1933 1775 1644 1085 8873 3146 3108 1370 1293 1258
is_linear=0
shrinkage=0.05


Tree=57
num_leaves=31
num_cat=0
split_feature=0 0 77 0 40 81 101 40 80 40 95 77 72 3 81 105 105 101 105 68 105 93 46 104 3 59 93 105 93 3
split_gain=447.954 80.9036 37.7433 35.1108 27.4969 19.716 14.3695 11.2967 11.1384 11.0235 9.60568 8.85616 10.2897 8.74695 8.02297 7.64303 7.26693 7.0051 9.35896 6.81053 6.79089 7.00446 6.26656 6.2072 6.20657 6.08351 6.02265 6.21043 8.49004 7.5706
threshold=0.072661120000328969 0.86620967868038068 0.026070000000000003 0.0030842274181046617 1.0000000180025095e-35 0.045607500000000002 15.500000000000002 1707.0000000000002 0.091939000000000007 129.50000000000003 560.50000000000011 0.026711000000000002 33.500000000000007 38.500000000000007 0.090804500000000024 7.7750000000000012 5.708333333335001 15.500000000000002 16.083333333350001 0.059568000000000003 3.7750000000000004 0.058944000000000003 1.0000000180025095e-35 0.12980050000000001 393.00000000000006 0.11689250000000002 0.0075560000000000011 19.550000000000004 0.0055640000000000004 152.00000000000003
decision_type=2 2 2 2 2 2 2 2 2 2 2 2 2 2 2 2 2 2 2 2 2 2 2 2 2 2 2 2 2 2
left_child=3 2 5 24 16 10 15 8 22 20 17 12 13 -6 23 25 -3 18 -2 -18 21 -4 -7 -8 -1 -5 27 28 29 -15
right_child=1 4 9 6 11 7 14 -9 -10 -11 -12 -13 -14 26 -16 -17 19 -19 -20 -21 -22 -23 -24 -25 -26 -27 -28 -29 -30 -31
leaf_value=0.023382013908438574 -0.010086775405524027 0.0010420923276208886 -0.025895350214663104 -0.029728461544560904 0.051181590015861311 -0.0091312446014237252 -0.041844140455017401 0.039733016283078751 0.012238593839762163 0.035731911820556288 -0.02969389391555944 0.036221220725850552 -0.025949436446673142 -0.076316751015869655 -0.00154391021509271 0.0026107362862819844 0.012919296885123622 -0.017210389472306555 0.01781465631617522 0.058240972313392883 0.014874620565314793 0.033522923313727374 0.026705470045247617 0.065556710433554807 -0.051014270988092553 0.070352548551678204 0.025813960714231862 0.028129397802777963 -0.064918215098821661 0.011180909076644581
leaf_weight=2.8270379974310336 112.23617610974179 142.01054696971551 21.573452120836013 40.424496565556183 26.21045361366123 201.58783357091306 108.9360524315216 18.707160811987706 116.55190906318603 57.007181050896179 80.599285637887078 145.99479996226728 10.919516310095785 2.5476692591328165 15.000506819918881 52.79852407821636 670.41031562944409 177.31544083259359 41.046323490969371 8.3929004464298469 131.72354502961389 6.4406863644253454 12.984403403301256 1.3621258982602729 335.68684254467735 1.577677740366197 258.18115293327719 44.097799177514389 4.1164119224995366 83.414294670685194
leaf_count=3948 11855 1600 2357 46990 66 12628 137004 127 4406 315 30613 466 162 19 7677 32184 3897 28685 2114 25 3847 154 458 258 740116 13 1107 235 35 689
internal_value=0 0.00947902 -0.00155102 -0.0402852 0.0172029 -0.00679359 -0.0247394 0.00193159 -0.000204038 0.0168566 -0.0142167 0.0255827 0.0219663 0.0232163 -0.0358519 -0.0100518 0.0113278 -0.0104433 -0.00261527 0.0134797 0.0101203 -0.0122346 -0.00696266 -0.0405178 -0.050393 -0.0259692 0.0213482 0.0127551 0.00522864 0.00858773
internal_weight=0 2374.07 977.773 558.613 1396.3 761.029 220.099 349.831 331.124 216.745 411.197 575.482 429.487 418.568 125.299 94.8007 820.814 330.598 153.282 678.803 159.738 28.0141 214.572 110.298 338.514 42.0022 392.357 134.176 90.0784 85.962
internal_count=1074050 105860 97559 968190 8301 90886 224126 17619 17492 6673 73267 2779 2313 2151 144939 79187 5522 42654 13969 3922 6358 2511 13086 137262 744064 47003 2085 978 743 708
is_linear=0
shrinkage=0.05


Tree=58
num_leaves=31
num_cat=0
split_feature=0 0 101 40 101 81 78 105 99 70 2 85 72 73 104 90 70 106 105 40 80 105 70 98 98 105 0 36 36 96
split_gain=424.394 96.9381 41.8208 33.2132 18.0212 14.5124 12.9532 11.9366 9.53952 9.40215 9.2155 8.91323 8.97123 8.47097 9.62967 7.54847 13.225 7.20208 6.94683 8.51416 7.65481 6.8531 7.6031 7.13068 7.00379 6.70655 6.69985 6.54655 6.52808 9.57044
threshold=0.42569895731548962 0.012339227772512141 15.500000000000002 7.5000000000000009 6.5000000000000009 0.025862000000000003 0.048863000000000011 8.3666666666650027 12.500000000000002 557.20000000000016 728670.50000000012 2.5500000000000003 8.5000000000000018 1.5000000000000002 0.056499000000000001 2.5000000000000004 9.5500000000000025 0.019517500000000004 5.5500000000000007 4.5000000000000009 0.048798500000000009 25.100000000000005 4.8166666666650011 7.5000000000000009 9.5000000000000018 4.708333333335001 0.0044021329524748061 649.50000000000011 2157.5000000000005 0.037418500000000007
decision_type=2 2 2 2 2 2 2 2 2 2 2 2 2 2 2 2 2 2 2 2 2 2 2 2 2 2 2 2 2 2
left_child=1 15 3 7 6 8 -3 11 -4 -6 13 12 -2 14 25 16 26 28 20 21 -7 23 -23 -20 -25 -5 -1 -14 -9 -30
right_child=2 4 5 10 9 18 -8 17 -10 -11 -12 -13 27 -15 -16 -17 -18 -19 19 -21 -22 22 -24 24 -26 -27 -28 -29 29 -31
leaf_value=-0.050808695392440206 0.024658979990679494 -0.0071602173004701912 -0.00049512848387745975 -0.0071264386667950754 -0.019130693429963205 -0.026877303868254251 0.046949004688614161 0.011745541998770436 -0.02118802926617705 -0.043928718086685858 0.011392011303546098 0.0013131266936169906 -0.06862769525021277 0.047649245493021936 0.039506572579215471 -0.050232015272685504 0.055404673207617487 0.029044690827102385 0.0045844632820724136 0.026958257759247557 0.0079903056730066483 -0.03195666050223258 0.033500246843397308 -0.078331152234404317 -0.0037175609265415466 0.024247374926884731 0.0092177789011428837 0.0095589952095759545 0.035042016251459883 0.0051419913941938419
leaf_weight=21.375460086155734 82.559709868510254 223.59112302088033 142.92071097073494 19.790287674899446 210.68275312096739 27.252018991333898 11.636127448990008 466.91284945502412 91.259779365936993 46.695610496506561 58.880579323042184 296.85545788353193 4.6343681858852488 74.879631973803043 111.52338871872053 348.06050694682199 4.4270544181417781 98.167804270982742 131.21632556733675 66.707529648818308 37.265901037724689 5.1149447686038902 33.435694153478835 5.319835528964175 7.6936573886778206 122.28115728849662 5.9404569844718926 6.3395404731854796 78.568793276965152 40.587974959460553
leaf_count=70299 854 54881 3538 399 82253 771 82 4498 9823 40197 448 6941 97 162 429 779456 3713 653 1750 466 755 66 249 102 101 817 9018 67 851 314
internal_value=0 -0.0291219 0.0126389 0.017055 -0.0144871 0.000861273 -0.00448356 0.0125304 -0.00855912 -0.0236297 0.0296075 0.00555395 0.0190134 0.0328727 0.0285095 -0.0481033 -0.0247621 0.0165108 0.00788685 0.0116687 -0.00673758 0.00608869 0.0248153 0.00108331 -0.0342191 0.0198771 -0.0377546 -0.0234599 0.0144114 0.0248573
internal_weight=0 872.409 2010.17 1461.98 492.606 548.186 235.227 1074.63 234.18 257.378 387.355 390.389 93.5336 328.474 253.595 379.803 31.743 684.237 314.006 249.488 64.5179 182.78 38.5506 144.23 13.0135 142.071 27.3159 10.9739 586.07 119.157
internal_count=1074050 1039899 34151 16530 177413 17621 54963 14275 13361 122450 2255 7959 1018 1807 1645 862486 83030 6316 4260 2734 1526 2268 315 1953 203 1216 79317 164 5663 1165
is_linear=0
shrinkage=0.05


Tree=59
num_leaves=31
num_cat=0
split_feature=0 0 40 0 0 57 101 40 76 106 54 105 64 107 40 62 102 87 2 89 105 107 77 80 36 93 2 101 76 64
split_gain=402.183 85.5616 36.3278 26.6751 21.2832 16.3985 16.3722 12.2287 11.5863 11.0885 8.03289 7.87722 7.66562 7.58946 7.44401 6.93326 6.687 6.54025 6.28185 6.02396 5.98689 6.41284 5.95886 5.65423 10.312 5.57891 5.5545 5.54279 5.54253 5.3911
threshold=0.043984350660107828 0.53809039466125175 2.5000000000000004 0.94875966535953815 0.0019437620776660012 2.5000000000000004 6.5000000000000009 13.500000000000002 4.5000000000000009 0.023543000000000005 1.0000000180025095e-35 6.3666666666650009 1.5000000000000002 394.50000000000006 172.50000000000003 36.500000000000007 282.50000000000006 14.500000000000002 76235.000000000015 1.0000000180025095e-35 2.7083333333350006 4.5000000000000009 0.030463500000000001 0.89367850000000015 2889.5000000000005 0.094543000000000002 7912.0000000000009 2.5000000000000004 3.5000000000000004 1.5000000000000002
decision_type=2 2 2 2 2 2 2 2 2 2 2 2 2 2 2 2 2 2 2 2 2 2 2 2 2 2 2 2 2 2
left_child=4 6 3 9 25 12 7 -2 15 11 19 18 14 -7 20 22 -16 -5 26 -8 21 -4 -6 -10 -25 -1 -3 -20 -11 -19
right_child=1 2 5 17 8 13 10 -9 23 28 -12 -13 -14 -15 16 -17 -18 29 27 -21 -22 -23 -24 24 -26 -27 -28 -29 -30 -31
leaf_value=-0.051539129752691329 -0.0067197383828167083 -0.01792413545335626 0.048843805402241085 0.015623407957359548 -0.028132879863686251 0.011357605093885122 -0.043243248541448211 0.022570278658377133 -0.043190260844420549 0.02146814227367573 -0.012351966205531651 0.0014863290675262337 0.033525322864576483 -0.047071127800165431 0.03863219095452336 0.038595015921595269 -0.01066508016932672 -0.064219693876663722 -0.0092990445090429582 -0.018176116104314487 0.015294390069607637 -0.072406538577569859 0.0069696892691817605 0.033719289778897141 -0.046223531841761423 0.02737629281108191 0.008798829754740051 -0.039224099900901317 -0.012435941328088314 0.0042034761082422973
leaf_weight=287.66399415001433 195.0667116005352 35.068089811262325 1.5139410309493531 679.33962924266234 38.303035325363453 152.15076464723097 49.38792197471048 43.600414575492323 94.096003566362924 79.289013200439513 142.03106774669868 358.41083313924901 260.62567566824146 5.7684415438707211 63.24364011734724 6.2192336386724483 7.7185463630594304 4.5663116453215462 30.674026409498765 46.563015017727594 116.97852238034829 3.8988527278415859 17.66609893812165 7.150351534994118 9.2552221877758694 2.2571470007824237 43.648605521622812 31.226307924327557 14.215552021632901 7.7898646872490644
leaf_count=695700 30202 1964 9 3098 49474 2468 25100 3058 165351 823 24525 9400 991 1232 230 2787 39 49 1136 22827 834 82 10815 4305 12614 1489 1276 1735 372 65
internal_value=0 0.00831487 0.0130753 0.00829809 -0.0426477 0.0231015 -0.0106223 -0.00136895 -0.0287518 0.000512291 -0.0199023 -0.00244847 0.0279291 0.00922333 0.0203859 -0.0114879 0.0332701 0.0149677 -0.0124777 -0.0310787 0.0129156 -0.0384932 -0.0170531 -0.0384676 -0.0113805 -0.0509247 -0.00310618 -0.0243951 0.0163137 -0.0210828
internal_weight=0 2372.78 1896.13 1284.23 462.611 611.898 476.649 238.667 172.69 592.532 237.982 499.028 453.979 157.919 193.354 62.1884 70.9622 691.696 140.617 95.9509 122.391 5.41279 55.9691 110.502 16.4056 289.921 78.7167 61.9003 93.5046 12.3562
internal_count=1074050 131515 25803 19918 942535 5885 105712 33260 245346 16706 72452 15511 2185 3700 1194 63076 269 3212 6111 47927 925 91 60289 182270 16919 697189 3240 2871 1195 114
is_linear=0
shrinkage=0.05


Tree=60
num_leaves=31
num_cat=0
split_feature=0 0 40 0 57 0 101 101 40 77 44 105 62 0 54 40 65 70 3 89 72 57 69 62 77 36 87 104 81 93
split_gain=380.451 79.7929 34.1362 20.9131 20.6381 20.1396 15.7897 14.0982 12.2488 9.55279 8.89506 7.78476 7.64385 7.31904 7.26255 6.97343 6.77772 6.29661 6.28821 6.28703 6.20624 7.46938 6.86953 6.8169 6.75702 6.0661 5.86366 5.77862 6.32944 5.737
threshold=0.043984350660107828 0.53809039466125175 1.0000000180025095e-35 0.0088049481694041625 7.5000000000000009 0.94875966535953815 6.5000000000000009 1.0000000180025095e-35 13.500000000000002 0.030463500000000001 1.0000000180025095e-35 3.7750000000000004 51.500000000000007 0.94875966535953815 1.0000000180025095e-35 764.50000000000011 1.0000000180025095e-35 3.7750000000000004 8.9884656743000007e+307 1.0000000180025095e-35 2.5000000000000004 1.5000000000000002 6.5000000000000009 3.5000000000000004 0.062645500000000007 2124.5000000000005 6.5000000000000009 0.032470000000000006 0.35034350000000009 0.047882500000000008
decision_type=2 2 2 2 2 2 2 2 2 2 2 2 2 2 2 2 2 2 2 2 2 2 2 2 2 2 2 2 2 2
left_child=3 6 5 29 7 11 8 10 -2 12 26 17 -5 20 19 -6 -13 -3 -15 -8 21 22 -9 -23 -22 -11 27 -4 -29 -1
right_child=1 2 4 9 15 -7 14 13 -10 25 -12 16 -14 18 -16 -17 -18 -19 -20 -21 24 23 -24 -25 -26 -27 -28 28 -30 -31
leaf_value=-0.05044762779051129 -0.0066697158477683335 0.0014688868552813563 0.023074387867787555 -0.034218294500633781 -0.016102057907623403 0.012994148569313489 -0.042958233783433122 0.037351036667262076 0.022631797381484388 -0.008503838590878679 0.049706204083867611 -0.0028621169089410371 0.027851415558366024 0.030150331718633967 -0.012346801395233371 0.031513427182961011 0.010716864667483523 -0.0342731987959893 0.0024018892029740086 -0.017127077992275554 -0.0034421919361057041 -0.014607331300659021 -0.02476136080604157 0.022460424859626304 0.032922370203351418 0.055016281277625805 0.014663577205102085 0.039931573546010818 -0.011258723476398943 -0.021640925162122439
leaf_weight=311.09739143099796 192.52284876452177 21.142819378641434 152.14623007690534 88.857150363943219 48.259422961884411 584.71255004475825 48.020312039097917 47.479472916340455 43.77538008135889 15.368095416102735 45.339978542178869 295.53275086139911 5.2533737942794678 101.62807741202414 140.49998740590308 9.1467374804196862 133.36296648537973 29.535854824775015 25.549820303916931 46.23662486154717 97.536561097862432 24.108602020773105 4.9120852872729293 25.545869590248913 14.699536674888803 4.9754651839175486 84.356273618643172 123.61412906367332 6.3486379073001435 18.30047202219248
leaf_count=785722 30202 616 762 95080 3865 2740 25100 263 3058 7197 111 9066 2779 368 24525 167 2441 1934 108 22827 1394 383 62 221 97 641 679 488 38 51116
internal_value=0 0.00803122 0.0126532 -0.0424496 0.0203834 0.00676509 -0.0103658 0.0225857 -0.00124147 -0.0240374 0.0288145 -0.000829586 -0.0307535 0.0150737 -0.01955 -0.00851531 0.0013602 -0.0193618 0.0245757 -0.0302871 0.00943425 0.0183582 0.0315276 0.00446302 0.00132047 0.0070314 0.0262297 0.0296882 0.0374309 -0.0488472
internal_weight=0 2346.01 1874.96 443.852 810.671 1064.29 471.055 753.265 236.298 114.454 411.805 479.574 94.1105 341.46 234.757 57.4062 428.896 50.6787 127.178 94.2569 214.282 102.046 52.3916 49.6545 112.236 20.3436 366.465 282.109 129.963 329.398
internal_count=1074050 131515 25803 942535 9006 16797 105712 4974 33260 105697 2078 14057 97859 2896 72452 4032 11507 2550 476 47927 2420 929 325 604 1491 7838 1967 1288 526 836838
is_linear=0
shrinkage=0.05


Tree=61
num_leaves=31
num_cat=0
split_feature=0 0 40 0 0 101 106 99 40 77 40 72 105 77 101 97 104 87 62 36 81 3 40 36 70 70 55 98 105 36
split_gain=359.358 76.3001 34.7052 26.1784 21.0392 17.2169 16.916 10.4538 9.82848 9.44021 8.73872 8.47069 8.37865 7.89783 7.3146 7.04653 7.09145 6.94467 6.91445 6.63231 6.42111 7.28646 7.08454 6.78394 6.37178 7.58892 6.02456 7.29639 6.96749 5.94958
threshold=0.043984350660107828 0.60678019017954943 172.50000000000003 0.94875966535953815 0.0088049481694041625 1.5000000000000002 0.029086500000000005 236.50000000000003 1.0000000180025095e-35 0.030463500000000001 102.50000000000001 32.500000000000007 3.0833333333350006 0.053591500000000007 6.5000000000000009 1.5000000000000002 0.028181000000000001 7.5000000000000009 51.500000000000007 2124.5000000000005 0.0085110000000000029 38.500000000000007 31.500000000000004 1579.5000000000002 5.7750000000000012 3.7750000000000004 1.0000000180025095e-35 16.500000000000004 21.550000000000004 1420.5000000000002
decision_type=2 2 2 2 2 2 2 2 2 2 2 2 2 2 2 2 2 2 2 2 2 2 2 2 2 2 2 2 2 2
left_child=4 6 3 5 -1 17 7 14 26 18 -8 -10 -7 20 -2 16 -4 -3 -6 -11 21 -14 24 29 25 -22 27 28 -5 -23
right_child=1 2 15 8 9 12 10 -9 11 19 -12 -13 13 -15 -16 -17 -18 -19 -20 -21 22 23 -24 -25 -26 -27 -28 -29 -30 -31
leaf_value=-0.048722638360593463 -0.0033907229712598175 0.014662756575196259 0.01824042096473821 0.0092386564982654459 -0.033685039722805683 -0.02919391441494458 0.0015803810388032536 -0.036388165624810787 0.025750067670936096 -0.0092569131466598217 0.037041106501019973 -0.03064627364879538 0.04601144293966835 0.025473603781255162 -0.017232896900092425 0.049584299091981338 0.041515474990959207 -0.0021553031707287331 0.025665961002710826 0.056544159327034063 -0.0014422489501934746 -0.011121530195645948 0.028269636654696551 -0.031359385930722412 0.0052338913035866229 -0.038411714987792556 0.041313679448585598 -0.050957763024781826 0.022478717232832308 0.033343130962946901
leaf_weight=315.65792307112497 182.12758709897753 298.00661194442364 83.331052812485723 426.95765612949617 86.372697659153346 30.081422428629594 75.887756771036948 43.964608219324873 260.21712506981567 15.109198910296984 22.53223597053875 6.8330381731502703 5.1078534539556122 24.848832264309749 200.5077872571419 48.316426608711481 53.889928164309822 77.304696380277164 5.2028919404401668 5.1295746274408875 38.577283865539357 73.053380393714178 22.481795235536993 41.606285086076241 118.15228142216802 21.68406501156278 17.843237573280931 4.5932029457762829 129.50538479955867 8.386762918555176
leaf_count=836838 23083 4210 600 2181 95080 1535 6483 32449 1071 7197 236 74 34 250 47792 102 186 1796 2779 641 545 2180 134 3445 1998 430 63 24 472 142
internal_value=0 0.00777505 0.0126892 0.0103228 -0.0421207 0.0035831 -0.00898654 -0.0132974 0.0163721 -0.0234831 0.00969875 0.024307 -0.00386054 -0.0017072 -0.0106443 0.0331631 0.0273811 0.0111987 -0.030313 0.00742056 -0.00375981 -0.0125049 0.0018188 -0.014934 -0.00151426 -0.0147451 0.0127116 0.011802 0.01232 -0.00654253
internal_weight=0 2315.8 1790.78 1605.24 427.472 759.291 525.02 426.6 845.95 111.814 98.42 267.05 383.98 353.899 382.635 185.537 137.221 375.311 91.5756 20.2388 329.05 128.154 200.895 123.046 178.414 60.2613 578.899 561.056 556.463 81.4401
internal_count=1074050 131515 21472 20584 942535 16699 110043 103324 3885 105697 6719 1145 10693 9158 70875 888 786 6006 97859 7838 8908 5801 3107 5767 2973 975 2740 2677 2653 2322
is_linear=0
shrinkage=0.05


Tree=62
num_leaves=31
num_cat=0
split_feature=0 0 101 40 57 81 105 88 44 85 81 105 40 105 2 72 2 74 88 0 2 96 104 46 60 46 80 36 0 38
split_gain=340.326 80.0815 39.0805 28.9786 18.2001 13.7709 12.072 10.8818 10.8032 9.59307 8.34741 8.2623 7.89691 8.84903 8.04659 7.63948 7.53219 7.50253 7.15686 6.75297 6.60932 6.52168 7.03602 6.50296 6.42843 6.38811 6.35888 11.3352 6.09535 6.0486
threshold=0.37969951586789719 0.0088049481694041625 15.500000000000002 1.0000000180025095e-35 86.500000000000014 0.025862000000000003 6.3666666666650009 0.082319000000000017 1.0000000180025095e-35 4.083333333335001 0.073879000000000014 8.0833333333350019 24.500000000000004 36.550000000000004 314735.50000000006 33.500000000000007 25349.500000000004 1.0000000180025095e-35 0.060868500000000006 0.94875966535953815 64.000000000000014 0.018465000000000002 0.14725550000000001 1.0000000180025095e-35 1.5000000000000002 1.0000000180025095e-35 1.4228595000000002 6237.5000000000009 0.7740980979447657 2.5000000000000004
decision_type=2 2 2 2 2 2 2 2 2 2 2 2 2 2 2 2 2 2 2 2 2 2 2 2 2 2 2 2 2 2
left_child=1 -1 3 6 7 9 20 10 11 28 24 17 13 21 -14 19 -8 29 -18 -13 -2 -7 -23 -19 -3 -11 -6 -28 -4 -5
right_child=2 4 5 8 26 12 16 -9 -10 25 -12 15 14 -15 -16 -17 18 23 -20 -21 -22 22 -24 -25 -26 -27 27 -29 -30 -31
leaf_value=-0.048554045608954162 0.044483549111554499 -0.012086446742647035 -0.017834646020698779 0.017618776149147974 -0.04463539772428804 -0.0098992030291121143 0.017710087411062898 0.050213154946284755 0.0434474636695086 -0.020671550868275892 -0.0015012886299983546 0.020174942712639414 0.034253084142667208 0.033456475721979823 -0.015115376917796393 -0.026398258077448101 0.0053868045916772613 -0.03394652978489239 0.059723476414147408 0.034106442983357736 -0.003645292052744531 0.0085859079610132154 -0.088836588319855803 0.054502960032766994 -0.030160740437541678 0.021062259877378184 0.040816240807439029 -0.053459889032170277 0.010839026918730775 -0.034397680548591068
leaf_weight=302.65845020273809 7.4175839906674801 166.5251000858043 25.619284156651702 174.77509515470592 60.816440932383557 96.502690998080652 326.56872840307187 7.1955947885289779 61.202125924290158 132.10686354199424 126.2462712599372 180.65349419467384 41.214389635017142 21.608497584646102 10.320631795795633 6.8600045053753993 277.53561964945402 13.245204846214618 6.1953300274908534 167.75962077081203 186.07192964905698 130.22952674044063 1.8800673545338202 2.4647776699857777 69.82219581107347 9.8531959966203413 6.4473054005284194 6.3076129137916723 67.017492023180239 5.7733430494554332
leaf_count=836838 52 62044 1442 2082 65850 1950 2939 43 236 12930 25552 1691 276 200 136 196 4043 605 20 562 5409 2126 27 25 37746 576 1089 6654 634 77
internal_value=0 -0.0287268 0.0109739 0.0153263 -0.0151917 -0.000520824 0.00908232 -0.0106731 0.0235172 -0.00960725 -0.0118814 0.0213056 0.00654332 0.00287252 0.0243663 0.0258541 0.0125325 0.0130718 0.00657326 0.0268829 -0.00180023 -1.82832e-05 0.00719948 -0.0200695 -0.017426 -0.0177749 -0.0379035 -0.00580557 0.00290914 0.0159555
internal_weight=0 746.019 1952.88 1416.52 443.361 536.353 803.789 369.789 612.734 234.597 362.594 551.532 301.756 250.221 51.535 355.273 610.3 196.258 283.731 348.413 193.49 228.612 132.11 15.71 236.347 141.96 73.5714 12.7549 92.6368 180.548
internal_count=1074050 1035816 38234 17937 198978 20297 12463 125385 5474 15582 125342 5238 4715 4303 412 2449 7002 2789 4063 2253 5461 4103 2153 630 99790 13506 73593 7743 2076 2159
is_linear=0
shrinkage=0.05


Tree=63
num_leaves=31
num_cat=0
split_feature=0 0 40 0 40 101 105 40 2 54 97 99 105 36 102 106 2 62 2 87 2 74 2 46 2 85 81 93 85 0
split_gain=320.257 63.1174 35.3838 31.9469 21.5575 17.5228 10.1389 9.97845 10.8779 9.51812 9.45411 8.97249 7.12444 7.03105 7.87338 7.32584 7.91842 7.28898 7.93444 8.12869 6.81071 6.5715 6.44015 6.39182 6.38937 6.35223 7.0594 6.11783 5.98414 5.95745
threshold=0.072661120000328969 0.86620967868038068 92.500000000000014 0.0088049481694041625 8.5000000000000018 4.5000000000000009 5.5500000000000007 1.0000000180025095e-35 2563.5000000000005 1.0000000180025095e-35 1.5000000000000002 8.5000000000000018 29.100000000000005 1404.5000000000002 986.50000000000011 0.054766500000000003 2826.5000000000005 2.5000000000000004 8236.5000000000018 7.5000000000000009 532860.00000000012 1.0000000180025095e-35 370.00000000000006 1.0000000180025095e-35 1567682.0000000002 2.9166666666650003 0.27983250000000004 0.047882500000000008 10.100000000000001 0.23938287544958989
decision_type=2 2 2 2 2 2 2 2 2 2 2 2 2 2 2 2 2 2 2 2 2 2 2 2 2 2 2 2 2 2
left_child=3 2 5 27 6 7 -3 12 -9 -7 21 24 28 14 15 16 25 18 19 -15 -10 -4 -11 29 -5 26 -8 -1 -2 -24
right_child=1 4 10 11 -6 9 13 8 20 22 -12 -13 -14 17 -16 -17 -18 -19 -20 -21 -22 -23 23 -25 -26 -27 -28 -29 -30 -31
leaf_value=-0.050180006679736502 -0.0045465804163740773 0.00046220400024289427 0.018603016306410921 -0.0018706384630781852 0.02719462798063061 -0.025074780950478756 0.043748670942510004 -0.023072471594454809 0.024611979830708255 -0.043611468886661724 0.047802765546511222 -0.031131294070298812 0.017887401416061609 0.032000481027916076 -0.032322774939098783 0.036981950189784486 0.0061931193838804625 0.027827911481864046 -0.0014212340007295724 -0.005306064444129871 -0.0012849634904750441 -0.031172959086119514 -0.029065865980507588 0.020235166562815793 -0.049221437752764385 0.012497252914495945 -0.0048150865892390288 -0.018947633191726602 -0.028159883204275468 -0.0058970270153774172
leaf_weight=273.12997613841253 182.9239044614369 172.18491223163437 90.744903748145589 62.77306788572605 279.63981715566479 124.09869983787576 39.721742949448526 19.358777427129098 88.916759629617445 12.381386620894771 28.243623624788597 88.385237175636576 30.312012945694732 57.855475863907486 10.530168231111018 26.479074648581445 376.47720499080606 148.50299007026479 61.991101697552949 19.530201961286366 35.534572664524603 7.153498188366938 32.001612258187379 20.303755519955303 8.0364028067233431 96.806617297697812 9.2200955711305124 16.634231665455445 31.442283140240761 208.61400615598541
leaf_count=785722 12377 2009 4362 23446 1218 39045 147 3225 3254 2267 74 101901 1703 272 97 94 2411 733 584 151 1618 1035 9865 1336 6005 547 38 51116 7386 10012
internal_value=0 0.00781801 -0.00226391 -0.038501 0.0148969 -0.00620955 0.011523 0.00134165 0.011794 -0.0135914 0.0223181 -0.0205066 -0.00480176 0.0137713 0.010503 0.0113249 0.0100239 0.0201202 0.0119078 0.0225852 0.0172176 0.0149659 -0.00837714 -0.00670516 -0.00724464 0.0199192 0.0345998 -0.0483871 -0.00801008 -0.00897846
internal_weight=0 2210.97 912.03 448.959 1298.94 785.888 1019.3 388.488 143.81 397.399 126.142 159.195 244.678 847.115 559.235 548.705 522.226 287.88 139.377 77.3857 124.451 97.8984 273.301 260.919 70.8095 145.748 48.9418 289.764 214.366 240.616
internal_count=1074050 105860 97559 968190 8301 92088 7083 29563 8097 62525 5471 131352 21466 5074 3334 3237 3143 1740 1007 423 4872 5397 23480 21213 29451 732 185 836838 19763 19877
is_linear=0
shrinkage=0.05


Tree=64
num_leaves=31
num_cat=0
split_feature=0 0 101 40 88 81 57 57 99 46 0 0 38 87 80 105 55 36 105 40 93 40 52 104 40 3 104 104 101 90
split_gain=302.965 79.4495 32.9728 24.4829 17.4627 15.6401 13.7578 10.4562 9.10713 9.57236 8.85842 8.7768 8.09612 8.19378 7.82224 8.3242 7.48142 6.4079 6.18999 6.16477 5.94186 5.90399 5.72815 5.69517 5.65705 5.61692 5.83833 8.26216 9.80133 6.40444
threshold=0.42569895731548962 0.0088049481694041625 4.5000000000000009 1.0000000180025095e-35 0.082319000000000017 0.027145000000000002 86.500000000000014 2.5000000000000004 8.5000000000000018 1.0000000180025095e-35 0.86620967868038068 0.94875966535953815 2.5000000000000004 6.5000000000000009 0.013634500000000003 7.7750000000000012 1.0000000180025095e-35 959.50000000000011 36.550000000000004 1.0000000180025095e-35 0.047882500000000008 3035.0000000000005 0.012564500000000001 0.084280500000000022 6.5000000000000009 193655.50000000003 0.081664500000000015 0.10036250000000001 1.5000000000000002 236.50000000000003
decision_type=2 2 2 2 2 2 2 2 2 2 2 2 2 2 2 2 2 2 2 2 2 2 2 2 2 2 2 2 2 2
left_child=1 20 3 11 6 8 14 12 24 23 21 22 13 -5 -3 19 25 -14 -12 -16 -1 -7 -2 -10 -4 -13 -27 -28 29 -29
right_child=2 4 5 7 -6 10 -8 -9 9 -11 18 16 17 -15 15 -17 -18 -19 -20 -21 -22 -23 -24 -25 -26 26 27 28 -30 -31
leaf_value=-0.050055078112596976 0.0013765595355416731 -0.039975048308241355 -0.0044255899576643616 0.031492927369665406 0.051094267230626725 -0.0048561689717191905 -0.035594912749317191 0.0098091167885889299 -0.025219002227505779 0.02876314533513645 0.011311902227634868 0.017501720772798445 -0.057798917837389489 0.013417007142329754 -0.0252602593461176 -0.0034448776929729198 0.050637118898635904 0.028397680753048517 0.040419108833854384 -0.003605750342515061 -0.019033899684159663 0.040333454906650135 0.055159745067206757 0.012402566702794897 0.019712318035307954 -0.008773659757620525 0.038794873065272184 0.0057436174297909133 -0.054807642004689641 0.058037390763029245
leaf_weight=260.82571744276356 269.05548827931489 23.478794175753137 106.39036359317834 337.79019637848251 9.9575782361207512 127.07210684014717 73.841042628368086 109.65868086826958 104.79079410241684 10.267437893140594 226.97557286522351 242.75859600584954 4.9678140627220255 76.981327975634485 110.28413395159441 201.01999293809422 13.38594565913081 3.8095605131238699 19.863902639597654 46.820527661609958 16.407440832253997 7.6637475667521349 5.0434354324825099 11.127627462032249 31.448490404058248 49.709662275388837 22.654553920030594 81.448173920158297 6.3535935543477526 6.3084063932765266
leaf_count=785722 7889 16424 2741 1606 50 3702 75036 2171 10648 485 1431 1156 44 620 44715 52335 42 15 74 14501 51116 39 51 282 355 298 96 339 43 24
internal_value=0 -0.0270297 0.0107027 0.0155059 -0.0144075 0.00155224 -0.0158396 0.0235697 -0.00780344 -0.017509 0.00802575 0.00933453 0.0271324 0.028138 -0.0120169 -0.0101839 0.013854 -0.0203878 0.0136542 -0.0188068 -0.0482192 -0.00228579 0.00236617 -0.0216075 0.00108157 0.0126508 0.00557713 0.0116866 0.00516103 0.00950277
internal_weight=0 742.635 1875.53 1229.93 465.402 645.6 455.444 533.208 264.025 126.186 381.575 696.718 423.549 414.772 381.603 358.125 422.619 8.77737 246.839 157.105 277.233 134.736 274.099 115.918 137.839 409.233 166.474 116.765 94.1102 87.7566
internal_count=1074050 1039899 34151 14394 203061 19757 203011 4456 14511 11415 5246 9938 2285 2226 127975 111551 1998 59 1505 59216 836838 3741 7940 10930 3096 1956 800 502 406 363
is_linear=0
shrinkage=0.05


Tree=65
num_leaves=31
num_cat=0
split_feature=0 0 101 40 101 0 54 88 36 80 2 40 74 77 105 36 95 106 70 105 36 96 44 104 81 96 93 107 40 105
split_gain=287.531 76.2504 31.9625 24.5496 16.0877 12.4121 11.8038 11.1263 9.09972 9.67892 8.8738 7.88004 7.78423 7.72222 7.49902 7.17132 6.93376 6.8791 6.50823 6.28728 6.27073 6.30309 5.99961 6.43492 5.95985 8.89833 5.85869 7.42871 6.13199 7.23204
threshold=0.42569895731548962 0.0088049481694041625 15.500000000000002 7.5000000000000009 13.500000000000002 0.94875966535953815 1.0000000180025095e-35 0.082319000000000017 3677.5000000000005 1.2469325000000002 8.9884656743000007e+307 4.5000000000000009 1.0000000180025095e-35 0.041014500000000002 25.100000000000005 2124.5000000000005 1035.5000000000002 0.049804000000000008 7.083333333335001 8.7750000000000021 2062.5000000000005 0.073314000000000018 1.0000000180025095e-35 0.077302000000000023 0.046833500000000007 0.029253000000000005 0.036605000000000006 21.500000000000004 742.50000000000011 12.100000000000001
decision_type=2 2 2 2 2 2 2 2 2 2 2 2 2 2 2 2 2 2 2 2 2 2 2 2 2 2 2 2 2 2
left_child=1 -1 3 5 7 13 16 19 9 17 12 14 22 15 -8 -2 -4 24 -14 -3 -7 -22 23 26 -6 -26 28 -28 29 -5
right_child=2 4 6 10 8 20 11 -9 -10 -11 -12 -13 18 -15 -16 -17 -18 -19 -20 -21 21 -23 -24 -25 25 -27 27 -29 -30 -31
leaf_value=-0.048088856540875656 -0.0020374312519828874 -0.016180183777266786 -0.0107847006519417 0.004358020702565797 -0.030200345440308141 0.013116768764470441 -0.0043182072169022047 0.049516830094762876 -0.042923949292796304 0.043089973808759389 -3.7013736377005576e-05 0.015084304026478583 0.013041836902230056 0.018595629592819223 0.016578529185449924 0.017445434925761338 -0.049043590286785961 0.021051201003439983 -0.061454863289578492 0.00059165018670998459 0.032378241007784608 -0.014876404832809116 0.045715968383799488 0.039498607910034081 0.0028329470394263846 -0.042585655865581336 0.015532565510253091 -0.037816965921654878 0.044059855062409697 0.032135576049551126
leaf_weight=265.30725819602321 302.5729907725181 106.41932306263152 76.568033546922379 40.525091507675825 105.3647883138492 487.38814719743095 255.32411920023151 8.9370387725066376 49.320497770368092 6.1344366626071851 30.308191081567202 104.63822624160093 10.892666067462413 75.522580040735193 51.610987470136024 55.968355191100272 14.009283394720113 9.2576411243207968 4.0114423310442353 117.65653085098165 75.507970898179337 7.784239785745739 50.62665940693114 72.144898084341548 38.920943539662403 14.91721777585917 39.393271967070177 7.820591820520348 38.390538626699708 55.554629834514344
leaf_count=836838 9203 43838 5489 485 73607 2385 5783 45 42591 865 285 1201 69 972 726 1356 4422 1648 210 25760 314 45 170 288 9214 5493 172 93 153 330
internal_value=0 -0.0267682 0.0104133 0.0144079 -0.0143887 0.0104368 -0.000361131 -0.00519173 -0.0239593 -0.0186021 0.0258187 0.00323511 0.0282725 0.00406463 -0.000804431 0.00100385 -0.0167021 -0.0208486 -0.00700896 -0.00737372 0.0152835 0.027962 0.0299997 0.026865 -0.0232851 -0.00975142 0.0218483 0.00669565 0.0271686 0.0204194
internal_weight=0 722.236 1856.56 1354.41 456.928 1004.74 502.151 233.013 223.916 174.595 349.668 411.573 319.36 434.064 306.935 358.541 90.5773 168.461 14.9041 224.076 570.68 83.2922 304.456 253.829 159.203 53.8382 181.684 47.2139 134.47 96.0797
internal_count=1074050 1039899 34151 16530 203061 14275 17621 69643 133418 90827 2255 7710 1970 11531 6509 10559 9911 89962 279 69598 2744 359 1691 1521 88314 14707 1233 265 968 815
is_linear=0
shrinkage=0.05


Tree=66
num_leaves=31
num_cat=0
split_feature=0 0 65 40 0 40 99 40 76 57 80 105 44 72 76 64 3 99 96 2 2 3 105 107 48 36 105 3 43 46
split_gain=273.178 66.0863 32.4715 20.9286 20.4831 19.1662 13.7165 11.9492 10.9779 8.106 8.13205 6.9469 7.37194 7.20928 6.93655 7.44335 7.28204 9.17583 8.34049 7.88116 6.98625 6.66474 6.49935 6.39932 10.137 7.80343 7.26881 6.68245 6.38829 6.38128
threshold=0.043984350660107828 0.86620967868038068 1.0000000180025095e-35 1.0000000180025095e-35 0.0019437620776660012 1.0000000180025095e-35 241.50000000000003 44.500000000000007 4.5000000000000009 2.5000000000000004 0.015317500000000003 8.7083333333350019 1.0000000180025095e-35 29.500000000000004 4.5000000000000009 1.5000000000000002 6290.5000000000009 7.5000000000000009 0.0087035000000000012 23.500000000000004 48730.000000000007 3321.0000000000005 11.550000000000002 21.500000000000004 1.5000000000000002 1113.5000000000002 6.2916666666650007 72519.500000000015 4.5000000000000009 1.0000000180025095e-35
decision_type=2 2 2 2 2 2 2 2 2 2 2 2 2 2 2 2 2 2 2 2 2 2 2 2 2 2 2 2 2 2
left_child=4 2 6 22 -1 14 7 29 -6 11 -11 12 -7 -13 16 28 17 19 -19 -3 -17 -5 -4 24 -18 -25 -26 -28 -16 -2
right_child=1 5 3 21 8 9 -8 -9 -10 10 -12 13 -14 -15 15 20 23 18 -20 -21 -22 -23 -24 25 26 -27 27 -29 -30 -31
leaf_value=-0.050413957618307907 -0.011397583115954204 -0.032367667914873513 -0.011221732043860084 -0.024384703866409008 -0.0082584210567858019 0.011470809044374093 -0.033677529692388589 0.0094695121040974817 -0.036783672960781749 -0.069377725325778794 0.012788143301507208 0.03168738758978823 0.047269050275040851 -0.023746172645868358 -0.037307908711423081 0.016229790399615425 0.012321358556952312 -0.051339345767398431 0.012716814918526968 0.037042920593418398 -0.018570676892228254 0.031108069949951429 0.012825200513934624 0.0086815311498231688 -0.025180664886344524 0.041039967383198532 -0.015703341836696236 0.0084911093938625313 0.0012111918661293019 0.0072263069246230847
leaf_weight=213.14177637945795 501.69053984591301 4.3416273321490726 72.254135828785365 5.7006136267154934 54.330540202352495 113.20613993983716 51.499937121156108 95.438388752481842 88.948332343330549 3.0856380928307763 125.03008956456324 239.16135146468878 16.474112458527088 6.0127026075497261 22.177440783474594 56.793029080610722 261.88339530839585 5.7883538659661999 41.625759950838983 70.445414114743471 19.330179464071989 106.37599836816662 45.980318260990316 46.107558223884553 31.147896791459061 31.265846115071326 40.051480962894857 99.290385866072029 20.915362986270338 50.636976505691564
leaf_count=697189 64780 18 7985 546 63076 640 35110 5385 182270 47 1101 887 45 59 333 475 1622 42 285 324 331 1606 2086 357 428 167 253 677 210 5716
internal_value=0 0.00662444 -0.00347873 0.0128046 -0.0405865 0.014113 -0.00884181 -0.00686727 -0.0259671 0.0216668 0.0108092 0.0253776 0.0160185 0.0303279 0.00905511 -0.00200726 0.011142 0.0221041 0.00489679 0.0330134 0.00739281 0.0282855 -0.0018701 0.00851406 0.00614418 0.0217573 -0.00334437 0.00153682 -0.0186124 -0.00969016
internal_weight=0 2183.71 929.577 230.311 356.421 1254.13 699.266 647.766 143.279 502.97 128.116 374.854 129.68 245.174 751.164 119.216 631.948 122.201 47.4141 74.787 76.1232 112.077 118.234 509.747 432.373 77.3734 170.49 139.342 43.0928 552.328
internal_count=1074050 131515 123214 12223 942535 8301 110991 75881 245346 2779 1148 1631 685 946 5522 1349 4173 669 327 342 806 2152 10071 3504 2980 524 1358 930 543 70496
is_linear=0
shrinkage=0.05


Tree=67
num_leaves=31
num_cat=0
split_feature=0 0 101 40 101 0 85 2 70 40 73 104 105 69 50 0 36 98 96 104 2 72 105 69 93 95 80 96 62 93
split_gain=260.318 75.1396 29.6821 22.2995 15.1339 11.1244 9.80885 9.72499 8.44923 7.95435 7.62543 9.21745 7.3453 7.18926 8.36989 7.12622 6.4486 6.61758 7.74993 7.71643 6.22406 8.34787 8.63779 6.2568 8.35146 6.05851 5.99846 5.95124 5.92314 5.8858
threshold=0.48090646582193369 0.0088049481694041625 15.500000000000002 7.5000000000000009 6.5000000000000009 0.94875966535953815 83.166666666650016 728670.50000000012 447.16666666650002 98.500000000000014 1.5000000000000002 0.056499000000000001 7.7750000000000012 7.5000000000000009 1.0000000180025095e-35 0.94875966535953815 2062.5000000000005 2.5000000000000004 0.028868500000000002 0.12293450000000002 117173.00000000001 10.500000000000002 15.083333333350001 9.5000000000000018 0.028583000000000004 6.5000000000000009 0.13916100000000003 0.010416000000000002 9.5000000000000018 0.047882500000000008
decision_type=2 2 2 2 2 2 2 2 2 2 2 2 2 2 2 2 2 2 2 2 2 2 2 2 2 2 2 2 2 2
left_child=1 29 3 5 9 13 15 10 12 -3 11 -5 -6 14 -2 20 -7 18 -18 -20 21 23 -23 26 -25 -13 -4 -19 -9 -1
right_child=2 4 6 7 8 16 -8 28 -10 -11 -12 25 -14 -15 -16 -17 17 27 19 -21 -22 22 -24 24 -26 -27 -28 -29 -30 -31
leaf_value=-0.049844230401806848 0.0015460224105973595 -0.0073872932911327868 0.014078167285148888 0.015696868803855915 -0.028624857124656553 0.012723298158046587 -0.028000847140905439 0.014477214583910311 -0.040955369342367064 0.025509607129236157 0.044585551684692672 0.049421909492735436 -0.0094926294961849463 -0.0088031301025629626 0.018286941262523119 0.010397453406724324 0.034847792249550369 0.00092706790553320718 -0.041044922699242925 0.020207166355499021 -0.012239011737391651 -0.040161456163110877 0.01416868354773456 -0.056052724514503494 0.015742776794491497 0.024398235051967435 -0.029207711063734043 0.05263615589135863 -0.025915907092877763 -0.017437352122233758
leaf_weight=228.68320304752615 210.32940073459758 209.49328228841841 123.74791036761599 125.34164134615276 88.436330859909503 475.89897023141384 30.217853101916262 41.471566505962983 48.65718707319138 20.142025678866048 61.189303184859455 45.856076733209193 115.93073334736619 85.462694198649842 115.75139898259658 147.84857934247702 22.755901711527258 6.7877408247441045 9.358799918554725 11.411184488330035 113.41411543819413 20.286755786859434 11.441979910829103 8.4447293142147846 7.784140365314669 51.189981016214006 8.557075176810029 30.872309371829033 11.618166547734289 14.925522968347648
leaf_count=785722 5796 62408 2315 1076 46741 2385 5401 312 50697 2026 158 142 45465 2837 1560 786 91 32 66 61 3670 871 333 610 180 276 723 109 85 51116
internal_value=0 -0.0252211 0.0103078 0.0141926 -0.0137955 0.0103397 -0.000441291 0.0252777 -0.02223 -0.0045018 0.0289546 0.0246538 -0.0177718 0.00410546 0.00748867 0.00144488 0.0149452 0.0279696 0.0146912 -0.00739257 -0.00306221 0.00271147 -0.020569 0.00768448 -0.0216162 0.0362224 0.0112786 0.0433163 0.00563758 -0.0478587
internal_weight=0 726.268 1777.04 1305.3 482.66 968.628 471.743 336.667 253.024 229.635 283.577 222.388 204.367 411.543 326.081 441.525 557.085 81.1859 43.5259 20.77 293.677 180.263 31.7287 148.534 16.2289 97.0461 132.305 37.6601 53.0897 243.609
internal_count=1074050 1044175 29875 14986 207337 12937 14889 2049 142903 64434 1652 1494 92206 10193 7356 9488 2744 359 218 127 8702 5032 1204 3828 790 418 3038 141 397 836838
is_linear=0
shrinkage=0.05


Tree=68
num_leaves=31
num_cat=0
split_feature=0 0 88 101 0 40 0 40 76 107 36 105 65 65 105 80 102 80 70 105 87 80 105 62 93 62 98 40 102 93
split_gain=247.322 66.3999 22.2947 21.3038 19.5403 17.876 13.4265 11.0397 9.51349 9.22307 8.68188 8.54949 9.99402 8.3837 8.16877 7.53229 6.41758 6.34773 6.07712 6.54686 6.42323 5.89669 5.7882 5.61908 5.55044 5.40093 5.39114 5.31091 5.20508 5.06246
threshold=0.030380062479932603 0.68981449621504665 0.062555500000000014 13.500000000000002 0.94875966535953815 3.5000000000000004 0.0019437620776660012 1.0000000180025095e-35 4.5000000000000009 44.500000000000007 3677.5000000000005 35.708333333350005 1.0000000180025095e-35 1.0000000180025095e-35 7.2916666666650007 0.045801000000000008 51.500000000000007 0.26673600000000003 593.12500000000011 27.550000000000004 11.500000000000002 0.029243500000000002 5.7750000000000012 2.5000000000000004 0.0056575000000000011 10.500000000000002 7.5000000000000009 4462.5000000000009 1438.5000000000002 0.094543000000000002
decision_type=2 2 2 2 2 2 2 2 2 2 2 2 2 2 2 2 2 2 2 2 2 2 2 2 2 2 2 2 2 2
left_child=6 3 4 5 9 14 29 22 21 11 28 12 15 23 -2 24 -11 -14 19 20 27 -8 26 -7 -3 -13 -6 -9 -5 -1
right_child=1 2 -4 10 7 13 8 18 -10 16 -12 25 17 -15 -16 -17 -18 -19 -20 -21 -22 -23 -24 -25 -26 -27 -28 -29 -30 -31
leaf_value=-0.05104913294962285 -0.018428860497768491 -0.026951498481894445 0.036107715022048542 -0.013015760425229471 -0.0035312688709515749 -0.010388026114335714 -0.050802340410406294 0.0206706685226552 -0.038979514568728391 -0.063360592855614295 -0.038100332177504144 0.015407542067347811 0.013560348910567841 0.035787283651423869 0.00034334803825428943 0.0036648861876591513 -0.0083654048913892661 -0.08410984138244329 -0.026797659863057956 0.040628663725839488 -0.023504597282169956 0.0018762003312523799 0.013262977328021711 0.02244180403178761 -0.0036374881379772081 0.050605167689659739 0.062686515305794319 0.060076810904260619 -0.054295853383338158 0.027611829521976536
leaf_weight=193.33003685850053 94.194432769960258 40.785466252011247 86.036679626442492 212.88432555460895 81.194291943917051 26.82166154661536 6.4536102882775586 199.31132400967181 69.344898738209849 5.7121642008423796 47.303185122018476 51.951012292818632 191.60816112055909 40.962682601428241 150.61576953077019 224.06537622725591 74.368244797209627 1.6781151210889209 5.9069653437472871 50.792111875489354 7.9238181761465958 30.038033410412027 443.10006072581746 25.354405955549737 68.247012885985896 13.792421053163705 3.1947110667824736 8.9335333295166475 7.920469209613656 2.0672938738825897
leaf_count=695700 22276 1125 306 52526 681 5569 15645 913 166796 212 31163 719 2425 794 17338 3230 3809 12 67 148 96 41855 2031 1326 1036 67 9 23 4664 1489
internal_value=0 0.00590707 0.0113678 -0.00813625 0.0099223 0.00021345 -0.042448 0.0152008 -0.028105 0.00363754 -0.018661 0.00579137 0.00366809 0.018857 -0.00687954 -0.00158003 -0.0122882 0.0127124 0.0233654 0.0244754 0.0206799 -0.00744009 0.0109772 0.00556528 -0.0123585 0.0227917 -0.00102446 0.0223612 -0.0144965 -0.0502169
internal_weight=0 2164.66 1558.6 606.057 1472.56 337.949 301.234 800.357 105.837 672.208 268.108 592.128 526.384 93.1388 244.81 333.098 80.0804 193.286 272.868 266.961 216.169 36.4916 527.489 52.1761 109.032 65.7434 84.389 208.245 220.805 195.397
internal_count=1074050 152565 16909 135656 16603 47303 921485 3968 224296 12635 88353 8614 7828 7689 39614 5391 4021 2437 1247 1180 1032 57500 2721 6895 2161 786 690 936 57190 697189
is_linear=0
shrinkage=0.05


Tree=69
num_leaves=31
num_cat=0
split_feature=0 0 40 0 57 57 106 2 40 46 77 95 2 80 36 96 53 105 95 46 99 40 3 2 99 77 80 93 2 35
split_gain=234.618 70.7694 29.7289 21.8768 14.4055 13.6548 10.6008 9.08784 8.55555 8.44204 7.19592 7.17105 6.54609 8.33958 7.64783 6.51126 5.8776 5.85895 5.97434 6.67203 5.83771 6.89912 5.72568 5.97355 6.52051 5.80923 6.71881 5.47787 5.288 5.21685
threshold=0.48090646582193369 0.0088049481694041625 2.5000000000000004 0.94875966535953815 3.5000000000000004 2.5000000000000004 0.029086500000000005 189759.50000000003 297.50000000000006 1.0000000180025095e-35 0.064597500000000016 1825.5000000000002 201361.00000000003 0.49069550000000006 6903.0000000000009 0.039410000000000008 0.058095000000000001 12.775000000000002 7.5000000000000009 1.0000000180025095e-35 9.5000000000000018 10026.000000000002 3321.0000000000005 625678.00000000012 9.5000000000000018 0.031617000000000006 0.036665500000000011 0.047882500000000008 370.00000000000006 1.0000000180025095e-35
decision_type=2 2 2 2 2 2 2 2 2 2 2 2 2 2 2 2 2 2 2 2 2 2 2 2 2 2 2 2 2 2
left_child=1 27 3 6 8 7 15 10 9 22 16 12 13 -6 -15 17 -4 18 -2 -20 -7 28 -3 25 -25 26 -24 -1 -22 -9
right_child=2 4 5 -5 11 20 -8 29 -10 -11 -12 -13 -14 14 -16 -17 -18 -19 19 -21 21 -23 23 24 -26 -27 -28 -29 -30 -31
leaf_value=-0.049787463499965712 -0.0028810228938292216 -0.043531564475278409 0.025850945548284671 0.011859085388183333 -0.020271198899575484 0.016758623210188162 0.014969070047605252 0.0084989217881521837 0.029763881805967105 0.016778664942942816 0.04414593157013956 -0.047090504377919069 -0.031779056077118978 0.021375797462576517 -0.048577617104482163 0.0036512502732934543 -0.034452517203935482 -0.0019165281713460316 -0.026575337522024612 0.020935585299943701 -0.047668426499250356 0.054604413463964767 -0.033133120130343439 -0.035272961139160064 0.0054387354772999557 0.012364475921787995 -0.003554558981537375 -0.017757226061491979 -0.0024762817293560294 0.050468100426837692
leaf_weight=209.1180431150442 59.894958392251283 13.084140927079714 230.38759752421174 620.51389519427903 85.936980909247723 71.485901530948468 81.280014110961929 97.799197069369256 16.015888454636297 30.16340405374649 60.407259287661873 27.37486745573915 69.68940803537771 25.057625339908558 4.6289237037053672 161.43995175443706 4.11282068863511 161.38052598205104 93.140165999779128 8.0261999638023536 7.1938191426888798 4.8511187597177914 24.758085402587312 36.586550564927165 13.45112756983144 38.495874998217914 85.504985218474758 14.258616658364188 64.6003227131514 8.0108592212200147
leaf_count=785722 1958 5448 1391 3212 61266 622 1254 672 565 5497 239 33702 44433 6886 4533 4406 16 6041 5875 258 822 35 10057 9467 3099 4959 17425 51116 3056 18
internal_value=0 -0.0245663 0.00983099 0.00537738 -0.0135687 0.0194521 -0.00173915 0.0242471 -0.00562814 -0.00797001 0.0287574 -0.0232032 -0.0196745 -0.0123788 0.0104682 -0.00454572 0.0247933 -0.00864977 -0.0153964 -0.022806 0.00648082 -0.00310514 -0.0114932 -0.00938458 -0.0243288 -0.00435781 -0.010196 -0.0477429 -0.00700456 0.0116764
internal_weight=0 694.125 1734.52 1185.68 470.748 548.849 565.162 400.718 258.06 242.044 294.908 212.688 185.313 115.624 29.6865 483.882 234.5 322.442 161.061 101.166 148.131 76.6453 211.881 198.797 50.0377 148.759 110.263 223.377 71.7941 105.81
internal_count=1074050 1044175 29875 23004 207337 6871 19792 2336 56517 55952 1646 150820 117118 72685 11419 18538 1407 14132 8091 6133 4535 3913 50455 45007 12566 32441 27482 836838 3878 690
is_linear=0
shrinkage=0.05


Tree=70
num_leaves=31
num_cat=0
split_feature=0 0 40 0 40 101 105 99 76 101 36 101 36 59 0 80 48 106 2 85 62 0 2 80 40 3 80 104 2 2
split_gain=222.185 55.4563 28.2517 18.8446 17.6324 16.9384 11.0605 9.99512 9.19703 8.72604 9.49741 8.61066 7.77111 7.08262 6.49727 6.09332 5.83035 5.61442 6.17074 8.51841 5.48837 8.28933 5.41965 5.58845 5.30474 5.35979 5.30151 5.14561 5.2134 7.83499
threshold=0.043984350660107828 0.86620967868038068 98.500000000000014 0.0019437620776660012 52.500000000000007 6.5000000000000009 4.5500000000000007 86.500000000000014 4.5000000000000009 11.500000000000002 2062.5000000000005 1.0000000180025095e-35 104.50000000000001 0.031010000000000006 0.48090646582193369 0.080539500000000014 83.500000000000014 0.053666500000000013 2826.5000000000005 2.9166666666650003 3.5000000000000004 0.94875966535953815 625678.00000000012 0.028402 1.0000000180025095e-35 7221.0000000000009 0.028824500000000006 0.18834450000000003 156.50000000000003 144.50000000000003
decision_type=2 2 2 2 2 2 2 2 2 2 2 2 2 2 2 2 2 2 2 2 2 2 2 2 2 2 2 2 2 2
left_child=3 2 5 -1 6 13 12 -7 22 10 17 -4 -3 15 -15 -2 26 18 19 -8 -6 -22 23 -5 -17 -26 -14 28 29 -21
right_child=1 4 11 8 20 7 9 -9 -10 -11 -12 -13 16 14 -16 24 -18 -19 -20 27 21 -23 -24 -25 25 -27 -28 -29 -30 -31
leaf_value=-0.050101424125699061 -0.011856062908448067 0.023634811548822344 0.032128444033828606 -0.046617252803170361 0.03721145324863314 -0.011388498431601965 0.034945793974445936 -0.034689970455834565 -0.035756619756817182 0.003919310773465687 0.02779500312960112 0.0048927514418407401 -0.060549756502431967 -0.0052219060354004969 0.024570146659676422 -0.0033837328503035754 -0.065261163068858971 0.031426682098319357 0.0076411820990204306 0.0039509478554330185 -0.0063022460334601878 0.034077434430198637 -0.045326754657269035 0.0058318596896072177 -0.026674592726509801 0.019356110191879355 -0.0037200863013549428 -0.041030361027559865 0.018590341025673078 -0.080730488900424918
leaf_weight=178.59179800696074 125.12390157296613 22.937573987059295 61.841466681427846 5.8889790404209625 87.770638861227781 316.48312978398826 56.912716274615377 53.85254763454941 79.561139318230744 219.63123663613806 125.63818038650788 54.679324813561834 4.2778344992548218 29.079526978093782 49.373028313741088 134.13242428302328 4.3257886344799763 37.180176023393869 366.05560826719739 18.179995300597515 22.318192972801626 29.521278348751366 8.3928310503542871 36.912746014156255 7.1260256936875512 56.189930446576909 100.8888974301517 4.4969485187903038 93.421679982449859 3.2144724500831208
leaf_count=697189 11910 156 1132 13016 349 43242 228 34678 182270 1825 671 5703 81 3216 667 16610 175 153 2456 122 127 110 15683 34377 1885 4171 1225 33 550 40
internal_value=0 0.00586775 -0.00360022 -0.039542 0.012892 -0.00706669 0.0106865 -0.0147769 -0.0251195 0.0126219 0.0153327 0.0193476 -0.00282804 5.34668e-05 0.0135273 -0.0032235 -0.00837174 0.0126306 0.0113419 0.0190291 0.0295926 0.016693 -0.00858837 -0.00138448 0.002247 0.0141755 -0.00603173 0.0114367 0.0134917 -0.00877225
internal_weight=0 2084.65 887.881 309.347 1196.77 771.361 1057.16 370.336 130.756 924.731 705.1 116.521 132.43 401.025 78.4526 322.572 109.493 579.462 542.281 176.226 139.61 51.8395 51.1946 42.8017 197.448 63.316 105.167 119.313 114.816 21.3945
internal_count=1074050 131515 123214 942535 8301 116379 7715 77920 245346 6078 4253 6835 1637 38459 3883 34576 1481 3582 3429 973 586 237 63076 47393 22666 6056 1306 745 712 162
is_linear=0
shrinkage=0.05


Tree=71
num_leaves=31
num_cat=0
split_feature=0 0 101 40 40 0 54 76 105 74 85 68 2 107 105 80 65 105 80 2 80 36 36 105 105 2 98 105 104 80
split_gain=211.732 54.6179 25.6398 19.2394 18.7526 18.0437 11.0293 8.42243 8.00696 7.42262 7.16549 7.57275 6.94338 8.7857 6.35737 6.8241 5.70823 5.29395 5.91542 4.95549 4.85112 7.76674 4.78604 6.99917 6.31567 9.76536 5.48927 4.90607 5.34752 4.75996
threshold=0.043984350660107828 0.86620967868038068 4.5000000000000009 1.0000000180025095e-35 1.0000000180025095e-35 0.0019437620776660012 1.0000000180025095e-35 4.5000000000000009 11.550000000000002 1.0000000180025095e-35 2.9166666666650003 0.086694000000000007 23453.500000000004 56.500000000000007 52.100000000000009 0.048798500000000009 1.0000000180025095e-35 32.100000000000009 0.022744500000000004 625678.00000000012 0.89367850000000015 5419.5000000000009 481.50000000000006 8.7750000000000021 7.5500000000000007 335368.00000000006 4.5000000000000009 6.3666666666650009 0.12559950000000003 0.028402
decision_type=2 2 2 2 2 2 2 2 2 2 2 2 2 2 2 2 2 2 2 2 2 2 2 2 2 2 2 2 2 2
left_child=5 2 3 8 12 -1 -4 19 -2 16 -6 17 -3 22 15 -8 -5 18 -12 29 -9 -22 23 24 27 -26 -25 -14 -29 -7
right_child=1 4 6 9 10 7 14 20 -10 -11 11 -13 13 -15 -16 -17 -18 -19 -20 -21 21 -23 -24 26 25 -27 -28 28 -30 -31
leaf_value=-0.049943318770450898 -0.012902292386501779 0.012143229667830921 -0.024510759389487199 0.0096681814130791383 0.027558785658912007 -0.04485357600441725 -0.016400556966514736 -0.040936203591172213 0.0054798740096458545 -0.018926954263567681 -0.032368488472760276 0.050281254553819668 -0.0023542885060516871 -0.041617529475414847 0.021441576814391579 -0.00069190471553034181 0.026787287201568463 0.03145617783325954 0.011788259594784077 -0.04511051991651871 0.026613127473355699 -0.053103461800736884 -0.0019197093516296509 0.035424536917384314 0.040435717242451909 -0.065911409196422716 0.0065955349352659568 0.008980513774310769 0.066762547180418838 0.0042859698430673795
leaf_weight=171.0346879913568 138.04660474836419 387.11257913953159 132.04339643320054 97.064899010067165 203.58061347808689 5.6955562723614994 146.98983569682605 65.063532778574881 103.77118432421412 14.414815266070944 7.8703684133943161 14.44960788078606 48.415454501053318 11.037884511635637 18.265118967145099 130.53208476184955 97.714981126671773 33.813606350566261 208.8751103997929 8.0622633797211147 7.2539783455358684 5.2791571713041776 169.54587632056791 36.413283908739686 3.0181945753283781 7.5795141402631998 30.211349600926042 12.041884408332409 5.9988119937479487 36.573876233176634
leaf_count=697189 19502 2670 54454 7675 826 13016 18601 165351 7351 2217 125 42 573 239 1574 10185 1655 182 1604 15683 6237 10682 1569 169 22 49 111 99 21 34377
internal_value=0 0.00570971 -0.00372674 0.00459115 0.012738 -0.0393199 -0.0124953 -0.0251168 -0.00501396 0.0156941 0.0205044 0.0150852 0.00762222 0.00222492 -0.00713148 -0.00901201 0.0182563 0.0130555 0.0101849 -0.00918714 -0.0354493 -0.00696478 0.0037699 0.0104839 0.000222192 -0.0356241 0.0223518 0.00593857 0.0281939 -0.00233529
internal_weight=0 2058.81 878.843 451.012 1179.96 298.963 427.83 127.928 241.818 209.195 468.589 265.009 711.375 324.262 295.787 277.522 194.78 250.559 216.745 50.3317 77.5967 12.5331 313.224 143.678 77.0539 10.5977 66.6246 66.4562 18.0407 42.2694
internal_count=1074050 131515 123214 38400 8301 942535 84814 245346 26853 11547 2779 1953 5522 2852 30360 28786 9330 1911 1729 63076 182270 16919 2613 1044 764 71 280 693 120 47393
is_linear=0
shrinkage=0.05


Tree=72
num_leaves=31
num_cat=0
split_feature=0 0 0 40 40 101 77 74 105 107 106 105 57 2 102 92 2 93 80 48 81 69 90 101 80 36 96 36 3 54
split_gain=201.202 44.4793 26.3469 23.326 16.9054 14.1409 7.63881 7.00172 6.95209 6.92587 6.71331 6.14896 6.10964 6.72659 5.87441 5.67007 6.15979 5.65354 5.55367 5.4778 5.47215 5.44955 5.39562 5.28497 5.40992 5.0831 5.18613 4.90918 5.17658 5.63622
threshold=0.07939372682956107 0.86620967868038068 0.0088049481694041625 92.500000000000014 6.5000000000000009 4.5000000000000009 0.030463500000000001 1.0000000180025095e-35 5.708333333335001 234.50000000000003 0.029086500000000005 10.550000000000002 2.5000000000000004 192371.00000000003 878.50000000000011 4.5000000000000009 910.00000000000011 0.047882500000000008 0.091939000000000007 560.50000000000011 0.10054350000000001 9.5000000000000018 2.5000000000000004 11.500000000000002 0.11699950000000002 104.50000000000001 0.058662500000000006 4510.5000000000009 135333.00000000003 5.5000000000000009
decision_type=2 2 2 2 2 2 2 2 2 2 2 2 2 2 2 2 2 2 2 2 2 2 2 2 2 2 2 2 2 2
left_child=2 3 17 5 8 10 14 22 25 -7 18 -8 13 -6 -4 16 -12 -1 -2 -20 21 -14 -5 -10 -25 26 -3 28 -24 -30
right_child=1 4 6 7 12 9 11 -9 23 -11 15 -13 20 -15 -16 -17 -18 -19 19 -21 -22 -23 27 24 -26 -27 -28 -29 29 -31
leaf_value=-0.049568196394106354 -0.010703998044542083 0.033032187426101929 -0.019158062406809218 0.035704203619451862 0.032942636164135786 -0.011326238803333029 -0.019046666780082086 -0.031946130953629005 0.013513556672747546 -0.038076101163646896 -0.035814096914015887 0.029006166443259457 0.022609732954294928 0.012085783033313466 -0.047223020450222232 -0.010458386838759215 0.024758531211333833 -0.01570564346311934 0.006130374607769374 -0.036227490641287288 -0.016954112926412832 -0.047342134108975503 0.03330600516663472 0.0059238665291388611 -0.029176630122441025 -0.0037773532476226106 -0.040317801281430227 -0.059449955619690353 -0.0064045013956871236 0.038377487846162274
leaf_weight=184.00981958558259 124.47140524302085 17.572128173895184 95.015674645372201 40.474400348262861 152.2256157817319 325.23656463620864 13.316196135019711 6.5461678808132993 565.22392800531816 26.142537725008879 4.5168692953302516 13.31332879160618 42.948306613601744 51.816760981455445 23.197823806629458 19.299800426291768 59.293597572686849 13.210917339295518 135.06422525571543 8.0898712579946714 14.723460873588918 2.9772152430377892 24.215749996139493 162.29835837893188 11.773874452046583 138.75334266363643 2.7928166035562745 2.2874297981798 30.389551549968019 9.139244893769499
leaf_count=785722 10724 132 91333 260 601 40698 7012 999 3433 19046 516 2723 350 246 34519 1105 1555 51116 9646 4800 103 64 1119 1214 254 1878 26 845 1856 155
internal_value=0 0.00612239 -0.0354079 -0.00283315 0.0123989 -0.00622708 -0.0192156 0.0182449 0.00912699 -0.0133164 0.000875265 0.00497716 0.0235045 0.027646 -0.0246654 0.0132885 0.0204709 -0.0472999 -0.00297962 0.00373666 0.00957112 0.018075 0.0213298 0.0111675 0.00354974 -0.000353666 0.0229731 0.012519 0.0151015 0.00394931
internal_weight=0 1978.27 342.064 815.167 1163.11 702.115 144.843 113.053 898.414 351.379 350.736 26.6295 264.691 204.042 118.213 83.1103 63.8105 197.221 267.626 143.154 60.649 45.9255 106.506 739.296 174.072 159.118 20.3649 66.032 63.7445 39.5288
internal_count=1074050 101625 972425 93324 8301 88090 135587 5234 6937 59744 28346 9735 1364 847 125852 3176 2071 836838 25170 14446 517 414 4235 4901 1468 2036 158 3975 3130 2011
is_linear=0
shrinkage=0.05


Tree=73
num_leaves=31
num_cat=0
split_feature=0 0 101 40 101 3 105 81 36 40 2 68 90 54 101 70 2 93 93 36 80 38 2 80 73 104 105 93 105 93
split_gain=190.936 60.8194 25.5798 21.1809 12.9896 9.13241 11.3531 8.63868 8.0473 7.5703 7.42964 7.39912 6.72369 6.76972 7.0259 6.687 6.64543 6.38533 8.53053 8.41164 7.32343 6.54512 6.10659 6.67721 5.90825 8.22462 5.84309 5.68534 5.57022 5.51667
threshold=0.48090646582193369 0.0088049481694041625 15.500000000000002 7.5000000000000009 6.5000000000000009 100931.00000000001 8.2916666666650016 0.0085110000000000029 3677.5000000000005 1.0000000180025095e-35 728670.50000000012 0.063933000000000004 3.5000000000000004 2.5000000000000004 1.5000000000000002 557.20000000000016 3800.5000000000005 0.0027325000000000001 0.0095415000000000014 3102.5000000000005 0.029243500000000002 1.0000000180025095e-35 52231.500000000007 0.10869650000000002 1.5000000000000002 0.056499000000000001 8.0833333333350019 0.047882500000000008 7.2916666666650007 0.012067000000000003
decision_type=2 2 2 2 2 2 2 2 2 2 2 2 2 2 2 2 2 2 2 2 2 2 2 2 2 2 2 2 2 2
left_child=1 27 3 5 9 -2 11 8 -4 28 24 -7 13 14 -8 26 -11 19 -19 22 -20 29 23 -14 25 -5 -6 -1 -3 -22
right_child=2 4 7 10 15 6 12 -9 -10 16 -12 -13 17 -15 -16 -17 -18 18 20 -21 21 -23 -24 -25 -26 -27 -28 -29 -30 -31
leaf_value=-0.049453024068976115 0.014063777730283965 -0.02316626336695489 -0.0056830151796419407 0.014847781879148298 -0.027371736059652613 -0.0087095433819654455 0.017241349761411319 0.0041735652269750175 -0.036276791886280156 -0.025862401167782656 0.0062477471342524968 0.033357669498583591 -0.025345105733223829 0.04475566014635432 -0.015065045017273172 -0.040828989310583721 0.015823375192273521 0.037872928921528104 -0.067281260220577108 0.031095312865677877 -0.038216797479940709 -0.077896495007461181 -0.033308374650695402 0.044479626424837326 0.042430283055114953 0.035172600881339333 -0.0098532074025896952 -0.015345755108474491 -0.0030310141120142033 0.014697581507698732
leaf_weight=176.13027101431908 437.28964068128698 56.622946689180026 145.73001472657779 115.23390478220244 86.504558120932415 164.57708541803731 129.14300435851328 269.52311634088983 25.213117980470997 11.411923549252604 49.018733810866252 11.161714698188005 7.442111775511874 18.963676935294643 19.350974617293105 37.438544219068717 58.934970323511152 21.04300825111568 3.710411397041752 9.454337607661726 5.5182595343794665 2.261513859499245 30.570316397352144 6.3412636053981259 52.610395053401589 87.620741215767339 105.82826488483624 13.128805636663854 87.31092753527264 45.872394237667322
leaf_count=785722 5458 26587 5893 1076 50983 4024 1002 4283 4713 6508 397 69 126 146 225 46455 11156 166 77 238 97 30 697 71 158 418 45465 51116 20183 511
internal_value=0 -0.023353 0.00892211 0.0126585 -0.0132374 0.00884885 0.00405208 -0.00140298 -0.0101954 -0.00438197 0.024078 -0.00603772 0.00996913 0.016624 0.0130313 -0.0214957 0.00906096 0.00154033 0.0106431 -0.0117236 0.000654048 0.00535224 -0.0208508 0.00677889 0.0274992 0.0236269 -0.0177324 -0.047087 -0.0109521 0.00901571
internal_weight=0 633.311 1657.65 1217.18 444.052 912.7 475.41 440.466 170.943 214.281 304.484 175.739 299.671 167.458 148.494 229.771 70.3469 132.214 78.4056 53.808 57.3626 53.6522 44.3537 13.7834 255.465 202.855 192.333 189.259 143.934 51.3907
internal_count=1074050 1044175 29875 14986 207337 12937 7479 14889 10606 64434 2049 4093 3386 1373 1227 142903 17664 2013 881 1132 715 638 894 197 1652 1494 96448 836838 46770 608
is_linear=0
shrinkage=0.05


Tree=74
num_leaves=31
num_cat=0
split_feature=0 0 0 40 101 40 101 40 99 40 57 2 105 2 105 80 70 60 36 2 107 2 57 105 57 96 93 49 68 96
split_gain=181.525 42.4843 23.5819 22.7168 16.1821 15.009 10.7704 9.72527 7.36907 6.63322 7.12373 6.57465 6.23308 6.07844 5.88967 5.8515 5.80146 5.68855 5.62072 5.37029 6.87589 5.2417 5.18733 5.17314 5.16139 4.74599 4.66328 4.62006 4.58533 4.56296
threshold=0.072661120000328969 0.86620967868038068 0.0019437620776660012 688.50000000000011 7.5000000000000009 1.0000000180025095e-35 15.500000000000002 1.0000000180025095e-35 86.500000000000014 3860.0000000000005 7.5000000000000009 186263.00000000003 28.550000000000004 2563.5000000000005 27.550000000000004 0.015317500000000003 389.12500000000006 1.0000000180025095e-35 1542.5000000000002 23453.500000000004 59.500000000000007 1841617.5000000002 384.50000000000006 7.7750000000000012 3.5000000000000004 0.091939000000000007 0.094543000000000002 1.0000000180025095e-35 0.083035500000000012 0.049175500000000004
decision_type=2 2 2 2 2 2 2 2 2 2 2 2 2 2 2 2 2 2 2 2 2 2 2 2 2 2 2 2 2 2
left_child=2 3 26 4 7 19 23 12 -6 10 14 -5 24 -9 15 -7 22 -12 29 -3 -21 -15 -8 -4 -2 -26 -1 28 -23 -13
right_child=1 5 6 11 8 9 16 13 -10 -11 17 18 -14 21 -16 -17 -18 -19 -20 20 -22 27 -24 -25 25 -27 -28 -29 -30 -31
leaf_value=-0.05067613598738005 -0.0037406712053383792 0.011227848965121932 -0.023304122325628323 0.032487376813400443 -0.010691106764769732 -0.026734321106611881 -0.027886018660555817 -0.013868676453206328 -0.031925513037212659 0.043166045317317568 0.013465627442960005 0.018621296226683803 0.015923434452187527 0.018706414704741103 0.031730217009693557 0.017104570589567072 -0.053490223880063838 -0.038458382298101966 -0.080487912159459968 0.0036733194097201567 -0.03974857923707268 -0.025147578113389881 0.059693929450640976 0.0040614953603919429 -0.025358902686932801 0.040912078712183775 0.026299330533174643 0.083687047847091009 0.026450690007816649 -0.095671953657642722
leaf_weight=148.1972294458792 152.30721165071009 378.57567184104118 29.927271966188528 53.837497134898513 291.91221232018142 7.7948051216080776 63.847921826961283 22.061642743945413 47.506902977900609 26.600293319672346 11.271695101866499 9.164767762900734 30.12632477490115 117.52956476659165 73.354188662022352 324.22454013978131 25.965665395218821 9.9144241526955739 2.1971690951904739 301.72026709048077 9.4010513505199906 17.079287033746375 1.7367188476564468 40.831874231934307 50.490614156675292 2.8543165770242913 1.9940306762473472 1.3311255400767539 5.7570015136152497 0.96523576090112406
leaf_count=695700 10588 2670 57443 1271 34748 73 112902 3542 28668 97 176 481 1834 4361 271 1810 61410 352 424 2629 223 1252 167 39079 10212 119 1489 14 37 8
internal_value=0 0.00567507 -0.0353756 -0.00312239 -0.00563553 0.0118727 -0.0221632 0.00118421 -0.0136632 0.0189416 0.017431 0.0249454 -0.00531697 0.0105446 0.0189082 0.0160754 -0.0334865 -0.0108331 -0.00799305 0.00722814 0.00236125 0.0143456 -0.0255669 -0.00751267 -0.00842851 -0.021813 -0.0496542 -0.00686164 -0.0121397 0.00773088
internal_weight=0 1947.98 312.501 805.121 738.956 1142.86 162.309 399.537 339.419 453.16 426.56 66.1647 235.778 163.759 405.374 332.019 91.5503 21.1861 12.3272 689.697 311.121 141.697 65.5846 70.7591 205.652 53.3449 150.191 24.1674 22.8363 10.13
internal_count=1074050 105860 968190 97559 95375 8301 271001 31959 63416 2779 2682 2184 22753 9206 2154 1883 174479 528 913 5522 2852 5664 113069 96522 20919 10331 697189 1303 1289 489
is_linear=0
shrinkage=0.05


Tree=75
num_leaves=31
num_cat=0
split_feature=0 0 77 40 101 0 90 0 50 40 2 48 68 81 98 106 69 96 105 105 105 94 59 2 104 36 80 105 80 85
split_gain=171.187 50.0811 22.9577 14.9999 12.7895 11.6422 9.49761 9.4249 8.71241 8.23464 7.69224 7.63057 6.67872 6.67556 9.54942 6.41776 5.81002 5.17351 5.88102 5.00356 4.93457 6.36374 5.40965 5.37047 4.91567 6.45957 4.80821 5.49646 4.86763 4.74065
threshold=0.030380062479932603 0.7740980979447657 0.026070000000000003 5.5000000000000009 12.500000000000002 0.0019437620776660012 2.5000000000000004 0.94875966535953815 1.0000000180025095e-35 3.5000000000000004 8.9884656743000007e+307 3.5000000000000004 0.086694000000000007 0.016988000000000003 1.5000000000000002 0.040995500000000011 9.5000000000000018 0.040199000000000006 18.366666666650001 27.550000000000004 29.100000000000005 0.58333333333350013 0.079052500000000012 192371.00000000003 0.055290000000000006 1203.5000000000002 0.076711500000000016 5.6333333333350009 0.10129450000000001 2.0833333333350006
decision_type=2 2 2 2 2 2 2 2 2 2 2 2 2 2 2 2 2 2 2 2 2 2 2 2 2 2 2 2 2 2
left_child=5 2 4 7 9 -1 10 15 20 19 24 -7 16 -6 -15 17 -8 -3 -19 -2 21 22 -4 -24 -5 -26 -11 -28 -29 -9
right_child=1 3 8 6 13 11 12 29 -10 26 -12 -13 -14 14 -16 -17 -18 18 -20 -21 -22 -23 23 -25 25 -27 27 28 -30 -31
leaf_value=-0.049486994116582986 -0.011645948779673676 -0.0056196846308464174 -0.0094062483624116344 0.023355578404879479 -0.025929470149637052 -0.0070610735982369601 0.010251689092014784 0.023674172948318244 0.032358729056192713 -0.0071312605363272044 -0.013037213659077982 -0.03757473024860996 0.043797407669105004 0.013497288840363948 -0.019366960459241661 0.019717643532320396 -0.041525254946366497 0.0020664594391715699 0.031179561348310725 0.010625906439515512 0.033929592723616279 0.032594590005805689 0.051609994980036072 -0.040753269851861292 0.023941672816591906 0.055827723201555095 -0.012550967691960895 0.05511085033305059 0.015975834965383497 0.0095837654946999279
leaf_weight=143.35715748048187 178.60102774326515 222.88706627945066 73.179364130701288 83.770636438392103 151.53053716432623 32.314444243233083 150.05468034232035 66.953570807585493 36.611605183163192 21.859720721309714 10.453785369172691 55.984267517676926 14.557102329563348 31.51979428390041 73.993322878617619 41.272764309775084 5.6210306142456821 94.529114904114977 21.245300135342404 29.363815936972969 12.30513227949268 13.145412702462634 7.1621828863571846 2.0170394300075714 28.474636615253985 35.919460453093052 9.1910156500489375 12.948435433834673 20.564894835017185 550.54250616813079
leaf_count=697189 32493 4772 7781 374 71325 57408 1266 297 846 1935 63 166888 47 4480 12124 368 146 1783 167 3224 333 67 434 109 127 115 2630 181 1997 3081
internal_value=0 0.00471239 -0.0063858 0.0103523 -0.0112048 -0.04069 0.0196129 0.0072991 0.0112849 -0.00365856 0.0284157 -0.0264077 0.0114106 -0.0192057 -0.00954947 0.00110284 0.00838216 -0.00116575 0.00740889 -0.00850125 0.00412835 0.00028863 -0.00486779 0.0313141 0.0313404 0.0417279 0.01194 0.0217023 0.0310963 0.0111116
internal_weight=0 2000.27 673.993 1326.28 529.573 231.656 328.851 997.43 144.421 272.529 158.619 88.2987 170.233 257.044 105.513 379.934 155.676 338.661 115.774 207.965 107.809 95.504 82.3586 9.17922 148.165 64.3941 64.5641 42.7043 33.5133 617.496
internal_count=1074050 152565 139959 12606 130389 921485 2138 10468 9570 42460 679 224296 1459 87929 16604 7090 1412 6722 1950 35717 8724 8391 8324 543 616 242 6743 4808 2178 3378
is_linear=0
shrinkage=0.05


Tree=76
num_leaves=31
num_cat=0
split_feature=0 0 88 40 3 50 104 0 105 40 70 87 70 105 2 36 105 36 70 62 106 40 101 68 98 3 2 104 74 105
split_gain=162.499 47.9376 18.2093 17.6138 13.9331 12.8457 11.6598 11.4885 10.1813 9.26809 7.34365 7.31266 7.28928 6.54546 6.52951 6.31045 6.28847 6.20622 6.15131 6.14372 5.72102 5.53789 8.99 5.52924 5.43729 11.9007 6.40605 9.14769 5.63503 6.01071
threshold=0.030380062479932603 0.68981449621504665 0.062555500000000014 44.500000000000007 100931.00000000001 1.0000000180025095e-35 0.027147500000000001 0.0019437620776660012 5.708333333335001 6.5000000000000009 1852.1666666650001 9.5000000000000018 389.12500000000006 27.083333333350001 173901.00000000003 533.50000000000011 5.3666666666650009 18470.500000000004 2.5500000000000003 5.5000000000000009 0.014476500000000002 26.500000000000004 15.500000000000002 0.092661500000000022 7.5000000000000009 1326.5000000000002 642.50000000000011 0.101428 1.5000000000000002 2.0833333333350006
decision_type=2 2 2 2 2 2 2 2 2 2 2 2 2 2 2 2 2 2 2 2 2 2 2 2 2 2 2 2 2 2
left_child=7 3 4 5 6 10 21 -1 15 13 16 -11 -9 24 -5 -6 -2 18 -10 -20 -18 22 -3 -16 26 -26 27 28 29 -8
right_child=1 2 -4 14 8 -7 9 12 17 11 -12 -13 -14 -15 23 -17 20 -19 19 -21 -22 -23 -24 -25 25 -27 -28 -29 -30 -31
leaf_value=-0.049386862863850835 -0.024009461722373324 0.0063950497136704663 0.033473267303379614 0.025831860118040506 -0.0011769678089254591 0.0076345785138984996 0.048633284440793227 -0.017375780657680855 0.020385954871927483 0.034514201941993318 -0.046525911651192575 -0.022726640372928097 -0.050212115330780106 0.026614989729152102 -0.015833059089161758 -0.022879532674279918 -0.013196863373379209 -0.050483136413946042 0.00054098104715531226 0.01263679922964735 0.0049103761743528457 0.016326354653828999 -0.023772979110464536 0.046738520730913884 0.036195566098494551 -0.029398706002071607 0.015901960540061624 0.016886477414826701 0.011617199522532422 -0.048421028280407667
leaf_weight=137.21556024802976 105.33510304263473 62.723325413680868 74.36262176791206 47.419241546389458 101.09797334671021 73.811359369603451 1.7632414422696516 63.466942682590343 72.222864613635466 88.473191561875865 17.727091319466126 5.9551705335616125 23.035407092716923 78.555611731018871 21.379453900954108 50.090348669269588 223.37743074266109 4.7687243325490263 305.16473315008625 160.02991678076796 54.208412259613397 40.505556154210353 40.731082957674516 4.2290045684203497 10.050351706333457 22.164150394033641 259.57414129399695 28.012874299078248 7.7453718592878422 16.746685287274886
leaf_count=697189 36834 1029 306 6236 1707 7288 26 154305 538 394 21010 144 69991 390 4425 1247 55069 523 3681 1441 4773 446 1659 21 43 212 2358 252 126 387
internal_value=0 0.00456778 0.00938257 -0.00801463 0.00806181 -0.0115331 0.0132442 -0.0403906 0.00310642 0.0167362 -0.0150644 0.0309043 -0.02612 0.0135855 0.0148448 -0.00836727 -0.0136079 0.00630585 0.00680976 0.00470202 -0.00966079 0.000653846 -0.00548242 -0.00549993 0.0106277 -0.00893446 0.0126357 -0.00298741 -0.0241917 -0.0391757
internal_weight=0 1978.23 1430.74 547.487 1356.38 474.459 663.001 223.718 693.375 519.041 400.648 94.4284 86.5023 424.612 73.0277 151.188 382.921 542.186 537.418 465.195 277.586 143.96 103.454 25.6085 346.057 32.2145 313.842 54.2682 26.2553 18.5099
internal_count=1074050 152565 16909 135656 16603 124974 7466 921485 9137 4332 117686 538 224296 3794 10682 2954 96676 6183 5660 5122 59842 3134 2688 4446 3404 255 3149 791 539 413
is_linear=0
shrinkage=0.05


Tree=77
num_leaves=31
num_cat=0
split_feature=0 0 101 40 2 81 81 40 2 101 106 105 40 0 85 40 98 95 70 36 2 93 90 105 106 0 96 102 87 72
split_gain=153.578 46.9882 25.0895 18.4202 14.2445 12.3795 11.5929 7.60261 7.08498 6.96289 6.9101 7.31742 6.59182 6.51601 7.89658 7.08352 6.45048 6.35406 6.25711 5.8934 5.87098 5.77905 5.69881 5.51664 5.42493 5.49938 6.22241 5.32114 5.32083 5.31353
threshold=0.37969951586789719 0.0088049481694041625 1.5000000000000002 8.5000000000000018 1807278.0000000002 0.073879000000000014 0.027145000000000002 5589.0000000000009 370.00000000000006 6.5000000000000009 0.019927500000000004 4.4500000000000011 1.0000000180025095e-35 0.94875966535953815 4.708333333335001 23.500000000000004 11.500000000000002 2435.5000000000005 3.0833333333350006 104.50000000000001 242584.50000000003 0.047882500000000008 3.5000000000000004 28.550000000000004 0.0089700000000000005 0.86620967868038068 0.079485000000000014 77.500000000000014 5.5000000000000009 3.5000000000000004
decision_type=2 2 2 2 2 2 2 2 2 2 2 2 2 2 2 2 2 2 2 2 2 2 2 2 2 2 2 2 2 2
left_child=1 21 3 10 6 9 7 8 18 -3 11 19 -7 15 16 17 23 29 -4 -2 -17 -1 -5 -15 25 -13 -27 -22 -14 -8
right_child=2 5 4 22 -6 12 13 -9 -10 -11 -12 24 28 14 -16 20 -18 -19 -20 -21 27 -23 -24 -25 -26 26 -28 -29 -30 -31
leaf_value=-0.049094484968756943 0.023357766370887406 -0.0097954696809571806 0.015805513068301455 0.031349564594576725 -0.017944255984088678 -0.0084334099963936197 0.004096717841754036 0.045752655304684448 -0.0042941032724912766 -0.026984731080030789 0.020311121631301079 -0.0013304986402391888 0.028127707943499215 0.0036610596666596961 0.027815661137043309 0.027823585041241519 -0.053811493551254655 0.045399629564527505 -0.049824629165024829 -0.017034309399753856 0.010593155831784069 -0.012837547474708623 0.015394151600210404 0.042213396011961932 -0.0584775134078412 0.013002936427480611 -0.010294330412237214 -0.063230907504688155 -0.017249056911124879 -0.014218014322360278
leaf_weight=148.09602959319363 11.015131383552214 99.376308956896537 4.6991402831627083 139.05686602019705 92.965552561559889 72.347654165005224 88.178175871027634 7.0441532682743846 217.44311963685323 144.69105478099573 109.16785910259932 106.40374706465809 27.99267399396922 69.201648510061204 76.279934457503259 40.778383398370352 4.3323934189975253 6.7486640907300162 15.98716995075665 50.122439301485429 7.6319001785013807 11.871419602189233 93.656121860753046 10.716201591305433 3.0077747813193119 404.15604193171021 30.848440430127084 3.5886388048529625 8.3985641160470532 71.889126475289231
leaf_count=785722 217 46711 104 623 4125 20270 2010 94 13277 126487 1052 4999 3119 370 358 336 25 77 1498 2457 78 51116 1116 39 82 2665 228 43 2391 2361
internal_value=0 -0.023926 0.0073689 0.0127103 0.000315672 -0.0137342 0.00303384 -0.00543989 -0.00695423 -0.0199858 0.00873208 0.00664463 0.00029764 0.00851047 0.0161612 0.00289761 0.00560931 -0.00212505 -0.034916 -0.00975689 0.0190107 -0.0464038 0.0249283 0.00883055 0.00848651 0.00885853 0.0113508 -0.0130178 0.0176554 -0.00412876
internal_weight=0 512.774 1664.92 947.434 717.484 352.806 624.519 245.174 238.129 244.067 714.721 605.554 108.739 379.345 160.53 218.815 84.2502 166.816 20.6863 61.1376 51.9989 159.967 232.713 79.9179 544.416 541.408 435.004 11.2205 36.3912 160.067
internal_count=1074050 1035816 38234 13439 24795 198978 20670 14973 14879 173198 11700 10648 25780 5697 792 4905 434 4448 1602 2674 457 836838 1739 409 7974 7892 2893 121 5510 4371
is_linear=0
shrinkage=0.05


Tree=78
num_leaves=31
num_cat=0
split_feature=0 101 40 0 0 0 36 2 73 70 36 77 2 87 48 62 72 81 85 100 36 40 72 81 93 36 90 66 99 90
split_gain=146.466 39.5101 24.1713 17.5423 15.4258 13.6122 9.6195 8.92275 9.61118 7.73119 6.98633 6.8779 6.81604 6.20454 6.04502 5.89007 5.8738 5.77396 5.65286 5.59847 5.57884 5.47537 5.23713 4.93522 6.20643 4.8585 5.17103 4.68636 5.46507 4.62477
threshold=0.043984350660107828 15.500000000000002 1.0000000180025095e-35 0.7740980979447657 0.0019437620776660012 0.94875966535953815 914.50000000000011 779250.50000000012 1.5000000000000002 3.0833333333350006 3800.5000000000005 0.030463500000000001 370.00000000000006 4.5000000000000009 1.5000000000000002 36.500000000000007 31.500000000000004 0.065345000000000014 4.3666666666650009 4.5000000000000009 2124.5000000000005 52.500000000000007 3.5000000000000004 0.033776000000000007 0.011282000000000002 5009.5000000000009 623.50000000000011 3.5000000000000004 7.5000000000000009 2.5000000000000004
decision_type=2 2 2 2 2 2 2 2 2 2 2 2 2 2 2 2 2 2 2 2 2 2 2 2 2 2 2 2 2 2
left_child=4 2 5 10 -1 6 14 8 9 16 -3 15 23 -9 -2 -6 27 18 -5 -7 -13 25 -15 -11 -25 26 -20 28 -4 -21
right_child=1 3 7 17 11 19 -8 13 -10 12 -12 20 -14 22 -16 -17 -18 -19 21 29 -22 -23 -24 24 -26 -27 -28 -29 -30 -31
leaf_value=-0.049178619965140405 -0.00016995281203686181 -0.012541994324481928 0.031409335948566243 0.0047937622899453282 -0.032953178552935183 0.0087537526031405358 0.0065985373168288694 0.0068321071743103028 0.039376636170803302 -0.040080065525489234 -0.035061290499101908 -0.011831698383453205 0.015013825429762463 0.0020000571929636481 -0.016388505218945467 0.014470958371479712 -0.036652161929802286 0.0091558047764671701 -0.02151469182085132 0.0020588916205916334 0.0508394544659918 0.019291353474223633 -0.074840936510820008 0.053612725145295706 -0.0142167213689129 -0.05928243544949461 0.011522846919693155 -0.029235325700459766 -0.052754350804642927 0.053445623164887816
leaf_weight=125.95082736189397 100.64702786206908 217.68057249229787 128.83551247653668 82.312759594060481 83.060591246461627 379.94957504665945 155.84800298722985 74.369971600885037 55.700550878886133 9.6845672374820442 40.914823517063269 14.004216757854012 253.71818212635117 4.3248676774965116 133.87286937903264 7.1075492118534376 3.5352267547277725 138.01791393256281 54.691161212511361 6.5997824389487532 4.7572525114501323 11.138655413989907 4.5505424818402389 4.68325370224193 12.049076602750572 6.5867762997804666 15.118099395418538 3.408794817980378 1.9581098579801608 13.009475182741879
leaf_count=697189 5967 48625 1279 921 214880 2065 12001 2459 202 1949 27370 18666 8348 126 15473 10346 76 1174 1305 51 1454 156 312 43 460 714 322 29 25 63
internal_value=0 0.00457461 0.0092346 -0.00650439 -0.0372623 0.00361066 -0.00302974 0.017213 0.0198667 0.0172661 -0.016105 -0.0234839 0.0124972 0.00211647 -0.00942812 -0.0292149 0.0269651 0.00155975 -0.0046128 0.0100983 0.00405951 -0.0134582 -0.0373974 -0.0116734 0.00476823 -0.0182331 -0.01436 0.0286409 0.0301493 0.0361507
internal_weight=0 1913.21 1346.75 566.461 234.88 789.927 390.368 556.819 473.573 417.873 258.595 108.93 280.135 83.2454 234.52 90.1681 137.738 307.865 169.847 399.559 18.7615 87.5347 8.87541 26.4169 16.7323 76.396 69.8093 134.202 130.794 19.6093
internal_count=1074050 131515 50928 80587 942535 35620 33441 15308 12411 12209 75995 245346 10800 2897 21440 225226 1409 4592 3418 2179 20120 2497 438 2452 503 2341 1627 1333 1304 114
is_linear=0
shrinkage=0.05


Tree=79
num_leaves=31
num_cat=0
split_feature=0 0 77 101 105 40 0 40 36 0 36 107 3 54 76 36 104 81 36 74 93 93 36 46 0 81 65 90 80 105
split_gain=139.026 42.3402 16.4059 16.0821 13.078 12.3439 10.8229 8.95683 9.33576 8.50682 7.4245 7.41617 7.4798 8.08756 6.65167 6.21665 5.76119 5.75218 5.71716 5.59861 5.95235 5.52799 5.42004 6.09561 5.47571 5.36623 5.27051 6.99486 6.10326 5.61848
threshold=0.030380062479932603 0.68981449621504665 0.053591500000000007 6.5000000000000009 6.2916666666650007 3.5000000000000004 0.0019437620776660012 60.500000000000007 18470.500000000004 0.94875966535953815 1404.5000000000002 157.50000000000003 68784.500000000015 4.5000000000000009 4.5000000000000009 729.50000000000011 0.18182200000000001 0.14777350000000003 10300.500000000002 2.5000000000000004 0.091351500000000016 0.091351500000000016 339.50000000000006 1.0000000180025095e-35 0.26731028589363609 0.14535850000000003 1.0000000180025095e-35 5.5000000000000009 0.027136500000000004 12.366666666650003
decision_type=2 2 2 2 2 2 2 2 2 2 2 2 2 2 2 2 2 2 2 2 2 2 2 2 2 2 2 2 2 2
left_child=6 3 4 5 11 -2 -1 8 9 26 -11 12 13 19 -8 -4 -12 25 22 20 -3 -15 -5 24 -24 -14 27 -6 -29 -30
right_child=1 2 15 18 7 -7 14 -9 -10 10 16 -13 17 21 -16 -17 -18 -19 -20 -21 -22 -23 23 -25 -26 -27 -28 28 29 -31
leaf_value=-0.049040070700136953 -0.0060977426318397001 0.022951179241659812 0.014575225003556905 -0.038598068637419568 -0.0139417303531447 0.017464155704260891 -0.0067113666699312223 0.024780550776832423 -0.046576359806000237 0.0081053053187771246 0.022680440950670247 -0.040828300194677737 -0.0049725233126170125 -0.026994779369181016 -0.036412500791544379 0.034331741276670116 -0.019258688310531416 -0.029554897189493109 -0.042088062721649638 -0.016933233619160434 -0.051447601001711508 0.054030311847362171 -0.02631562376266124 0.012696794421546784 -0.0086812629541876875 0.081279036634971144 0.011478897625418958 -0.019320210887970781 -0.0060419353953635024 0.015646087628976957
leaf_weight=120.44497913845908 200.07960442896729 75.718266744283028 85.398307626601309 21.586000675044488 78.424981828429736 76.970945089375164 29.988857031989028 87.843860594031867 7.7592787538887924 324.52505651168758 174.062818585895 12.204313184469354 129.03612424049061 19.624860133277256 50.753521698507939 74.600985309225507 8.5929106976836902 25.905056091258302 20.812065816353424 11.579410234466193 2.7873869622126213 2.358010516036301 69.732567013796142 21.87241567777528 119.39040881732581 1.828889776021241 110.82048188406043 23.254811589373276 44.776591418500175 89.651568316243356
leaf_count=697189 35876 889 640 6385 1363 6971 57500 540 911 1638 852 1108 2530 535 166796 385 45 372 20693 240 29 13 46787 4516 14428 11 1485 638 1064 1621
internal_value=0 0.00414115 0.00872526 -0.00787779 0.00676724 0.000448289 -0.039545 0.00957102 0.00802083 0.00851682 0.0126438 -0.00270746 -0.000976902 0.00888727 -0.0253811 0.0237869 0.0207074 -0.00802836 -0.0169812 0.0155225 0.0203096 -0.0183036 -0.0147346 -0.0122932 -0.0151833 -0.00376712 0.00248348 -0.00173865 0.00433066 0.00842204
internal_weight=0 1921.2 1390.75 530.444 1230.75 277.051 201.187 949.712 861.868 854.109 507.181 281.042 268.838 112.068 80.7424 159.999 182.656 156.77 253.393 90.0851 78.5057 21.9829 232.581 210.995 189.123 130.865 346.928 236.108 157.683 134.428
internal_count=1074050 152565 16909 135656 15884 42847 921485 10157 9617 8706 2535 5727 4619 1706 224296 1025 897 2913 92809 1158 918 548 72116 65731 61215 2541 6171 4686 3323 2685
is_linear=0
shrinkage=0.05


Tree=80
num_leaves=31
num_cat=0
split_feature=0 0 40 0 101 50 107 70 40 96 2 104 96 106 2 105 77 46 52 105 40 40 93 54 90 107 46 0 102 36
split_gain=132.282 46.6206 22.4454 12.5827 11.927 10.8743 10.3674 7.45532 7.2124 7.06179 7.69013 7.33195 7.31208 6.65181 8.61299 6.55876 7.37819 6.58826 6.11951 5.97644 5.93585 5.78602 5.78018 5.23749 5.21939 4.98819 4.98299 6.36747 6.83439 6.22475
threshold=0.48090646582193369 0.0088049481694041625 1.0000000180025095e-35 0.94875966535953815 1.0000000180025095e-35 1.0000000180025095e-35 394.50000000000006 1852.1666666650001 172.50000000000003 0.014727000000000002 370.00000000000006 0.087535500000000016 0.067736000000000005 0.029086500000000005 38516.000000000007 8.5500000000000025 0.078854500000000008 1.0000000180025095e-35 0.033200000000000007 9.0833333333350019 856.00000000000011 1.0000000180025095e-35 0.047882500000000008 7.5000000000000009 4541.5000000000009 51.500000000000007 1.0000000180025095e-35 0.94875966535953815 65.500000000000014 1158.5000000000002
decision_type=2 2 2 2 2 2 2 2 2 2 2 2 2 2 2 2 2 2 2 2 2 2 2 2 2 2 2 2 2 2
left_child=1 22 3 13 8 7 9 15 23 11 12 20 -11 14 -2 16 -3 -17 -16 -12 26 -18 -1 24 -4 -5 27 29 -29 -6
right_child=2 5 4 25 6 -7 -8 -9 -10 10 19 -13 -14 -15 18 17 21 -19 -20 -21 -22 -23 -24 -25 -26 -27 -28 28 -30 -31
leaf_value=-0.04873972000284213 0.0020060466953725135 -0.025169820617479906 0.018947866163592123 0.0092641101924259128 -1.3410434334533836e-05 0.0076791216317113184 -0.067294712345932331 -0.045667664313587382 0.034124149074509814 -0.049846252210193641 0.0089344397978927386 -0.065133241723906249 0.04255387261716459 0.011479527495502899 -0.014332923134652582 -0.011260713078234647 -0.019246205841827655 0.017405072409210524 0.074865047757779857 0.03122820765786723 0.024300480233373667 0.047902409734383707 -0.011209791815546679 -0.025447172744145465 -0.052622802300195885 -0.010762667905684834 0.037952801348821362 -0.00089582395480789802 0.041463449166441173 -0.026613390932570216
leaf_weight=131.13613265678759 163.9891983252819 136.29388705415113 242.44127468203078 449.0725141649018 58.667584323542542 57.245586775259653 4.5589041780331163 19.764026367233782 80.968723612488247 7.5280712812091206 55.540105210442562 3.9580902897287151 2.9920907859923318 60.070999392599333 197.39697212980536 153.18564221641464 6.3858047881076327 23.0614526778445 1.9417691803537298 65.531980134139303 29.081563742613071 6.4468292192141234 11.130276444664558 7.0728159295686046 2.5744056922558221 33.405846984125674 7.9780663026176617 28.420186011120677 14.320460790302603 35.18367547402886
leaf_count=785722 6305 89207 2412 2494 1201 10829 1888 32158 408 285 877 31 27 1073 9226 66264 2199 6195 13 523 269 485 51116 236 95 246 162 155 70 1879
internal_value=0 -0.0212016 0.00743704 0.00235724 0.0145514 -0.0125034 0.00755611 -0.0158509 0.0211413 0.00865972 0.0174383 0.0021556 -0.0235663 -0.00393328 -0.00648157 -0.0140398 -0.0217572 -0.00750987 -0.013464 0.0210013 0.00368933 0.0144878 -0.0458035 0.0169714 0.0181959 0.0078775 -0.000456786 -0.00270021 0.0132969 -0.00998541
internal_weight=0 544.65 1552.7 905.877 646.818 402.383 313.761 345.138 333.057 309.202 131.592 177.61 10.5202 423.399 363.328 325.374 149.127 176.247 199.339 121.072 173.652 12.8326 142.266 252.088 245.016 482.478 144.57 136.592 42.7406 93.8513
internal_count=1074050 1044175 29875 19357 10518 207337 7367 196508 3151 5479 1712 3767 312 16617 15544 164350 91891 72459 9239 1400 3736 2684 836838 2743 2507 2740 3467 3305 225 3080
is_linear=0
shrinkage=0.05


Tree=81
num_leaves=31
num_cat=0
split_feature=0 0 101 40 101 2 85 40 88 40 105 105 64 78 2 105 36 2 93 72 74 80 36 48 2 40 70 105 106 74
split_gain=125.827 42.2925 22.2099 15.3725 10.6742 9.28314 8.8841 7.51764 7.47725 6.82347 6.85225 6.42853 6.41053 6.32428 6.08593 6.83112 9.61014 5.66925 5.53569 5.33625 8.12455 5.91262 5.50307 6.05514 5.04421 5.0058 6.6465 5.21807 4.9915 5.51708
threshold=0.42569895731548962 0.0083575017706393109 15.500000000000002 1.0000000180025095e-35 13.500000000000002 21207.500000000004 556.25000000000011 3860.0000000000005 0.033208000000000008 1707.0000000000002 20.100000000000005 8.2916666666650016 56.500000000000007 0.048863000000000011 1807278.0000000002 27.083333333350001 3800.5000000000005 1784685.5000000002 0.047882500000000008 2.5000000000000004 1.0000000180025095e-35 0.056058000000000004 2889.5000000000005 2.5000000000000004 435.50000000000006 1.0000000180025095e-35 3.7083333333350006 18.550000000000004 0.074145500000000017 1.0000000180025095e-35
decision_type=2 2 2 2 2 2 2 2 2 2 2 2 2 2 2 2 2 2 2 2 2 2 2 2 2 2 2 2 2 2
left_child=1 18 3 5 13 -2 7 12 11 10 28 -7 14 17 15 16 19 -3 -1 25 21 24 23 -23 -21 -4 -27 -28 29 -5
right_child=2 4 6 9 -6 8 -8 -9 -10 -11 -12 -13 -14 -15 -16 -17 -18 -19 -20 20 -22 22 -24 -25 -26 26 27 -29 -30 -31
leaf_value=-0.048658999764735783 0.011552015279391724 -0.0030283732888159113 -0.0016548639097224188 0.012137891981905988 -0.021995893065778933 -0.0107309605083655 -0.060162531198973114 0.038990398981415236 0.040509138895386827 0.034548605991607938 0.026001637554410751 0.0038488441301031255 -0.04673941252528524 0.038877063638204201 -0.01802759336585473 0.01616355919562586 -0.058459946752641892 -0.027524682235839645 -0.011632346699836798 -0.052699912302858254 -0.034685673881249802 0.020765102377101836 0.063758932757369893 -0.01375533217343977 -0.0081833025615239679 -0.014130436641178086 0.033105087940091905 -0.034256111965354268 0.034837983058181907 -0.010788474570830528
leaf_weight=124.80121307894342 335.07261046742497 156.00248819947456 88.80989497381961 264.52399163355585 172.42719351103733 120.75930465081183 6.6479390660206255 10.943928691733161 10.896353996824471 51.80035498412326 111.20051896062796 202.19266157358652 8.2092970882076752 7.9265317909594151 52.159180990056484 56.703731465342571 7.5559970226750002 27.833147294136324 10.982785318713466 7.1912721033004336 24.003355958411703 27.103716964018531 4.257016578805632 23.909021994535578 55.275392452196684 12.380759523715822 36.649461782799335 3.1196695343242018 21.469693966209888 29.130700848618289
leaf_count=781913 4621 57291 2295 3124 136103 3821 3609 114 76 262 776 2938 1943 95 2107 1386 598 13681 50816 468 1135 403 45 1049 1502 148 734 85 100 812
internal_value=0 -0.0218482 0.00694895 0.0105663 -0.0129687 0.00567258 -0.00281575 -0.00190429 -0.000228407 0.0174127 0.0153307 -0.00160289 -0.00300303 -0.0048517 -0.00210344 0.000290476 -0.00281046 -0.00673717 -0.0456641 -0.00132306 -0.00817364 -0.00276853 0.00914348 0.00458581 -0.0133081 0.00556543 0.0178614 0.027821 0.0115651 0.00986358
internal_weight=0 499.973 1571.97 1147.05 364.189 668.921 424.92 418.272 333.848 478.125 426.325 322.952 407.328 191.762 399.118 346.959 290.256 183.836 135.784 282.7 141.74 117.736 55.2698 51.0127 62.4667 140.96 52.1499 39.7691 315.124 293.655
internal_count=1074050 1039899 34151 16530 207170 11456 17621 14012 6835 5074 4812 6759 13898 71067 11955 9848 8462 70972 832729 7864 4602 3467 1497 1452 1970 3262 967 819 4036 3936
is_linear=0
shrinkage=0.05


Tree=82
num_leaves=31
num_cat=0
split_feature=0 0 55 0 40 101 2 3 105 101 81 105 48 36 87 81 62 3 36 70 90 62 96 43 72 46 2 2 85 96
split_gain=119.54 35.074 17.6911 14.0551 12.6846 10.8047 9.51338 7.86571 7.83148 7.60222 9.44671 8.43294 6.86031 8.34698 7.18586 6.97817 6.55583 6.8239 6.36643 6.07161 5.65697 5.63131 5.49487 5.3987 4.96002 4.91943 4.94958 6.86743 4.76045 4.96226
threshold=0.043984350660107828 0.7740980979447657 1.0000000180025095e-35 0.0019437620776660012 20.500000000000004 13.500000000000002 593143.50000000012 994244.00000000012 9.3666666666650027 1.5000000000000002 0.065345000000000014 6.2916666666650007 1.5000000000000002 2092.5000000000005 5.5000000000000009 0.36529200000000006 31.500000000000004 1326.5000000000002 5190.5000000000009 876.16666666650019 731.50000000000011 4.5000000000000009 0.091939000000000007 3.5000000000000004 29.500000000000004 1.0000000180025095e-35 215462.50000000003 3800.5000000000005 4.7750000000000012 0.015316500000000002
decision_type=2 2 2 2 2 2 2 2 2 2 2 2 2 2 2 2 2 2 2 2 2 2 2 2 2 2 2 2 2 2
left_child=3 2 5 -1 9 8 -4 -6 22 12 -11 23 14 16 -3 -16 20 -18 -15 -5 24 -9 -2 -12 -14 26 27 -10 29 -13
right_child=1 4 6 19 7 -7 -8 21 25 10 11 28 13 18 15 -17 17 -19 -20 -21 -22 -23 -24 -25 -26 -27 -28 -29 -30 -31
leaf_value=-0.048712370231251773 -0.015599182909320275 0.024325490276141021 0.02395097166703895 -0.017382840253784511 0.02695119673757726 -0.0184501150560544 -0.0049424929174442314 0.015976459218225478 -0.021055192776984904 -0.0062236159800572255 -0.031903222207259052 -0.0081026084196699991 0.0028049072779608962 0.032485268665565968 0.011847580078194782 -0.022654578744802797 0.03811466527134276 -0.047001305680803532 -0.025881228761195908 -0.051486074939046472 -0.033753041162017751 -0.016846365754758542 0.029012813940505984 0.0029817471593503401 0.037796364988675668 0.030007673498574108 -0.015412464437434589 0.013073048286297155 0.024628529050713163 0.015045620298434301
leaf_weight=106.41122554630192 113.15364860630871 126.54346746660303 66.716833834438148 84.888672870692062 138.74039536024793 214.99842759869534 49.719856303439883 39.738963019073708 18.083427045930875 205.49753628464532 17.522289699409157 34.633771817665547 198.58962178876391 36.136016174335964 204.47092822450213 15.78658732678741 2.9024550337344399 12.479455596301703 5.3658105833455911 15.422381544836297 10.083320180187 19.470148094929755 7.3506948443973661 30.21440509846434 10.671643524663521 16.516567479797231 33.875275290913123 79.732653278835642 64.719448380405083 69.833895705989562
leaf_count=697189 24582 854 4481 195754 882 68474 7273 239 2474 3973 244 296 2064 277 1465 123 25 204 100 49592 258 136 394 413 114 818 4104 6309 469 470
internal_value=0 0.00404285 -0.00588401 -0.0360541 0.00883421 -0.0100958 0.0116131 0.0204401 -0.00341153 0.00663671 0.00145862 0.0087362 0.0101475 0.00426865 0.0148301 0.0093747 0.000613938 -0.0309405 0.024939 -0.0226261 0.00282675 0.0051831 -0.0128779 -0.00982317 0.00458936 0.00428534 0.00105927 0.0067637 0.0139728 0.00737138
internal_weight=0 1843.55 600.147 206.722 1243.4 483.711 116.437 197.95 268.712 1045.45 422.421 216.924 623.029 276.228 346.801 220.258 234.726 15.3819 41.5018 100.311 219.345 59.2091 120.504 47.7367 209.261 148.208 131.691 97.8161 169.187 104.468
internal_count=1074050 131515 118909 942535 12606 107155 11754 1257 38681 11349 5865 1892 5484 3042 2442 1588 2665 229 377 245346 2436 375 24976 657 2178 13705 12887 8783 1235 766
is_linear=0
shrinkage=0.05


Tree=83
num_leaves=31
num_cat=0
split_feature=0 0 101 77 40 3 0 2 2 3 36 2 105 70 36 72 36 81 3 36 54 102 77 36 70 105 84 69 70 2
split_gain=113.491 37.2866 15.1645 14.2507 11.3084 10.8882 10.1878 7.84966 10.4898 9.17384 9.16277 6.5442 6.27808 6.18378 5.6898 5.83376 5.66737 7.69014 5.59211 5.57341 5.40136 5.38692 6.52939 5.55521 5.31309 5.84957 5.26938 5.16098 5.15396 5.14581
threshold=0.030380062479932603 0.68981449621504665 13.500000000000002 0.053591500000000007 3.5000000000000004 284909.00000000006 0.0019437620776660012 156.50000000000003 144.50000000000003 38.500000000000007 15506.500000000002 227144.50000000003 5.3666666666650009 389.12500000000006 140.50000000000003 2.5000000000000004 1234.5000000000002 0.053077500000000007 324393.50000000006 563.50000000000011 1.0000000180025095e-35 128.50000000000003 0.062645500000000007 729.50000000000011 2.5500000000000003 20.900000000000002 0.22500000000000003 8.5000000000000018 2.3666666666650005 435.50000000000006
decision_type=2 2 2 2 2 2 2 2 2 2 2 2 2 2 2 2 2 2 2 2 2 2 2 2 2 2 2 2 2 2
left_child=6 2 4 5 -2 7 -1 8 14 -9 16 29 19 -8 -3 -16 -11 -18 -14 -7 -4 23 -23 -5 25 -20 -26 -22 -10 -6
right_child=1 3 20 21 11 12 13 9 28 10 -12 -13 18 -15 15 -17 17 -19 24 -21 27 22 -24 -25 26 -27 -28 -29 -30 -31
leaf_value=-0.048576189001078171 -0.0065276462306101722 0.046983484817635791 -0.02778026918328378 0.016638042666964722 -0.033829752252566757 -0.0042066522932686255 -0.015897882809322032 0.045362710169640524 0.02835024450659664 0.0070992212159994425 -0.051295867215515767 -0.0051640812466079529 -0.04398884116767468 -0.049074118479700279 0.013037317432213627 -0.020866205494568822 0.0045822715945393316 0.022660413926973419 0.008401023290827446 -0.032520996214648837 -0.0076161882753927393 -0.061975570626280688 0.012299802971072443 0.03700729542511471 0.0011370652664893291 0.046306253568345557 0.066303687751393156 -0.035312355113083289 -0.068036820602059803 0.0293586002184772
leaf_weight=101.98252354811802 207.00309900609864 6.3427449320442966 83.803526322462858 74.760953513905406 3.4385658390983727 70.68749029369792 55.753354144154855 19.857113959034905 1.6526625491678704 335.75540515210014 5.8779447821507338 25.841522827369772 6.1778388202073975 18.775614178985052 26.426607236091513 24.406313302228227 86.788877640239662 182.57547634048387 35.805013959063217 23.046300989197334 115.94561926028837 3.7738138535060015 13.701435730094088 60.60912129143253 339.54018980341789 14.220424462342633 3.1306513068266204 19.674431504659879 8.6243002398405206 51.147520305130456
leaf_count=697189 39614 31 59230 564 1588 1374 154305 71 12 3844 727 2404 129 69991 211 656 1556 1247 356 797 20240 38 114 309 4421 65 22 8883 365 3697
internal_value=0 0.00365375 -0.00790226 0.00801257 -0.000345812 0.00616793 -0.0383073 0.0101834 -0.00602864 0.0119168 0.0108299 0.0155649 0.000475721 -0.0242558 0.00233087 -0.00324072 0.0114333 0.0168357 0.00321202 -0.0111683 -0.0178007 0.0223854 -0.00374011 0.0257579 0.00395457 0.0191761 0.00173243 -0.0116341 -0.0525366 0.0253781
internal_weight=0 1850.61 506.854 1343.76 287.431 1190.92 176.511 698.307 67.4526 630.855 610.998 80.4276 492.608 74.529 57.1757 50.8329 605.12 269.364 398.874 93.7338 219.424 152.845 17.4752 135.37 392.696 50.0254 342.671 135.62 10.277 54.5861
internal_count=1074050 152565 135656 16909 47303 15884 921485 8720 1275 7445 7374 7689 7164 224296 898 867 6647 2803 4993 2171 88353 1025 152 873 4864 421 4443 29123 377 5285
is_linear=0
shrinkage=0.05


Tree=84
num_leaves=31
num_cat=0
split_feature=0 0 101 106 0 81 2 105 44 40 36 85 3 101 93 105 36 3 55 102 40 98 72 70 36 3 2 101 93 93
split_gain=107.834 38.0331 19.2971 15.011 12.1242 10.8616 9.32322 8.76667 8.87064 8.57077 7.73564 7.44025 9.08408 5.93265 5.57213 5.38415 8.58218 8.38735 5.312 7.28449 5.26713 5.93832 5.25903 5.20859 5.17941 4.98981 6.83291 6.06207 5.60123 5.66537
threshold=0.42569895731548962 0.0088049481694041625 1.5000000000000002 0.019082500000000006 0.94875966535953815 0.073879000000000014 1807278.0000000002 4.4500000000000011 1.0000000180025095e-35 44.500000000000007 729.50000000000011 3.0833333333350006 21284.000000000004 13.500000000000002 0.047882500000000008 14.550000000000002 1257.5000000000002 176512.00000000003 1.0000000180025095e-35 36.500000000000007 1.0000000180025095e-35 3.5000000000000004 11.500000000000002 12.100000000000001 104.50000000000001 996929.50000000012 642.50000000000011 10.500000000000002 0.028898000000000004 0.010095000000000002
decision_type=2 2 2 2 2 2 2 2 2 2 2 2 2 2 2 2 2 2 2 2 2 2 2 2 2 2 2 2 2 2
left_child=1 14 3 7 6 13 9 24 11 22 18 12 -9 -3 -1 16 17 -11 19 -5 -7 -22 -4 -19 -2 26 -6 -27 29 -29
right_child=2 5 4 10 25 20 -8 8 -10 15 -12 -13 -14 -15 -16 -17 -18 23 -20 -21 21 -23 -24 -25 -26 27 -28 28 -30 -31
leaf_value=-0.048273113035825696 0.018402658910271343 -0.0096640538434789799 -0.003277960909313172 0.010565146327879044 -0.01029042787658154 -0.0073630921719230096 -0.02369725967045265 0.028077360522450467 0.051513691084403748 0.039563179508256371 0.033459718227775229 0.0040264265263911482 0.0083981271263930957 -0.025490722632205323 -0.0099308175906153307 0.033827709125293419 -0.039639856940620929 0.0095117117455977493 0.023895045809901632 -0.041381625135680389 0.032217183925411549 -0.0085438709363635096 -0.02336319528590769 -0.051360530158839873 -0.015889687016220778 -0.026628351481038877 0.017076568464758402 0.0071305511297438187 0.038606427715791064 -0.049410979815730754
leaf_weight=111.31706752478158 13.736168407660442 106.21737722507896 255.2114836150904 33.920380806550384 26.787643661606126 71.732781260890988 58.720362684391148 89.854110165149905 12.415097806951961 17.225793428020552 97.596262529492378 346.35888500258443 168.81506221805466 133.80054046050282 10.357196296452456 22.783739466649422 8.9996285879569751 10.475351554341612 53.89039867091924 8.4249442262807843 22.223646503762211 14.943754999465453 37.361634513083118 5.2881842589122234 55.500332258758135 19.427733681630343 153.53487578779459 22.210118808783594 10.582625517388804 5.5342196528799823
leaf_count=785722 235 52852 13149 421 219 20722 3419 527 67 160 547 5767 1857 123827 51116 368 522 102 294 149 2696 2964 2403 170 2534 156 831 146 54 54
internal_value=0 -0.0209385 0.00642067 0.0112533 -8.42508e-05 -0.0125446 -0.00523343 0.00778475 0.00967657 -0.00219938 0.023541 0.00881808 0.0152341 -0.0184868 -0.0450093 0.0142579 0.003639 0.0154457 0.013482 0.000229917 0.000552164 0.0158285 -0.00584285 -0.0109091 -0.00908626 0.0089145 0.0130111 -0.00387591 0.00765718 -0.0041479
internal_weight=0 470.592 1534.66 880.512 654.143 348.918 416.066 686.68 617.443 357.346 193.832 605.028 258.669 240.018 121.674 64.7727 41.989 32.9893 96.2357 42.3453 108.9 37.1674 292.573 15.7635 69.2365 238.077 180.323 57.7547 38.327 27.7443
internal_count=1074050 1039899 34151 12398 21753 203061 20293 10987 8218 16874 1411 8151 2384 176679 836838 1322 954 432 864 570 26382 5660 15552 272 2769 1460 1050 410 254 200
is_linear=0
shrinkage=0.05


Tree=85
num_leaves=31
num_cat=0
split_feature=0 0 101 44 2 50 40 36 0 70 48 84 70 74 93 105 93 93 101 96 69 99 95 101 101 66 66 93 72 77
split_gain=102.742 36.5837 20.2263 14.182 12.2094 9.85732 8.91139 8.09726 6.3676 6.27064 6.12068 5.8732 5.30609 5.27017 5.24134 4.99654 5.6007 6.14883 5.50162 5.34001 6.04377 5.16459 4.99305 4.81835 4.93054 5.81166 4.81582 7.54813 4.7946 4.71905
threshold=0.42569895731548962 0.0083575017706393109 15.500000000000002 1.0000000180025095e-35 105656.50000000001 1.0000000180025095e-35 5.5000000000000009 18470.500000000004 0.94875966535953815 1852.1666666650001 3.5000000000000004 0.22500000000000003 6.083333333335001 1.5000000000000002 0.047882500000000008 27.083333333350001 0.012545500000000003 0.012022000000000003 1.0000000180025095e-35 0.089792000000000025 9.5000000000000018 5.5000000000000009 27.500000000000004 1.5000000000000002 1.0000000180025095e-35 1.0000000180025095e-35 3.5000000000000004 0.041328000000000011 33.500000000000007 0.078854500000000008
decision_type=2 2 2 2 2 2 2 2 2 2 2 2 2 2 2 2 2 2 2 2 2 2 2 2 2 2 2 2 2 2
left_child=1 14 3 4 6 9 11 8 13 29 23 15 -8 -4 -1 16 17 18 -2 28 -21 -20 -14 24 25 -6 -27 -28 -18 -3
right_child=2 5 7 -5 10 -7 12 -9 -10 -11 -12 -13 22 -15 -16 -17 19 -19 21 20 -22 -23 -24 -25 -26 26 27 -29 -30 -31
leaf_value=-0.048196068116632865 0.007475171590256631 -0.015700147109466593 -0.0033578199146620624 0.037868980174849368 -0.0014651389742307765 0.0080941338976048532 0.030489580306293784 -0.052665033266525309 0.0070775590182820137 -0.045207537191267078 -0.011130138493365842 0.055456652851686251 -0.022860555573711926 -0.021723295540312496 -0.010807604930983492 0.019012275163780699 0.014571556120193646 -0.052929662271718407 0.011501725522977681 -0.037554542121663537 0.030677177017955748 -0.02122086851788603 0.017532331656130631 -0.0086651406108732773 0.024678332817526398 0.029539971098431917 0.013435194121977388 -0.05363944559316805 -0.025481798493802468 0.012889742266042779
leaf_weight=106.07125340342282 125.64059970645758 263.83985831546488 227.09378264420593 43.140566972491797 130.31952872878173 49.818048573050874 94.310175413847901 8.1255051728658128 125.57642330322415 17.240957575386346 78.781887760800601 6.8653855451848349 9.0043112338753399 47.177521432902722 10.282261443596779 100.07002185063902 232.80624137062114 5.3139360260684034 17.335169837460853 10.799038032419046 4.6398826391086905 39.611348894279217 50.889050353871426 55.231123860809021 36.348352152272128 34.733843254856765 25.089975235983733 5.036246992647647 7.719361870782449 15.268700963092668
leaf_count=781913 2844 161082 10368 268 1828 10810 533 3259 826 31850 2643 59 142 3168 50816 852 2978 169 317 118 50 927 819 999 416 217 166 43 142 3428
internal_value=0 -0.020637 0.00627279 0.00976181 0.00862915 -0.0124844 0.0124741 -0.00325155 -0.0022474 -0.0159438 0.00121361 0.00949969 0.0230983 -0.00651687 -0.044892 0.00891964 0.00664424 8.89689e-05 0.001632 0.0114564 -0.0170488 -0.0112597 0.0114597 0.00460484 0.0077704 0.00462163 0.0168514 0.00222222 0.0132861 -0.0141361
internal_weight=0 462.521 1521.66 1113.69 1070.55 346.168 705.005 407.973 399.848 296.35 365.541 550.801 154.204 274.271 116.354 543.936 443.866 187.901 182.587 255.965 15.4389 56.9465 59.8934 286.759 231.528 195.18 64.8601 30.1262 240.526 279.109
internal_count=1074050 1039899 34151 16530 16262 207170 9950 17621 14362 196360 6312 8456 1494 13536 832729 8397 7545 4257 4088 3288 168 1244 961 3669 2670 2254 426 209 3120 164510
is_linear=0
shrinkage=0.05


Tree=86
num_leaves=31
num_cat=0
split_feature=0 0 101 77 90 40 3 104 80 43 105 36 87 3 93 81 2 80 85 70 2 36 40 105 40 90 70 36 54 96
split_gain=97.4005 37.6637 13.9616 13.5499 10.3069 9.80862 9.65464 10.355 7.02643 6.78409 6.67263 6.38005 6.24745 10.673 7.96937 5.64497 5.51856 5.34757 7.24038 5.22701 5.17365 5.17358 5.78901 5.1609 5.14574 5.91536 11.0703 6.40909 6.03396 5.61384
threshold=0.016616566037286794 0.68981449621504665 13.500000000000002 0.028898000000000004 4.5000000000000009 3.5000000000000004 84103.500000000015 0.027147500000000001 0.045801000000000008 3.5000000000000004 8.0833333333350019 3677.5000000000005 8.5000000000000018 22458.000000000004 0.091351500000000016 0.20418300000000003 227144.50000000003 0.49069550000000006 9.1000000000000014 1117.1666666650001 182686.50000000003 678.50000000000011 3547.0000000000005 5.6333333333350009 1.5000000000000002 3.5000000000000004 3.5500000000000003 2889.5000000000005 4.5000000000000009 0.060240500000000009
decision_type=2 2 2 2 2 2 2 2 2 2 2 2 2 2 2 2 2 2 2 2 2 2 2 2 2 2 2 2 2 2
left_child=4 2 5 6 -1 -2 7 21 9 -8 -10 17 14 15 24 -14 -7 18 -4 -12 -19 -3 23 -23 25 26 27 -9 -27 -28
right_child=1 3 11 -5 -6 16 8 12 10 -11 19 -13 13 -15 -16 -17 -18 20 -20 -21 -22 22 -24 -25 -26 28 29 -29 -30 -31
leaf_value=-0.010756236196224631 -0.0067672514402991385 0.015119755060909131 -0.0091380474928625197 0.018826851130963378 -0.047005781637548545 0.02293296623919135 -0.021825198702280155 0.022844186946840206 -0.0047097666203591735 0.0036676448916816828 0.0088489911843901078 -0.036290662142746295 -0.014393249499332612 0.024377401729402021 -0.035302752572230686 0.015773391029133114 -0.0054668978698330555 0.03064953479420017 -0.030778810578725148 -0.044091906353915467 -0.029100581165026632 -0.045679865932196036 0.040815182376592124 -0.0075718397883272354 0.029048778766310502 0.030499800360257175 -0.021395812106368026 -0.040562663628067749 -0.0098417652147144968 0.023686460699185334
leaf_weight=23.728714300254978 209.71365854530995 29.898659840109758 112.40668838851343 221.18790572625585 112.95618102365052 53.852713394870079 60.922396948706592 69.649155568564311 162.67208210771787 45.654097154270858 281.48025316148414 38.313930531147889 59.041530202317517 43.153364216239424 6.9104677569121113 21.03190796286799 25.067724388929491 12.030061299901719 58.904821391454789 4.7409452441643216 5.1841736122369175 10.088803925369573 5.500811369623988 74.427704035850184 88.559875464183278 68.850454188883305 35.113137579523027 4.2272088527679434 10.711084777722133 8.5958695705048722
leaf_count=136051 50661 397 25297 1636 747186 6593 1299 512 3139 764 2809 38577 1062 399 57 162 2942 2745 44902 517 2187 820 33 1732 517 482 330 39 121 82
internal_value=0 0.0030444 -0.00840781 0.00754244 -0.0407128 -0.00111292 0.00525514 0.0100439 0.000636274 -0.0109048 0.00337637 -0.01769 0.0137767 0.00433276 0.0177537 -0.00646975 0.0139122 -0.0139097 -0.0165791 0.00797208 0.0126554 -0.00290064 -0.00888599 -0.0121208 0.019037 0.0145397 0.0074154 0.019216 0.0250688 -0.0125299
internal_weight=0 1827.89 515.474 1312.42 136.685 288.634 1091.23 535.76 555.47 106.576 448.893 226.84 415.844 123.227 292.617 80.0734 78.9204 188.526 171.312 286.221 17.2142 119.916 90.0173 84.5165 285.707 197.147 117.585 73.8764 79.5615 43.709
internal_count=1074050 190813 173904 16909 883237 60196 15273 6745 8528 2063 6465 113708 3763 1623 2140 1224 9535 75131 70199 3326 4932 2982 2585 2552 2083 1566 963 551 603 412
is_linear=0
shrinkage=0.05


Tree=87
num_leaves=31
num_cat=0
split_feature=0 0 101 40 101 3 105 36 90 93 80 93 2 0 40 40 107 54 0 2 98 106 36 3 41 72 70 40 2 70
split_gain=92.939 34.2405 18.2765 12.8302 11.3376 7.98625 9.65846 6.87017 6.07433 5.87365 7.92145 6.99529 5.71739 5.709 5.69588 5.36156 5.93686 5.3511 5.26932 5.20412 5.19859 6.55557 5.54149 4.91005 4.88338 4.7472 4.67766 4.7586 4.69796 4.56519
threshold=0.42569895731548962 0.0032200281855830795 15.500000000000002 34.500000000000007 13.500000000000002 68784.500000000015 8.2916666666650016 18470.500000000004 3.5000000000000004 0.0027325000000000001 1.4228595000000002 0.0039950000000000012 175.00000000000003 0.94875966535953815 4462.5000000000009 1.0000000180025095e-35 394.50000000000006 1.0000000180025095e-35 0.7740980979447657 144.50000000000003 3.5000000000000004 0.023543000000000005 1508.5000000000002 430911.50000000006 1.0000000180025095e-35 28.500000000000004 9.9000000000000021 1.0000000180025095e-35 550920.50000000012 4.2916666666650007
decision_type=2 2 2 2 2 2 2 2 2 2 2 2 2 2 2 2 2 2 2 2 2 2 2 2 2 2 2 2 2 2
left_child=1 -1 3 5 14 12 -7 15 20 10 23 -11 19 -5 26 18 25 -6 -4 -2 21 29 -23 -10 -21 -17 27 -3 -29 -8
right_child=2 4 7 13 17 6 8 -9 9 11 -12 -13 -14 -15 -16 16 -18 -19 -20 24 -22 22 -24 -25 -26 -27 -28 28 -30 -31
leaf_value=-0.046784868967113286 0.0041339472685583741 -0.0050065972488951456 -0.019595385202590809 0.015124547389754137 -0.032043493087701151 -0.0060701891512275393 0.0075314051729270214 -0.050150480934758018 0.0041876994545629034 0.054662186746632639 0.039972810246963926 0.0043470865962811347 0.014548808305076677 0.034339918407511966 0.057514141931655022 0.0078182965655106598 -0.066968418216551182 -0.014061680148513609 -0.0025825281646544508 -0.066946587628051293 0.0041224629248203457 0.055829653103115884 -0.0013894334547745308 -0.028593939876561 0.008086585338814057 -0.036245428703332479 -0.013949008125623944 0.030198810057165782 -0.022016975760194794 0.033778901309480011
leaf_weight=94.488624315433299 38.658283552911598 66.517666917689894 62.07075644561337 108.13056355886511 76.434887778081702 189.68202033183479 63.388066553627141 7.6371560305669837 16.736586177285062 7.5137157058343282 6.586497354815946 85.68409402348334 350.92401920979319 60.161211877595633 3.6530286788442927 151.53198934109241 2.8344428264972512 90.1928834718492 170.62348517055216 5.5887289067031798 78.253658201312646 19.610722858458761 5.3956159818917504 35.975842870539054 3.5433041069190949 6.3693675451795562 86.285730587175294 21.73133035782303 5.3727078204956333 22.427532958099619
leaf_count=748309 755 28482 6047 985 124810 5118 666 3259 347 30 189 1120 4677 260 310 3886 1353 65965 2642 329 713 108 37 933 50 434 67212 3672 1139 213
internal_value=0 -0.0200746 0.0059538 0.00928979 -0.0128675 0.00699082 0.00297674 -0.00318127 0.00800068 0.000576208 -0.0117257 0.00840355 0.0123393 0.0219937 -0.0042959 -0.00226952 0.00475341 -0.0223102 -0.00712068 -0.00388534 0.0139888 0.0209556 0.0434835 -0.0181855 -0.0378331 0.00604087 -0.00555095 0.00218905 0.0198483 0.0143911
internal_weight=0 444.677 1499.33 1098.26 350.188 929.969 531.254 401.067 341.572 152.497 59.2989 93.1978 398.714 168.292 183.56 393.43 160.736 166.628 232.694 47.7903 189.076 110.822 25.0063 52.7124 9.13203 157.901 179.907 93.6217 27.104 85.8156
internal_count=1074050 1039899 34151 16530 291590 15285 9474 17621 4356 2619 1469 1150 5811 1245 100815 14362 5673 190775 8689 1134 1737 1024 145 1280 379 4320 100505 33293 4811 879
is_linear=0
shrinkage=0.05


Tree=88
num_leaves=31
num_cat=0
split_feature=0 0 101 40 0 85 40 99 78 36 77 3 36 40 82 36 105 103 62 2 87 104 36 93 102 99 72 70 72 54
split_gain=88.505 30.1878 19.5669 13.1835 12.3285 9.63469 9.48458 8.19915 7.92007 7.4421 6.03991 5.30801 5.87164 5.08201 5.06269 4.78601 4.6462 4.5993 4.54626 4.52407 4.72186 4.86797 4.52032 5.55003 8.07838 9.09731 6.78804 6.58965 5.15351 9.96365
threshold=0.043984350660107828 0.94875966535953815 1.5000000000000002 29.500000000000004 0.0019437620776660012 3.2250000000000005 44.500000000000007 84.500000000000014 0.027617500000000003 905.50000000000011 0.030463500000000001 226479.50000000003 1257.5000000000002 1707.0000000000002 4.5000000000000009 2124.5000000000005 4.4500000000000011 2.5000000000000004 36.500000000000007 43757.000000000007 5.5000000000000009 0.18182200000000001 1234.5000000000002 0.0065390000000000005 9.5000000000000018 4.5000000000000009 1.0000000180025095e-35 380.12500000000006 7.5000000000000009 2.5000000000000004
decision_type=2 2 2 2 2 2 2 2 2 2 2 2 2 2 2 2 2 2 2 2 2 2 2 2 2 2 2 2 2 2
left_child=4 2 5 17 -1 9 7 -4 16 -2 18 12 -8 14 -14 -12 -7 22 -6 -18 -21 -22 28 24 -24 -26 -25 -28 29 -3
right_child=1 3 6 -5 10 8 11 -9 -10 -11 15 -13 13 -15 -16 -17 19 -19 -20 20 21 -23 23 26 25 -27 27 -29 -30 -31
leaf_value=-0.047933588525708705 0.0049964843102957984 0.0074237944361440801 -0.0088206104544940513 0.031713806913489836 -0.031110669473022531 -0.018591361522503302 0.036068720328235979 -0.030162588401043407 0.026421873481309269 0.023285907664168434 -0.0099817612164778968 -0.0056733908229370626 -0.045345719662819452 0.03280748108707493 0.030296422889677429 0.05126263295019326 0.006375916223392385 0.045598222743848199 0.014296128844554175 0.0026618897012696471 -0.024557985664661535 0.023875393072199727 0.026492792382873692 -0.0013552074010756345 -0.097521421611791392 -0.0028000600415144039 0.028503378832081927 -0.026379188424985957 0.015393122349167935 -0.01393918126701213
leaf_weight=83.496530025273387 129.64710378844757 216.9367097170325 424.80510930702803 72.379663936560974 67.100927645590218 43.018101886806107 23.920865823860368 50.33518374135565 24.023362523061223 97.411598106788006 12.094127773728362 39.146221291038273 7.6052860578183772 6.4544435531388435 3.1193120521420497 4.3327141771396773 111.38731738804199 8.538063317537306 6.0059607282182688 50.049771901823988 44.981836410974211 5.8643417980638324 25.928386194398627 29.057101370766759 2.6707143522799006 49.838913340470754 107.96829887502827 5.7611619550734749 96.422014626208693 72.928625459549949
leaf_count=697189 4995 1285 49314 345 214880 10290 804 34780 175 2078 18666 4218 2510 329 190 1454 8797 31 10346 5064 3704 192 116 167 17 414 544 39 594 523
internal_value=0 0.00337253 -0.00191505 0.0115276 -0.0341131 0.00519339 -0.00839629 -0.0110815 -0.00102479 0.0128429 -0.0212245 0.00750309 0.0200532 -0.00224746 -0.0233448 0.00617195 -0.00360747 0.00915592 -0.0273804 -0.000571061 -0.0082404 -0.0189719 0.00864375 0.014343 0.00365781 -0.00761772 0.0202127 0.0257232 0.00537984 0.00204898
internal_weight=0 1750.2 1061.77 688.43 173.03 506.383 555.386 475.14 279.325 227.059 89.5337 80.2461 41.0999 17.179 10.7246 16.4268 255.301 616.05 73.1069 212.283 100.896 50.8462 607.512 221.225 78.438 52.5096 142.787 113.729 386.287 289.865
internal_count=1074050 131515 127440 4075 942535 35295 92145 84094 28222 7073 245346 8051 3833 3029 2700 20120 28047 3730 225226 17757 8960 3896 3699 1297 547 431 750 583 2402 1808
is_linear=0
shrinkage=0.05


Tree=89
num_leaves=31
num_cat=0
split_feature=0 101 40 0 0 90 2 73 70 84 36 2 105 36 92 72 80 72 74 57 62 0 105 62 74 96 104 98 101 105
split_gain=84.1842 33.4525 16.2271 14.2794 11.3014 10.179 7.70361 7.93216 6.94824 6.50937 6.16497 5.97679 5.76371 5.49774 5.47333 5.21013 4.92942 4.8855 4.63095 4.72263 4.60697 6.19462 4.54372 4.41039 4.36802 4.52416 4.32582 6.28539 5.14758 4.8321
threshold=0.016616566037286794 15.500000000000002 1.0000000180025095e-35 0.7740980979447657 0.68981449621504665 4.5000000000000009 779250.50000000012 1.5000000000000002 3.0833333333350006 0.22500000000000003 3677.5000000000005 21207.500000000004 7.2916666666650007 15506.500000000002 1.5000000000000002 31.500000000000004 0.69852000000000014 1.0000000180025095e-35 2.5000000000000004 7.5000000000000009 26.500000000000004 0.0033704726460606926 36.550000000000004 14.500000000000002 1.0000000180025095e-35 0.084476500000000024 0.039152000000000006 8.5000000000000018 1.0000000180025095e-35 4.708333333335001
decision_type=2 2 2 2 2 2 2 2 2 2 2 2 2 2 2 2 2 2 2 2 2 2 2 2 2 2 2 2 2 2
left_child=5 2 4 10 12 20 7 8 15 11 16 -6 -2 18 -13 26 -3 -12 22 -20 21 -1 -5 -8 -10 -26 28 -28 29 -4
right_child=1 3 6 13 9 -7 23 -9 24 -11 17 14 -14 -15 -16 -17 -18 -19 19 -21 -22 -23 -24 -25 25 -27 27 -29 -30 -31
leaf_value=-0.049280167641560318 -0.020624978512932306 -0.014817862188964866 -0.035332626770291767 0.00071112241197096061 0.010294530227732392 -0.046687457086993206 0.00441355617426925 0.036126259459440598 0.01205424887460484 0.053297038441552085 -0.053007463428688478 -0.0036038268132049488 -0.0016922850545601461 -0.058621405400752495 0.013819815722356408 -0.038292267235746025 0.018932263187988897 -0.01837984834644912 -0.010883056206538618 -0.073654919477610062 0.045738225965668206 0.0085185047707159213 0.023360390142773232 -0.029891759830333688 -0.0038045226812980764 -0.09194972167416296 0.035687982789931072 -0.057106536690832835 -0.014806380911773307 0.029829900449833326
leaf_weight=8.7555530375977977 63.592926648281718 197.31413432722638 3.140344242216087 225.44243544247001 292.74131460674107 101.16356664420391 64.383751110448429 47.056618152651936 229.4225194827286 7.1616498359944663 18.714408303104392 216.87137432667078 109.27667480058153 3.9458064753634963 56.897901523392648 3.2478930202050824 11.446570438569323 22.351737599478838 23.398173734894957 3.4364277321728869 3.262286242580557 9.8520190687099767 24.555208084173501 10.964552333643949 27.908563007862544 1.5358409300097253 72.066752515565895 1.8722600648179639 11.726650081771366 30.248833402583841
leaf_count=108615 24757 72907 165 3153 2833 747186 3511 203 11746 51 17778 3329 19160 509 526 92 2616 21578 421 224 6619 20817 285 398 3116 32 941 20 211 251
internal_value=0 0.00276372 0.00722846 -0.00775533 0.00254982 -0.0400006 0.0141645 0.0167586 0.0143676 0.00592687 -0.0164509 0.00532803 -0.00865699 -1.82556e-05 1.73564e-05 0.0241889 -0.0129673 -0.0341601 0.00081704 -0.0189216 -0.00906908 -0.0186779 0.00293577 -0.000578493 0.00972746 -0.00840224 0.0258934 0.0333383 0.0136922 0.0237012
internal_weight=0 1780.72 1250.12 530.605 746.542 123.033 503.575 428.226 381.17 573.672 249.827 566.511 172.87 280.778 273.769 122.303 208.761 41.0661 276.832 26.8346 21.8699 18.6076 249.998 75.3483 258.867 29.4444 119.055 73.939 45.1158 33.3892
internal_count=1074050 190813 71342 119471 50656 883237 20686 16777 16574 6739 114879 6688 43917 4592 3855 1680 75523 39356 4083 645 136051 129432 3438 3909 14894 3148 1588 961 627 416
is_linear=0
shrinkage=0.05


Tree=90
num_leaves=31
num_cat=0
split_feature=0 0 0 40 68 50 101 85 40 46 96 69 70 62 0 95 77 40 105 65 59 59 105 2 2 74 60 3 80 105
split_gain=79.6372 29.4577 16.9755 12.2813 11.7346 10.2488 8.94447 6.96092 6.70649 6.36287 6.29235 5.87629 5.58094 5.63604 5.47003 5.43181 4.88316 6.06924 5.79831 5.8261 4.75968 5.1928 4.74081 4.55557 4.37879 4.36646 4.34445 4.3037 5.42574 4.20229
threshold=0.37969951586789719 0.0032200281855830795 0.94875966535953815 122.50000000000001 0.096819500000000017 1.0000000180025095e-35 1.5000000000000002 387.25000000000006 1.0000000180025095e-35 1.0000000180025095e-35 0.012947000000000002 7.5000000000000009 2.2916666666650003 1.5000000000000002 0.68981449621504665 1566.5000000000002 0.078854500000000008 1.0000000180025095e-35 8.2916666666650016 1.0000000180025095e-35 0.027653 0.014261000000000001 3.0833333333350006 196597.00000000003 227144.50000000003 1.0000000180025095e-35 1.5000000000000002 239025.00000000003 0.012067000000000003 27.550000000000004
decision_type=2 2 2 2 2 2 2 2 2 2 2 2 2 2 2 2 2 2 2 2 2 2 2 2 2 2 2 2 2 2
left_child=1 -1 3 6 8 7 12 16 -4 10 22 23 14 -14 -2 29 18 -18 -3 -20 21 26 -8 -12 -22 27 -15 28 -5 -10
right_child=2 5 4 25 -6 -7 9 -9 15 -11 11 -13 13 20 -16 -17 17 -19 19 -21 24 -23 -24 -25 -26 -27 -28 -29 -30 -31
leaf_value=-0.046263048042175368 -0.015922849474415701 -0.025369573916791538 0.0065965214523089526 -0.079833243325709707 0.053473191200004044 0.0096683499711027448 -0.047028319275346897 -0.042271518852926918 0.015158351653529682 0.018813073825308169 0.0097981471450802084 -0.015406045652060661 -0.0068281795142255053 -0.0025317844253832742 0.029529769816089197 -0.034844433971113441 -0.016628269348747504 0.049026206308290472 -0.012401221818618351 0.024055132460089525 0.038889219343155479 -0.048089305016866285 -0.01373418302863107 -0.012486700718860357 0.0036353095477785926 -0.029312810780806765 0.015705740670696643 0.0083963475428688924 0.031417491608757141 0.033251939469124234
leaf_weight=83.889272567082571 8.1962036886252445 93.193381796746962 444.3193490105914 1.1211221248377103 15.981264052912591 43.382742627248263 11.481435155921643 23.915960025890854 172.3722467814805 21.770379157267598 87.109697703126585 58.837087074993178 121.90912295883754 81.043493333447259 34.404701178660616 4.8770442588720462 7.4148427020891159 6.7013130712148268 124.18667463816746 12.019715273198015 20.09404851612635 4.802123775414656 155.49076732887261 31.128139638807625 15.68221155554056 5.0258528037447823 54.690759878489189 52.27955199329881 48.822963615399203 39.431449560448527
leaf_count=748309 317 100916 2731 26 58 15058 1918 63845 1077 1021 2193 3300 5926 2077 346 58 4389 761 99218 3320 206 78 12515 1224 160 274 1250 710 618 151
internal_value=0 -0.0199706 0.00528715 0.000421208 0.0111372 -0.0128742 -0.0019716 -0.016531 0.0101136 -0.00740135 -0.00906013 -0.00249398 0.00385636 0.00143812 0.0207849 0.0173256 -0.014003 0.0145396 -0.0157594 -0.00918408 0.00715374 0.00300878 -0.0160236 0.00393128 0.023436 0.0161868 0.00481658 0.0184238 0.0289202 0.0185268
internal_weight=0 394.704 1490.87 813.89 676.981 310.815 706.64 267.432 661 365.818 344.047 177.075 340.823 298.222 42.6009 216.681 243.516 14.1162 229.4 136.206 176.313 140.536 166.972 118.238 35.7763 107.249 135.734 102.224 49.9441 211.804
internal_count=1074050 1035816 38234 34159 4075 287507 32531 272449 4017 22171 21150 6717 10360 9697 663 1286 208604 5150 203454 102538 3771 3405 14433 3417 366 1628 3327 1354 644 1228
is_linear=0
shrinkage=0.05


Tree=91
num_leaves=31
num_cat=0
split_feature=0 0 106 2 101 0 40 104 105 93 48 80 36 43 36 101 36 36 2 36 3 81 69 104 70 36 81 43 80 105
split_gain=76.3479 30.9013 15.2823 12.9614 11.0457 8.31122 7.67814 7.87145 7.20798 7.79897 6.4049 6.24985 6.43847 6.16437 5.98171 7.35922 5.7226 5.30563 5.46023 5.09287 5.43439 5.09376 5.99236 5.93163 5.07774 4.92842 6.58317 7.22863 6.31733 4.83565
threshold=0.48090646582193369 0.0032200281855830795 0.019517500000000004 117173.00000000001 6.5000000000000009 0.68981449621504665 2.5000000000000004 0.053408000000000004 14.550000000000002 0.012930000000000002 3.5000000000000004 0.053962500000000004 4510.5000000000009 3.5000000000000004 737.50000000000011 4.5000000000000009 1268.5000000000002 2190.5000000000005 53544.000000000007 1234.5000000000002 6290.5000000000009 0.18381300000000003 10.500000000000002 0.18182200000000001 447.16666666650002 3037.5000000000005 0.10681550000000002 2.5000000000000004 0.056818000000000007 7.7750000000000012
decision_type=2 2 2 2 2 2 2 2 2 2 2 2 2 2 2 2 2 2 2 2 2 2 2 2 2 2 2 2 2 2
left_child=1 -1 3 6 -3 -5 7 -2 9 17 14 13 -13 -7 -4 16 -16 18 -8 20 -9 22 -21 -23 29 26 -11 -28 -29 -6
right_child=2 4 10 5 24 11 8 19 -10 25 -12 12 -14 -15 15 -17 -18 -19 -20 21 -22 23 -24 -25 -26 -27 27 28 -30 -31
leaf_value=-0.046099798595059492 -0.0048632222071217012 -0.0029632540934017852 0.010607996416669006 -0.024603507377606453 -0.027004265190812827 -0.028587174943376072 0.0030430745336061092 0.016594467899176259 0.025058355675637179 0.029736608987377414 -0.01083764296493378 0.0031196283799155683 -0.05018514521843425 0.0032966774946131209 0.044230821584759286 0.0049644048870599016 0.019943217127431242 -0.052892319167946594 -0.058711511910072747 0.012527214447604974 -0.0012221119033137611 0.032190276511079245 -0.022572587887100259 -0.022126327640418091 -0.038596024402024379 0.064579396941423006 0.026846985758379543 0.036783237816331395 -0.034970220289884828 -0.0090713171223530658
leaf_weight=80.670472383334754 185.46629144730468 177.34437595585814 124.29734713217476 46.609944545172766 65.11880190664715 38.028229320974788 39.101640858178143 55.743401708430611 94.333301560618565 31.847836280358024 20.179750109033193 231.30384057301853 5.8070969806358326 25.208821731619537 51.440429943148047 31.467628413112834 45.8879953045398 5.9744294006886767 3.9400983352388712 96.640070943336468 184.32342744767084 49.706319605582394 13.910106755123705 5.5917445602826765 31.804552025116891 5.1061435952433376 12.950711087789385 3.7957855277345542 15.988267121487295 88.927756000179215
leaf_count=748309 7203 92779 1373 4952 68683 887 1265 666 1469 397 457 3154 573 515 277 440 315 767 97 967 3000 349 327 52 69104 44 93 49 187 65300
internal_value=0 -0.0181071 0.00564146 0.00311856 -0.0118895 -0.00495919 0.00660262 0.0036707 0.0147414 0.00654272 0.0162712 -0.00191066 0.00181414 -0.015877 0.0184326 0.0259839 0.0327798 -0.00873878 -0.00261002 0.00756993 0.00291489 0.0143081 0.00811074 0.0266978 -0.0204072 0.0172911 0.0135523 -0.00219352 -0.0212035 -0.016652
internal_weight=0 443.866 1424.65 1151.38 363.195 346.958 804.42 591.381 213.038 118.705 273.273 300.348 237.111 63.2371 253.093 128.796 97.3284 49.0162 43.0417 405.915 240.067 165.848 110.55 55.2981 185.851 69.6887 64.5826 32.7348 19.7841 154.047
internal_count=1074050 1044175 29875 27013 295866 10081 16932 12564 4368 2899 2862 5129 3727 1402 2405 1032 592 2129 1362 5361 3666 1695 1294 401 203087 770 726 329 236 133983
is_linear=0
shrinkage=0.05


Tree=92
num_leaves=31
num_cat=0
split_feature=0 0 65 44 101 0 40 54 46 93 2 54 78 3 36 107 80 3 102 55 105 36 90 62 80 105 2 102 3 36
split_gain=72.7468 28.2095 15.573 13.5116 10.7315 10.2601 7.43204 6.58137 6.07898 7.68943 5.75082 5.92577 5.30471 5.23393 5.12136 7.12315 6.98476 5.18136 5.08659 4.94546 5.49145 5.39642 6.29618 5.27561 4.88655 4.85913 5.514 5.42379 5.32295 5.2981
threshold=0.42569895731548962 0.0032200281855830795 1.0000000180025095e-35 1.0000000180025095e-35 13.500000000000002 0.94875966535953815 44.500000000000007 6.5000000000000009 1.0000000180025095e-35 0.0017535000000000003 156.50000000000003 10.500000000000002 0.048863000000000011 996929.50000000012 1739.5000000000002 41.500000000000007 0.014508000000000002 68784.500000000015 157.50000000000003 1.0000000180025095e-35 8.7083333333350019 809.50000000000011 1.5000000000000002 9.5000000000000018 0.17975900000000003 3.7750000000000004 90261.500000000015 15.500000000000002 397.00000000000006 7592.5000000000009
decision_type=2 2 2 2 2 2 2 2 2 2 2 2 2 2 2 2 2 2 2 2 2 2 2 2 2 2 2 2 2 2
left_child=1 -1 5 14 12 6 10 13 9 18 11 -2 -3 -7 15 16 -4 -18 -8 20 21 22 -19 -21 -16 26 27 -12 -27 -30
right_child=2 4 3 -5 -6 7 8 -9 -10 -11 25 -13 -14 -15 24 -17 17 19 -20 23 -22 -23 -24 -25 -26 28 -28 -29 29 -31
leaf_value=-0.045831307700430896 -0.050618978661008389 -0.0055323439530396423 -0.061906173988767348 0.046942677153398581 -0.021842501858692208 0.013431370556660886 -0.0031188878626130412 -0.020280006527552082 0.064178344474360424 0.017277973580981688 0.021305450302785831 0.030243402686613064 0.039249837550990277 -0.0023205737287465963 0.022573592599554281 -0.019240742519639364 0.016669043202343258 0.010681811328366824 -0.055033192091662908 0.022700738207233697 0.0080005937059207857 -0.037046382591464255 -0.020437923109208878 -0.014239050114851028 -0.016477125688003479 0.036665242196190752 -0.037429481520483469 -0.024496902753299552 -0.0026378343187285005 -0.032760282126152888
leaf_weight=77.437292529942852 12.595676595425173 166.99812466875483 3.4489306664327151 25.637019301997498 155.33041162165478 229.7611139115179 18.943125267920554 19.343488303595223 4.9001801669946863 55.128996948245913 11.729600806371311 2.7625607221125383 6.8855504216444379 68.444573770393617 101.95799045922467 23.57931543290033 160.52687238997896 37.424646808009129 6.2834698440419734 59.648515582317486 124.02613930730149 13.957231078180483 28.731412523949984 11.534553418401627 8.6940604168921691 8.2746702663062006 23.193553846009308 14.396652832834659 352.22331035517709 15.228670885691825
leaf_count=748309 1610 100718 54 108 190775 1402 497 206 48 560 363 215 97 471 885 543 1641 629 747 389 1220 350 897 88 61 217 1947 1772 12647 4584
internal_value=0 -0.0186781 0.00526595 0.0114292 -0.0122912 0.000886469 -0.00340031 0.00798267 0.0101122 0.00681516 -0.00601613 -0.0360739 -0.00375903 0.00981596 0.00984175 0.00753165 0.00896865 0.00952949 -0.0160498 0.00536678 0.00140968 -0.00879395 -0.00283341 0.016715 0.0195053 -0.00493005 -0.0196856 -0.00393355 -0.00299316 -0.00388623
internal_weight=0 406.651 1442.38 599.167 329.214 843.21 525.66 317.549 85.2558 80.3556 440.405 15.3582 173.884 298.206 573.53 462.878 439.298 435.849 25.2266 275.322 204.139 80.1133 66.1561 71.1831 110.652 425.046 49.3198 26.1263 375.727 367.452
internal_count=1074050 1039899 34151 6865 291590 27286 25207 2079 1852 1804 23355 1825 100815 1873 6757 5811 5268 5214 1244 3573 3096 1876 1526 477 946 21530 4082 2135 17448 17231
is_linear=0
shrinkage=0.05


Tree=93
num_leaves=31
num_cat=0
split_feature=0 0 101 44 101 2 77 57 74 105 82 40 81 105 50 93 40 90 36 96 81 106 85 2 80 77 3 93 105 3
split_gain=70.7399 27.0228 15.9799 10.6369 9.98797 8.54391 9.04973 6.70424 6.0794 5.72914 5.14915 4.89505 4.84589 4.56001 4.52264 4.45928 7.00746 33.4954 4.44586 5.33292 4.98216 4.41312 4.39123 4.33714 5.29161 4.26032 4.32471 5.15628 4.721 4.19969
threshold=0.42569895731548962 0.0032200281855830795 15.500000000000002 1.0000000180025095e-35 13.500000000000002 105656.50000000001 0.039101000000000004 2.5000000000000004 1.5000000000000002 22.100000000000005 6.5000000000000009 4462.5000000000009 0.046833500000000007 31.708333333350001 1.0000000180025095e-35 0.047882500000000008 11.500000000000002 1.5000000000000002 729.50000000000011 0.059348500000000005 0.45336700000000002 0.028651500000000003 556.25000000000011 123701.00000000001 0.1406705 0.032799500000000002 957831.50000000012 0.028898000000000004 6.708333333335001 7534.5000000000009
decision_type=2 2 2 2 2 2 2 2 2 2 2 2 2 2 2 2 2 2 2 2 2 2 2 2 2 2 2 2 2 2
left_child=1 15 3 5 11 6 9 10 -7 -2 23 13 21 14 -3 -1 -17 -18 19 -8 -20 -6 -9 24 -4 26 -25 -28 -29 -11
right_child=2 4 7 -5 12 8 18 22 -10 29 -12 -13 -14 -15 -16 16 17 -19 20 -21 -22 -23 -24 25 -26 -27 27 28 -30 -31
leaf_value=-0.049501923859417207 0.0054501282721575563 -0.013616647377974132 0.0071347534386143833 0.034100509672036462 -0.030504742266048407 0.0031816783888758584 0.021285761709839104 -0.0091377863509541774 -0.019319603763158829 0.027934984258364659 0.033760667073131592 0.055066938438525871 -0.0070205738537178182 0.017698387106886742 0.0057286258079008419 -0.010943036381038461 3.7156813692322546 -0.050256620394699462 0.037566052047919817 -0.031252093497251027 -0.033954446898991235 0.001180519894543233 -0.057093899509092078 -0.05564096011608221 -0.094434507960251865 0.015542182950863424 -0.020611779081192865 -0.023130428182284155 0.049662420825655806 0.010767010792570019
leaf_weight=68.06850728960967 422.2820215130414 108.14781582182923 123.40060302367783 38.778778876832803 99.744704803965988 309.16754516595392 22.611036431160759 179.05719595234768 33.246319095036597 53.8866842284624 12.606004465895237 3.4283776041074807 41.537910150827884 19.146744029641468 41.924094923036137 6.7999980077292994 0.0072947754051709826 0.030979314733940555 53.021384542807937 6.1422536638565353 2.5521980598568907 12.349979871916274 4.9042576254032602 6.2929549569962537 1.2958050509332668 12.717755757039411 32.510484225815162 3.6361787756904942 5.7490470471093431 105.09696836568764
leaf_count=703458 7678 78932 2369 268 161011 5134 354 9842 1178 368 194 310 23447 7373 14200 44213 34 604 401 96 11 6317 3604 270 35 190 916 131 70 1042
internal_value=0 -0.0185522 0.00520863 0.00840346 -0.0123346 0.00741487 0.0107166 -0.00354218 0.00099694 0.00849593 0.00283778 -0.00408224 -0.0216082 -0.0052806 -0.00821235 -0.0456352 -0.00714573 0.667505 0.0260235 0.0100627 0.0342815 -0.0270138 -0.0104163 0.000737522 0.00607928 -0.0101989 -0.0169924 -0.0111872 0.0214598 0.016586
internal_weight=0 401.186 1428.96 1046.79 326.28 1008.01 665.593 382.17 342.414 581.266 198.209 172.647 153.633 169.219 150.072 74.9068 6.83827 0.0382741 84.3269 28.7533 55.5736 112.095 183.961 185.603 124.696 60.9064 48.1887 41.8957 9.38523 158.984
internal_count=1074050 1039899 34151 16530 291590 16262 9950 17621 6312 9088 4175 100815 190775 100505 93132 748309 44851 638 862 450 412 167328 13446 3981 2404 1577 1387 1117 201 1410
is_linear=0
shrinkage=0.05


Tree=94
num_leaves=31
num_cat=0
split_feature=0 0 0 40 40 101 101 46 96 82 70 69 98 99 93 40 96 2 105 48 105 36 105 64 96 36 2 82 48 93
split_gain=66.2073 24.5242 15.726 11.3941 10.4506 8.95597 8.87585 6.58618 6.46755 5.99619 5.72307 5.54777 6.20681 5.29493 5.00684 4.95313 4.79548 4.50996 4.49091 4.97586 4.24098 4.69458 5.16013 4.7734 4.01768 4.99109 6.17575 3.99873 3.9877 7.53389
threshold=0.37969951586789719 0.0032200281855830795 0.94875966535953815 402.50000000000006 20.500000000000004 6.5000000000000009 1.5000000000000002 1.0000000180025095e-35 0.012947000000000002 11.500000000000002 478.58333333350009 5.5000000000000009 1.5000000000000002 7.5000000000000009 0.047882500000000008 297.50000000000006 0.052073500000000009 17963.000000000004 5.708333333335001 4.5000000000000009 3.0833333333350006 3677.5000000000005 251.75000000000003 302.50000000000006 0.060240500000000009 950.50000000000011 7912.0000000000009 17.500000000000004 2.5000000000000004 0.048270000000000007
decision_type=2 2 2 2 2 2 2 2 2 2 2 2 2 2 2 2 2 2 2 2 2 2 2 2 2 2 2 2 2 2
left_child=1 14 3 6 -4 15 9 8 20 11 -7 12 -2 -10 -1 -3 -13 24 -15 -20 -8 -22 -23 -24 -18 26 -26 -5 29 -16
right_child=2 5 4 27 -6 10 7 -9 13 -11 -12 16 -14 18 28 -17 17 -19 19 -21 21 22 23 -25 25 -27 -28 -29 -30 -31
leaf_value=-0.049408459261023663 -2.3260131666049998e-05 -0.0059201624395942183 0.0082472352288925493 0.016251303066885013 0.027891026409988296 -0.016662642255720807 -0.045347341138706643 0.019330945293403373 0.0062220958879166772 -0.029133810234767132 -0.042578507057808239 -0.010234378986235302 0.017951841980251255 -0.028392023823095802 0.92312176125144418 0.034205076050518361 0.048363493302313688 -0.0078855110829568319 -0.014554756747518461 0.016079095513538342 -0.010457352092375043 -0.053024308667977395 0.035839467533863377 -0.052173015150807668 -0.062705294516773896 0.024340082856348005 0.026667475427066347 0.067683226384946102 -0.047205324281244569 0.022504988906645484
leaf_weight=65.059737491187434 81.768531839414209 136.89298192612841 579.30959628437995 67.321297806272923 76.667112803203054 125.95143152315313 11.375637692586677 21.895650593152823 90.451120511017507 13.270938694040522 25.639371667463138 82.394171304971678 116.37487032817444 26.19044433390809 0.023357076268438415 8.1488571661625411 9.16781709511997 24.975186096446123 36.389589256315958 20.851389380957698 139.17822648805304 14.085617011973229 3.8916673083876949 2.550018977963191 4.3995375382946831 18.01097302409471 3.4476931246463209 4.0039332490414372 3.1843302318206952 3.9828617300768201
leaf_count=703458 3994 88687 3662 914 413 132293 2026 1026 2414 647 65044 2606 1597 2193 117 1483 179 958 1327 830 6883 4403 297 1271 210 278 78 28 26020 18714
internal_value=0 -0.0189103 0.00481756 7.53362e-05 0.0105431 -0.0125477 -0.00181136 -0.00726068 -0.00894851 0.00383895 -0.0210459 0.00512391 0.010534 -0.00215763 -0.0450327 -0.00366581 -0.00240424 0.00834818 -0.0112424 -0.00339565 -0.0158506 -0.0137496 -0.0360713 0.000998668 0.0199236 0.00984042 -0.0234392 0.0191385 -0.00544071 0.0277558
internal_weight=0 368.883 1447.97 791.994 655.977 296.633 720.669 366.859 344.964 353.81 151.591 340.539 198.143 173.883 72.2503 145.042 142.395 60.0012 83.4314 57.241 171.081 159.706 20.5273 6.44169 35.026 25.8582 7.84723 71.3252 7.19055 4.00622
internal_count=1074050 1035816 38234 34159 4075 287507 33217 22670 21644 10547 197337 9900 5591 6764 748309 90170 4309 1703 4350 2157 14880 12854 5971 1568 745 566 288 942 44851 18831
is_linear=0
shrinkage=0.05


Tree=95
num_leaves=31
num_cat=0
split_feature=0 0 40 0 85 101 107 40 93 84 0 62 80 78 88 80 105 36 68 70 46 2 3 87 40 80 85 105 96 87
split_gain=62.866 25.8499 14.4859 10.2702 8.04649 7.49498 6.79473 6.57129 5.93864 5.42807 5.35676 5.33847 5.31699 5.28755 4.92454 4.76021 5.01663 5.93523 5.07522 4.69655 4.59701 4.95004 5.76597 5.61419 5.12144 6.94244 4.7584 4.54586 5.80627 4.42804
threshold=0.48090646582193369 0.0088049481694041625 1.0000000180025095e-35 0.7740980979447657 8.7083333333350019 1.0000000180025095e-35 394.50000000000006 4462.5000000000009 0.047882500000000008 0.22500000000000003 0.86620967868038068 17.500000000000004 0.043723500000000005 0.04615650000000001 0.098084000000000018 0.0072685000000000007 6.2916666666650007 104.50000000000001 0.068180000000000004 127.70833333350002 1.0000000180025095e-35 625678.00000000012 3321.0000000000005 6.5000000000000009 1.0000000180025095e-35 0.049453500000000004 3.7750000000000004 20.100000000000005 0.091939000000000007 7.5000000000000009
decision_type=2 2 2 2 2 2 2 2 2 2 2 2 2 2 2 2 2 2 2 2 2 2 2 2 2 2 2 2 2 2
left_child=1 8 3 27 20 11 10 -6 13 15 -7 19 -13 -1 -14 -5 17 -17 -18 -4 21 22 -3 24 -24 -26 -23 28 -2 -21
right_child=2 4 5 9 7 6 -8 -9 -10 -11 -12 12 14 -15 -16 16 18 -19 -20 29 -22 26 23 -25 25 -27 -28 -29 -30 -31
leaf_value=-0.04710679253661354 -0.0206403343079921 -0.040784513670471811 0.021735962159688135 -0.048954854774990571 -0.022913875671616468 -0.0025722646011782833 -0.066722189345167257 0.049975569911327844 -0.0029567762665623667 0.043442090659366765 0.011845531645307668 0.036300068403322568 -0.022909675683093003 2.3402097940934961 0.04950813985599517 0.023879048822344682 0.0049980946858007441 -0.0084352157792628498 0.058370053058142218 0.0076332636828634094 0.014290745767173202 -0.038219615903579751 -0.0026810156683594413 -0.015020937032107259 -0.0075175398610077887 0.039702896417088213 -0.0050925243759783684 0.0033608424323973759 0.033381787732997902 -0.053352354812545022
leaf_weight=72.381705136614073 89.959101249020023 9.5692356393410574 227.6279161151615 4.4084442916791877 120.54774731821772 105.46542091207084 3.2294029234981272 3.1735608299513833 8.5454706137688827 8.3296301622758602 165.54944608861115 6.6165105301188332 20.357836493058134 0.002319467943833752 2.6535403318703166 15.921497376402838 523.399987941375 132.17723779966764 4.4924210440367451 29.125836038962007 26.94556413690043 22.947885431645773 54.759897583553538 44.750656513073409 12.379209951099254 20.968200582447025 20.545310206725844 35.266127500584844 5.2649636465357608 3.3152294295141465
leaf_count=785689 8216 5197 1748 126 139416 4178 1888 1134 51116 62 1301 82 280 33 12 194 5241 2692 18 912 7135 7486 16726 17835 2449 1739 8220 2625 183 117
internal_value=0 -0.0170043 0.00513288 0.000887437 -0.0109038 0.0113001 0.00537573 -0.0210442 -0.0423765 0.00332426 0.00623485 0.0169084 -0.00320103 -0.0470303 -0.0145589 0.00283313 0.00317086 -0.00496124 0.0054523 0.0191994 -0.00501002 -0.00780729 -0.00329887 -0.000598924 0.00672617 0.0221737 -0.022571 -0.0119741 -0.0176534 0.001401
internal_weight=0 417.517 1383.16 819.219 336.587 563.941 274.244 123.721 80.9295 688.729 271.015 289.697 29.6279 72.384 23.0114 680.4 675.991 148.099 527.892 260.069 212.866 185.92 142.427 132.858 88.1073 33.3474 43.4932 130.49 95.2241 32.4411
internal_count=1074050 1044175 29875 19357 207337 10518 7367 140550 836838 8333 5479 3151 374 785722 292 8271 8145 2886 5259 2777 66787 59652 43946 38749 20914 4188 15706 11024 8399 1029
is_linear=0
shrinkage=0.05


Tree=96
num_leaves=31
num_cat=0
split_feature=0 0 101 40 101 2 2 81 93 81 107 107 104 93 69 36 2 77 82 72 36 105 40 80 36 105 64 98 2 87
split_gain=60.4153 24.7122 13.2943 9.70496 8.85089 6.81215 6.1272 5.82264 5.61266 5.23283 9.22401 4.95686 4.9106 4.76215 4.7563 5.25919 5.41369 4.724 4.6146 6.31778 4.45727 5.19792 4.41917 4.70561 4.25163 5.65982 9.22354 5.57083 7.84871 6.75193
threshold=0.48090646582193369 0.0044021329524748061 11.500000000000002 7.5000000000000009 6.5000000000000009 126565.50000000001 21207.500000000004 0.046275500000000004 0.0021160000000000003 0.36529200000000006 21.500000000000004 159.50000000000003 0.14725550000000001 0.047882500000000008 8.5000000000000018 1131.5000000000002 15662.500000000002 0.033014000000000009 4.5000000000000009 24.500000000000004 10300.500000000002 7.7750000000000012 821.00000000000011 0.080539500000000014 751.50000000000011 34.775000000000006 43.500000000000007 1.5000000000000002 72435.000000000015 7.5000000000000009
decision_type=2 2 2 2 2 2 2 2 2 2 2 2 2 2 2 2 2 2 2 2 2 2 2 2 2 2 2 2 2 2
left_child=1 13 3 6 22 11 8 24 18 -10 14 -5 -9 -1 15 16 -11 -8 -2 -20 21 -6 -3 -24 -4 27 -27 28 29 -26
right_child=2 4 7 5 20 -7 17 12 9 10 -12 -13 -14 -15 -16 -17 -18 -19 19 -21 -22 -23 23 -25 25 26 -28 -29 -30 -31
leaf_value=-0.048179348246517512 0.0044835956823345265 -0.0049645934009053365 0.0012044738983489004 0.024904659925627494 -0.02722776447117202 0.0054655705041701495 -0.002247235181041782 0.0041560526727293509 0.015858912069769568 -0.052263742266285079 0.039491941515126049 -0.038200415915409451 -0.077065588612711539 -0.0063057630255871884 -0.071778793180762024 0.011033690198626418 0.028865596385996114 0.012378279060947121 -0.038738737851194444 0.034639516924828223 -0.04405128062742724 -0.0086351523689484396 -0.01894109824235473 0.060530235991987417 0.0067877709540039152 0.018964004534807347 -0.041505076309415023 -0.051519064617498826 -0.036108686379453366 -0.033820175430003534
leaf_weight=63.299921468979392 92.242435540552833 161.2125549685627 68.665726987390372 144.46742824005196 66.060267080096082 80.508683905529324 284.47255847459019 192.32818415838119 253.26202178359381 9.3320331624709123 9.2765962408157048 3.1803487314755321 1.8791172639466811 7.6057174241823295 3.57396341767162 13.630361642688511 2.6373878624290219 68.50739936134778 14.010056956787595 3.7102258932427494 16.42897335804355 87.22883132783636 2.8667079865426768 5.3182136939253724 38.419286025067777 24.741070485248201 8.4635093779761501 12.512080886226611 29.989865366906088 13.95434308114636
leaf_count=730909 2025 82337 2551 1037 80548 680 5958 3285 2790 101 89 252 32 46945 23 78 14 689 624 67 32848 69788 198 602 2985 813 2158 463 2404 757
internal_value=0 -0.0168432 0.00502712 0.00812934 -0.0112303 0.0171656 0.00539739 -0.00277152 0.00962081 0.0132496 -0.00393723 0.0235454 0.00337017 -0.0436878 -0.0177467 -0.0102034 -0.0343874 0.000591328 -5.76291e-06 -0.023375 -0.0193004 -0.0166477 -0.00314491 0.032696 -0.00883396 -0.0142157 0.00355105 -0.0204337 -0.0157115 -0.00403174
internal_weight=0 410.021 1373.76 982.812 339.116 228.156 754.655 390.953 401.675 291.712 38.4503 147.648 194.207 70.9056 29.1737 25.5998 11.9694 352.98 109.963 17.7203 169.718 153.289 169.397 8.18492 196.746 128.08 33.2046 94.8756 82.3635 52.3736
internal_count=1074050 1044175 29875 14427 266321 1969 12458 15448 5811 3095 305 1289 3317 777854 216 193 115 6647 2716 691 183184 150336 83137 800 12131 9580 2971 6609 6146 3742
is_linear=0
shrinkage=0.05


Tree=97
num_leaves=31
num_cat=0
split_feature=0 0 40 0 101 72 57 38 106 3 100 36 105 81 93 96 88 3 2 58 3 40 104 65 3 48 80 70 105 44
split_gain=57.3309 23.7389 13.002 9.34836 8.77037 7.03883 6.62639 5.76641 5.8833 5.64544 5.28993 4.89854 4.8911 5.67967 4.79572 4.71188 4.92688 5.88075 5.62036 5.57761 5.436 4.59862 4.3707 4.31647 4.46814 4.98706 4.28422 4.26699 4.31224 4.02776
threshold=0.48090646582193369 0.0044021329524748061 1.0000000180025095e-35 0.94875966535953815 6.5000000000000009 33.500000000000007 2.5000000000000004 2.5000000000000004 0.065255000000000021 2646.5000000000005 4.5000000000000009 1176.5000000000002 28.550000000000004 0.067282000000000008 0.047882500000000008 0.10371350000000001 0.059568000000000003 284909.00000000006 46659.500000000007 0.032581500000000006 266435.00000000006 821.00000000000011 0.038695500000000008 1.0000000180025095e-35 214357.50000000003 1.5000000000000002 0.080539500000000014 447.16666666650002 7.7750000000000012 1.0000000180025095e-35
decision_type=2 2 2 2 2 2 2 2 2 2 2 2 2 2 2 2 2 2 2 2 2 2 2 2 2 2 2 2 2 2
left_child=1 14 3 12 21 6 7 8 23 11 -5 -8 15 -14 -1 16 17 18 20 -19 22 -3 -2 24 -4 -26 -23 28 -6 -7
right_child=2 4 5 10 27 29 9 -9 -10 -11 -12 -13 13 -15 -16 -17 -18 19 -20 -21 -22 26 -24 -25 25 -27 -28 -29 -30 -31
leaf_value=-0.048098316541645425 -0.016014503715622682 -0.0048519372453998547 0.015570615664946417 0.0046673716859752289 -0.026101902667274191 -0.033450934460056626 0.010685290838794581 -0.026528917881109754 0.035474730706790213 0.0066792684725277317 0.030546998886926243 -0.041213839620776793 -0.007900973115260751 0.023564487022316609 -0.0060873656763717988 0.031239953379834769 0.043042619715395178 -0.016315722167820259 -0.032510055541450561 0.048202790157951439 0.058682502472230037 -0.016581775777003968 0.0059273656080413989 0.020048741975390916 -0.014103253378290088 0.011818197689416199 0.06002357357349284 -0.037242511420769613 -0.0083031785886597577 0.041506453482810179
leaf_weight=60.7148220323229 30.698248483160569 159.64255681694408 101.18744037195574 406.13359503698302 57.892844975239768 12.886823275955974 7.2116075918893356 8.0631595484446716 35.823790725087747 139.35885492871603 20.754844281822443 12.303257005782141 27.401740381312266 30.090049811755307 7.6489158668618975 7.752672405098564 4.6183729683980337 170.84568433381719 12.91229013152042 3.4167971568531348 4.1132835531607261 2.7771407460259052 87.061834559164708 162.04816155589651 35.547258181031793 38.817351000907365 5.3241362299827415 27.300857675772932 82.560439930051871 2.0816445779637425
leaf_count=730909 2273 82337 1123 2595 61300 776 281 88 226 4783 145 1326 2335 340 46945 106 38 8044 792 53 49 198 2587 1134 394 370 602 63168 58716 17
internal_value=0 -0.0165435 0.00490862 0.000851785 -0.0110714 0.0107952 0.0117321 0.0153053 0.0162086 0.00315224 0.00592561 -0.0220348 -0.00486449 0.00856742 -0.0433979 -0.00726703 -0.00821878 -0.00898482 -0.00114234 -0.0150507 0.00218102 -0.00298701 0.000207457 0.0141642 0.00873228 -0.000572596 0.033763 -0.0191553 -0.0156396 -0.0230267
internal_weight=0 403.862 1361.13 805.799 335.498 555.329 540.361 381.487 373.424 158.874 426.888 19.5149 378.911 57.4918 68.3637 321.419 313.667 309.048 134.786 174.262 121.873 167.744 117.76 337.6 175.552 74.3646 8.10128 167.754 140.453 14.9685
internal_count=1074050 1044175 29875 19357 266321 10518 9725 3335 3247 6390 2740 1607 16617 2675 777854 13942 13836 13798 5701 8097 4909 83137 4860 3021 1887 764 800 183184 120016 793
is_linear=0
shrinkage=0.05


Tree=98
num_leaves=31
num_cat=0
split_feature=0 0 65 48 40 44 46 99 40 88 105 72 81 62 0 2 107 50 90 0 3 105 96 69 107 99 43 98 98 0
split_gain=54.3834 22.0036 15.6598 9.81801 9.5801 8.87991 7.92181 7.52953 6.42328 5.93001 5.82961 5.63617 4.89872 4.69426 4.8718 4.61687 5.05016 4.5426 4.90844 4.35541 4.25414 4.23023 4.10305 4.00546 3.9903 3.98016 4.95664 3.95306 3.89657 3.80702
threshold=0.043984350660107828 0.86620967868038068 1.0000000180025095e-35 3.5000000000000004 1454.0000000000002 1.0000000180025095e-35 1.0000000180025095e-35 241.50000000000003 1.0000000180025095e-35 0.088624000000000008 17.366666666650001 33.500000000000007 0.091880000000000003 23.500000000000004 0.0044021329524748061 24485.000000000004 56.500000000000007 1.0000000180025095e-35 4.5000000000000009 0.23938287544958989 38.500000000000007 8.2916666666650016 0.012947000000000002 7.5000000000000009 49.500000000000007 6.5000000000000009 48.500000000000007 7.5000000000000009 2.5000000000000004 0.01473053741135971
decision_type=2 2 2 2 2 2 2 2 2 2 2 2 2 2 2 2 2 2 2 2 2 2 2 2 2 2 2 2 2 2
left_child=3 2 6 13 10 8 7 9 15 17 12 21 -4 14 -1 -3 -17 19 -19 -2 -21 25 -23 -12 -15 -10 -27 -24 -14 -5
right_child=1 5 4 29 -6 -7 -8 -9 11 -11 23 -13 28 24 -16 16 -18 18 -20 20 -22 22 27 -25 -26 26 -28 -29 -30 -31
leaf_value=-0.047198643746486219 -0.022399688340134883 0.0074622183288332103 -0.012086804396712274 -0.046460997972183393 0.046621631936252524 0.036288959971058729 0.011199293516229537 -0.035980933567927274 0.014607129924666066 0.03502560009921165 0.028251259680323378 -0.02916962042743796 0.02404701484838638 0.052731343167855632 -0.0067721974507978476 -0.00024501926289647723 -0.04053696845942998 -0.020020114835670282 0.018186034362064073 0.044984235783755676 -0.0095800787084483335 0.010283316346379551 0.026972620582863479 -0.023021465361234231 -0.049495656785653076 -0.0088346320455528655 0.046243720300901431 -0.0090443805769054447 -0.0006061679517926845 -0.02302332044299471
leaf_weight=10.206209321144568 74.581778769408629 325.14321285873302 51.091929570149659 65.629040975717999 15.156862213509156 26.010931781493127 45.171646927416077 27.769590236234762 56.879948690533638 7.4748844087589523 32.875707243627403 8.0216786896344257 25.112459982614382 4.4885080434105467 27.620701004797411 249.262935792387 8.0273965091037081 12.198888786646419 27.041329687046527 3.6141860264324341 307.44227432630214 103.18724578176625 99.813622164539993 4.3082424610038279 1.2124350854696784 49.834618288674392 4.4494518190622321 8.2478129277005774 44.305840133441961 23.540596578701752
leaf_count=172809 41771 2682 6935 667276 76 136 7834 33160 386 48 957 172 1203 7497 39352 2589 236 817 1578 94 25689 709 580 320 5428 710 47 54 2732 50173
internal_value=0 0.00252517 -0.00433764 -0.0307713 0.00865323 0.00748213 -0.00878155 -0.0107431 0.00666132 -0.00912213 0.00500388 0.0122297 -0.000336198 -0.0113053 -0.0176798 0.00350222 -0.00150212 -0.00989882 0.00630861 -0.011548 -0.00894609 0.0132597 0.0174143 0.0223107 0.0309904 0.00536452 -0.00432008 0.0242236 0.00831226 -0.0402735
internal_weight=0 1617.02 678.146 132.697 172.851 938.879 505.295 460.123 912.868 432.353 157.694 330.434 120.51 43.5279 37.8269 582.434 257.29 424.878 39.2402 385.638 311.056 322.413 211.249 37.1839 5.70094 111.164 54.2841 108.061 69.4183 89.1696
internal_count=1074050 131515 123214 942535 12223 8301 110991 103157 8165 69997 12147 2658 10870 225086 212161 5507 2825 69949 2395 67554 25783 2486 1343 1277 12925 1143 757 634 3935 717449
is_linear=0
shrinkage=0.05


Tree=99
num_leaves=31
num_cat=0
split_feature=0 0 101 101 2 77 85 54 40 36 36 40 0 81 69 104 98 105 72 93 81 82 60 54 96 80 80 2 36 61
split_gain=51.9994 21.2127 13.0019 9.23671 8.18478 11.4301 6.53142 5.88725 5.86716 5.05963 6.18707 5.00186 5.09295 4.86857 8.14038 7.74826 6.09729 5.8482 5.82063 4.86723 4.73075 4.63944 5.45467 4.51084 4.50576 4.39703 6.16478 4.32076 4.30341 4.30297
threshold=0.42569895731548962 0.0019437620776660012 15.500000000000002 13.500000000000002 126565.50000000001 0.039101000000000004 22.100000000000005 1.0000000180025095e-35 4462.5000000000009 1234.5000000000002 474.50000000000006 1.0000000180025095e-35 0.7740980979447657 0.18381300000000003 6.5000000000000009 0.11778950000000002 2.5000000000000004 59.125000000000007 63.500000000000007 0.097248000000000015 0.16486500000000001 3.5000000000000004 1.5000000000000002 1.0000000180025095e-35 0.04145250000000001 0.12847600000000003 0.10129450000000001 72.500000000000014 1542.5000000000002 8.0000000000000018
decision_type=2 2 2 2 2 2 2 2 2 2 2 2 2 2 2 2 2 2 2 2 2 2 2 2 2 2 2 2 2 2
left_child=1 -1 4 8 5 9 29 28 -3 10 -2 12 -9 14 16 18 17 27 -16 -12 -18 22 24 -5 -15 26 -14 -11 -4 -6
right_child=2 3 7 23 6 -7 -8 11 -10 13 19 -13 25 21 15 -17 20 -19 -20 -21 -22 -23 -24 -25 -26 -27 -28 -29 -30 -31
leaf_value=-0.045580857398788845 0.015028904903901651 -0.0050956809798847966 -0.0063816925467885385 -0.03071443808750874 0.0016122734293446562 0.026467200479891158 -0.038221859894557175 -0.022150214093458034 0.05644780405065828 -0.045989110920721457 0.00038096902802598246 0.0070667417823114852 -0.0035396620499755643 0.018875085938840613 -0.020638871789565527 0.021165645567243221 0.040232358659090459 0.039454821375451761 0.053979523461733958 -0.069191725513293958 -0.016407190771304203 0.044523918679433117 0.032550176354443724 -0.012958209674992928 -0.025418525056015741 -0.067052846032397778 0.035493915533093889 0.0065077252996903357 -0.032729696816393448 0.065674292492326883
leaf_weight=54.563022383497128 89.671099102910375 159.14298593289686 36.896388667199062 65.100925672681569 312.07511038956 96.334868132136762 10.347416277450973 38.510740658821305 3.9691935792277482 4.176815956067002 238.97212253970793 122.64602635080519 126.7881781127071 12.590501640806908 43.724688629299635 19.80483431101311 32.486329503823072 13.371183251772889 2.7796151177026323 2.5406061548274002 4.1585620590485624 20.498440657567699 24.427398939267732 79.38332512961756 10.554608168895355 2.5215680710971347 10.992328863823785 63.629858412168687 26.720624993517049 2.6434466727077952
leaf_count=697189 1555 118988 2648 145474 5042 961 1032 3357 328 225 4314 2308 1920 95 791 207 234 170 25 44 33 151 184 77920 118 37 88 1340 7263 9
internal_value=0 -0.0168493 0.00445455 -0.0117527 0.00739077 0.0105115 0.000865238 -0.00362675 -0.00359807 0.00787674 0.00381332 -0.000709942 -0.0060439 0.0132127 0.00898879 -0.00502501 0.0168756 0.00923349 -0.0161788 -0.000350905 0.0338047 0.0246383 0.0160698 -0.0209587 -0.00132364 -0.00162296 -0.000425507 0.00327398 -0.0174485 0.00215036
internal_weight=0 362.159 1369.86 307.596 1004.79 679.722 325.066 365.076 163.112 583.387 331.184 301.459 178.813 252.203 184.132 66.3091 117.823 81.1779 46.5043 241.513 36.6449 68.0709 47.5725 144.484 23.1451 140.302 137.781 67.8067 63.617 314.719
internal_count=1074050 1039899 34151 342710 16530 10447 6083 17621 119316 9486 5913 7710 5402 3573 3025 1023 2002 1735 816 4358 267 548 397 223394 213 2045 2008 1565 9911 5051
is_linear=0
shrinkage=0.05


end of trees

feature_importances:
Column_0=414
Column_40=280
Column_105=253
Column_36=179
Column_101=170
Column_2=158
Column_80=109
Column_81=109
Column_85=97
Column_77=80
Column_3=78
Column_93=76
Column_70=68
Column_57=62
Column_104=53
Column_96=51
Column_72=48
Column_107=46
Column_99=44
Column_106=43
Column_69=36
Column_87=32
Column_48=31
Column_46=30
Column_90=30
Column_74=29
Column_76=29
Column_98=29
Column_102=29
Column_54=27
Column_62=27
Column_68=26
Column_88=26
Column_55=19
Column_65=18
Column_59=16
Column_44=15
Column_95=15
Column_43=13
Column_50=12
Column_60=11
Column_82=11
Column_64=10
Column_94=9
Column_78=8
Column_38=7
Column_73=7
Column_66=5
Column_84=4
Column_100=3
Column_52=2
Column_89=2
Column_92=2
Column_97=2
Column_103=2
Column_35=1
Column_39=1
Column_41=1
Column_49=1
Column_53=1
Column_58=1
Column_61=1
Column_91=1

parameters:
[boosting: gbdt]
[objective: lambdarank]
[metric: ndcg]
[tree_learner: serial]
[device_type: cpu]
[data_sample_strategy: bagging]
[data: ]
[valid: ]
[num_iterations: 100]
[learning_rate: 0.05]
[num_leaves: 31]
[num_threads: 0]
[seed: 0]
[deterministic: 0]
[force_col_wise: 0]
[force_row_wise: 0]
[histogram_pool_size: -1]
[max_depth: -1]
[min_data_in_leaf: 20]
[min_sum_hessian_in_leaf: 0.001]
[bagging_fraction: 1]
[pos_bagging_fraction: 1]
[neg_bagging_fraction: 1]
[bagging_freq: 0]
[bagging_seed: 3]
[feature_fraction: 1]
[feature_fraction_bynode: 1]
[feature_fraction_seed: 2]
[extra_trees: 0]
[extra_seed: 6]
[early_stopping_round: 0]
[early_stopping_min_delta: 0]
[first_metric_only: 0]
[max_delta_step: 0]
[lambda_l1: 0]
[lambda_l2: 0]
[linear_lambda: 0]
[min_gain_to_split: 0]
[drop_rate: 0.1]
[max_drop: 50]
[skip_drop: 0.5]
[xgboost_dart_mode: 0]
[uniform_drop: 0]
[drop_seed: 4]
[top_rate: 0.2]
[other_rate: 0.1]
[min_data_per_group: 100]
[max_cat_threshold: 32]
[cat_l2: 10]
[cat_smooth: 10]
[max_cat_to_onehot: 4]
[top_k: 20]
[monotone_constraints: ]
[monotone_constraints_method: basic]
[monotone_penalty: 0]
[feature_contri: ]
[forcedsplits_filename: ]
[refit_decay_rate: 0.9]
[cegb_tradeoff: 1]
[cegb_penalty_split: 0]
[cegb_penalty_feature_lazy: ]
[cegb_penalty_feature_coupled: ]
[path_smooth: 0]
[interaction_constraints: ]
[verbosity: 0]
[saved_feature_importance_type: 0]
[use_quantized_grad: 0]
[num_grad_quant_bins: 4]
[quant_train_renew_leaf: 0]
[stochastic_rounding: 1]
[linear_tree: 0]
[max_bin: 255]
[max_bin_by_feature: ]
[min_data_in_bin: 3]
[bin_construct_sample_cnt: 200000]
[data_random_seed: 1]
[is_enable_sparse: 1]
[enable_bundle: 1]
[use_missing: 1]
[zero_as_missing: 0]
[feature_pre_filter: 1]
[pre_partition: 0]
[two_round: 0]
[header: 0]
[label_column: ]
[weight_column: ]
[group_column: ]
[ignore_column: ]
[categorical_feature: ]
[forcedbins_filename: ]
[precise_float_parser: 0]
[parser_config_file: ]
[objective_seed: 5]
[num_class: 1]
[is_unbalance: 0]
[scale_pos_weight: 1]
[sigmoid: 1]
[boost_from_average: 1]
[reg_sqrt: 0]
[alpha: 0.9]
[fair_c: 1]
[poisson_max_delta_step: 0.7]
[tweedie_variance_power: 1.5]
[lambdarank_truncation_level: 30]
[lambdarank_norm: 1]
[label_gain: ]
[lambdarank_position_bias_regularization: 0]
[eval_at: ]
[multi_error_top_k: 1]
[auc_mu_weights: ]
[num_machines: 1]
[local_listen_port: 12400]
[time_out: 120]
[machine_list_filename: ]
[machines: ]
[gpu_platform_id: -1]
[gpu_device_id: -1]
[gpu_use_dp: 0]
[num_gpu: 1]

end of parameters

pandas_categorical:null
