tree
version=v4
num_class=1
num_tree_per_iteration=1
label_index=0
max_feature_idx=28
objective=lambdarank
feature_names=Column_0 Column_1 Column_2 Column_3 Column_4 Column_5 Column_6 Column_7 Column_8 Column_9 Column_10 Column_11 Column_12 Column_13 Column_14 Column_15 Column_16 Column_17 Column_18 Column_19 Column_20 Column_21 Column_22 Column_23 Column_24 Column_25 Column_26 Column_27 Column_28
feature_infos=[1.7307033847328553e-09:0.99975985096384834] [0:1] [1:1.7976931348599999e+308] [1:1.7976931348599999e+308] none none none none none none none none none none none none none none none none none none none [0:1] [0:1] none none none [0:1]
tree_sizes=3472 3460 3471 3471 3469 3471 3458 3477 3473 3487 3484 3447 3471 3472 3470 3462 3480 3474 3471 3439 3444 3434 3472 3434 3451 3438 3431 3438 3454 3454 3444 3482 3456 3451 3468 3476 3442 3450 3451 3448 3443 3461 3457 3409 3422 3423 3463 3481 3439 3457 3481 3425 3431 3437 3482 3463 3471 3439 3483 3461 3441 3452 3417 3414 3396 3435 3414 3470 3407 3457 3434 3413 3449 3451 3441 3450 3432 3477 3455 3448 3461 3440 3490 3470 3470 3443 3435 3441 3457 3419 3477 3454 3433 3482 3495 3492 3464 3454 3421 3462

Tree=0
num_leaves=31
num_cat=0
split_feature=0 0 0 3 3 3 0 3 1 0 3 3 3 3 2 0 0 2 2 2 2 0 2 2 1 1 0 0 2 2
split_gain=7090.3 264.19 167.36 76.0729 48.0317 38.7028 28.09 22.881 18.6756 18.6548 14.175 13.2871 23.6345 12.3632 10.2638 9.95125 8.08362 7.10535 9.32006 14.3175 6.6327 6.5432 6.53684 5.3478 4.21097 3.59977 3.42499 3.27775 3.10564 3.55453
threshold=0.15548050853772452 0.48090646582193369 0.030380062479932603 999189.50000000012 227.00000000000003 979569.00000000012 0.7740980979447657 1.5000000000000002 1.0000000180025095e-35 0.0088049481694041625 1.5000000000000002 975378.50000000012 6000.5000000000009 8.9884656743000007e+307 123701.00000000001 0.37969951586789719 0.23938287544958989 289274.50000000006 137122.00000000003 155571.50000000003 19896.000000000004 0.013045648728549868 61653.000000000007 219020.50000000003 1.0000000180025095e-35 1.0000000180025095e-35 0.043984350660107828 0.072661120000328969 236801.00000000003 289274.50000000006
decision_type=2 2 2 2 2 2 2 2 2 2 2 2 2 2 2 2 2 2 2 2 2 2 2 2 2 2 2 2 2 2
left_child=2 5 9 4 -4 7 10 15 14 -1 -3 12 -11 -12 22 -2 -16 18 -5 26 -14 -22 -7 -21 -15 27 -20 -19 -18 -30
right_child=1 6 3 17 -6 8 -8 -9 -10 11 13 -13 20 24 16 -17 28 25 19 23 21 -23 -24 -25 -26 -27 -28 -29 29 -31
leaf_value=-0.098857636259970627 -0.10000000000000001 -0.10000000000000001 -0.10000000000000001 -0.074948228067556161 0.039992422866927717 -0.031400230794868186 0.096883704253057146 0.069124807115199666 0.099893507457000125 -0.097057889532371724 0.09113956946120394 -0.087811581991267706 0.025322651904239518 0.062719663308702031 -0.03091660723380384 0.04609913300628242 -0.031589534974814974 -0.083144241000287861 -0.099999999999998979 -0.087767782036736186 0.0071906476153588833 -0.077789437916322729 0.05228239472982963 -0.022843951760786879 0.09945842990066317 0.099533294971105607 0.062251635802679645 -0.060945828374696892 0.052048676129005871 0.0030202978988354426
leaf_weight=890.24854082938145 3.0552111761644474 1.1396122071892012 7.3709175890253382 13.58447859649459 36.311625460744835 2.8774272035079766 869.26621184929172 44.798570959756034 4.8099012438906348 14.029282810195584 84.798883372655837 80.876593573600076 7.6298672116754487 99.131018282630976 26.433757174978382 1.8844051323831079 5.777360600868632 35.819898522578114 0.34926730350707913 5.1004357966885427 4.2694305304321443 4.8251003603072604 12.348845927583168 8.3881306329130876 8.4656879766844195 0.30426596279721607 4.730408039285976 31.03892107773936 4.0478378854750181 42.629913829914585
leaf_count=836838 53 20 1506 4762 48123 1083 12606 25303 26 11836 11121 31705 17245 6097 5799 10 1290 12304 180 2226 8700 15161 1087 1736 31 6 468 9269 377 7082
internal_value=0 0.0843155 -0.0892194 -0.0386185 0.0163703 0.021885 0.0930482 0.0578638 0.00379526 -0.0964417 0.0758209 -0.0771743 -0.0492002 0.0768624 -0.00111599 -0.0442649 -0.00837009 -0.0628045 -0.0434755 -0.0204501 -0.00905464 -0.0378955 0.0364682 -0.0473936 0.0656103 -0.0720578 0.0510956 -0.0728387 0.00299181 0.00727198
internal_weight=0 1211.46 1144.88 142.998 43.6825 148.663 1062.8 49.7382 98.925 1001.88 193.535 111.63 30.7537 192.396 94.1151 4.93962 78.8889 99.3158 32.1527 18.5682 16.7244 9.09453 15.2263 13.4886 107.597 67.1631 5.07968 66.8588 52.4551 46.6778
internal_count=1074050 71985 1002065 80580 49629 42110 29875 25366 16744 921485 17269 84647 52942 17249 16718 63 14548 30951 9372 4610 41106 23861 2170 3962 6128 21579 648 21573 8749 7459
is_linear=0
shrinkage=0.05


Tree=1
num_leaves=31
num_cat=0
split_feature=0 0 0 1 0 1 0 1 1 0 3 0 3 2 0 2 3 2 2 3 2 2 3 3 3 3 0 3 1 3
split_gain=16836.5 614.246 582.312 165.253 98.6136 59.3503 59.272 58.5924 49.8772 47.945 34.2354 23.3425 22.3297 26.7997 19.4704 19.2477 27.0639 17.0761 17.0165 16.3961 16.1243 14.1972 13.7871 12.7372 11.0128 9.40674 9.15926 23.1749 8.39532 8.35526
threshold=0.53809039466125175 0.19204907757119541 0.86620967868038068 1.0000000180025095e-35 0.68981449621504665 1.0000000180025095e-35 0.94875966535953815 1.0000000180025095e-35 1.0000000180025095e-35 0.030380062479932603 3321.0000000000005 0.33581906297173442 36658.500000000007 114529.50000000001 0.60678019017954943 370.00000000000006 393.00000000000006 746738.00000000012 440045.50000000006 867234.50000000012 105656.50000000001 2563.5000000000005 23978.000000000004 20577.500000000004 6000.5000000000009 877486.50000000012 0.7740980979447657 6000.5000000000009 1.0000000180025095e-35 21696.000000000004
decision_type=2 2 2 2 2 2 2 2 2 2 2 2 2 2 2 2 2 2 2 2 2 2 2 2 2 2 2 2 2 2
left_child=1 7 4 10 5 12 18 9 15 -1 -3 24 14 21 -2 16 -6 26 -4 -15 -8 -14 -16 -11 -12 -21 27 -17 -20 -26
right_child=2 3 6 -5 8 -7 20 -9 -10 23 11 -13 13 19 22 17 -18 -19 28 25 -22 -23 -24 -25 29 -27 -28 -29 -30 -31
leaf_value=-0.090406430759520817 -0.048924292609194057 -0.075146389647042233 0.071736618788107637 0.086717684265442019 0.065020032678954551 0.088923212943403676 0.085477844080610543 0.070096683435205753 0.091071398723793134 -0.089124509362941334 0.012469252853499584 -0.019556028536731666 -0.068484607029120695 -0.055468144081368242 0.013757430499522952 -0.055579871950473606 -0.026993305590471514 0.031172122145976661 0.055448168580236872 0.090177189561753579 0.075941795498071396 0.032045589696745168 -0.059153182257388949 -0.069518423598230183 -0.086121584477997365 -0.00077618484769748422 0.051220621034592073 0.041175797752671009 0.090827511906161049 -0.043240569527084022
leaf_weight=2650.7410872647597 28.732269259809982 46.756207845057361 833.91325248253997 29.899403812363744 12.410426211077718 23.678413764573634 1385.6954983797041 5.892425736761651 55.503778714686632 104.50566573749529 8.3574730022810382 232.71851776476251 3.6123187737539402 14.419728826731442 42.641203306848183 6.4789730095071709 22.443962518591434 204.21007384499535 270.30445695261005 2.9684044411405912 651.79503859771648 126.39471019682242 7.6465228393208227 399.54751359095098 12.237187855818773 67.167160233366303 472.68398439302109 138.16979827499017 17.876816812437028 158.43483257210755
leaf_count=921478 1306 4844 3234 28 55 22 2967 20 51 18243 436 14595 158 624 1136 325 734 2056 967 3 1108 2401 301 70826 1306 2943 2901 2486 25 16471
internal_value=0 -0.0793604 0.0659854 -0.0271748 0.036785 0.0127746 0.0773451 -0.0874243 0.0451385 -0.0877185 -0.0346019 -0.0299978 0.00663299 0.0150013 -0.0160895 0.0421616 0.00576942 0.0437055 0.068117 -0.00691012 0.0824273 0.0292523 0.00267097 -0.0735834 -0.043571 0.00307331 0.0478515 0.036842 0.0576429 -0.0463151
internal_weight=0 3649.09 4388.75 488.404 1229.16 317.261 3159.59 3160.69 911.901 3154.79 458.504 411.748 293.582 214.562 79.02 856.397 34.8544 821.543 1122.09 84.5553 2037.49 130.007 50.2877 504.053 179.029 70.1356 617.333 144.649 288.181 170.672
internal_count=1074050 1048247 25803 37680 17502 8894 8301 1010567 8608 1010547 37652 32808 8872 6129 2743 8557 789 7768 4226 3570 4075 2559 1437 89069 18213 2946 5712 2811 992 17777
is_linear=0
shrinkage=0.05


Tree=2
num_leaves=31
num_cat=0
split_feature=0 0 0 0 0 1 1 0 1 1 3 0 3 2 1 0 2 3 3 3 3 3 2 2 3 2 3 3 2 3
split_gain=15692 324.018 320.909 69.6864 63.8579 60.4118 60.2486 30.7579 26.2875 25.8492 18.3674 17.2848 15.7741 12.8497 12.3746 11.3795 11.9457 17.2356 11.153 8.87441 8.17564 14.5282 7.74275 8.7234 7.73295 16.3645 7.44238 7.32509 19.8658 7.08094
threshold=0.37969951586789719 0.19204907757119541 0.68981449621504665 0.030380062479932603 0.86620967868038068 1.0000000180025095e-35 1.0000000180025095e-35 0.48090646582193369 1.0000000180025095e-35 1.0000000180025095e-35 3321.0000000000005 0.94875966535953815 239025.00000000003 130586.50000000001 1.0000000180025095e-35 0.60678019017954943 137122.00000000003 8.9884656743000007e+307 3646.0000000000005 996929.50000000012 6000.5000000000009 21696.000000000004 120938.00000000001 98722.000000000015 182918.50000000003 192371.00000000003 647.50000000000011 32244.500000000004 8236.5000000000018 8.9884656743000007e+307
decision_type=2 2 2 2 2 2 2 2 2 2 2 2 2 2 2 2 2 2 2 2 2 2 2 2 2 2 2 2 2 2
left_child=1 3 6 14 9 10 7 12 18 24 -3 -6 -2 20 -1 16 19 -18 -5 26 -12 -22 23 27 25 -4 -9 -23 -29 -15
right_child=2 5 4 8 11 -7 -8 15 -10 -11 13 -13 -14 29 -16 -17 17 -19 -20 -21 21 22 -24 -25 -26 -27 -28 28 -30 -31
leaf_value=-0.084551034541364964 -0.035068855867626529 -0.080859068152222213 0.044308086275574463 -0.087714981216568774 0.065165748771010612 0.078530682579292743 0.083373883296993648 -0.060505295073695689 0.079004509453435498 0.084244037334816266 0.029919705023243582 0.073340892267638888 0.0079357193764808785 -0.065637246449400916 0.085228133963872452 0.035719214090026673 -0.075656931903338082 0.0082809911552745724 -0.061082009527801545 0.057010290120116824 -0.080939906254534053 0.030506118138115053 0.050122056310073909 -0.087089344628786966 0.054814781152864603 -0.083196300559877853 0.022185000351521978 -0.068413036898251386 -0.0027711722526478962 -0.029807598863285618
leaf_weight=2913.8486883445876 32.765995659807231 14.478355455561539 201.81386004341766 43.90057644166518 888.46679771412164 14.64053528010845 38.634952938184142 2.8037033677101126 3.2444343199022105 63.091277800500393 10.87126969557721 2374.7535245425534 61.058989640732761 17.329311047797091 1.0736519801430393 146.63781682064291 6.982251150882802 49.281978039885871 375.85660572105553 19.20408596098423 7.8701159587362772 9.7391928229480964 5.035703558009117 3.8636626901570699 373.72716022108216 2.5482472523581228 92.34429495013319 14.341275054845026 58.71901334123686 67.505310720065609
leaf_count=921478 3754 3239 3754 11735 4226 17 33 479 13 51 518 4075 4596 2591 7 4552 760 2640 77334 444 1499 540 248 516 4623 180 4067 2408 5109 8564
internal_value=0 -0.0778266 0.0636738 -0.0817364 0.0682806 -0.0196671 0.0236775 0.018067 -0.0627716 0.0538551 -0.0265212 0.0711151 -0.00708254 -0.0224924 -0.0844885 0.0255047 0.0167258 -0.0021355 -0.0638674 0.0260061 -0.0112511 -0.0157462 -0.0101509 -0.0136532 0.0505385 0.0427182 0.0197484 -0.0102265 -0.0156563 -0.0371266
internal_weight=0 3562.32 4354.11 3337.92 3904.4 224.394 449.714 411.079 423.002 641.181 209.753 3263.22 93.825 195.275 2914.92 317.254 170.616 56.2642 419.757 114.352 110.44 99.569 91.6988 86.6631 578.089 204.362 95.148 82.7995 73.0603 84.8346
internal_count=1074050 1035816 38234 1010567 16909 25249 21325 21292 89082 8608 25232 8301 8350 21993 921485 12942 8390 3400 89069 4990 10838 10320 8821 8573 8557 3934 4546 8057 7517 11155
is_linear=0
shrinkage=0.05


Tree=3
num_leaves=31
num_cat=0
split_feature=0 0 0 1 0 0 1 0 1 1 3 0 0 3 3 0 3 1 3 3 3 2 3 2 0 3 2 2 0 3
split_gain=13222.8 390.034 179.975 84.6853 55.7251 43.7865 31.9823 27.6631 24.225 14.818 13.6676 12.7447 12.136 10.8062 10.9989 10.4773 14.7349 9.35051 8.08062 6.84015 6.80203 7.42571 9.30475 7.64611 6.58571 6.49866 6.44907 11.4973 6.11 5.77296
threshold=0.26731028589363609 0.68981449621504665 0.043984350660107828 1.0000000180025095e-35 0.48090646582193369 0.86620967868038068 1.0000000180025095e-35 0.19204907757119541 1.0000000180025095e-35 1.0000000180025095e-35 2646.5000000000005 0.94875966535953815 0.01473053741135971 3646.0000000000005 4095.0000000000005 0.7740980979447657 3646.0000000000005 1.0000000180025095e-35 3321.0000000000005 5542.5000000000009 647.50000000000011 114529.50000000001 671729.50000000012 8.9884656743000007e+307 0.21467259749339032 102244.00000000001 580687.00000000012 463519.00000000006 0.33581906297173442 52226.500000000007
decision_type=2 2 2 2 2 2 2 2 2 2 2 2 2 2 2 2 2 2 2 2 2 2 2 2 2 2 2 2 2 2
left_child=2 3 12 4 10 8 7 13 15 11 -2 -7 -1 -4 -15 16 -3 -14 -9 -20 -6 29 23 -23 -21 -13 27 -16 -12 -22
right_child=1 5 6 -5 20 9 -8 18 -10 -11 28 25 17 14 26 -17 -18 -19 19 24 21 22 -24 -25 -26 -27 -28 -29 -30 -31
leaf_value=-0.080227538049722352 -0.065676120341948904 -0.038999382767020016 -0.08169187312369626 0.077862064850750062 -0.022840093792816207 0.058617541917349171 0.071286370973280833 -0.078494159560106844 0.079173791593678766 0.081380876779457156 -0.019706629618567187 0.068091526098414484 -0.069029017860730388 0.047792576040614772 -0.048730885835385984 0.051883473955379657 0.040075293240682514 0.080376234281926265 0.03645978513320005 -0.044778737471201174 0.019385946435170061 -0.08477923025339236 0.018724860084669039 0.02839788963620668 -0.012618726924917709 0.062681044348313675 -0.063427169702188466 0.0074878489979430451 -0.00031438397272310183 0.037610917455467213
leaf_weight=2709.7707680694875 10.313154816976747 6.0782103268429628 29.067531616077758 52.500953121110797 7.4138025557622305 831.97096041543409 5.9508487973362199 5.8183666182449079 64.962532583624125 126.37780430633575 59.843417463125661 1336.6559969563968 232.85235887381714 2.8658246770501128 193.55362341180444 372.7874608929269 191.60636358463671 1.0519647374749173 5.4767050449736407 21.785218579461798 65.72042782662902 4.0772260788362464 98.240011601010337 2.3538807207951322 59.115264248917811 949.06361228227615 72.882381316740066 9.5427494022296724 126.4381773195928 128.23511621216312
leaf_count=875025 2522 609 8971 47 760 4177 16 1610 51 112 7361 2308 67506 239 39120 4281 3667 4 221 3637 3280 598 4668 192 7084 1704 18347 1342 11147 3444
internal_value=0 0.0566365 -0.0749798 0.017437 0.0111255 0.0622457 -0.043775 -0.0454863 0.0502435 0.0645967 -0.00964619 0.0639163 -0.0792843 -0.0526804 -0.0496561 0.0469491 0.037644 -0.0683571 -0.0214598 -0.017618 0.0244689 0.0256434 0.0149106 -0.0433547 -0.0212789 0.065845 -0.0506681 -0.0460894 -0.00654419 0.0314355
internal_weight=0 4434.64 3349.73 555.136 502.635 3879.5 406.059 400.108 635.435 3244.07 196.595 3117.69 2943.68 307.912 278.845 570.472 197.685 233.904 92.1956 86.3772 306.04 298.627 104.671 6.43111 80.9005 2285.72 275.979 203.096 186.282 193.956
internal_count=1074050 50928 1023122 34019 33972 16909 80587 80571 8608 8301 21030 8189 942535 68019 59048 8557 4276 67510 12552 10942 12942 12182 5458 790 10721 4012 58809 40462 18508 6724
is_linear=0
shrinkage=0.05


Tree=4
num_leaves=31
num_cat=0
split_feature=0 0 0 1 0 0 0 1 0 3 3 1 0 1 1 3 1 0 3 3 2 2 0 3 3 0 3 2 3 2
split_gain=11617.9 337.469 181.985 76.3653 47.8969 46.3061 30.7967 25.5667 17.9629 12.445 12.4201 12.2828 11.2636 11.1562 10.4052 9.7539 9.68664 6.9895 6.97979 11.6513 8.04224 11.3126 6.35332 5.9204 5.78061 6.52276 5.53096 14.3496 12.8887 10.6873
threshold=0.26731028589363609 0.68981449621504665 0.043984350660107828 1.0000000180025095e-35 0.48090646582193369 0.94875966535953815 0.15548050853772452 1.0000000180025095e-35 0.7740980979447657 3321.0000000000005 2646.5000000000005 1.0000000180025095e-35 0.01473053741135971 1.0000000180025095e-35 1.0000000180025095e-35 6000.5000000000009 1.0000000180025095e-35 0.60678019017954943 3646.0000000000005 4095.0000000000005 580687.00000000012 463519.00000000006 0.066927118565026561 227.00000000000003 5542.5000000000009 0.21467259749339032 393.00000000000006 156.50000000000003 397.00000000000006 144.50000000000003
decision_type=2 2 2 2 2 2 2 2 2 2 2 2 2 2 2 2 2 2 2 2 2 2 2 2 2 2 2 2 2 2
left_child=2 3 12 4 10 7 11 8 15 -8 -2 18 -1 23 24 -3 -14 -6 -4 -20 21 -21 -23 -7 -11 -26 -10 28 -28 -30
right_child=1 5 6 -5 17 13 9 -9 26 14 -12 -13 16 -15 -16 -17 -18 -19 19 20 -22 22 -24 -25 25 -27 27 -29 29 -31
leaf_value=-0.076404066806813165 -0.065120151615650254 -0.026305530798137446 -0.07689716915375952 0.074047371371199849 0.015596349266690091 0.070900276248880206 -0.076171995882377733 0.074435600637847918 0.067899666457912275 0.026433261973263233 -0.0063439349150710188 0.067055319319867246 -0.065566981732252352 0.077906621930052405 0.066465575971284038 0.037345886749453695 0.075560188314331839 0.030827441410702972 0.047602046948501779 -0.047016609414346655 -0.065413615241902756 -0.081540208858212185 0.028178291222569075 0.060959039392912862 -0.033069929428914589 -0.0097801463957879198 -0.098094703767956301 0.051813282790972914 0.045222408285217286 -0.031688191044162838
leaf_weight=2667.5092489424278 9.447580451902466 6.2169915152480817 23.114184196456335 51.67087004519999 163.81317042361479 161.27032327465713 9.3768757834914123 109.96865550801158 50.346138738561422 6.6523370723007238 184.76372658181936 2.2340815505012861 226.01640141446842 110.96506896335632 3.6696384679526082 188.69648733630311 1.2224599858745921 139.43588263145648 3.1382592227309933 161.24776944704354 58.39104616548866 1.589455159730276 7.7660198591183871 2099.2497969660908 60.243691365001723 60.011072952998802 2.3285199694801149 1127.2765790835256 17.379767223494131 6.1029728450812391
leaf_count=875025 2522 686 7741 47 8390 189 2804 100 212 369 18508 9 67506 63 7 3590 4 4552 202 34348 16038 446 746 3823 10793 7084 128 7673 248 197
internal_value=0 0.0528793 -0.0711379 0.016193 0.0101837 0.0580718 -0.0394117 0.0512224 0.0493969 -0.0205331 -0.00920316 -0.0496732 -0.0754938 0.0624281 -0.0165376 0.0353157 -0.0648078 0.0225997 -0.0506948 -0.0480858 -0.0493971 -0.0439153 0.00953759 0.0616683 -0.0189377 -0.0214476 0.0516776 0.0509693 0.0141081 0.025234
internal_weight=0 4428.93 3292.18 549.131 497.46 3879.8 397.434 1508.32 1398.35 139.954 194.211 257.481 2894.75 2371.49 130.577 194.913 227.239 303.249 255.247 232.133 228.994 170.603 9.35548 2260.52 126.907 120.255 1203.43 1153.09 25.8113 23.4827
internal_count=1074050 50928 1023122 34019 33972 16909 80587 12834 12734 21057 21030 59530 942535 4075 18253 4276 67510 12942 59521 51780 51578 35540 1192 4012 18246 17877 8458 8246 573 445
is_linear=0
shrinkage=0.05


Tree=5
num_leaves=31
num_cat=0
split_feature=0 0 0 1 0 0 1 0 1 3 1 0 3 3 0 1 1 3 3 2 2 0 2 2 3 2 3 0 2 3
split_gain=10389.8 307.996 174.447 71.7211 47.4354 41.9139 23.7501 23.5215 17.2813 14.1487 12.4708 11.3131 10.2009 10.0083 8.72956 8.67947 7.18346 6.71119 8.53894 6.84368 9.72826 5.76782 5.71566 6.6084 10.0118 5.89499 5.20474 5.18122 5.04841 5.15809
threshold=0.26731028589363609 0.68981449621504665 0.043984350660107828 1.0000000180025095e-35 0.86620967868038068 0.48090646582193369 1.0000000180025095e-35 0.15548050853772452 1.0000000180025095e-35 227.00000000000003 1.0000000180025095e-35 0.01473053741135971 2646.5000000000005 3321.0000000000005 0.94875966535953815 1.0000000180025095e-35 1.0000000180025095e-35 3646.0000000000005 4095.0000000000005 580687.00000000012 463519.00000000006 0.60678019017954943 156.50000000000003 137122.00000000003 8.9884656743000007e+307 23.500000000000004 8.9884656743000007e+307 0.066927118565026561 779250.50000000012 397.00000000000006
decision_type=2 2 2 2 2 2 2 2 2 2 2 2 2 2 2 2 2 2 2 2 2 2 2 2 2 2 2 2 2 2
left_child=2 3 11 5 6 12 -3 10 9 -6 17 -1 -2 -9 -11 -13 -15 -4 -19 20 -20 22 25 26 -25 -7 -24 -22 29 -16
right_child=1 4 7 -5 8 21 -8 13 -10 14 -12 15 -14 16 28 -17 -18 18 19 -21 27 -23 23 24 -26 -27 -28 -29 -30 -31
leaf_value=-0.07324827570855201 -0.060869499274585431 0.039008971253808186 -0.07311554070930075 0.070794826914923378 0.068522811973574335 0.05950171998375841 0.071301350206618694 -0.071600258105987621 0.073277114825836917 0.051011230045916914 0.063922340265205754 -0.062251063260548502 -0.0066055020247542248 -0.018641863982733802 0.041076849037669554 0.071554983264598929 0.056470476965552678 0.036698283789545115 -0.043456927537702014 -0.060524360952866854 -0.077472621594434299 0.027980313901029782 0.017565346311465731 -0.067424520564006649 0.0080769532829321738 -0.084298995436428478 0.046234957676047649 0.0239266969930222 0.051485463500099027 0.05868010564810168
leaf_weight=2624.0212244678987 9.084977943392003 567.70646886958275 22.34668461867841 51.801702251657844 223.29602300282568 0.96120290888938997 63.285576365888119 8.8868080698302929 159.54291789792478 797.23669364152011 2.5616923896595827 221.88688658265164 185.45131004566792 126.71128899673931 42.663313934579492 1.2185978973284353 3.2651287522166959 3.1995049651013678 159.98497274762485 57.141532359877601 1.4900699470890675 141.20639825321268 86.130621491931379 4.8307316035497925 48.212756967288442 2.7565675206715241 19.39531502709724 8.1521797644672898 328.25317539926618 1692.5609400217654
leaf_count=875025 2522 8557 7741 47 264 29 51 2804 112 4102 9 67506 18508 18246 120 4 7 202 34348 16038 446 4552 4009 760 2640 543 409 746 588 3115
internal_value=0 0.0498214 -0.0680153 0.0148018 0.054791 0.00897773 0.0422477 -0.0368214 0.0572311 0.056401 -0.0458419 -0.0723292 -0.00913967 -0.0202649 0.0554548 -0.0615202 -0.016755 -0.0469563 -0.0444143 -0.0455587 -0.0405173 0.0205908 0.0141612 0.015598 0.00120095 -0.0471204 0.0228347 0.0082569 0.0571716 0.0582473
internal_weight=0 4424.38 3240.87 549.832 3874.55 498.03 630.992 393.74 3243.55 3084.01 254.877 2847.13 194.536 138.863 2860.71 223.105 129.976 252.315 229.968 226.769 169.627 303.494 162.287 158.569 53.0435 3.71777 105.526 9.64225 2063.48 1735.22
internal_count=1074050 50928 1023122 34019 16909 33972 8608 80587 8301 8189 59530 942535 21030 21057 7925 67510 18253 59521 51780 51578 35540 12942 8390 7818 3400 572 4418 1192 3823 3235
is_linear=0
shrinkage=0.05


Tree=6
num_leaves=31
num_cat=0
split_feature=0 0 0 1 0 0 1 0 0 1 1 1 3 0 3 3 3 0 2 2 2 0 3 2 3 0 3 2 2 3
split_gain=9373.53 285.463 167.201 66.6028 46.467 37.185 25.0971 19.4548 17.916 13.4301 12.4827 10.6897 10.5765 10.1241 8.71755 7.71831 7.13814 6.82975 5.80557 7.26092 14.8977 7.99656 9.71599 7.03856 6.43361 5.62913 7.97475 5.615 6.20208 5.15283
threshold=0.26731028589363609 0.68981449621504665 0.043984350660107828 1.0000000180025095e-35 0.94875966535953815 0.42569895731548962 1.0000000180025095e-35 0.19204907757119541 0.86620967868038068 1.0000000180025095e-35 1.0000000180025095e-35 1.0000000180025095e-35 227.00000000000003 0.01473053741135971 3646.0000000000005 3646.0000000000005 4095.0000000000005 0.60678019017954943 580687.00000000012 137122.00000000003 159592.50000000003 0.10563387865889716 15064.000000000002 368116.50000000006 740994.00000000012 0.7740980979447657 6000.5000000000009 642.50000000000011 783.00000000000011 647.50000000000011
decision_type=2 2 2 2 2 2 2 2 2 2 2 2 2 2 2 2 2 2 2 2 2 2 2 2 2 2 2 2 2 2
left_child=2 3 10 5 6 15 8 9 25 14 13 12 -6 -1 -4 -2 -16 29 19 -18 24 22 -22 -23 -21 26 -3 -9 -29 -7
right_child=1 4 7 -5 11 17 -8 27 -10 -11 -12 -13 -14 -15 16 -17 18 -19 -20 20 21 23 -24 -25 -26 -27 -28 28 -30 -31
leaf_value=-0.070608939096586526 -0.061410118608476894 -0.024983696573566083 -0.070156504339089917 0.067823774114064969 0.066945877413918484 -0.050593658772328 0.067774665571279022 -0.065505529857583414 0.047980507823435728 0.058137167953268704 0.068749335575204601 0.071781158657177421 0.0545896386286455 -0.059396454183234443 0.028251097593993014 -0.010622911477912975 -0.042394327417078798 0.025163003615388913 -0.05309378307007484 -0.064706103345184743 0.076199596326870858 -0.039308116912837476 -0.060538053126547246 0.017299299829962287 0.043518995960784214 0.040051396019377808 0.031440700514065487 0.059745102142994694 -0.01431012529707304 0.011932092266995483
leaf_weight=2574.0539572770358 7.909293776319827 6.4770011419896028 25.347277355380356 51.007761279121041 189.08023886010051 3.3485230520600444 113.11610080301762 5.1621363948215722 827.18001266615465 3.3783284490928045 1.6282380977645505 107.31393091566861 2059.959984875517 218.40543766418705 3.8341268342919639 138.1159721823642 138.40399891074048 141.00102408707608 67.740065741585568 1.5875228719087289 1.3736120536923433 11.346208962961102 23.957169421133585 10.641655961284412 10.172310181544162 372.22674104885664 188.77990347566083 2.9242848234716794 85.211326266988181 206.5217297776835
leaf_count=875022 2242 686 8971 47 189 735 100 1482 4177 13 7 63 3823 67506 239 14516 29778 4552 18347 392 33 2420 6030 1070 739 4281 3590 65 11008 11927
internal_value=0 0.047189 -0.0653654 0.0134138 0.0519781 0.00782844 0.0451237 -0.034745 0.0432866 -0.0409872 -0.0696513 0.0563641 0.0556284 -0.069732 -0.0421247 -0.0133737 -0.0394838 0.0166524 -0.040463 -0.0361305 -0.021456 -0.033973 -0.0531232 -0.0119113 0.0289091 0.0364447 0.029569 -0.0148216 -0.011853 0.0109345
internal_weight=0 4412.04 3185.17 547.904 3864.13 496.897 1507.78 391.08 1394.66 297.782 2794.09 2356.35 2249.04 2792.46 294.404 146.025 269.057 350.871 265.223 197.482 59.0785 47.3186 25.3308 21.9879 11.7598 567.484 195.257 93.2977 88.1356 209.87
internal_count=1074050 50928 1023122 34019 16909 33972 12834 80587 12734 68032 942535 4075 4012 942528 68019 16758 59048 17214 58809 40462 10684 9553 6063 3490 1131 8557 4276 12555 11073 12662
is_linear=0
shrinkage=0.05


Tree=7
num_leaves=31
num_cat=0
split_feature=0 0 0 1 0 0 1 1 0 0 1 3 1 0 3 3 3 2 2 3 3 0 3 3 0 2 3 0 3 2
split_gain=8477.87 258.877 165.422 61.7045 42.9956 33.2459 24.3683 17.9672 16.464 15.8129 11.3173 11.9071 11.058 8.98331 7.00282 6.46913 6.41645 7.46123 6.94547 6.46375 6.09402 5.55754 4.91548 5.56363 4.77636 5.1907 7.74176 4.65188 6.07066 4.61609
threshold=0.26731028589363609 0.68981449621504665 0.040916356323413693 1.0000000180025095e-35 0.94875966535953815 0.42569895731548962 1.0000000180025095e-35 1.0000000180025095e-35 0.15548050853772452 0.86620967868038068 1.0000000180025095e-35 227.00000000000003 1.0000000180025095e-35 0.01473053741135971 3321.0000000000005 3646.0000000000005 3646.0000000000005 580687.00000000012 463519.00000000006 4095.0000000000005 647.50000000000011 0.60678019017954943 5542.5000000000009 21696.000000000004 0.21467259749339032 46659.500000000007 8.9884656743000007e+307 0.7740980979447657 3321.0000000000005 1455534.0000000002
decision_type=2 2 2 2 2 2 2 2 2 2 2 2 2 2 2 2 2 2 2 2 2 2 2 2 2 2 2 2 2 2
left_child=2 3 12 5 6 15 9 8 16 27 11 -6 13 -1 -10 -2 -4 18 19 -18 -7 -22 -16 -24 -25 -26 -27 28 -3 -11
right_child=1 4 7 -5 10 20 -8 -9 14 29 -12 -13 -14 -15 22 -17 17 -19 -20 -21 21 -23 23 24 25 26 -28 -29 -30 -31
leaf_value=-0.068387683236454597 -0.057744184738589603 -0.026874234938252563 -0.067306327495621127 0.065219775173457742 0.06492789894610887 -0.02818569465779865 0.065033059448943636 0.055261852193319361 -0.064491471135229197 0.046707247295131864 0.069443932783912338 0.051667066306050391 0.065725063090772293 -0.057367808035162109 0.025169194162928923 -0.010428136719346828 0.028139356685760272 -0.054894631143594746 0.0059413663189397774 -0.038164750925654176 0.011354303786401187 0.024360669269105743 -0.067566898162404312 -0.027508592699139113 0.0108504098208623 -0.067472157859316539 -0.0077205828326468414 0.037702816315829848 0.029568881973234901 0.0354415203008605
leaf_weight=2514.2583301822888 7.6230469350120975 4.8869862077990538 22.420274848118424 50.452876709401608 184.45208927989006 7.8009830577648236 112.77842407301068 5.6647245651110998 8.382426949858198 719.75328273582272 106.44183997064829 2057.9840538369026 1.5566447786986817 199.61980008560931 6.4647222716594106 137.94975291052833 3.7582612847909322 58.29135803563986 10.109453995537477 167.38144929148257 207.36140011542011 135.99766028358135 5.7528094121953464 56.540896995575167 23.785027656005695 6.7649146404582998 27.288369201938622 371.00480880821124 188.99840240785852 104.07559152669273
leaf_count=875022 2242 575 8263 47 189 1016 100 16 2804 3532 63 3823 7 63509 369 14516 212 17082 1258 36703 11927 4271 1355 9982 2102 1299 3139 4281 3701 645
internal_value=0 0.0447163 -0.0630662 0.0125357 0.0492896 0.00718458 0.0426812 -0.0331569 -0.0344187 0.040866 0.053514 0.0527578 -0.0675007 -0.0675771 -0.0202327 -0.0129059 -0.0417282 -0.0393342 -0.0343298 -0.0367087 0.015513 0.0165059 -0.0173022 -0.0195877 -0.0171745 -0.00707227 -0.0195906 0.0344227 0.0281462 0.045284
internal_weight=0 4397.56 3118.04 547.186 3850.38 496.733 1501.5 402.605 396.94 1388.72 2348.88 2242.44 2715.43 2713.88 134.979 145.573 261.961 239.541 181.249 171.14 351.16 343.359 126.597 120.132 114.379 57.8383 34.0533 564.89 193.885 823.829
internal_count=1074050 50928 1023122 34019 16909 33972 12834 84584 84568 12734 4075 4012 938538 938531 21050 16758 63518 55255 38173 36915 17214 16198 18246 17877 16522 6540 4438 8557 4276 4177
is_linear=0
shrinkage=0.05


Tree=8
num_leaves=31
num_cat=0
split_feature=0 0 0 1 0 0 1 1 1 3 1 0 0 3 3 3 2 2 0 2 3 3 0 2 2 3 0 2 2 2
split_gain=7721.31 269.634 130.045 60.0019 38.9958 32.1104 21.2409 18.1921 17.7613 17.585 15.2941 11.6558 8.86464 7.55069 11.3863 6.86759 5.63525 6.02773 7.85421 5.42154 5.40598 6.97945 5.21071 4.95719 4.81302 5.42734 4.58359 4.39954 4.1002 7.27541
threshold=0.23938287544958989 0.68981449621504665 0.030380062479932603 1.0000000180025095e-35 0.86620967868038068 0.42569895731548962 1.0000000180025095e-35 1.0000000180025095e-35 1.0000000180025095e-35 393.00000000000006 1.0000000180025095e-35 0.072661120000328969 0.94875966535953815 3321.0000000000005 5542.5000000000009 3321.0000000000005 2826.5000000000005 3901.0000000000005 0.15548050853772452 435.50000000000006 2635.5000000000005 1481.0000000000002 0.60678019017954943 26107.500000000004 1567682.0000000002 6290.5000000000009 0.0088049481694041625 1392.5000000000002 47679.000000000007 35772.000000000007
decision_type=2 2 2 2 2 2 2 2 2 2 2 2 2 2 2 2 2 2 2 2 2 2 2 2 2 2 2 2 2 2
left_child=2 3 10 5 6 15 -3 11 9 -6 26 24 -11 -13 27 -2 -16 18 -18 20 21 -7 -21 -24 25 -4 -1 -15 29 -27
right_child=1 4 7 -5 8 19 -8 -9 -10 12 -12 13 -14 14 16 -17 17 -19 -20 22 -22 -23 23 -25 -26 28 -28 -29 -30 -31
leaf_value=-0.066691877747087805 -0.055702423886141342 0.032456098780110111 -0.068611443552481041 0.062984520049801956 0.061198882922501953 -0.026664040809568579 0.063420238025764519 0.054147612548734729 0.065637065268708147 0.04267153743091285 0.064396407688362398 -0.061230146522606145 0.048945935774006813 0.037441649242606199 -0.063862888617957525 -0.0094995117673293879 -0.072117132784069518 -0.029915518760967513 0.045991735636455137 0.010640396839904823 -0.058863180968789425 0.050261125790178322 0.033518559255608225 0.01415735233989337 -0.066820033053745301 -0.038531589173876807 -0.059456285811138279 -0.046061739962115267 -0.048907040011107211 0.0065154247010026966
leaf_weight=2346.0670297376346 8.4377951130736601 562.66528825054411 18.895957246597391 49.627084363251925 244.0059822332114 7.3520474593387934 61.432320520281792 5.5220839055255047 155.69336346909404 779.09121250919998 2.2500758804380885 18.110410029592458 2028.9589718009811 8.834302338305859 11.74350334855262 171.79257612704532 1.8871956843067881 196.26436960260617 5.5387813086854294 202.28919402993051 4.7017379704629993 4.9231745507568121 63.23247627762612 69.286408027866855 26.28751765814377 53.832395058532711 241.39694821822923 1.9202558995457355 63.732104514667299 10.753779298160223
leaf_count=836835 2668 8557 6895 47 362 911 51 16 112 4076 7 6578 3751 484 3214 18264 518 39294 307 11448 674 89 1582 2510 8866 12706 84643 350 16599 1636
internal_value=0 0.0421244 -0.0617038 0.0104037 0.0469394 0.00549892 0.035504 -0.0360113 0.0491642 0.0483239 -0.0659035 -0.0372029 0.0472051 -0.030165 -0.0276777 -0.0116626 -0.0301841 -0.0282424 0.0159762 0.0142913 -0.0132739 0.00418803 0.015689 0.0233957 -0.0471127 -0.0435937 -0.0660168 0.0225319 -0.0399096 -0.0310311
internal_weight=0 4413.49 3013.04 581.642 3831.85 532.015 624.098 423.323 3207.75 3052.06 2589.71 417.801 2808.05 244.299 226.188 180.23 215.434 203.69 7.42598 351.785 16.977 12.2752 334.808 132.519 173.502 147.214 2587.46 10.7546 128.318 64.5862
internal_count=1074050 55102 1018948 38193 16909 38146 8608 97463 8301 8189 921485 97447 7827 50745 44167 20932 43333 40119 825 17214 1674 1000 15540 4092 46702 37836 921478 834 30941 14342
is_linear=0
shrinkage=0.05


Tree=9
num_leaves=31
num_cat=0
split_feature=0 0 0 1 0 0 1 1 3 1 1 3 2 0 3 2 2 0 3 2 3 0 3 2 2 0 2 3 0 0
split_gain=7044.42 272.885 104.498 60.2484 36.1144 32.3639 20.8357 18.9251 16.2846 14.1074 11.8924 9.50073 8.88691 7.29136 6.48005 5.98566 5.85313 5.17458 4.91096 4.85603 10.1851 4.83113 5.51829 4.72975 4.72016 4.70299 4.30778 5.46065 4.19446 4.15335
threshold=0.21467259749339032 0.68981449621504665 0.030380062479932603 1.0000000180025095e-35 0.86620967868038068 0.42569895731548962 1.0000000180025095e-35 1.0000000180025095e-35 227.00000000000003 1.0000000180025095e-35 1.0000000180025095e-35 3321.0000000000005 902.00000000000011 0.94875966535953815 3321.0000000000005 580687.00000000012 368116.50000000006 0.53809039466125175 943.50000000000011 126565.50000000001 671729.50000000012 0.7740980979447657 6000.5000000000009 120938.00000000001 435.50000000000006 0.0088049481694041625 1741219.0000000002 8.9884656743000007e+307 0.15548050853772452 0.032663279534145336
decision_type=2 2 2 2 2 2 2 2 2 2 2 2 2 2 2 2 2 2 2 2 2 2 2 2 2 2 2 2 2 2
left_child=2 3 9 5 6 14 21 8 -6 25 11 -4 24 -10 -2 16 -14 18 -7 23 -21 22 -3 -16 -13 -1 27 -20 -17 -18
right_child=1 4 10 -5 7 17 -8 -9 13 -11 -12 12 15 -15 19 28 29 -19 26 20 -22 -23 -24 -25 -26 -27 -28 -29 -30 -31
leaf_value=-0.065073567239478824 -0.050830810391391749 -0.021294837505258245 -0.063894507310803095 0.061203397959151355 0.059438177404631143 -0.071087398835090188 0.061660604141978784 0.06384125137293635 0.040828786125832149 0.061719576457592178 0.050978241368736313 -0.040272865285888235 -0.035122607889263129 0.046498555536982379 -0.0043620337342813193 -0.053444580371930131 0.057313636377997648 0.017767148691283031 0.00077267081735381488 -0.072982589465657915 -0.012924729889696394 0.033982890257059598 0.025786032685422525 0.050506157532308506 0.021447934511088586 -0.057643334358089354 -0.015534529364634113 0.024285440182972198 -0.026545557858586828 -0.015769202957887654
leaf_weight=2279.0781197476899 9.972504972422028 6.4380271020345381 30.634641109558288 50.105072524398565 207.59206752479076 2.0826425913255653 59.801950704306364 154.82016644999385 783.85931678465568 2.2199753427412352 3.8632047753781071 4.4129860614193595 224.0139287825441 2050.0740398224443 103.19226667738985 68.97059409407666 2.1273083501728278 227.33238827378955 60.20934108318761 7.6902327938587396 86.056392449943814 367.09256614604965 187.0426393058151 4.0830940299201748 10.392801296606192 234.91675569742802 18.96333819947904 41.861461264430545 18.347839690744877 22.566899161203764
leaf_count=836835 3238 686 11885 50 264 572 51 112 4102 7 13 962 50297 3823 10526 21564 168 8872 4309 1667 9503 4281 3590 132 1052 84643 1629 1832 3501 3884
internal_value=0 0.0396774 -0.0605548 0.00866952 0.0446458 0.00398122 0.0336059 0.0467885 0.0459205 -0.064268 -0.0363073 -0.0371913 -0.0348596 0.0449303 -0.01149 -0.03653 -0.0325759 0.013296 0.00504001 -0.00953834 -0.0178514 0.0306131 0.0242194 -0.00227365 0.00305155 -0.0643793 0.00634994 0.0104158 -0.0477924 -0.00947341
internal_weight=0 4428.27 2901.55 611.549 3816.72 561.444 620.375 3196.35 3041.53 2516.21 385.33 381.467 350.832 2833.93 210.994 336.027 248.708 350.449 123.117 201.022 93.7466 560.573 193.481 107.275 14.8058 2513.99 121.034 102.071 87.3184 24.6942
internal_count=1074050 59239 1014811 42330 16909 42280 8608 8301 8189 921485 93326 93313 81428 7925 25066 79414 54349 17214 8342 21828 11170 8557 4276 10658 2014 921478 7770 6141 25065 4052
is_linear=0
shrinkage=0.05


Tree=10
num_leaves=31
num_cat=0
split_feature=0 0 0 1 0 0 1 1 3 0 1 1 3 3 0 2 3 2 0 0 0 3 3 2 3 2 2 3 2 2
split_gain=6447.93 249.881 104.829 56.385 32.9508 28.3744 22.8828 14.0513 15.217 13.1878 12.8954 11.0742 9.02564 7.3196 9.56127 5.84111 5.76816 5.27501 5.00569 4.37922 4.20524 4.40455 4.17006 4.0524 8.67741 4.05794 3.94613 4.45683 3.93036 3.92897
threshold=0.21467259749339032 0.68981449621504665 0.030380062479932603 1.0000000180025095e-35 0.94875966535953815 0.42569895731548962 1.0000000180025095e-35 1.0000000180025095e-35 227.00000000000003 0.86620967868038068 1.0000000180025095e-35 1.0000000180025095e-35 3321.0000000000005 5542.5000000000009 0.096052811190413576 580687.00000000012 3646.0000000000005 368116.50000000006 0.0088049481694041625 0.53809039466125175 0.7740980979447657 6000.5000000000009 943.50000000000011 126565.50000000001 671729.50000000012 120938.00000000001 1741219.0000000002 8.9884656743000007e+307 1392.5000000000002 642.50000000000011
decision_type=2 2 2 2 2 2 2 2 2 2 2 2 2 2 2 2 2 2 2 2 2 2 2 2 2 2 2 2 2 2
left_child=2 3 10 5 6 16 9 8 -6 20 18 12 -4 14 -14 17 -2 -15 -1 22 21 -3 -7 25 -25 -18 27 -24 -16 -10
right_child=1 4 11 -5 7 19 -8 -9 29 -11 -12 -13 13 15 28 -17 23 -19 -20 -21 -22 -23 26 24 -26 -27 -28 -29 -30 -31
leaf_value=-0.063672103775208294 -0.046570794835682654 -0.017796704301415382 -0.062036033100399068 0.059448381740137606 0.059700167049021924 -0.068272826567455938 0.059069670315087447 0.064187522606614852 0.038089419980508764 0.03906389396245593 0.059620045965933281 0.049328521532625992 -0.067975383769594958 -0.033209655212941572 0.042018067927209822 -0.045937286213462998 -0.0042903196084723904 -0.0090528068194633549 -0.055895241896103377 0.01644033856028463 0.032228486779247896 0.024490177919547558 0.00093903216472959207 -0.069785701635638284 -0.012221654651391226 0.046146208024444878 -0.015562403752086219 0.022094996090297789 -0.072565637851943574 0.045024361392430642
leaf_weight=2208.8730469126021 10.752529687830245 6.3687561349943271 29.540461930097081 49.144730173051357 172.68043924868107 1.926043095299973 106.40506828948855 104.76261825859547 230.18597664264962 811.48513923829887 2.1480038342997423 3.8867969093844286 3.3079169151606029 224.99403492777492 8.1409899892751092 85.267341659520753 102.70425475708907 25.121927027008496 228.30270276934607 227.02658004977275 364.38760739075951 185.9578084644163 60.192836386966519 7.0853018805501042 86.134904389211442 4.1491150944493702 18.218437086557969 42.451029737829231 0.82414974865969348 1811.6706055263057
leaf_count=836835 3357 686 11885 50 189 572 100 63 544 4177 7 13 959 50802 331 25065 10407 4051 84643 8872 4281 3590 4309 1667 9503 132 1629 1832 220 3279
internal_value=0 0.0378038 -0.0590256 0.00809521 0.0425788 0.00359369 0.036735 0.0462943 0.0454479 0.034998 -0.0628357 -0.0346375 -0.0355027 -0.0332482 0.00467747 -0.034636 -0.0108956 -0.0307833 -0.0629436 0.0123261 0.0290714 0.0230899 0.00471917 -0.00897836 -0.0165969 -0.00233187 0.00588236 0.00968863 0.0314846 0.0442426
internal_weight=0 4403.69 2820.41 609.786 3793.9 560.641 1474.6 2319.3 2214.54 1368.2 2439.32 381.084 377.197 347.656 12.2731 335.383 210.826 250.116 2437.18 349.815 556.714 192.327 122.788 200.074 93.2202 106.853 120.862 102.644 8.96514 2041.86
internal_count=1074050 59239 1014811 42330 16909 42280 12834 4075 4012 12734 921485 93326 93313 81428 1510 79918 25066 54853 921478 17214 8557 4276 8342 21709 11170 10539 7770 6141 551 3823
is_linear=0
shrinkage=0.05


Tree=11
num_leaves=31
num_cat=0
split_feature=0 0 0 1 0 0 1 1 3 0 1 1 3 0 3 2 3 2 3 0 2 0 2 3 3 3 2 2 2 3
split_gain=5959.54 239.806 103.047 53.3301 35.8327 25.1687 23.1681 14.0688 15.3251 12.4048 12.1421 10.2384 8.45562 7.58764 8.81567 6.70693 6.23929 5.59573 5.31885 5.10202 4.48779 4.23953 4.09246 3.84098 7.45414 6.96822 13.4098 15.3776 5.41739 5.35021
threshold=0.21467259749339032 0.68981449621504665 0.030380062479932603 1.0000000180025095e-35 0.94875966535953815 0.42569895731548962 1.0000000180025095e-35 1.0000000180025095e-35 227.00000000000003 0.86620967868038068 1.0000000180025095e-35 1.0000000180025095e-35 3321.0000000000005 0.072661120000328969 5542.5000000000009 47679.000000000007 15064.000000000002 46659.500000000007 3321.0000000000005 0.0088049481694041625 2826.5000000000005 0.60678019017954943 1392.5000000000002 8407.0000000000018 3321.0000000000005 2635.5000000000005 370.00000000000006 144.50000000000003 4151.5000000000009 1739.5000000000002
decision_type=2 2 2 2 2 2 2 2 2 2 2 2 2 2 2 2 2 2 2 2 2 2 2 2 2 2 2 2 2 2
left_child=2 3 10 5 6 18 9 8 -6 -3 19 12 -4 15 22 17 -17 -14 -2 -1 -16 -7 -15 24 25 28 27 -27 -10 -30
right_child=1 4 11 -5 7 21 -8 -9 23 -11 -12 -13 13 14 20 16 -18 -19 -20 -21 -22 -23 -24 -25 -26 26 -28 -29 29 -31
leaf_value=-0.062442117040199724 -0.047192935817244069 0.027355749593049285 -0.060385407358858272 0.05814811180542992 0.05846399536304317 0.0066256409281598124 0.057540016697682272 0.062893845730856782 0.047168564858928438 0.037069563966251835 0.05813039227642447 0.05013275887805857 -0.03114143377818512 0.032821708381676536 -0.06057819190750198 0.037983839672456339 -0.05178755574578392 0.053055489414335445 -0.009052128853167361 -0.054489714437446324 -0.026096508927380392 0.017872371425306097 -0.069786360616818408 0.041595650947012085 0.053048295400273615 0.033919783134118607 0.036680651305159462 -0.10051278444314984 0.0025807231052074444 0.053451119392464941
leaf_weight=2144.2777402581414 9.5747956362320092 554.3012960649794 28.637357014638837 47.278658393770456 169.29004325158894 212.11945694452152 104.54411172866821 103.29785467684269 179.69761335849762 807.3834070218727 2.1160671408288172 3.6272760313004246 64.80086276208749 8.5251806625165027 9.9793453796883096 1.981360597827005 83.673381472239271 2.0353325733449301 201.6011685487465 222.6312141669332 173.35935788205825 138.50578572123777 1.0967857526848082 1548.3089358392172 235.80828029662371 4.1923114433884603 30.521516604349017 4.318604052066803 14.226139899343254 8.1182487644255144
leaf_count=836835 3238 8557 11885 50 189 12662 100 63 449 4177 7 13 15194 435 2973 202 25292 137 21828 84643 36883 4552 312 2786 405 11 60 52 51 9
internal_value=0 0.036254 -0.0577201 0.00714723 0.040964 0.00285523 0.0348569 0.044861 0.0440122 0.0331154 -0.0615871 -0.0334663 -0.0342769 -0.0321125 -0.0255251 -0.0404482 -0.049711 -0.0285774 -0.0107814 -0.0616941 -0.0279734 0.0110684 0.0211257 0.0428041 0.0467277 0.0405451 0.0212048 -0.0342939 0.0442815 0.0210632
internal_weight=0 4373.09 2746.74 609.08 3764.01 561.801 1466.23 2297.78 2194.48 1361.68 2369.03 377.716 374.089 345.452 192.961 152.491 85.6547 66.8362 211.176 2366.91 183.339 350.625 9.62197 2025.19 476.883 241.074 39.0324 8.51092 202.042 22.3444
internal_count=1074050 59239 1014811 42330 16909 42280 12834 4075 4012 12734 921485 93326 93313 81428 40603 40825 25494 15331 25066 921478 39856 17214 747 3823 1037 632 123 63 509 60
is_linear=0
shrinkage=0.05


Tree=12
num_leaves=31
num_cat=0
split_feature=0 0 0 1 0 0 1 1 3 1 0 1 3 3 0 3 3 2 3 3 2 3 3 3 2 0 2 3 2 2
split_gain=5592.52 240.149 99.2364 50.6865 46.639 23.6944 23.5144 12.6963 13.0496 12.6923 12.1548 9.60351 7.7898 7.73821 6.99198 7.90086 6.85651 6.2485 6.22897 5.55699 5.51824 7.18966 6.74845 5.25387 5.76249 5.17511 4.9197 4.34699 4.2601 4.22508
threshold=0.21467259749339032 0.68981449621504665 0.030380062479932603 1.0000000180025095e-35 0.94875966535953815 0.48090646582193369 1.0000000180025095e-35 1.0000000180025095e-35 227.00000000000003 1.0000000180025095e-35 0.7740980979447657 1.0000000180025095e-35 2646.5000000000005 3321.0000000000005 0.072661120000328969 5542.5000000000009 214357.50000000003 47679.000000000007 397.00000000000006 15064.000000000002 114529.50000000001 867234.50000000012 52226.500000000007 63382.000000000007 17963.000000000004 0.0088049481694041625 35772.000000000007 6000.5000000000009 26107.500000000004 130586.50000000001
decision_type=2 2 2 2 2 2 2 2 2 2 2 2 2 2 2 2 2 2 2 2 2 2 2 2 2 2 2 2 2 2
left_child=2 3 9 5 6 12 10 8 -6 25 27 13 -2 -4 17 -16 18 26 -10 -19 22 -22 -7 -24 -25 -1 -15 -3 -26 -23
right_child=1 4 11 -5 7 20 -8 -9 16 -11 -12 -13 -14 14 15 -17 -18 19 -20 -21 21 29 23 24 28 -27 -28 -29 -30 -31
leaf_value=-0.061341389290268701 -0.050740154330735546 -0.020294695863475685 -0.058845129988795014 0.056302433726842155 0.057154520163412562 0.005013116910553385 0.056126427447157914 0.061778615375846772 0.024718138198327133 0.057988940433470519 0.033198999331145444 0.048799684702913931 -0.007039634341860149 -0.034072987855110613 0.018758063464873853 -0.027494111326429378 0.038682256893505525 0.032706507293875108 0.045397156665040322 -0.050656939212126197 -0.03934020115261995 -0.074828238466549429 0.050260901212413979 0.00032578434362647631 0.047004369935873154 -0.053255063482524068 0.0028418862622853584 0.021046595355120962 0.019913408297667228 0.0079439703576579795
leaf_weight=2095.4112510935811 10.620849348459158 6.5840909036924122 27.902621496119536 46.627990679815412 165.68574423901737 74.425371111778077 102.40024433657527 101.39147126674652 37.535160072147846 2.2593167540617278 1167.3438266204903 3.5768363317474714 255.81915401146398 55.951616279548034 9.7231941195204836 183.19873906753492 726.93738956516609 2.0491214841022147 1221.7504261862487 81.845751923305215 9.3097925802576338 1.5666293806862075 16.666434063110501 27.273262179223821 19.883073973469436 218.49039592486224 10.761543242784681 185.65481160103809 53.714226251235232 96.972491673775949
leaf_count=836835 3523 686 11885 50 189 4040 100 63 120 7 8458 13 25815 13667 747 39856 1483 202 2220 25292 1019 174 243 1229 312 84643 1664 3590 1660 4265
internal_value=0 0.0351921 -0.0565988 0.00619412 0.0399756 0.00206794 0.0330208 0.044488 0.0436734 -0.0604622 0.0312805 -0.0327372 -0.00878163 -0.0335224 -0.0314656 -0.025163 0.0425488 -0.039539 0.0447808 -0.0486208 0.0117099 0.00265992 0.0167943 0.0242543 0.0199574 -0.0605778 -0.0281182 0.0196307 0.0272323 0.00662801
internal_weight=0 4328.16 2691.17 612.879 3715.28 566.251 1461.98 2253.3 2151.91 2316.16 1359.58 375.009 266.44 371.433 343.53 192.922 1986.22 150.608 1259.29 83.8949 299.811 107.849 191.962 117.537 100.871 2313.9 66.7132 192.239 73.5973 98.5391
internal_count=1074050 59239 1014811 42330 16909 42280 12834 4075 4012 921485 12734 93326 29338 93313 81428 40603 3823 40825 2340 25494 12942 5458 7484 3444 3201 921478 15331 4276 1972 4439
is_linear=0
shrinkage=0.05


Tree=13
num_leaves=31
num_cat=0
split_feature=0 0 0 1 0 0 1 1 3 1 1 0 3 0 2 3 2 3 3 3 3 0 3 2 3 0 3 2 2 3
split_gain=5220.73 231.494 99.1044 67.8625 36.6339 36.5467 14.0065 12.4086 12.6674 11.706 9.1032 8.24641 6.81722 6.04961 6.42477 6.01293 9.70471 6.94518 5.55266 5.45757 7.04362 5.31122 5.28602 9.56324 5.88073 5.15309 4.89602 4.84189 5.1638 5.21966
threshold=0.21467259749339032 0.7740980979447657 0.030380062479932603 1.0000000180025095e-35 0.94875966535953815 0.53809039466125175 1.0000000180025095e-35 1.0000000180025095e-35 8407.0000000000018 1.0000000180025095e-35 1.0000000180025095e-35 0.072661120000328969 943.50000000000011 0.33581906297173442 1741219.0000000002 59025.000000000007 149609.00000000003 347071.00000000006 23978.000000000004 19615.500000000004 15838.500000000002 0.0088049481694041625 36658.500000000007 10859.000000000002 33530.500000000007 0.86620967868038068 8.9884656743000007e+307 435.50000000000006 902.00000000000011 3646.0000000000005
decision_type=2 2 2 2 2 2 2 2 2 2 2 2 2 2 2 2 2 2 2 2 2 2 2 2 2 2 2 2 2 2
left_child=2 3 9 5 6 12 25 8 -6 21 11 -4 -2 -14 -15 18 -17 -18 19 20 -7 -1 24 -24 -20 -3 -16 -13 29 -29
right_child=1 4 10 -5 7 15 -8 -9 -10 -11 -12 27 13 14 26 16 17 -19 22 -21 -22 -23 23 -25 -26 -27 -28 28 -30 -31
leaf_value=-0.060388873655008307 -0.056786443099673151 0.026577898809093448 -0.040928175975412984 0.055419049739858943 0.048521340136000568 0.010523103385542996 0.054523248211114553 0.060876218890395899 0.040172543080655987 0.056218669808893562 0.047290484794558607 -0.057577506170409687 -0.013825653586429378 0.0037618614985328921 -0.075458021895085006 0.027158898124783715 -0.075563653515886633 0.011084134081175629 -0.014361809514931115 0.048076534846557939 -0.076737345652742261 -0.052100589788644486 0.028910754668136959 -0.060729610357806607 -0.086630560836964215 0.033766202569341347 -0.013746584930521055 -0.05520536451353833 -0.025860257684658397 0.032163062781507483
leaf_weight=2035.4737811402592 6.5685067377344231 361.78024500643369 161.12933963237447 76.069339817389846 660.71398340119049 58.942651488934644 70.239950170740485 99.175039749592543 1454.554486883455 2.1837287330999962 3.6154978061094871 11.377328208211109 128.76252398031647 172.673974386591 3.6520558738848221 171.84240047808271 2.3497581921401425 146.41874975862447 8.9932596590369958 9.36616098647937 2.4070416218601158 213.56833724249736 11.673919090069829 3.993068426847457 4.0974884133320293 802.03785044804681 26.798306055366993 2.2289107546675933 187.28249121259432 7.3361225933767855
leaf_count=836835 2274 4281 46702 77 1226 2828 73 63 2786 7 13 4664 15544 12337 695 3763 290 4589 549 142 191 84643 264 245 287 4177 2558 842 40747 358
internal_value=0 0.0340251 -0.0555345 0.0103967 0.0397437 0.00588173 0.0328403 0.0435908 0.0427803 -0.0594895 -0.0316624 -0.0324352 -0.00634534 -0.00534704 2.76357e-05 0.0157329 0.0190649 0.00971556 0.00499348 0.0125268 0.00709946 -0.0596018 -0.0135311 0.00606398 -0.0369824 0.0315317 -0.0211479 -0.0258631 -0.0240301 0.0118039
internal_weight=0 4283.11 2624.2 834.609 3448.5 758.54 1234.06 2214.44 2115.27 2251.23 372.97 369.354 338.455 331.887 203.124 420.084 320.611 148.769 99.4736 70.7159 61.3497 2249.04 28.7577 15.667 13.0907 1163.82 30.4504 208.225 196.848 9.56503
internal_count=1074050 59239 1014811 46633 12606 46556 8531 4075 4012 921485 93326 93313 33408 31134 15590 13148 8642 4879 4506 3161 3019 921478 1345 509 836 8458 3253 46611 41947 1200
is_linear=0
shrinkage=0.05


Tree=14
num_leaves=31
num_cat=0
split_feature=0 0 0 0 1 1 0 1 3 0 1 1 2 0 3 0 3 3 2 3 3 3 2 2 2 3 2 3 2 2
split_gain=4881.91 224.601 100.722 53.0464 47.5888 23.3136 20.9835 12.3843 11.8114 11.1502 10.8628 8.48297 8.0902 8.08182 6.54119 5.43443 4.73513 5.97626 4.68386 5.24402 5.24018 6.57724 4.88401 4.19986 3.73125 4.10671 3.38747 3.3235 9.96672 3.49062
threshold=0.21467259749339032 0.68981449621504665 0.030380062479932603 0.94875966535953815 1.0000000180025095e-35 1.0000000180025095e-35 0.48090646582193369 1.0000000180025095e-35 227.00000000000003 0.86620967868038068 1.0000000180025095e-35 1.0000000180025095e-35 384980.50000000006 0.072661120000328969 2646.5000000000005 0.0088049481694041625 3321.0000000000005 5542.5000000000009 114529.50000000001 867234.50000000012 36658.500000000007 33530.500000000007 2563.5000000000005 2826.5000000000005 1567682.0000000002 6290.5000000000009 1392.5000000000002 63382.000000000007 12504.500000000002 17963.000000000004
decision_type=2 2 2 2 2 2 2 2 2 2 2 2 2 2 2 2 2 2 2 2 2 2 2 2 2 2 2 2 2 2
left_child=2 4 10 5 6 9 14 8 -5 -3 15 13 -10 24 -2 -1 -15 26 20 -20 21 -8 -22 -19 25 -4 -18 28 -24 -29
right_child=1 3 11 7 -6 -7 18 -9 12 -11 -12 -13 -14 16 -16 -17 17 23 19 -21 22 -23 27 -25 -26 -27 -28 29 -30 -31
leaf_value=-0.059549463492635693 -0.048069237494392437 0.023020180190214005 -0.060258661956469554 0.054869685272800034 0.054467565456556705 0.053733811237939834 0.0064756429600108236 0.060067763736530666 0.04224368467323341 0.032289004519794981 0.054346628583271175 0.045866573288622328 0.033899037133993504 -0.05326693887648544 -0.0075046498477026385 -0.051064716873215912 0.025749444391697171 -0.056743179327170767 -0.034814199581287918 0.0051446752032400719 -0.046010113731328642 -0.078198680685058725 0.048319211796146476 -0.0230184290699075 -0.058528700764449285 -0.033431711837001762 -0.066548521470924757 0.0022726723869017458 -0.074015108108100525 0.02374717627020714
leaf_weight=1975.6417304720089 10.333772316866087 547.40424119855743 16.177354385756189 159.1849666852504 44.990874929353595 98.342070709913969 63.335858377162367 96.88482566177845 1567.8857461045263 796.71722350106575 2.1256406535394481 3.602466005831956 356.5016690287739 13.621293189062269 259.54559659754159 208.64998221438145 8.708839579834601 9.7433856950374302 8.9590612129541096 98.287727292976342 2.6752613217104217 2.3795677210437125 21.999344421550635 175.75791000697063 22.605693025980145 120.71987230703235 1.1221990949707095 25.415565006551333 1.8012482833582897 74.079900896293111
leaf_count=836835 3523 8557 6895 189 50 100 3497 63 3104 4177 7 13 719 6008 25815 84643 435 2973 1019 4439 240 257 298 36883 8866 30941 312 1071 149 1972
internal_value=0 0.0329336 -0.0545366 0.0376722 0.00496471 0.0302336 0.00104923 0.0425931 0.0417805 0.0285142 -0.058629 -0.0304873 0.0406978 -0.0312339 -0.00905788 -0.058739 -0.0247641 -0.0227764 0.010174 0.00180664 0.0148555 0.00340957 0.0208264 -0.0247898 -0.0397095 -0.0366019 0.0152138 0.0222766 0.0390609 0.0182616
internal_weight=0 4236.72 2558.48 3622.92 613.804 1442.46 568.813 2180.46 2083.57 1344.12 2186.42 372.059 1924.39 368.457 269.879 2184.29 208.954 195.332 298.934 107.247 191.687 65.7154 125.971 185.501 159.503 136.897 9.83104 123.296 23.8006 99.4955
internal_count=1074050 59239 1014811 16909 42330 12834 42280 4075 4012 12734 921485 93326 3823 93313 29338 921478 46611 40603 12942 5458 7484 3754 3730 39856 46702 37836 747 3490 447 3043
is_linear=0
shrinkage=0.05


Tree=15
num_leaves=31
num_cat=0
split_feature=0 0 0 0 1 1 0 1 3 0 1 1 0 2 0 3 3 2 0 3 0 2 3 3 3 2 3 3 3 2
split_gain=4548.83 213.389 100.402 53.9869 45.4886 23.0587 19.5749 12.6852 11.714 10.8762 10.1222 7.86773 7.53813 6.10428 5.58171 5.00804 4.87838 4.68516 4.16217 4.05514 3.3763 3.26236 3.23668 4.6017 5.63369 3.20034 5.89212 8.03636 4.94521 4.66377
threshold=0.21467259749339032 0.68981449621504665 0.030380062479932603 0.94875966535953815 1.0000000180025095e-35 1.0000000180025095e-35 0.42569895731548962 1.0000000180025095e-35 227.00000000000003 0.86620967868038068 1.0000000180025095e-35 1.0000000180025095e-35 0.061123824279792356 425782.50000000006 0.0088049481694041625 3321.0000000000005 5542.5000000000009 2826.5000000000005 0.60678019017954943 3321.0000000000005 0.096052811190413576 3434.5000000000005 393.00000000000006 647.50000000000011 643.50000000000011 746738.00000000012 182918.50000000003 132526.00000000003 867234.50000000012 850848.00000000012
decision_type=2 2 2 2 2 2 2 2 2 2 2 2 2 2 2 2 2 2 2 2 2 2 2 2 2 2 2 2 2 2
left_child=2 4 10 5 6 9 19 8 -5 25 14 12 -4 -10 -1 -14 20 -18 -8 -2 -17 -19 -11 24 -24 26 27 -3 -27 -30
right_child=1 3 11 7 -6 -7 18 -9 13 22 -12 -13 15 -15 -16 16 17 21 -20 -21 -22 -23 23 -25 -26 28 -28 -29 29 -31
leaf_value=-0.05879732574847011 -0.044078559148744145 0.019965329111999199 -0.040239653258450837 0.053818215745205393 0.053455676791384014 0.052520422201649299 0.003605734638065477 0.05935384069826885 0.040847063006416488 0.046002758203000677 0.052607644483022964 0.04475473056042166 -0.05270250113544072 0.033430474937377323 -0.050071987420208512 -0.066673113999940289 -0.056466888149682183 0.024050694698741718 0.014769415681781249 -0.0097332401330356144 0.021114448370559997 -0.023940077770600733 0.012640889851136617 0.030658286157978346 -0.095906261412383065 -0.025807930089402742 0.029137824856214474 -0.02205985882811444 -0.046099518405753659 0.018740582304858224
leaf_weight=1908.5274573045026 8.9653687029785925 175.4966827420867 124.9159567070601 155.14964804518968 43.967014130204916 96.38579336553812 214.07266895036446 94.39958742633462 1561.3187453367282 34.13257612939924 2.0720068137161425 3.5273368349298826 15.371256821148561 337.39081572555006 202.76493104599649 1.2465440642554302 11.086850484891327 3.6052416258607982 136.87626238400117 207.64388392510591 9.0242425624746812 199.51199022718356 6.2463719537481657 749.55990559293423 1.4782388535095377 7.1041554035618892 233.68688186316285 12.164235029602422 2.8425403945147982 113.78060520661529
leaf_count=836835 3238 3523 38075 189 50 100 12662 63 3123 101 7 13 7068 700 84643 342 3510 408 4552 21828 551 43359 95 3914 67 292 2674 304 78 1686
internal_value=0 0.0317572 -0.0536526 0.0364185 0.00446021 0.0289015 0.000664678 0.0414323 0.0406086 0.0271982 -0.057851 -0.0295611 -0.0302798 0.0395292 -0.0579594 -0.0250925 -0.0232019 -0.0248159 0.00795977 -0.0111548 0.0104599 -0.0230883 0.0309415 0.0302626 -0.0081315 0.0217632 0.0238393 0.0172412 0.0146931 0.0171602
internal_weight=0 4192.66 2481.65 3581.14 611.525 1432.88 567.558 2148.26 2053.86 1336.49 2113.36 368.289 364.762 1898.71 2111.29 239.846 224.475 214.204 350.949 216.609 10.2708 203.117 791.417 757.285 7.72461 545.075 421.348 187.661 123.727 116.623
internal_count=1074050 59239 1014811 16909 42330 12834 42280 4075 4012 12734 921485 93326 93313 3823 921478 55238 48170 47277 17214 25066 893 43767 4177 4076 162 8557 6501 3827 2056 1764
is_linear=0
shrinkage=0.05


Tree=16
num_leaves=31
num_cat=0
split_feature=0 0 0 1 0 0 1 1 3 1 0 2 3 1 2 3 2 0 0 2 2 3 2 3 2 3 3 2 3 3
split_gain=4254.2 207.642 98.8773 60.145 36.6327 30.2141 13.6646 13.1283 11.8345 9.37837 7.43915 6.2767 5.55864 5.16615 5.05659 5.91436 5.03972 5.03688 4.97412 5.34487 4.88269 4.87117 4.77093 4.61628 4.27533 4.25903 4.85367 4.14815 4.61541 4.11349
threshold=0.21467259749339032 0.7740980979447657 0.028320096788767648 1.0000000180025095e-35 0.94875966535953815 0.53809039466125175 1.0000000180025095e-35 1.0000000180025095e-35 227.00000000000003 1.0000000180025095e-35 0.072661120000328969 642.50000000000011 943.50000000000011 1.0000000180025095e-35 149609.00000000003 347071.00000000006 1093855.0000000002 0.0088049481694041625 0.33581906297173442 1741219.0000000002 1807278.0000000002 8.9884656743000007e+307 1455534.0000000002 306006.00000000006 435.50000000000006 59025.000000000007 23978.000000000004 503245.00000000006 6290.5000000000009 8.9884656743000007e+307
decision_type=2 2 2 2 2 2 2 2 2 2 2 2 2 2 2 2 2 2 2 2 2 2 2 2 2 2 2 2 2 2
left_child=2 3 9 5 6 12 20 8 -6 17 13 -7 -2 27 25 -16 -10 -1 -14 22 -3 23 -20 -22 -12 26 -13 28 -4 -21
right_child=1 4 10 -5 7 11 -8 -9 16 -11 24 14 18 -15 15 -17 -18 -19 19 29 21 -23 -24 -25 -26 -27 -28 -29 -30 -31
leaf_value=-0.058125701697050947 -0.053984807292349661 0.029156110674977878 -0.058595839114593817 0.051872249997177149 0.052847241662707982 -0.012901559960752044 0.051495042724236273 0.058709395440789069 0.039334694539774832 0.051948404931407337 -0.054288281849609238 0.01846466804467924 -0.013648304266900446 0.052073084286885278 -0.058563303680691348 0.0088918693076423163 0.031815802873730245 -0.049509933914247406 0.00025895941351831937 -0.071650825513728811 0.020312175606357358 0.021159116080454038 0.037311171771020085 -0.05795941403261378 -0.021351778105553075 0.023541621175552467 -0.008123706066820998 -0.053207457143524609 -0.03026870286006272 -0.013894024286627633
leaf_weight=1843.6846650815278 6.1524695595435324 1012.3831115912762 16.483864887675736 72.209904437884688 151.04031190369278 21.817363296286203 65.515432003885508 91.850247569382191 1617.9918934673769 1.9651469732634712 10.368013231520306 49.577041504904628 130.69950832452741 1.6059691011905659 3.3239237153902641 145.14519836055115 258.4642761638388 186.82374008104671 165.4227921278798 3.4805261170258772 3.6305334473727262 115.9918523884844 9.1694688650313747 3.9152155565097928 198.23265451716725 167.49264202150516 26.253782809944823 35.388019669306232 112.64037570773507 26.976995132630691
leaf_count=836835 2274 7229 7506 77 189 1604 73 63 3304 6 4664 1595 15544 4 428 4589 519 80425 12019 695 63 1038 318 128 41957 3670 1262 14018 29396 2558
internal_value=0 0.0306817 -0.0528762 0.00827591 0.0362664 0.00410908 0.0292916 0.0402204 0.0393828 -0.0572273 -0.0292756 0.0132 -0.00688855 -0.0371702 0.0146535 0.00738168 0.038299 -0.057333 -0.00602553 -0.00116674 0.028011 0.0186268 0.00220492 -0.0203001 -0.0229888 0.0190906 0.00925937 -0.0380414 -0.0338849 -0.0204942
internal_weight=0 4148.5 2407.19 827.722 3320.78 755.512 1201.44 2119.35 2027.5 2032.47 374.719 413.61 341.902 166.118 391.793 148.469 1876.46 2030.51 335.749 205.05 1135.92 123.538 174.592 7.54575 208.601 243.323 75.8308 164.512 129.124 30.4575
internal_count=1074050 59239 1014811 46633 12606 46556 8531 4075 4012 917266 97545 13148 33408 50924 11544 5017 3823 917260 31134 15590 8458 1229 12337 191 46621 6527 2857 50920 36902 3253
is_linear=0
shrinkage=0.05


Tree=17
num_leaves=31
num_cat=0
split_feature=0 0 0 0 1 1 0 1 3 0 1 3 0 0 3 3 2 1 2 3 2 2 3 2 0 3 2 3 2 3
split_gain=3981.03 199.837 97.8335 48.5177 41.5409 21.7656 16.1696 13.5208 11.8047 8.87615 8.80251 6.77939 5.78276 5.75779 5.16413 4.72144 4.37968 4.295 5.11761 5.321 4.10007 4.35798 3.89485 3.73422 3.86397 5.24087 3.59577 7.36595 3.90878 6.74583
threshold=0.21467259749339032 0.68981449621504665 0.030380062479932603 0.94875966535953815 1.0000000180025095e-35 1.0000000180025095e-35 0.48090646582193369 1.0000000180025095e-35 227.00000000000003 0.86620967868038068 1.0000000180025095e-35 3321.0000000000005 0.072661120000328969 0.0088049481694041625 2646.5000000000005 5542.5000000000009 2826.5000000000005 1.0000000180025095e-35 47679.000000000007 18708.000000000004 114529.50000000001 642.50000000000011 867234.50000000012 35772.000000000007 0.061123824279792356 77695.000000000015 7043.5000000000009 1742.0000000000002 7912.0000000000009 28983.500000000004
decision_type=2 2 2 2 2 2 2 2 2 2 2 2 2 2 2 2 2 2 2 2 2 2 2 2 2 2 2 2 2 2
left_child=2 4 10 5 6 9 14 8 -5 -3 13 -4 17 -1 -2 -14 -17 18 23 -20 21 -8 -22 24 -13 -26 -11 -28 29 -29
right_child=1 3 11 7 -6 -7 20 -9 -10 26 -12 12 15 -15 -16 16 -18 -19 19 -21 22 -23 -24 -25 25 -27 27 28 -30 -31
leaf_value=-0.057521670216096957 -0.044897956613520855 0.020441673150391783 -0.053787542416428726 0.051881879081180221 0.050808315609992209 0.05060329844238777 -0.010251052810109115 0.0581321575939042 0.037165752011542423 0.03397889085734495 0.048730323208692812 -0.037425955405542666 0.012978035965150814 -0.048394754798080614 -0.0077600029011367297 -0.057223075746057166 -0.020873831716551362 0.050306806365546346 0.030576860280438448 -0.046004032145192497 -0.031750357890757037 0.014763496745642108 0.0028357686986814797 0.0030086408432290906 -0.052517124890876704 0.016396492441383956 -0.069935045537617355 0.051158822792822939 0.027489052988943781 -0.038531481787597154
leaf_weight=1779.0007362271717 9.7068209845747315 531.61499483371153 24.154186126746936 147.08284003194422 42.78050522506237 91.821830824017525 19.39463549607899 89.302102878689766 1854.0333635795396 235.80696243589045 1.9842085344716895 40.09349818888586 9.831255888740996 191.39217358158203 262.39779487383203 8.6947723943449073 176.64914611287531 1.4921554401516903 2.339760774804744 74.221293939452153 8.8748994564521109 170.29557773587294 98.308099248330109 10.361946385208283 4.0640799808898 8.5905064213147835 1.9696248276159156 3.3080145791172963 530.51592877146322 5.7240609377622604
leaf_count=836835 3523 8557 11885 189 50 100 1531 63 3823 1347 7 11192 747 84643 25815 2973 36893 3 256 25238 1019 5953 4439 1664 1223 1252 54 8 2700 68
internal_value=0 0.0296527 -0.0521517 0.0342718 0.00329202 0.0270712 -0.00028065 0.0390969 0.0382474 0.0254205 -0.0565291 -0.0282011 -0.0263636 -0.0566351 -0.00908483 -0.020788 -0.022579 -0.0340727 -0.0349742 -0.0436637 0.00778898 0.0122059 -2.80101e-05 -0.0244326 -0.0298232 -0.00573544 0.0288255 0.0265814 0.0269338 -0.00568224
internal_weight=0 4102.94 2332.87 3491.18 611.758 1400.76 568.978 2090.42 2001.12 1308.94 1972.38 360.493 336.338 1970.39 272.105 195.175 185.344 141.163 139.671 76.5611 296.873 189.69 107.183 63.11 52.7481 12.6546 777.325 541.518 539.548 9.03208
internal_count=1074050 59239 1014811 16909 42330 12834 42280 4075 4012 12734 921485 93326 81441 921478 29338 40613 39866 40828 40825 25494 12942 7484 5458 15331 13667 2475 4177 2830 2776 76
is_linear=0
shrinkage=0.05


Tree=18
num_leaves=31
num_cat=0
split_feature=0 0 0 1 0 0 1 3 1 1 3 0 0 2 3 2 0 3 0 2 2 2 3 2 3 3 3 2 3 1
split_gain=3732.58 195.976 98.2637 55.9451 28.1318 25.66 14.2616 12.2251 11.9938 8.41279 6.52716 5.88969 5.71249 5.24365 5.06698 7.60769 6.18929 4.71822 4.561 4.77068 4.56478 4.34914 4.12596 4.12587 4.792 4.87028 4.11036 3.88503 4.53074 4.75798
threshold=0.21467259749339032 0.7740980979447657 0.030380062479932603 1.0000000180025095e-35 0.94875966535953815 0.53809039466125175 1.0000000180025095e-35 227.00000000000003 1.0000000180025095e-35 1.0000000180025095e-35 3321.0000000000005 0.0088049481694041625 0.072661120000328969 642.50000000000011 393.00000000000006 156.50000000000003 0.86620967868038068 943.50000000000011 0.33581906297173442 1741219.0000000002 1455534.0000000002 1807278.0000000002 5542.5000000000009 149609.00000000003 867234.50000000012 884755.50000000012 504422.50000000006 47679.000000000007 18708.000000000004 1.0000000180025095e-35
decision_type=2 2 2 2 2 2 2 2 2 2 2 2 2 2 2 2 2 2 2 2 2 2 2 2 2 2 2 2 2 2
left_child=2 3 9 5 8 17 7 -6 14 11 -4 -1 27 -7 -3 16 -16 -2 -19 20 -20 -17 -14 -15 -25 -26 -24 -12 -29 -30
right_child=1 4 10 -5 6 13 -8 -9 -10 -11 12 -13 22 23 15 21 -18 18 19 -21 -22 -23 26 24 25 -27 -28 28 29 -31
leaf_value=-0.056980303659349779 -0.051923297169078446 0.042846748000792551 -0.052968273684112124 0.049990109988352488 0.050961248806918796 -0.01260084247279083 0.057600495128827714 0.035787730969297361 0.049296759451205235 0.04918995089181305 -0.024111666761707781 -0.047617568393551558 0.011331405410046031 0.016748868963387425 -0.052153251720390516 0.027881662640951595 0.011336664333566842 -0.013623032109263498 -0.00049037395640953013 -0.020018390048321361 0.034757914599193716 0.017666229905921052 -0.03129383693806588 -0.023774190580290774 0.059974179530342668 0.0070942224786456958 -0.015951473095593312 0.0272760025146946 -0.044930870056527711 0.046416639254492569
leaf_weight=1717.5781841009157 5.7727541510248548 47.169532559812069 23.29541399658774 69.118795651942492 143.06619882211089 21.540886501898058 86.693219475448132 1840.2329539067578 62.708051785826683 1.9003382916562248 62.352522535977187 186.17477753185085 9.9184077859390509 242.55919788719621 4.9681703441310701 912.41621265839785 16.883007968601305 131.21542819027673 166.22203244105913 30.3152945820475 9.7223440426168946 117.62236309924629 70.313639804779086 12.272548271866979 4.5045395977795115 130.49367532704491 115.14322219919995 2.3581697841873384 72.271065657609142 1.4541885182261456
leaf_count=836835 2274 212 11885 77 189 1604 63 3823 73 7 15331 84643 747 6527 289 6444 284 15544 12019 3253 318 1229 16359 875 12 4130 23507 256 25238 3
internal_value=0 0.028706 -0.0514492 0.00693524 0.0342552 0.00299165 0.03775 0.0368823 0.0280282 -0.0559597 -0.0273796 -0.0560647 -0.0255938 0.0114138 0.0268147 0.0260958 -0.00309865 -0.00710198 -0.00633528 -0.00169905 0.00145738 0.0267151 -0.020088 0.0127408 0.00613929 0.00885869 -0.0217683 -0.0333642 -0.0409469 -0.0431291
internal_weight=0 4055.5 2262.76 823.737 3231.76 754.619 2069.99 1983.3 1161.77 1905.65 357.107 1903.75 333.811 411.371 1099.06 1051.89 21.8512 343.248 337.475 206.26 175.944 1030.04 195.375 389.83 147.271 134.998 185.457 138.436 76.0834 73.7253
internal_count=1074050 59239 1014811 46633 12606 46556 4075 4012 8531 921485 93326 921478 81441 13148 8458 8246 573 33408 31134 15590 12337 7673 40613 11544 5017 4142 39866 40828 25497 25241
is_linear=0
shrinkage=0.05


Tree=19
num_leaves=31
num_cat=0
split_feature=0 0 0 1 0 0 1 3 1 1 0 0 0 2 3 0 2 2 2 2 2 3 2 3 3 2 2 3 3 2
split_gain=3486.93 184.248 98.6523 53.3708 26.2014 23.8697 14.8812 12.5309 11.5377 7.78462 6.88039 5.42653 5.23264 4.41799 4.30806 4.44416 4.15216 4.1486 4.1123 3.8229 3.50344 10.102 8.28189 7.46961 4.56971 8.66577 6.70182 4.85473 4.22403 3.89549
threshold=0.21467259749339032 0.7740980979447657 0.028320096788767648 1.0000000180025095e-35 0.94875966535953815 0.53809039466125175 1.0000000180025095e-35 227.00000000000003 1.0000000180025095e-35 1.0000000180025095e-35 0.061123824279792356 0.0088049481694041625 0.86620967868038068 642.50000000000011 943.50000000000011 0.33581906297173442 1741219.0000000002 435.50000000000006 1455534.0000000002 64.000000000000014 642.50000000000011 8407.0000000000018 370.00000000000006 397.00000000000006 5097.0000000000009 1074.5000000000002 910.00000000000011 7221.0000000000009 3646.0000000000005 2180.0000000000005
decision_type=2 2 2 2 2 2 2 2 2 2 2 2 2 2 2 2 2 2 2 2 2 2 2 2 2 2 2 2 2 2
left_child=2 3 9 5 8 14 7 -6 12 11 -4 -1 -3 19 -2 -16 18 -12 -17 -7 22 24 23 -9 26 -26 -22 29 -24 -27
right_child=1 4 10 -5 6 13 -8 20 -10 -11 17 -13 -14 -15 15 16 -18 -19 -20 -21 21 -23 28 -25 25 27 -28 -29 -30 -31
leaf_value=-0.056494532713390139 -0.05083365319252902 0.020734061755875464 -0.036392158015852036 0.049098654999655461 0.05010143282170057 0.035399997739724749 0.057116542091821348 -0.0042021214196392605 0.0481804255644371 0.047582699344626153 -0.052049458280926442 -0.047134801547144785 0.028225489781187493 0.012095627981350299 -0.013518172593574277 -0.00065900173849499713 -0.018949305646850823 -0.020478159892372304 0.032751763297789421 -0.020796195654287593 0.022214655828611055 0.033334178143105873 -0.020698196307499292 0.03557239502005944 0.062677534719650138 0.013898866294131529 0.043849851181788364 0.055389254873780658 0.018812315403705225 0.042809571450013052
leaf_weight=1651.9869989288418 5.5213077985972623 339.37280213332269 126.18386824113259 67.582174971699715 139.09935088921338 3.6472393631702316 84.083359349519014 12.806171651929615 61.27717699110508 1.8291746005415905 10.908404433808753 170.87678352693911 744.32606680237222 387.05171462055296 130.76175800638157 166.5522937605856 29.944676460756455 225.63346201326931 9.7489168136380595 17.777345427311957 49.17968069203198 1309.5267641756218 11.205155342817308 150.83263946184888 68.745917450636625 23.441870339214802 131.51006401143968 25.544636067003012 17.069501426070929 23.166093813255429
leaf_count=836835 2274 4281 42297 77 189 105 63 80 73 6 5482 80425 4177 11544 15544 12019 3253 49766 318 1499 120 2728 49 358 63 53 243 30 57 42
internal_value=0 0.0277013 -0.0507794 0.00653933 0.0331296 0.00270946 0.0365187 0.035636 0.027073 -0.0555137 -0.0269637 -0.0556171 0.0258795 0.0108722 -0.00702488 -0.00630714 -0.00173528 -0.0219341 0.00118851 -0.0112296 0.0345323 0.0352841 0.0281421 0.0324597 0.0432244 0.049974 0.0379612 0.0378704 0.00315443 0.0282687
internal_weight=0 4009.77 2187.42 818.587 3191.19 751.005 2046.21 1962.13 1144.98 1824.69 362.726 1822.86 1083.7 408.476 342.529 337.008 206.246 236.542 176.301 21.4246 1823.03 1631.12 191.913 163.639 321.588 140.899 180.69 72.1526 28.2747 46.608
internal_count=1074050 59239 1014811 46633 12606 46556 4075 4012 8531 917266 97545 917260 8458 13148 33408 31134 15590 55248 12337 1604 3823 3279 544 438 551 188 363 125 106 95
is_linear=0
shrinkage=0.05


Tree=20
num_leaves=31
num_cat=0
split_feature=0 0 0 1 0 0 1 3 1 1 3 0 0 0 3 0 2 3 3 1 3 2 3 2 2 3 3 2 2 3
split_gain=3276.2 179.972 98.2525 51.7509 29.0743 21.8543 14.7955 11.8105 11.413 7.29709 6.44787 5.68189 5.5672 4.95237 3.93341 4.00778 3.84672 5.10882 4.6619 3.74748 3.65209 7.21783 6.51153 5.17833 6.06132 6.2151 4.56628 4.55331 4.48791 4.13717
threshold=0.21467259749339032 0.7740980979447657 0.028320096788767648 1.0000000180025095e-35 0.94875966535953815 0.53809039466125175 1.0000000180025095e-35 227.00000000000003 1.0000000180025095e-35 1.0000000180025095e-35 3321.0000000000005 0.061123824279792356 0.0088049481694041625 0.86620967868038068 943.50000000000011 0.33581906297173442 435.50000000000006 2635.5000000000005 1830.5000000000002 1.0000000180025095e-35 146963.00000000003 9254.0000000000018 176512.00000000003 2826.5000000000005 642.50000000000011 1742.0000000000002 8407.0000000000018 12669.500000000002 144.50000000000003 5097.0000000000009
decision_type=2 2 2 2 2 2 2 2 2 2 2 2 2 2 2 2 2 2 2 2 2 2 2 2 2 2 2 2 2 2
left_child=2 3 9 5 8 14 7 -6 13 12 -4 19 -1 -3 -2 -16 17 18 -7 -12 21 23 27 24 25 -9 29 -22 -27 -26
right_child=1 4 10 -5 6 16 -8 20 -10 -11 11 -13 -14 -15 15 -17 -18 -19 -20 -21 22 -23 -24 -25 26 28 -28 -29 -30 -31
leaf_value=-0.056049071047052007 -0.049823113304495903 0.019611285359233274 -0.052012686987928249 0.048288814151874832 0.049210240726847529 -0.01507398946203925 0.056697241043179913 0.034623639012988962 0.047083555723299114 0.047611121699678294 -0.034709868181305802 -0.019963834016390087 -0.046430412735810216 0.02693175938479175 -0.01335777420049823 -0.0021672673273358659 0.010972821402916333 -0.063515322552851736 0.055331412970700482 0.046273071930010172 0.03013252088858609 0.043663206291976987 0.031872122355667325 0.027921017224875101 0.037700943867638212 0.032766181007493206 0.033646417654864667 -0.019866877418837567 0.0023124297484800999 0.050945910556586517
leaf_weight=1592.7514751802228 5.325065602984977 336.13857445295434 22.937737321553868 66.066339779645205 135.08025692310184 9.8693402843200619 81.507021296769381 114.92838023230433 59.810637399554253 1.7295713396742929 112.72398582949245 222.59196529403562 166.12504979157529 738.86895953241037 130.79182784169097 206.07068222595262 389.75683871947695 3.9093070058152071 3.0865244499873361 1.446874476969241 8.0473014451563376 225.53515119943768 690.52130364160985 272.90401893761009 123.11493824888021 19.360598511993885 190.94725292827934 10.487669780850409 32.248639933764935 113.13755558710545
leaf_count=836835 2274 4281 12393 77 189 792 63 294 73 6 36968 48180 80425 4177 15544 15590 11823 515 18 4 17 407 1556 559 250 37 353 33 170 147
internal_value=0 0.0268142 -0.0501747 0.00586801 0.0322282 0.00212528 0.0358291 0.0349507 0.0258255 -0.0550397 -0.0263623 -0.0246152 -0.0551406 0.0246428 -0.00718614 -0.00651215 0.0099612 -0.0134176 0.00169895 -0.0336836 0.0338813 0.0356954 0.0310871 0.0336218 0.0362422 0.0281509 0.0393964 0.00184129 0.0137368 0.0440437
internal_weight=0 3967.51 2120.31 814.876 3152.64 748.81 2017.82 1936.31 1134.82 1760.61 359.701 336.763 1758.88 1075.01 342.188 336.863 406.622 16.8652 12.9559 114.171 1801.23 1092.18 709.056 866.641 593.737 166.538 427.2 18.535 51.6092 236.252
internal_count=1074050 59239 1014811 46633 12606 46556 4075 4012 8531 917266 97545 85152 917260 8458 33408 31134 13148 1325 810 36972 3823 2217 1606 1810 1251 501 750 50 207 397
is_linear=0
shrinkage=0.05


Tree=21
num_leaves=31
num_cat=0
split_feature=0 0 0 1 0 0 1 0 3 1 1 3 0 3 2 3 2 3 2 2 2 3 3 2 0 2 2 2 2 3
split_gain=3114.75 184.283 97.3265 50.5784 37.8392 20.3326 13.5361 12.1763 11.9484 11.2501 8.30163 6.14388 5.35293 4.96267 7.34731 5.72242 6.87438 7.51976 4.47896 5.11956 4.05678 4.50992 5.78109 3.84453 3.77629 3.77057 4.77081 3.52766 3.37301 3.87076
threshold=0.21467259749339032 0.7740980979447657 0.01473053741135971 1.0000000180025095e-35 0.94875966535953815 0.60678019017954943 1.0000000180025095e-35 0.061123824279792356 75120.500000000015 1.0000000180025095e-35 1.0000000180025095e-35 152.00000000000003 0.42569895731548962 393.00000000000006 156.50000000000003 397.00000000000006 144.50000000000003 2635.5000000000005 642.50000000000011 64.000000000000014 625678.00000000012 6290.5000000000009 7221.0000000000009 435.50000000000006 0.86620967868038068 159592.50000000003 37282.500000000007 779250.50000000012 72.500000000000014 943.50000000000011
decision_type=2 2 2 2 2 2 2 2 2 2 2 2 2 2 2 2 2 2 2 2 2 2 2 2 2 2 2 2 2 2
left_child=2 3 -1 5 9 12 8 10 11 13 20 -6 -2 -3 15 -15 -17 -18 19 -13 21 -4 -23 -9 -16 26 -20 -5 -21 -30
right_child=1 4 7 27 6 -7 -8 23 -10 -11 -12 18 -14 14 24 16 17 -19 25 28 -22 22 -24 -25 -26 -27 -28 -29 29 -31
leaf_value=-0.055356893340697183 -0.011090490240619899 0.039426799491695648 -0.055936544185340664 0.054607958023379116 0.049133053468722668 0.01107380671788083 0.0562423046810595 -0.05105824216551233 0.030547765178195303 0.045825550611940914 0.046187708967277932 0.047023768677995639 1.6830897089466022e-05 -0.085694985909109636 0.018726287356310732 0.021146452789755309 0.027202371316981055 -0.092320011336280594 0.038705913933251193 0.009164398466842319 -0.052702507167821891 0.043683575109265356 -0.033438273481256324 -0.019873137228163758 0.025327790376195286 0.062315013206479343 0.0074299859970650556 0.028249883049238492 0.045270440023689101 0.02238848301488593
leaf_weight=1617.8379502035532 219.57251360590453 46.02224238589406 23.042868339602137 47.250893525779247 122.61345752701163 315.74267678440083 79.310672722756863 10.335131114276008 805.44668918382376 58.79877370968461 2.9077212586998931 31.841825544834137 214.37333242359455 2.0604087896645096 315.64892529451754 13.562557452358307 2.1754783908836535 3.3308055503293872 779.12755123013631 27.691260658204556 42.376887021484436 2.4721148898242964 142.41796425847861 225.9070728943916 690.57300778059289 16.57155185751617 12.386884560808538 17.357040170580149 26.238034712150693 62.523487528786063
leaf_count=875025 25066 212 12400 40 174 8828 63 5482 1832 73 7 43 12662 128 3881 248 19 178 1438 146 20820 285 51026 49766 3792 24 43 37 53 259
internal_value=0 0.0262435 -0.0496387 0.00507865 0.0318103 0.00142048 0.0360075 -0.0290558 0.0351559 0.0245303 -0.0377184 0.0385958 -0.00560337 0.0233638 0.0226442 -0.00653542 0.00201785 -0.0450979 0.0372448 0.0292574 -0.0388785 -0.0353901 -0.0321224 -0.0212374 0.0232569 0.0387107 0.0382165 0.0475268 0.0243995 0.0291524
internal_weight=0 3910.22 2067.3 814.296 3095.92 749.689 1963.75 449.46 1884.44 1132.17 213.218 1078.99 433.946 1073.37 1027.35 21.1293 19.0688 5.50628 956.381 148.295 210.31 167.933 144.89 236.242 1006.22 808.086 791.514 64.6079 116.453 88.7615
internal_count=1074050 59239 1014811 46633 12606 46556 4075 139786 4012 8531 84538 2180 37728 8458 8246 573 445 197 2006 501 84531 63711 51311 55248 7673 1505 1481 77 458 312
is_linear=0
shrinkage=0.05


Tree=22
num_leaves=31
num_cat=0
split_feature=0 0 0 1 0 0 1 3 0 3 0 1 0 1 2 0 3 2 2 1 2 3 3 2 2 3 2 3 2 2
split_gain=2944.69 183.476 95.2691 56.6316 41.0333 23.0239 13.0136 12.1088 6.4113 6.08588 5.70743 5.10351 4.89192 4.59385 4.34052 3.52931 3.3398 10.2334 3.4029 3.31582 3.67689 3.84935 3.23062 3.0936 3.2162 3.89058 3.84043 3.37189 3.36827 7.18415
threshold=0.21467259749339032 0.86620967868038068 0.028320096788767648 1.0000000180025095e-35 0.60678019017954943 0.94875966535953815 1.0000000180025095e-35 214357.50000000003 0.0088049481694041625 152.00000000000003 0.072661120000328969 1.0000000180025095e-35 0.37969951586789719 1.0000000180025095e-35 159592.50000000003 0.7740980979447657 393.00000000000006 4151.5000000000009 4745.5000000000009 1.0000000180025095e-35 625678.00000000012 6290.5000000000009 647.50000000000011 435.50000000000006 783.00000000000011 504422.50000000006 580687.00000000012 3646.0000000000005 145340.50000000003 159592.50000000003
decision_type=2 2 2 2 2 2 2 2 2 2 2 2 2 2 2 2 2 2 2 2 2 2 2 2 2 2 2 2 2 2
left_child=2 3 8 4 12 11 7 9 16 -7 19 -3 -2 -10 -11 22 17 -1 -19 20 21 -4 -6 -12 27 -26 28 -25 -27 -30
right_child=1 5 10 -5 15 6 -8 -9 13 14 23 -13 -14 -15 -16 -17 -18 18 -20 -21 -22 -23 -24 24 25 26 -28 -29 29 -31
leaf_value=-0.055086424806313539 -0.012323972779212718 0.024463975540640281 -0.0550327623840293 0.049209218077708727 -0.022591500496783136 0.048372506165715951 0.055742214229071711 0.029195983931808358 -0.04548396144252824 0.036047931270946833 -0.049739786790325063 0.04325967484379304 -0.0015411658301303756 0.044292430309306095 0.057093039947195758 0.017484996679906516 -0.055437328851594539 0.08965628665424101 -0.055098706280775914 0.044262252164702059 -0.050392134739166622 -0.026911716789499013 0.010888587134430307 -0.047059834901368947 -0.029231709289962444 -0.020721113921808906 -0.025589998404282627 0.027852893922915279 0.050143470663766745 -0.0070538868343943718
leaf_weight=7.8820215060841274 178.01061168027809 733.24403003207408 13.717071111052062 81.237285272218287 7.3777944030007339 120.51792477723211 77.085102960467339 637.3625457379967 157.37623240827816 1065.2540245596319 8.5361837219970749 37.986369259655476 257.11037947476143 1.4379473365843285 25.077528292313218 333.04358526156284 1480.1772124504932 2.0187034615373709 0.50820578305865627 1.3725914321839798 27.295321658835746 107.84658411730197 308.20797373284586 1.94054727439652 74.596752927318448 26.613023865211289 46.464373579015955 6.6484632707433775 6.5448110786383031 34.059490215266123
leaf_count=4920 20988 4177 7506 101 553 174 63 1483 80425 2312 4664 49 16740 3 43 4281 831477 113 328 4 12957 30457 8275 805 17783 5640 11523 278 336 5592
internal_value=0 0.0255259 -0.0491605 0.0089444 0.00592617 0.0326896 0.0356137 0.0347742 -0.0542213 0.0377105 -0.0256887 0.0253897 -0.00595248 -0.0446711 0.036532 0.0138947 -0.0552389 -0.0270157 0.0605435 -0.0330952 -0.0338085 -0.0300849 0.0101059 -0.0202716 -0.0189939 -0.0203589 -0.0145366 0.0109276 -0.0068959 0.00216548
internal_weight=0 3861.52 2005.04 1164.99 1083.75 2696.53 1925.3 1848.21 1649.4 1210.85 355.635 771.23 435.121 158.814 1090.33 648.629 1490.59 10.4089 2.52691 150.232 148.859 121.564 315.586 205.404 196.867 188.278 113.682 8.58901 67.2173 40.6043
internal_count=1074050 59239 1014811 50938 50837 8301 4075 4012 917266 2529 97545 4226 37728 80428 2355 13109 836838 5361 441 50924 50920 37963 8828 46621 41957 40874 23091 1083 11568 5928
is_linear=0
shrinkage=0.05


Tree=23
num_leaves=31
num_cat=0
split_feature=0 0 0 1 0 0 1 0 2 1 3 3 3 2 3 1 0 2 3 3 0 2 2 3 2 3 2 2 3 3
split_gain=2764.01 179.311 95.2936 55.4728 37.6353 23.4721 13.0844 11.2856 10.6616 6.90891 5.72648 5.24261 5.23168 7.82516 4.80786 4.71169 4.58089 3.55995 4.13385 4.9818 3.4726 3.3669 3.33785 7.42768 11.897 6.93081 6.28931 5.11144 4.2968 3.92334
threshold=0.21467259749339032 0.86620967868038068 0.01473053741135971 1.0000000180025095e-35 0.60678019017954943 0.94875966535953815 1.0000000180025095e-35 0.061123824279792356 2826.5000000000005 1.0000000180025095e-35 152.00000000000003 1739.5000000000002 214357.50000000003 7386.5000000000009 32244.500000000004 1.0000000180025095e-35 0.42569895731548962 625678.00000000012 6290.5000000000009 7221.0000000000009 0.7740980979447657 435.50000000000006 21207.500000000004 235368.50000000003 60368.000000000007 115433.50000000001 33774.000000000007 19896.000000000004 161898.50000000003 272900.50000000006
decision_type=2 2 2 2 2 2 2 2 2 2 2 2 2 2 2 2 2 2 2 2 2 2 2 2 2 2 2 2 2 2
left_child=2 3 -1 4 16 15 8 9 10 17 -7 -10 13 14 -13 22 -2 18 -4 -20 -6 -9 27 24 25 -24 -27 -3 -26 -25
right_child=1 5 7 -5 20 6 -8 21 11 -11 -12 12 -14 -15 -16 -17 -18 -19 19 -21 -22 -23 23 29 28 26 -28 -29 -30 -31
leaf_value=-0.054618732641432445 -0.01115026132785118 0.026157934098312186 -0.055004088064518002 0.048526217000632414 0.0091984428466839584 0.048932346304349984 0.055363632013138667 -0.049480344021427466 -0.0018435166670943172 0.042697211614605851 0.036801326968224725 0.033128249719962609 0.02815503370282034 0.040054486673822387 0.016694060030810459 0.042039499416579598 -0.00087697956332884153 -0.051284815534402686 0.038809515736172709 -0.032621900712953449 0.016545563290151635 -0.01931541043069572 0.039178187537212306 0.050972137905867125 -0.075102673419554913 -0.035125877829186046 0.017763705631168494 0.060951097563300485 -0.0033873800967820209 0.022051218408999221
leaf_weight=1500.7863221789303 219.70440608946956 317.96355355717242 21.285939890542068 79.714624328538775 313.03331668337341 116.44872379302979 74.618797950446606 9.6499438210739736 12.059016302227972 2.7044806517660609 591.05132729606703 123.35746179148555 599.23044765181839 306.23517327010632 69.620486035011709 36.307150058448315 214.40254472705419 39.13305951008806 2.4849782476667306 137.57725864485838 330.76552238431759 223.47439067222876 16.213081158697605 12.147965695708988 5.8270317213609797 9.3532651737332362 14.085682811215518 10.918371189385651 3.2555364249274135 338.07472803816199
leaf_count=875025 25066 1886 12400 101 8828 169 63 5482 63 7 1323 233 1429 589 206 49 12662 20820 285 51026 4281 49766 80 37 119 69 67 28 25 1866
internal_value=0 0.0247009 -0.0486392 0.00827783 0.00530133 0.0318569 0.0348431 -0.0280714 0.0340009 -0.036685 0.038798 0.0309446 0.0313046 0.0350851 0.0271993 0.0244606 -0.00607636 -0.0377558 -0.0344745 -0.0313546 0.0129732 -0.0205641 0.0235837 0.0205094 0.00222056 0.014044 -0.00334178 0.027313 -0.0493972 0.0230544
internal_weight=0 3814.39 1937.1 1157.62 1077.91 2656.77 1892.62 436.31 1818 203.186 707.5 1110.5 1098.44 499.213 192.978 764.146 434.107 200.481 161.348 140.062 643.799 233.124 727.839 398.957 48.7346 39.652 23.4389 328.882 9.08257 350.223
internal_count=1074050 59239 1014811 50938 50837 8301 4075 139786 4012 84538 1492 2520 2457 1028 439 4226 37728 84531 63711 51311 13109 55248 4177 2263 360 216 136 1914 144 1903
is_linear=0
shrinkage=0.05


Tree=24
num_leaves=31
num_cat=0
split_feature=0 0 0 1 0 0 1 3 0 3 3 0 0 2 3 3 1 1 3 2 0 3 2 2 3 1 3 2 2 2
split_gain=2643.72 193.896 93.5564 54.6992 35.6318 18.6897 12.6052 11.7466 7.01317 5.79588 4.92259 4.2514 4.23081 4.03799 5.96345 5.72943 3.73309 3.55003 3.49078 3.42991 3.39072 3.34239 3.69621 3.26521 4.55981 3.39749 3.14889 3.07523 2.9241 2.87428
threshold=0.21467259749339032 0.86620967868038068 0.030380062479932603 1.0000000180025095e-35 0.60678019017954943 0.94875966535953815 1.0000000180025095e-35 102244.00000000001 0.01473053741135971 152.00000000000003 3321.0000000000005 0.072661120000328969 0.33581906297173442 642.50000000000011 1326.5000000000002 397.00000000000006 1.0000000180025095e-35 1.0000000180025095e-35 2646.5000000000005 159592.50000000003 0.7740980979447657 5542.5000000000009 2826.5000000000005 47679.000000000007 18708.000000000004 1.0000000180025095e-35 647.50000000000011 2826.5000000000005 46659.500000000007 1288875.0000000002
decision_type=2 2 2 2 2 2 2 2 2 2 2 2 2 2 2 2 2 2 2 2 2 2 2 2 2 2 2 2 2 2
left_child=2 3 8 4 12 17 7 9 -1 -7 -4 23 -2 14 15 -11 -10 29 -16 -15 26 -13 -23 28 -25 -26 -6 -9 -12 -3
right_child=1 5 10 -5 20 6 -8 27 16 13 11 21 -14 19 18 -17 -18 -19 -20 -21 -22 22 -24 24 25 -27 -28 -29 -30 -31
leaf_value=-0.054310753613227659 -0.014013816651339063 0.02554989244165656 -0.048936231092183702 0.04777670137445756 -0.024523615251142047 0.047647550923481573 0.054994471758488067 0.043783868769970147 -0.041343727940303353 0.0015369502309803347 -0.023526801243368024 0.0098765320123800019 -0.0033703156517132177 0.03654166245775109 0.0001415550067275002 0.040981704151269879 0.041438055241238669 0.04054929263835233 0.026092223780238323 0.057421584698385209 0.015355535659705523 -0.05292416156795407 -0.018409891704856515 0.029109314417018414 -0.041707664859686411 0.041467790910553401 0.0088723670057993132 0.0279917694256165 0.041927066792781964 0.01579713444651789
leaf_weight=1455.9495115453756 135.13790263800183 618.24244727287441 19.505576551746344 77.757557645440102 7.224755799630656 114.22528002876788 72.343729108572006 32.297876706812531 91.01222012656217 10.526829186361281 57.721351487911306 9.9113927879952808 302.06605435017264 804.37568006664515 23.352613504976034 73.372734651900828 1.3825678713619698 35.564055405557156 29.115686942823231 20.161180423572659 331.35649730241857 8.1144085321284347 176.15764900529757 2.4674676221911787 64.497432311036391 1.2515691518783558 306.63674898038153 677.13911979459226 1.7583023917977687 86.063122326042503
leaf_count=875025 16655 3506 11885 101 553 174 63 59 46456 81 15194 747 21073 1600 131 170 4 49 119 33 4281 2973 36893 256 25238 3 8275 1645 137 671
internal_value=0 0.024264 -0.0482391 0.00727018 0.00436033 0.0318565 0.034534 0.0337046 -0.0534631 0.0369998 -0.0245462 -0.0230682 -0.00666018 0.0357341 0.027764 0.0360326 -0.040105 0.0251364 0.0145421 0.0370522 0.0118279 -0.0184084 -0.0199297 -0.0301543 -0.0376201 -0.0401244 0.00810363 0.0287107 -0.0215919 0.0243581
internal_weight=0 3756.96 1889.73 1160.18 1082.42 2596.78 1856.91 1784.57 1548.34 1075.13 341.385 321.88 437.204 960.905 136.368 83.8996 92.3948 739.87 52.4683 824.537 645.218 194.183 184.272 127.696 68.2165 65.749 313.862 709.437 59.4797 704.306
internal_count=1074050 59239 1014811 50938 50837 8301 4075 4012 921485 2308 93326 81441 37728 2134 501 251 46460 4226 250 1633 13109 40613 39866 40828 25497 25241 8828 1704 15331 4177
is_linear=0
shrinkage=0.05


Tree=25
num_leaves=31
num_cat=0
split_feature=0 0 0 1 0 0 1 3 0 1 3 0 2 2 3 3 2 3 3 3 3 2 1 2 2 2 3 3 3 2
split_gain=2491.18 191.032 93.476 53.0358 33.1694 20.7827 12.3895 11.5891 10.2757 6.02029 5.9667 4.02006 3.71584 3.40093 3.96974 4.2472 3.23713 5.93612 5.63624 4.95422 4.35644 3.8672 3.15834 3.21817 2.95623 2.88487 2.85272 3.28088 4.99631 2.81172
threshold=0.21467259749339032 0.86620967868038068 0.01473053741135971 1.0000000180025095e-35 0.60678019017954943 0.94875966535953815 1.0000000180025095e-35 214357.50000000003 0.061123824279792356 1.0000000180025095e-35 227.00000000000003 0.42569895731548962 159592.50000000003 625678.00000000012 6290.5000000000009 7221.0000000000009 219020.50000000003 193655.50000000003 49821.500000000007 33530.500000000007 40642.000000000007 11901.500000000002 1.0000000180025095e-35 219020.50000000003 435.50000000000006 2826.5000000000005 393.00000000000006 3014.0000000000005 6000.5000000000009 370.00000000000006
decision_type=2 2 2 2 2 2 2 2 2 2 2 2 2 2 2 2 2 2 2 2 2 2 2 2 2 2 2 2 2 2
left_child=2 3 -1 4 11 22 7 10 9 13 -7 -2 -12 14 -4 -16 18 -18 19 29 -21 -22 26 -24 -10 -9 -3 -28 -29 -6
right_child=1 5 8 -5 16 6 -8 25 24 -11 12 -13 -14 -15 15 -17 17 -19 -20 20 21 -23 23 -25 -26 -27 27 28 -30 -31
leaf_value=-0.054013620476659654 -0.011563350563662117 0.038450071524665751 -0.054288046123717064 0.047181322482676494 -0.0061740732146799617 0.046678614641650573 0.05464282317091556 0.043454928524304472 -0.048184801996536769 0.040706379841082982 0.034468873428706068 -0.0019584889681683129 0.054238729704662016 -0.050431183758259251 0.034235574580942861 -0.031675973101992883 -0.062262920384926361 0.0069562729760713682 0.017859287152016023 -0.045216483850759812 0.01997952628184305 -0.066765093041539256 0.056639855326863824 0.025699277975492991 -0.019050851484593831 0.026912758821134281 0.0089385995960496577 0.039865811673154221 0.022339390637427056 0.01232892477522095
leaf_weight=1400.6922059774224 220.96905847045127 29.902103550732136 20.075414741848363 75.44167606625706 24.848916266229935 121.16495355591178 70.121068872511387 27.601026322226971 9.06100978112954 2.5412169694900504 994.06047632358968 214.87895435420796 24.350064085796475 36.798390538213425 2.4896929334790903 133.4849325526302 3.1450738641433409 204.10934288916178 273.90385061549023 8.3413120871409792 7.4252844396978599 1.5536916995188219 14.62714586406946 19.753784440457821 223.01019995211391 584.3205942735076 40.872915609972551 43.701680827885866 584.87483199080452 118.18070440739393
leaf_count=875025 25066 101 12400 101 1120 189 63 54 5482 7 2297 12662 43 20820 285 51026 265 4165 4393 362 125 68 15 34 49766 1429 474 193 3409 2611
internal_value=0 0.02355 -0.0477678 0.00665362 0.00381568 0.0311724 0.0340342 0.0332092 -0.0273016 -0.0357502 0.0361895 -0.00682802 0.0349416 -0.0367577 -0.0335334 -0.0304691 0.0110471 0.00590588 0.0135009 0.006056 -0.0191997 0.00496953 0.0240676 0.0388627 -0.0201884 0.0276589 0.0233402 0.0226653 0.0235579 0.00911435
internal_weight=0 3708.15 1828.15 1152.8 1077.36 2555.35 1821.62 1751.5 427.461 195.39 1139.58 435.848 1018.41 192.848 156.05 135.975 641.508 207.254 434.254 160.35 17.3203 8.97898 733.732 34.3809 232.071 611.922 699.352 669.449 628.577 143.03
internal_count=1074050 59239 1014811 50938 50837 8301 4075 4012 139786 84538 2529 37728 2340 84531 63711 51311 13109 4430 8679 4286 555 193 4226 49 55248 1483 4177 4076 3602 3731
is_linear=0
shrinkage=0.05


Tree=26
num_leaves=31
num_cat=0
split_feature=0 0 0 1 0 0 1 3 0 1 3 1 0 0 3 3 2 2 2 3 2 2 3 3 2 2 2 2 3 3
split_gain=2353.49 192.406 83.1242 51.8815 34.2153 18.5024 12.5953 9.49358 8.23128 5.62432 5.50118 4.50189 4.02651 3.93429 3.63416 6.26708 3.92296 7.64645 3.68227 8.28295 4.78955 3.26668 3.82331 3.72627 3.20665 5.46243 3.70244 3.3175 5.73856 4.89081
threshold=0.19204907757119541 0.86620967868038068 0.01473053741135971 1.0000000180025095e-35 0.60678019017954943 0.94875966535953815 1.0000000180025095e-35 75120.500000000015 0.061123824279792356 1.0000000180025095e-35 152.00000000000003 1.0000000180025095e-35 0.7740980979447657 0.37969951586789719 3197.5000000000005 2635.5000000000005 642.50000000000011 370.00000000000006 910.00000000000011 5097.0000000000009 8945.0000000000018 625678.00000000012 6290.5000000000009 7221.0000000000009 425782.50000000006 550920.50000000012 281246.00000000006 103185.00000000001 597756.50000000012 444358.50000000006
decision_type=2 2 2 2 2 2 2 2 2 2 2 2 2 2 2 2 2 2 2 2 2 2 2 2 2 2 2 2 2 2
left_child=2 3 -1 4 13 11 7 10 9 21 -7 -3 -6 -2 15 -12 17 -17 19 -16 -20 22 -4 -24 26 -26 27 28 29 -9
right_child=1 5 8 -5 12 6 -8 24 -10 -11 14 -13 -14 -15 18 16 -18 -19 20 -21 -22 -23 23 -25 25 -27 -28 -29 -30 -31
leaf_value=-0.053732841763369094 -0.012479582096516948 0.022832984335856732 -0.05387184843856168 0.046509266116829061 0.0066191654341179341 0.046127405210829031 0.054309934553151668 0.029352184232344349 -0.020832594522524488 0.040064824510514886 0.031539798924182592 0.041766483314692668 0.014588353521585174 -0.0031509704728682601 0.027394146333301866 -0.096000430251761457 0.013905290719546264 0.036601113235168896 0.031672638649411625 0.05653014794086178 0.042027867265654092 -0.049903022043893026 0.030388823808940653 -0.031190663880489966 -0.011382074664261034 0.025339104317215685 0.044266956099028407 0.020374492578557418 0.041673391530702569 0.0025751497789378085
leaf_weight=1348.3406350281584 201.77469063503668 689.57950039440766 19.248500866087852 73.630674513056874 311.68567277770489 109.58649140782654 67.808382146060467 203.23421275056899 207.33494471109589 2.4485648833215228 179.15800286689773 32.893501363694668 322.51631619199179 256.96239623922156 40.848065678030252 2.5034194644540575 18.821664705872536 1.9217675924301145 416.24293930735439 60.553250571712852 152.60302845109254 35.35232992125384 2.5035465601831666 131.12401300331112 10.500809725373982 284.69289240241051 45.478871069848537 83.967179287225008 97.224820231087506 18.614714082330465
leaf_count=875025 25232 4177 12400 101 8828 174 63 515 51004 7 524 49 4281 16740 129 49 45 10 906 90 253 20820 285 51026 48 643 94 252 218 62
internal_value=0 0.0226692 -0.0478061 0.00588464 0.00314778 0.0304509 0.0331719 0.0323414 -0.0277281 -0.0352261 0.0355682 0.023695 0.0106718 -0.00725414 0.0342422 0.0283706 0.00394592 -0.0384143 0.0360153 0.0447931 0.0344506 -0.0362055 -0.033038 -0.030037 0.0280798 0.0240328 0.0307433 0.0292173 0.0315444 0.0271054
internal_weight=0 3682.8 1746.35 1166.57 1092.94 2516.23 1793.76 1725.95 398.012 190.677 982.239 722.473 634.202 458.737 872.652 202.405 23.2469 4.42519 670.247 101.401 568.846 188.228 152.876 133.628 743.713 295.194 448.52 403.041 319.074 221.849
internal_count=1074050 63483 1010567 55182 55081 8301 4075 4012 135542 84538 2180 4226 13109 41972 2006 628 104 59 1378 219 1159 84531 63711 51311 1832 691 1141 1047 795 577
is_linear=0
shrinkage=0.05


Tree=27
num_leaves=31
num_cat=0
split_feature=0 0 0 1 0 0 1 2 3 0 1 2 0 2 0 2 2 2 0 2 2 2 3 3 3 2 2 2 2 3
split_gain=2226.11 206.785 65.648 52.0274 34.6535 21.6375 12.1207 9.38215 6.25673 5.59891 4.63031 4.58996 4.17133 3.87967 3.68226 3.10062 4.74183 4.54377 4.387 4.38026 3.01414 3.46184 2.89886 2.87104 4.1193 6.14312 3.92696 7.27156 3.35505 4.67473
threshold=0.15548050853772452 0.86620967868038068 0.01473053741135971 1.0000000180025095e-35 0.60678019017954943 0.94875966535953815 1.0000000180025095e-35 329564.50000000006 227.00000000000003 0.043984350660107828 1.0000000180025095e-35 642.50000000000011 0.37969951586789719 294861.50000000006 0.7740980979447657 39144.500000000007 15662.500000000002 19896.000000000004 0.015648289052542671 38516.000000000007 23.500000000000004 593.00000000000011 132526.00000000003 104441.00000000001 174210.00000000003 9254.0000000000018 54051.500000000007 63181.500000000007 15662.500000000002 126445.00000000001
decision_type=2 2 2 2 2 2 2 2 2 2 2 2 2 2 2 2 2 2 2 2 2 2 2 2 2 2 2 2 2 2
left_child=2 3 -1 4 11 10 7 8 20 15 23 -2 -13 -10 -6 16 18 22 -4 -19 -7 -22 -18 26 25 -25 -3 -28 -27 -30
right_child=1 5 9 -5 14 6 -8 -9 13 -11 -12 12 -14 -15 -16 -17 17 19 -20 -21 21 -23 -24 24 -26 28 27 -29 29 -31
leaf_value=-0.053460393470107032 -0.028344298267809577 0.026486412711552595 0.010538951388598686 0.045796530136287969 0.0059150550390822997 0.030686347792406872 0.053957248701282823 0.024346692142407013 0.032508000441504079 -0.023993209124526706 0.041173184278391381 -0.011533039817046677 -0.0021368214819098112 0.054408743431801167 0.013554211423607502 -0.044066075695560064 -0.054397302930527018 -0.036598140753228016 -0.042585972491083895 0.059157408858886845 0.055507243245322371 0.032822873377030527 0.037525718860897769 -0.060311151719347603 0.020490070201764819 0.034666890538936117 0.060666613952729626 -0.064591769575738936 0.027576888410425555 -0.024856057559658029
leaf_weight=1297.6754052899923 25.866568844212452 271.15640305564739 4.2781710951239793 72.196454387158155 310.22847544413526 27.740390731953084 65.877783004194498 317.23166048759595 1236.7724612359889 212.6189007590292 32.087061405181885 230.28151303800405 242.4975468479679 20.557810172438622 320.94557128613815 72.34417618731095 1.0031148535781564 11.134347776795035 42.400402286701137 1.337791797937826 64.632259508594871 22.734857896342874 5.9151675850152969 3.5720295794308212 378.99659737478942 8.8427836047485489 1.8368999622762192 3.1379929753020406 7.2623304389417198 10.251851733773945
leaf_count=875025 5998 1635 1356 105 8828 62 63 754 3037 59530 49 29705 14767 32 4281 38453 571 4984 21204 72 84 43 870 58 2176 48 6 95 40 119
internal_value=0 0.0216575 -0.0482712 0.00464581 0.00201624 0.0299272 0.0329166 0.0320963 0.0338876 -0.0290881 0.0226092 -0.0078356 -0.00671354 0.0328661 0.00979949 -0.0369145 -0.0290836 -0.00830059 -0.037717 -0.0263272 0.0450451 0.0496043 0.0241974 0.0217397 0.0190798 0.00122191 0.0256788 -0.0183421 0.00956118 -0.00311451
internal_weight=0 3674.71 1648.71 1202.02 1129.82 2472.69 1755.55 1689.67 1372.44 351.032 717.144 498.646 472.779 1257.33 631.174 138.413 66.069 19.3904 46.6786 12.4721 115.108 87.3671 6.91828 685.057 408.926 29.929 276.131 4.97489 26.357 17.5142
internal_count=1074050 71985 1002065 63684 63579 8301 4075 4012 3258 127040 4226 50470 44472 3069 13109 67510 29057 6497 22560 5056 189 127 1441 4177 2441 265 1736 101 207 159
is_linear=0
shrinkage=0.05


Tree=28
num_leaves=31
num_cat=0
split_feature=0 0 0 1 0 0 1 3 2 0 1 2 2 0 0 2 2 2 2 2 3 2 2 3 3 2 3 3 2 3
split_gain=2104.14 202.163 65.3185 49.6113 32.7507 19.5172 12.2445 10.3897 6.60156 5.69605 4.15251 4.02901 3.65696 3.62459 3.35396 2.88331 2.86122 2.98809 3.62929 2.92827 2.80646 8.9016 2.82095 2.7797 3.81117 2.70674 3.78108 4.14198 2.61017 2.7756
threshold=0.15548050853772452 0.86620967868038068 0.01473053741135971 1.0000000180025095e-35 0.60678019017954943 0.94875966535953815 1.0000000180025095e-35 227.00000000000003 1093855.0000000002 0.043984350660107828 1.0000000180025095e-35 642.50000000000011 1159668.5000000002 0.7740980979447657 0.37969951586789719 625678.00000000012 642.50000000000011 219020.50000000003 356018.00000000006 593143.50000000012 393.00000000000006 4151.5000000000009 4745.5000000000009 6000.5000000000009 7221.0000000000009 1288875.0000000002 979569.00000000012 317226.50000000006 783.00000000000011 5097.0000000000009
decision_type=2 2 2 2 2 2 2 2 2 2 2 2 2 2 2 2 2 2 2 2 2 2 2 2 2 2 2 2 2 2
left_child=2 3 20 4 11 10 7 -7 -9 15 25 -2 -5 16 28 23 -6 -18 -19 -20 21 -1 -23 -4 -25 -3 27 -27 29 -13
right_child=1 5 9 12 13 6 -8 8 -10 -11 -12 14 -14 -15 -16 -17 17 18 19 -21 -22 22 -24 24 -26 26 -28 -29 -30 -31
leaf_value=-0.054291452004477596 -0.02729626348238175 0.022650190084398596 -0.053995618660197559 0.050458246983764922 -0.014948234506749493 0.046232387031093274 0.053676559815671022 0.031668864871616333 0.022488617039330173 -0.023523127824594037 0.040057359754234807 -0.038924869708820038 0.021689420979885628 0.012993857340973783 -0.0027504036849514968 -0.051921486747426464 0.010235896734781709 -0.028763164858126591 0.021769316243709577 -0.001427374131868858 -0.053422838991200344 0.084632951921884025 -0.053435816968107758 0.030323152761253511 -0.031770637686525487 0.015178896798804218 0.015454126772037145 -0.083961423014664416 -0.011867780670326698 0.056841583587898585
leaf_weight=7.0020714968704834 25.447626397653949 587.91638877033256 13.973874211151267 56.903238974511623 16.366708242276218 109.70975977927446 63.829747643321753 1324.8348290659487 229.79660453880206 210.98808362486307 31.433741703629494 1.0493293218605679 13.707183402962981 319.27649853134062 241.26462137285853 25.243149598580203 190.33173516904935 10.135611530276945 16.604412287706509 75.316292582196184 1238.5653065504885 1.9082608353346588 0.45892173569882277 2.5388665348582427 92.671907345022191 2.1608165688812724 77.836701335851103 2.0559193016961217 226.88894770477782 2.7122381352819502
leaf_count=5557 5998 3506 9694 65 1088 189 63 3304 519 59530 49 193 40 4281 14767 16503 4695 395 342 2308 868994 115 359 419 40894 30 589 52 29505 7
internal_value=0 0.0210467 -0.0478905 0.00421873 0.00166793 0.0293306 0.0321855 0.0313613 0.0303119 -0.0286482 0.0222962 -0.00791685 0.0448735 0.0092585 -0.00687183 -0.0366922 0.00539584 0.00653462 -0.000368131 0.00276284 -0.0532166 -0.0259544 0.0578658 -0.0331712 -0.0301149 0.0214629 0.0129559 -0.0331581 -0.0111829 0.0301265
internal_weight=0 3625.58 1593.35 1196 1125.39 2429.57 1728.17 1664.34 1554.63 345.416 701.404 497.363 70.6104 628.031 471.915 134.428 308.755 292.388 102.056 91.9207 1247.93 9.36925 2.36718 109.185 95.2108 669.97 82.0534 4.21674 230.651 3.76157
internal_count=1074050 71985 1002065 63684 63579 8301 4075 4012 3823 127040 4226 50470 105 13109 44472 67510 8828 7740 3045 2650 875025 6031 474 51007 41313 4177 671 82 29705 200
is_linear=0
shrinkage=0.05


Tree=29
num_leaves=31
num_cat=0
split_feature=0 0 0 1 0 0 1 3 1 0 2 1 3 0 2 3 0 3 0 3 0 3 3 3 3 3 3 3 2 3
split_gain=1979.13 192.406 65.7119 48.1075 30.7663 18.9339 12.3966 10.6133 5.44402 6.0235 5.3985 4.08269 3.72488 3.39377 3.37208 3.35849 3.29502 3.22809 2.78035 3.37531 6.98581 2.70342 3.65422 5.82705 3.52093 8.63124 4.75815 3.16476 6.96065 2.59903
threshold=0.15548050853772452 0.86620967868038068 0.01473053741135971 1.0000000180025095e-35 0.60678019017954943 0.94875966535953815 1.0000000180025095e-35 152.00000000000003 1.0000000180025095e-35 0.061123824279792356 1093855.0000000002 1.0000000180025095e-35 647.50000000000011 0.7740980979447657 1288875.0000000002 6290.5000000000009 0.33581906297173442 7221.0000000000009 0.0019437620776660012 393.00000000000006 0.0021963867857682511 393.00000000000006 3197.5000000000005 6000.5000000000009 21284.000000000004 28983.500000000004 15838.500000000002 9157.0000000000018 1599.5000000000002 647.50000000000011
decision_type=2 2 2 2 2 2 2 2 2 2 2 2 2 2 2 2 2 2 2 2 2 2 2 2 2 2 2 2 2 2
left_child=2 3 18 4 12 11 7 -7 9 14 -9 21 -2 29 15 -4 -14 -17 -1 20 -20 -3 -23 -24 26 -26 27 28 -25 -6
right_child=1 5 8 -5 13 6 -8 10 -10 -11 -12 -13 16 -15 -16 17 -18 -19 19 -21 -22 22 23 24 25 -27 -28 -29 -30 -31
leaf_value=-0.05419701956532174 -0.042605644886330306 0.03589754777134941 -0.052971774210910295 0.044823885313007142 -0.024456995624737174 0.046364465036536948 0.053349712436633001 0.030726953759028071 0.043139186746148361 -0.021674238619849535 0.022366883139572111 0.039345512343269114 -0.0124142112771638 0.012416408190375124 -0.052300231135995329 0.026038148854448252 -0.0040140060765280353 -0.030663863292942458 0.07196483393562611 -0.048982987772265625 -0.053240751419557732 0.0052698271259657 0.039970240150103732 -0.078298405794858125 0.05094743291473891 0.01957613183187128 -0.022190101516570599 0.022790420318298948 0.015797618249147563 0.0057556810442871966
leaf_weight=962.21943928275141 7.61522653340944 28.066378082148731 17.333274484975846 67.659265491180122 7.2922646100632837 99.302535976283252 61.698887724429369 1316.0995036154054 2.6627564579248419 161.52561236587644 226.31005739094689 30.765302173793316 194.18270796150318 317.4815451457398 24.418352701686672 2.5592694725492029 292.71584955358412 130.6073558494536 1.7790253992425267 228.87728571410116 2.9805338474252494 39.281287827761844 37.958233465440571 2.6863629100844246 22.9734344817698 480.62949372176081 10.791909486055372 31.723239503800869 7.3230029130354524 298.27767875324935
leaf_count=697189 3041 101 12400 105 553 174 63 3319 13 42496 519 49 27605 4281 16457 285 19824 55389 171 175138 2527 491 176 38 78 2953 112 180 48 8275
internal_value=0 0.0203614 -0.0475 0.00388377 0.00140518 0.0285137 0.0313473 0.0305204 -0.0280727 -0.0286363 0.0295003 0.0215406 -0.00790684 0.0087961 -0.0350652 -0.0322689 -0.00736414 -0.0295741 -0.053009 -0.0481163 -0.00644148 0.0207124 0.0200395 0.0210161 0.0197224 0.0210072 0.00740341 0.0150562 -0.00945634 0.00503467
internal_weight=0 3580.83 1534.96 1185.22 1117.57 2395.61 1703.41 1641.71 339.107 336.444 1542.41 692.199 494.514 623.051 174.918 150.5 486.899 133.167 1195.86 233.637 4.75956 661.433 633.367 594.086 556.127 503.603 52.5245 41.7326 10.0094 305.57
internal_count=1074050 71985 1002065 63684 63579 8301 4075 4012 127040 127027 3838 4226 50470 13109 84531 68074 47429 55674 875025 177836 2698 4177 4076 3585 3409 3031 378 266 86 8828
is_linear=0
shrinkage=0.05


Tree=30
num_leaves=31
num_cat=0
split_feature=0 0 0 1 0 0 1 3 0 2 1 3 3 0 0 2 3 0 0 2 3 2 2 3 2 3 3 2 2 1
split_gain=1871.61 187.92 64.7429 46.3517 28.3753 15.6333 12.5785 10.4996 5.34728 4.09377 3.74381 3.38851 3.2715 3.24708 3.11559 2.93946 2.88754 6.01379 2.88004 2.82396 6.34283 2.69028 2.65284 11.3637 4.95661 5.36646 4.50978 4.08392 4.54409 2.60064
threshold=0.15548050853772452 0.86620967868038068 0.01473053741135971 1.0000000180025095e-35 0.60678019017954943 0.94875966535953815 1.0000000180025095e-35 227.00000000000003 0.043984350660107828 1093855.0000000002 1.0000000180025095e-35 647.50000000000011 397.00000000000006 0.7740980979447657 0.0019437620776660012 238.50000000000003 393.00000000000006 0.0021963867857682511 0.42569895731548962 109478.50000000001 206587.00000000003 625678.00000000012 58954.000000000007 597756.50000000012 15096.000000000002 999189.50000000012 324393.50000000006 61653.000000000007 98722.000000000015 1.0000000180025095e-35
decision_type=2 2 2 2 2 2 2 2 2 2 2 2 2 2 2 2 2 2 2 2 2 2 2 2 2 2 2 2 2 2
left_child=2 3 14 4 11 10 7 -7 21 12 19 -2 15 -6 -1 -9 17 -16 -13 22 -21 29 23 -3 25 -25 27 -24 -29 -4
right_child=1 5 8 -5 13 6 -8 9 -10 -11 -12 18 -14 -15 16 -17 -18 -19 -20 20 -22 -23 26 24 -26 -27 -28 28 -30 -31
leaf_value=-0.054041631252431381 -0.041556415800497536 0.023860320149205656 -0.033219239067128419 0.044187216390511382 0.0044905238825771179 0.045029077960668427 0.053046229543866778 -0.0091852237068420686 -0.022774895632118319 0.022364238932415514 0.038760481823939923 -0.010695294637415274 0.0300659376281638 0.011730380176034786 0.067102715922279468 0.025121327103286652 -0.048226952951025019 -0.052991823713207278 -0.0029081174414727329 -0.05411314648490384 0.017207958578087452 -0.051226098288030347 0.058415172456299992 -0.019289090524627572 -0.029636240935229277 0.064761101040846453 0.038869533584492778 -0.066711511906689405 0.0287002387599508 0.042227572753374076
leaf_weight=931.574408499735 7.3633394878852405 341.18197108898312 103.08349915733561 65.99339247867465 303.84739272738807 104.21634229458869 59.702653080224991 9.9233258790336567 205.9557304885675 222.90985153056681 30.034077748656273 279.04104981874116 1267.2440852588043 315.87336257391144 1.6796443376224477 16.839353589341044 213.20287808459398 2.7476694497745484 206.67843426321633 3.1613092478364697 224.24349046451971 23.149741465298575 1.9132349090650667 4.0694718575105098 14.870189399458466 3.5608778297901154 47.921938307583332 3.0099413860589266 2.1317056007683277 1.1549865156412114
leaf_count=697189 3041 2223 51004 105 8828 189 63 79 59530 519 49 35502 3184 4281 171 41 175138 2527 11927 82 1422 16503 7 43 125 5 200 48 22 3
internal_value=0 0.0197727 -0.0471559 0.00347333 0.00105884 0.0279246 0.0305073 0.0296772 -0.0277553 0.0286225 0.021504 -0.00789211 0.0297006 0.0081807 -0.0527833 0.0124008 -0.047397 -0.00743009 -0.00738177 0.0207018 0.0162165 -0.0358075 0.0231381 0.0215906 -0.0128258 0.0199349 0.0333749 -0.00394838 -0.0271542 -0.0323833
internal_weight=0 3535.73 1482.55 1178.8 1112.8 2356.93 1680.84 1621.13 333.344 1516.92 676.098 493.083 1294.01 619.721 1149.2 26.7627 217.63 4.42731 485.719 646.064 227.405 127.388 418.659 363.683 22.5005 7.63035 54.9768 7.05488 5.14165 104.238
internal_count=1074050 71985 1002065 63684 63579 8301 4075 4012 127040 3823 4226 50470 3304 13109 875025 120 177836 2698 47429 4177 1504 67510 2673 2396 173 48 277 77 70 51007
is_linear=0
shrinkage=0.05


Tree=31
num_leaves=31
num_cat=0
split_feature=0 0 0 1 0 1 3 0 0 2 0 2 2 2 3 2 3 3 2 3 3 2 2 0 2 2 2 3 3 0
split_gain=1773.04 186.818 65.4199 44.7795 26.8758 15.0316 12.2142 8.30781 5.13663 3.67739 3.03185 3.02198 3.11219 4.67237 3.64426 2.95933 2.88295 3.26152 2.863 4.2345 3.68747 7.28878 6.02929 3.54967 3.6009 3.35033 4.52091 3.1734 2.93106 2.77444
threshold=0.15548050853772452 0.86620967868038068 0.01473053741135971 1.0000000180025095e-35 0.60678019017954943 1.0000000180025095e-35 227.00000000000003 0.94875966535953815 0.043984350660107828 8.9884656743000007e+307 0.7740980979447657 642.50000000000011 1784685.5000000002 1455534.0000000002 8.9884656743000007e+307 746738.00000000012 979569.00000000012 353214.50000000006 173901.00000000003 249172.50000000003 557720.00000000012 21207.500000000004 76235.000000000015 0.48090646582193369 1246.5000000000002 252309.50000000003 289274.50000000006 402620.00000000006 5097.0000000000009 0.0019437620776660012
decision_type=2 2 2 2 2 2 2 2 2 2 2 2 2 2 2 2 2 2 2 2 2 2 2 2 2 2 2 2 2 2
left_child=2 3 29 4 11 6 -3 15 -4 -9 -6 -2 13 18 -14 -8 17 -17 20 -20 22 -22 23 24 28 -21 -27 -25 -13 -1
right_child=1 5 8 -5 10 -7 7 9 -10 -11 -12 12 14 -15 -16 16 -18 -19 19 25 21 -23 -24 27 -26 26 -28 -29 -30 -31
leaf_value=-0.053872587208276923 -0.025149227204855653 0.041993332412665396 -0.035244656839430663 0.043502805657214788 0.0039819006224192533 0.047814745614261273 0.022383344490226199 0.028662953178760078 -0.022354450936473955 0.02093371605974997 0.010986772959852502 -0.028986581526590852 -0.045418599329283119 0.018403846178325245 -0.012273462268387157 0.011752767989227208 0.014822532956309878 -0.073567681127228252 -0.059668379431185373 -0.031752702718949886 -0.061747148935171796 0.0086035191060628985 -0.051815007335135513 0.0054927814161270508 -0.013862416251600214 0.024334019670935351 -0.011887292416113094 -0.053913249853173396 0.032681230602335631 -0.047478353680773668
leaf_weight=894.94019238136389 24.720003825976164 122.84332733228803 124.46065271767293 64.419780060648918 302.57441409956664 87.326996762305498 504.28348807105795 1327.0894205309451 203.9004301342211 174.07422700384632 315.58361907768995 2.5739197351504099 9.3691626271756814 19.678968746622559 72.195944579900242 2.5348231196403495 95.607752565527335 2.006913582328707 4.8245685236179261 16.825031726737507 3.8723301127320147 74.82327013212489 7.4511531015159553 63.263433517189696 106.81970394952805 9.9435205571935494 64.460402955359314 2.3308610627427688 7.664643305062782 209.32337741367519
leaf_count=697189 5998 264 67510 105 8828 112 3295 3420 59530 403 4281 471 1881 1198 7583 39 713 55 965 2071 673 5160 1170 2931 13214 558 6051 161 385 177836
internal_value=0 0.0192298 -0.0468341 0.00297635 0.000622193 0.0274653 0.0266679 0.0257738 -0.0272403 0.0277667 0.00755805 -0.00811315 -0.00720962 -0.00532792 -0.0160808 0.0208242 0.0129736 -0.0259488 -0.00660793 -0.0140173 -0.00396026 0.00514181 -0.00772816 -0.00592968 -0.0111474 -0.011603 -0.00704659 0.00338182 0.0171783 -0.0526605
internal_weight=0 3489.16 1432.62 1173.39 1108.97 2315.77 2228.44 2105.6 328.361 1501.16 618.158 490.817 466.097 384.532 81.5651 604.433 100.149 4.54174 364.853 96.0535 268.799 78.6956 190.104 182.653 117.058 91.229 74.4039 65.5943 10.2386 1104.26
internal_count=1074050 71985 1002065 63684 63579 8301 8189 7925 127040 3823 13109 50470 44472 35008 9464 4102 807 94 33810 9645 24165 5833 18332 17162 14070 8680 6609 3092 856 875025
is_linear=0
shrinkage=0.05


Tree=32
num_leaves=31
num_cat=0
split_feature=0 0 0 1 0 1 0 3 0 0 2 3 3 2 3 3 3 2 2 3 3 2 1 3 0 3 0 2 2 2
split_gain=1667.75 177.099 66.5035 42.3501 25.5495 14.7552 11.4137 10.2077 5.35455 4.89011 3.74567 3.64126 3.50626 2.97395 2.96881 4.06754 3.6895 3.17206 2.75276 6.80201 6.01971 3.00492 2.74087 2.71972 2.6458 2.64273 5.20625 2.60861 2.77721 2.57535
threshold=0.15548050853772452 0.86620967868038068 0.01473053741135971 1.0000000180025095e-35 0.68981449621504665 1.0000000180025095e-35 0.94875966535953815 152.00000000000003 0.48090646582193369 0.043984350660107828 114529.50000000001 867234.50000000012 2646.5000000000005 31223.500000000004 6000.5000000000009 21284.000000000004 22458.000000000004 7912.0000000000009 156.50000000000003 2635.5000000000005 3197.5000000000005 1288875.0000000002 1.0000000180025095e-35 877486.50000000012 0.0019437620776660012 393.00000000000006 0.0021963867857682511 130586.50000000001 137122.00000000003 64.000000000000014
decision_type=2 2 2 2 2 2 2 2 2 2 2 2 2 2 2 2 2 2 2 2 2 2 2 2 2 2 2 2 2 2
left_child=2 3 24 4 8 6 18 -8 12 22 -10 -12 -2 -5 17 -16 -17 -14 19 -3 -21 -20 -4 -13 -1 26 -26 -25 -29 -9
right_child=1 5 9 13 -6 -7 7 29 10 -11 11 23 14 -15 15 16 -18 -19 21 20 -22 -23 -24 27 25 -27 -28 28 -30 -31
leaf_value=-0.053725541495286466 -0.037996172210383969 0.018655450749443001 -0.03522905004258458 0.06017845226189962 0.009030579254191937 0.047142264958994082 0.044378265946518086 0.042182740534151081 0.003120125774912344 -0.021796493666026019 -0.038734587735308523 0.050928816685676087 0.018039357557529834 0.035878866193225403 -0.03498189481724525 0.044402029947977088 -0.0099869547945210056 -0.061894797315425312 0.022183989359859851 -0.095257102216171397 0.0066594473091164345 0.011630036280704132 0.043438240036148934 -0.067823049133638555 0.062475285431627794 -0.048179791287933454 -0.052710258188019825 0.038756948551302392 -0.0076948757974772174 0.026869370137789547
leaf_weight=856.32882350990258 11.306599260875371 17.952577966963876 120.24154698853818 17.406434915959835 483.102439242939 84.885511230677366 91.330343709327281 27.981895890086889 178.69519676096388 201.203573997278 9.2611338835558836 2.0604782830923787 14.699232672282962 45.518751049414277 16.41273190442007 3.1524538055527946 285.86193076189375 1.355588495323899 517.90243697538972 2.86083029070869 2.9355739066377282 77.541776289464906 1.1175254192203272 1.7383690695278335 1.6096357381902624 196.77180465315905 2.5118676280690124 3.3401467977091661 87.76446603180375 1460.3254929552786
leaf_count=697189 5127 207 67506 15 8557 112 174 43 7484 59530 1019 5 1012 90 2677 95 32901 268 3191 84 24 671 4 174 171 175138 2527 42 4218 3795
internal_value=0 0.0186022 -0.0464507 0.00270808 0.000423448 0.0266872 0.0258976 0.0281529 -0.00633061 -0.0265777 -0.00127279 -0.00880887 -0.0106296 0.0426006 -0.00966711 -0.0107687 -0.0093937 0.0112901 0.0201438 0.0034506 -0.0436417 0.0208096 -0.0345046 -0.00588858 -0.052514 -0.0473498 -0.00772503 -0.00714954 -0.00599182 0.0271573
internal_weight=0 3445.39 1379.78 1161.68 1098.75 2283.72 2198.83 1579.64 615.648 322.563 282.86 104.165 332.789 62.9252 321.482 305.427 289.014 16.0548 619.193 23.749 5.7964 595.444 121.359 94.9035 1057.22 200.893 4.1215 92.843 91.1046 1488.31
internal_count=1074050 71985 1002065 63684 63579 8301 8189 4012 55022 127040 12942 5458 42080 105 36953 35673 32996 1280 4177 315 108 3862 67510 4439 875025 177836 2698 4434 4260 3838
is_linear=0
shrinkage=0.05


Tree=33
num_leaves=31
num_cat=0
split_feature=0 0 0 1 0 1 0 3 0 2 0 2 2 2 3 2 3 3 3 3 2 3 3 3 2 2 2 2 2 0
split_gain=1568.76 170.051 67.3494 42.8589 23.6739 14.3139 10.6987 9.72793 4.845 3.14912 3.00339 2.95504 2.80106 3.8188 3.1936 2.71267 2.76145 3.3177 2.63812 3.22886 5.79016 5.73618 3.56657 3.40628 3.17618 3.87298 3.35252 3.53782 2.59866 2.55342
threshold=0.15548050853772452 0.86620967868038068 0.01473053741135971 1.0000000180025095e-35 0.60678019017954943 1.0000000180025095e-35 0.94875966535953815 227.00000000000003 0.043984350660107828 642.50000000000011 0.7740980979447657 955381.00000000012 1784685.5000000002 1455534.0000000002 8.9884656743000007e+307 625678.00000000012 6000.5000000000009 7221.0000000000009 38.500000000000007 182918.50000000003 67003.000000000015 393076.50000000006 97775.500000000015 722620.00000000012 47679.000000000007 189759.50000000003 145340.50000000003 53544.000000000007 8.9884656743000007e+307 0.0019437620776660012
decision_type=2 2 2 2 2 2 2 2 2 2 2 2 2 2 2 2 2 2 2 2 2 2 2 2 2 2 2 2 2 2
left_child=2 3 29 4 9 6 -3 -8 15 -2 -6 -5 13 -11 -14 16 -4 -18 -12 20 22 -21 -20 24 -23 26 27 -26 -7 -1
right_child=1 5 8 11 10 28 7 -9 -10 12 18 -13 14 -15 -16 -17 17 -19 19 21 -22 23 -24 -25 25 -27 -28 -29 -30 -31
leaf_value=-0.053584524788930568 -0.025956401677371489 0.019576859093344209 -0.053122936150687 0.048635414225511743 0.0030141850544991603 0.05089899254755266 0.042788067295759402 0.02637275115277081 -0.021201135521931671 -0.0066856059344515446 0.044017015301370081 0.021247047956924968 -0.044203602926801477 0.016117970216020155 -0.01229999788672043 -0.050313185393324834 0.029168935398596774 -0.029055929488999901 0.0073991215389673792 0.030116251722292809 -0.063459465047826832 -0.054024286333989993 -0.024791343644086822 0.01149141489418953 0.045137693523557898 -0.050935548998166172 0.054201628447996801 -0.030248847339656167 0.028931055841711711 -0.047189352626338762
leaf_weight=819.17342870594439 23.847430490925035 610.38340458436869 11.820408751904322 48.736026175320148 298.11136098881252 65.669224575161934 96.177571879699826 1465.1569781019352 198.97941659587377 357.04858918100945 5.6087428331375113 12.342731126584111 8.8166480663348903 19.354752738610841 71.107651285303291 20.919210084764927 2.5208051376685026 83.097264186537359 95.566664195037447 40.034646020270884 3.2305701132863751 3.5777230383828309 9.4561150646768493 140.26705814758316 2.2870550975203496 3.0255573801696292 3.3895697370171547 4.870597115252167 16.933303944766521 192.82401101420692
leaf_count=697189 5998 4177 9694 63 8828 79 189 3823 59530 33810 39 42 1881 1198 7583 16503 419 40894 1615 300 141 78 223 1700 12 65 9 99 33 177836
internal_value=0 0.0179836 -0.0460638 0.00234381 5.91327e-05 0.0259667 0.0251897 0.0273839 -0.025966 -0.00824381 0.00660114 0.0431008 -0.00731816 -0.00551304 -0.0158194 -0.0339766 -0.0304692 -0.0273416 0.010036 0.00941252 0.00247262 0.0132173 0.00450073 0.00891957 -0.0121145 -0.00106727 0.0132379 -0.0061609 0.0463956 -0.052366
internal_weight=0 3405 1329.33 1150.68 1089.6 2254.32 2171.72 1561.33 317.337 480.175 609.426 61.0788 456.328 376.403 79.9243 118.358 97.4385 85.6181 311.314 305.706 108.253 197.452 105.023 157.418 17.1505 13.5728 10.5472 7.15765 82.6025 1012
internal_count=1074050 71985 1002065 63684 63579 8301 8189 4012 127040 50470 13109 105 44472 35008 9464 67510 51007 41313 4281 4242 1979 2263 1838 1963 263 185 120 111 112 875025
is_linear=0
shrinkage=0.05


Tree=34
num_leaves=31
num_cat=0
split_feature=0 0 0 1 0 1 3 0 1 0 0 3 2 3 2 2 3 2 2 3 3 2 3 2 2 2 2 3 2 3
split_gain=1480.95 157.611 67.336 41.6954 23.6334 14.1825 11.0297 8.28606 5.35308 5.15515 5.01538 3.4341 3.29167 3.38068 3.25982 3.14059 3.09515 2.8578 2.67355 2.61106 4.17091 3.12829 3.10978 7.62251 2.87977 3.80746 2.60853 10.4363 4.30192 3.78114
threshold=0.15548050853772452 0.86620967868038068 0.01473053741135971 1.0000000180025095e-35 0.68981449621504665 1.0000000180025095e-35 227.00000000000003 0.94875966535953815 1.0000000180025095e-35 0.061123824279792356 0.48090646582193369 2646.5000000000005 1288875.0000000002 6000.5000000000009 902.00000000000011 114529.50000000001 867234.50000000012 1245172.5000000002 94810.000000000015 36658.500000000007 33530.500000000007 2563.5000000000005 63382.000000000007 12504.500000000002 17963.000000000004 26107.500000000004 370.00000000000006 393.00000000000006 435.50000000000006 647.50000000000011
decision_type=2 2 2 2 2 2 2 2 2 2 2 2 2 2 2 2 2 2 2 2 2 2 2 2 2 2 2 2 2 2
left_child=2 3 -1 4 10 6 -3 -8 9 12 11 -2 13 -4 -15 19 -17 -16 -7 20 -12 -21 23 -23 -24 -26 27 -6 -28 -30
right_child=1 5 8 -5 26 18 7 -9 -10 -11 15 -13 -14 14 17 16 -18 -19 -20 21 -22 22 24 -25 25 -27 28 -29 29 -31
leaf_value=-0.052223448271011122 -0.038751681076939298 0.039472290932556761 -0.052490474534838454 0.043183853041447069 0.043652960077702335 0.056977826605151008 0.018480557316150805 0.025532628808588389 0.047131722895911686 -0.019575195176263511 -0.0031042667740037366 -0.0097886957830157113 -0.05113816297344468 0.015492859849201734 -0.028945636377467884 -0.036645077837672763 -0.0058665631532712568 0.11631686930348491 0.038351266273332796 -0.046938344344867773 -0.069826110232809033 0.036427480571249976 -0.010365370908995874 -0.068894872186088876 0.030431345686676294 0.0028055127202256972 0.04758745235418315 -0.034634768557921441 -0.039045991627155219 0.009020466254154454
leaf_weight=970.30242911122332 10.57582822259428 114.31638353317976 14.495577985937414 58.940811510197818 6.2728159461403292 31.908748656511307 583.87228433019482 1453.4098757598549 2.5151631897315374 152.81921620915091 60.735151927161496 317.08797802749905 20.546149582129146 4.3627467529586275 116.82526895865158 8.9519706963910703 93.294513951870613 0.33956706967728578 48.616902571171522 2.6233518770895889 2.4362095495453095 17.840173450764272 24.230724180524703 1.9009460499510158 16.690455665579066 49.349792521214113 7.1798380587715647 13.246617176162543 4.130023071775212 438.21864915813785
leaf_count=875025 5127 264 12136 105 55 33 4102 3823 13 42496 3497 36953 16457 997 54755 1019 4439 186 79 240 257 298 1071 149 312 1660 89 734 144 7535
internal_value=0 0.0174196 -0.0457271 0.00223773 -7.78505e-06 0.0251306 0.0243596 0.0235115 -0.0255175 -0.026108 -0.00653233 -0.0107235 -0.0324844 -0.0296668 -0.0269444 -0.00159335 -0.00856131 -0.0285246 0.0457321 0.0024591 -0.0056774 0.00702244 0.00830919 0.0262856 0.00437797 0.00978743 0.00841786 -0.00947602 0.00919485 0.00857169
internal_weight=0 3365.83 1282.21 1133.71 1074.77 2232.12 2151.6 2037.28 311.904 309.389 605.717 327.664 156.569 136.023 121.528 278.053 102.246 117.165 80.5257 175.807 63.1714 112.635 110.012 19.7411 90.271 66.0402 469.048 19.5194 449.529 442.349
internal_count=1074050 71985 1002065 63684 63579 8301 8189 7925 127040 127027 55022 42080 84531 68074 55938 12942 5458 54941 112 7484 3754 3730 3490 447 3043 1972 8557 789 7768 7679
is_linear=0
shrinkage=0.05


Tree=35
num_leaves=31
num_cat=0
split_feature=0 0 0 1 0 1 0 3 0 1 0 2 3 3 2 2 3 2 3 2 3 2 3 2 2 2 2 0 2 2
split_gain=1390.98 148.292 66.7352 39.9237 21.8189 14.1506 10.4664 9.53356 4.7247 4.56728 4.88282 3.1956 3.27334 2.94606 2.99807 4.72786 2.78682 5.60211 3.91917 4.61198 3.60533 3.663 2.94491 2.83023 2.74462 2.63288 2.6304 2.60976 2.59454 2.57247
threshold=0.15548050853772452 0.86620967868038068 0.01473053741135971 1.0000000180025095e-35 0.53809039466125175 1.0000000180025095e-35 0.94875966535953815 152.00000000000003 0.7740980979447657 1.0000000180025095e-35 0.061123824279792356 1288875.0000000002 6000.5000000000009 1481.0000000000002 1784685.5000000002 1455534.0000000002 59025.000000000007 103185.00000000001 63382.000000000007 88813.000000000015 340929.00000000006 17222.000000000004 347071.00000000006 21926.000000000004 902.00000000000011 8.9884656743000007e+307 1245172.5000000002 0.0019437620776660012 1288875.0000000002 72.500000000000014
decision_type=2 2 2 2 2 2 2 2 2 2 2 2 2 2 2 2 2 2 2 2 2 2 2 2 2 2 2 2 2 2
left_child=2 3 27 4 13 6 28 29 16 10 11 12 -4 -2 15 -15 -6 18 -18 20 21 -20 -19 -23 -14 -7 -26 -1 -3 -8
right_child=1 5 9 -5 8 25 7 -9 -10 -11 -12 -13 24 14 -16 -17 17 22 19 -21 -22 23 -24 -25 26 -27 -28 -29 -30 -31
leaf_value=-0.053338576311516166 -0.040802853179868981 0.019190684922866713 -0.052262814912565785 0.042568112834332816 -0.0060723721663948271 0.04995809258988157 0.029671451109380683 0.024793333993667281 0.0099553516995138959 0.043014581466480788 -0.019264654713244921 -0.050857400536744694 0.012646951248748227 -0.0085243818464801804 -0.018923102489284867 0.017961195244753737 0.043989250667000934 -0.050232369152331237 -0.0009516212742386982 0.038784674039708325 -0.0063389204902667756 0.044806632852335042 -0.0015571562394456732 0.014734481168308458 -0.028429679687219284 0.027446138147843899 0.10153163663860645 -0.046588878794170001 0.0092264428236161992 0.048246154793580159
leaf_weight=750.26047042154096 7.4330904845992327 524.30904567264952 13.772058122711313 57.485988854430616 91.512308490462601 61.682849317789078 27.856161434203386 1447.0804834831506 296.91606315469835 2.4413936361670485 150.60160015529254 19.508640196021588 4.3119233731413251 300.74091459720512 63.696271077671554 17.849509578896686 8.6735996324568969 3.1734805933374437 29.645947931334376 11.913365841843186 38.434356070705689 10.25616167928092 149.21251691365615 32.994034996489063 114.30662201082305 16.452287945896387 0.39067553001223032 176.99451311133453 74.628738995408639 56.339964997023344
leaf_count=697189 3769 3506 12136 105 4506 79 74 3838 4281 13 42496 16457 997 32589 8693 1099 119 346 955 161 1182 125 5058 696 54755 33 186 177836 671 100
internal_value=0 0.0168037 -0.045374 0.00198343 -0.000212485 0.0243196 0.0235531 0.025745 0.00524117 -0.0250995 -0.0256485 -0.0319616 -0.0291854 -0.00962654 -0.00902036 -0.00704049 0.00151669 0.00395948 0.011503 0.00921673 0.0060527 0.0125862 -0.00257083 0.0218657 -0.0265148 0.0452179 -0.027987 -0.0520502 0.0179491 0.0421007
internal_weight=0 3328.29 1232.59 1119.94 1062.45 2208.35 2130.21 1531.28 672.732 305.333 302.892 152.29 132.781 389.72 382.287 318.59 375.816 284.303 131.917 123.244 111.331 72.8961 152.386 43.2502 119.009 78.1351 114.697 927.255 598.938 84.1961
internal_count=1074050 71985 1002065 63684 63579 8301 8189 4012 17429 127040 127027 84531 68074 46150 42381 33688 13148 8642 3238 3119 2958 1776 5404 821 55938 112 54941 875025 4177 174
is_linear=0
shrinkage=0.05


Tree=36
num_leaves=31
num_cat=0
split_feature=0 0 0 1 0 1 3 0 0 0 2 3 2 3 3 2 3 3 3 0 3 2 3 2 2 3 2 2 3 2
split_gain=1305.74 140.689 68.3853 38.1348 20.694 13.2199 10.9865 7.92792 4.56743 4.10328 3.68171 10.0571 3.17239 3.7747 3.32205 4.11626 3.31814 3.03236 3.38968 2.96536 2.78601 3.34267 2.66063 2.84967 4.13723 2.61659 2.58047 5.33508 2.77236 4.25735
threshold=0.15548050853772452 0.86620967868038068 0.01473053741135971 1.0000000180025095e-35 0.53809039466125175 1.0000000180025095e-35 227.00000000000003 0.94875966535953815 0.043984350660107828 0.68981449621504665 370.00000000000006 393.00000000000006 219020.50000000003 193655.50000000003 182918.50000000003 2826.5000000000005 2646.5000000000005 132526.00000000003 68784.500000000015 0.94875966535953815 996929.50000000012 64.000000000000014 2646.5000000000005 1784685.5000000002 1455534.0000000002 272900.50000000006 64.000000000000014 72.500000000000014 75120.500000000015 159592.50000000003
decision_type=2 2 2 2 2 2 2 2 2 2 2 2 2 2 2 2 2 2 2 2 2 2 2 2 2 2 2 2 2 2
left_child=2 3 -1 4 22 6 -3 -8 -4 -6 11 -11 14 -14 15 -12 -17 18 -18 -7 21 -13 -2 24 -24 -5 -9 -28 29 -29
right_child=1 5 8 25 9 19 7 26 -10 10 12 20 13 -15 -16 16 17 -19 -20 -21 -22 -23 23 -25 -26 -27 27 28 -30 -31
leaf_value=-0.051929950135955742 -0.031604781472274641 0.038384169109507919 -0.032485305638917071 0.057576006865674573 -0.00092221337237190573 0.030716302526028819 0.0170237591569594 0.039482518300057202 -0.019672454704805178 0.040568350076365348 0.018491414819292045 0.022571703265800384 -0.063962550443625643 0.0036164224456992269 0.01700458733794305 -0.045846552922214484 -0.00095817701263583351 -0.023854923073311086 0.021535383780650591 0.051325383470513179 0.024057899832036031 -0.056036577058319284 -0.0083121871430579235 -0.018569284028416989 0.016542891865718872 0.034452872853979542 -0.0020579377142822086 0.025654804347926968 0.021710914287140167 0.053199160182899212
leaf_weight=886.97438236002199 13.311569529454571 107.86938321962953 109.31383999148966 18.03967209905386 207.81019405426923 27.026309721171856 571.14369040750898 26.394830334931612 191.22634343737445 5.9364172907080528 46.251216567936353 1.5547083785058919 2.0949113141396074 151.44844851992093 142.65904351510108 3.7356627460103473 59.833850850351155 9.9616717698518169 23.259584850631654 49.280835419893265 1.620531475637107 10.391565713624002 292.28157538450614 62.788093062845292 17.759799435443711 38.017851362936199 19.815062175737694 712.68086532736197 654.39928522286937 14.310273325070737
leaf_count=875025 5586 264 67510 19 8872 49 4102 43 59530 55 898 31 171 2712 1848 174 1289 290 386 63 33 670 30775 8690 1099 86 146 1778 1832 24
internal_value=0 0.0162147 -0.0449456 0.00171055 -0.000429276 0.0235817 0.0228411 0.0220023 -0.0243328 0.00490646 0.00754682 -0.0137105 0.00849068 0.00269439 0.0116058 0.0062214 0.0003582 0.00221307 0.00533824 0.0440261 -0.0374612 -0.0458064 -0.00963985 -0.00885561 -0.00688844 0.041894 0.0239941 0.0237023 0.0240718 0.026197
internal_weight=0 3291.68 1187.51 1108.76 1052.7 2182.92 2106.61 1998.74 300.54 666.558 458.748 19.5032 439.244 153.543 285.701 143.042 96.7908 93.0551 83.0934 76.3071 13.5668 11.9463 386.141 372.829 310.041 56.0575 1427.6 1401.21 1381.39 726.991
internal_count=1074050 71985 1002065 63684 63579 8301 8189 7925 127040 17429 8557 789 7768 2883 4885 3037 2139 1965 1675 112 734 701 46150 40564 31874 105 3823 3780 3634 1802
is_linear=0
shrinkage=0.05


Tree=37
num_leaves=31
num_cat=0
split_feature=0 0 0 1 0 1 0 3 0 0 0 3 2 2 2 2 2 0 3 2 2 3 3 2 2 0 2 3 2 3
split_gain=1234.76 134.404 67.956 37.3191 20.6365 13.3282 11.0949 9.7099 4.8189 4.34778 2.76469 2.74753 5.4097 5.17875 5.12271 3.14985 2.69143 2.65394 2.58074 4.40218 2.48545 2.57142 2.76299 2.46445 2.50687 3.20681 2.49004 2.38416 7.69919 6.93988
threshold=0.15548050853772452 0.86620967868038068 0.01473053741135971 1.0000000180025095e-35 0.68981449621504665 1.0000000180025095e-35 0.94875966535953815 152.00000000000003 0.37969951586789719 0.043984350660107828 0.94875966535953815 8.9884656743000007e+307 162984.00000000003 329564.50000000006 105656.50000000001 55065.000000000007 909872.50000000012 0.0019437620776660012 393.00000000000006 4151.5000000000009 625678.00000000012 6000.5000000000009 7221.0000000000009 3901.0000000000005 580687.00000000012 0.047832593350086695 463519.00000000006 3197.5000000000005 910.00000000000011 5097.0000000000009
decision_type=2 2 2 2 2 2 2 2 2 2 2 2 2 2 2 2 2 2 2 2 2 2 2 2 2 2 2 2 2 2
left_child=2 3 17 4 8 6 -3 -8 -2 20 -7 27 14 -14 15 -13 -5 -1 19 -19 21 -4 -23 -11 26 -26 -25 -9 29 -29
right_child=1 5 9 16 -6 10 7 11 -10 23 -12 12 13 -15 -16 -17 -18 18 -20 -21 -22 22 -24 24 25 -27 -28 28 -30 -31
leaf_value=-0.05313058868249302 -0.012487383959763898 0.016422281241846654 -0.052511114680288865 0.04770647703294182 0.007427777343186533 0.030827388162434095 0.041564045955965565 0.019477755998531372 -0.0032074961252232625 -0.033966772195850065 0.051027418585497142 -0.010443268939073134 0.036469818002971124 0.019119747192668197 -0.017160959190208571 0.03077925400543674 0.02011350199385005 -0.052289752607408528 -0.046972988412559355 0.060286871615493891 -0.049029224595105697 0.026374277571427018 -0.027276772193872242 -0.015522736166872251 0.019054782730695757 -0.032073138639625014 0.013033976616024651 0.021094892726229286 0.02413844297421102 0.047433489917206223
leaf_weight=688.04387985276117 227.73980793228839 588.75425365194678 9.9957574999425542 42.81240214779973 449.87605845084181 26.290837682783604 79.189718178473413 173.31574840075336 362.68167156958953 25.254945061737089 47.619012482464314 6.5741814281791475 51.490355126559734 261.11842179391533 18.167082088068128 15.702516112476586 11.136187189258633 2.0169951573770954 159.48861482963548 1.524907782586524 17.909827595030947 2.4773323069530298 76.610516765751527 115.1000552908954 3.3390448260761323 37.625482635252411 8.1758368643640988 38.376420841552317 779.0068572065793 71.802949629724026
leaf_count=697189 33730 4177 9694 62 8557 49 174 628 21292 11998 63 25 140 685 74 41 43 2487 175138 211 16503 419 40894 30289 1169 14882 1192 129 1983 133
internal_value=0 0.0157365 -0.04459 0.00146294 -0.000639812 0.0229762 0.022236 0.0245259 -0.00678697 -0.0239753 0.043842 0.0235727 0.0197513 0.0219775 0.00254406 0.0186139 0.0420107 -0.0517715 -0.0460355 -0.00382175 -0.0320332 -0.0286162 -0.0255962 -0.0194257 -0.0171897 -0.0279057 -0.0136288 0.0248425 0.0258882 0.0382595
internal_weight=0 3251.65 1147.56 1094.25 1040.3 2157.41 2083.5 1494.74 590.421 296.489 73.9099 1415.55 353.053 312.609 40.4438 22.2767 53.9486 851.074 163.031 3.5419 106.993 89.0836 79.0878 189.495 164.24 40.9645 123.276 1062.5 889.186 110.179
internal_count=1074050 71985 1002065 63684 63579 8301 8189 4012 55022 127040 112 3838 965 825 140 66 105 875025 177836 2698 67510 51007 41313 59530 47532 16051 31481 2873 2245 262
is_linear=0
shrinkage=0.05


Tree=38
num_leaves=31
num_cat=0
split_feature=0 0 0 1 0 1 0 3 1 0 0 0 2 0 2 0 2 3 2 2 3 2 3 2 3 2 3 2 3 3
split_gain=1163.77 130.819 67.3473 36.4836 19.2861 13.2234 11.5311 9.23715 4.72281 4.22131 3.41591 2.66767 2.81561 2.74696 2.60534 2.59729 2.57522 2.5167 2.97035 2.68592 4.00638 2.46028 5.98268 3.4518 4.2335 3.19163 3.02833 3.0243 2.98111 3.40655
threshold=0.15548050853772452 0.86620967868038068 0.01473053741135971 1.0000000180025095e-35 0.60678019017954943 1.0000000180025095e-35 0.94875966535953815 152.00000000000003 1.0000000180025095e-35 0.035302874550316145 0.7740980979447657 0.33581906297173442 642.50000000000011 0.29933317345669974 219020.50000000003 0.0019437620776660012 909872.50000000012 3646.0000000000005 625678.00000000012 463519.00000000006 897056.00000000012 109478.50000000001 771066.50000000012 58954.000000000007 597756.50000000012 15096.000000000002 999189.50000000012 117173.00000000001 206587.00000000003 317226.50000000006
decision_type=2 2 2 2 2 2 2 2 2 2 2 2 2 2 2 2 2 2 2 2 2 2 2 2 2 2 2 2 2 2
left_child=2 3 15 4 11 6 21 -8 9 -4 -6 12 -2 -14 -7 -1 -5 -11 19 -19 -21 23 27 24 -3 26 -26 -23 -29 -30
right_child=1 5 8 16 10 14 7 -9 -10 17 -12 -13 13 -15 -16 -17 -18 18 -20 20 -22 22 -24 -25 25 -27 -28 28 29 -31
leaf_value=-0.053015698592291632 -0.043273372711583324 0.017501132142149184 -0.033994054462977756 0.047483757867668203 0.0012774090659490025 0.053254778087720993 0.040861402072641051 0.023095820629455158 0.047548079962381272 -0.042968024192359913 0.009013749177993394 -0.005484940319426132 -0.0093391237954295395 -0.026655448410953287 0.034182931219691168 -0.045849473539054331 0.020204107946384199 -0.017691526423034593 -0.031026244517400936 0.042851010551493908 -0.02002809252444708 -0.095416660252201677 0.013625902311285349 0.030152509986075483 -0.013261362800194671 -0.024422026245051812 0.0613533142347552 -0.057172594055784169 0.044955133997994112 -0.018938843663192859
leaf_weight=657.85603882936266 7.4896344119551932 314.1548345964402 79.383684677362908 41.433069575577974 284.82883053779369 35.084876591339707 77.207619298249483 1398.3034005735535 2.3134296517819157 11.714268117168102 285.90999440464657 276.357575368369 150.3883307321521 27.016762303625001 36.573285028338432 156.52194644759584 10.93430163990706 145.81087811113684 41.368505863800237 4.6844516840355919 5.5164255323034013 1.2176080076023925 188.21148308459669 51.317457783035934 2.8356895176693824 10.795034497976301 2.6128725782036781 2.9479163368232539 2.968190258368848 7.0196373965591192
leaf_count=697189 3520 2223 55124 62 8828 45 174 3838 13 9385 4281 21073 22157 3720 67 177836 43 41823 18700 466 1529 14 1306 277 43 125 5 79 18 87
internal_value=0 0.0152127 -0.0442628 0.00107412 -0.000991851 0.0224062 0.0216716 0.0240254 -0.0236072 -0.0241779 0.00515291 -0.00859518 -0.013244 -0.0119762 0.0435208 -0.0516384 0.0417878 -0.0204511 -0.0191148 -0.0159563 0.00884728 0.0157252 0.0112684 0.018088 0.0162142 -0.00867624 0.0225203 -0.0200821 -0.012991 4.92175e-05
internal_weight=0 3215.61 1105.17 1084.36 1031.99 2131.25 2059.59 1475.51 290.792 288.478 570.739 461.252 184.895 177.405 71.6582 814.378 52.3674 209.095 197.38 156.012 10.2009 584.081 202.365 381.716 330.398 16.2436 5.44856 14.1534 12.9357 9.98783
internal_count=1074050 71985 1002065 63684 63579 8301 8189 4012 127040 127027 13109 50470 29397 25877 112 875025 105 71903 62518 43818 1995 4177 1504 2673 2396 173 48 198 184 105
is_linear=0
shrinkage=0.05


Tree=39
num_leaves=31
num_cat=0
split_feature=0 0 0 1 0 1 3 0 2 0 3 1 2 2 2 2 2 2 3 0 2 3 3 3 2 2 3 2 0 3
split_gain=1099.09 137.08 52.9665 36.202 20.9592 12.3706 10.3113 8.83269 4.41906 4.35827 4.2909 3.95799 4.09288 3.35863 3.24717 3.34151 3.22196 3.73019 7.59086 2.99915 2.9871 2.85767 2.76785 5.18201 3.45346 3.42488 3.27171 3.38702 2.74949 2.69553
threshold=0.11665055024126079 0.86620967868038068 0.01473053741135971 1.0000000180025095e-35 0.53809039466125175 1.0000000180025095e-35 38.500000000000007 0.94875966535953815 72.500000000000014 0.7740980979447657 3646.0000000000005 1.0000000180025095e-35 625678.00000000012 1159668.5000000002 902.00000000000011 408121.00000000006 64.000000000000014 67.500000000000014 393.00000000000006 0.94875966535953815 435.50000000000006 943.50000000000011 59025.000000000007 63382.000000000007 103185.00000000001 88813.000000000015 340929.00000000006 17222.000000000004 0.10563387865889716 23978.000000000004
decision_type=2 2 2 2 2 2 2 2 2 2 2 2 2 2 2 2 2 2 2 2 2 2 2 2 2 2 2 2 2 2
left_child=2 3 -1 4 21 6 8 -8 -3 22 -4 12 14 -5 20 -16 -9 18 -18 -7 -12 -2 29 -24 25 26 27 -25 -17 -6
right_child=1 5 10 13 9 19 7 16 -10 -11 11 -13 -14 -15 15 28 17 -19 -20 -21 -22 -23 23 24 -26 -27 -28 -29 -30 -31
leaf_value=-0.05151613529205732 -0.044830024609614681 0.021712731084329619 -0.050197488038621355 0.047556569074366901 -0.0020287787706529344 0.02879491822234035 0.015251317411681044 0.037727112683435822 0.052357273152804945 0.0084713371892048573 -0.030853193810045504 0.046742298293180502 -0.037313154518469067 0.015210315512907698 -0.02394353137371549 -0.010105594870684515 0.017343042539689765 0.022471301117583577 -0.092878329592628955 0.050346266645398145 0.032116315607160807 -0.010014101652097358 0.041528544208442743 -0.0019200535125171551 -0.0036357821199901521 0.033570455331656167 -0.0070372340968304047 0.020450908414636898 0.04292006025650915 -0.021434380236826617
leaf_weight=779.80665348212642 5.9791776668062075 17.235620588064194 15.526972991538058 41.209846880286932 63.83425026218174 25.325779356062412 564.0339323640801 34.567308542318642 37.05901338160038 284.83907285891473 2.8875921996077505 2.0145905353128901 44.098550384966074 9.9659112393856031 157.66831606679625 11.984318142203845 5.939343875506891 1374.4792855940759 2.1194997811689973 44.523439733311534 5.4153222386812558 412.77795969331055 8.3283356609754247 28.500813078251667 147.38257216225611 11.649191201431675 36.86680985847488 41.637914524646476 3.0711564540397367 24.865584914339706
leaf_count=875025 3988 64 14788 66 3161 49 4143 67 68 4281 1159 10 28769 42 64455 4569 31 3768 48 63 861 54399 127 955 5396 161 1182 821 189 1345
internal_value=0 0.0143286 -0.0451679 0.000177728 -0.00179318 0.0218423 0.0211323 0.0205432 0.0426293 0.00384151 -0.0247677 -0.0230294 -0.0236538 0.0412575 -0.0203263 -0.0217945 0.0226494 0.0222724 -0.0116455 0.0425322 0.0102167 -0.0105112 0.000209238 0.00269149 0.00147569 0.00782471 0.00502189 0.0113605 0.000711074 -0.00746883
internal_weight=0 3223.12 1022.47 1117.84 1066.66 2105.28 2035.43 1981.14 54.2946 647.905 242.667 227.14 225.125 51.1758 181.027 172.724 1417.11 1382.54 8.05884 69.8492 8.30291 418.757 363.065 274.366 266.037 118.655 107.006 70.1387 15.0555 88.6998
internal_count=1074050 84225 989825 75924 75816 8301 8189 8057 132 17429 114800 100012 100002 108 71233 69213 3914 3847 79 112 2020 58387 13148 8642 8515 3119 2958 1776 4758 4506
is_linear=0
shrinkage=0.05


Tree=40
num_leaves=31
num_cat=0
split_feature=0 0 0 1 0 1 3 0 3 2 1 2 2 3 2 2 3 3 2 2 0 2 2 0 2 3 3 3 2 2
split_gain=1037.25 129.733 51.9052 34.5115 19.7891 12.133 11.5315 8.72097 4.36791 3.83697 3.72006 3.17237 3.15558 4.07371 3.74125 3.80268 10.8686 3.40546 3.1317 3.05311 2.98137 2.8155 2.77321 2.74608 2.72542 2.66856 2.66625 3.62319 3.65138 2.7515
threshold=0.11665055024126079 0.86620967868038068 0.01473053741135971 1.0000000180025095e-35 0.60678019017954943 1.0000000180025095e-35 38.500000000000007 0.94875966535953815 3646.0000000000005 902.00000000000011 1.0000000180025095e-35 1159668.5000000002 219020.50000000003 49821.500000000007 4745.5000000000009 370.00000000000006 393.00000000000006 193655.50000000003 72.500000000000014 625678.00000000012 0.94875966535953815 64.000000000000014 435.50000000000006 0.33581906297173442 408121.00000000006 197942.50000000003 36508.500000000007 36658.500000000007 11901.500000000002 8945.0000000000018
decision_type=2 2 2 2 2 2 2 2 2 2 2 2 2 2 2 2 2 2 2 2 2 2 2 2 2 2 2 2 2 2
left_child=2 3 -1 4 23 6 18 -8 -4 22 19 -5 13 14 15 16 -6 -14 -3 24 -7 -18 -10 -2 -11 -19 -16 -28 29 -29
right_child=1 5 8 11 12 20 7 -9 9 10 -12 -13 17 -15 26 -17 21 25 -20 -21 -22 -23 -24 -25 -26 -27 27 28 -30 -31
leaf_value=-0.051368746811757904 -0.013341785392664736 0.025618777761573175 -0.050817967143050903 0.04690450883696258 0.040986361261570091 0.028227260793096731 0.014594108944503865 0.021972328330901833 -0.030359725525504856 -0.023669203787768395 0.045026455384210816 0.015315410552076622 -0.056636107756280155 0.011093360247701021 -0.0052359428920791514 0.011946971891800518 0.016846260512553616 0.083319024596729713 0.052043834835556191 -0.036659051027220169 0.049950388681664092 -0.04312290416969447 0.030371492071250086 -0.005847463384716237 -0.0012040199879932178 -0.00047227956382646136 -0.083188706041895238 -0.033688607334393932 -0.070134780172374109 0.044841578069508219
leaf_weight=746.04559769665866 222.97788518430752 16.361744455993176 14.82315815912443 39.980483289808035 6.8456837113481042 24.975030779838562 560.25025638192892 1404.5568220175337 2.814067433413582 154.85604499051988 1.9291490493342269 9.9198241205885989 2.6965935678454107 237.63476566446479 37.461887556593865 69.642232792219147 2.2887167937587938 0.9552122550085177 35.623940790072083 42.769688731787028 42.96922193095088 13.512990399729459 5.6615787549962988 270.53661753475899 14.790057458900263 181.35937528091017 2.7592233327450213 1.9963849312625823 2.0587782609509304 2.5276589556597173
leaf_count=875025 41634 64 14788 66 70 49 4143 3914 1159 64455 10 42 265 4393 1053 1721 55 3 68 28769 63 995 861 21073 4758 4162 187 62 113 30
internal_value=0 0.013842 -0.0448865 -7.1155e-06 -0.0019285 0.0211836 0.0204835 0.0198685 -0.0245364 -0.022788 -0.0240928 0.0406248 0.00448931 0.0071155 0.000319517 0.0061592 -0.0116386 -0.00085827 0.0437269 -0.0247205 0.0419654 -0.034437 0.0102076 -0.00923352 -0.0217106 -3.32665e-05 -0.0111954 -0.0350929 -0.0149333 0.0101875
internal_weight=0 3189.89 983.689 1105.15 1055.25 2084.74 2016.79 1964.81 237.644 222.821 214.345 49.9003 561.74 376.728 139.094 92.2896 22.6474 185.011 51.9857 212.416 67.9443 15.8017 8.47565 493.515 169.646 182.315 46.8039 9.34205 6.58282 4.52404
internal_count=1074050 84225 989825 75924 75816 8301 8189 8057 114800 100012 97992 108 13109 8679 4286 2841 1120 4430 132 97982 112 1050 2020 62707 69213 4165 1445 392 205 92
is_linear=0
shrinkage=0.05


Tree=41
num_leaves=31
num_cat=0
split_feature=0 0 0 1 0 1 3 0 1 2 3 2 3 23 2 3 3 3 3 2 2 3 2 3 2 2 3 3 0 2
split_gain=979.909 123.349 49.6541 30.2079 21.0382 12.2559 10.1023 8.11438 4.96204 4.43504 4.04431 3.83575 3.35593 3.20381 3.12642 3.94276 4.73563 3.81852 4.05807 3.25583 3.90686 2.99991 2.90569 2.89567 3.58208 2.83805 2.83495 4.82486 2.76686 2.73662
threshold=0.11665055024126079 0.7740980979447657 0.01473053741135971 1.0000000180025095e-35 0.94875966535953815 1.0000000180025095e-35 227.00000000000003 0.48090646582193369 1.0000000180025095e-35 746738.00000000012 3646.0000000000005 625678.00000000012 38.500000000000007 1.0000000180025095e-35 145340.50000000003 867234.50000000012 884755.50000000012 59025.000000000007 63382.000000000007 17222.000000000004 25349.500000000004 8.9884656743000007e+307 137122.00000000003 102244.00000000001 6493.0000000000009 902.00000000000011 306006.00000000006 193655.50000000003 0.0019437620776660012 642.50000000000011
decision_type=2 2 2 2 2 2 2 2 2 2 2 2 2 2 2 2 2 2 2 2 2 2 2 2 2 2 2 2 2 2
left_child=2 3 28 7 8 6 -6 -2 9 12 -4 25 -3 14 17 -16 -17 -9 -19 23 -21 26 -10 24 -20 -12 27 -11 -1 -14
right_child=1 4 10 -5 5 -7 -8 13 22 21 11 -13 29 -15 15 16 -18 18 19 20 -22 -23 -24 -25 -26 -27 -28 -29 -30 -31
leaf_value=-0.052725402250469913 -0.011340641313176298 0.039248899073607249 -0.050512443619837671 0.040186786787316138 0.039786972202453169 0.049560480623784597 0.021005060036222545 -0.0055752175879795716 0.04850230419751226 -0.057154818382704281 0.0086423944168021617 -0.036593850399146387 0.0030574467641170285 0.065112242181881261 -0.03305647176343509 0.056335826626412247 -0.0059245224214676748 0.038804193228297229 0.035697723810108863 0.029043578813140476 0.004742259083670518 0.0064504287434557399 0.019506277400411855 -0.021681716705839276 -0.010600935989092404 -0.021103563104893371 -0.039616065952317675 0.053576835110642165 -0.044835583977084884 0.014403856431206861
leaf_weight=575.44337321593412 348.76682452282694 12.825115983374415 14.116559334877818 37.605443535372615 75.565168469212949 41.477217881008983 1362.4344187707175 101.93361566908425 14.475592881441115 1.5706077599897961 8.4202242042374547 41.405174804036506 58.123428557533771 1.82429710170254 13.263025821594054 3.1248011044226578 135.14448655035812 9.3250148368533683 6.5767662855796543 20.030815832084045 94.874481417471543 139.2554851975292 21.431927671656013 19.011800519423559 11.452798776910639 168.15442125386471 7.0950790988281369 2.6327460678294301 137.71308448368654 620.04741283762269
leaf_count=697189 54317 73 14788 84 189 63 3823 5589 20 79 2020 28774 970 6 1165 14 5549 162 114 374 2784 1496 53 991 470 69218 201 15 177836 5624
internal_value=0 0.013361 -0.0446643 -0.00356428 0.0191269 0.0227649 0.021992 -0.00571404 0.012993 0.0122163 -0.0245765 -0.0228969 0.0139106 -0.00100317 -0.00129399 -0.00701538 -0.00451748 0.00199992 0.00678788 0.00482303 0.00897858 0.00444004 0.0311956 -0.00806783 0.00628774 -0.0196851 -0.0203385 0.0122013 -0.0512018 0.0134314
internal_weight=0 3159.87 945.253 802.934 2356.93 1479.48 1438 765.329 877.457 841.55 232.096 217.98 690.996 416.562 414.738 151.532 138.269 263.205 161.272 151.947 114.905 150.554 35.9075 37.0414 18.0296 176.575 11.2984 4.20335 713.156 678.171
internal_count=1074050 84225 989825 71619 12606 4075 4012 71535 8531 8458 114800 100012 6667 17218 17212 6728 5563 10484 4895 4733 3158 1791 73 1575 584 71238 295 94 875025 6594
is_linear=0
shrinkage=0.05


Tree=42
num_leaves=31
num_cat=0
split_feature=0 0 0 1 0 1 3 0 3 0 3 1 2 0 2 0 2 3 0 2 2 2 3 3 2 0 2 2 2 3
split_gain=924.618 117.864 49.3159 32.3527 17.9043 11.513 11.7888 7.30714 4.93338 4.09487 3.91814 3.61624 4.09925 2.99754 2.88024 2.7538 2.60477 2.53613 3.77079 2.46701 2.41833 2.35399 2.82366 2.16 3.13714 2.02982 2.02709 1.96914 1.95825 2.25064
threshold=0.11665055024126079 0.86620967868038068 0.01473053741135971 1.0000000180025095e-35 0.68981449621504665 1.0000000180025095e-35 393.00000000000006 0.94875966535953815 647.50000000000011 0.37969951586789719 3646.0000000000005 1.0000000180025095e-35 625678.00000000012 0.94875966535953815 1159668.5000000002 0.0019437620776660012 902.00000000000011 393.00000000000006 0.0021963867857682511 435.50000000000006 408121.00000000006 67.500000000000014 643.50000000000011 38.500000000000007 72.500000000000014 0.10563387865889716 1288875.0000000002 301987.50000000006 1954.5000000000002 182918.50000000003
decision_type=2 2 2 2 2 2 2 2 2 2 2 2 2 2 2 2 2 2 2 2 2 2 2 2 2 2 2 2 2 2
left_child=2 3 15 4 9 6 23 8 21 -2 -4 12 16 -7 -5 -1 19 18 -17 -12 27 -8 -23 24 -3 -22 -10 28 -18 -30
right_child=1 5 10 14 -6 13 7 -9 26 -11 11 -13 -14 -15 -16 17 20 -19 -20 -21 25 22 -24 -25 -26 -27 -28 -29 29 -31
leaf_value=-0.052627224722086675 -0.012642147167643815 0.02393876298828064 -0.050352098567515782 0.046406517673091945 0.0055026428698685906 0.026828371913929207 -0.084775280197703487 0.02029890847818034 0.015092556909606964 -0.0043120899996325632 -0.031152654342270488 0.046499237061161519 -0.037734898845753366 0.049201776714611435 0.01585983145504705 0.059772014882434756 -0.048781329007096308 -0.045659816504297568 -0.051826408419489739 0.026416546597570801 -0.010955341514936778 0.010664792975065888 -0.082680449554010216 0.028830874703096518 0.051032362050752636 0.036215989190047974 0.0059556987680659309 -0.049731042369883308 -0.01335408884387366 -0.026272981999084
leaf_weight=550.00906366951676 257.22133834401029 15.515547242015598 13.469190810232247 37.309653256088495 428.45868417766178 23.90751937776804 1.5664967447519291 1334.6284303017892 456.92755059804767 345.95820712398563 2.7847044220106891 1.879559009335934 39.314709518264863 40.048840118572116 9.729173827916382 1.4263077265059103 6.4633444632927413 129.60701624467401 1.6128701716734211 5.6097628917632392 11.684086263529023 3.180677599273622 1.0870369314216075 66.588572233682498 34.311314594931901 2.8336359458044162 70.004602141911164 6.643690497861825 59.960403415556357 77.014429505834414
leaf_count=697189 45967 64 14788 66 8557 49 61 3751 3243 21292 1159 10 28769 63 42 171 4260 175138 2527 861 4569 34 67 230 68 189 671 3606 22627 33962
internal_value=0 0.0129123 -0.0443471 -0.000463775 -0.0023128 0.0199583 0.0192852 0.0183228 0.0133724 -0.00786438 -0.0241946 -0.0225497 -0.023161 0.0408384 0.0400885 -0.0510677 -0.0198489 -0.0446011 0.000547523 0.00731906 -0.0212345 -0.0323532 -0.0131113 0.0347223 0.0425957 -0.00174822 0.0138787 -0.0231194 -0.0218868 -0.0206178
internal_weight=0 3126.44 910.313 1078.68 1031.64 2047.77 1983.81 1867.39 532.766 603.18 227.658 214.188 212.309 63.9564 47.0388 682.655 172.994 132.646 3.03918 8.39447 164.6 5.83421 4.26771 116.415 49.8269 14.5177 526.932 150.082 143.438 136.975
internal_count=1074050 84225 989825 75924 75816 8301 8189 7827 4076 67259 114800 100012 100002 112 108 875025 71233 177836 2698 2020 69213 162 101 362 132 4758 3914 64455 60849 56589
is_linear=0
shrinkage=0.05


Tree=43
num_leaves=31
num_cat=0
split_feature=0 0 0 1 0 1 3 0 3 2 1 2 2 3 2 2 3 2 2 3 2 2 2 3 3 2 2 0 0 2
split_gain=870.88 113.652 49.0312 29.7096 17.0399 11.4887 11.257 7.71172 3.79417 3.17275 3.0941 3.58518 2.89923 3.95623 3.27362 8.33791 4.63416 3.13968 5.6103 3.03375 5.24138 3.11445 3.71675 3.95633 5.95046 3.3649 4.06929 2.78945 2.76474 2.66625
threshold=0.11665055024126079 0.86620967868038068 0.01473053741135971 1.0000000180025095e-35 0.60678019017954943 1.0000000180025095e-35 38.500000000000007 0.94875966535953815 3646.0000000000005 1159668.5000000002 1.0000000180025095e-35 625678.00000000012 2826.5000000000005 1739.5000000000002 9254.0000000000018 9821.5000000000018 47259.500000000007 8236.5000000000018 7386.5000000000009 214357.50000000003 159592.50000000003 12504.500000000002 13206.000000000002 176512.00000000003 135333.00000000003 32292.000000000004 14290.000000000002 0.94875966535953815 0.0019437620776660012 72.500000000000014
decision_type=2 2 2 2 2 2 2 2 2 2 2 2 2 2 2 2 2 2 2 2 2 2 2 2 2 2 2 2 2 2
left_child=2 3 28 4 -2 6 29 -8 -4 -5 11 -10 -9 -14 16 -16 -15 18 -18 20 21 -17 -23 24 25 26 -24 -7 -1 -3
right_child=1 5 8 9 -6 27 7 12 10 -11 -12 -13 13 14 15 19 17 -19 -20 -21 -22 22 23 -25 -26 -27 -28 -29 -30 -31
leaf_value=-0.052547954596283641 -0.0094055490264199973 0.024699791671069352 -0.050158292795456833 0.045508360402203123 0.0035360285766623946 0.026996613019148553 0.013065376013624825 0.023136288131960885 -0.019626546215323927 0.013208089745588231 0.042600870748188018 -0.036572763593476901 -0.01500828965744528 0.018002387617773577 0.052725897829254777 0.0090691941248025147 -0.0020228387946444278 -0.021332619794531382 0.040425957378118049 0.017261913756893191 0.050055003673785882 0.060903879687657231 -0.0017349893400731829 0.043905544440768204 -0.017074731143859042 0.002047551042386042 0.032314265356451759 0.048792873568021984 -0.044341896393410046 0.049866274482271614
leaf_weight=525.09965574789749 478.70144308453746 15.126703571528195 12.848940607094844 36.028575256466866 542.70978018810274 23.655165642499924 542.91479248506948 500.87855926575139 169.99381721774989 9.6359870834276062 1.8278021402657021 38.22976365062641 8.7905833926051837 138.52840169239789 19.336821354925632 36.248136330395937 35.900066323578358 12.230211304500697 9.9387987554073316 465.90373677015305 18.540753514505923 7.069225136190652 10.102812021970747 20.070600990206003 9.9681174121797067 15.136693793348966 66.76122161000967 38.6837552562356 127.58027956961087 34.590958258137107
leaf_count=697189 62707 64 14788 66 13109 49 4143 1394 71233 42 10 28769 63 360 26 78 142 50 24 1410 43 14 24 49 44 58 135 63 177836 68
internal_value=0 0.0124461 -0.0440294 -0.000765211 -0.00252926 0.0193894 0.01872 0.0181112 -0.0237827 0.0386925 -0.0221693 -0.0227379 0.020103 0.0183657 0.0187046 0.0203711 0.0130322 0.00117555 0.00718092 0.0194083 0.0248462 0.0220196 0.0256556 0.0236138 0.0196197 0.0235955 0.0278389 0.0405221 -0.0509439 0.0422093
internal_weight=0 3097.45 875.58 1067.08 1021.41 2030.38 1968.04 1918.32 222.9 45.6646 210.051 208.224 1375.4 874.526 865.736 669.138 196.597 58.0691 45.8389 649.801 183.898 165.357 129.109 122.039 101.969 92.0007 76.864 62.3389 652.68 49.7177
internal_count=1074050 84225 989825 75924 75816 8301 8189 8057 114800 108 100012 100002 3914 2520 2457 1881 576 216 166 1855 445 402 324 310 261 217 159 112 875025 132
is_linear=0
shrinkage=0.05


Tree=44
num_leaves=31
num_cat=0
split_feature=0 0 0 1 0 1 3 0 0 3 1 2 2 0 0 3 2 2 3 3 2 3 2 2 2 2 2 3 2 2
split_gain=827.198 115.159 48.3915 28.4055 16.3869 11.278 10.3832 7.9753 3.80637 3.60854 2.9707 3.33505 2.82063 2.75969 2.54178 2.5054 9.68862 7.20954 6.02741 5.9965 4.08516 8.04663 3.95446 3.89179 5.26057 3.88158 3.74585 2.91605 5.8355 5.53438
threshold=0.11665055024126079 0.86620967868038068 0.01473053741135971 1.0000000180025095e-35 0.68981449621504665 1.0000000180025095e-35 227.00000000000003 0.94875966535953815 0.37969951586789719 3646.0000000000005 1.0000000180025095e-35 625678.00000000012 1159668.5000000002 0.0019437620776660012 0.94875966535953815 3197.5000000000005 910.00000000000011 642.50000000000011 5097.0000000000009 3014.0000000000005 1246.5000000000002 1326.5000000000002 435.50000000000006 64.000000000000014 72.500000000000014 4151.5000000000009 238.50000000000003 214357.50000000003 7386.5000000000009 7912.0000000000009
decision_type=2 2 2 2 2 2 2 2 2 2 2 2 2 2 2 2 2 2 2 2 2 2 2 2 2 2 2 2 2 2
left_child=2 3 13 4 8 6 -3 -8 -2 -4 11 -11 -5 -1 -7 19 17 22 -19 20 21 23 -17 -9 -25 -22 -26 28 -18 -30
right_child=1 5 9 12 -6 14 7 15 -10 10 -12 -13 -14 -15 -16 16 27 18 -20 -21 25 -23 -24 24 26 -27 -28 -29 29 -31
leaf_value=-0.052456868714492171 -0.012910371670672095 0.035035311202059542 -0.049867745755453274 0.044593624368702234 0.0046100867922765172 0.027423620672072387 0.012508279884853556 0.036305540266722884 -0.0048168184141737184 -0.019544713161935012 0.043287532551401185 -0.036087357436388245 0.013260675248598293 -0.044115700348473286 0.048401298314352047 0.028908419942526936 0.017391454911393416 0.023203374895777864 0.05847449043866472 -0.032739055532143901 0.037490836039437599 -0.010972933184346688 -0.0048311505392762645 -0.010160229776702386 0.039013850175584362 0.0033608257085099291 0.0065031604281042023 0.016226543886859613 0.068925315776296903 0.026162916387369069
leaf_weight=503.48202710664191 253.34505416998581 90.555006549227983 12.293084503100543 34.900997433811426 422.77644353749929 23.458408072590828 529.01579956128262 23.413136284798384 340.52888837183127 168.52860622572916 1.7285396885126818 37.190636557948892 9.0438464209437353 123.48242455702348 37.560001123696566 36.754287052899599 347.54571348428726 17.712825261056423 38.309268854558468 6.6123606003820887 32.621796946972609 30.707220829091966 11.371499791741369 17.992201471701264 18.026921652257442 11.187540991231797 17.423689955845475 472.72009182395414 7.8261049650609484 227.9355534510687
leaf_count=697189 45967 264 14788 66 8557 49 4102 36 21292 71233 10 28769 42 177836 63 83 926 46 64 22 55 190 69 146 51 62 51 1441 14 567
internal_value=0 0.0121048 -0.0437375 -0.00121226 -0.0029135 0.0191712 0.0185047 0.0176944 -0.00826951 -0.0235466 -0.0219869 -0.0225353 0.0381453 -0.0508141 0.0403365 0.0197757 0.0205801 0.0351297 0.0473226 0.0138685 0.0159045 0.0106624 0.0209362 0.0193066 0.0118595 0.0287751 0.0230351 0.0191452 0.0215104 0.0275824
internal_weight=0 3059.34 846.705 1060.6 1016.65 1998.75 1937.73 1847.18 593.874 219.741 207.448 205.719 43.9448 626.964 61.0184 1318.16 1160.18 104.148 56.0221 157.985 151.373 107.563 48.1258 76.8559 53.4428 43.8093 35.4506 1056.03 583.307 235.762
internal_count=1074050 84225 989825 75924 75816 8301 8189 7925 67259 114800 100012 100002 108 875025 112 3823 3210 262 110 613 591 474 152 284 248 117 102 2948 1507 581
is_linear=0
shrinkage=0.05


Tree=45
num_leaves=31
num_cat=0
split_feature=0 0 0 1 0 0 1 3 2 0 3 3 3 0 0 2 2 3 3 3 3 2 2 3 3 3 2 3 2 3
split_gain=786.641 116.55 47.6037 28.1511 15.3548 12.8045 10.3809 8.80545 3.95786 3.59837 3.44187 2.88916 6.0701 3.42181 2.76671 2.59131 2.58269 4.52182 7.88523 4.069 4.59529 3.82878 3.45102 2.97188 3.89701 5.06078 3.89348 2.56791 2.52788 4.95779
threshold=0.11665055024126079 0.86620967868038068 0.01473053741135971 1.0000000180025095e-35 0.53809039466125175 0.94875966535953815 1.0000000180025095e-35 152.00000000000003 2826.5000000000005 0.7740980979447657 3646.0000000000005 187005.50000000003 149011.00000000003 0.024637024168185744 0.0019437620776660012 902.00000000000011 5356.5000000000009 102244.00000000001 13034.500000000002 6290.5000000000009 4095.0000000000005 5746.0000000000009 159592.50000000003 6000.5000000000009 19615.500000000004 32244.500000000004 3620.0000000000005 59025.000000000007 642.50000000000011 8407.0000000000018
decision_type=2 2 2 2 2 2 2 2 2 2 2 2 2 2 2 2 2 2 2 2 2 2 2 2 2 2 2 2 2 2
left_child=2 3 14 4 -2 -3 7 -7 28 -6 -4 12 15 -13 -1 -12 23 18 19 20 -18 -20 -23 -10 26 -26 -25 -27 -9 -30
right_child=1 5 10 -5 9 6 -8 8 16 -11 11 13 -14 -15 -16 -17 17 -19 21 -21 -22 22 -24 24 25 27 -28 -29 29 -31
leaf_value=-0.052370934063296827 -0.010990187159573167 0.012658864154944145 -0.049622084566611109 0.038090162212371458 -0.0017642045453906423 0.039213964755608913 0.047884791172750955 0.017821235600781828 0.028600934880704382 0.0059493260026617679 0.013659453064872826 -0.044463135655475668 0.02290773287992497 -0.02270516488019602 -0.043876374313909533 -0.022561218409057754 -0.0076563512002501867 0.016501479491881351 0.061746202904530416 -0.029184230961848537 0.036821154371039229 0.025366298609134398 0.051210284984965007 0.0014030656927211498 0.026905964996222456 -0.013568632493243374 -0.045751943128793507 0.014753079763023256 0.032096339960613646 0.019591299178484799
leaf_weight=483.09215590045642 397.24483002752095 573.48504800279625 11.793010110726753 42.754292054101825 343.96566026046639 62.14018523786217 36.395927524194121 127.5306124011986 18.935225330293179 269.78363909164909 5.3916908478422547 21.645901873496769 9.711239717944407 109.38472573187755 119.58519865748531 58.674884549538547 12.92849777359516 530.38634615158662 8.5106622762978059 7.8894096836447707 10.543017528951166 163.0803952049464 14.028343974612651 16.201922250911597 32.414895299822092 18.075857346877456 5.998019127175211 14.363155413419006 166.80196912772954 151.02404874190688
leaf_count=697189 58387 4226 14788 108 13148 174 63 544 43 4281 1103 20525 2558 49630 177836 26196 66 1622 22 27 24 400 30 48 81 77 26 49 411 368
internal_value=0 0.0117725 -0.04346 -0.00165037 -0.00333097 0.0189498 0.0215318 0.020827 0.0199472 0.00162641 -0.0233558 -0.0218434 -0.0139292 -0.0262995 -0.0506854 -0.019513 0.0179532 0.018989 0.0250696 0.00188051 0.0123222 0.0289875 0.0274133 0.0106489 0.00674412 0.0129335 -0.0113374 -0.00102851 0.023768 0.0261542
internal_weight=0 3024.48 819.279 1053.75 1010.99 1970.73 1397.25 1360.85 1298.71 613.749 216.601 204.808 73.7778 131.031 602.677 64.0666 853.356 747.367 216.98 31.3609 23.4715 185.619 177.109 105.989 87.0538 64.8539 22.1999 32.439 445.357 317.826
internal_count=1074050 84225 989825 75924 75816 8301 4075 4012 3838 17429 114800 100012 29857 70155 875025 27299 2515 2191 569 117 90 452 430 324 281 207 74 126 1323 779
is_linear=0
shrinkage=0.05


Tree=46
num_leaves=31
num_cat=0
split_feature=0 0 1 0 0 0 1 3 3 2 0 1 2 1 3 3 3 2 2 2 0 2 2 3 3 3 3 3 3 3
split_gain=746.972 137.061 27.3568 22.427 19.3346 13.5943 9.86364 7.33331 4.1793 4.34645 3.34684 3.27729 3.18561 2.74241 2.63589 2.61932 4.775 6.93387 3.4409 2.99605 2.541 2.48222 2.39786 2.96358 3.55384 2.759 3.033 3.45293 3.96092 2.94765
threshold=0.061123824279792356 0.86620967868038068 1.0000000180025095e-35 0.0083575017706393109 0.53809039466125175 0.94875966535953815 1.0000000180025095e-35 152.00000000000003 214357.50000000003 159592.50000000003 0.7740980979447657 1.0000000180025095e-35 1159668.5000000002 1.0000000180025095e-35 943.50000000000011 6000.5000000000009 23978.000000000004 5746.0000000000009 3620.0000000000005 7043.5000000000009 0.030380062479932603 642.50000000000011 117173.00000000001 858033.00000000012 884755.50000000012 59025.000000000007 23978.000000000004 19615.500000000004 14231.000000000002 63382.000000000007
decision_type=2 2 2 2 2 2 2 2 2 2 2 2 2 2 2 2 2 2 2 2 2 2 2 2 2 2 2 2 2 2
left_child=3 2 4 -1 14 13 7 -7 9 -9 21 15 -4 -3 -2 -5 17 -17 -18 -19 -21 -6 25 -24 -25 26 27 28 -23 -27
right_child=1 5 12 11 10 6 -8 8 -10 -11 -12 -13 -14 -15 -16 16 18 19 -20 20 -22 22 23 24 -26 29 -28 -29 -30 -31
leaf_value=-0.051215928518593801 -0.042142960306366141 0.011495770558085141 0.043625175337400415 -0.051645225721835913 -0.01955361122807818 0.03763068043672646 0.047462840080838398 0.021592348740331155 0.016251646697964077 0.047359168282045734 0.0053925861701437407 0.042470171756052229 0.010088051746945713 0.029220671388608146 -0.011721608483057998 -0.033297776667818919 -0.0009602830018789919 0.073608925770851583 -0.034033617750333763 -0.052741263438867071 0.029140354526176172 0.0020474482841498437 -0.028982724105610376 0.049763492500033618 -0.0050819042546782585 0.037412696735838274 -0.020553532547094355 0.036567599625235224 -0.0517170835934401 0.0050065277664479123
leaf_weight=549.51672938251068 7.2287184150409294 547.83421610714868 32.974393803626299 13.188085932677494 19.157315151998773 61.009885790757835 35.327375207096338 770.84217198286206 488.249582311837 16.721418344881386 268.3784163397504 1.5609382595866907 9.0170723777264339 22.727883066982031 475.66221743873029 8.9081788374642219 8.4477215932274685 2.7237571706209556 113.85473374546564 1.2671073688761678 3.7561627553659491 31.158007280318998 12.829716345440827 3.0290182860335326 118.69570717669558 7.4652103669941416 22.607044978067279 6.2188100698404005 3.8488176241517058 116.91054569301195
leaf_count=832729 6008 4177 67 17926 1604 174 63 2312 1483 43 4281 8 44 49 82638 6149 3858 116 96566 1539 672 1200 991 31 4364 119 1254 109 262 3214
internal_value=0 0.0106226 -0.00318031 -0.0464935 -0.00470157 0.0186881 0.0213852 0.020696 0.0198862 0.0221394 0.00121327 -0.0296104 0.0364236 0.0122018 -0.012177 -0.0303499 -0.0283288 -0.00321237 -0.0317492 0.0313823 0.00848592 -0.00206713 -0.00102924 -0.00612619 -0.00371712 0.00261469 -0.00583561 0.0022353 -0.00386368 0.00695159
internal_weight=0 3077.89 1135.18 703.223 1093.19 1942.71 1372.15 1336.82 1275.81 787.564 610.299 153.707 41.9915 570.562 482.891 152.146 138.958 16.6552 122.302 7.74703 5.02327 341.92 322.763 134.554 121.725 188.208 63.8327 41.2256 35.0068 124.376
internal_count=1074050 114487 106186 959563 106075 8301 4075 4012 3838 2355 17429 126834 111 4226 88646 126826 108900 8476 100424 2327 2211 13148 11544 5386 4395 6158 2825 1571 1462 3333
is_linear=0
shrinkage=0.05


Tree=47
num_leaves=31
num_cat=0
split_feature=0 0 1 0 0 0 1 3 3 2 1 0 1 2 2 3 3 2 0 2 2 2 2 2 2 3 2 2 3 2
split_gain=704.895 130.399 26.8719 22.3513 18.5044 13.0615 9.70309 6.88596 3.84681 4.0822 3.14062 3.07731 2.68627 2.60094 3.41379 3.05178 3.3536 6.05803 2.58948 2.54859 2.82508 3.8475 2.54529 2.46869 2.59239 2.40057 2.29095 3.19619 3.12194 2.50721
threshold=0.061123824279792356 0.86620967868038068 1.0000000180025095e-35 0.0088049481694041625 0.53809039466125175 0.94875966535953815 1.0000000180025095e-35 152.00000000000003 214357.50000000003 159592.50000000003 1.0000000180025095e-35 0.7740980979447657 1.0000000180025095e-35 1288875.0000000002 1245172.5000000002 6000.5000000000009 23978.000000000004 5746.0000000000009 0.030380062479932603 3620.0000000000005 15662.500000000002 21926.000000000004 1159668.5000000002 7043.5000000000009 155571.50000000003 943.50000000000011 1741219.0000000002 1455534.0000000002 8.9884656743000007e+307 613349.50000000012
decision_type=2 2 2 2 2 2 2 2 2 2 2 2 2 2 2 2 2 2 2 2 2 2 2 2 2 2 2 2 2 2
left_child=3 2 4 -1 25 12 7 -7 9 -9 13 -6 -3 14 15 -5 17 -17 -16 -18 -21 -22 -4 -19 -25 -2 27 29 -28 -27
right_child=1 5 22 10 11 6 -8 8 -10 -11 -12 -13 -14 -15 18 16 19 23 -20 20 21 -23 -24 24 -26 26 28 -29 -30 -31
leaf_value=-0.051042817146516421 -0.041405497907923833 0.011061537492152379 0.043117369793603484 -0.051476276144829559 -0.0021611748732782753 0.036738306623143542 0.047107795384610802 0.020979903354047799 0.015834654377132728 0.046322859914066372 0.043828156066863869 0.0050275794801516822 0.028835504996072299 -0.047761218065402566 -0.052413678503448261 -0.032651518595710548 -0.0021239600185237089 0.06818863420040934 0.2191234898183789 -0.049596414559698841 0.0076315401995766478 -0.030605803378213142 0.012595926917793565 -0.021028240078225246 0.054034269114247448 -0.0098977818579149435 -0.044961867157430835 0.012447735150733066 -0.015620884145342224 -0.025207737474860676
leaf_weight=527.81234155902894 6.9167019066298954 544.03351571038365 31.973107356578112 12.19945143640143 337.72969460734748 59.51143419649452 34.156121831387281 764.50486235530116 484.39990970562212 16.227106845006347 1.4658494591712941 266.21447105903644 22.122365888208151 17.576079650454631 0.13671054528094728 8.5675780834099005 8.3234523721112037 2.6092108200100474 0.2454100872419076 16.72101612978804 7.2960276902340402 66.91825379041984 8.6865303032100183 2.9858168489954551 1.8710573062708133 348.15072540445544 10.460180500136628 15.017703563469693 68.01956181965943 28.966155174013693
leaf_count=836838 6008 4177 67 17329 13148 174 63 2312 1483 43 7 4281 49 23412 207 5965 3755 115 84 13727 3243 52819 44 1882 180 58583 3504 1527 13459 5565
internal_value=0 0.0102394 -0.00330784 -0.0462416 -0.00480812 0.0181367 0.0207953 0.0201168 0.0193349 0.0215066 -0.0289926 0.00100758 0.011756 -0.0297265 -0.0272477 -0.027695 -0.0251786 -0.00396111 0.121976 -0.0286059 -0.0310299 -0.0268467 0.0365968 0.0289621 0.00788877 -0.0121634 -0.0117336 -0.0101729 -0.0195316 -0.0110737
internal_weight=0 3047.09 1122.13 674.728 1081.48 1924.96 1358.8 1324.64 1265.13 780.732 146.916 603.944 566.156 145.45 127.874 127.492 115.292 16.0337 0.382121 99.2587 90.9353 74.2143 40.6596 7.46608 4.85687 477.531 470.614 392.135 78.4797 377.117
internal_count=1074050 114487 106186 959563 106075 8301 4075 4012 3838 2355 122725 17429 4226 122718 99306 99015 81686 8142 291 73544 69789 56062 111 2177 2062 88646 82638 65675 16963 64148
is_linear=0
shrinkage=0.05


Tree=48
num_leaves=31
num_cat=0
split_feature=0 0 1 0 0 0 1 3 0 3 3 2 2 2 1 2 2 3 3 2 1 2 3 2 3 2 2 3 2 3
split_gain=663.673 124.58 25.9544 22.4616 17.6715 12.7414 9.41501 6.44799 3.7466 3.566 4.29298 2.96397 3.05728 2.99321 2.87873 2.93626 5.10311 2.92568 2.82337 5.20002 2.72858 2.61849 2.88471 2.37848 6.89501 2.43756 3.07756 3.21495 2.35206 2.3418
threshold=0.061123824279792356 0.86620967868038068 1.0000000180025095e-35 0.0088049481694041625 0.48090646582193369 0.94875966535953815 1.0000000180025095e-35 152.00000000000003 0.68981449621504665 262710.50000000006 317226.50000000006 159592.50000000003 70671.500000000015 46659.500000000007 1.0000000180025095e-35 1288875.0000000002 1245172.5000000002 6000.5000000000009 23978.000000000004 5746.0000000000009 1.0000000180025095e-35 78363.500000000015 867234.50000000012 370.00000000000006 393.00000000000006 435.50000000000006 642.50000000000011 5097.0000000000009 1159668.5000000002 187005.50000000003
decision_type=2 2 2 2 2 2 2 2 2 2 2 2 2 2 2 2 2 2 2 2 2 2 2 2 2 2 2 2 2 2
left_child=3 2 4 -1 -2 20 7 -7 21 11 -11 12 13 -9 15 16 17 -5 19 -19 -3 -6 -23 24 -10 -25 27 -27 -4 -18
right_child=1 5 28 14 8 6 -8 9 23 10 -12 -13 -14 -15 -16 -17 29 18 -20 -21 -22 22 -24 25 -26 26 -28 -29 -30 -31
leaf_value=-0.050874611681221149 -0.013010788242795238 0.010581065295463071 0.04261988987369774 -0.051356160740753491 -0.00031174753698713534 0.035877736838938412 0.046568483512985787 0.020317479719947507 0.034668096268932039 -0.014709887621283085 0.016103717356793727 0.042017123792993077 -0.013617757031921848 0.045656186915843111 0.042851241791241279 -0.048914992746828305 0.3015055278578106 -0.032008167476849862 -0.028175106558449004 0.026105014167443059 0.028673728316763621 -0.031985800811974482 -0.0074884653493500252 0.035938696898119009 -0.036408239605122253 -0.077718160320832952 0.0038044530451418843 0.025501270044069803 0.013011038816164514 0.055449791114577644
leaf_weight=504.9273522434778 414.69735010600562 539.51640803343616 31.141664251685143 11.617731712267412 141.35017650551163 58.031491868197918 33.139260208234191 760.1078776048962 4.8305820645764497 11.595732090994714 448.56818571733311 16.213418674655259 6.542597245424985 11.83639746531844 1.4032039511948813 16.540527360797569 0.1065360652428341 8.3380309113235835 96.55117992698797 7.1506859933288061 21.676015716046095 13.894457297632469 88.947639389545657 5.8368201823905101 11.620034667372236 2.2977704764343794 385.54646037623752 1.1231096526607869 8.5484056090936047 1.0472872254467802
leaf_count=836838 84576 4177 67 17329 7015 174 63 2299 55 45 1373 46 44 31 7 23412 11 5965 73544 2177 49 1285 4642 89 734 133 7512 34 44 280
internal_value=0 0.00985858 -0.00346052 -0.0459236 -0.00493306 0.0176091 0.0202479 0.0195835 0.00017767 0.01883 0.0153272 0.0208582 0.0204175 0.020706 -0.028412 -0.0291194 -0.026496 -0.0274726 -0.0249961 -0.00517902 0.0112799 -0.00472813 -0.0107982 0.0030906 -0.0155373 0.00386679 0.00338552 -0.0438302 0.0362428 0.0781689
internal_weight=0 3017.06 1109.83 647.683 1070.14 1907.23 1346.03 1312.9 655.447 1254.86 460.164 794.7 778.487 771.944 142.755 141.352 124.811 123.658 112.04 15.4887 561.192 244.192 102.842 411.255 16.4506 394.804 388.967 3.42088 39.6901 1.15382
internal_count=1074050 114487 106186 959563 106075 8301 4075 4012 21499 3838 1418 2420 2374 2330 122725 122718 99306 99015 81686 8142 4226 12942 5927 8557 789 7768 7679 167 111 291
is_linear=0
shrinkage=0.05


Tree=49
num_leaves=31
num_cat=0
split_feature=0 0 1 0 0 0 1 3 2 2 0 2 2 2 1 3 3 2 1 2 2 3 2 2 2 2 23 2 2 3
split_gain=628.036 119.521 24.8752 22.1512 17.0545 12.6086 9.0868 6.2306 3.57897 5.2448 2.91451 2.68733 3.40315 3.04603 2.62709 2.58675 2.73452 4.48826 2.60951 2.65126 5.12601 2.3942 2.34251 2.24061 2.70461 3.39463 2.18944 2.17305 2.12555 2.08877
threshold=0.061123824279792356 0.86620967868038068 1.0000000180025095e-35 0.0088049481694041625 0.53809039466125175 0.94875966535953815 1.0000000180025095e-35 152.00000000000003 329564.50000000006 294861.50000000006 0.7740980979447657 550920.50000000012 425782.50000000006 728670.50000000012 1.0000000180025095e-35 6000.5000000000009 23978.000000000004 5746.0000000000009 1.0000000180025095e-35 1288875.0000000002 1245172.5000000002 38.500000000000007 31223.500000000004 3620.0000000000005 15662.500000000002 21926.000000000004 1.0000000180025095e-35 877998.50000000012 642.50000000000011 393.00000000000006
decision_type=2 2 2 2 2 2 2 2 2 2 2 2 2 2 2 2 2 2 2 2 2 2 2 2 2 2 2 2 2 2
left_child=3 2 4 29 26 14 7 -7 9 -9 28 12 -10 -13 21 -5 17 -17 19 20 23 -3 -4 -18 -25 -26 -2 -15 -6 -1
right_child=1 5 22 15 10 6 -8 8 11 -11 -12 13 -14 27 -16 16 18 -19 -20 -21 -22 -23 -24 24 25 -27 -28 -29 -30 -31
leaf_value=-0.014863562621084592 -0.012340627591533745 0.035605643485323392 0.056025745152284451 -0.051246317722576054 -0.019030866813105889 0.035358217923010693 0.046062331029645402 0.019323793328462034 0.011439132513977603 0.048980140617986931 0.0045463991933789773 0.035038966459910989 -0.027623599289214359 -0.011290060689407957 0.028081895922183343 -0.031532226864989181 -0.0025549102655978693 0.0229182519587834 0.040110019776544832 -0.048629851678203634 0.076708573250092602 0.0097051650620176635 0.028287544444832769 -0.04904022139722039 0.0066297671422553594 -0.029658167249828317 0.065695769666344828 0.014231598632560306 -0.0015482940468250581 -0.051030641860321357
leaf_weight=4.0256164960846936 465.6447256690808 9.076283327303825 10.397674169391392 11.098779244268369 18.408545539306942 56.626972638070583 32.111157963052392 968.05025892681442 15.404431079514326 15.141689382493494 260.78499862668104 17.255810694769025 8.7386048361659032 8.6845073662698251 21.220260202884674 8.129004966842329 8.0548867518773459 7.0813514764013226 1.3586132023483504 15.729771199916284 1.1885843915952126 526.50906964973547 28.403852334246039 15.51120038506633 7.168866579020686 63.807653720232338 0.90057112043723364 210.55591550446115 313.00806189808645 479.66704614432274
leaf_count=5361 88644 34 16 17366 1604 174 63 3052 54 32 4281 52 49 35 49 5965 3755 2252 7 23302 289 4143 95 13727 3243 52819 2 564 11544 831477
internal_value=0 0.00952343 -0.00359938 -0.0456724 -0.0050404 0.0171466 0.0197868 0.019138 0.0183996 0.0197805 0.000592152 0.0131904 -0.00269968 0.0148126 0.0108277 -0.0280906 -0.0260833 -0.0061822 -0.0287664 -0.0296059 -0.0264801 0.0101441 0.0357206 -0.0277773 -0.0301264 -0.025993 -0.01219 0.0132206 -0.00251936 -0.0507296
internal_weight=0 2986.92 1097.55 622.821 1058.75 1889.37 1332.57 1300.46 1243.83 983.192 592.202 260.639 24.143 236.496 556.806 139.129 128.03 15.2104 112.82 111.461 95.7312 535.585 38.8015 94.5426 86.4877 70.9765 466.545 219.24 331.417 483.693
internal_count=1074050 114487 106186 959563 106075 8301 4075 4012 3838 3084 17429 754 103 651 4226 122725 105359 8217 97142 97135 73833 4177 111 73544 69789 56062 88646 599 13148 836838
is_linear=0
shrinkage=0.05


Tree=50
num_leaves=31
num_cat=0
split_feature=0 0 1 0 0 0 1 3 2 3 3 3 2 3 1 24 2 2 2 3 3 3 3 3 3 2 2 0 2 3
split_gain=594.05 122.364 24.9491 18.4019 13.6577 12.4911 8.80985 5.88794 3.55265 3.94612 3.3746 4.61551 3.04681 2.54068 2.53273 2.5121 4.0212 4.55383 3.33289 2.63274 2.4966 4.83691 2.26715 2.222 2.27636 3.11701 2.91821 2.39017 2.31864 2.3702
threshold=0.043984350660107828 0.86620967868038068 1.0000000180025095e-35 0.48090646582193369 0.0088049481694041625 0.94875966535953815 1.0000000180025095e-35 152.00000000000003 219020.50000000003 49821.500000000007 867234.50000000012 884755.50000000012 8.9884656743000007e+307 38.500000000000007 1.0000000180025095e-35 1.0000000180025095e-35 156.50000000000003 64.000000000000014 3620.0000000000005 227.00000000000003 393.00000000000006 397.00000000000006 393.00000000000006 2646.5000000000005 6000.5000000000009 7912.0000000000009 7386.5000000000009 0.096052811190413576 1694852.0000000002 8.9884656743000007e+307
decision_type=2 2 2 2 2 2 2 2 2 2 2 2 2 2 2 2 2 2 2 2 2 2 2 2 2 2 2 2 2 2
left_child=4 2 3 23 -1 14 7 -7 9 13 -10 -12 -9 -5 20 16 17 -15 19 -18 -3 -22 -19 -2 25 27 -26 -25 -28 -30
right_child=1 5 -4 8 -6 6 -8 12 10 -11 11 -13 -14 15 -16 -17 18 22 -20 -21 21 -23 -24 24 26 -27 28 -29 29 -31
leaf_value=-0.050584041225714055 -0.032812865803508104 0.025412018008400258 0.035743280751412629 0.029411428869361739 -0.030504954275771164 0.034689717419110019 0.045662943948398593 0.018936162493778299 -0.027943649807830252 0.0059974641421488058 0.059421210479208987 -0.0046571931279809735 0.011333686199625045 0.017746641483826278 0.027508430645398832 0.055877406210193083 -0.043180780499450622 0.049494405439408001 -0.010619427417499791 0.0074581205411818549 -0.08042217556448622 0.0092583938902908152 -0.048192580029442961 -0.051660030080788559 -0.024131114799970571 -0.058175709080002941 -0.0098249353896129044 0.016496860608777388 -0.042781466545150387 -0.016303530674362934
leaf_weight=463.53659483322008 14.393778528654364 24.25525889871642 37.796782142482698 5.4993024277500799 103.6213844120266 55.28502928186208 31.087837627157569 1082.3141441810876 15.522575781826161 275.62187046190957 2.8515748213976613 193.63861682452261 150.05962068890221 3.9883806765428771 20.841451108455658 1.66525088995695 2.6800520078977561 0.62436818715650488 68.020885105303023 60.698392831603996 1.508004265371709 506.55540442513302 12.1893311470194 1.4023965018495861 56.821217618969968 1.8099383610096982 275.77888803085079 15.541177717001117 9.7851568013866181 62.033793526468799
leaf_count=836838 11946 101 114 194 105697 174 63 3435 1142 7257 15 6245 403 117 49 2 210 9 2844 2123 61 4015 1341 900 14308 643 52920 1488 3986 15410
internal_value=0 0.00889837 -0.00418716 -0.00558388 -0.0469155 0.0167163 0.0193616 0.0187266 -0.000201286 0.0024054 -0.00550026 -0.00372725 0.0180104 -0.00396698 0.0104098 -0.00519179 -0.00587799 -0.0289102 -0.00293284 0.00531678 0.00974038 0.00899221 -0.0434326 -0.0134936 -0.0128364 0.00419326 -0.0136261 0.0108556 -0.0119089 -0.0199111
internal_weight=0 2990.27 1118.36 1080.57 567.158 1871.91 1318.75 1287.66 643.001 430.988 212.013 196.49 1232.37 155.366 553.16 149.867 148.201 16.8021 131.399 63.3784 532.319 508.063 12.8137 437.566 423.173 18.7535 404.419 16.9436 347.598 71.819
internal_count=1074050 131515 123214 123100 942535 8301 4075 4012 21499 14097 7402 6260 3838 6840 4226 6646 6644 1467 5177 2333 4177 4076 1350 101601 89655 3031 86624 2388 72316 19396
is_linear=0
shrinkage=0.05


Tree=51
num_leaves=31
num_cat=0
split_feature=0 0 0 1 0 0 1 3 1 3 23 2 3 3 2 2 2 3 3 2 2 3 3 2 3 2 3 3 2 2
split_gain=562.713 118.092 22.2497 21.4478 13.4671 8.85474 8.53532 5.56263 5.2632 3.92393 3.44148 3.07944 2.99293 5.97155 4.58029 8.15856 4.33601 4.07246 6.43758 10.2861 7.29546 4.13327 5.9806 4.21837 3.61016 2.64777 2.52409 4.72505 3.84933 4.34126
threshold=0.043984350660107828 0.7740980979447657 0.94875966535953815 1.0000000180025095e-35 0.0088049481694041625 0.37969951586789719 1.0000000180025095e-35 152.00000000000003 1.0000000180025095e-35 38.500000000000007 1.0000000180025095e-35 746738.00000000012 3321.0000000000005 6000.5000000000009 6493.0000000000009 1246.5000000000002 2563.5000000000005 1739.5000000000002 3014.0000000000005 144.50000000000003 1074.5000000000002 1481.0000000000002 1326.5000000000002 64.000000000000014 9983.0000000000018 137122.00000000003 68784.500000000015 24717.000000000004 9254.0000000000018 10859.000000000002
decision_type=2 2 2 2 2 2 2 2 2 2 2 2 2 2 2 2 2 2 2 2 2 2 2 2 2 2 2 2 2 2
left_child=4 3 8 5 -1 -2 7 -4 9 -3 -7 12 14 -14 15 17 -17 21 19 -19 -21 22 23 -11 -15 -10 27 -9 -29 -30
right_child=1 2 6 -5 -6 10 -8 26 25 11 -12 -13 13 24 -16 16 -18 18 -20 20 -22 -23 -24 -25 -26 -27 -28 28 29 -31
leaf_value=-0.050449257717603925 -0.014748756301638445 0.034523358653799921 0.03402443419380561 0.03455454456203047 -0.030212106000850981 -0.0044687134591579374 0.045257775900919575 0.017242655519162427 0.050005884495442722 0.038536525219471408 0.068001683114083986 0.00048116206237599807 0.030291005511859426 -0.013066677336842695 -0.041884529155154782 0.053195637382584531 -0.0003925764973894146 0.056660514239896265 0.020495950191612804 -0.086287822554927063 0.068904477859136171 0.05626157107333072 -0.093786153077344087 -0.0080881882001738476 0.0093765405386672905 0.018068149882288331 0.015262487189971079 0.021559054915562495 0.05770247587409584 0.028111625234642501
leaf_weight=443.83968105618442 351.33388376103539 13.339026188012211 53.982030616141856 29.60800008662045 100.8959563578137 459.00297545806825 30.09443767182529 467.86552961077541 10.197218537330629 6.2474934095516863 1.6440565241500724 140.63183230429422 33.713198268786073 18.574993591057137 6.2494616461917749 10.311976401600988 5.9544648844748727 1.8835585601627816 4.6953098780941209 8.1435744265327195 0.834910864010454 3.2379150576889506 1.7178035285323847 21.706682770862244 506.80827689054422 17.847964334301651 587.53160942043178 108.81962621118873 18.255130279809237 38.610730584710836
leaf_count=836838 93251 73 174 90 105697 25561 63 1513 20 19 7 1791 292 256 172 56 54 15 53 295 5 16 61 427 4873 53 1875 325 27 98
internal_value=0 0.00859784 0.0148955 -0.00724582 -0.0467009 -0.00877002 0.0189387 0.0183175 0.00839764 0.00763635 -0.00421007 0.00717101 0.00866416 0.00989203 -0.00100717 0.00293917 0.0335792 -0.00734416 -0.0284241 -0.0495707 -0.0718565 0.00262088 -0.00323259 0.00233199 0.00858306 0.0296807 0.0176231 0.0198122 0.0270683 0.0376109
internal_weight=0 2958.84 2117.25 841.589 544.736 811.981 1305.16 1275.06 812.096 784.05 460.647 770.711 630.08 559.096 70.9832 64.7337 16.2664 48.4672 15.5574 10.862 8.97849 32.9099 29.672 27.9542 525.383 28.0452 1221.08 633.551 165.685 56.8659
internal_count=1074050 131515 12606 118909 942535 118819 4075 4012 8531 8458 25568 8385 6594 5421 1173 1001 110 891 368 315 300 523 507 446 5129 73 3838 1963 450 125
is_linear=0
shrinkage=0.05


Tree=52
num_leaves=31
num_cat=0
split_feature=0 0 1 0 0 0 1 3 0 3 2 3 3 3 3 3 3 3 2 2 3 1 2 3 3 3 3 2 2 0
split_gain=535.404 116.178 22.8364 17.2512 13.5526 10.5785 8.25492 5.20097 3.15148 2.75832 3.46186 2.74497 6.97642 3.63026 3.44591 3.03634 2.66988 2.97726 5.96491 2.89596 2.62635 2.66204 2.6094 2.45139 3.81412 3.93205 3.18621 2.64379 2.60443 2.3764
threshold=0.043984350660107828 0.86620967868038068 1.0000000180025095e-35 0.60678019017954943 0.0030842274181046617 0.94875966535953815 1.0000000180025095e-35 152.00000000000003 0.33581906297173442 393.00000000000006 4151.5000000000009 6000.5000000000009 4095.0000000000005 9983.0000000000018 393.00000000000006 647.50000000000011 279065.50000000006 478812.50000000006 63181.500000000007 37969.000000000007 10904.500000000002 1.0000000180025095e-35 159592.50000000003 915755.50000000012 884755.50000000012 813523.00000000012 761101.50000000012 123701.00000000001 68829.000000000015 0.01473053741135971
decision_type=2 2 2 2 2 2 2 2 2 2 2 2 2 2 2 2 2 2 2 2 2 2 2 2 2 2 2 2 2 2
left_child=4 2 3 8 9 11 7 -7 -2 10 -1 12 14 -13 -3 -16 22 18 19 -18 -15 -22 -9 24 25 26 27 28 -19 -6
right_child=1 5 -4 -5 29 6 -8 16 -10 -11 -12 13 -14 20 15 -17 17 23 -20 -21 21 -23 -24 -25 -26 -27 -28 -29 -30 -31
leaf_value=-0.051499096355930529 -0.015262720419724438 0.026848926177819935 0.034565845822738396 0.0008160840297085309 -0.040219130836431041 0.033245638032236 0.044793626317919694 0.018580377199030888 -0.0076566273095928783 -0.051787385899547012 0.055521513722603159 -0.018190355211788609 0.048221203321297645 0.054512053399146825 -0.034136008539580535 0.007708643797721031 -0.0016187316026541805 0.018446157272898927 -0.042073587565067065 0.032786881607194361 0.0082338598639758454 0.026760418099413066 0.039377802859273218 0.013824918367122822 0.065591896838040981 -0.014585265995483499 0.061026367257562546 -0.0079476017852177384 0.05419128773362844 -0.027379669021731359
leaf_weight=1.7078779908770223 313.31718710123823 23.097603105474263 36.117398467846215 505.45805136027047 68.132370359184279 52.902474422007799 29.193802252411842 757.59872170374729 240.89056036947295 378.00726039295478 1.3552671465076853 12.240629496052859 16.012402910739183 3.2045623781159511 4.9156773681752375 36.713164869695902 17.527727600187067 19.093718056567017 6.78394875768572 9.3940271176397783 422.70241985027678 20.321603961288929 15.388434574939309 352.57467329315841 5.3365400917828074 6.6568677350878707 5.8463092446327201 6.3708481583744279 6.9510004296898833 76.505954498097708
leaf_count=3628 88918 101 114 13109 130961 174 63 2394 21073 740116 320 142 79 18 162 426 73 74 42 34 3249 49 46 1065 11 30 16 36 17 67510
internal_value=0 0.00834537 -0.00453151 -0.0058641 -0.0464585 0.0160524 0.0185081 0.0179002 -0.0119567 -0.0514045 -0.00414858 0.0101701 0.0186712 0.00867302 0.0113609 0.00276748 0.017229 0.0141031 -0.000171986 0.0103867 0.00940992 0.00908368 0.0189944 0.0152975 0.0256287 0.0208809 0.0270514 0.0209238 0.0279861 -0.0334277
internal_weight=0 2926.61 1095.78 1059.67 525.709 1830.83 1291.62 1262.43 554.208 381.07 3.06315 539.208 80.7388 458.469 64.7264 41.6288 1209.52 436.536 33.7057 26.9218 446.229 443.024 772.987 402.83 50.2553 44.9187 38.2619 32.4156 26.0447 144.638
internal_count=1074050 131515 123214 123100 942535 8301 4075 4012 109991 744064 3948 4226 768 3458 689 588 3838 1398 149 107 3316 3298 2440 1249 184 173 143 127 91 198471
is_linear=0
shrinkage=0.05


Tree=53
num_leaves=31
num_cat=0
split_feature=0 0 0 1 0 0 1 3 0 3 2 2 2 3 0 3 0 2 2 2 2 2 1 2 3 3 2 2 3 3
split_gain=508.474 90.962 42.444 19.5557 11.9306 10.1826 7.9426 4.86278 3.16439 2.79851 2.60459 2.54036 2.50222 5.80812 2.40077 2.32863 2.6455 2.32539 4.59273 2.30111 2.22679 2.19507 2.06164 2.10098 2.17678 5.08446 2.81093 6.79738 3.65588 3.57795
threshold=0.11665055024126079 0.86620967868038068 0.01473053741135971 1.0000000180025095e-35 0.68981449621504665 0.94875966535953815 1.0000000180025095e-35 152.00000000000003 0.0019437620776660012 3646.0000000000005 1159668.5000000002 550920.50000000012 370.00000000000006 393.00000000000006 0.37969951586789719 393.00000000000006 0.0021963867857682511 329564.50000000006 281246.00000000006 435.50000000000006 902.00000000000011 435.50000000000006 1.0000000180025095e-35 518026.50000000006 6000.5000000000009 4095.0000000000005 1246.5000000000002 2826.5000000000005 1742.0000000000002 38.500000000000007
decision_type=2 2 2 2 2 2 2 2 2 2 2 2 2 2 2 2 2 2 2 2 2 2 2 2 2 2 2 2 2 2
left_child=2 3 8 4 14 11 7 -7 -1 -4 -5 22 13 -6 -2 16 -10 18 -9 -14 21 -11 23 24 25 26 29 -28 -29 -3
right_child=1 5 9 10 12 6 -8 17 15 20 -12 -13 19 -15 -16 -17 -18 -19 -20 -21 -22 -23 -24 -25 -26 -27 27 28 -30 -31
leaf_value=-0.051771327537101369 -0.01325116699429673 0.033773551798211961 -0.047964615731504623 0.041036467591049335 0.030645303067678042 0.032565478609198305 0.044324207235405547 0.017524636513422592 0.057491558309623006 -0.032294021704274527 0.008419975874892455 0.0027588998941379113 0.035756677816426684 -0.036732082272324197 -0.0065317000948596458 -0.042457752159047894 -0.051318287642233944 0.012626688025976281 0.041490317573325969 0.0023999252795280143 -0.020975727618545652 0.026391194044406686 0.033178919812815816 0.03873901813196489 0.0088268362208768405 0.044288413422589087 0.054474830322950231 -0.064390414816746025 0.01291220875041464 -0.0019456593100210221
leaf_weight=343.12215773444223 230.8324639145394 8.7147202799096686 9.2996337766708148 26.841812718659639 4.4747568393358952 51.736749355681241 28.339057208970189 930.24099195492454 1.2522687705059063 2.3621312139948705 7.9287435887381426 100.49354530777782 5.2430782024748614 11.214546840346882 313.41655277671816 85.546124580981996 1.008475362199533 250.74178539775312 20.42989294975996 372.15030449774349 173.0714380259742 4.8963239455624716 10.778267275542019 6.7328551169484845 335.25140051124617 14.971907535567878 10.651246241293849 2.0185782620683295 6.3123571909964085 35.858278262894601
leaf_count=697189 45967 34 14788 66 55 174 63 3039 171 1159 42 901 89 734 21292 175138 2527 754 45 7679 97992 861 24 21 2512 79 35 65 47 508
internal_value=0 0.00911876 -0.0409295 -0.00322176 -0.00458764 0.0157346 0.0181482 0.0175563 -0.0496039 -0.0212172 0.0335989 0.00991812 0.00204996 -0.0175153 -0.00938163 -0.0411341 0.00895354 0.0169099 0.0180397 0.00286335 -0.0198379 0.00729317 0.0115863 0.0110328 0.010582 0.0180752 0.0119001 0.0280133 -0.00581815 0.00503801
internal_weight=0 2785.37 620.559 972.102 937.332 1813.27 1281.49 1253.15 430.929 189.63 34.7706 531.783 393.083 15.6893 544.249 87.8069 2.26074 1201.41 950.671 377.393 180.33 7.25846 431.29 420.511 413.778 78.5271 63.5552 18.9822 8.33094 44.573
internal_count=1074050 84225 989825 75924 75816 8301 4075 4012 875025 114800 108 4226 8557 789 67259 177836 2698 3838 3084 7768 100012 2020 3325 3301 3280 768 689 147 112 542
is_linear=0
shrinkage=0.05


Tree=54
num_leaves=31
num_cat=0
split_feature=0 0 0 1 0 1 0 1 3 3 3 2 23 2 2 0 3 3 2 2 2 3 2 2 3 2 3 2 3 3
split_gain=482.63 109.838 18.4781 17.8832 13.6464 7.65791 7.19148 4.98237 4.83121 6.13734 4.65741 3.43959 3.23586 2.81052 3.14905 5.21878 2.63606 2.3252 2.91773 2.27961 2.25072 2.24343 3.32769 4.72334 3.36428 2.23492 3.5146 2.38616 3.54453 4.91663
threshold=0.043984350660107828 0.7740980979447657 0.94875966535953815 1.0000000180025095e-35 0.0030842274181046617 1.0000000180025095e-35 0.37969951586789719 1.0000000180025095e-35 393.00000000000006 647.50000000000011 152.00000000000003 746738.00000000012 1.0000000180025095e-35 518026.50000000006 314735.50000000006 0.86620967868038068 8.9884656743000007e+307 393.00000000000006 4151.5000000000009 301987.50000000006 779250.50000000012 6000.5000000000009 6493.0000000000009 5746.0000000000009 27365.500000000004 435.50000000000006 2635.5000000000005 145340.50000000003 867234.50000000012 884755.50000000012
decision_type=2 2 2 2 2 2 2 2 2 2 2 2 2 2 2 2 2 2 2 2 2 2 2 2 2 2 2 2 2 2
left_child=4 3 7 6 17 10 -2 8 -3 -10 -4 13 25 14 19 -16 -13 18 -1 -11 -5 -6 23 -23 -25 26 -8 -27 -29 -30
right_child=1 2 5 20 21 -7 12 -9 9 11 -12 16 -14 -15 15 -17 -18 -19 -20 -21 -22 22 -24 24 -26 27 -28 28 29 -31
leaf_value=-0.051428972071706637 -0.014566743350088413 0.026375557857213922 0.031979722167263754 0.040770808180043722 -0.052308634514423684 0.04382004282844032 -0.0072005782017172107 0.02924588832547605 -0.039752279029415728 0.0083675122839610809 0.016487045416043691 -0.024456666621145592 0.068210015210402528 0.024525778142566023 -0.045087675661435622 0.0031243370542665917 0.0016852219942436076 -0.051651195809444231 0.050836957480537896 0.041866027378565179 0.0097748305901041981 -0.022813887737189724 -0.034165763415459731 0.070226931183966071 -0.047732132235548647 -0.0013818963825463452 -0.053298306626634311 -0.031328894656157756 0.053265507002645221 -0.0079897679268915913
leaf_weight=1.5741253167216194 339.94493113850331 31.424590548500419 50.565280186012387 19.704407388344411 13.152200177224584 27.44077873788774 12.908483430168419 26.483188377693295 7.1477017928846172 515.29005399951711 1193.465570058208 10.434209644445216 1.5069539342075575 26.111587627325207 7.1228270712308577 26.481157273054123 127.20568016101606 346.78797180222318 1.2523647356611034 5.1292224375065407 8.3336573382839543 16.495246646949457 104.1608830842124 2.5557103749379162 0.79171340078755736 256.98650423192885 6.0834561008377923 16.084636265761219 3.3470294839935368 153.97355295642046
leaf_count=3628 93251 212 174 44 26220 63 1522 73 329 5561 3838 295 7 206 140 183 1496 740116 320 36 46 17826 152735 219 1471 12787 1004 1797 24 8427
internal_value=0 0.00779996 0.0139722 -0.00768426 -0.0460395 0.0176931 -0.00907554 0.00792872 0.0071823 0.0063503 0.0171168 0.00680939 -0.0049355 0.00849531 0.00773978 -0.00709486 -0.000296543 -0.0512831 -0.00611686 0.00869767 0.031558 -0.0326734 -0.0305908 -0.0118246 0.0423279 -0.00518079 -0.0219665 -0.00444008 -0.00897231 -0.00668655
internal_weight=0 2873.18 2054.3 818.874 486.77 1271.47 790.836 782.83 756.347 724.922 1244.03 717.775 450.891 580.135 554.023 33.604 137.64 349.614 2.82649 520.419 28.0381 137.156 124.004 19.8427 3.34742 449.384 18.9919 430.392 173.405 157.321
internal_count=1074050 131515 12606 118909 942535 4075 118819 8531 8458 8246 4012 7917 25568 6126 5920 323 1791 744064 3948 5597 90 198471 172251 19516 1690 25561 2526 23035 10248 8451
is_linear=0
shrinkage=0.05


Tree=55
num_leaves=31
num_cat=0
split_feature=0 0 1 0 0 0 1 3 0 3 2 24 2 2 2 2 2 3 0 3 3 2 2 2 2 2 3 2 3 2
split_gain=456.537 105.687 19.2502 15.0275 14.0574 9.1477 7.39558 4.46228 2.51007 2.35819 2.53584 3.09401 2.47765 3.17514 2.91201 3.65936 2.99919 2.79102 2.2106 2.16544 2.1491 2.65311 2.14703 2.12134 2.06079 4.0904 8.60973 5.16035 4.85736 2.10068
threshold=0.043984350660107828 0.86620967868038068 1.0000000180025095e-35 0.60678019017954943 0.0030842274181046617 0.94875966535953815 1.0000000180025095e-35 152.00000000000003 0.33581906297173442 38.500000000000007 642.50000000000011 1.0000000180025095e-35 219020.50000000003 189759.50000000003 518026.50000000006 746738.00000000012 850848.00000000012 8.9884656743000007e+307 0.01473053741135971 8.9884656743000007e+307 393.00000000000006 4151.5000000000009 31223.500000000004 550920.50000000012 64.000000000000014 72.500000000000014 643.50000000000011 67.500000000000014 393.00000000000006 8.9884656743000007e+307
decision_type=2 2 2 2 2 2 2 2 2 2 2 2 2 2 2 2 2 2 2 2 2 2 2 2 2 2 2 2 2 2
left_child=4 2 3 8 20 23 7 -7 -2 -5 11 -11 13 -12 17 -16 -17 -14 -6 -15 21 -1 -4 -3 -9 26 27 28 -26 -27
right_child=1 5 22 9 18 6 -8 24 -10 10 12 -13 14 19 15 16 -18 -19 -20 -21 -22 -23 -24 -25 25 29 -28 -29 -30 -31
leaf_value=-0.051382007594204082 -0.015002165572245553 0.010917760377114109 0.053680288829851819 0.032380189649406664 -0.03901177167213149 0.031404410014519206 0.043339921453033822 0.031270918018754729 -0.0080953252402075088 -0.01978651465809244 0.0022562946594444138 0.055192048853093992 -0.059016393436499608 -0.0201021973039376 0.019994540860211178 -0.056555151907142692 -0.0031490559441803207 -0.012652547032160087 -0.026098532658601733 0.038439689888678678 -0.051605178953284994 0.048077415578201853 0.024718722462936805 0.0027689256022974096 0.0022503940558744355 0.016942583535266287 -0.10012055066509223 0.038659274385074598 -0.090960681869688531 0.010496905762763355
leaf_weight=1.4998150833343964 302.06741204282298 423.8037698038388 8.5209209881722909 5.5934266343247137 61.444053537208674 49.4537761695683 26.589250441640615 21.901192966848612 233.01552731408447 24.29645351020736 286.8324441423174 1.4584985598921765 3.6855048291618031 1.8860272674355627 17.743523357436061 2.6914878319948903 112.92390017927391 27.217216133722104 71.952030442966134 9.7231490553822368 331.84014153226235 1.2126219537603899 25.701404010877013 98.410892755491659 4.9335772127378714 1005.6543846901041 2.253410415723919 6.2273133993148804 1.9501421479508279 144.5773559208028
leaf_count=3628 88918 3325 16 112 130961 174 63 43 21073 1497 6870 2 187 74 332 134 3032 745 67510 124 740116 320 98 901 31 3246 39 28 48 403
internal_value=0 0.00751754 -0.00496195 -0.00618872 -0.0457707 0.0149487 0.0172493 0.0166884 -0.0119944 9.91228e-05 -0.000270534 -0.0155405 0.000579421 0.00329384 -0.00435232 -0.00114764 -0.00439233 -0.018182 -0.0320465 0.028929 -0.0512429 -0.00691768 0.0319298 0.00938212 0.0160756 0.0157901 -0.00983785 0.00567916 -0.0241561 0.0161324
internal_weight=0 2849.11 1063.36 1029.13 467.949 1785.76 1263.54 1236.95 535.083 494.052 488.458 25.755 462.703 298.442 164.262 133.359 115.615 30.9027 133.396 11.6092 334.553 2.71244 34.2223 522.215 1187.5 1165.6 15.3644 13.111 6.88372 1150.23
internal_count=1074050 131515 123214 123100 942535 8301 4075 4012 109991 13109 12997 1499 11498 7068 4430 3498 3166 932 198471 198 744064 3948 114 4226 3838 3795 146 107 79 3649
is_linear=0
shrinkage=0.05


Tree=56
num_leaves=31
num_cat=0
split_feature=0 0 0 1 0 1 0 3 3 1 3 23 1 2 2 2 3 2 2 3 0 0 2 3 2 0 2 2 2 3
split_gain=432.244 102.008 17.2529 16.0759 14.0517 7.12683 6.42317 4.80273 5.03445 4.69085 4.16321 3.4199 2.39522 2.3761 2.3572 2.33421 2.09669 3.76546 3.53531 2.80399 2.65875 2.34754 4.15271 1.97554 2.41711 1.93618 1.77793 3.98882 1.79288 1.76102
threshold=0.043984350660107828 0.7740980979447657 0.94875966535953815 1.0000000180025095e-35 0.0030842274181046617 1.0000000180025095e-35 0.42569895731548962 393.00000000000006 647.50000000000011 1.0000000180025095e-35 152.00000000000003 1.0000000180025095e-35 1.0000000180025095e-35 252309.50000000003 137122.00000000003 1807278.0000000002 6000.5000000000009 6493.0000000000009 5746.0000000000009 27365.500000000004 0.016616566037286794 0.0033704726460606926 8.9884656743000007e+307 393.00000000000006 4151.5000000000009 0.42569895731548962 329564.50000000006 281246.00000000006 215462.50000000003 397.00000000000006
decision_type=2 2 2 2 2 2 2 2 2 2 2 2 2 2 2 2 2 2 2 2 2 2 2 2 2 2 2 2 2 2
left_child=4 3 7 6 23 10 -2 -3 -9 15 -4 -8 16 -5 -11 -10 -6 18 -18 -20 21 22 -19 24 -1 -15 27 28 29 -12
right_child=1 2 5 13 12 -7 11 8 9 14 26 -13 -14 25 -16 -17 17 20 19 -21 -22 -23 -24 -25 -26 -27 -28 -29 -30 -31
leaf_value=-0.051336127714441661 -0.014005423361616885 0.026341869703816669 0.030662041558997283 0.042310949462224523 -0.051934621800685046 0.042874495230044357 -0.0051498825128374441 -0.036474826862999694 0.0072402897010232685 0.048882715967192146 0.0030434105360076791 0.071505777807058496 0.056809806593606266 0.033314327445314852 0.017052397160286802 -0.0014186314511598914 -0.019371551575527234 -0.049387673431772097 0.064926881684759227 -0.046925241772904296 -0.025663104017645516 -0.045351224146193164 0.05389335822487306 -0.05153088359099927 0.045412205215131368 -0.009057732952649198 0.0119184059226271 0.038777646276559559 -0.0010179376835031605 0.016868976204263586
leaf_weight=1.4360392063608736 365.27921540267198 31.881814128253609 48.465425420552492 16.096135526895527 12.185211614321814 25.759115841239691 406.10521087203233 6.7460079257143652 617.53374709619675 8.758364677429201 23.655127448029816 1.4602383654564608 0.76031635352410276 5.3550808206200582 17.315794797614217 89.054852169472724 16.305614074524787 2.2811874991311916 2.3901385042663601 0.73188182313788264 47.477428670666995 46.14576431032765 1.6974953917906535 316.96989805716657 1.1728285665449218 5.4296198058873415 244.98983094235882 20.02762146666646 14.838527942076324 874.86103027174249
leaf_count=3628 97329 212 174 35 26220 63 21484 329 6688 20 135 6 6 28 53 1229 17826 5630 219 1471 44458 101410 1231 740116 320 27 754 45 65 2839
internal_value=0 0.00725001 0.013224 -0.00786846 -0.0455368 0.0168465 -0.00919055 0.00734089 0.00652161 0.0069175 0.0163 -0.00487524 -0.0316755 0.0301428 0.0277443 0.00614896 -0.0321962 -0.030141 -0.0100385 0.0387059 -0.0341424 -0.0421739 -0.00532307 -0.0511742 -0.00784247 0.0119819 0.0157093 0.0167043 0.0162203 0.016505
internal_weight=0 2823.61 2023.89 799.726 449.554 1252.6 772.845 771.291 739.409 732.663 1226.84 407.565 129.975 26.8808 26.0742 706.589 129.215 117.03 19.4276 3.12202 97.6019 50.1244 3.97868 319.579 2.60887 10.7847 1178.37 933.382 913.355 898.516
internal_count=1074050 131515 12606 118909 942535 4075 118819 8531 8319 7990 4012 21490 198471 90 73 7917 198465 172245 19516 1690 152729 108271 6861 744064 3948 55 3838 3084 3039 2974
is_linear=0
shrinkage=0.05


Tree=57
num_leaves=31
num_cat=0
split_feature=0 0 1 0 0 0 1 3 0 2 3 1 3 2 2 3 3 3 2 2 3 2 2 3 2 3 3 2 2 2
split_gain=410.104 97.6906 18.9887 14.0643 13.9356 8.76198 6.88078 4.09442 3.47648 2.03165 2.25445 1.98951 2.36738 6.605 4.92961 2.87231 3.96006 8.20728 3.14169 5.72894 4.65659 3.39797 3.48716 2.81296 2.72141 2.69597 2.3343 2.03641 1.97779 1.95572
threshold=0.043984350660107828 0.86620967868038068 1.0000000180025095e-35 0.68981449621504665 0.0088049481694041625 0.94875966535953815 1.0000000180025095e-35 152.00000000000003 0.33581906297173442 625678.00000000012 6000.5000000000009 1.0000000180025095e-35 104441.00000000001 63181.500000000007 16722.500000000004 235368.50000000003 284909.00000000006 357450.50000000006 9254.0000000000018 15662.500000000002 214357.50000000003 33774.000000000007 47679.000000000007 373181.00000000006 20775.500000000004 182918.50000000003 95750.500000000015 55065.000000000007 435.50000000000006 132018.50000000003
decision_type=2 2 2 2 2 2 2 2 2 2 2 2 2 2 2 2 2 2 2 2 2 2 2 2 2 2 2 2 2 2
left_child=4 2 3 8 -1 11 7 -7 28 10 -6 12 13 14 26 18 -17 -18 -14 -20 21 25 -23 -19 -16 -21 -3 -24 -2 -29
right_child=1 5 -4 -5 9 6 -8 -9 -10 -11 -12 -13 15 -15 24 16 17 23 19 20 -22 22 27 -25 -26 -27 -28 29 -30 -31
leaf_value=-0.049933629759357369 -0.036949489763232403 0.011522551250185406 0.032491836127471307 0.0012318744506126193 -0.051179808566871543 0.03028054868870117 0.042385624913833769 0.015319647034401574 -0.0074684769476596677 -0.045500692060893411 -0.021556715200634374 0.024550302516325513 -0.052602299000546526 -0.067089815956466903 0.061359611189001129 0.035613333317801699 -0.038252946164576695 0.040380239666155712 0.026410708739317935 -0.012597529167995154 -0.063064758309711061 0.032006500601194011 -0.089032863846727081 0.0068834380705785694 0.022313559597544261 -0.071272917970643723 -0.036786744698659946 0.041981234869057957 -0.014159950782932688 -0.043779730824204798
leaf_weight=343.42203536029865 9.8493442133549234 171.54745205212384 32.433206182904541 378.82843211016734 7.1003813535262443 47.588194171898067 25.03152390383184 1172.2439881925238 333.45654626178293 13.449339069245978 67.296888485319869 19.035862475633621 3.443529035896062 2.580784471705555 7.4252236839383867 11.758931757882236 10.088844383601097 6.4419029168784609 11.710327979177235 8.5162668949924463 4.3193815425038329 7.680271849036215 0.97866181284189258 231.56649579666555 11.184101975522934 2.5420455923303953 2.5375354867428532 1.2195780798792841 284.95350434943612 1.4612689837813375
leaf_count=836838 8797 1519 114 8557 14887 174 63 3838 25625 25401 65409 49 73 95 25 62 109 25 74 90 31 35 26 1844 78 27 19 10 80121 35
internal_value=0 0.00698979 -0.00516467 -0.0063774 -0.0453879 0.014165 0.0164358 0.0159033 -0.0109656 -0.0276169 -0.0243839 0.00868697 0.00807938 0.0123689 0.0134331 0.00530324 0.0072615 0.00591772 -0.00684985 -0.00274995 -0.0155311 -0.00636447 0.0128672 0.00779006 0.0378931 -0.0260856 0.0108184 -0.0273008 -0.0149213 -0.00476512
internal_weight=0 2800.42 1039.52 1007.09 431.269 1760.9 1244.86 1219.83 628.259 87.8466 74.3973 516.038 497.003 195.275 192.694 301.728 259.856 248.097 41.8713 38.4278 26.7175 22.3981 11.3398 238.008 18.6093 11.0583 174.085 3.65951 294.803 2.68085
internal_count=1074050 131515 123214 123100 942535 8301 4075 4012 114543 105697 80296 4226 4177 1736 1641 2441 2040 1978 401 328 254 223 106 1869 103 117 1538 71 88918 45
is_linear=0
shrinkage=0.05


Tree=58
num_leaves=31
num_cat=0
split_feature=0 0 1 0 0 0 1 3 2 3 2 24 2 3 2 2 2 0 2 2 2 2 3 3 1 3 3 0 3 2
split_gain=389.082 95.1835 18.1899 13.9102 13.7006 7.51905 6.67254 3.90823 3.42628 2.30669 2.235 2.7271 2.36497 2.18482 2.6603 3.01286 5.12007 2.13251 2.08106 2.07529 2.62104 1.93906 2.19058 1.8953 1.84681 1.89637 2.1075 1.80948 2.05741 1.79351
threshold=0.043984350660107828 0.86620967868038068 1.0000000180025095e-35 0.0088049481694041625 0.60678019017954943 0.94875966535953815 1.0000000180025095e-35 38.500000000000007 72.500000000000014 38.500000000000007 642.50000000000011 1.0000000180025095e-35 1653.0000000000002 57301.500000000007 219020.50000000003 356018.00000000006 308749.50000000006 0.33581906297173442 192371.00000000003 64.000000000000014 72.500000000000014 625678.00000000012 6000.5000000000009 950828.00000000012 1.0000000180025095e-35 393.00000000000006 647.50000000000011 0.0019437620776660012 393.00000000000006 435.50000000000006
decision_type=2 2 2 2 2 2 2 2 2 2 2 2 2 2 2 2 2 2 2 2 2 2 2 2 2 2 2 2 2 2
left_child=3 2 4 27 17 24 7 8 -7 -6 11 -11 -12 -14 18 16 -16 29 -15 -9 -21 22 -5 -20 25 -3 -27 -1 -29 -2
right_child=1 5 -4 21 9 6 -8 19 -10 10 12 -13 13 14 15 -17 -18 -19 23 20 -22 -23 -24 -25 -26 26 -28 28 -30 -31
leaf_value=-0.051438640783051749 -0.036252135303866215 0.022530716744823018 0.03201656930764555 -0.051092812143747529 0.030397703663889913 0.0094664602355923975 0.041918917243749007 0.028560794565847245 0.046727512672490958 -0.01924620456855838 0.015438518564616499 0.054384216145257916 -0.0086746309891126572 0.0034971982504715827 -0.0089913218030782671 -0.0015759421669836412 -0.073574179238553347 -0.0084687467912871513 -0.029824179291549881 -0.0066514575722525643 0.014968284277174532 -0.04511561641296382 -0.021305478737078588 0.035000963088994169 0.024074758147125449 -0.027267616535220057 0.0077816263861921796 0.013479533995036059 -0.043162060292775056 -0.014217663279871954
leaf_weight=275.47620326989636 9.5477778971835487 21.840376330539584 31.683125435374677 6.8048689411170917 6.0052958622109136 9.3376586958766001 24.30143997259438 27.663817929103971 18.184037191793323 23.677763106592469 23.574447604478337 1.3280915692448605 73.477408223669045 185.16847088572104 13.647004463477062 140.81801125156926 3.9592272500740355 226.09395067727746 1.2919907341711194 14.192544645979067 1145.5443401434459 12.876926487153467 66.379245485664796 8.8581020869314671 18.875614803284407 4.3294582632370284 458.38618657644838 1.6538986749783351 52.308159859829175 281.94800857879454
leaf_count=697189 8797 101 114 14887 112 50 63 67 48 1497 572 2 2496 3924 402 3766 167 21073 51 146 3701 25401 65409 120 49 162 3914 2028 137621 80121
internal_value=0 0.00675927 -0.00528216 -0.0451226 -0.00646462 0.0138838 0.0159772 0.0154583 0.0340855 -0.00039686 -0.000785533 -0.0153356 2.15686e-05 -0.000829154 0.000800462 -0.00401405 -0.0235145 -0.0121129 0.00470555 0.0150265 0.0147037 -0.0272234 -0.0240752 0.0267495 0.00873096 0.00813325 0.00745368 -0.0497986 -0.041426 -0.0149394
internal_weight=0 2773.73 1031.08 415.499 999.396 1742.66 1239.22 1214.92 27.5217 481.806 475.801 25.0059 450.795 427.22 353.743 158.424 17.6062 517.59 195.319 1187.4 1159.74 86.061 73.1841 10.1501 503.432 484.556 462.716 329.438 53.9621 291.496
internal_count=1074050 131515 123214 942535 123100 8301 4075 4012 98 13109 12997 1499 11498 10926 8430 4335 569 109991 4095 3914 3847 105697 80296 171 4226 4177 4076 836838 139649 88918
is_linear=0
shrinkage=0.05


Tree=59
num_leaves=31
num_cat=0
split_feature=0 0 1 0 0 0 1 1 23 3 2 1 3 2 2 2 2 2 2 2 2 2 3 3 3 3 2 3 2 2
split_gain=369.048 98.3772 15.1516 14.7807 8.29949 6.44597 6.41776 4.04702 4.02853 3.88676 3.1371 2.54704 2.53758 3.23787 2.10711 1.9197 1.91469 1.95831 1.90011 1.85908 1.81995 5.3001 2.83146 2.01524 1.90134 3.23476 2.00461 1.77282 2.07986 1.7076
threshold=0.030380062479932603 0.7740980979447657 1.0000000180025095e-35 0.94875966535953815 0.0030842274181046617 0.33581906297173442 1.0000000180025095e-35 1.0000000180025095e-35 1.0000000180025095e-35 38.500000000000007 23.500000000000004 1.0000000180025095e-35 38.500000000000007 370.00000000000006 64.000000000000014 137122.00000000003 1807278.0000000002 8.9884656743000007e+307 252309.50000000003 72.500000000000014 593143.50000000012 580687.00000000012 838387.00000000012 647.50000000000011 897056.00000000012 950828.00000000012 850848.00000000012 393.00000000000006 4151.5000000000009 435.50000000000006
decision_type=2 2 2 2 2 2 2 2 2 2 2 2 2 2 2 2 2 2 2 2 2 2 2 2 2 2 2 2 2 2
left_child=4 2 5 7 27 29 9 12 20 10 -5 -6 13 -3 -11 -9 -14 -18 -4 -16 21 23 -22 -7 -24 -26 -27 28 -1 -2
right_child=1 3 18 6 11 8 -8 15 -10 14 -12 -13 16 -15 19 -17 17 -19 -20 -21 22 -23 24 -25 25 26 -28 -29 -30 -31
leaf_value=-0.051232616440431568 -0.035088341145498574 -0.01305398178654657 0.040889300438143178 0.0063180663658480981 -0.034457177579197272 -0.028255317929722669 0.041449547132583524 0.04660667682765917 0.074679325182767334 0.028524584867229898 0.044513422483315884 0.058804854084760022 0.0065967569470501202 0.042501635852226327 -0.0042005587208138869 0.016911266916760564 -0.04394680136971682 1.3078580923221472e-06 0.012793414683029232 0.014594400101243389 -0.040840645525896772 0.059911717142756685 0.038654644323961818 -0.0043541771428761604 -0.071594266588629885 -0.030665095772897583 -0.0070518947681019704 -0.051323836070281528 0.042787293429318918 -0.014581772883413001
leaf_weight=1.2753597381542925 10.503040056362805 3.583049222826955 15.129745896905662 7.4340312518179443 92.194400399440383 9.0623967294668528 23.611876739189029 8.0680977329611796 1.5427056122571219 26.93503818847239 19.417298140004277 0.73795376811176439 620.29133795166854 9.7848373465240002 13.310597217176108 16.723569638095796 2.6130802333354941 84.597611950826831 9.9919295543804747 1139.6816882425919 7.7218938631995107 3.1746819746913379 2.0099309326615176 328.62628012185451 2.1191933958325526 9.8951201956951973 98.034063698316459 278.13927111582416 1.0917377028745248 303.50010511407891
leaf_count=3628 10899 33 35 42 177415 1802 63 20 7 67 56 6 7156 40 146 53 73 1156 55 3701 1176 55 52 19923 297 699 5890 740116 320 99069
internal_value=0 0.00627472 -0.00850273 0.0122671 -0.0466667 -0.00973965 0.0156335 0.00671233 -0.00598396 0.0151284 0.0339387 -0.0337166 0.00602922 0.0276108 0.0147004 0.0265752 0.00562145 -0.0013155 0.0297144 0.0143774 -0.00625411 -0.00439108 -0.0115558 -0.0049956 -0.0095378 -0.010418 -0.00921679 -0.0509571 -0.00786935 -0.0152677
internal_weight=0 2777.36 801.311 1976.05 373.439 776.189 1230.39 745.662 462.186 1206.78 26.8513 92.9324 720.87 13.3679 1179.93 24.7917 707.502 87.2107 25.1217 1152.99 460.644 340.863 119.78 337.689 112.058 110.048 107.929 280.506 2.3671 314.003
internal_count=1074050 152565 139959 12606 921485 139869 4075 8531 29901 4012 98 177421 8458 73 3914 73 8385 1229 90 3847 29894 21780 8114 21725 6938 6886 6589 744064 3948 109968
is_linear=0
shrinkage=0.05


Tree=60
num_leaves=31
num_cat=0
split_feature=0 0 0 1 0 1 1 0 3 0 2 1 3 3 3 23 2 3 3 2 3 3 3 3 2 3 3 2 2 3
split_gain=350.27 94.0616 19.4238 8.41642 8.25536 7.38665 6.1904 3.84297 3.68896 3.42996 2.70789 2.20943 2.11242 4.30582 3.63519 4.23097 2.72637 2.68433 2.53748 2.14179 1.91287 4.91589 2.69501 10.1892 3.47305 3.07418 2.74861 2.47309 5.5473 3.19191
threshold=0.030380062479932603 0.68981449621504665 0.94875966535953815 1.0000000180025095e-35 0.0030842274181046617 1.0000000180025095e-35 1.0000000180025095e-35 0.86620967868038068 152.00000000000003 0.33581906297173442 162984.00000000003 1.0000000180025095e-35 182918.50000000003 399213.50000000006 126445.00000000001 1.0000000180025095e-35 109478.50000000001 413346.00000000006 123560.00000000001 5356.5000000000009 6000.5000000000009 4095.0000000000005 22458.000000000004 28983.500000000004 10371.500000000002 30785.000000000004 17021.500000000004 1246.5000000000002 2826.5000000000005 1742.0000000000002
decision_type=2 2 2 2 2 2 2 2 2 2 2 2 2 2 2 2 2 2 2 2 2 2 2 2 2 2 2 2 2 2
left_child=4 3 5 9 -1 7 8 12 -4 -2 -7 -6 14 19 16 -16 18 -15 -3 -14 21 27 24 -24 26 -25 -22 -9 -29 -30
right_child=1 2 6 -5 11 10 -8 20 -10 -11 -12 -13 13 17 15 -17 -18 -19 -20 -21 22 -23 23 25 -26 -27 -28 28 29 -31
leaf_value=-0.05089185681422425 -0.015224838276507106 -0.0016427747830237835 0.028957294479174219 0.026987530784940574 -0.034103718566418799 0.044548994108996633 0.040993995005075334 0.0022584701485353158 0.014230824541568579 -0.0078650836345037761 0.016176720489925241 0.056062568721426648 -0.056822373898124556 -0.08326856482155412 -0.041916022820290881 0.077705446779182286 -0.056268849662747845 0.00074900104685065531 0.064604119592121853 0.01898117644469368 -0.0060654470769748994 0.042598466644976671 0.051633962453682347 -0.044167450128941653 0.028565750288018135 0.0064277953509613269 -0.044380300290354009 0.050526718643895241 -0.065254439826690339 0.010791780481803209
leaf_weight=268.11974087326325 310.02200087351594 117.65334040496964 44.151394983753562 14.55608640424907 89.733446334522341 14.635272327810524 22.940389771014452 41.621880018152297 1154.5755308180815 323.49491275320179 19.770028525963426 0.68459326028823753 0.9516586777754118 0.95540207577869196 9.5809634665492887 0.80099874734878618 2.259648334409575 192.4575988498982 1.463455932214855 44.727001079590991 27.49568134220317 13.242842876352368 12.667124180588869 3.0281803887337437 6.0649235351011148 350.9131044249516 5.6411150731146327 9.4992655408568698 1.7661891388706843 6.308375901542604
leaf_count=744064 109968 3400 174 63 177415 35 63 542 3838 25625 65 6 19 40 336 1 187 3951 10 613 267 79 60 23 55 2930 74 35 65 47
internal_value=0 0.00605358 0.0111813 -0.010603 -0.046486 0.00553365 0.0152656 0.00461337 0.0147732 -0.0114667 0.0282457 -0.033421 0.000793467 0.00359482 -0.00428993 -0.0326869 -0.00186099 0.00033398 -0.000828873 0.0174019 0.00757544 0.0150599 0.00623943 0.00757185 -0.00622113 0.00599492 -0.0125881 0.00889922 0.0246272 -0.00584218
internal_weight=0 2753.24 2105.17 648.073 358.538 883.504 1221.67 849.099 1198.73 633.517 34.4053 90.418 370.85 239.092 131.758 10.382 121.376 193.413 119.117 45.6787 478.249 72.4386 405.81 366.608 39.2017 353.941 33.1368 59.1957 17.5738 8.07457
internal_count=1074050 152565 16909 135656 921485 12834 4075 12734 4012 135593 100 177421 8557 4623 3934 337 3597 3991 3410 632 4177 768 3409 3013 396 2953 341 689 147 112
is_linear=0
shrinkage=0.05


Tree=61
num_leaves=31
num_cat=0
split_feature=0 0 1 0 0 0 1 23 3 3 1 3 2 2 2 0 3 3 1 2 3 3 3 3 2 3 3 3 2 2
split_gain=332.996 91.6282 14.8324 12.7527 8.21033 6.29193 6.00174 3.75685 3.5691 4.71048 3.63663 3.43465 2.0756 1.99108 3.44051 2.92638 2.58394 2.28392 1.9515 1.90131 6.65891 2.55913 2.0444 4.16911 1.76127 3.1711 2.50499 1.84167 1.75443 1.70571
threshold=0.030380062479932603 0.7740980979447657 1.0000000180025095e-35 0.94875966535953815 0.0030842274181046617 0.48090646582193369 1.0000000180025095e-35 1.0000000180025095e-35 393.00000000000006 397.00000000000006 1.0000000180025095e-35 227.00000000000003 1807278.0000000002 109478.50000000001 88813.000000000015 0.68981449621504665 347071.00000000006 8.9884656743000007e+307 1.0000000180025095e-35 156.50000000000003 2635.5000000000005 3197.5000000000005 943.50000000000011 643.50000000000011 435.50000000000006 2635.5000000000005 1830.5000000000002 227.00000000000003 779250.50000000012 94810.000000000015
decision_type=2 2 2 2 2 2 2 2 2 2 2 2 2 2 2 2 2 2 2 2 2 2 2 2 2 2 2 2 2 2
left_child=4 2 5 8 -1 -2 11 13 -3 -10 12 -5 19 14 24 17 -15 -16 -6 20 22 -22 23 -11 25 26 -7 -26 -4 -8
right_child=1 3 28 6 18 7 29 -9 9 10 -12 -13 -14 16 15 -17 -18 -19 -20 -21 21 -23 -24 -25 27 -27 -28 -29 -30 -31
leaf_value=-0.050809378063245141 -0.013973824854726941 0.023298072445966017 0.039167567313567991 0.027417644477433202 -0.033766463661068592 -0.017497139417660929 0.056347407812291452 0.071448087358660123 -0.074776337920662586 0.031991770992175136 0.025061548859650947 0.013772549181223332 -0.0020404024025885326 -0.049191480976431362 -0.035206523446472002 0.046198798660737651 -0.0086109920392342335 0.024561342590363987 0.053157900520063819 0.0067357851302294386 -0.086997807446307612 -0.018663727256327624 0.041621258061030536 -0.072542504995692245 -0.065323822514330818 -0.060068092900619097 0.047435497142914666 -0.0019912703086419539 0.0096703840411732894 0.028436233382116212
leaf_weight=256.77749569785465 411.44869381951685 30.088479346828535 16.650525916367773 48.051340877078474 87.520793461045287 8.8970129938534193 9.6398248672485369 1.605749669484793 1.8131257039494801 2.4528129575774056 23.95963900256902 1146.1316661676392 85.499182666419074 4.0375123030244131 2.7950170759577286 6.5930959791876376 137.9732285568316 3.7334883017465472 0.65049044927582045 573.58588122890797 2.8949343377025789 2.6012225809972733 4.0738131073303521 1.560742321424186 1.1553400925477024 3.7564096746500573 1.7829816062003381 177.89640973071801 7.229815609753131 12.665943747386335
leaf_count=744064 122651 212 44 189 177415 1010 25 6 128 29 73 3823 1229 666 154 81 6659 103 6 6444 178 49 50 139 190 652 22 7675 46 38
internal_value=0 0.00584763 -0.0085646 0.0116685 -0.0462892 -0.00978113 0.0148016 -0.00485551 0.00643679 0.00571042 0.0059199 0.0143216 0.0052381 -0.00520697 -0.00207424 0.0227022 -0.00976474 -0.00102678 -0.0331252 0.00629794 -0.0121908 -0.0546566 0.0166688 -0.00865824 -0.00375448 -0.0205547 -0.0066569 -0.00239993 0.0302372 0.0404985
internal_weight=0 2730.57 785.555 1945.02 344.949 761.675 1216.49 350.226 728.53 698.441 696.628 1194.18 672.669 348.62 206.61 13.1216 142.011 6.52851 88.1713 587.169 13.5835 5.49616 8.08737 4.01356 193.488 14.4364 10.68 179.052 23.8803 22.3058
internal_count=1074050 152565 139959 12606 921485 139869 4075 17218 8531 8319 8191 4012 8118 17212 9887 338 7325 257 177421 6889 445 227 218 168 9549 1684 1032 7865 90 63
is_linear=0
shrinkage=0.05


Tree=62
num_leaves=31
num_cat=0
split_feature=0 0 1 0 0 0 1 3 0 3 3 3 3 3 3 3 2 3 2 2 3 2 3 3 3 2 3 3 2 2
split_gain=315.692 82.969 16.3416 13.5341 12.0774 5.75769 5.7896 3.35002 2.67764 2.58545 3.47145 2.1487 8.3377 3.50388 2.53143 4.15592 5.11974 2.47371 2.02617 4.60442 3.27147 2.65184 3.26655 3.12035 3.06198 1.86111 1.99362 1.83787 1.82629 5.63439
threshold=0.043984350660107828 0.86620967868038068 1.0000000180025095e-35 0.0088049481694041625 0.68981449621504665 0.94875966535953815 1.0000000180025095e-35 152.00000000000003 0.33581906297173442 6000.5000000000009 4095.0000000000005 22458.000000000004 28983.500000000004 15838.500000000002 40642.000000000007 34851.000000000007 5051.5000000000009 9983.0000000000018 1246.5000000000002 2826.5000000000005 1742.0000000000002 435.50000000000006 2635.5000000000005 2102.5000000000005 3014.0000000000005 1288875.0000000002 6000.5000000000009 43454.500000000007 1074.5000000000002 2563.5000000000005
decision_type=2 2 2 2 2 2 2 2 2 2 2 2 2 2 2 2 2 2 2 2 2 2 2 2 2 2 2 2 2 2
left_child=3 2 4 -1 8 9 7 -7 -2 10 18 13 -13 17 15 -14 -17 -11 21 -20 -21 22 23 -3 -24 26 -5 -16 -19 -30
right_child=1 5 -4 25 -6 6 -8 -9 -10 11 -12 12 14 -15 27 16 -18 28 19 20 -22 -23 24 -25 -26 -27 -28 -29 29 -31
leaf_value=-0.04939181694163234 -0.014740334097775531 0.013354601856334742 0.031336925885797798 -0.050754784225387387 0.00041512047584727082 0.027741006145770266 0.040103455144487279 0.013445694101960596 -0.0080185127777367242 -0.015663529146541851 0.040410339538012069 0.049341530017551954 0.013894203472379275 -0.030856053893848042 0.044696821274882802 0.020011827816354549 -0.066830277564925114 0.052019240533341261 0.049923543066709708 -0.065501854167657081 0.014261405349937523 -0.017358090133648009 -0.0858298732812421 0.07331071833657174 0.0066758406957491551 -0.047782052035500074 -0.02063985667930951 0.006782458173163081 -0.054969782282631864 0.023688254380272323
leaf_weight=277.74052039440539 277.77900600043358 25.566172245307833 28.982370437122881 6.0104314319796677 363.1199726742343 42.501750989817083 21.555201103910804 1146.6587269473821 317.49261532709352 10.011260933708401 12.758965627290307 11.594724964816121 7.0457141548395139 9.6906278862152231 3.2258873702958217 2.494364358484745 5.3103989949449897 2.865483762696388 9.2914347387850302 1.6121107928920526 6.3454424645751715 9.6331332819536311 1.5267116411123418 2.3713695835322133 2.1603979170322418 8.6639016089266061 64.163901648469619 348.3666731689591 2.828880639281123 11.663045586552469
leaf_count=836838 88918 283 114 14887 8557 174 63 3838 25625 142 79 60 65 131 23 24 39 14 35 65 47 140 84 10 25 19991 70819 2850 41 69
internal_value=0 0.00587139 -0.00565279 -0.044202 -0.00677138 0.0125763 0.0144221 0.0139566 -0.0111552 0.00798127 0.0167794 0.00647076 0.00759709 -0.00501876 0.00627624 -0.0139446 -0.039076 0.00412964 0.0116261 0.0260166 -0.00189773 0.00560973 0.0126059 0.0184437 -0.0316278 -0.0259185 -0.0232192 0.00713033 0.0155458 0.0083339
internal_weight=0 2684.45 987.374 356.579 958.392 1697.08 1210.72 1189.16 595.272 486.363 71.2657 415.097 378.038 37.0593 366.443 14.8505 7.80476 27.3687 58.5068 17.249 7.95755 41.2578 31.6247 27.9375 3.68711 78.8382 70.1743 351.593 17.3574 14.4919
internal_count=1074050 131515 123214 942535 123100 8301 4075 4012 114543 4226 768 3458 3061 397 3001 128 63 266 689 147 112 542 402 293 109 105697 85706 2873 124 110
is_linear=0
shrinkage=0.05


Tree=63
num_leaves=31
num_cat=0
split_feature=0 0 1 0 0 1 3 3 3 3 3 3 2 2 2 3 3 3 2 2 2 2 2 3 3 3 2 2 3 3
split_gain=300.744 86.3451 15.0441 12.6911 8.20461 5.83407 5.78382 4.38844 5.15258 4.48027 4.29293 3.40182 4.00502 2.9171 2.68791 6.2301 2.98852 3.99824 3.65712 2.32763 2.24603 2.54374 2.18397 4.55495 2.12551 7.14832 2.70314 5.41674 4.87229 3.08387
threshold=0.030380062479932603 0.86620967868038068 1.0000000180025095e-35 0.53809039466125175 0.0030842274181046617 1.0000000180025095e-35 102244.00000000001 176512.00000000003 190955.50000000003 197942.50000000003 166402.50000000003 38.500000000000007 72.500000000000014 219020.50000000003 8714.0000000000018 161898.50000000003 146963.00000000003 157831.50000000003 13206.000000000002 910.00000000000011 1741219.0000000002 1455534.0000000002 9254.0000000000018 353214.50000000006 284909.00000000006 324393.50000000006 48730.000000000007 39593.000000000007 239025.00000000003 209844.00000000003
decision_type=2 2 2 2 2 2 2 2 2 2 2 2 2 2 2 2 2 2 2 2 2 2 2 2 2 2 2 2 2 2
left_child=4 2 3 20 -1 6 11 10 -9 -10 14 12 -3 -7 15 -8 18 -18 -16 -11 21 -2 23 -21 26 -26 27 29 -28 -24
right_child=1 5 -4 -5 -6 13 7 8 9 19 -12 -13 -14 -15 16 -17 17 -19 -20 22 -22 -23 24 -25 25 -27 28 -29 -30 -31
leaf_value=-0.050640983256396523 -0.012600564307850923 0.0037042153853534461 0.029661791614294088 -0.0019069373241063449 -0.032407289377432778 0.04844844853764195 -0.051437759002506946 0.038659599881134335 -0.032497035013484797 0.025584859453914029 -0.044199134038195871 0.014130509181188383 0.042325387660076957 0.020433775024903025 0.050451130954100844 0.047215141539462699 -0.064284326301020697 0.0023177631379160861 0.005302508155953678 -0.071353557070451906 -0.021615966433815276 0.0099897234693474123 -0.022834418446273194 0.0054606402940088235 -0.042930781190319858 0.0091960630475120941 -0.045982255291005358 0.05769500947613785 0.030805902450844122 0.020668334876673251
leaf_weight=235.81463040645122 368.83876300800148 9.5860841181129235 28.501100500114262 525.10552519431803 83.554680615690813 15.387507103383539 6.1625389093533141 15.217533638700841 6.3677935455925754 22.14535816386342 6.0632690144702783 831.27649041591212 22.394072960596532 23.458286710083485 5.3376021217554799 2.1617300249636173 3.2348671182990056 7.4268313515931368 28.088768307585269 2.573308300226925 69.396997906917022 12.897191703996212 4.6856067199259988 7.7190092550590634 6.6488805068656793 607.47309624659829 4.0980850271880609 9.3617392703890783 4.1655964273959398 31.201354241929948
leaf_count=744064 100861 64 114 17429 177421 45 88 61 28 67 65 3908 68 67 26 7 36 43 156 43 23740 2120 25 49 67 3170 31 22 30 135
internal_value=0 0.0054521 -0.00614564 -0.00719103 -0.0458706 0.012379 0.0119263 0.00880605 0.00987353 0.00925345 -0.00436799 0.0147461 0.0307487 0.0315309 0.00023984 -0.0258186 0.00515993 -0.01789 0.0125119 0.00963321 -0.0133416 -0.0118373 0.00911213 -0.0137446 0.00946449 0.0086317 0.0190217 0.0238242 -0.00727451 0.0149884
internal_weight=0 2686.97 1004.74 976.238 319.369 1682.24 1643.39 780.133 721.657 706.44 58.4756 863.257 31.9802 38.8458 52.4123 8.32427 44.0881 10.6617 33.4264 700.072 451.133 381.736 677.927 10.2923 667.634 614.122 53.5124 45.2487 8.26368 35.887
internal_count=1074050 152565 144264 144150 921485 8301 8189 4149 3728 3667 421 4040 132 112 356 95 261 79 182 3639 126721 102981 3572 92 3480 3237 243 182 61 160
is_linear=0
shrinkage=0.05


Tree=64
num_leaves=31
num_cat=0
split_feature=0 0 0 1 0 1 2 0 2 2 3 3 3 2 3 3 3 2 3 3 2 3 3 3 3 2 2 3 2 3
split_gain=285.872 64.2552 33.775 12.6294 8.25008 5.52425 4.87542 3.37766 3.01836 7.42644 4.02818 14.2404 4.47417 3.66134 3.5685 13.885 19.2686 8.51067 3.61003 4.45241 5.58426 7.49843 13.8237 4.67205 8.73834 3.96218 3.9785 7.59039 3.25122 3.24607
threshold=0.11665055024126079 0.86620967868038068 0.0088049481694041625 1.0000000180025095e-35 0.68981449621504665 1.0000000180025095e-35 2463.5000000000005 0.94875966535953815 1599.5000000000002 1653.0000000000002 14231.000000000002 19615.500000000004 10904.500000000002 1074.5000000000002 7221.0000000000009 5097.0000000000009 4717.5000000000009 1074.5000000000002 38.500000000000007 4095.0000000000005 1246.5000000000002 1326.5000000000002 1481.0000000000002 1739.5000000000002 2102.5000000000005 64.000000000000014 67.500000000000014 393.00000000000006 72.500000000000014 36658.500000000007
decision_type=2 2 2 2 2 2 2 2 2 2 2 2 2 2 2 2 2 2 2 2 2 2 2 2 2 2 2 2 2 2
left_child=2 3 -1 4 -2 6 8 -8 10 -10 12 -12 14 -13 15 16 18 -17 28 20 21 25 -23 -24 -25 -20 27 -27 -3 -11
right_child=1 5 -4 -5 -6 -7 7 -9 9 29 11 13 -14 -15 -16 17 -18 -19 19 -21 -22 22 23 24 -26 26 -28 -29 -30 -31
leaf_value=-0.049139231806113924 -0.0099446659440553878 0.0056937412999423197 -0.020746139420546469 0.028667748524267973 5.4845733002842378e-05 0.030978020916543787 0.0060290721358563617 0.011831485210583076 0.062249380287029116 0.011943688188255835 -0.043328379192460714 0.028049399436836361 0.045059329731679795 0.00019783176987245234 0.002435240497703722 0.055046261748622406 -0.091849725157154533 0.0013514872245957137 0.029865858678425113 0.032660209996448114 0.03224195580672988 -0.10329819524026947 0.037814481910074686 -0.064233819578033965 0.00053734918708234311 0.013206492413356613 0.012613684891752339 -0.084387126234640564 0.040831657754935191 0.0350021290774555
leaf_weight=256.17825807858208 483.94135263507633 9.423767192289235 177.18045743712173 27.635274699889123 359.50529639382148 38.130723223090172 372.48196506686509 767.78710696194321 11.282295001670716 52.163798387162387 13.371594659052787 25.365358837647364 12.933271157089619 22.064209042582661 47.711671000346541 33.746035791002214 4.3442112375050774 9.4452367173507792 29.738172082230449 23.061677072197199 23.133202342316508 3.5610810830257824 6.5947233801707617 5.8822623109444967 45.375021046027541 5.1945770266465825 56.288486301898956 3.2318899331148714 21.83965234644711 21.576012458652258
leaf_count=836838 67259 64 152987 108 8557 112 3286 2614 27 187 71 83 43 72 170 93 39 43 71 63 53 49 34 91 407 38 353 109 68 61
internal_value=0 0.00641128 -0.0375306 -0.00459277 -0.00568254 0.0121658 0.0117251 0.00993606 0.015911 0.0244707 0.014102 0.00224467 0.0162131 0.0150929 0.0150777 0.0172253 0.0124861 0.0433041 0.0144287 0.0119823 0.00931823 0.00591596 -0.0076846 -0.00179911 -0.00689576 0.014759 0.00781701 -0.0242246 0.03024 0.0186905
internal_weight=0 2536.81 433.359 871.082 843.447 1665.73 1627.6 1140.27 487.328 85.0221 402.306 60.8012 341.505 47.4296 328.572 280.86 237.669 43.1913 233.325 202.061 178.999 155.866 61.4131 57.852 51.2573 94.4531 64.715 8.42647 31.2634 73.7398
internal_count=1074050 84225 989825 75924 75816 8301 8189 5900 2289 275 2014 226 1788 155 1745 1575 1439 136 1400 1268 1205 1152 581 532 498 571 500 147 132 248
is_linear=0
shrinkage=0.05


Tree=65
num_leaves=31
num_cat=0
split_feature=0 0 1 0 0 2 1 0 0 2 3 3 3 2 2 2 2 2 3 2 3 2 3 3 2 2 1 0 2 3
split_gain=272.815 81.1387 13.4947 13.0916 10.8995 6.64937 5.10781 3.61106 2.58204 2.22274 2.15447 2.92984 8.41905 8.55295 3.46841 4.99746 3.41486 6.56671 6.64007 2.72551 2.15726 3.24317 3.2284 2.05435 2.87288 2.95405 2.12437 2.27441 2.04641 2.02963
threshold=0.043984350660107828 0.86620967868038068 1.0000000180025095e-35 0.0030842274181046617 0.68981449621504665 2463.5000000000005 1.0000000180025095e-35 0.94875966535953815 0.33581906297173442 779250.50000000012 38.500000000000007 3197.5000000000005 2635.5000000000005 238.50000000000003 1246.5000000000002 370.00000000000006 910.00000000000011 642.50000000000011 5097.0000000000009 23.500000000000004 397.00000000000006 910.00000000000011 1830.5000000000002 6000.5000000000009 6493.0000000000009 5746.0000000000009 1.0000000180025095e-35 0.016616566037286794 219020.50000000003 27365.500000000004
decision_type=2 2 2 2 2 2 2 2 2 2 2 2 2 2 2 2 2 2 2 2 2 2 2 2 2 2 2 2 2 2
left_child=3 2 4 -1 8 10 7 -7 -2 -4 19 12 14 -14 15 -12 17 -13 -19 -3 -17 22 -22 -5 25 -25 27 -26 -8 -27
right_child=1 5 9 23 -6 6 28 -9 -10 -11 11 16 13 -15 -16 20 -18 18 -20 -21 21 -23 -24 24 26 29 -28 -29 -30 -31
leaf_value=-0.050460732024098981 -0.014944043413909244 0.0037658969939733168 0.037542166450958266 -0.051494932926077847 -0.00028817871464687108 0.0054911024262203319 0.04498077326688088 0.011497044723283167 -0.0082633999496292462 0.0068178473932212144 0.016942245956982818 0.014636397678336681 -0.092994026305310576 -0.0013422252718970507 0.02971015518556603 0.0072862934746290593 0.015305140669078808 0.016032914348525978 0.055323855018784063 0.038517062307104492 -0.022494673375400249 0.0049775416512749344 -0.093456192692605189 -0.017282991637585017 -0.040221296547102478 0.061159482320895714 0.059163571147519557 -0.02316299224834948 0.019905411266632943 -0.044178803705754478
leaf_weight=217.02479024779404 270.29996038735044 7.4715865198522833 19.35583884827793 9.1884209416821232 358.89460254163714 372.0086408148054 12.577973924577234 764.79387193243019 311.09368625994102 8.4592912783846241 83.462449819664471 51.454044645885006 3.6742356135509899 8.2861162340268475 28.72149203158915 16.562150780111551 182.04222901724279 17.167286881245673 28.779137552715838 23.044145486783236 7.4497449705377239 8.3374065021052939 2.0421833358705044 13.603704309269235 37.9815891429771 2.2021861483899552 0.65228242753073473 40.246150980703533 23.042297033593059 0.57712249687574502
leaf_count=744064 88918 53 59 26220 8557 3286 39 2614 25625 55 570 264 133 56 72 83 697 63 79 79 52 34 60 17826 108271 219 6 44458 67 1471
internal_value=0 0.00535512 -0.00612451 -0.0434608 -0.00713982 0.0121278 0.0101158 0.00953165 -0.0113693 0.0281981 0.0171629 0.0162679 0.0108386 -0.0294978 0.01413 0.010333 0.0193481 0.0269046 0.0406433 0.0300085 -0.00570658 -0.017776 -0.037762 -0.0289166 -0.0267388 -0.0076863 -0.030696 -0.0314452 0.0287598 0.039286
internal_weight=0 2609.02 968.103 321.476 940.288 1640.92 1172.42 1136.8 581.394 27.8151 468.494 437.978 158.536 11.9604 146.575 117.854 279.443 97.4005 45.9464 30.5157 34.3915 17.8293 9.49193 104.451 95.263 16.383 78.88 78.2277 35.6203 2.77931
internal_count=1074050 131515 123214 942535 123100 8301 6006 5900 114543 114 2295 2163 1060 189 871 799 1103 406 142 132 229 146 112 198471 172251 19516 152735 152729 106 1690
is_linear=0
shrinkage=0.05


Tree=66
num_leaves=31
num_cat=0
split_feature=0 0 1 0 0 2 1 0 3 2 3 3 2 2 3 2 2 2 2 3 3 3 2 3 3 23 2 3 2 2
split_gain=259.05 82.7311 13.5661 11.4681 7.96776 6.79089 3.95077 3.30305 2.17461 2.374 2.32111 10.2576 9.2573 3.0063 6.33406 6.47619 2.93091 3.74698 2.37521 6.2196 4.07351 7.07635 4.11479 2.16915 2.10576 2.01864 2.01085 4.98571 2.01077 1.97759
threshold=0.030380062479932603 0.86620967868038068 1.0000000180025095e-35 0.60678019017954943 0.0030842274181046617 2463.5000000000005 1.0000000180025095e-35 0.94875966535953815 38.500000000000007 23.500000000000004 3197.5000000000005 2635.5000000000005 238.50000000000003 910.00000000000011 5097.0000000000009 642.50000000000011 1246.5000000000002 64.000000000000014 67.500000000000014 393.00000000000006 643.50000000000011 647.50000000000011 144.50000000000003 38.500000000000007 3321.0000000000005 1.0000000180025095e-35 370.00000000000006 393.00000000000006 31223.500000000004 1246.5000000000002
decision_type=2 2 2 2 2 2 2 2 2 2 2 2 2 2 2 2 2 2 2 2 2 2 2 2 2 2 2 2 2 2
left_child=4 2 3 25 -1 8 7 -7 9 -3 11 16 -13 14 24 -16 17 -10 19 -19 22 -22 -20 -5 -12 -2 27 -25 -4 -15
right_child=1 5 28 23 -6 6 -8 -9 10 -11 13 12 -14 29 15 -17 -18 18 20 -21 21 -23 -24 26 -26 -27 -28 -29 -30 -31
leaf_value=-0.050329885345386453 -0.012841302969258173 0.0052423408199450015 0.05313475385318172 0.028951358972823471 -0.031577333768895821 0.0054391097564821722 0.026293103323970082 0.011193658397200091 0.026565849175014745 0.038015620044998456 0.036211885126903126 -0.092420596124804619 -0.0010118648687687663 0.0087305349841297116 0.020223960324854143 0.054099695723373344 0.029312677723288029 0.012173588935775871 0.047037894351192405 -0.081219014135264833 -0.088678248712675281 0.0032450676437681745 0.009774833050158388 0.044708220249624772 0.0051226971186642033 0.071226915782808889 -0.0014882868920781198 -0.031235008385739494 0.020851052829866025 0.019333282851776559
leaf_weight=207.67193830043379 500.62925427507798 7.3130661975592401 6.2624544389545944 5.6808558159973463 77.889088241238824 371.52995882404502 35.277881562709808 758.35692282556556 30.109473389340565 22.607130389194936 6.5627581016160539 4.2469803050626052 7.9633760703727603 73.656093787867576 29.022728062933311 27.45495776552707 28.414348376914859 5.1604439665097734 10.880630997940896 2.7235615118406713 2.2047817923594257 41.525411644484848 23.216120699420571 2.56237890722696 32.026598934084177 0.71508031198754807 431.87570970942033 13.802603123069273 20.98663086257875 109.14856828097254
leaf_count=744064 131037 53 16 112 177421 3286 106 2614 95 79 36 133 56 304 114 79 72 38 46 109 106 289 116 28 177 4 11835 1134 98 393
internal_value=0 0.00494336 -0.00651624 -0.00750854 -0.045215 0.0118534 0.0098159 0.00930144 0.0169672 0.0300052 0.016069 0.0111976 -0.0328055 0.0188117 0.0260234 0.0366916 0.0149227 0.0113924 0.0060621 -0.0200893 0.00871128 -0.00138951 0.0216659 -0.00175108 0.0104099 -0.0127214 -0.00214019 -0.019344 0.0282706 0.0150612
internal_weight=0 2611.92 982.515 955.266 285.561 1629.4 1165.16 1129.89 464.237 29.9202 434.317 156.445 12.2104 277.872 95.067 56.4777 144.235 115.82 85.711 7.88401 77.8269 43.7302 34.0968 453.922 38.5894 501.344 448.241 16.365 27.2491 182.805
internal_count=1074050 152565 144264 144150 921485 8301 6006 5900 2295 132 2163 1060 189 1103 406 193 871 799 704 147 557 395 162 13109 213 131041 12997 1162 114 697
is_linear=0
shrinkage=0.05


Tree=67
num_leaves=31
num_cat=0
split_feature=0 0 0 1 0 2 0 1 3 2 2 2 3 0 2 2 3 2 3 2 2 2 0 3 3 2 3 3 2 2
split_gain=245.702 61.1929 31.4075 11.9561 7.28444 6.21661 3.78911 4.20239 2.61056 2.09976 2.00868 1.97537 1.96476 2.26023 2.68003 2.53446 2.78376 1.79524 2.83068 2.07293 2.05088 2.23496 1.75594 1.94559 1.7353 2.04559 4.00374 4.67777 3.19266 2.75088
threshold=0.11665055024126079 0.86620967868038068 0.0088049481694041625 1.0000000180025095e-35 0.68981449621504665 2463.5000000000005 0.94875966535953815 1.0000000180025095e-35 3646.0000000000005 1159668.5000000002 47679.000000000007 65551.500000000015 18708.000000000004 0.072661120000328969 152719.50000000003 145340.50000000003 994244.00000000012 613349.50000000012 8.9884656743000007e+307 702908.50000000012 580687.00000000012 532860.00000000012 0.0019437620776660012 393.00000000000006 38.500000000000007 642.50000000000011 7534.5000000000009 7221.0000000000009 64.000000000000014 1392.5000000000002
decision_type=2 2 2 2 2 2 2 2 2 2 2 2 2 2 2 2 2 2 2 2 2 2 2 2 2 2 2 2 2 2
left_child=2 3 22 4 17 24 -7 -8 -4 -5 -10 -12 -13 -14 15 16 -15 20 -19 -20 21 -2 -1 -24 -3 28 27 -27 -26 -28
right_child=1 5 8 9 -6 6 7 -9 10 -11 11 12 13 14 -16 -17 -18 18 19 -21 -22 -23 23 -25 25 26 29 -29 -30 -31
leaf_value=-0.050769863959596928 -0.0083499950802265032 0.028280873626932643 -0.04738824324394203 0.036800340722574591 -0.00060949656302361184 0.0055966330905835764 0.011096270960492293 0.035883044762866349 -0.012807458838542597 0.004575918790264125 -0.052997255260730416 0.028473672541836373 -0.029757214218085328 0.017674433780799581 -0.022201220307479355 0.067259428064695079 -0.048729675087363838 -0.035819533881473548 -0.050251409976201658 -0.011193105925666269 0.027766642278098115 -0.054353403877111676 0.018320274835432398 -0.041333374364848394 0.025611520947166472 0.02134794016473146 0.0045799283326970319 0.056733914198965445 0.0073152793958673554 0.019378175022876365
leaf_weight=186.36316184304815 344.84067069474986 29.331366948317736 8.4604305741777335 19.24733587354422 353.73340847546933 387.0965198406484 754.66845513763838 17.496481280773878 73.744931021443335 6.8558718813583246 5.5023960607250038 1.8798721853927407 50.254583792899211 5.3299813007906796 21.432359066224308 1.6006302280875386 2.2422254377015634 14.842822648919535 3.5142781131144138 101.80559121111582 3.8983584563829927 2.6605220555211408 1.4171248986986018 38.518161827997574 29.809377309633419 143.64951738482341 65.995804663747549 9.9887639842927438 119.13524179765955 59.91576889064163
leaf_count=697189 48075 132 19432 66 8557 3334 2614 58 50140 42 6019 632 65639 1037 9040 100 948 3875 585 13839 367 518 2028 137621 95 564 272 28 988 216
internal_value=0 0.00586996 -0.0365219 -0.00497943 -0.00603319 0.0115822 0.00963395 0.0116579 -0.0203122 0.0283368 -0.018898 -0.023988 -0.0220588 -0.0232336 -0.0125216 0.0100949 -0.00198866 -0.0101017 -0.0153773 -0.0124964 -0.00829763 -0.0087022 -0.048731 -0.0392165 0.0165153 0.0157099 0.0182316 0.0236486 0.010977 0.0116218
internal_weight=0 2468.49 396.746 851.399 825.296 1617.09 1159.26 772.165 170.447 26.1032 161.987 88.242 82.7397 80.8598 30.6052 9.17284 7.57221 471.562 120.163 105.32 351.4 347.501 226.298 39.9353 457.826 428.494 279.55 153.638 148.945 125.912
internal_count=1074050 84225 989825 75924 75816 8301 6006 2672 152987 108 133555 83415 77396 76764 11125 2085 1985 67259 18299 14424 48960 48593 836838 139649 2295 2163 1080 592 1083 488
is_linear=0
shrinkage=0.05


Tree=68
num_leaves=31
num_cat=0
split_feature=0 0 1 0 0 0 1 3 2 2 2 3 2 3 3 3 23 3 0 3 3 3 3 3 3 2 2 3 3 3
split_gain=233.603 77.5884 12.8212 10.9158 7.89319 5.88635 4.43678 3.0789 3.14762 2.61726 5.38297 4.11119 3.3673 2.6282 5.28431 2.42772 2.41992 2.39144 2.23632 2.18976 5.34167 3.3219 2.88735 4.12166 4.77529 2.77266 2.61371 2.59975 2.3854 2.50335
threshold=0.030380062479932603 0.86620967868038068 1.0000000180025095e-35 0.48090646582193369 0.0030842274181046617 0.94875966535953815 1.0000000180025095e-35 68784.500000000015 159592.50000000003 238.50000000000003 12504.500000000002 84103.500000000015 6493.0000000000009 214357.50000000003 187005.50000000003 149011.00000000003 1.0000000180025095e-35 81859.000000000015 0.7740980979447657 478812.50000000006 915755.50000000012 884755.50000000012 813523.00000000012 761101.50000000012 681606.00000000012 63181.500000000007 92406.500000000015 982019.50000000012 619721.50000000012 557720.00000000012
decision_type=2 2 2 2 2 2 2 2 2 2 2 2 2 2 2 2 2 2 2 2 2 2 2 2 2 2 2 2 2 2
left_child=4 2 3 -2 -1 -3 7 8 -7 -9 11 17 -13 14 15 -12 18 -11 -5 25 21 22 23 24 28 -15 -27 -22 29 -21
right_child=1 5 -4 16 -6 6 -8 9 -10 10 13 12 -14 19 -16 -17 -18 -19 -20 20 27 -23 -24 -25 -26 26 -28 -29 -30 -31
leaf_value=-0.050134149263782395 -0.014057234083689361 0.0066056684708061522 0.027944792454947732 -0.0058704700345399716 -0.030918757111017221 0.014945523811660527 0.037355205366195209 0.029951289189435799 0.045466830505314033 -0.0034740166348678058 0.017869674146910292 0.0017718330680951012 -0.029239114987446715 0.0049865511368630006 0.046341975727881145 -0.010143248988642165 0.059385392128630338 0.031486232216910374 0.00060662230523307028 0.035162737643346466 -0.015493163364704358 0.064825821291888158 -0.01085134302403408 0.067860012030740754 -0.015556143660880067 -0.062817695323160949 -0.00370484080513942 0.0096047815071201338 0.052824331390437754 -0.011045028715397191
leaf_weight=190.22968653792486 382.77044953335826 464.26159420527983 26.133972307667136 330.26241047120129 74.324095414563089 575.0867330377223 18.828824993222952 16.178126610815525 8.573200137820093 10.312421708367765 43.521037482656538 15.789247376844285 19.645160119980574 38.776865699328482 15.196366050513459 9.4058520933613163 1.5460269162431348 9.3056603968143463 223.41434368479531 8.0898673944175297 10.691308636218308 5.2060136385262004 5.6205670721828929 5.4048497453331938 7.0129244700074187 3.1547753904014817 4.5916001126170158 295.50376931438223 8.3577487338334304 4.5964960958808652
leaf_count=744064 122651 4226 114 17212 177421 2114 63 33 23 35 142 60 102 158 42 43 9 18 4278 33 40 10 27 14 37 24 31 974 27 25
internal_value=0 0.00461002 -0.00659855 -0.00756098 -0.0447358 0.011351 0.0132854 0.0128808 0.0153938 0.0101461 0.00953015 -0.0052542 -0.0154209 0.01128 0.0203533 0.0128914 -0.00308247 0.0131091 -0.0032569 0.00972311 0.011076 0.0273064 0.0223086 0.0278784 0.0201765 -0.0004691 -0.027779 0.00872845 0.0320843 0.0184208
internal_weight=0 2567.24 964.127 937.993 264.554 1603.11 1138.85 1120.02 583.66 536.361 520.183 55.0525 35.4344 465.13 68.1233 52.9269 555.223 19.6181 553.677 397.007 350.484 44.2885 39.0825 33.4619 28.057 46.5232 7.74638 306.195 21.0441 12.6864
internal_count=1074050 152565 144264 144150 921485 8301 4075 4012 2137 1875 1842 215 162 1627 227 185 21499 53 21490 1400 1187 173 163 136 122 213 55 1014 85 58
is_linear=0
shrinkage=0.05


Tree=69
num_leaves=31
num_cat=0
split_feature=0 0 0 1 0 0 1 2 3 2 3 3 3 2 1 2 2 2 0 3 3 3 2 2 3 3 3 2 3 2
split_gain=222.558 51.9514 38.9627 9.5512 6.17867 5.40146 4.21493 3.3922 7.75437 5.18831 4.49373 4.81123 2.87005 2.68583 2.57393 2.56503 2.50909 3.52406 2.94864 2.46314 2.26171 6.05325 3.22086 2.15512 2.58079 2.36833 2.23834 2.0268 2.00167 2.03921
threshold=0.19204907757119541 0.86620967868038068 0.0088049481694041625 1.0000000180025095e-35 0.94875966535953815 0.68981449621504665 1.0000000180025095e-35 910.00000000000011 5097.0000000000009 642.50000000000011 1326.5000000000002 3197.5000000000005 3321.0000000000005 1159668.5000000002 1.0000000180025095e-35 593.00000000000011 580687.00000000012 242584.50000000003 0.10563387865889716 15064.000000000002 915755.50000000012 761101.50000000012 46659.500000000007 137122.00000000003 804627.50000000012 877486.50000000012 8.9884656743000007e+307 370.00000000000006 3646.0000000000005 159592.50000000003
decision_type=2 2 2 2 2 2 2 2 2 2 2 2 2 2 2 2 2 2 2 2 2 2 2 2 2 2 2 2 2 2
left_child=2 3 -1 5 -3 23 7 8 10 -10 15 -12 -13 -5 16 27 17 28 19 -19 21 -9 -22 -2 -25 -26 -27 -6 -4 -30
right_child=1 4 14 13 6 -7 -8 20 9 -11 11 12 -14 -15 -16 -17 -18 18 -20 -21 22 -23 -24 24 25 26 -28 -29 29 -31
leaf_value=-0.048462769876417899 -0.0064987180373691378 0.0063665824147617241 -0.040273184781632609 0.035978015456932709 0.01838084691724302 -0.0009994742384173195 0.036991770757559578 0.012476962898227532 0.020505034197902196 0.053260399134262483 -0.017938513294037763 0.049390911758245448 0.0070287587334299344 -0.0014393694221718487 0.040345440223445467 -0.0093956959230804115 -0.029919775986792525 0.055972463147036515 0.016815247335584742 -0.019310107299603457 -0.027514848425465817 0.041971333043837364 0.0088187644720643787 -0.034055675719732247 0.025399060035876598 -0.046689837542383476 -0.011885439678619171 0.038301278933006805 -0.016214997129857005 -0.038856628712980686
leaf_weight=208.82199985067655 241.57746394855349 462.9435936746886 10.838471597129681 18.130207121372226 65.886348681873642 349.64699448063038 18.357652621343732 593.14084574906155 25.246268722228706 23.197568692266941 20.05820994079113 4.7252224292606142 25.989354390650988 6.5208571339026085 1.8439041143283237 6.9517288673669091 42.409461352817743 1.1627466878271722 13.228416697413193 16.574982470398027 6.2257230505347243 17.921653863042593 300.85735851235222 14.534022040956186 4.1210128896054803 4.7789841716294168 138.44360229244921 15.838388243690131 128.59087795004052 10.778080203192074
leaf_count=836838 26800 4226 22215 64 336 8557 63 2054 69 64 191 16 113 37 17 28 44734 36 2177 13233 35 57 988 3298 282 976 15168 61 82761 8556
internal_value=0 0.006041 -0.0329017 -0.00454565 0.0112282 -0.00554811 0.0132298 0.0128354 0.0189565 0.0361901 0.0129696 0.00110771 0.0135459 0.0260801 -0.0184868 0.0197613 -0.018972 -0.0164094 -0.00105095 -0.0143752 0.0115828 0.013342 0.00808215 -0.00949011 -0.0139543 -0.0119715 -0.0130468 0.0222415 -0.0195756 -0.017966
internal_weight=0 2365.09 434.249 777.753 1587.34 753.102 1124.4 1106.04 187.893 48.4438 139.449 50.7728 30.7146 24.6511 225.427 88.6765 223.583 181.174 30.9661 17.7377 918.146 611.062 307.083 403.455 161.878 147.344 143.223 81.7247 150.207 139.369
internal_count=1074050 63483 1010567 55182 8301 55081 4075 4012 878 133 745 320 129 101 173729 425 173712 128978 15446 13269 3134 2111 1023 46524 19724 16426 16144 397 113532 91317
is_linear=0
shrinkage=0.05


Tree=70
num_leaves=31
num_cat=0
split_feature=0 0 1 0 0 0 1 2 2 1 3 2 3 3 3 3 3 2 2 3 3 3 3 3 2 3 3 3 2 2
split_gain=211.529 74.7617 11.4818 10.2595 7.79614 6.39473 3.97785 4.10571 5.55601 2.20454 2.11618 2.15605 4.44375 1.9992 4.2471 2.26583 1.96825 1.94078 4.41006 2.97902 1.80406 5.18324 7.5836 4.96841 3.65124 5.22911 3.14929 2.90962 4.63184 4.62572
threshold=0.030380062479932603 0.86620967868038068 1.0000000180025095e-35 0.53809039466125175 0.0030842274181046617 0.94875966535953815 1.0000000180025095e-35 1653.0000000000002 1599.5000000000002 1.0000000180025095e-35 38.500000000000007 370.00000000000006 393.00000000000006 6000.5000000000009 4095.0000000000005 9983.0000000000018 393.00000000000006 1246.5000000000002 2826.5000000000005 1742.0000000000002 15064.000000000002 6290.5000000000009 7221.0000000000009 15838.500000000002 4151.5000000000009 4095.0000000000005 5097.0000000000009 75120.500000000015 3185.5000000000005 5051.5000000000009
decision_type=2 2 2 2 2 2 2 2 2 2 2 2 2 2 2 2 2 2 2 2 2 2 2 2 2 2 2 2 2 2
left_child=4 2 3 -2 16 13 7 8 -7 -6 -5 12 -12 14 17 -15 -1 -3 -19 -20 21 24 -23 -22 26 -26 -9 29 -29 -25
right_child=1 5 -4 10 9 6 -8 20 -10 -11 11 -13 -14 15 -16 -17 -18 18 19 -21 23 22 -24 27 25 -27 -28 28 -30 -31
leaf_value=0.0027521600741801677 -0.013470582641850908 0.0017762356507649531 0.026262722569799109 0.027466903642333319 -0.031148444779208181 0.016491064521305786 0.036424050395577633 0.030114630731405457 0.060191471155570157 0.061024434174564463 0.042956944185210989 -0.0025890631697978563 -0.029993350825628332 -0.019249573922321711 0.040247313568837421 0.0052735162913760533 -0.050467297695855153 0.046584816279546054 -0.068270586635601246 0.010299701953815785 0.053094880016773149 -0.053132936869563323 0.0014604292899083309 0.0063348707441159228 -0.021004824002461949 0.028309726795464146 -0.0019345959691194543 -0.02785764780693268 0.0098266818122746177 0.022441078398979727
leaf_weight=1.7549303013902307 420.2933622491455 37.857329238671809 25.563597585074604 5.679236735100857 70.469821008163308 299.03459639672656 17.864859925583005 30.943632015958428 7.4546265527606002 0.65473956265486677 2.4104823238449198 478.13995030205115 15.581915209273573 9.6552051957696658 12.548059779219328 385.45602076756768 173.14490367818871 8.7028567576780933 1.5249824768397946 5.7750751541461796 7.1594057846814385 8.0453410688787681 30.387148861773312 70.894728809595108 14.474763191305103 8.5510969161987287 10.189048167318104 8.2938358876854164 483.70744467712939 120.09812340559438
leaf_count=3948 126721 542 114 147 177415 1228 63 77 15 6 32 15743 1507 142 79 3316 740116 35 65 47 21 28 120 259 78 29 32 25 1752 348
internal_value=0 0.00431004 -0.00679138 -0.00770774 -0.0442574 0.0109744 0.0130199 0.0126395 0.017554 -0.0302999 -0.00288106 -0.00322846 -0.02022 0.00602339 0.0140504 0.00467425 -0.0499333 0.00794713 0.0225453 -0.00611364 0.0107395 0.00455293 -0.00996798 0.0116591 0.0132513 -0.00269092 0.0221757 0.0112247 0.00919142 0.0164626
internal_weight=0 2526.29 947.669 922.105 246.024 1578.62 1117.1 1099.23 306.489 71.1246 501.812 496.132 17.9924 461.52 66.4083 395.111 174.9 53.8602 16.0029 7.30006 792.745 102.591 38.4325 690.154 64.1585 23.0259 41.1327 682.994 492.001 190.993
internal_count=1074050 152565 144264 144150 921485 8301 4075 4012 1243 177421 17429 17282 1539 4226 768 3458 744064 689 147 112 2769 364 148 2405 216 107 109 2384 1777 607
is_linear=0
shrinkage=0.05


Tree=71
num_leaves=31
num_cat=0
split_feature=0 0 0 1 0 0 1 3 3 2 2 2 2 2 3 3 2 3 3 3 2 2 3 3 3 2 2 2 2 2
split_gain=202.272 56.5226 28.1736 9.00784 6.75797 6.18526 3.75007 3.73984 3.38428 2.77737 5.46076 2.76816 2.44449 2.37546 2.30983 1.99849 1.8835 4.77694 3.61468 3.17543 5.10957 2.88142 3.83329 3.81049 1.96731 1.87579 1.86501 1.82285 1.81521 2.4487
threshold=0.11665055024126079 0.86620967868038068 0.0088049481694041625 1.0000000180025095e-35 0.94875966535953815 0.68981449621504665 1.0000000180025095e-35 999826.50000000012 988582.50000000012 162984.00000000003 105656.50000000001 308749.50000000006 289274.50000000006 779250.50000000012 3646.0000000000005 950828.00000000012 74173.000000000015 813523.00000000012 602774.00000000012 373181.00000000006 48730.000000000007 35772.000000000007 157831.50000000003 262710.50000000006 38.500000000000007 27364.500000000004 43757.000000000007 47679.000000000007 550920.50000000012 518026.50000000006
decision_type=2 2 2 2 2 2 2 2 2 2 2 2 2 2 2 2 2 2 2 2 2 2 2 2 2 2 2 2 2 2
left_child=2 3 -1 5 28 -2 7 8 15 10 -9 12 -11 -5 -4 16 17 18 19 21 -21 23 -23 24 -6 -25 -24 -16 29 -3
right_child=1 4 14 13 6 -7 -8 9 -10 11 -12 -13 -14 -15 27 -17 -18 -19 -20 20 -22 22 26 25 -26 -27 -28 -29 -30 -31
leaf_value=-0.048187462313569518 -0.010125847054688119 0.0067242292268568545 -0.046647995005270081 0.03495475020829341 0.02873958560045984 -0.0012545113572570486 0.03589005121784599 0.011754222836553542 0.033887932141646086 0.016596591232897952 -0.030898226589611683 0.0073961166875379574 0.052229177180508651 0.0017923134582907346 -0.012577078845641729 -0.016588622268537342 0.02377418532399066 -0.033507083319721603 0.038255272438405763 0.0064113265482262484 -0.056552029827179773 -0.00022418444196910543 0.059061000821961952 -0.0025538959816354314 0.013100573792391247 -0.050358683155729701 0.026420010704260234 -0.023526103292614602 -0.00066873171702093253 0.038297136235336454
leaf_weight=192.79237323435427 453.93834087094001 363.30422789254226 7.6530819911968129 16.83727947622538 20.772764296270907 346.42617357749259 17.494347294792533 17.498154835775498 21.513030498288572 27.662925099954009 13.138927046209572 226.6747532133013 5.8270763643085948 7.9495644131675354 70.262215571839988 5.3786337524652472 46.283710706280544 5.3940505012869826 14.707001000642775 15.576685944572093 4.0625447807833543 7.1789190610870746 8.9821311980485934 5.9695995934307557 629.52944679837674 3.1268647946417332 8.5339857302606088 82.823176143832825 89.769760809023865 6.246682107448577
leaf_count=836838 67259 3304 19432 57 98 8557 63 74 44 110 74 702 13 51 50140 23 210 26 45 68 32 35 23 37 2348 20 30 83415 901 21
internal_value=0 0.00522198 -0.0352993 -0.00536667 0.0108062 -0.00628602 0.0129245 0.0125552 0.0143261 0.00770172 -0.00653758 0.00937854 0.0227965 0.024319 -0.0198409 0.0137834 0.0139955 0.0133703 0.0137222 0.0132095 -0.00661319 0.0137786 0.0305467 0.0131506 0.0136001 -0.0189866 0.0431581 -0.0185008 0.00570873 0.00725792
internal_weight=0 2389.78 353.531 825.151 1564.63 800.365 1105.31 1087.81 797.009 290.802 30.6371 260.165 33.49 24.7868 160.738 775.496 770.118 723.834 718.44 703.733 19.6392 684.094 24.695 659.399 650.302 9.09646 17.5161 153.085 459.321 369.551
internal_count=1074050 84225 989825 75924 8301 75816 4075 4012 3039 973 148 825 123 108 152987 2995 2972 2762 2736 2691 100 2591 88 2503 2446 57 53 133555 4226 3325
is_linear=0
shrinkage=0.05


Tree=72
num_leaves=31
num_cat=0
split_feature=0 0 0 1 0 1 2 1 3 0 23 3 3 3 2 2 2 3 3 3 3 3 3 3 2 3 3 2 2 2
split_gain=193.231 57.1077 28.9269 7.01165 7.3256 3.73307 3.57144 3.52995 3.58513 3.06588 2.90295 2.8801 3.53555 2.86001 2.15785 3.33754 2.09965 2.64545 2.70303 4.65286 2.03287 1.98489 1.95077 2.5536 2.76576 1.78525 3.6428 1.82346 2.24627 3.93436
threshold=0.48090646582193369 0.01473053741135971 0.94875966535953815 1.0000000180025095e-35 0.7740980979447657 1.0000000180025095e-35 162984.00000000003 1.0000000180025095e-35 999826.50000000012 0.0019437620776660012 1.0000000180025095e-35 393.00000000000006 647.50000000000011 761101.50000000012 109478.50000000001 88813.000000000015 1807278.0000000002 193655.50000000003 306006.00000000006 867234.50000000012 347071.00000000006 854474.50000000012 915755.50000000012 988582.50000000012 117173.00000000001 59025.000000000007 63382.000000000007 2180.0000000000005 6493.0000000000009 5051.5000000000009
decision_type=2 2 2 2 2 2 2 2 2 2 2 2 2 2 2 2 2 2 2 2 2 2 2 2 2 2 2 2 2 2
left_child=1 9 3 4 10 -3 -5 8 13 -1 14 -6 -13 -4 15 25 -14 -18 -19 -20 -16 -17 -15 24 -24 -2 -27 -28 29 -29
right_child=2 5 7 6 11 -7 -8 -9 -10 -11 -12 12 16 22 20 21 17 18 19 -21 -22 -23 23 -25 -26 26 27 28 -30 -31
leaf_value=-0.050378386837097271 -0.010286548310144469 -0.014830150596677957 0.013365652004155903 0.043372931459751844 0.019092504022591633 0.020870672895971831 0.010327317040566037 0.035321339634265383 0.0076676746814029837 -0.03582018162996594 0.067221125227594505 -0.036957577683291838 0.0040810459840080601 0.039078586818641049 -0.048185143453923586 -0.0020702365201528124 -0.082018431418483917 0.05983984660444383 -0.082439551230910332 -0.0028924956590573193 -0.010095632918338046 0.039486671134443055 0.022364422754292804 0.028991959483630217 -0.025529410186977925 0.035432229512790347 -0.052501190602872776 -0.014105135239657183 -0.0040789121135242972 0.056992979812899684
leaf_weight=151.29800860237719 76.565226045408053 397.01728935619394 736.68522076390218 13.437500267289577 27.643196338322014 7.4599197814241043 20.882727142423391 17.068262465298176 291.59958234068472 47.523603896058376 1.3517132578417648 5.5973553670337415 544.2273237220943 17.612118050456047 3.6019518618704742 4.8061968313995731 1.0861557835014526 1.6518386560492206 1.8830641857348371 77.294141980935819 127.49195103271632 7.1449434091337025 6.5157373622059804 21.136007513385266 5.6094550732523203 6.7078606779687098 1.8026575997355383 3.6384316633921108 85.376600730058271 4.1826237157802097
leaf_count=697189 5514 169107 2890 43 212 43 81 63 973 177836 6 329 6688 57 666 190 51 12 83 1083 6659 148 25 44 23 158 202 155 3454 66
internal_value=0 -0.0249571 0.00712704 0.00105079 0.000274432 -0.0141717 0.0232658 0.0127607 0.0124038 -0.0468986 -0.00589882 0.00329532 0.00260408 0.0141575 -0.00620641 -0.00280491 0.00295774 -0.00450528 -0.00346368 -0.00478436 -0.0111422 0.0227744 0.0256234 0.0184987 0.000207388 -0.0045197 -0.000178464 -0.00269289 -0.00172949 0.0239174
internal_weight=0 603.299 2112.6 1016.37 982.053 404.477 34.3202 1096.23 1079.16 198.822 322.67 659.383 631.74 787.559 321.318 190.225 626.143 81.9152 80.829 79.1772 131.094 11.9511 50.8733 33.2612 12.1252 178.273 101.708 95.0003 93.1977 7.82106
internal_count=1074050 1044175 29875 25800 25676 169150 124 4075 4012 875025 17218 8458 8246 3039 17212 9887 7917 1229 1178 1166 7325 338 149 92 48 9549 4035 3877 3675 221
is_linear=0
shrinkage=0.05


Tree=73
num_leaves=31
num_cat=0
split_feature=0 0 0 0 1 2 1 1 2 2 0 2 2 2 2 2 2 3 2 2 2 3 3 3 3 3 3 3 2 3
split_gain=184.021 55.0633 28.6281 6.3848 6.18032 3.89007 3.69758 3.35381 3.21488 3.96492 3.05995 2.60677 2.62356 2.14234 2.09169 1.77295 1.74067 2.70323 2.58671 2.47651 2.47451 3.04324 2.22696 2.69444 2.05614 1.92477 4.11833 2.97091 3.69189 2.04268
threshold=0.48090646582193369 0.01473053741135971 0.86620967868038068 0.94875966535953815 1.0000000180025095e-35 440045.50000000006 1.0000000180025095e-35 1.0000000180025095e-35 335368.00000000006 281246.00000000006 0.0019437620776660012 567261.00000000012 728670.50000000012 425782.50000000006 215462.50000000003 94810.000000000015 219020.50000000003 49821.500000000007 356018.00000000006 322947.00000000006 3620.0000000000005 19615.500000000004 193655.50000000003 197942.50000000003 38.500000000000007 399213.50000000006 996929.50000000012 381166.50000000006 78363.500000000015 968386.50000000012
decision_type=2 2 2 2 2 2 2 2 2 2 2 2 2 2 2 2 2 2 2 2 2 2 2 2 2 2 2 2 2 2
left_child=1 10 4 -4 16 -6 -3 8 9 14 -1 13 -13 -10 -5 -9 17 20 19 -18 21 24 -20 -24 -2 27 29 28 -19 -27
right_child=2 6 3 7 5 -7 -8 15 11 -11 -12 12 -14 -15 -16 -17 18 25 22 -21 -22 -23 23 -25 -26 26 -28 -29 -30 -31
leaf_value=-0.050297985937049976 0.022308756768952439 -0.014743005950782784 0.0054715050403034973 0.013436624435383283 0.041713782138918319 -0.010018566099664374 0.021433305320198905 0.054990099627888582 0.0038119623663463338 0.035937213195384031 -0.035528097384814106 0.03144144684791756 0.007308217067095002 -0.028453413686508385 -0.0061070538425000223 0.021631144318451319 -0.016907837413727849 0.005959880621430453 -0.060073669686194965 -0.06439119837425844 -0.015369232699735433 0.022637572058614327 0.080537420487467218 -0.0055483383196839381 -0.0086432750509886844 -0.013122351882118506 0.0049700569509427937 0.045306724673044786 -0.038547645188137192 -0.071265418497934913
leaf_weight=144.82345924280253 5.9222306847805148 392.60995957647538 453.37933058454655 803.81451550906058 12.332623439840974 5.1519664591178289 7.1927271252498022 6.5756409205496338 12.232633741572501 19.464669495820999 46.271045012417744 11.932393566472454 200.32140806177631 8.8787302961572987 13.927908349782227 10.102075994946061 15.796594261424618 116.80783278419403 1.8604176294757042 3.3237599265994495 56.484836096933577 11.120082533103412 0.91430766182020207 155.46032265052781 57.080756925337482 42.099725590029266 60.070704052457586 4.5566585268825284 4.8528891223249948 1.566801605047657
leaf_count=697189 194 169107 4226 3148 41 34 43 25 49 50 177836 42 599 59 65 38 785 3465 348 183 2844 322 4 6082 3480 1512 1768 72 285 155
internal_value=0 -0.0246445 0.00694757 0.0104561 -0.00278466 0.0264705 -0.0140922 0.0125346 0.012188 0.0136346 -0.0467216 0.00699832 0.00866493 -0.00975777 0.0131038 0.0347838 -0.00373558 -0.00174077 -0.00779102 -0.025162 -0.00748534 -0.00147748 -0.00569199 -0.005045 -0.00573381 0.00152199 -0.00352382 0.00566911 0.00418453 -0.0152086
internal_weight=0 590.897 2096.03 1540.63 555.403 17.4846 399.803 1087.25 1070.57 837.207 191.095 233.365 212.254 21.1114 817.742 16.6777 537.918 360.563 177.355 19.1204 130.608 74.1231 158.235 156.375 63.003 229.955 103.737 126.217 121.661 43.6665
internal_count=1074050 1044175 29875 8301 21574 75 169150 4075 4012 3263 875025 749 641 108 3213 63 21499 14097 7402 968 6840 3996 6434 6086 3674 7257 3435 3822 3750 1667
is_linear=0
shrinkage=0.05


Tree=74
num_leaves=31
num_cat=0
split_feature=0 0 0 0 1 1 1 2 3 0 0 2 2 2 2 2 3 3 2 3 24 0 3 2 2 3 3 2 3 3
split_gain=176.2 46.8702 33.4391 6.09336 5.99411 3.6615 3.16056 2.51613 2.49887 2.26893 2.26607 1.91095 3.001 2.71091 2.01979 1.8934 2.32001 2.18274 2.12722 1.98381 2.01448 1.8247 1.73255 1.71207 1.69187 1.65315 1.63416 2.20359 1.7005 1.87752
threshold=0.37969951586789719 0.0088049481694041625 0.86620967868038068 0.94875966535953815 1.0000000180025095e-35 1.0000000180025095e-35 1.0000000180025095e-35 779250.50000000012 999826.50000000012 0.68981449621504665 0.030380062479932603 162984.00000000003 105656.50000000001 329564.50000000006 132018.50000000003 370.00000000000006 1326.5000000000002 996929.50000000012 435.50000000000006 943.50000000000011 1.0000000180025095e-35 0.0019437620776660012 393.00000000000006 625678.00000000012 94810.000000000015 1481.0000000000002 38.500000000000007 72.500000000000014 988582.50000000012 950828.00000000012
decision_type=2 2 2 2 2 2 2 2 2 2 2 2 2 2 2 2 2 2 2 2 2 2 2 2 2 2 2 2 2 2
left_child=1 21 4 23 9 10 8 -6 26 -2 -3 12 -10 -13 -14 16 19 -18 -17 20 -11 -1 -23 -4 -8 -20 27 -5 29 -28
right_child=2 5 3 6 7 -7 24 -9 11 15 -12 13 14 -15 -16 18 17 -19 25 -21 -22 22 -24 -25 -26 -27 28 -29 -30 -31
leaf_value=-0.050212875829499015 -0.0079590525071168445 -0.027134356069798578 0.0068388460651707941 0.0050799061372821044 0.034785712875508468 0.026983245174945582 0.054581101751108543 -0.0078556652262209061 0.0096634973030428738 -0.023122436335329229 -0.014728521045221959 0.021439342287218416 -0.046712456715068719 0.0071401541336355767 -0.0056159479201558045 0.029878496714401393 -0.068550454941788089 0.015209771566299156 -0.030207434448301186 0.06505388684778278 0.057881161456231289 0.020433960628398935 -0.039354970321593824 -0.0010732785310903284 0.021400645952251447 -0.001077497654061417 0.012869930935080896 0.039913531535906745 0.02726678876960072 -0.016548251292859299
leaf_weight=138.48013431599884 258.11066749430029 42.05359406610205 368.49574358458631 7.0292684258893141 14.106581514701249 4.9636022178456178 6.2507944144308594 4.5835455525666466 16.444597534835342 6.4896317633101699 295.19026123124786 39.093523262068629 5.188627968542276 217.87271617515944 7.0548431128263474 5.4841490616090587 3.4583389753242946 1.0034854167606679 4.9468086408451191 0.90115733398124565 0.87047922611236561 1.2607908603695239 31.100857124754839 83.94745523261372 9.9690969996154291 315.7309143091552 732.31216143630445 12.821579275652766 20.455628952942789 5.4641379844397298
leaf_count=697189 21292 84643 3359 50 51 34 25 33 74 389 114301 140 39 685 35 89 361 33 245 5 1 2028 137621 867 38 7434 2874 48 44 23
internal_value=0 -0.0263261 0.00628773 0.010242 -0.00355416 -0.015648 0.0122827 0.0243284 0.0119487 -0.00442707 -0.0162755 0.00794913 -0.00429032 0.00931556 -0.0230321 -0.00173695 -0.0206597 -0.0497124 -0.000998803 -0.00496872 -0.0135422 -0.0477149 -0.0370256 0.00537081 0.0341877 -0.00152686 0.0134171 0.0275788 0.0130463 0.0126521
internal_weight=0 513.049 2148.09 1532.4 615.686 342.207 1079.96 18.6901 1063.74 596.996 337.244 285.654 28.6881 256.966 12.2435 338.885 12.7231 4.46182 326.162 8.26127 7.36011 170.842 32.3616 452.443 16.2199 320.678 778.083 19.8508 758.232 737.776
internal_count=1074050 1035816 38234 8301 29933 198978 4075 84 4012 29849 198944 973 148 825 74 8557 789 394 7768 395 390 836838 139649 4226 63 7679 3039 98 2941 2897
is_linear=0
shrinkage=0.05


Tree=75
num_leaves=31
num_cat=0
split_feature=0 0 0 1 0 1 3 1 23 0 2 2 2 2 3 3 3 3 3 2 2 2 0 2 3 3 3 2 2 2
split_gain=168.134 50.6315 26.0266 6.91844 6.53583 2.96314 2.92064 2.87567 2.64541 2.4772 2.41849 2.34502 3.65473 1.8115 2.36833 2.23667 2.90996 2.45171 2.26941 1.83336 1.85829 2.34693 1.8073 1.79769 4.76372 3.15144 1.67111 2.0168 1.65533 1.59007
threshold=0.48090646582193369 0.0088049481694041625 0.94875966535953815 1.0000000180025095e-35 0.7740980979447657 1.0000000180025095e-35 38.500000000000007 1.0000000180025095e-35 1.0000000180025095e-35 0.043984350660107828 162984.00000000003 329564.50000000006 294861.50000000006 117173.00000000001 59025.000000000007 671729.50000000012 687842.00000000012 858033.00000000012 884755.50000000012 2180.0000000000005 6493.0000000000009 7386.5000000000009 0.0019437620776660012 5051.5000000000009 65683.000000000015 996929.50000000012 38.500000000000007 370.00000000000006 94810.000000000015 1807278.0000000002
decision_type=2 2 2 2 2 2 2 2 2 2 2 2 2 2 2 2 2 2 2 2 2 2 2 2 2 2 2 2 2 2
left_child=1 22 3 4 8 11 -6 9 13 -3 -5 12 26 14 -2 -15 -17 -18 -19 -16 23 -22 -1 24 -21 -26 27 -4 -7 -8
right_child=2 7 5 10 6 28 29 -9 -10 -11 -12 -13 -14 15 19 16 17 18 -20 20 21 -23 -24 -25 25 -27 -28 -29 -30 -31
leaf_value=-0.050130453063208402 -0.010020316972592605 -0.024269935970141227 0.007839294388383709 0.040561100498902138 0.027103736970275162 0.054304201659780074 0.0033628951203315115 0.017624762853969533 0.066853337002620514 -0.013439275584952587 0.012618119353337759 0.0072335489176851009 0.039020185144268846 -0.038820693181282576 -0.050875826454384945 0.071092592403147289 -0.058591245499533422 0.045517556368744105 -0.0098839988703815097 0.049207097680110085 -0.043165847229781992 0.0015211615469508965 -0.036788583888563688 0.046502374157061342 -0.074135896496053177 0.06039323981027498 0.012147399678490704 0.040575974722449941 0.020905400642666858 -0.0041738838112914747
leaf_weight=132.41498120685083 74.998795495223021 62.740090755207348 8.0357625791803002 12.611813260242341 12.207540518138556 5.9546578489243975 555.5170774521539 6.8052234584465614 1.2441984815523017 333.05948479637118 20.060508323833346 231.72768920869567 13.202773515135048 6.7795287175395051 1.6516917821136292 1.1154084819136176 2.5447144799982189 1.8795969577622589 111.55638514296152 2.7544062195811403 3.0275046438327982 99.574480573937763 31.402115198898173 4.4439733208855614 2.0307493424043064 0.55411057919263829 794.83209531847388 11.349524540826678 9.8412895845249277 80.06839971174486
leaf_count=697189 5547 105693 57 43 73 25 7156 43 6 101601 81 754 32 1014 202 15 270 37 5840 46 294 3717 139649 84 144 2 3128 41 38 1229
internal_value=0 -0.0241377 0.00660627 0.000777144 8.61684e-06 0.0119998 0.00287873 -0.014602 -0.00590959 -0.0151561 0.0234044 0.0116792 0.0129243 -0.00619891 -0.00311927 -0.0108985 -0.00928186 -0.0100548 -0.00896601 0.00141934 0.00218791 0.00020257 -0.0475729 0.0230092 0.00345543 -0.0452972 0.0125012 0.0270057 0.0334959 0.00241344
internal_weight=0 566.422 2069.56 994.621 961.949 1074.94 647.793 402.605 314.156 395.8 32.6723 1059.15 827.42 312.911 189.036 123.876 117.096 115.981 113.436 114.037 112.385 102.602 163.817 9.78324 5.33927 2.58486 814.217 19.3853 15.7959 635.585
internal_count=1074050 1044175 29875 25800 25676 4075 8458 207337 17218 207294 124 4012 3258 17212 10036 7176 6162 6147 5877 4489 4287 4011 836838 276 192 146 3226 98 63 8385
is_linear=0
shrinkage=0.05


Tree=76
num_leaves=31
num_cat=0
split_feature=0 0 0 1 0 1 1 0 3 2 2 2 2 2 2 3 2 2 2 2 2 2 2 2 2 3 2 2 3 3
split_gain=159.946 48.8487 25.272 5.96289 6.37792 2.88026 2.77945 2.31617 2.27161 2.46102 2.00285 2.27609 2.20472 2.76097 2.51234 1.88917 5.67461 2.97021 2.64023 2.35528 4.15141 2.71134 3.35091 4.00507 2.37685 3.37241 4.22397 3.11746 2.19278 3.78028
threshold=0.48090646582193369 0.0088049481694041625 0.94875966535953815 1.0000000180025095e-35 0.86620967868038068 1.0000000180025095e-35 1.0000000180025095e-35 0.030380062479932603 75120.500000000015 159592.50000000003 238.50000000000003 10859.000000000002 8236.5000000000018 7386.5000000000009 6493.0000000000009 104441.00000000001 63181.500000000007 16722.500000000004 20775.500000000004 35772.000000000007 29531.000000000004 37282.500000000007 40806.000000000007 42948.000000000007 55988.000000000007 317226.50000000006 47679.000000000007 61653.000000000007 221919.50000000003 284909.00000000006
decision_type=2 2 2 2 2 2 2 2 2 2 2 2 2 2 2 2 2 2 2 2 2 2 2 2 2 2 2 2 2 2
left_child=1 -1 3 4 -2 7 8 -3 9 -4 -10 12 13 14 -12 16 17 -6 -19 20 28 -21 -23 -24 25 26 -25 -26 -17 -30
right_child=2 5 6 -5 15 -7 -8 -9 10 -11 11 -13 -14 -15 -16 19 -18 18 -20 21 -22 22 23 24 27 -27 -28 -29 29 -31
leaf_value=-0.047419314609715289 -0.0037608963708650558 -0.026385883525705492 0.013231453574691774 0.021718788931211663 0.007624206172715798 0.017987646553470998 0.032854830855926762 -0.013745805239234535 0.026920817056375786 0.04188511341965051 0.0034641314688887968 0.0094229970990944815 -0.026742923987825573 0.03270324393669706 -0.036157177087270655 -0.013654179027387584 -0.069282389505003761 0.057194992130315862 0.014177220480503142 0.045440773876606624 -0.038853241207956607 -0.049968920345555078 0.055716514888360491 0.053118271984023038 0.039330498651409806 -0.041272178869668504 -0.050511176879567979 0.0033142779062777031 0.035806277140525998 -0.0065623920188855852
leaf_weight=157.2132755204716 524.27709339065768 40.422661018513281 553.87116194446571 32.506994998082519 146.26452267309651 6.7090999661013475 15.380796314217148 350.41614803171615 15.05724780121818 7.5964404919650397 19.380063319578774 438.72943348600529 7.9319956032559267 6.1765084117650977 5.041773146018385 19.160879860632122 2.300999480765312 5.8580919858068219 9.1195441209711117 3.8996937293559304 8.9022780279628915 2.9044282641261807 3.6930388770997515 2.7099719941616041 6.2055080002173773 6.7846358823589981 1.5433158962987361 188.96372501691803 8.4400399047881383 13.993640574160962
leaf_count=836838 21499 84643 2156 124 1538 43 63 122651 33 24 73 1619 50 20 37 230 95 25 78 15 103 34 21 12 34 71 39 1666 51 165
internal_value=0 -0.0238258 0.00642662 0.000659587 -5.72252e-05 -0.0144955 0.0117533 -0.0150531 0.0114453 0.0136191 0.00896619 0.00839973 -0.00325183 0.00283776 -0.0047155 0.00445067 0.00868318 0.00979579 0.0310024 0.00186012 -0.00786453 0.00412617 0.00336907 0.00410712 0.00318283 -0.0193897 0.0155161 0.00445943 -0.00123217 0.00937763
internal_weight=0 554.761 2056.69 987.528 955.021 397.548 1069.17 390.839 1053.78 561.468 492.317 477.26 38.5303 30.5983 24.4218 430.744 163.543 161.242 14.9776 267.201 50.4968 216.704 212.805 209.9 206.207 11.0379 4.25329 195.169 41.5946 22.4337
internal_count=1074050 1044175 29875 25800 25676 207337 4075 207294 4012 2180 1832 1799 180 130 110 4177 1736 1641 103 2441 549 1892 1877 1843 1822 122 51 1700 446 216
is_linear=0
shrinkage=0.05


Tree=77
num_leaves=31
num_cat=0
split_feature=0 0 0 1 0 1 1 2 0 2 3 2 2 3 2 3 2 3 2 3 3 0 2 2 3 2 2 3 3 3
split_gain=153.683 46.8433 24.6712 5.66754 5.54074 2.75699 2.67151 2.66116 2.15805 2.70922 2.27531 2.105 2.48942 2.00262 2.14056 4.63233 2.19197 1.97725 1.91405 2.2662 2.43969 1.86563 1.85184 2.51742 2.07412 1.99254 2.49122 2.75285 1.84548 4.59084
threshold=0.48090646582193369 0.0088049481694041625 0.86620967868038068 1.0000000180025095e-35 0.94875966535953815 1.0000000180025095e-35 1.0000000180025095e-35 440045.50000000006 0.072661120000328969 1567682.0000000002 6000.5000000000009 329564.50000000006 281246.00000000006 38.500000000000007 156.50000000000003 393.00000000000006 64.000000000000014 227.00000000000003 219020.50000000003 193655.50000000003 197942.50000000003 0.0019437620776660012 1245172.5000000002 1288875.0000000002 187005.50000000003 47679.000000000007 130586.50000000001 18708.000000000004 867234.50000000012 884755.50000000012
decision_type=2 2 2 2 2 2 2 2 2 2 2 2 2 2 2 2 2 2 2 2 2 2 2 2 2 2 2 2 2 2
left_child=1 21 3 13 -4 8 11 -5 9 10 -3 12 -6 -2 15 -15 -17 -16 -19 -20 -21 -1 25 24 -24 -12 -27 -28 -22 -30
right_child=2 5 4 7 6 -7 -8 -9 -10 -11 22 -13 -14 14 17 16 -18 18 19 20 28 -23 23 -25 -26 26 27 -29 29 -31
leaf_value=-0.049973826288393558 0.023062856482721314 -0.047795297776009882 0.004870735184514456 0.039730709918550162 0.011999978626412765 0.017505830548275689 0.032436831482989453 -0.0053894074339181962 -0.012841252816113756 -0.046659872195922693 -0.010749606343196183 0.007006938149836545 0.030479919710133575 0.043498042075788564 -0.05065298979929226 0.0098436289496883489 -0.04748937961591055 -0.0011706222012049401 -0.057656144309359204 0.075600178349327335 -0.030416688817938749 -0.035958251346449456 0.27246820806823752 -0.023626533143821737 0.06191976960605871 -0.04452603858792345 0.056097255721880929 -0.020872677296403616 0.071379926465238844 -0.0071876994946447406
leaf_weight=121.83906363589722 6.849995796190341 6.2537677494346999 441.68384315364528 11.211777011863886 799.21850839036051 6.6133318562060586 15.068413564935325 4.6122444756329051 286.23749539671189 9.5749704966437985 46.508859829389621 229.98881998029537 18.648927982896566 2.1329726213589302 2.2253859540214753 2.0426380956778294 9.0680913594260328 327.08881263670628 2.2389167859219006 0.88879187393467773 8.3216759013012034 29.490322076994744 0.14150737026648019 0.87585447305173147 0.67452369641978294 12.43503285164479 1.2246916494223139 22.571677619537695 1.881256813649087 159.1538559414912
leaf_count=697189 194 18557 4226 41 3213 43 63 34 75949 23516 41361 754 45 37 239 91 1346 12190 441 4 697 139649 11 1757 301 16861 193 28788 15 6245
internal_value=0 -0.0236043 0.00629242 -0.00290018 0.00957767 -0.0145047 0.0115336 0.0265795 -0.0150525 -0.0213653 -0.0186946 0.011233 0.0124214 -0.00379402 -0.00415121 -0.0239926 -0.0369491 -0.00362755 -0.00341807 -0.00767999 -0.00702274 -0.0472425 -0.0165391 0.0352442 0.0984308 -0.017598 -0.026389 -0.0169114 -0.00745635 -0.00626985
internal_weight=0 544.441 2042.32 537.716 1504.61 393.112 1062.92 15.824 386.498 100.261 90.6859 1047.86 817.867 521.892 515.042 13.2437 11.1107 501.799 499.573 172.484 170.246 151.329 84.4321 1.69189 0.816031 82.7403 36.2314 23.7964 169.357 161.035
internal_count=1074050 1044175 29875 21574 8301 207337 4075 75 207294 131345 107829 4012 3258 21499 21305 1474 1437 19831 19592 7402 6961 836838 89272 2069 312 87203 45842 28981 6957 6260
is_linear=0
shrinkage=0.05


Tree=78
num_leaves=31
num_cat=0
split_feature=0 0 0 1 0 1 3 1 0 3 0 2 3 3 3 2 3 3 2 3 3 3 3 2 3 2 3 2 3 2
split_gain=146.359 44.9857 24.113 5.6733 5.21151 2.67828 2.57407 2.55672 2.05419 1.91586 1.8708 1.75123 3.86168 1.98757 1.89312 1.7954 1.95957 2.20337 1.83069 1.76331 4.58095 1.75915 2.77291 2.32618 1.73741 2.1512 1.73498 2.46517 2.45299 1.76095
threshold=0.48090646582193369 0.0088049481694041625 0.86620967868038068 1.0000000180025095e-35 0.94875966535953815 1.0000000180025095e-35 272900.50000000006 1.0000000180025095e-35 0.030380062479932603 152.00000000000003 0.0019437620776660012 156.50000000000003 2635.5000000000005 38.500000000000007 227.00000000000003 219020.50000000003 193655.50000000003 197942.50000000003 242584.50000000003 867234.50000000012 877486.50000000012 1830.5000000000002 393.00000000000006 23.500000000000004 8.9884656743000007e+307 1841617.5000000002 397.00000000000006 238.50000000000003 393.00000000000006 329564.50000000006
decision_type=2 2 2 2 2 2 2 2 2 2 2 2 2 2 2 2 2 2 2 2 2 2 2 2 2 2 2 2 2 2
left_child=1 10 3 11 -4 8 -5 9 -3 -6 -1 12 21 -13 -15 -16 -17 -18 -19 -20 -21 22 23 -2 25 -22 27 28 -11 -28
right_child=2 5 4 6 7 -7 -8 -9 -10 26 -12 13 -14 14 15 16 17 18 19 20 24 -23 -24 -25 -26 -27 29 -29 -30 -31
leaf_value=-0.049873818809568475 -0.014343978863326723 -0.025869639468360905 0.0047961832352032404 0.059981573888162665 0.022644136577550069 0.017418523223780912 0.014271883237414244 0.03193852021003013 -0.013735909282380141 -0.011758401453602529 -0.035628297815524394 0.030248195616965734 -0.068201748811799454 -0.051930315948349015 -0.0013061422978961823 -0.055914261236435558 0.074241081031432982 -0.041210452906626817 -0.029510245486361178 0.07659110827271004 -0.049639668635666656 0.043066525587962493 -0.037393431388662281 0.059082033738141554 -0.0053729276599316662 0.03621958359795506 0.012039376934302322 0.0076182835067582196 -0.084188032069819896 0.0070330667399575754
leaf_weight=116.4710059929098 2.7144680278142896 38.835109212542193 439.40440152364317 4.2534091947600237 34.066411714069545 6.4909508507698765 11.16385766584426 14.760028932243584 342.61042761032695 4.514100210391919 28.732171506444956 4.3530216390499836 3.3299253787845364 2.0250635289994525 325.21193194281659 2.0759548314090344 0.82970503519754757 3.9195684526348478 8.0135660260566492 1.682677621487527 4.2601459440775207 1.5144761913688842 5.8320537379477173 1.7899220770923419 149.61028032097965 0.88028117903741065 760.61528121528681 13.930283472873269 1.5774694425053892 228.39619203750044
leaf_count=697189 81 84643 4226 16 174 43 59 63 122651 31 139649 130 617 239 12190 441 4 189 666 9 345 27 793 20 5715 33 2949 56 48 754
internal_value=0 -0.0233151 0.00612106 -0.00300678 0.00937322 -0.0144293 0.0268826 0.0112744 -0.0149712 0.010982 -0.047055 -0.00389631 -0.0206278 -0.0033912 -0.00368494 -0.00348816 -0.00763138 -0.00703897 -0.00743952 -0.00663459 -0.00546275 -0.00726031 -0.0146341 0.0148335 -0.00635496 -0.0349366 0.0105883 -0.00398354 -0.0305147 0.0108833
internal_weight=0 533.14 2030.72 533.46 1497.26 387.936 15.4173 1057.86 381.446 1043.1 145.203 518.043 15.1808 502.862 498.509 496.484 171.272 169.196 168.367 164.447 156.433 11.8509 10.3364 4.50439 154.751 5.14043 1009.03 20.0219 6.09157 989.011
internal_count=1074050 1044175 29875 21574 8301 207337 75 4075 207294 4012 836838 21499 1538 19961 19831 19592 7402 6961 6957 6768 6102 921 894 101 6093 378 3838 135 79 3703
is_linear=0
shrinkage=0.05


Tree=79
num_leaves=31
num_cat=0
split_feature=0 0 0 1 1 0 0 1 3 0 2 2 2 2 2 2 2 2 3 3 2 3 3 2 2 2 3 2 2 3
split_gain=139.497 49.7493 17.6699 4.4518 4.1155 4.12342 2.69336 2.46664 1.88491 1.86882 1.82919 2.11704 1.75803 1.73576 1.70463 3.59232 1.69275 1.61243 1.57104 1.56057 1.55876 1.52405 1.46004 2.1607 1.65178 2.87814 2.32102 1.34085 2.62331 1.42144
threshold=0.60678019017954943 0.0088049481694041625 0.94875966535953815 1.0000000180025095e-35 1.0000000180025095e-35 0.86620967868038068 0.11665055024126079 1.0000000180025095e-35 3646.0000000000005 0.0019437620776660012 8.9884656743000007e+307 1654303.0000000002 550920.50000000012 394871.00000000006 1288875.0000000002 1245172.5000000002 518026.50000000006 94810.000000000015 187005.50000000003 393.00000000000006 1245172.5000000002 4095.0000000000005 38.500000000000007 370.00000000000006 64.000000000000014 67.500000000000014 393.00000000000006 64.000000000000014 435.50000000000006 1326.5000000000002
decision_type=2 2 2 2 2 2 2 2 2 2 2 2 2 2 2 2 2 2 2 2 2 2 2 2 2 2 2 2 2 2
left_child=1 9 4 6 5 -2 8 10 -3 -1 11 20 16 -6 15 21 -7 -9 -17 -11 22 -10 23 -4 -24 26 -26 29 -29 -8
right_child=2 3 7 -5 13 12 27 17 14 19 -12 -13 -14 -15 -16 18 -18 -19 -20 -21 -22 -23 24 -25 25 -27 -28 28 -30 -31
leaf_value=-0.049785352393817817 -0.0027864211211169488 -0.045403927246921535 0.0052722664976060573 0.023370057582730641 0.030212698540240786 0.0052934400726828146 0.10530130357301382 0.053592946150907532 0.030051656205701133 0.021251021155669594 0.0052558565857543154 0.03033655427147219 -0.0025821109183277761 0.0054581639753130719 -0.032493367115727992 0.20269904711759518 0.03194158944750089 0.018904470817003582 0.046988915287802933 -0.037797502744428467 -0.0020992516488476816 -0.01737639842387062 0.024273666399074526 0.040100864145888745 -0.0065464749316917056 0.011123166536180409 -0.082308762658353629 -0.036481913449456949 -0.010565735064317391 0.0041349475681524079
leaf_weight=111.43391582814183 416.62963564091478 6.6134670024448488 7.6556004686281094 8.2801307486370188 16.939537284895778 337.39227092755027 0.4873923494196778 5.2647025957703582 1.7188440237005114 1.1676435548934048 132.7396715269424 14.73758702771738 77.292155440896749 12.168192548677327 17.824447199750466 0.20858238068467372 6.0665074568241826 9.2114939661696535 0.72522383039904526 26.82503751700915 21.406620824709535 116.34767149245363 23.69564304407686 10.64521737024188 4.0194821888580909 821.81701679853722 1.3505857335403559 10.072616367928275 319.14841010179953 1.207228580398805
leaf_count=697189 13109 19432 57 56 58 3280 277 25 556 2028 403 40 876 53 29766 14 21 38 358 137621 65 102851 67 41 31 3260 48 5719 56447 264
internal_value=0 -0.0205763 0.00666988 -0.0129764 0.00138197 0.000739517 -0.0136108 0.0110231 -0.0193334 -0.046884 0.0107372 0.0115409 0.00423092 0.0198643 -0.0180733 -0.0159133 0.00576413 0.03152 0.0817696 -0.0353344 0.0112299 -0.0166859 0.0115582 0.0255314 0.0112576 0.0108848 -0.0256009 -0.0111303 -0.0113586 0.0332315
internal_weight=0 622.061 1919.03 482.634 866.488 837.381 474.354 1052.54 143.438 139.427 1038.07 905.328 420.751 29.1077 136.825 119 343.459 14.4762 0.933806 27.9927 890.59 118.067 869.184 18.3008 850.883 827.187 5.37007 330.916 329.221 1.69462
internal_count=1074050 1052578 21472 215740 17397 17286 215684 4075 152977 836838 4012 3609 4177 111 133545 103779 3301 63 372 139649 3569 103407 3504 98 3406 3339 79 62707 62166 541
is_linear=0
shrinkage=0.05


Tree=80
num_leaves=31
num_cat=0
split_feature=0 0 0 1 0 1 0 1 0 2 2 3 3 2 2 3 3 2 3 3 2 3 3 3 3 3 3 3 2 2
split_gain=133.177 48.1148 17.2481 3.95272 4.07032 3.88494 2.48864 2.3113 1.84376 1.71826 1.68932 2.18371 1.72372 1.57262 1.48372 1.40538 1.36618 1.43849 3.21492 1.66767 1.52586 1.74218 3.01918 1.9213 1.65722 2.42931 2.61956 3.55688 3.00856 2.82081
threshold=0.60678019017954943 0.0088049481694041625 0.94875966535953815 1.0000000180025095e-35 0.86620967868038068 1.0000000180025095e-35 0.043984350660107828 1.0000000180025095e-35 0.0019437620776660012 8.9884656743000007e+307 728670.50000000012 979569.00000000012 353214.50000000006 94810.000000000015 394871.00000000006 393.00000000000006 38.500000000000007 370.00000000000006 393.00000000000006 227.00000000000003 1653.0000000000002 21284.000000000004 12049.500000000002 52226.500000000007 57301.500000000007 399213.50000000006 357450.50000000006 340929.00000000006 29531.000000000004 45560.000000000007
decision_type=2 2 2 2 2 2 2 2 2 2 2 2 2 2 2 2 2 2 2 2 2 2 2 2 2 2 2 2 2 2
left_child=1 8 3 4 16 6 -3 9 -1 -4 -6 12 -12 -9 -5 -10 -2 18 -18 -19 21 22 -21 -23 -22 26 27 -26 -28 -29
right_child=2 5 7 14 10 -7 -8 13 15 -11 11 -13 -14 -15 -16 -17 17 19 -20 20 24 23 -24 -25 25 -27 28 29 -30 -31
leaf_value=-0.049694067028640231 0.020268966272223903 -0.023194621213229016 0.011338742695315131 0.029127284010254956 0.005550058057711511 0.021230172942573108 -0.012095692720538205 0.053382392854900651 0.019064839889400904 0.0052336459980389998 -0.0036713189431510996 -0.0010042068594474892 -0.076110856956571479 0.018537377442316712 0.0061841905195237877 -0.037509209644083302 0.039343427408268669 -0.054375629552897792 -0.029579974736567555 0.0088753031682793342 -0.01074785806983054 0.055862284725140356 -0.062528229281609324 -0.024012177741624473 0.0041357799432950029 -0.0047914118979562855 0.060472296817669129 -0.095742533794413512 9.5167599065909244e-05 0.0035478667792956812
leaf_weight=106.97277437085722 6.2845726240193462 57.556338731202231 899.11411808431149 16.714594804681838 348.05791553412564 8.2140100952237827 412.28409257512612 5.0205224379897109 1.1458527876275209 132.1955803479068 1.5260955495759838 66.371499246102758 1.7779613058082757 9.120212064124642 12.183039562776687 26.141941553549714 1.98696291563101 1.5536724409321312 11.393702409113756 19.369092709152035 61.930214430380147 3.3946289650630197 1.6029546153731633 0.96742527291644353 84.848698507761583 210.0205842377909 4.3307967362925393 1.6287770685739809 3.9406540830386803 1.275473784888163
leaf_count=697189 112 105693 3609 58 3364 56 109991 25 2028 403 39 719 55 38 53 137621 28 146 1134 636 2450 35 82 56 2257 5963 32 26 113 39
internal_value=0 -0.0202871 0.00651528 0.00127542 0.000644204 -0.0128594 -0.0134553 0.0108315 -0.0467347 0.0105562 0.00412743 -0.00297917 -0.0426521 0.0309087 0.0194546 -0.0351336 -0.00286596 -0.0032221 -0.0193452 -0.00267574 -0.00247151 0.00939755 0.00341772 0.0381476 -0.00328866 -0.00177925 0.00480884 0.0022734 0.0317076 -0.0521367
internal_weight=0 612.315 1906.61 861.159 832.262 478.054 469.84 1045.45 134.261 1031.31 417.733 69.6756 3.30406 14.1407 28.8976 27.2878 414.528 408.244 13.3807 394.863 393.309 25.3341 20.972 4.36205 367.975 306.045 96.0244 87.7529 8.27145 2.90425
internal_count=1074050 1052578 21472 17397 17286 215740 215684 4075 836838 4012 4177 813 94 63 111 139649 13109 12997 1162 11835 11689 809 718 91 10880 8430 2467 2322 145 65
is_linear=0
shrinkage=0.05


Tree=81
num_leaves=31
num_cat=0
split_feature=0 0 0 1 0 1 0 1 0 2 3 0 2 2 2 3 3 3 3 24 2 2 3 3 3 2 3 2 2 2
split_gain=127.605 36.3249 26.3947 4.94269 4.51846 2.17112 2.12862 1.87449 1.82264 1.80988 1.78527 1.57339 1.52329 1.49889 1.81951 1.9331 1.70518 1.92787 1.65852 1.54158 1.44619 2.47269 4.78046 2.07214 7.95614 3.90145 2.67023 1.65585 1.73427 1.47125
threshold=0.37969951586789719 0.0088049481694041625 0.86620967868038068 1.0000000180025095e-35 0.94875966535953815 1.0000000180025095e-35 0.68981449621504665 1.0000000180025095e-35 0.0019437620776660012 779250.50000000012 152.00000000000003 0.030380062479932603 94810.000000000015 370.00000000000006 435.50000000000006 1481.0000000000002 1326.5000000000002 996929.50000000012 943.50000000000011 1.0000000180025095e-35 64.000000000000014 175.00000000000003 4717.5000000000009 643.50000000000011 3197.5000000000005 67.500000000000014 2635.5000000000005 144.50000000000003 72.500000000000014 2463.5000000000005
decision_type=2 2 2 2 2 2 2 2 2 2 2 2 2 2 2 2 2 2 2 2 2 2 2 2 2 2 2 2 2 2
left_child=1 8 3 6 -4 10 -2 11 -1 -5 -6 -3 -7 16 -15 -16 18 -18 19 -8 -12 22 23 25 26 -22 27 28 -25 -23
right_child=2 7 4 9 5 12 13 -9 -10 -11 20 -13 -14 14 15 -17 17 -19 -20 -21 21 29 -24 24 -26 -27 -28 -29 -30 -31
leaf_value=-0.049608576482218503 -0.0081079582812347267 -0.025283139233395036 0.0045172804654896072 0.033461991403877116 0.021790147803134253 0.053110412273527877 -0.022563494396111897 0.016718380636943277 -0.034923357359958676 -0.0046229470869751758 0.023848474061771516 -0.014287881116680022 0.018208640120193516 0.025939801673673869 -0.035758914313536651 -0.0013195452599195465 -0.06740664990147921 0.014408753447823839 0.062579333937454407 0.05698784059092088 -0.023393741804644274 0.013460791887113664 -0.05671116390730202 -0.097409684567153543 0.020830245263906422 0.028070956476486671 -0.093438545398913095 0.0081067323161037163 -0.01766581153909549 0.009001875664012688
leaf_weight=102.74283976324568 241.97067996759142 36.917823414498343 431.2620481842896 11.91716852784157 32.944045714102685 4.7829383239150038 5.7211414648627379 4.5543587729334822 26.599195241340112 4.2255904451012603 18.395550636574626 274.12835390419605 9.0258203279227001 6.0338542612735173 4.1308872473891816 298.96930375380907 2.8760996263008569 0.96048028417862941 0.79256975045427669 0.68154066801071156 5.0281762557569918 253.59021951118484 3.7049555964767924 1.2169192899018553 9.0391348674893361 13.760329528595319 2.3621997935697436 1.8769942019134758 1.5505214966833591 683.95703865622636
leaf_count=697189 21292 84643 4226 51 174 25 389 34 139649 33 43 114301 38 89 245 7434 361 33 5 1 79 899 17 39 27 52 49 12 12 2609
internal_value=0 -0.0242724 0.00526622 -0.00378543 0.00882098 0.0106035 -0.00456877 -0.0151266 -0.0465886 0.0234927 0.0103388 -0.0155929 0.0302976 -0.00189396 -0.00124769 -0.00178891 -0.0200039 -0.0469243 -0.00564969 -0.0140956 0.00995946 0.00969771 -0.0027147 0.00302834 -0.0101677 0.014298 -0.0501575 -0.0281444 -0.0527314 0.0102079
internal_weight=0 444.943 2050.78 578.279 1472.5 1041.23 562.137 315.601 129.342 16.1428 1027.43 311.046 13.8088 320.166 309.134 303.1 11.0318 3.83658 7.19525 6.40268 994.482 976.086 38.5392 34.8343 16.0458 18.7885 7.00663 4.64443 2.76744 937.547
internal_count=1074050 1035816 38234 29933 8301 4075 29849 198978 836838 84 4012 198944 63 8557 7768 7679 789 394 395 390 3838 3795 287 270 139 131 112 63 51 3508
is_linear=0
shrinkage=0.05


Tree=82
num_leaves=31
num_cat=0
split_feature=0 0 0 1 0 1 0 1 2 2 2 2 2 3 0 2 2 3 2 2 2 3 3 2 3 2 2 2 2 2
split_gain=122.262 48.9898 12.3512 3.96196 3.17308 3.06268 2.49892 2.02024 1.96094 1.97784 3.91118 3.12746 3.61995 2.0216 1.81378 1.65776 2.16146 1.68408 1.6506 1.62233 1.59583 2.25966 2.32793 1.91911 1.91147 1.71111 1.68654 1.66672 1.50528 1.6981
threshold=0.68981449621504665 0.0088049481694041625 0.94875966535953815 1.0000000180025095e-35 0.19204907757119541 1.0000000180025095e-35 0.86620967868038068 1.0000000180025095e-35 1597724.0000000002 137122.00000000003 159592.50000000003 242584.50000000003 289274.50000000006 740994.00000000012 0.0019437620776660012 47679.000000000007 14290.000000000002 646323.00000000012 593143.50000000012 17963.000000000004 137122.00000000003 804627.50000000012 877486.50000000012 1654303.0000000002 8.9884656743000007e+307 189759.50000000003 182223.00000000003 206877.50000000003 625678.00000000012 518026.50000000006
decision_type=2 2 2 2 2 2 2 2 2 2 2 2 2 2 2 2 2 2 2 2 2 2 2 2 2 2 2 2 2 2
left_child=1 14 5 4 8 6 -2 -4 9 15 13 -12 -13 -11 -1 16 -3 -18 -5 -19 -6 -22 23 -23 -24 26 -26 -27 29 -8
right_child=2 3 7 18 20 -7 28 -9 -10 10 11 12 -14 -15 -16 -17 17 19 -20 -21 21 22 24 -25 25 27 -28 -29 -30 -31
leaf_value=-0.049509465730701176 -0.0019177277556306838 -0.02228008471964462 0.010157364924909268 0.0385095898210214 -0.0067472165106260062 0.018873663975120778 0.0047622395500568366 0.029625572816118668 -0.03085661204442568 -0.032284377673732732 -0.039335834343951069 0.023868127418145951 -0.014284855333998545 0.040221235027257302 -0.034647129505042139 -0.030774155980043457 -0.0014356918336600512 0.082821339464230093 -0.0021312006326413826 -0.041183056677065254 -0.034006219004857924 0.041486963365761374 -0.045932872464309403 -0.065597946107025074 -0.021829513709421655 0.025813091775980113 -0.077036372281791624 -0.011081136297256386 -0.0026062036813711996 0.026264966597441586
leaf_weight=98.337632304032013 318.53615845326567 53.92643589162526 1020.2480993148638 5.32610693015158 213.73433516240038 26.000565207563341 332.51402768469416 13.502111716195939 23.950188154067291 1.1599939449606598 9.0033026887067518 7.7799995292152735 30.947542195212009 5.6146450319829455 25.94406709341456 24.771586547185507 28.312057065699264 0.2805226574309917 4.7057455154135823 4.4134099964358029 12.353074381026088 3.2077472358942027 4.2020834168506545 0.4811494979658163 6.4047443158342485 3.1470893555961075 1.7645484347012823 112.1169364907546 71.828540401184 9.4422549512237293
leaf_count=697189 8557 56173 4012 28 26800 100 3280 63 31605 1117 8560 3344 25231 2069 139649 22733 18831 189 39 3860 3298 182 976 100 876 324 170 13798 843 54
internal_value=0 -0.0180195 0.00685643 -0.0116923 -0.0122628 0.00200993 0.00141119 0.0104116 -0.0174809 -0.0155535 -0.0077453 -0.0127913 -0.00662028 0.0278064 -0.0464069 -0.0193635 -0.016112 -0.00603442 0.0194458 -0.0337722 -0.00948649 -0.0135614 -0.0116383 0.0275197 -0.01277 -0.0116411 -0.0337541 -0.0100738 0.00397383 0.00535598
internal_weight=0 681.885 1792.07 557.603 547.571 758.322 732.321 1033.75 190.16 166.209 54.5055 47.7308 38.7275 6.77464 124.282 111.704 86.9324 33.006 10.0319 4.69393 357.412 143.677 131.324 3.6889 127.635 123.433 8.16929 115.264 413.785 341.956
internal_count=1074050 1057141 16909 220303 220236 12834 12734 4075 173712 142107 40321 37135 28575 3186 836838 101786 79053 22880 67 4049 46524 19724 16426 282 16144 15168 1046 14122 4177 3334
is_linear=0
shrinkage=0.05


Tree=83
num_leaves=31
num_cat=0
split_feature=0 0 0 0 1 1 0 2 2 2 1 3 0 2 3 2 2 3 3 3 3 2 0 0 2 2 3 2 3 2
split_gain=116.557 42.7866 15.5873 3.52847 3.21003 3.06089 2.32751 2.37032 2.76693 1.95832 1.92069 1.83064 1.80562 1.62758 1.57777 1.51347 2.27247 2.57289 1.70869 2.88623 8.45113 6.96568 1.87161 1.72217 1.50547 1.42417 1.93366 3.13131 4.423 6.5781
threshold=0.60678019017954943 0.0088049481694041625 0.94875966535953815 0.86620967868038068 1.0000000180025095e-35 1.0000000180025095e-35 0.072661120000328969 1567682.0000000002 1245172.5000000002 1288875.0000000002 1.0000000180025095e-35 6000.5000000000009 0.0019437620776660012 162984.00000000003 152.00000000000003 47679.000000000007 130586.50000000001 18708.000000000004 777804.00000000012 897056.00000000012 884755.50000000012 613349.50000000012 0.047832593350086695 0.016616566037286794 94810.000000000015 64.000000000000014 3197.5000000000005 910.00000000000011 5097.0000000000009 642.50000000000011
decision_type=2 2 2 2 2 2 2 2 2 2 2 2 2 2 2 2 2 2 2 2 2 2 2 2 2 2 2 2 2 2
left_child=1 12 3 5 6 -2 7 8 11 -10 14 -3 -1 -7 -4 -13 -17 -18 -19 20 -20 -22 23 -21 -12 -16 -27 28 -28 -30
right_child=2 4 10 -5 -6 13 -8 -9 9 -11 24 15 -14 -15 25 16 17 18 19 22 21 -23 -24 -25 -26 26 27 -29 29 -31
leaf_value=-0.049406753139316112 -0.0029987129723585068 -0.047052424452202563 0.020850661407302212 0.0042196766586617175 0.018960679965317629 0.038312342436397952 -0.011403220333837557 -0.045635550810032829 0.079316015578222335 -0.020875455441706253 0.052817961664736068 -0.010986432042892531 -0.034368963373636562 0.0013599286808813583 0.023487081742048336 -0.043736063275257003 0.05720701923163956 -0.050078057167863232 0.028252608550599474 -0.045391767486902983 -0.052874713119514541 0.9996470450678111 -0.047186542523313751 0.0017910010174487434 0.017126204797932001 0.0027605007932817085 0.0050062790963803653 0.0091928218929065771 0.01194338356009046 0.051285188656056073
leaf_weight=94.160639367799376 403.29629906147602 5.5037936450953557 32.145009704865515 426.80544651765376 7.8917382499203077 6.9452808406203967 362.60910792256618 8.3975199290225628 1.2346052241045975 0.80617702087147325 4.4484529439359894 42.833134240740947 25.332072921904455 5.2191348308697343 18.107259975746274 11.043000952944565 1.139948691165048 3.8366615673157893 1.308612210369575 2.4761423600202752 0.025188500170770456 0.041816185472271172 4.3333270833645665 8.8324313228222291 8.796958798542617 100.27533203910571 28.897867769002914 795.29517201019917 22.723927436862141 19.955869536846876
leaf_count=697189 13109 18557 174 4226 56 27 84339 23516 312 1757 25 41361 139649 35 43 16861 193 6551 741 7629 51 7 3554 10255 38 585 129 2948 69 64
internal_value=0 -0.0195482 0.00607251 0.00102675 -0.0126548 -0.00225336 -0.0132038 -0.0203152 -0.0177662 0.039737 0.010196 -0.0192083 -0.0462188 0.0224579 0.00994973 -0.0171884 -0.0252294 -0.0159375 -0.0199357 -0.01314 0.0562957 0.603982 -0.0192465 -0.00854021 0.0291132 0.00959408 0.00933397 0.0100944 0.0201112 0.0303385
internal_weight=0 581.806 1872.91 842.266 462.313 415.461 454.421 91.8124 83.4148 2.04078 1030.65 81.3741 119.493 12.1644 1017.4 75.8703 33.0371 21.9941 20.8542 17.0175 1.37562 0.0670047 15.6419 11.3086 13.2454 985.255 967.148 866.873 71.5777 42.6798
internal_count=1074050 1052578 21472 17397 215740 13171 215684 131345 107829 2069 4075 105760 836838 62 4012 87203 45842 28981 28788 22237 799 58 21438 17884 63 3838 3795 3210 262 133
is_linear=0
shrinkage=0.05


Tree=84
num_leaves=31
num_cat=0
split_feature=0 0 0 1 1 0 3 0 0 1 2 2 3 3 3 3 2 2 3 2 2 2 2 2 2 2 2 3 2 2
split_gain=111.091 45.0378 11.5315 3.49485 3.01462 2.89161 2.35081 2.28824 1.80085 1.78348 1.71699 2.46529 1.70614 4.29361 1.69674 4.24912 3.74664 2.62008 2.03941 1.70218 2.20903 1.68772 1.66051 1.93058 3.95491 2.90066 3.10751 1.87943 1.62252 1.91729
threshold=0.68981449621504665 0.0088049481694041625 0.94875966535953815 1.0000000180025095e-35 1.0000000180025095e-35 0.19204907757119541 38.500000000000007 0.86620967868038068 0.0019437620776660012 1.0000000180025095e-35 1074.5000000000002 1653.0000000000002 38468.500000000007 36508.500000000007 190955.50000000003 182918.50000000003 159592.50000000003 40806.000000000007 55643.500000000007 238.50000000000003 12669.500000000002 370.00000000000006 1597724.0000000002 137122.00000000003 159592.50000000003 242584.50000000003 289274.50000000006 740994.00000000012 1245172.5000000002 625678.00000000012
decision_type=2 2 2 2 2 2 2 2 2 2 2 2 2 2 2 2 2 2 2 2 2 2 2 2 2 2 2 2 2 2
left_child=1 8 4 5 6 22 21 10 -1 14 -8 -12 13 -13 15 16 17 -4 -19 -16 -21 -2 23 -3 27 -26 -27 -25 29 -28
right_child=2 3 9 -5 -6 -7 7 -9 -10 -11 11 12 -14 -15 19 -17 -18 18 -20 20 -22 -23 -24 24 25 26 28 -29 -30 -31
leaf_value=-0.049290071483386162 -0.013350268906232522 -0.019195470592183898 0.010813947214630894 0.018083486385545751 0.018689158799909272 -0.0094112482057426925 -0.017704389142246646 0.0033091585785872389 -0.034052397713971179 0.028361158638379649 0.023090325664493642 -0.0079229570861203882 -0.0008339036159492431 -0.077917094038641915 0.024377371160680655 0.050953383160159765 0.041892445370096648 0.0048459634617981726 -0.046185855150517457 -0.014187325923395845 0.0072559425522293721 0.032481825197102701 -0.029781937188478259 -0.030334423672984112 -0.038985837473302365 0.021866354594887685 -0.010741892381087996 0.04072733317139219 0.01547751596596225 -0.042125030983738869
leaf_weight=90.002491898982498 2.5355118394363645 108.16972158152839 587.35999154113233 9.7813216596841794 25.496807497926056 350.4289072723077 17.314332484966144 402.88837405992672 24.714531876740239 12.98055224586278 9.8494283630279806 35.34404176013777 245.14805973917828 2.335778792272321 13.901191291399298 6.7047199942171565 9.6145509781781566 4.3427218855358651 3.5648845750838518 12.407061841338871 375.72045592474751 9.6662506357533857 22.800847864205025 1.1207051338824374 8.5581562555089459 7.5838779830319245 19.702951704375671 5.4808686001451861 4.0602950819784374 6.4631118802890333
leaf_count=697189 47 101786 2370 67 100 46524 1112 4143 139649 63 241 1168 5807 154 32 19 38 25 33 60 1435 62 31605 1117 8560 3344 13617 2069 3079 8535
internal_value=0 -0.0175361 0.00650132 -0.0115339 0.00179101 -0.012076 0.0011968 0.000824335 -0.0460073 0.00994518 -0.00240513 -0.00150005 -0.0023564 -0.0122619 0.00970934 0.0113679 0.0109292 0.0104291 -0.0181601 0.0071862 0.00657048 0.022958 -0.0171527 -0.0153657 -0.00754489 -0.0127 -0.00675031 0.0286637 -0.0139303 -0.0184936
internal_weight=0 658.868 1777.17 544.151 750.579 534.369 725.082 712.88 114.717 1026.6 309.992 292.677 282.828 37.6798 1013.62 611.587 604.882 595.268 7.90761 402.029 388.128 12.2018 183.941 161.14 52.97 46.3684 37.8102 6.60157 30.2264 26.1661
internal_count=1074050 1057141 16909 220303 12834 220236 12734 12625 836838 4075 8482 7370 7129 1322 4012 2485 2466 2428 58 1527 1495 109 173712 142107 40321 37135 28575 3186 25231 22152
is_linear=0
shrinkage=0.05


Tree=85
num_leaves=31
num_cat=0
split_feature=0 0 0 1 1 0 3 0 0 3 3 2 3 2 2 3 3 3 3 3 1 2 3 3 3 2 2 2 2 2
split_gain=106.134 43.1704 11.4755 3.23203 2.75369 2.6843 2.35436 2.2054 1.78993 1.74666 2.41335 1.83894 1.71604 2.58719 2.12893 3.07905 3.05118 3.81248 1.99196 1.82329 1.69077 1.68491 1.8623 3.32055 3.29992 1.76087 1.85643 1.53762 2.93999 1.81812
threshold=0.68981449621504665 0.0088049481694041625 0.94875966535953815 1.0000000180025095e-35 1.0000000180025095e-35 0.19204907757119541 38.500000000000007 0.86620967868038068 0.0019437620776660012 9157.0000000000018 7534.5000000000009 1246.5000000000002 5542.5000000000009 10371.500000000002 1074.5000000000002 1742.0000000000002 3646.0000000000005 1481.0000000000002 2646.5000000000005 943.50000000000011 1.0000000180025095e-35 2463.5000000000005 53369.000000000007 14231.000000000002 13034.500000000002 1954.5000000000002 1074.5000000000002 550920.50000000012 518026.50000000006 593143.50000000012
decision_type=2 2 2 2 2 2 2 2 2 2 2 2 2 2 2 2 2 2 2 2 2 2 2 2 2 2 2 2 2 2
left_child=1 8 4 5 6 -3 -2 9 -1 10 12 -11 13 14 15 19 17 -16 -17 -8 21 22 23 24 -4 26 -25 28 -9 -29
right_child=2 3 20 -5 -6 -7 7 27 -10 11 -12 -13 -14 -15 16 18 -18 -19 -20 -21 -22 -23 -24 25 -26 -27 -28 29 -30 -31
leaf_value=-0.049179242779963793 0.022982811995840194 -0.01692817957593732 0.012421740412884463 0.017152316189410283 0.017842829624655714 -0.0094172443158832761 -0.018370663111726596 0.0039812400512196774 -0.033772868511750313 0.026365345421022979 -0.066631808556319658 -0.0018325902523025552 0.01811355436513936 -0.061526282861220062 -0.019313594213148318 -0.083020440721032013 -0.049066093318997694 0.060675915328038982 -0.023207844542937346 0.032601314258434329 0.027860897798742686 0.0081240632361273928 0.024694076993394418 0.017066314023737865 0.049722337893231175 0.01621110628352752 -0.015369997163459001 -0.049666415166782288 0.040106104220397461 -0.0020323660542976088
leaf_weight=86.12794781698949 12.054286778671665 180.89957491846781 262.53043624269776 9.6891274815425259 25.331448771990836 347.39025811480315 5.2751041835581542 321.70799207803793 24.135970915323924 5.9075738841202101 2.020442998269572 271.86309826624347 4.5377533700084305 2.6998267173767081 2.5458112847991279 2.5050442181527615 1.6518086749128995 3.5906584244221449 3.1327920884359628 2.6286663156352006 12.7869835793972 673.38306845864281 28.486700394656509 5.4954454414546516 6.0664307698607436 9.2471940722316486 22.357788328081369 2.0603358224034301 5.7324974928051224 72.250807645963505
leaf_count=697189 109 173712 1181 67 100 46524 430 3246 139649 146 90 6779 105 184 116 277 60 46 167 82 63 2614 71 33 15 30 68 19 21 857
internal_value=0 -0.0173059 0.0063458 -0.0114643 0.00163924 -0.0119892 0.00107087 0.000698907 -0.0458069 -0.00248164 -0.0138217 -0.00123288 -0.0100866 -0.015412 -0.00957504 -0.0215546 0.0112541 0.027491 -0.0497842 -0.00141821 0.00979375 0.00956446 0.0124669 0.0113275 0.0132642 -0.0026939 -0.00897031 0.00314009 0.00461368 -0.00335306
internal_weight=0 648.243 1767.85 537.979 747.496 528.29 722.165 710.11 110.264 308.359 30.5879 277.771 28.5675 24.0297 21.3299 13.5416 7.78828 6.13647 5.63784 7.90377 1020.35 1007.57 334.184 305.697 268.597 37.1004 27.8532 401.752 327.44 74.3111
internal_count=1074050 1057141 16909 220303 12834 220236 12734 12625 836838 8482 1557 6925 1467 1362 1178 956 222 162 444 512 4075 4012 1398 1327 1196 131 101 4143 3267 876
is_linear=0
shrinkage=0.05


Tree=86
num_leaves=31
num_cat=0
split_feature=0 0 0 1 0 1 3 3 2 2 2 0 0 3 3 3 2 3 3 3 2 2 3 2 2 2 2 2 2 2
split_gain=102.474 41.3331 11.0298 3.0156 2.58425 2.50879 2.24151 3.92569 2.66518 4.65754 2.31619 1.77102 1.77099 1.66927 1.66484 3.36023 2.93878 2.00762 1.70223 2.06378 1.61207 1.48994 1.48734 3.2855 2.96156 2.56437 2.71702 3.98173 2.23799 1.48107
threshold=0.68981449621504665 0.0088049481694041625 0.94875966535953815 1.0000000180025095e-35 0.11665055024126079 1.0000000180025095e-35 393.00000000000006 397.00000000000006 2180.0000000000005 1653.0000000000002 2563.5000000000005 0.86620967868038068 0.0019437620776660012 3646.0000000000005 107642.50000000001 126445.00000000001 159592.50000000003 146963.00000000003 176512.00000000003 190955.50000000003 435.50000000000006 593143.50000000012 478812.50000000006 63181.500000000007 37282.500000000007 84169.500000000015 45560.000000000007 35308.500000000007 29531.000000000004 18557.000000000004
decision_type=2 2 2 2 2 2 2 2 2 2 2 2 2 2 2 2 2 2 2 2 2 2 2 2 2 2 2 2 2 2
left_child=1 12 5 4 13 6 8 -8 9 20 -10 -9 -1 -3 16 29 -4 -17 -19 -20 -2 -5 23 24 28 26 27 -24 -21 -16
right_child=2 3 14 21 -6 -7 7 11 10 -11 -12 -13 -14 -15 15 17 -18 18 19 22 -22 -23 25 -25 -26 -27 -28 -29 -30 -31
leaf_value=-0.049072309528817533 0.019144718093028801 -0.044256383418745715 0.010961775047557527 0.034803731443737371 -0.0099504330876449519 0.017110468485442443 -0.072419426175413137 -0.0021690966003197316 0.016846941520378592 0.088115688829345951 -0.090297766298693932 0.002942765296014227 -0.033545084165195714 -0.016848262239015619 -0.048085501148951798 0.030500196744849759 0.040586008483216987 -0.015310313931413173 0.031131478356725084 0.003008155398857305 -0.016065952149334477 -0.0045471166787093825 0.015639733515937983 -0.029486452341850385 0.023440161742807129 0.0065581653335735311 0.030544451335874787 -0.033512031651600986 -0.029555901254316133 -0.003920328674177697
leaf_weight=82.600963054092517 18.343900069012317 5.8141361265315927 564.91656874737237 5.0960426507517678 393.08877507772922 25.196302286349237 1.8403386084246438 301.41739136891556 0.95339982188306693 2.2678281776607028 1.0710195893188936 386.95280472305603 23.613882910572556 124.79666759993597 3.7374097923748186 9.6036796778207627 8.4976095671299827 8.1062226849608106 9.2857974488288146 25.710985174402595 3.9508070284500709 4.5560776768252254 30.171651008073241 8.2268661297857744 14.622781137411947 292.25572219269816 24.889251457992941 4.7720308601856223 6.6385017689317456 3.8575114570558071
leaf_count=697189 161 19432 2298 28 67259 100 198 8196 18 7 43 4015 139649 133545 28 43 34 50 30 121 96 39 112 64 55 1053 101 27 41 18
internal_value=0 -0.017137 0.00623702 -0.0114646 -0.011975 0.00160332 0.00105822 0.000509456 0.0153044 0.0198492 -0.039838 0.000704429 -0.0456203 -0.0180683 0.00962341 0.00731697 0.0114008 0.00789357 0.00738234 0.00782393 0.0129051 0.016229 0.00729254 -0.000338502 0.00476656 0.0084889 0.0179196 0.0089274 -0.00367438 -0.0256537
internal_weight=0 639.567 1757.29 533.352 523.7 741.994 716.797 690.211 26.587 24.5625 2.02442 688.37 106.215 130.611 1015.29 441.878 573.414 434.283 424.68 416.574 22.2947 9.65212 407.288 55.1991 46.9723 352.089 59.8329 34.9437 32.3495 7.59492
internal_count=1074050 1057141 16909 220303 220236 12834 12734 12409 325 264 61 12211 836838 152977 4075 1743 2332 1697 1654 1604 257 67 1574 281 217 1293 240 139 162 46
is_linear=0
shrinkage=0.05


Tree=87
num_leaves=31
num_cat=0
split_feature=0 0 0 0 1 1 3 2 0 2 2 0 3 3 3 3 3 3 3 2 2 2 2 3 2 2 3 2 3 3
split_gain=98.4321 36.0159 13.5999 2.95867 2.68984 2.56221 2.04052 1.97632 1.95691 2.14056 2.45808 1.76367 1.69147 1.66985 2.12681 2.54538 1.63436 1.52922 1.46642 4.35728 2.70984 3.10474 2.25139 1.59974 1.83423 1.45229 1.81356 1.39124 2.09264 2.39826
threshold=0.60678019017954943 0.0088049481694041625 0.94875966535953815 0.86620967868038068 1.0000000180025095e-35 1.0000000180025095e-35 393.00000000000006 1246.5000000000002 0.072661120000328969 1567682.0000000002 1093855.0000000002 0.0019437620776660012 647.50000000000011 999826.50000000012 761101.50000000012 813523.00000000012 6000.5000000000009 884755.50000000012 214357.50000000003 159592.50000000003 25349.500000000004 22518.000000000004 92406.500000000015 197942.50000000003 159592.50000000003 58954.000000000007 47259.500000000007 47679.000000000007 18708.000000000004 777804.00000000012
decision_type=2 2 2 2 2 2 2 2 2 2 2 2 2 2 2 2 2 2 2 2 2 2 2 2 2 2 2 2 2 2
left_child=1 11 3 4 -2 8 7 -5 9 10 16 -1 -8 14 18 -16 -3 -6 20 22 21 -4 -20 24 25 26 -22 -18 -29 -30
right_child=2 5 13 6 17 -7 12 -9 -10 -11 -12 -13 -14 -15 15 -17 27 -19 19 -21 23 -23 -24 -25 -26 -27 -28 28 29 -31
leaf_value=-0.048958776594617337 -0.0029795685572194114 -0.0464894636343526 0.010244934617010046 0.011293535345426157 0.040176995018750737 0.016398518911193396 -0.032837259951228603 0.051561389425847773 -0.011312884385392713 -0.044892219378383641 0.032641226963051488 -0.033252448553046279 0.0032900068343137781 0.0061549011364878149 0.052172895018764834 0.016653069208378807 -0.010836043237194818 0.003870845446622001 0.0030685310977254881 -0.044259831693745144 0.041003710613436883 -0.028254061884636823 0.033248828498024442 0.044314414276174947 0.037322507127655315 -0.0148536339722437 0.0070557048020833159 0.036630996979037003 -0.050474922640655999 -0.018729110256681
leaf_weight=79.093127113102128 392.56718637535232 4.9882230727607739 572.64735637477133 13.150899344589563 5.6189718171954137 7.5496812406927338 3.2664165069581932 3.9659628667868665 349.11871058130964 7.690746293716983 2.3932139686730798 23.091766949042722 399.28207886416931 281.01285013929009 5.794520227238535 38.926666197832674 40.770477914819821 5.9945683358237147 55.683472913689911 4.5496462648734441 5.5850012321025195 5.2851443365216246 6.9506998676806679 7.4124011993408194 9.3216522992588562 4.3834684789180747 13.308749530115163 1.3207653573381346 8.2952763030707519 21.03614088802442
leaf_count=697189 13109 18557 2346 76 24 56 162 25 84339 23516 2974 139649 3963 1011 16 138 41361 38 287 46 23 20 32 17 43 38 58 608 15202 29127
internal_value=0 -0.0186505 0.00554368 0.000775227 -0.002278 -0.0124804 0.0037158 0.0206236 -0.012981 -0.0197138 -0.0172565 -0.0454095 0.00299686 0.00942994 0.0106909 0.0212554 -0.0188193 0.0214368 0.0100013 0.00298588 0.0107641 0.00989286 0.00641773 0.023348 0.0185806 0.0110751 0.0170908 -0.0168868 -0.024935 -0.0277072
internal_weight=0 545.348 1834.71 823.846 404.181 443.163 419.665 17.1169 435.614 86.4948 78.8041 102.185 402.548 1010.86 729.849 44.7212 76.4109 11.6135 685.128 67.1838 617.944 577.933 62.6342 40.0113 32.5989 23.2772 18.8938 71.4227 30.6522 29.3314
internal_count=1074050 1052578 21472 17397 13171 215740 4226 101 215684 131345 107829 836838 4125 4075 3064 154 104855 62 2910 365 2545 2366 319 179 162 119 81 86298 44937 44329
is_linear=0
shrinkage=0.05


Tree=88
num_leaves=31
num_cat=0
split_feature=0 0 0 1 0 1 3 3 2 2 0 2 2 2 1 0 2 3 2 2 2 0 3 2 2 2 23 3 2 2
split_gain=93.8323 37.8322 10.1711 2.77784 2.55462 2.43689 2.609 3.49218 1.95626 5.25396 1.75557 1.72465 1.58436 1.58044 3.07321 1.57092 1.48497 2.33649 1.6729 1.39506 1.2521 1.23396 1.22973 1.21924 1.17497 1.32773 1.16572 1.1226 1.4701 1.74382
threshold=0.68981449621504665 0.0088049481694041625 0.94875966535953815 1.0000000180025095e-35 0.37969951586789719 1.0000000180025095e-35 393.00000000000006 397.00000000000006 2180.0000000000005 1653.0000000000002 0.0019437620776660012 2563.5000000000005 593143.50000000012 8.9884656743000007e+307 1.0000000180025095e-35 0.86620967868038068 728670.50000000012 979569.00000000012 518026.50000000006 435.50000000000006 23.500000000000004 0.030380062479932603 393.00000000000006 550920.50000000012 1741219.0000000002 8.9884656743000007e+307 1.0000000180025095e-35 152.00000000000003 23.500000000000004 593.00000000000011
decision_type=2 2 2 2 2 2 2 2 2 2 2 2 2 2 2 2 2 2 2 2 2 2 2 2 2 2 2 2 2 2
left_child=1 10 5 4 21 6 8 -8 9 19 -1 -10 -5 14 27 -9 18 -18 -17 20 -2 -3 -12 -20 26 -26 -6 28 -4 -30
right_child=2 3 13 12 24 -7 7 15 11 -11 22 -13 -14 -15 -16 16 17 -19 23 -21 -22 -23 -24 -25 25 -27 -28 -29 29 -31
leaf_value=-0.048826789801998949 -0.0012254293770153309 -0.024056258206711093 -0.000315281755024997 0.035859144285152224 -0.0065127443894050854 0.016878581608212703 -0.072086738017620375 -0.0021858609237961255 0.010820870681479954 0.089070113516987529 0.020950821946088702 -0.087899385403079996 -0.0054558526915070328 0.004150645780403253 0.03889373947713156 0.0033626545389431593 -0.045913230256027573 -0.0020371359105768815 0.03982275879844465 -0.0151983092880778 0.027022771426003119 -0.013794451276153228 -0.03546297490760774 0.0074073766648409395 -0.049032095247317428 -0.01332915074092424 0.071091468249267264 0.0093456523113233918 0.033078167541533886 0.0019380729868638436
leaf_weight=75.572998496697437 5.7351385899819549 33.151353246875715 7.4713140749372569 4.7696698596701008 191.04283300977841 24.854923977516592 1.6594099113135587 298.7072954881296 0.97191782854497322 2.4822100270539513 1.0113267028891666 0.81206026463769376 4.5190251171588898 133.12476501381025 9.1067037843167764 306.58112096786499 3.1860520308837286 63.672161367139779 5.4827132392674667 3.8059748148662029 12.413938370649703 251.82785714814054 21.556661629751488 6.1601155730895698 2.8187751939112777 34.176799168781145 0.48513872735202213 831.02398971054936 17.608687977306548 6.0371013581752768
leaf_count=697189 65 84643 62 28 17250 100 198 8196 18 7 2028 43 39 416 50 3118 94 719 21 96 96 114301 137621 63 575 3464 3 3435 84 28
internal_value=0 -0.0166873 0.00595193 -0.0113399 -0.0118301 0.00148899 0.000951513 0.000359398 0.01643 0.02012 -0.0451724 -0.0341162 0.0157591 0.00922468 0.00999998 0.000535209 0.00264594 -0.004128 0.00406913 0.0123246 0.0180963 -0.0149882 -0.0329349 0.0226721 -0.00789189 -0.0160494 -0.00631617 0.00969478 0.0190187 0.0251277
internal_weight=0 620.932 1740.9 522.791 513.503 736.525 711.67 685.449 26.2212 24.4373 98.141 1.78398 9.28869 1004.37 871.248 683.789 385.082 66.8582 318.224 21.9551 18.1491 284.979 22.568 11.6428 228.524 36.9956 191.528 862.141 31.1171 23.6458
internal_count=1074050 1057141 16909 220303 220236 12834 12734 12409 325 264 836838 61 67 4075 3659 12211 4015 813 3202 257 161 198944 139649 84 21292 4039 17253 3609 174 112
is_linear=0
shrinkage=0.05


Tree=89
num_leaves=31
num_cat=0
split_feature=0 0 0 3 3 1 0 0 0 2 2 2 3 2 2 1 2 2 2 2 2 2 2 2 2 2 2 2 2 2
split_gain=90.3024 36.2585 9.65167 2.76281 3.16181 2.8801 2.75859 1.72579 1.68436 1.49796 4.5304 2.0883 1.40967 1.37742 1.37607 2.21648 1.37401 1.19958 1.29809 1.94586 1.87779 1.20152 2.18559 7.26637 5.01546 2.24763 1.29753 1.39579 1.39445 1.65283
threshold=0.68981449621504665 0.0088049481694041625 0.94875966535953815 393.00000000000006 397.00000000000006 1.0000000180025095e-35 0.37969951586789719 0.0019437620776660012 0.86620967868038068 1246.5000000000002 2180.0000000000005 435.50000000000006 999826.50000000012 1338899.0000000002 1741219.0000000002 1.0000000180025095e-35 2563.5000000000005 52231.500000000007 84169.500000000015 142533.50000000003 105656.50000000001 999530.00000000012 567261.00000000012 425782.50000000006 625678.00000000012 877998.50000000012 247473.50000000003 206877.50000000003 152719.50000000003 177674.50000000003
decision_type=2 2 2 2 2 2 2 2 2 2 2 2 2 2 2 2 2 2 2 2 2 2 2 2 2 2 2 2 2 2
left_child=1 7 3 9 -5 8 -3 -1 -6 11 -11 -2 13 -4 15 -8 -12 -14 -19 20 -20 22 23 26 -24 -26 27 28 -21 -30
right_child=2 6 12 4 5 -7 14 -9 -10 10 16 -13 17 -15 -16 -17 -18 18 19 21 -22 -23 24 -25 25 -27 -28 -29 29 -31
leaf_value=-0.048715063718504426 0.017166191009763205 -0.014592536583455882 0.0099532667789046445 -0.070979953017487205 -0.0023949207827963291 0.017815824889652648 -0.0063339267066404303 -0.032737352976019672 0.0026199097116481468 0.068240040485269812 0.0079315223459051395 -0.030551605386106045 -0.016747442298167724 0.030231129539260538 -0.016029930513091335 0.031223902293846969 -0.084669052156569155 0.028414234905027914 0.0080024391471699204 0.037038076036993842 -0.033971060802765067 0.0043289169842811361 0.0685934456742682 -0.038668250343036739 -0.00021464574185437406 0.033267078675338985 0.019051927910770927 -0.018541259414644597 -0.021401468357295027 0.018017551070384177
leaf_weight=72.46642779944068 17.959166287793785 286.11648851446353 713.4780763523886 1.5273894819256373 297.43493769955239 24.679481314495206 189.99650353295874 22.0408372337115 383.11707943154033 4.086986126843839 0.98584815557114758 2.6283952723606481 5.6771717788651577 8.4740350106731039 37.416981156042311 4.0112132956273845 0.67479050322435796 6.5790056921541682 4.8818350657820684 3.8150198496878174 5.8669725670479238 167.40106259426102 5.0219053928740349 7.8021772410720578 12.728711161995308 8.2685184456640837 33.297250567004085 5.4818156855180851 4.4864787608385068 6.5292931571602821
leaf_count=697189 161 198978 3021 198 8196 100 17253 139649 4015 18 18 85 34 43 4047 25 43 29 18 15 47 512 15 58 55 26 116 31 25 30
internal_value=0 -0.01651 0.00583127 0.00147354 0.000881022 0.00103666 -0.0113095 -0.0449888 0.00042818 0.0173749 0.0399437 0.0110741 0.00902658 0.0101913 -0.00725061 -0.0055574 -0.0296962 0.00600012 0.00647463 0.00593114 -0.0149078 0.00681012 0.0115608 0.00641513 0.0237059 0.0129702 0.0129764 0.00301713 0.0109856 0.00196306
internal_weight=0 612.048 1732.88 733.094 706.759 705.231 517.541 94.5073 680.552 26.3352 5.74762 20.5876 999.789 721.952 231.425 194.008 1.66064 277.837 272.16 265.581 10.7488 254.832 87.4312 61.412 26.0191 20.9972 53.6099 20.3126 14.8308 11.0158
internal_count=1074050 1057141 16909 12834 12509 12311 220303 836838 12211 325 79 246 4075 3064 21325 17278 61 1011 977 948 65 883 371 275 96 81 217 101 70 55
is_linear=0
shrinkage=0.05


Tree=90
num_leaves=31
num_cat=0
split_feature=0 0 0 0 0 1 3 1 2 2 1 2 2 2 3 3 3 0 2 2 2 3 3 2 0 0 3 2 2 3
split_gain=86.7221 31.7056 12.7855 2.95845 2.56631 2.43885 2.07357 1.8674 1.83158 1.70594 1.60848 2.59748 1.57285 2.92835 1.73585 2.04959 1.78765 3.33262 1.73424 2.84804 3.6568 2.21457 2.47826 2.79587 2.53187 2.52333 2.48961 2.36771 2.29267 2.0327
threshold=0.60678019017954943 0.0048211075022283351 0.94875966535953815 0.86620967868038068 0.043984350660107828 1.0000000180025095e-35 393.00000000000006 1.0000000180025095e-35 1246.5000000000002 162984.00000000003 1.0000000180025095e-35 8.9884656743000007e+307 64.000000000000014 435.50000000000006 1326.5000000000002 1830.5000000000002 38.500000000000007 0.19204907757119541 166361.50000000003 247473.50000000003 289274.50000000006 711791.50000000012 740994.00000000012 119595.00000000001 0.17215690376152604 0.29933317345669974 945202.50000000012 17963.000000000004 78363.500000000015 854474.50000000012
decision_type=2 2 2 2 2 2 2 2 2 2 2 2 2 2 2 2 2 2 2 2 2 2 2 2 2 2 2 2 2 2
left_child=1 -1 3 5 -3 -2 8 12 -5 -7 -4 -12 14 -14 16 -16 -6 -18 21 -20 -21 28 -23 24 27 29 -26 -24 -15 -25
right_child=2 4 10 6 7 9 -8 -9 -10 -11 11 -13 13 18 15 -17 17 -19 19 20 -22 22 23 25 26 -27 -28 -29 -30 -31
leaf_value=-0.046271935137772613 -0.0032127135862652341 -0.022375294558216616 0.0087754739233656936 0.011221007261973295 -0.033449975193723551 0.03751359377347295 0.0027586185064306171 0.014784483926220109 0.049390937017095772 -0.0016625737710289894 0.044545070851987618 -0.0078975983336794786 -0.036809398704797248 -0.0094349961972464789 -0.066936025902204502 0.061055162958867405 0.42913282945405773 0.08655310962009008 -0.035134483127535025 0.016093603849898445 -0.015131707049768271 0.044649444705301251 0.024301966800625199 0.10880326823842604 -0.030645974238523888 -0.0087017815292768034 0.0088763858860150049 -0.043635642746310613 -0.035063692222408342 0.025810637481485911
leaf_weight=83.15700732347932 386.95571017838665 58.168115060905166 982.58803191053448 12.751496725250037 0.21534846448048428 6.3474011332727951 398.66603753971867 6.8435688251629463 4.1708184080198398 4.9426497723907232 7.5047271596267802 3.4450223408639431 11.358822829153722 152.62029186682958 0.64277014503750229 0.60926890998962335 0.082713077295920812 0.50091774617612828 15.91639295097775 10.147266494146605 123.39380965515011 3.0861125044393694 1.5415302027395243 0.81477700550021648 5.2836550099600599 5.9382727787888134 16.206712583589251 7.631385704564309 9.255470974276248 7.8085737199216965
leaf_count=786094 13109 156441 4012 76 343 27 4125 52 25 35 50 13 9773 40299 579 11 100 56 5407 1825 37579 324 656 100 792 644 2094 4239 3194 1976
internal_value=0 -0.017968 0.00518174 0.000535209 -0.0125951 -0.00254436 0.00348627 -0.0110976 0.0206287 0.0203627 0.00898785 0.0280455 -0.0115724 -0.0118138 0.0320924 -0.00465278 0.0896738 0.135104 -0.0110244 -0.0151419 -0.012759 -0.00809657 0.00129806 -0.00166021 -0.0102273 0.0163801 -0.000840643 -0.0322186 -0.0109004 0.0336522
internal_weight=0 521.223 1807.37 813.834 438.066 398.246 415.588 379.898 16.9223 11.2901 993.538 10.9497 373.054 371.003 2.05102 1.25204 0.798979 0.583631 359.644 149.457 133.541 210.187 48.311 45.2249 30.6633 14.5616 21.4904 9.17292 161.876 8.62335
internal_count=1074050 1052578 21472 17397 266484 13171 4226 110043 101 62 4075 63 109991 108902 1089 590 499 156 99129 44811 39404 54318 10825 10501 7781 2720 2886 4895 43493 2076
is_linear=0
shrinkage=0.05


Tree=91
num_leaves=31
num_cat=0
split_feature=0 0 0 0 1 0 3 3 2 2 2 2 1 0 3 2 3 3 3 2 2 1 3 3 3 1 2 2 2 3
split_gain=82.3462 34.0203 9.83809 2.63196 2.60598 2.04303 1.84584 3.48353 1.87875 2.49716 2.02168 1.54879 3.46504 1.51469 1.48916 1.70028 1.38431 1.45521 1.31085 1.89241 1.54347 1.24235 1.14485 1.61552 1.13727 1.12505 1.09984 1.08292 1.45771 1.34463
threshold=0.68981449621504665 0.0088049481694041625 0.94875966535953815 0.37969951586789719 1.0000000180025095e-35 0.86620967868038068 6000.5000000000009 4095.0000000000005 10859.000000000002 1246.5000000000002 2826.5000000000005 8.9884656743000007e+307 1.0000000180025095e-35 0.0019437620776660012 38.500000000000007 144.50000000000003 943.50000000000011 393.00000000000006 9157.0000000000018 1599.5000000000002 1653.0000000000002 1.0000000180025095e-35 3646.0000000000005 4095.0000000000005 393.00000000000006 1.0000000180025095e-35 1654303.0000000002 728670.50000000012 518026.50000000006 979569.00000000012
decision_type=2 2 2 2 2 2 2 2 2 2 2 2 2 2 2 2 2 2 2 2 2 2 2 2 2 2 2 2 2 2
left_child=1 13 4 22 5 -2 7 8 9 14 -11 12 26 -1 -7 16 17 -16 19 -8 -21 -5 -3 -24 -15 -26 -4 28 -20 -29
right_child=2 3 11 21 -6 6 18 -9 -10 10 -12 -13 -14 24 15 -17 -18 -19 27 20 -22 -23 23 -25 25 -27 -28 29 -30 -31
leaf_value=-0.04847711097220124 -0.0025035886776106496 -0.029479302995740687 0.0090500103435892185 -0.0076201633498467758 0.017187735324267431 0.022629780498896634 -0.071794672352558542 0.038259701749574354 -0.044775038426695085 0.042406601725910223 8.305525482449905e-05 0.0037690155063367045 0.044063645333987184 0.019810187492626224 0.012880974337662133 -0.014480203060082984 0.03169790767908106 -0.038847014651984646 0.0025434266817095253 0.034639370788431038 -0.033040113822277437 0.01774452917445811 0.02202718976372188 -0.014058161542876936 -0.035817806682021655 0.57351022845381261 0.023429368906857151 -0.037724893386201719 0.020742032417877008 -0.0023207532011261453
leaf_weight=66.900460723063134 304.59760877551162 11.908711275414587 837.15922920283629 222.43453153989685 24.441264511086047 6.2156277322210363 1.4616372981108714 9.871002185624091 1.7803427041508246 7.7370657231658679 4.4411458906251937 132.82180108921602 7.2198763573542228 0.97260637325780663 4.0191325680352765 16.641575952526182 4.6202294200193137 2.0546824941411614 259.02281022444367 1.4806222058832648 1.9543692194856701 4.9346357481554142 3.1383289905761549 265.27251863644597 19.591354255468563 0.0075784116052081121 13.51282397774048 2.8003244674764565 11.49177870294079 63.388471099664457
leaf_count=697189 8557 25622 3569 21292 100 34 38 79 61 35 51 416 50 2028 16 309 47 136 2428 10 38 33 762 172594 137618 3 40 92 84 719
internal_value=0 -0.016029 0.00555051 -0.011067 0.00113761 0.000580056 0.00293423 0.0112321 0.00561663 0.00757849 0.0269721 0.0087933 0.00957117 -0.0448286 0.000539132 -0.00448388 0.0110719 -0.00461785 0.00154038 -0.0241437 -0.00386748 -0.00706967 -0.0143093 -0.0136362 -0.0329633 -0.0355822 0.00927842 0.0019139 0.00331652 -0.00381864
internal_weight=0 595.161 1718.73 507.689 728.02 703.578 398.981 57.3808 47.5098 45.7295 12.1782 990.714 857.892 87.472 33.5512 27.3356 10.694 6.07382 341.6 4.89663 3.43499 227.369 280.32 268.411 20.5715 19.5989 850.672 336.703 270.515 66.1888
internal_count=1074050 1057141 16909 220303 12834 12734 4177 768 689 628 86 4075 3659 836838 542 508 199 152 3409 86 48 21325 198978 173356 139649 137621 3609 3323 2512 811
is_linear=0
shrinkage=0.05


Tree=92
num_leaves=31
num_cat=0
split_feature=0 0 0 0 1 0 3 3 3 2 2 2 2 2 2 0 3 2 3 2 3 3 3 2 2 1 3 2 2 2
split_gain=78.5843 32.3516 9.43793 2.60988 2.38606 2.01551 2.02506 6.15158 4.51622 3.47148 3.70193 2.16351 1.95842 3.96633 1.66431 1.51489 1.43987 2.46906 2.78992 1.35203 1.45516 1.81194 1.34139 3.54044 1.32641 3.28907 1.31452 1.97135 3.38685 2.8274
threshold=0.68981449621504665 0.0088049481694041625 0.94875966535953815 0.37969951586789719 1.0000000180025095e-35 0.86620967868038068 28983.500000000004 22458.000000000004 14231.000000000002 15662.500000000002 3185.5000000000005 2826.5000000000005 11901.500000000002 9821.5000000000018 21207.500000000004 0.0019437620776660012 40642.000000000007 4151.5000000000009 34851.000000000007 370.00000000000006 6000.5000000000009 4095.0000000000005 1742.0000000000002 642.50000000000011 8.9884656743000007e+307 1.0000000180025095e-35 104441.00000000001 35772.000000000007 37282.500000000007 28737.000000000004
decision_type=2 2 2 2 2 2 2 2 2 2 2 2 2 2 2 2 2 2 2 2 2 2 2 2 2 2 2 2 2 2
left_child=1 15 4 -3 5 -2 7 8 12 10 11 -10 13 19 -14 -1 17 -8 -19 -7 21 22 -21 -24 25 -4 -18 29 -29 -28
right_child=2 3 24 -5 -6 6 16 -9 9 -11 -12 -13 14 -15 -16 -17 26 18 -20 20 -22 -23 23 -25 -26 -27 27 28 -30 -31
leaf_value=-0.048335393606743521 -0.0025285279090114495 -0.014272703922798717 0.0090289720880957994 -0.0070212588193699068 0.016470185985214901 -0.0024130187939899904 0.018936616030706052 0.048268690441314877 -0.029505728913787728 0.033016843150916873 -0.071014106102602101 0.038635064191002849 -0.00061532197929096565 0.070085878449723318 -0.074952441721916938 -0.032539003131730991 0.0098302750833864725 -0.0042691456759871918 -0.063179831049140892 0.022148247066474426 0.00079676274685539818 0.040708602240140765 -0.068428854576863943 0.01139542624750042 0.0039256960998254728 0.043603150880228869 -0.0029085349642398151 0.051112472445047435 0.0014459682776038626 -0.033723410463812116
leaf_weight=63.853091610877982 303.47477091502515 275.92825635501731 848.17124043212971 225.47855282178352 24.315769073553383 18.863442407106049 3.4508520690724245 9.1157360938377661 3.8998543433845025 2.2316251602023831 4.2794055612757802 1.6610419061034916 2.0022701150737698 2.7641802718862882 1.2067279093898831 19.910374103876165 41.087359955068678 4.334206894040106 3.7474296092987061 16.157057791482661 15.994635615032164 7.5407415949739507 1.633088364265858 9.2968166819773597 132.08100863941945 6.9349851720035067 36.666137984953821 3.4932383904233566 197.35594417026732 9.3402736147399974
leaf_count=697189 8557 198978 3609 21325 100 369 34 60 66 23 68 12 42 9 49 139649 384 49 45 110 201 58 57 100 416 50 432 15 1877 117
internal_value=0 -0.015817 0.00540916 -0.0110118 0.00107278 0.000537611 0.00288662 0.00917968 0.00510883 -0.0232863 -0.036055 -0.00915205 0.00965149 0.0113491 -0.0285694 -0.0445806 0.00085573 -0.0164681 -0.0315858 0.0090125 0.01327 0.0190314 0.0129967 -0.000531494 0.00858906 0.00930937 0.00154957 0.000171306 0.00230979 -0.00916461
internal_weight=0 585.17 1711.1 501.407 723.913 699.597 396.122 96.6466 87.5309 12.0719 9.8403 5.5609 75.459 72.25 3.209 83.7635 299.475 11.5325 8.08164 69.4858 50.6223 34.6277 27.087 10.9299 987.187 855.106 287.943 246.856 200.849 46.0064
internal_count=1074050 1057141 16909 220303 12834 12734 4177 1224 1164 169 146 78 995 904 91 836838 2953 128 94 895 526 325 267 157 4075 3659 2825 2441 1892 549
is_linear=0
shrinkage=0.05


Tree=93
num_leaves=31
num_cat=0
split_feature=0 0 0 1 0 1 0 3 3 3 3 2 2 0 2 2 2 2 3 3 0 0 3 2 2 0 2 2 2 2
split_gain=75.6892 31.0048 8.97186 2.85377 2.35419 2.07677 2.24796 1.56639 5.73275 4.69508 2.12165 1.95256 1.56428 1.5094 1.4645 1.34412 1.41372 2.99081 1.82616 2.0683 1.38122 2.22913 1.52154 1.38226 1.32462 1.5669 1.26572 2.0592 1.40155 1.73406
threshold=0.68981449621504665 0.0088049481694041625 0.94875966535953815 1.0000000180025095e-35 0.42569895731548962 1.0000000180025095e-35 0.86620967868038068 28983.500000000004 21696.000000000004 15838.500000000002 30785.000000000004 2563.5000000000005 593143.50000000012 0.0019437620776660012 370.00000000000006 435.50000000000006 1246.5000000000002 1653.0000000000002 5097.0000000000009 6000.5000000000009 0.096052811190413576 0.1404309643755339 3321.0000000000005 593.00000000000011 1694852.0000000002 0.072661120000328969 1245172.5000000002 625678.00000000012 1288875.0000000002 1396602.0000000002
decision_type=2 2 2 2 2 2 2 2 2 2 2 2 2 2 2 2 2 2 2 2 2 2 2 2 2 2 2 2 2 2
left_child=1 13 5 4 15 6 -2 8 9 14 -9 -11 -5 -1 -8 -3 18 -18 20 -20 -17 23 -23 -22 26 -26 27 -19 -28 -30
right_child=2 3 -4 12 -6 -7 7 10 -10 11 -12 -13 -14 -15 -16 16 17 24 19 -21 21 22 -24 -25 25 -27 28 -29 29 -31
leaf_value=-0.048213911795985921 -0.0026788668552875138 -0.031893813632463956 0.0084105660095135214 0.036994371993487811 -0.0072529692259613648 0.01542428942449391 -0.0044863895674672758 -0.049129908952348054 0.044497669601704544 -0.0078081206628752564 0.001634884492250709 -0.065003375691101012 -0.0044442389235448288 -0.032241989651192751 0.011570230213250394 -0.063738764948934754 -0.056227007713732395 -0.011798087342242537 0.064635659255571729 0.0016262868589016215 0.060946908269048798 0.016285038287196223 -0.062293027644834589 -0.05931009252249636 -0.043880734459929897 -0.017648219974811821 0.040889001164579677 -0.032852098966170445 -0.054277335209676696 0.0062349346938474354
leaf_weight=61.263206793268182 302.81331772592966 10.4979779279206 984.68789196840953 4.6641575517132861 196.97294040545239 24.298391859047115 18.693076641531661 2.0727385748177758 9.989932779222725 2.806561761070042 293.61549490760081 3.186258202418685 4.4505340931937099 19.500618398412371 59.097261879825965 1.2231920312833588 4.2067821383197943 200.53000227021948 1.9877613193293653 3.777325653749358 1.4254399340024972 0.99083312040966154 1.6287250901077639 0.28707427789413476 6.7647859219923694 35.911180782692099 2.1477665447782774 12.327584864514391 1.4407537213819503 6.6408887954858073
leaf_count=697189 8557 19575 4075 28 17214 100 374 23 69 47 2930 74 39 139649 660 3632 4306 120191 294 2214 136 681 405 270 22574 13880 512 10044 1068 3240
internal_value=0 -0.0156211 0.0053131 -0.0109595 -0.0114765 0.00105667 0.000552381 0.00306473 0.00869548 0.00442658 0.00127903 -0.0382177 0.0167607 -0.0443575 0.00771181 -0.0143276 -0.013672 -0.0143978 0.00363821 0.0233515 -0.0168196 -0.00357166 -0.0325713 0.0407878 -0.0137357 -0.0218065 -0.0121918 -0.0130174 0.00498809 -0.00455288
internal_weight=0 578.64 1701.26 497.876 488.761 716.573 692.275 389.461 93.7731 83.7832 295.688 5.99282 9.11469 80.7638 77.7903 291.788 281.29 269.97 11.3204 5.76509 5.55526 4.33207 2.61956 1.71251 265.763 42.676 223.087 212.858 10.2294 8.08164
internal_count=1074050 1057141 16909 220303 220236 12834 12734 4177 1224 1155 2953 121 67 836838 1034 203022 183447 175815 7632 2508 5124 1492 1086 406 171509 36454 135055 130235 4820 4308
is_linear=0
shrinkage=0.05


Tree=94
num_leaves=31
num_cat=0
split_feature=0 0 0 1 0 0 1 2 2 2 0 2 0 3 2 0 0 2 2 2 2 2 3 3 3 0 3 3 3 2
split_gain=72.2648 29.8219 8.63231 2.55847 2.24487 1.94066 2.20036 1.79683 2.6425 2.29058 2.09611 2.07865 1.75721 1.5829 1.54329 1.90466 1.48715 1.36591 3.01133 2.79982 3.61566 1.79891 1.6513 2.26728 2.23811 2.43242 1.63108 1.57275 1.51672 1.67177
threshold=0.68981449621504665 0.0088049481694041625 0.94875966535953815 1.0000000180025095e-35 0.043984350660107828 0.86620967868038068 1.0000000180025095e-35 613349.50000000012 1038861.5000000001 1741219.0000000002 0.051906632848472793 8.9884656743000007e+307 0.15548050853772452 671729.50000000012 580687.00000000012 0.29933317345669974 0.0019437620776660012 435.50000000000006 64.000000000000014 1246.5000000000002 2826.5000000000005 1074.5000000000002 3646.0000000000005 3321.0000000000005 7221.0000000000009 0.056103481035036658 393.00000000000006 24717.000000000004 5097.0000000000009 642.50000000000011
decision_type=2 2 2 2 2 2 2 2 2 2 2 2 2 2 2 2 2 2 2 2 2 2 2 2 2 2 2 2 2 2
left_child=1 16 5 4 -3 6 -2 14 -9 10 -10 -11 -12 -14 17 -16 -1 18 -6 21 -21 22 23 -19 28 -26 -20 -23 29 -24
right_child=2 3 -4 -5 7 -7 -8 8 9 11 12 -13 13 -15 15 -17 -18 19 26 20 -22 27 24 -25 25 -27 -28 -29 -30 -31
leaf_value=-0.048074676113523736 -0.0027112087915980966 -0.021635911151544458 0.0082191336390458457 0.015565135578543991 0.025013609960755939 0.0032839849239521056 0.022081933359554769 -0.035320846729663284 0.072197069280245746 -0.04579630791388397 -0.042202574624188943 -0.014459764689920766 -0.074031248886952741 0.0064619408340364018 -0.043175450065775584 0.046483089632985419 -0.032036257238175665 0.00071132766635859362 0.034058142172439028 -0.032950970261323514 -0.007897820856258184 0.046086445045498671 0.029616023553069245 -0.072589518090534641 0.14286035071272843 -0.051548116266300563 -0.036391499278348373 -0.065425182540629928 0.055497355019875821 -0.036994836391838613
leaf_weight=58.729005776207487 301.44986216412508 47.647896495987425 982.92977478564717 9.0065214685164374 2.7721552570465091 402.8835724927485 9.2227128883823735 15.019480231618216 1.0048656763792703 5.7763851107483779 2.3737741657314499 63.106974250722487 0.63330995087017328 17.158127135626273 0.77262985380730187 2.5385209821979515 19.171666886527873 3.5527603423706777 0.87617039854194345 15.188942047814633 277.73107905381949 4.2703873810569339 3.0034122273209487 1.5004838564345844 0.17732523404629308 1.7367588079941922 13.189650525179784 0.34148275418556284 2.8702044941019267 1.3723465369839685
leaf_count=697189 8557 105693 4075 67 1125 4226 51 4734 318 2423 1891 19199 214 1910 482 158 139649 1696 930 5586 61936 743 214 476 96 608 9267 86 205 246
internal_value=0 -0.0153769 0.00518027 -0.0108397 -0.0113304 0.000994211 -0.00197519 -0.0102067 -0.0159051 -0.0126668 0.00171747 -0.0170876 -0.00179464 0.00359668 -0.00840262 0.025562 -0.0441276 -0.00874489 -0.0226161 -0.00799568 -0.00919692 0.0106957 0.00189133 -0.0210542 0.0145495 -0.0335377 -0.0320031 0.0378296 0.0272522 0.0087252
internal_weight=0 571.522 1696.49 493.622 484.615 713.556 310.673 436.967 105.073 90.0534 21.1701 68.8834 20.1652 17.7914 331.894 3.31115 77.9007 328.583 16.838 311.745 292.92 18.8252 14.2133 5.05324 9.16005 1.91408 14.0658 4.61187 7.24596 4.37576
internal_count=1074050 1057141 16909 220303 220236 12834 8608 114543 30689 25955 4333 21622 4015 2124 83854 640 836838 83214 11322 71892 67522 4370 3541 2172 1369 704 10197 829 665 460
is_linear=0
shrinkage=0.05


Tree=95
num_leaves=31
num_cat=0
split_feature=0 0 0 1 0 0 2 2 2 2 1 3 2 3 3 2 2 3 3 2 0 2 0 3 3 3 3 3 3 2
split_gain=68.2539 26.3723 11.0435 2.56769 2.56237 1.7459 1.83387 2.1432 1.80599 2.29189 1.72569 2.5721 1.63033 2.85711 2.53953 2.92017 1.8132 1.59098 1.83077 1.59005 1.49082 1.47912 2.06506 1.75194 4.8551 2.31711 4.21414 1.87682 3.26852 1.61592
threshold=0.60678019017954943 0.0088049481694041625 0.86620967868038068 1.0000000180025095e-35 0.94875966535953815 0.072661120000328969 1567682.0000000002 1093855.0000000002 64.000000000000014 435.50000000000006 1.0000000180025095e-35 884755.50000000012 166361.50000000003 994244.00000000012 504422.50000000006 78363.500000000015 37969.000000000007 1326.5000000000002 1830.5000000000002 189759.50000000003 0.0019437620776660012 1246.5000000000002 0.48090646582193369 129791.50000000001 118701.00000000001 93830.500000000015 75120.500000000015 67315.000000000015 59025.000000000007 1074.5000000000002
decision_type=2 2 2 2 2 2 2 2 2 2 2 2 2 2 2 2 2 2 2 2 2 2 2 2 2 2 2 2 2 2
left_child=1 20 10 5 -4 6 7 -3 17 -10 -2 -12 14 -14 15 21 -16 -7 -19 -15 -1 29 23 24 25 26 27 28 -23 -11
right_child=2 3 4 -5 -6 8 -8 -9 9 12 11 -13 13 19 16 -17 -18 18 -20 -21 -22 22 -24 -25 -26 -27 -28 -29 -30 -31
leaf_value=-0.047948271612134233 -0.0034615625565238848 -0.018064588403610346 0.0032715146379865899 0.018143795531321151 0.0080141365071674329 0.08621043666108319 -0.043903504276334528 0.032152024892149585 -0.035428332197886041 -0.0034731584297871092 0.041152759799587012 -0.0069196189849401726 -0.032188119176004837 -0.04604862152767622 -0.018463840574652748 -0.050378796523841578 0.0061139963541050795 -0.069341575048993284 0.060398127000896029 -0.010281734599737363 -0.031656023016906974 -0.019275531616869821 -0.0013046272765704001 -0.02797787661323883 0.050059746262121896 -0.047377949933826109 0.031302460970668237 -0.055488679260109586 0.027247728565976265 0.038374043054021013
leaf_weight=56.396684302765379 378.72045326666557 69.602370856714515 401.30844761955086 7.1061141174286595 981.01789391750935 0.89864894296624598 6.6894137250947088 2.1916579265707687 9.2072813811810175 9.2426279934006725 5.4274799562990648 5.7096955152228475 19.172459077577514 3.1985602349741376 8.9998705964899255 4.5208735891719689 45.150517858251987 0.53736319694871759 0.55043959787872154 108.95764078384673 18.695832684077004 31.7745435310826 34.990840547805419 21.729518826883577 3.0568205188610582 4.935406711541872 5.139758252662431 2.9103862986448794 4.2843420489734845 3.0741756837669518
leaf_count=697189 13109 104855 4226 56 4075 377 23516 2974 7630 2549 24 38 7684 927 2492 1645 8037 384 11 25922 139649 10743 2871 7026 324 2404 948 932 815 618
internal_value=0 -0.0166616 0.00454117 -0.0116488 0.00663729 -0.012177 -0.0188646 -0.0165316 -0.0105487 -0.0108434 -0.0028911 0.0165075 -0.0101159 -0.0143509 -0.00702271 -0.0109234 0.00202913 0.0369789 -0.00369193 -0.0113018 -0.043892 -0.00945095 -0.0113097 -0.0160514 -0.0110774 -0.0148879 -0.0112525 -0.0168652 -0.0137479 0.00697157
internal_weight=0 483.014 1772.18 407.922 1382.33 400.816 78.4834 71.794 322.332 320.346 389.858 11.1372 311.138 131.329 179.81 125.659 54.1504 1.98645 1.0878 112.156 75.0925 121.138 108.822 73.8308 52.1013 49.0444 44.109 38.9693 36.0589 12.3168
internal_count=1074050 1052578 21472 215740 8301 215684 131345 107829 84339 83567 13171 62 75937 34533 41404 30875 10529 772 395 26849 836838 29230 26063 23192 16166 15842 13438 12490 11558 3167
is_linear=0
shrinkage=0.05


Tree=96
num_leaves=31
num_cat=0
split_feature=0 0 0 1 3 3 2 3 1 0 3 3 0 2 2 2 2 0 2 3 3 2 2 2 3 2 2 3 2 2
split_gain=65.2364 25.2941 10.2756 2.52143 2.4544 2.94159 3.87076 2.3434 2.33384 1.71421 2.34978 1.82411 1.65806 1.77351 1.98577 1.63437 2.04099 1.4794 1.45742 2.60072 1.96958 3.02255 1.44147 3.51858 1.42183 1.5496 1.4174 1.39493 1.38932 1.88684
threshold=0.60678019017954943 0.0088049481694041625 0.86620967868038068 1.0000000180025095e-35 107642.50000000001 123560.00000000001 24485.000000000004 884755.50000000012 1.0000000180025095e-35 0.94875966535953815 153878.50000000003 135333.00000000003 0.072661120000328969 1567682.0000000002 1093855.0000000002 64.000000000000014 435.50000000000006 0.0019437620776660012 166361.50000000003 994244.00000000012 504422.50000000006 78363.500000000015 247473.50000000003 289274.50000000006 138702.50000000003 14290.000000000002 37969.000000000007 110385.00000000001 238.50000000000003 11568.500000000002
decision_type=2 2 2 2 2 2 2 2 2 2 2 2 2 2 2 2 2 2 2 2 2 2 2 2 2 2 2 2 2 2
left_child=1 17 3 -2 -4 6 27 -5 12 10 24 -11 13 14 -3 -14 -17 -1 20 -20 21 -18 -21 -24 25 -7 -22 -6 -13 -30
right_child=2 8 4 7 5 9 -8 -9 -10 11 -12 28 15 -15 -16 16 18 -19 19 22 26 -23 23 -25 -26 -27 -28 -29 29 -31
leaf_value=-0.047812404667663649 -0.0034606153649659136 -0.017845996409694025 0.0085146781364853815 0.04336867693585883 -0.08398243067186946 0.016114473374746755 0.024857394181796902 -0.0023586894427608872 0.017089055061869713 0.035584170630777394 0.0021638712224543292 0.022176282681390175 0.035242323172659733 -0.04371908209922179 0.030023025856009345 -0.034496876308288335 -0.0091119349364745649 -0.031373053237502106 -0.031286220464152477 -0.029489584666084319 -0.017452524774520878 -0.0516128649654954 0.022973527986971609 -0.012092133362643276 -0.071386948408407008 -0.043266871665037121 0.0044306519278008993 -0.031280408196097662 -0.010534539009158142 0.006461493968010869
leaf_weight=54.06610443730824 376.72541238620761 68.774521908491806 702.94711157993879 5.6283285627141577 1.7801158800721149 2.0758427446708074 2.7379309423267841 5.5789950173348188 6.9894388979300848 5.3738251319737165 245.30679501016857 13.2735603377223 1.944042174183777 6.4511775808441589 2.2369698278007482 8.792129808382013 119.86313267693913 18.323372363111503 18.810693667317537 9.8021523502247856 8.8504187072758196 4.3345588745578416 7.7467328749335129 93.484707835781592 1.5202373145148156 2.3338538641110063 45.14104558332474 4.2608447973616421 17.061742194928229 380.61976066540228
leaf_count=697189 13109 104855 4082 24 30 16 26 38 56 20 2317 33 772 23516 2974 7630 29230 139649 7684 2857 2492 1645 1025 22967 42 35 8037 49 90 1561
internal_value=0 -0.0164375 0.0044238 -0.00276534 0.00644579 0.00429552 -0.0244589 0.0206056 -0.0115519 0.00467366 0.00141205 0.0066419 -0.0120571 -0.0186184 -0.016338 -0.0104627 -0.0107431 -0.0436512 -0.0100651 -0.0140941 -0.00712929 -0.0105952 -0.0111815 -0.00940873 -0.0296888 -0.0153134 0.000843506 -0.0468103 0.00626344 0.00573231
internal_weight=0 475.611 1767.22 387.933 1379.29 676.345 8.77889 11.2073 403.222 667.566 251.237 416.329 396.232 77.4627 71.0115 318.77 316.826 72.3895 308.033 129.844 178.189 124.198 111.034 101.231 5.92993 4.4097 53.9915 6.04096 410.955 397.682
internal_count=1074050 1052578 21472 13171 8301 4219 105 62 215740 4114 2410 1704 215684 131345 107829 84339 83567 836838 75937 34533 41404 30875 26849 23992 93 51 10529 79 1684 1651
is_linear=0
shrinkage=0.05


Tree=97
num_leaves=31
num_cat=0
split_feature=0 0 0 0 1 1 2 0 0 2 2 2 0 0 2 0 2 2 2 2 3 3 3 3 2 3 2 2 3 2
split_gain=62.1045 24.2539 10.2125 2.29572 2.2488 1.959 1.66594 1.5983 1.47312 1.21028 1.61459 1.36909 3.46228 1.3064 1.42699 1.424 1.30601 1.9574 1.39651 1.61732 1.2057 5.01088 2.78118 2.0174 1.29283 1.20026 1.49106 1.53315 1.46174 1.33156
threshold=0.60678019017954943 0.0088049481694041625 0.86620967868038068 0.94875966535953815 1.0000000180025095e-35 1.0000000180025095e-35 162984.00000000003 0.043984350660107828 0.0019437620776660012 1741219.0000000002 1396602.0000000002 613349.50000000012 0.051906632848472793 0.37969951586789719 909872.50000000012 0.48090646582193369 463519.00000000006 425782.50000000006 518026.50000000006 567261.00000000012 28983.500000000004 22458.000000000004 15838.500000000002 19615.500000000004 2563.5000000000005 227.00000000000003 23.500000000000004 593.00000000000011 397.00000000000006 238.50000000000003
decision_type=2 2 2 2 2 2 2 2 2 2 2 2 2 2 2 2 2 2 2 2 2 2 2 2 2 2 2 2 2 2
left_child=1 8 5 20 7 -2 -7 -3 -1 10 11 16 -13 -14 -15 -16 17 -9 -18 -20 21 22 -4 24 -24 26 -5 -28 29 -27
right_child=2 4 3 25 -6 6 -8 9 -10 -11 -12 12 13 14 15 -17 18 -19 19 -21 -22 -23 23 -25 -26 28 27 -29 -30 -31
leaf_value=-0.047665712767865305 -0.0034778371756708799 -0.020729346133733673 0.0071135943442364987 -0.0033854549953586987 0.016883133479439125 0.035821096136881878 -0.0039438911905053621 -0.0095356908092126113 -0.0310352022186976 -0.017632918035079666 0.0095620597850461439 0.062561285215776696 -0.039630592633822327 -0.03524237904404999 0.031597869094424302 -0.024765674858285607 0.028449922945430386 -0.053116565612349745 -0.040274536167519234 0.012014300437663846 0.0015996903008266322 0.044458807412966178 -0.019963591249237682 -0.00066544089244988981 -0.083659607998090801 -0.03008110541230723 0.031564512877389116 0.0066032299682736084 0.0075358395981611455 0.0025892138658180543
leaf_weight=51.777470401780647 375.50129707925953 45.504189515515463 76.864405575674027 7.1249235942959777 6.8961301082745186 5.9573676185682398 4.7212661737576127 248.04328511827953 17.925884663160105 54.088772803050233 10.711614641637423 1.1215222697956075 10.498985364618422 3.9329632392327749 2.4623005303437822 2.056545991479652 4.6466578917061252 2.603531377251783 2.3726850088714855 3.9254385666281451 304.37570339435479 8.6038560094311816 1.4501289627514773 3.6546153407543898 1.7677458347752688 4.820166249992325 16.72654573246837 9.7301803240552527 929.97696190670831 8.83636367600411
leaf_count=697189 13109 105693 1034 62 56 27 35 76782 139649 20782 2139 504 5111 554 218 216 901 1005 781 998 3001 60 29 59 43 79 84 43 3766 41
internal_value=0 -0.0161768 0.0043065 0.00632569 -0.0114213 -0.00287729 0.0182401 -0.0119193 -0.0433888 -0.0107622 -0.00949116 -0.0102157 -0.0228002 -0.0278519 -0.0132203 0.00594658 -0.00925013 -0.00998838 0.00765659 -0.00768441 0.00311793 0.0081224 0.00438888 -0.0260853 -0.0549551 0.00762794 0.0169168 0.0223843 0.00729737 -0.008942
internal_weight=0 468.568 1760.11 1373.93 398.865 386.18 10.6786 391.968 69.7034 346.464 292.376 281.664 20.0723 18.9508 8.45181 4.51885 261.592 250.647 10.9448 6.29812 396.716 92.3408 83.7369 6.87249 3.21787 977.215 33.5816 26.4567 943.633 13.6565
internal_count=1074050 1052578 21472 8301 215740 13171 62 215684 836838 109991 89209 87070 6603 6099 988 434 80467 77787 2680 1779 4226 1225 1165 131 72 4075 189 127 3886 120
is_linear=0
shrinkage=0.05


Tree=98
num_leaves=31
num_cat=0
split_feature=0 0 0 0 2 2 2 1 3 2 2 2 2 2 3 2 2 1 2 2 2 2 2 2 2 3 3 3 3 2
split_gain=59.2676 25.3427 7.1446 2.35609 2.05949 4.10843 2.678 2.81289 2.31581 4.96808 4.8881 3.05797 2.23525 2.12141 2.41133 2.10126 2.09047 1.92847 1.77545 2.59588 1.89757 3.38355 1.91418 2.38075 2.0343 1.74327 2.85265 3.78513 5.19363 3.12529
threshold=0.68981449621504665 0.0088049481694041625 0.86620967868038068 0.37969951586789719 329564.50000000006 281246.00000000006 219020.50000000003 1.0000000180025095e-35 999826.50000000012 48730.000000000007 61653.000000000007 201361.00000000003 232636.00000000003 518026.50000000006 8.9884656743000007e+307 273979.00000000006 728670.50000000012 1.0000000180025095e-35 105656.50000000001 92406.500000000015 170500.00000000003 182686.50000000003 155571.50000000003 142533.50000000003 162984.00000000003 484762.50000000006 373181.00000000006 353214.50000000006 284909.00000000006 39144.500000000007
decision_type=2 2 2 2 2 2 2 2 2 2 2 2 2 2 2 2 2 2 2 2 2 2 2 2 2 2 2 2 2 2
left_child=1 -1 17 -3 5 6 7 8 25 -10 -11 18 -8 14 -6 -14 -15 -2 19 -12 22 -22 23 -20 -24 26 27 28 -4 -28
right_child=2 3 4 -5 13 -7 12 -9 9 10 11 -13 15 16 -16 -17 -18 -19 20 -21 21 -23 24 -25 -26 -27 29 -29 -30 -31
leaf_value=-0.043133380703791052 -0.0029486027491931921 -0.013536997186637832 0.0074584106659218996 -0.0064596795862964657 -0.052128191431825101 0.026225886517928145 -0.039601222734893658 0.038064169519105913 -0.049254251783477539 0.045973138997902105 -0.0097529274590107823 0.028334950149417865 0.0061468628359239649 0.017932542814201775 -0.0048759568543840877 -0.039636764648425311 0.0028099877734157541 0.020863585053960371 -0.02540602324780198 0.028367280803240857 0.030597372513900534 -0.02436085225097781 -0.078970456474863504 0.013170674694190719 -0.018856294631608081 0.014140918708626792 0.0043762871107205148 0.041261498723381737 -0.027787747797186641 -0.03441922153566835
leaf_weight=67.145797597448109 296.82593213178916 258.12244106787284 787.30031219733064 216.00524902593679 2.9383304282091549 27.805541220121086 5.0531116537749794 7.2953898515552273 5.1123007852584115 5.746277103200554 10.649119718465956 7.1942666713148347 14.384349807165565 25.048537002759986 33.276131726801395 3.0348535683006039 260.66715018416289 8.7533934721723181 12.464940463658428 7.6916169300675383 5.7942124921828491 5.4205539133399725 2.5861827237531534 5.8890100521966806 3.0875042788684368 91.144159686053172 13.060052546206864 8.1390840299427492 10.592324474826453 8.61588341090828
leaf_count=836838 8557 198978 4713 21325 45 115 35 45 68 17 70 38 101 148 220 34 1459 51 126 32 25 43 24 37 25 537 78 47 137 82
internal_value=0 -0.0143841 0.00464663 -0.0103127 0.00618862 0.00726305 0.00674625 0.00713068 0.00690285 -0.00175587 0.00189435 -0.00227314 -0.010323 0.00269075 -0.00870986 -0.00182977 0.00413577 -0.0022665 -0.00638269 0.00623367 -0.0129485 0.00403382 -0.0208748 -0.0130284 -0.0462576 0.0075779 0.0068552 0.00733656 0.0069905 -0.0110444
internal_weight=0 541.273 1675.57 474.128 1369.99 1048.06 1020.26 997.783 990.488 71.636 66.5237 60.7774 22.4723 321.93 36.2145 17.4192 285.716 305.579 53.5831 18.3407 35.2424 11.2148 24.0276 18.354 5.67369 918.852 827.708 806.032 797.893 21.6759
internal_count=1074050 1057141 16909 220303 8301 6429 6314 6144 6099 505 437 420 170 1872 265 135 1607 8608 382 102 280 68 212 163 49 5594 5057 4897 4850 160
is_linear=0
shrinkage=0.05


Tree=99
num_leaves=31
num_cat=0
split_feature=0 0 0 0 23 1 2 3 3 0 1 2 3 2 0 2 2 3 3 2 2 2 2 2 2 3 2 3 0 2
split_gain=57.1643 26.6674 4.90542 3.37714 2.19185 1.91969 1.83338 1.78609 2.45616 1.50197 1.2149 1.20401 2.65267 2.04419 2.8708 1.97552 2.26199 1.2454 1.8521 1.91985 2.76531 1.69931 3.27138 1.33402 1.15731 2.95522 2.74378 2.30414 1.48336 1.15341
threshold=0.7740980979447657 0.0088049481694041625 0.94875966535953815 0.37969951586789719 1.0000000180025095e-35 1.0000000180025095e-35 440045.50000000006 393.00000000000006 647.50000000000011 0.0019437620776660012 1.0000000180025095e-35 314735.50000000006 193655.50000000003 394871.00000000006 0.86620967868038068 281246.00000000006 252309.50000000003 306006.00000000006 8.9884656743000007e+307 1567682.0000000002 580687.00000000012 550920.50000000012 518026.50000000006 613349.50000000012 109478.50000000001 149011.00000000003 88813.000000000015 854474.50000000012 0.68981449621504665 440045.50000000006
decision_type=2 2 2 2 2 2 2 2 2 2 2 2 2 2 2 2 2 2 2 2 2 2 2 2 2 2 2 2 2 2
left_child=1 9 7 -3 5 24 -7 -2 -9 -1 11 15 -13 14 -14 16 -10 -15 19 20 -19 22 29 -23 26 -26 -5 -28 -29 -20
right_child=2 3 -4 4 -6 6 -8 8 10 -11 -12 12 13 17 -16 -17 -18 18 21 -21 -22 23 -24 -25 25 -27 27 28 -30 -31
leaf_value=-0.047391324883024825 0.015012153654803739 -0.013376089709711167 0.0073933724911540016 -0.0056242689555120601 0.070004038364982979 0.030752989028304412 -0.012809478533413826 -0.036720415537382881 0.0022689916618497553 -0.030102094728745771 0.014200807480418569 -0.064664848557552695 -0.069064622598401557 0.044515434564622855 -0.0091382310473019281 0.024065506477993173 -0.03076827078721573 -0.058348978798410056 0.017910950089130573 -0.05190295855797851 0.033983157738348244 -0.028758749885172488 0.043987897158726558 -0.00081009215236659655 -0.063616451334161384 -0.0091095688092226648 -0.007341422426945441 0.016379296816289343 0.063138695872672415 -0.013800978748225202
leaf_weight=47.839656421765767 23.729491291800514 256.0541960639589 971.20999562588986 170.90154777826683 0.95274936407804389 6.7219642703421396 3.7698257388547063 4.2813224989222354 361.46775080065709 17.034745389187037 17.658013483509421 1.7148177162744094 2.5560224739601809 1.521036643302067 9.162657652515918 10.236096424283458 5.2564433491788796 1.2765268087387078 4.8596789501607436 3.5439842138439417 2.2232467173598707 4.439105659723281 6.2146516083739689 111.77779827371705 2.5338515926705432 133.68216756437323 4.7005757854494714 3.6408940954133868 3.1752786510623991 6.9939595169853419
leaf_count=697189 212 198978 4075 13939 7 29 31 329 5424 139649 73 111 70 18 69 86 87 28 54 175 36 68 36 1571 710 10410 281 190 31 84
internal_value=0 -0.0124337 0.0052218 -0.00906696 -0.00572421 -0.00594343 0.0151005 0.00157866 0.00100449 -0.0428515 0.00129767 0.000870394 -0.00281949 -0.00213337 -0.0222091 0.00240018 0.00179545 -0.00048646 -0.000970787 -0.0259626 0.000305422 0.000340127 0.014605 -0.00187764 -0.00663635 -0.0101235 -0.00403242 0.0195897 0.0381619 -0.000799925
internal_weight=0 651.007 1550.12 586.133 330.079 329.126 10.4918 578.913 555.183 64.8744 550.902 533.244 156.283 154.569 11.7187 376.96 366.724 142.85 141.329 7.04376 3.49977 134.285 18.0683 116.217 318.634 136.216 182.418 11.5167 6.81617 11.8536
internal_count=1074050 1061444 12606 224606 25628 25621 60 8531 8319 836838 7990 7917 2320 2209 139 5597 5511 2070 2052 239 64 1813 174 1639 25561 11120 14441 502 221 138
is_linear=0
shrinkage=0.05


end of trees

feature_importances:
Column_2=979
Column_3=916
Column_0=750
Column_1=336
Column_23=14
Column_24=5

parameters:
[boosting: gbdt]
[objective: lambdarank]
[metric: ndcg]
[tree_learner: serial]
[device_type: cpu]
[data_sample_strategy: bagging]
[data: ]
[valid: ]
[num_iterations: 100]
[learning_rate: 0.05]
[num_leaves: 31]
[num_threads: 0]
[seed: 0]
[deterministic: 0]
[force_col_wise: 0]
[force_row_wise: 0]
[histogram_pool_size: -1]
[max_depth: -1]
[min_data_in_leaf: 20]
[min_sum_hessian_in_leaf: 0.001]
[bagging_fraction: 1]
[pos_bagging_fraction: 1]
[neg_bagging_fraction: 1]
[bagging_freq: 0]
[bagging_seed: 3]
[feature_fraction: 1]
[feature_fraction_bynode: 1]
[feature_fraction_seed: 2]
[extra_trees: 0]
[extra_seed: 6]
[early_stopping_round: 0]
[early_stopping_min_delta: 0]
[first_metric_only: 0]
[max_delta_step: 0]
[lambda_l1: 0]
[lambda_l2: 0]
[linear_lambda: 0]
[min_gain_to_split: 0]
[drop_rate: 0.1]
[max_drop: 50]
[skip_drop: 0.5]
[xgboost_dart_mode: 0]
[uniform_drop: 0]
[drop_seed: 4]
[top_rate: 0.2]
[other_rate: 0.1]
[min_data_per_group: 100]
[max_cat_threshold: 32]
[cat_l2: 10]
[cat_smooth: 10]
[max_cat_to_onehot: 4]
[top_k: 20]
[monotone_constraints: ]
[monotone_constraints_method: basic]
[monotone_penalty: 0]
[feature_contri: ]
[forcedsplits_filename: ]
[refit_decay_rate: 0.9]
[cegb_tradeoff: 1]
[cegb_penalty_split: 0]
[cegb_penalty_feature_lazy: ]
[cegb_penalty_feature_coupled: ]
[path_smooth: 0]
[interaction_constraints: ]
[verbosity: 0]
[saved_feature_importance_type: 0]
[use_quantized_grad: 0]
[num_grad_quant_bins: 4]
[quant_train_renew_leaf: 0]
[stochastic_rounding: 1]
[linear_tree: 0]
[max_bin: 255]
[max_bin_by_feature: ]
[min_data_in_bin: 3]
[bin_construct_sample_cnt: 200000]
[data_random_seed: 1]
[is_enable_sparse: 1]
[enable_bundle: 1]
[use_missing: 1]
[zero_as_missing: 0]
[feature_pre_filter: 1]
[pre_partition: 0]
[two_round: 0]
[header: 0]
[label_column: ]
[weight_column: ]
[group_column: ]
[ignore_column: ]
[categorical_feature: ]
[forcedbins_filename: ]
[precise_float_parser: 0]
[parser_config_file: ]
[objective_seed: 5]
[num_class: 1]
[is_unbalance: 0]
[scale_pos_weight: 1]
[sigmoid: 1]
[boost_from_average: 1]
[reg_sqrt: 0]
[alpha: 0.9]
[fair_c: 1]
[poisson_max_delta_step: 0.7]
[tweedie_variance_power: 1.5]
[lambdarank_truncation_level: 30]
[lambdarank_norm: 1]
[label_gain: ]
[lambdarank_position_bias_regularization: 0]
[eval_at: ]
[multi_error_top_k: 1]
[auc_mu_weights: ]
[num_machines: 1]
[local_listen_port: 12400]
[time_out: 120]
[machine_list_filename: ]
[machines: ]
[gpu_platform_id: -1]
[gpu_device_id: -1]
[gpu_use_dp: 0]
[num_gpu: 1]

end of parameters

pandas_categorical:null
