tree
version=v4
num_class=1
num_tree_per_iteration=1
label_index=0
max_feature_idx=183
objective=lambdarank
feature_names=Column_0 Column_1 Column_2 Column_3 Column_4 Column_5 Column_6 Column_7 Column_8 Column_9 Column_10 Column_11 Column_12 Column_13 Column_14 Column_15 Column_16 Column_17 Column_18 Column_19 Column_20 Column_21 Column_22 Column_23 Column_24 Column_25 Column_26 Column_27 Column_28 Column_29 Column_30 Column_31 Column_32 Column_33 Column_34 Column_35 Column_36 Column_37 Column_38 Column_39 Column_40 Column_41 Column_42 Column_43 Column_44 Column_45 Column_46 Column_47 Column_48 Column_49 Column_50 Column_51 Column_52 Column_53 Column_54 Column_55 Column_56 Column_57 Column_58 Column_59 Column_60 Column_61 Column_62 Column_63 Column_64 Column_65 Column_66 Column_67 Column_68 Column_69 Column_70 Column_71 Column_72 Column_73 Column_74 Column_75 Column_76 Column_77 Column_78 Column_79 Column_80 Column_81 Column_82 Column_83 Column_84 Column_85 Column_86 Column_87 Column_88 Column_89 Column_90 Column_91 Column_92 Column_93 Column_94 Column_95 Column_96 Column_97 Column_98 Column_99 Column_100 Column_101 Column_102 Column_103 Column_104 Column_105 Column_106 Column_107 Column_108 Column_109 Column_110 Column_111 Column_112 Column_113 Column_114 Column_115 Column_116 Column_117 Column_118 Column_119 Column_120 Column_121 Column_122 Column_123 Column_124 Column_125 Column_126 Column_127 Column_128 Column_129 Column_130 Column_131 Column_132 Column_133 Column_134 Column_135 Column_136 Column_137 Column_138 Column_139 Column_140 Column_141 Column_142 Column_143 Column_144 Column_145 Column_146 Column_147 Column_148 Column_149 Column_150 Column_151 Column_152 Column_153 Column_154 Column_155 Column_156 Column_157 Column_158 Column_159 Column_160 Column_161 Column_162 Column_163 Column_164 Column_165 Column_166 Column_167 Column_168 Column_169 Column_170 Column_171 Column_172 Column_173 Column_174 Column_175 Column_176 Column_177 Column_178 Column_179 Column_180 Column_181 Column_182 Column_183
feature_infos=[1.7307033847328553e-09:0.99975985096384834] [0:1] [1:1.7976931348599999e+308] [0.00085400000000000005:0.126217] none none none none none none none none none none none none none none none none none none none [0:1] [0:1] none none none [0:1] [0:2] [0:1] [0:33] [0:1] [0:1] [1:1.7976931348599999e+308] [0:82] [0:1] [0:3] [0:1] [1:441993] [0:36] [0:1] [0:31591] [0:788] [0:114] [0:125] [0:1] [0:342737] [0:17] [0:1] [0:1] [0:1] [0:36] [0:2] [0:0.124639] [0:2] [0:1] [0:0.10625] [0:0.13569000000000001] [1:320498] [0:97] [0:70] [0:951] [0:0.189973] [0:1] [1:20421] [0:0.72638000000000003] [0:0.189973] [0:141] [0:65] [0:130] [0:0.11750099999999999] [0:6] [0:21] [1:441993] [0:2] [0:4] [0:182] [0:4] [0:332847] [0:1] [0:0.124639] [517:749] [0.50040700000000005:0.76747900000000002] [1:223] [0:4] [0:0.20475399999999999] [0:441993] [0:1] [2:9] [0:7] [0:20421] [0:1] [0:3] [0:9] [0:579.81079099999999] [0:0.13467599999999999] [0:3] [1:320498] [0:0.197407] [0:21] [0:0.39139600000000002] [0:0.28700100000000001] [1:441993] [0:2.3372090000000001] [0:97] [0:2] [0:16] [0:1] [0:13] [1:441993] [0:1] [0:7] [0:12] [0:7] [0:0.50805800000000001] [0:0.17033599999999999] [0:0.197407] [0:0.28700100000000001] [0:2] [0:16] [0:1] [0:7] [0:13] [0:7] [0:0.58430199999999999] [0:0.197407] [0:0.197407] [0:0.26976899999999998] [0:182] [0:2] [1:332847] [0:16] [0:1] [0:4] [0:8] [0:4] [0:0.19029199999999999] [0:0.24151700000000001] [0:13] [0:2] [1:332857] [0:16] [0:1] [0:16] none [0:16] [0:7] [0:53] [0:7] [0:0.17033599999999999] [0:0.197407] [0:0.28700100000000001] [0:2] [0:16] [0:1] [1:7] [1:20421] [1:8] [0.0180336:316.228363] [0.00085400000000000005:0.15178525000000001] [0.0051720000000000004:0.197407] [0.0132674:0.28700100000000001] [1:2] [0:16] [0:1] [0.26666666666700001:1] [1:28] [2:20421] [2:28] [0.038323000000000003:579.86849900000004] [0.00085400000000000005:0.60714100000000004] [0.013929:0.789628] [0.038323000000000003:1.174188] [1:10] [0:112] [0:6] [1:6] [1:7] [1:20421] [1:9] [0.032515000000000002:579.81079099999999] [0.00085400000000000005:0.197407] [0.013903:0.197407]
tree_sizes=3497 3496 3512 3496 3499 3496 3498 3501 3502 3495 3510 3508 3507 3489 3499 3508 3504 3497 3497 3508 3470 3505 3501 3515 3494 3507 3508 3486 3509 3493 3515 3495 3508 3502 3495 3503 3499 3486 3495 3500 3495 3517 3505 3504 3494 3512 3502 3497 3500 3514 3504 3504 3490 3522 3513 3509 3482 3493 3509 3497 3526 3519 3503 3522 3518 3507 3519 3500 3502 3511 3486 3510 3487 3519 3512 3527 3524 3506 3489 3453 3515 3519 3520 3523 3483 3515 3481 3506 3487 3509 3502 3522 3511 3501 3507 3518 3526 3509 3539 3533

Tree=0
num_leaves=31
num_cat=0
split_feature=0 83 0 177 0 170 34 0 34 82 47 83 34 83 169 47 47 172 72 95 0 39 34 0 170 47 83 118 34 0
split_gain=7090.3 346.45 167.36 145.626 124.643 56.4248 45.4308 40.0232 20.9634 20.7143 20.0039 19.2433 19.8085 17.7877 18.6545 17.1798 19.2625 16.5483 15.2156 13.9698 13.1883 19.4212 18.2557 12.038 16.285 22.0111 11.1893 11.177 11.1484 9.9996
threshold=0.15548050853772452 0.54061850000000011 0.030380062479932603 1.9285714285700002 0.48090646582193369 0.46032950000000006 996929.50000000012 0.86620967868038068 1.5000000000000002 669.50000000000011 1024.5000000000002 0.56713550000000013 999826.50000000012 0.58000700000000005 5.5000000000000009 997.50000000000011 1194.5000000000002 0.042087000000000006 1.5000000000000002 0.84649150000000006 0.0088049481694041625 3.5000000000000004 877486.50000000012 0.7740980979447657 0.48845450000000007 997.50000000000011 0.55868150000000016 0.016747000000000001 897056.00000000012 0.0048211075022283351
decision_type=2 2 2 2 2 2 2 2 2 2 2 2 2 2 2 2 2 2 2 2 2 2 2 2 2 2 2 2 2 2
left_child=2 7 9 11 5 10 -5 27 -6 20 18 -4 -13 -8 -15 -7 19 -14 28 -17 -1 22 -22 24 25 -10 -18 -2 -3 -11
right_child=1 4 3 6 8 15 13 -9 23 29 -12 12 17 14 -16 16 26 -19 -20 -21 21 -23 -24 -25 -26 -27 -28 -29 -30 -31
leaf_value=-0.098955707293143791 -0.096535569119561099 0.06435654138915485 -0.096483554733768573 0.080582968274929334 -0.10000000000000001 0.081499584325258195 -0.069765423840221122 0.081252394217806834 0.067613116110685684 -0.084522897431986654 -0.083369399348524928 0.02390645428808404 0.055885734904518924 -0.090631206780142859 0.031006229238251859 -0.072922377591209162 -0.0080388177052222072 -0.0821483846280779 0.070467957225973613 0.025928924900627582 0.022186848872005858 -0.092447635625506897 -0.069641697379987585 0.097332113422228916 0.088241558562025021 -0.064079758770846193 0.070804940131999297 0.034657902390340466 -0.055580865528473522 0.064308022279059143
leaf_weight=887.92945118060197 29.497356971225603 2.531182764214468 55.271276472236423 22.144121266173897 1.3821920519694675 46.328734192749835 9.5010637892119103 3.8650558869558145 14.577802625120968 1.8271694657596516 9.0627844299815461 7.3914463723485815 2.3978861982468542 3.7576982480968608 19.555681017282041 5.1623025092194466 5.2221886756451559 22.979175618177578 6.273742299177683 11.617124446045635 7.6020798395329647 82.778523628286166 18.789704533715849 863.04420313731316 166.32830661724074 4.0556315647700094 32.537280689581166 1.7180102378624713 8.2607457239009818 2.9518866676953621
leaf_count=835833 17676 2460 40253 15881 35 9281 3667 323 2863 883 3772 7764 339 1836 3479 701 2761 7361 1516 622 13315 62860 8287 11561 8270 1614 4454 881 3195 307
internal_value=0 0.0843155 -0.0892194 -0.0386185 0.0889328 0.0421482 0.025244 -0.0705224 0.0945947 -0.0964417 -0.0233348 -0.0784845 -0.0481252 -0.0121002 0.0114005 0.0591108 0.0400923 -0.0691055 0.00854678 -0.00448334 -0.0969394 -0.0805398 -0.0431907 0.0948513 0.0832758 0.0389497 0.0599007 -0.089315 -0.0274503 0.00740572
internal_weight=0 1211.46 1144.88 142.998 1176.38 126.996 54.9586 35.0804 1049.39 1001.88 26.1285 88.0398 32.7685 32.8144 23.3134 100.868 54.5389 25.3771 17.0657 16.7794 997.1 109.17 26.3918 1048.01 184.962 18.6334 37.7595 31.2154 10.7919 4.77906
internal_count=1074050 71985 1002065 80580 53105 28762 24863 18880 24343 921485 10943 55717 15464 8982 5315 17819 8538 7700 7171 1323 920295 84462 21602 24308 12747 4477 7215 18557 5655 1190
is_linear=0
shrinkage=0.05


Tree=1
num_leaves=31
num_cat=0
split_feature=0 0 59 83 42 0 0 42 170 131 82 168 0 0 102 170 83 0 83 42 170 83 173 34 86 112 125 169 72 155
split_gain=17084.2 534.004 475.411 236.037 185.384 237.569 141.422 126.243 110.613 88.119 56.5016 55.5263 54.2452 49.4192 47.6677 46.8885 45.9306 39.148 37.5553 34.265 30.394 56.5346 31.2005 29.6278 29.0082 28.496 26.2886 26.0745 25.8297 25.6334
threshold=0.48090646582193369 0.07939372682956107 7.5000000000000009 0.57540450000000021 1.0000000180025095e-35 0.86620967868038068 0.94875966535953815 13.500000000000002 0.92586500000000005 156.50000000000003 642.50000000000011 20.500000000000004 0.94875966535953815 0.0088049481694041625 0.20759250000000004 1.2499335000000003 0.57701950000000013 0.23938287544958989 0.60082350000000007 13.500000000000002 0.74559750000000002 0.55441150000000017 0.089175000000000018 8.9884656743000007e+307 0.0541675 1.5000000000000002 0.029165000000000003 7.5000000000000009 1.0000000180025095e-35 0.30952380952350006
decision_type=2 2 2 2 2 2 2 2 2 2 2 2 2 2 2 2 2 2 2 2 2 2 2 2 2 2 2 2 2 2
left_child=1 10 4 25 5 8 9 11 16 19 24 23 15 -12 -14 29 -2 -13 -11 20 22 -22 -4 -5 -1 -3 -27 -10 -15 -7
right_child=2 3 6 7 -6 12 -8 -9 27 18 13 17 14 28 -16 -17 -18 -19 -20 -21 21 -23 -24 -25 -26 26 -28 -29 -30 -31
leaf_value=-0.089054161305778409 -0.041134788216829074 -0.082194149469212718 0.065450196127829277 -0.066139036072934795 0.084132798552839755 0.021260371488208446 0.067027283001016291 0.062998223058174097 0.032467005033544133 -0.067957590500866652 -0.086258856139067974 -0.030595377274254737 0.07943600033216705 0.046489337953876192 0.023702206823164672 0.070507564369916509 0.016578065091855738 0.016221955418885551 0.0078790002801747555 0.058720759419904393 -0.082002022142399947 0.038055754007511544 -0.032675037654567272 -0.021973873762935376 0.083128529748379129 0.0082330022801447751 -0.080651848654877983 0.059305182891111412 -0.045692135682876944 0.055503340508463263
leaf_weight=2995.795720905895 47.914718071275274 213.09830559745023 9.2822120882337895 82.43006161620724 1722.488013862865 95.258284698007628 90.494789735414088 48.144243253511377 148.47217544371961 61.491670857358258 29.370399092324078 81.148829592304537 1140.3335530539043 16.686452798196115 39.699913188815117 333.32469452486839 122.90191016165772 99.278905435174238 22.22550664388109 34.411381032259669 11.190738630015401 79.219803320011124 63.660961607674835 70.409216993764858 2.4481436493806532 18.114496158435941 15.382851820861104 231.7809174087015 13.954313959169669 128.20633205131162
leaf_count=962405 2315 44450 195 7391 5443 691 346 1075 2130 5574 8054 5704 2463 539 77 1033 2203 3326 319 655 998 873 2066 6392 58 1446 1966 1864 1369 630
internal_value=0 -0.0793284 0.0667278 -0.0373328 0.0717433 0.0624157 0.0126542 -0.0126852 0.033812 -0.00482639 -0.0879521 -0.0236186 0.0714912 -0.0399145 0.0775609 0.0586272 0.000389389 -0.00483452 -0.0478242 0.0133753 0.00382302 0.0231954 -0.0201883 -0.0457933 -0.0889136 -0.0754553 -0.0325852 0.0488261 0.00450836 0.0409063
internal_weight=0 3686.26 4382.36 628.007 4010.38 2287.89 371.977 381.411 551.07 281.482 3058.26 333.267 1736.82 60.0112 1180.03 556.789 170.817 180.428 83.7172 197.765 163.354 90.4105 72.9432 152.839 2998.24 246.596 33.4973 380.253 30.6408 223.465
internal_count=1074050 1044175 29875 71750 18849 13406 11026 23888 8512 10680 972425 22813 4894 9962 2540 2354 4518 9030 5893 4787 4132 1871 2261 13783 962463 47862 3412 3994 1908 1321
is_linear=0
shrinkage=0.05


Tree=2
num_leaves=31
num_cat=0
split_feature=0 0 0 173 83 83 42 83 42 42 168 0 113 102 141 141 183 3 83 183 42 39 82 157 82 0 182 138 160 77
split_gain=15292.8 555.98 283.623 274.418 188.564 86.118 79.9785 62.4064 56.1895 55.2507 60.2256 52.6563 43.9328 42.1739 41.042 34.7382 32.037 29.7808 28.9999 28.0521 27.1285 26.9954 26.4851 24.1669 23.8092 42.9751 24.1903 21.7643 19.6908 18.9195
threshold=0.23938287544958989 0.68981449621504665 0.030380062479932603 0.20735400000000001 0.58104250000000002 0.54336150000000016 1.0000000180025095e-35 0.52841150000000014 7.5000000000000009 4.5000000000000009 48.500000000000007 0.86620967868038068 2.5000000000000004 0.20759250000000004 36.500000000000007 186.50000000000003 0.09271900000000001 0.053324000000000003 0.56680450000000004 0.046683000000000009 18.500000000000004 20.500000000000004 571.50000000000011 19.775000000000002 635.50000000000011 0.0088049481694041625 0.064552500000000013 0.029506500000000001 0.010063625000000001 9.5000000000000018
decision_type=2 2 2 2 2 2 2 2 2 2 2 2 2 2 2 2 2 2 2 2 2 2 2 2 2 2 2 2 2 2
left_child=2 3 24 5 12 -2 14 -3 11 10 16 18 -4 -13 27 20 28 -18 19 -9 23 -11 -14 -7 -1 -26 -27 -5 -6 -8
right_child=1 7 4 6 9 15 29 8 -10 21 -12 13 22 -15 -16 -17 17 -19 -20 -21 -22 -23 -24 -25 25 26 -28 -29 -30 -31
leaf_value=-0.08455945725340909 -0.0782613029901367 -0.069821078296088607 -0.076663326128392426 0.019428534452253898 0.027770834162444264 -0.029293206471360009 0.068075822553004192 0.030276012546322086 0.078317399120088907 0.06146065686202673 0.030781889225834261 0.069246946005498147 -0.065116805426997854 0.025201617380113395 -0.041710878588209453 -0.062758651615085329 0.053935913881490744 -0.031264617851850876 0.053967642996914193 -0.070760414527137813 0.040709087079646385 -0.089818887805396486 0.043716335236454101 0.017611853481114343 -0.079972242236306834 0.063656134906614245 -0.04799598244611316 0.057953026666906132 -0.058651877681866797 -0.019657443958555006
leaf_weight=2946.2087072097929 57.63658198621124 8.1279652595985663 253.21650105406297 146.74472821946256 7.1217736080288878 67.507214165758342 195.16859725886025 41.556970116216689 1114.5710977363633 32.846491719828919 44.706224724417552 2181.3856479714159 9.9630483516957629 55.736680712550879 22.887433549738489 24.530753300874494 15.923165367101317 28.819140621693805 413.08620249095839 8.2304973339196277 33.960631988244131 3.2398365772096431 12.736095172236672 46.292775848298334 47.653720655245706 9.7835834603756684 9.6225030758650956 48.871168315410614 88.425396961567458 6.3447564897360271
leaf_count=906765 12268 1239 67378 6103 382 7393 1897 1246 2323 1018 3170 6771 2496 134 1825 4147 644 3172 4487 709 1126 690 912 2001 12985 279 1456 1036 17601 397
internal_value=0 0.0613086 -0.0781169 0.0185558 -0.0431214 -0.0253554 0.0425939 0.0685775 0.0688724 -0.00871539 -0.019755 0.0649734 -0.0706897 0.0681496 0.0216409 -0.00765687 -0.0358596 -0.000942932 0.0496228 0.0135734 0.00149096 0.0478788 -0.00405242 -0.0102127 -0.0838889 -0.0544295 0.00829346 0.0290532 -0.0522102 0.0653135
internal_weight=0 4472.64 3510.27 649.945 496.998 229.928 420.017 3822.7 3814.57 221.082 184.996 2700 275.916 2237.12 218.503 172.291 140.289 44.7423 462.874 49.7875 147.761 36.0863 22.6991 113.8 3013.27 67.0598 19.4061 195.616 95.5472 201.513
internal_count=1074050 55102 1018948 38193 97463 26935 11258 16909 15670 26677 24969 13347 70786 6905 8964 14667 21799 3816 6442 1955 10520 1708 3408 9394 921485 14720 1735 7139 17983 2294
is_linear=0
shrinkage=0.05


Tree=3
num_leaves=31
num_cat=0
split_feature=0 0 0 83 83 59 83 72 0 42 170 69 181 82 113 102 0 95 110 83 158 98 48 42 102 0 58 82 70 77
split_gain=13330.7 410.482 276.462 201.745 156.013 75.6443 74.9454 65.7742 56.6219 51.3104 48.8591 43.3915 30.6551 26.2179 25.7379 25.2204 25.743 23.967 21.8952 21.7064 23.567 21.1715 20.9427 20.6082 19.0238 18.476 36.7955 27.4526 18.5267 18.4717
threshold=0.23938287544958989 0.60678019017954943 0.040916356323413693 0.55108450000000009 0.57540450000000021 4.5000000000000009 0.52787650000000019 1.5000000000000002 0.7740980979447657 6.5000000000000009 1.6372370000000001 1.0000000180025095e-35 0.76296600000000014 577.50000000000011 1.5000000000000002 0.20759250000000004 0.94875966535953815 1.2008335000000001 17.500000000000004 0.57048050000000006 1.8452380952350003 418.50000000000006 1.0000000180025095e-35 336.50000000000006 0.14443500000000004 0.012339227772512141 0.023543000000000005 654.50000000000011 41.500000000000007 7.5000000000000009
decision_type=2 2 2 2 2 2 2 2 2 2 2 2 2 2 2 2 2 2 2 2 2 2 2 2 2 2 2 2 2 2
left_child=2 3 25 -2 18 11 -3 8 12 10 22 17 29 -7 21 16 19 -5 23 20 -10 -9 -6 24 -4 -1 27 -27 -28 -8
right_child=1 6 4 5 9 13 7 14 15 -11 -12 -13 -14 -15 -16 -17 -18 -19 -20 -21 -22 -23 -24 -25 -26 26 28 -29 -30 -31
leaf_value=-0.079991473276039518 -0.071911123440444133 -0.070508924311473931 -0.061821352461948878 0.010298459465101101 -0.046079362003345808 -0.054265152122347352 0.01655739060499203 0.05921477837477257 -0.038975495422976902 0.047934967428603398 0.01880704173579956 0.069155703353142181 0.045315052363252985 0.0035092870125098042 0.074143769778125063 0.02690600396709282 0.064815723116389029 0.043842729580018537 -0.073777086362749447 0.056427406668861646 0.039716273582825729 -0.060708018925023255 0.0088235277329856837 0.074170688474161917 0.082007733845263178 -0.075538021504034589 0.038549405186019035 0.024472055184426262 -0.044649278834929085 -0.053767728303567276
leaf_weight=2782.0413398373639 61.136626367631834 10.580999077530576 19.191876981698449 109.54436920717126 94.90825095778564 25.89833969483152 51.415547554381192 292.09545221645385 10.922594783129169 36.861671889084391 62.45431490970077 83.335377748822793 151.81381052895449 81.216934697178658 1219.5320335305296 56.008733890019357 1436.3897156370804 103.61931375518907 171.54617498314474 672.05501371738501 73.804524766746908 3.7273122370243064 21.260203054058366 4.3878655300941309 2.6119142058305433 232.48079091112595 10.990423910319807 7.0704547313507637 17.105291171639692 11.409444728982633
leaf_count=862486 13537 1944 5583 7019 17713 4727 2583 1696 411 1500 5042 650 2414 5231 1899 147 3118 2466 48210 4457 1359 475 2151 162 49 70244 1185 355 4268 969
internal_value=0 0.0572039 -0.073584 0.0127325 -0.0352042 0.0255537 0.0623842 0.0627375 0.0576961 -0.00577386 -0.0168575 0.0385641 0.0331594 -0.0104594 0.0709344 0.0600376 0.0608837 0.0266044 -0.0672759 0.0534207 0.0295717 0.0577038 -0.0360315 -0.0246956 -0.0445918 -0.0787844 -0.0662372 -0.0725862 -0.0121038 0.00378587
internal_weight=0 4454.51 3462.91 464.751 413.222 403.614 3989.76 3979.17 2463.82 215.484 178.623 296.499 214.639 107.115 1515.35 2249.18 2193.17 213.164 197.738 756.782 84.7271 295.823 116.168 26.1917 21.8038 3049.69 267.647 239.551 28.0957 62.825
internal_count=1074050 55102 1018948 33630 80410 20093 21472 19528 15458 26406 24906 10135 5966 9958 4070 9492 9345 9485 54004 6227 1770 2171 19864 5794 5632 938538 76052 70599 5453 3552
is_linear=0
shrinkage=0.05


Tree=4
num_leaves=31
num_cat=0
split_feature=0 0 0 83 98 42 137 0 83 42 173 98 74 173 0 82 157 99 116 126 87 165 91 156 83 42 118 167 82 82
split_gain=11863.7 345.451 253.992 170.928 145.609 76.9985 66.7216 63.1209 45.2484 42.7421 45.9703 31.9497 31.8399 28.5816 25.7803 25.6605 24.8242 24.0903 23.5522 23.2179 22.0774 20.2122 19.9258 19.6824 25.0313 19.0051 17.3787 17.0455 16.536 16.5285
threshold=0.23938287544958989 0.60678019017954943 0.030380062479932603 0.55108450000000009 6.9166666666650007 2.5000000000000004 0.014476500000000002 0.7740980979447657 0.58420850000000002 13.500000000000002 0.30398800000000009 115.25000000000001 1468.5000000000002 0.14708950000000001 0.12800136274409843 576.50000000000011 29.100000000000005 0.046660000000000007 0.0017535000000000003 0.053301500000000009 2083.5000000000005 0.45000000000000007 18.500000000000004 1.3666666666650003 0.55671950000000014 1.0000000180025095e-35 0.028170000000000004 4.5000000000000009 659.50000000000011 669.50000000000011
decision_type=2 2 2 2 2 2 2 2 2 2 2 2 2 2 2 2 2 2 2 2 2 2 2 2 2 2 2 2 2 2
left_child=2 3 29 -2 9 7 11 12 -6 10 16 15 -3 23 -10 17 -4 -5 20 -12 -9 -16 -20 24 -7 -17 -18 -8 -21 -1
right_child=1 5 4 6 8 13 27 18 14 -11 19 -13 -14 -15 21 25 26 -19 22 28 -22 -23 -24 -25 -26 -27 -28 -29 -30 -31
leaf_value=-0.075531767954285164 -0.067550476642472351 0.03045887108430614 -0.052733889331305066 0.0040855594598278276 -0.070970114132732715 -0.065784478187143239 0.005706053653282233 0.038860347633927823 -0.050409737974061647 0.052090533873171731 0.03448381168419986 -0.045382210704015179 -0.08083364907674144 0.068793693361098238 -0.081151268484910652 0.012592909561664367 -0.069672823810743065 -0.075445261940227382 0.048902622880700311 -0.048087955939019711 -0.08400971580299503 0.023206524948695371 0.059865623650447813 0.0546700718677256 0.040362608546904447 0.045963106290490462 0.041922314890096984 0.060384074437336205 0.045166214215846968 -0.014705257456546226
leaf_weight=2941.9899680753006 58.004039814870339 204.91678446310107 64.894684087485075 35.998882355750538 206.41306473664008 9.1460239070002007 16.279857732122764 133.66298696631566 49.29991833656095 30.516573515546042 51.846113200183026 23.749840015196241 6.6346447833930133 1484.1577740968205 5.5439936647890127 129.58143954200204 4.6953884580871117 12.945743350312112 570.33386790705845 18.567764924606312 3.7587218257831401 28.450628976104781 1516.6700354865752 48.120589589816518 14.14167893398553 63.612803400261328 13.575415216619147 114.52057656738907 6.3895901306532314 11.210884933709165
leaf_count=920295 13537 5781 16030 3427 57882 1047 1010 1396 9403 1318 3664 3536 1010 2962 984 6641 1219 2680 3221 3821 444 2091 4776 599 236 1399 865 1400 186 1190
internal_value=0 0.0539129 -0.0698171 0.0126198 -0.0360917 0.0586168 0.0243423 0.0530674 -0.0584176 -0.00213661 -0.0124813 0.00995984 0.0269685 0.0673071 -0.027311 0.015388 -0.0382391 -0.0169502 0.0555495 0.0154102 0.0354996 0.00618739 0.0568697 0.0364087 -0.00132565 0.0235807 0.0132436 0.0535787 -0.024213 -0.0753009
internal_weight=0 4446.24 3433.39 454.693 480.193 3991.54 396.689 2435.98 289.708 190.486 159.969 265.889 211.551 1555.57 83.2945 242.139 83.1655 48.9446 2224.43 76.8035 137.422 33.9946 2087 71.4083 23.2877 193.194 18.2708 130.8 24.9574 2953.2
internal_count=1074050 55102 1018948 33630 97463 21472 20093 16628 70360 27103 25785 17683 6791 4844 12478 14147 18114 6107 9837 7671 1840 3075 7997 1882 1283 8040 2084 2410 4007 921485
is_linear=0
shrinkage=0.05


Tree=5
num_leaves=31
num_cat=0
split_feature=0 0 0 83 79 59 42 101 83 42 170 83 0 98 42 82 129 83 95 156 109 82 34 39 159 150 82 170 82 42
split_gain=10663 310.843 255.49 150.166 139.897 72.5047 63.3232 57.9304 43.5544 43.4789 37.737 37.1343 29.5735 27.6295 24.6638 22.2478 21.2408 19.8543 19.1928 17.9734 17.9617 17.8023 17.174 16.1921 16.1201 15.3137 15.1464 15.1316 14.9145 14.3856
threshold=0.23938287544958989 0.60678019017954943 0.030380062479932603 0.54966050000000011 6.5000000000000009 8.5000000000000018 1.0000000180025095e-35 0.029255500000000004 0.53370050000000002 2.5000000000000004 0.92586500000000005 0.58420850000000002 0.94875966535953815 115.25000000000001 1.0000000180025095e-35 577.50000000000011 9.5000000000000018 0.56900050000000013 0.75316150000000015 1.9166666666650001 3.5000000000000004 681.50000000000011 8407.0000000000018 2164.0000000000005 0.49088075000000003 0.031962500000000012 669.50000000000011 0.58774950000000015 621.50000000000011 336.50000000000006
decision_type=2 2 2 2 2 2 2 2 2 2 2 2 2 2 2 2 2 2 2 2 2 2 2 2 2 2 2 2 2 2
left_child=2 3 26 -2 9 6 12 13 -7 10 -4 -6 18 14 15 -5 -8 29 -3 20 28 -14 25 -10 -13 -18 -1 -9 -12 -11
right_child=1 5 4 7 11 8 16 27 23 17 19 24 21 -15 -16 -17 22 -19 -20 -21 -22 -23 -24 -25 -26 -27 -28 -29 -30 -31
leaf_value=-0.072298853045045103 -0.065498224335750782 0.028096674284271178 -0.046085443171809133 -0.034650830352491287 -0.068381562184317707 -0.066597811400952556 0.064754440742522124 -0.037872869021965294 0.034225172239895442 -0.076288678285830025 -0.055165310819063042 -0.048372431088478919 0.056534090436895036 -0.042032198429149369 0.035705689271699356 0.012187974862381514 -0.036405105341731706 0.05342857993956987 0.047296669841262164 0.025183517267160529 0.032228959362429227 0.020355149898700308 0.05204588000394899 -0.07603167706192937 -0.0014585393992906349 0.048900991101504053 -0.013934975945935471 0.054649680590858889 0.0099583014285757974 0.053309884232442477
leaf_weight=2911.5478049762314 54.970420396712143 175.96269884915091 61.342767750727944 31.498902293038554 193.69086594454711 11.842658768291583 1835.8255367750535 4.5904492138652122 185.64684831548948 5.755606660153715 26.675291153951548 39.58547851984622 1129.9692947356962 23.423211576766334 90.073591053020209 129.91790925664827 12.054642808390783 40.447735941503197 500.03842416789848 49.461008485173807 13.952732375939375 35.056974908336997 69.659556484548375 3.390727467602118 34.070337863522582 9.3347714017145318 11.158951421617529 118.36091060121544 13.113672053208573 3.4098064058925956
leaf_count=920295 13096 4146 15238 4908 55076 2170 3881 513 3705 1957 6144 7529 2471 3695 3377 6530 280 1277 3922 4134 1150 96 287 450 3712 64 1190 1511 1069 177
internal_value=0 0.051211 -0.0665163 0.0119638 -0.0327688 0.0556891 0.0572495 0.0226663 0.0264202 -0.00265659 -0.0150274 -0.0568903 0.0506182 0.00990705 0.0147445 0.00304784 0.0635853 0.038372 0.0422989 0.00343328 -0.0165845 0.0554454 0.0400128 0.0322475 -0.0266719 0.000824194 -0.072076 0.0511953 -0.0337018 -0.0280742
internal_weight=0 4421.62 3404.21 452.835 481.505 3968.78 3767.9 397.865 200.88 214.159 164.545 267.347 1841.03 274.914 251.49 161.417 1926.87 49.6131 676.001 103.203 53.7417 1165.03 91.049 189.038 73.6558 21.3894 2922.71 122.951 39.789 9.16541
internal_count=1074050 55102 1018948 33630 97463 21472 15147 20534 6325 31146 27735 66317 10635 18510 14815 11438 4512 3411 8068 12497 8363 2567 631 4155 11241 344 921485 2024 7213 2134
is_linear=0
shrinkage=0.05


Tree=6
num_leaves=31
num_cat=0
split_feature=0 0 0 83 98 42 0 42 98 59 83 137 169 42 170 102 170 157 83 125 183 2 82 0 83 3 65 182 177 104
split_gain=9708.88 349.377 179.539 155.535 118.236 64.0556 65.684 53.3689 42.431 38.4179 33.428 29.1564 22.757 21.7631 21.7686 19.2439 17.1356 16.4635 16.4142 16.1044 15.1394 15.0736 14.9986 30.7395 14.913 16.8739 15.9096 14.1419 13.9099 13.8106
threshold=0.19204907757119541 0.60678019017954943 0.030380062479932603 0.56680450000000004 5.708333333335001 5.5000000000000009 0.86620967868038068 14.500000000000002 102.16666666650001 3.5000000000000004 0.58772650000000015 0.014476500000000002 7.5000000000000009 2.5000000000000004 0.92586500000000005 0.20759250000000004 0.97910750000000013 26.550000000000004 0.56930650000000005 0.17687050000000001 0.038542000000000007 21926.000000000004 635.50000000000011 0.0088049481694041625 0.57480350000000013 0.0090165000000000019 36.500000000000007 0.064552500000000013 2.7750000000000004 0.14777350000000003
decision_type=2 2 2 2 2 2 2 2 2 2 2 2 2 2 2 2 2 2 2 2 2 2 2 2 2 2 2 2 2 2
left_child=2 3 22 11 13 6 8 9 12 16 -6 -2 19 14 29 21 -5 -12 -10 24 -13 -8 -1 -24 25 26 -3 -25 -7 -4
right_child=1 5 4 7 10 28 15 -9 18 -11 17 20 -14 -15 -16 -17 -18 -19 -20 -21 -22 -23 23 27 -26 -27 -28 -29 -30 -31
leaf_value=-0.07000679762319828 -0.049484851610364256 0.045470111383061299 -0.049014578642520353 0.0035470932961785616 -0.065651608231340017 0.05537982974690521 0.056981091154272627 0.057441531309318367 -0.073041347770242543 -0.011952968570347928 -0.03540777050091181 0.053640861612186452 0.04647655774882789 0.034853548560533326 0.0054759133526800542 0.020932389441089518 0.035753456338406979 0.033112926436630066 0.0062673296764736196 -0.082294786164186562 -0.080617323583943024 0.04828425458783861 -0.066563161490377318 0.056815475763413795 0.032304720955189464 -0.033192302721177749 -0.082924698090431695 -0.037054399458489616 0.065799708205245097 0.037514917859860192
leaf_weight=2818.562073903624 106.15976131497882 19.599598817294467 38.160421054228209 57.943079948890954 194.24163116968703 512.02574440755416 1143.8311536677647 93.430673979804851 11.849299297900872 95.778413313208148 59.696489258611109 11.057870354270561 244.21546519547701 34.510973950498737 79.421291855862364 47.305571590550244 143.79405526292976 10.275271174614316 14.516778688761404 3.4642181498929849 2.5919274591142303 882.74252767534927 43.505963559029624 8.8281866980250943 190.33184863324277 20.442143320920877 2.7514110631309441 7.3551502405898637 855.29616405931301 5.2451271413592613
leaf_count=906765 22878 415 10022 4260 56384 2618 3542 1097 2008 8843 10400 336 2601 2345 8934 133 4099 581 573 133 498 3184 12985 279 3207 1688 315 1456 1055 416
internal_value=0 0.0481141 -0.0650181 0.00920113 -0.034543 0.0531479 0.0485126 0.0244756 0.0323832 0.0141231 -0.0549773 -0.0406403 0.0357699 -0.00022825 -0.0100853 0.052457 0.0265031 -0.0253456 -0.0293751 0.0247181 0.0281469 0.0531929 -0.0694815 -0.044679 0.0263083 -0.000361876 0.0296647 0.0141526 0.0618977 -0.0385584
internal_weight=0 4459.13 3299.8 510.756 421.551 3948.37 2581.05 390.946 507.171 297.516 264.213 119.81 480.805 157.338 122.827 2073.88 201.737 69.9718 26.3661 236.589 13.6498 2026.57 2878.25 59.6893 233.125 42.7932 22.351 16.1833 1367.32 43.4055
internal_count=1074050 63483 1010567 42011 89082 21472 17799 18299 10940 17202 67365 23712 8359 21717 19372 6859 8359 10981 2581 5758 834 6726 921485 14720 5625 2418 730 1735 3673 10438
is_linear=0
shrinkage=0.05


Tree=7
num_leaves=31
num_cat=0
split_feature=0 0 0 83 98 59 42 42 59 83 83 0 101 82 159 95 2 95 3 126 115 138 113 42 48 69 81 82 161 170
split_gain=8920.2 325.801 168.984 140.068 105.039 64.6147 58.8922 58.7332 40.3964 37.0847 31.7635 29.1814 21.0445 20.5359 19.9571 18.533 17.9684 16.6582 15.6122 15.2938 14.9627 14.7876 14.4019 14.3267 17.9987 13.881 12.8599 12.5412 11.9343 14.1221
threshold=0.19204907757119541 0.60678019017954943 0.030380062479932603 0.55108450000000009 5.708333333335001 7.5000000000000009 16.500000000000004 1.0000000180025095e-35 7.5000000000000009 0.53370050000000002 0.58772650000000015 0.7740980979447657 0.033014000000000009 601.50000000000011 0.42879425000000004 1.2008335000000001 2826.5000000000005 0.46287300000000003 0.014743000000000001 0.051531500000000001 0.072542000000000009 0.033014000000000009 2.5000000000000004 14.500000000000002 1.0000000180025095e-35 1.0000000180025095e-35 0.066898000000000013 669.50000000000011 0.1168975 1.0507880000000003
decision_type=2 2 2 2 2 2 2 2 2 2 2 2 2 2 2 2 2 2 2 2 2 2 2 2 2 2 2 2 2 2
left_child=2 3 26 -2 12 7 8 11 15 -7 -6 17 13 23 -10 25 -13 -3 -12 -14 -9 -18 -17 24 -4 -5 27 -1 -20 -30
right_child=1 5 4 6 10 9 -8 20 14 -11 18 16 19 -15 -16 22 21 -19 28 -21 -22 -23 -24 -25 -26 -27 -28 -29 29 -31
leaf_value=-0.067523776493781648 -0.057002211771837508 -0.02556499245359567 -0.050954605262913261 0.00018625444136579285 -0.063427669489161773 -0.062204100578959136 0.051729556231830801 0.051065481117657713 -0.053764599223794209 0.029320603106887624 0.024680354966342518 0.055845134167671964 0.039043781428194022 0.015258632325526279 0.00051277205893481709 0.017281013849940824 0.042273653112940596 0.029836708562550718 -0.044909928758557677 -0.045266769351586314 0.06120835596077559 0.058734140660559042 0.052185406747695173 0.026360256154797947 0.016251206325837288 0.04653306092921472 0.082419345458676699 -0.013910878977894274 -0.069264766886676502 0.068017775244865561
leaf_weight=2824.2217961259303 70.133403764106333 15.359573805006219 50.411479489761405 132.59562245721463 190.72403054812457 11.703007927048018 105.12092150986427 488.43876965297386 32.65197316580452 203.88059726753272 13.298769127810372 492.23556526214816 39.115691709332168 41.57038241752889 35.185015159426257 69.615596352494322 1021.7435681279749 116.33483427716419 48.692174743337091 6.2364487414015448 1422.6559216256719 157.47157038119622 51.353019402828068 10.145805608481167 12.416211402392944 18.397035158704966 1.4346502518746991 10.950186889735049 2.8767639086581749 5.3704853267408907
leaf_count=920279 17099 1232 12628 10697 56384 2192 1930 2068 5796 4469 910 1488 2242 3332 2630 2606 4943 2284 9856 1285 2350 446 836 729 1501 417 16 1190 176 39
internal_value=0 0.0460634 -0.0628544 0.00867153 -0.033289 0.0509641 0.0190238 0.0525087 0.00890586 0.0243522 -0.0528417 0.0460357 -0.00137743 -0.0127913 -0.0256126 0.017516 0.0478212 0.0233752 -0.0240968 0.0274501 0.058616 0.0444718 0.0320985 -0.0287703 -0.0376732 0.00583318 -0.067241 -0.0673167 -0.0354892 0.0201316
internal_weight=0 4444.88 3257.46 515.053 420.858 3929.82 444.919 3714.24 339.798 215.584 260.962 1803.15 159.896 114.544 67.837 271.961 1671.45 131.694 70.2382 45.3521 1911.09 1179.22 120.969 72.9735 62.8277 150.993 2836.61 2835.17 56.9394 8.24725
internal_count=1074050 63483 1010567 42011 89082 21472 24912 14811 22982 6661 67365 10393 21717 18190 8426 14556 6877 3516 10981 3527 4418 5389 3442 14858 14129 11114 921485 921469 10071 215
is_linear=0
shrinkage=0.05


Tree=8
num_leaves=31
num_cat=0
split_feature=0 0 118 0 98 42 83 42 0 95 83 83 95 152 82 173 158 129 113 181 47 42 173 113 168 157 159 110 96 150
split_gain=8238.69 307.247 162.933 159.172 94.2276 58.5253 56.2656 51.3703 44.7356 30.5124 28.2593 26.5067 23.6723 20.3866 17.8999 17.0325 15.8464 15.3995 14.9982 16.2911 15.8672 13.8225 15.1484 16.7132 13.7827 13.6568 13.507 17.0435 15.2513 18.0684
threshold=0.19204907757119541 0.68981449621504665 0.028813500000000002 0.030380062479932603 5.708333333335001 1.0000000180025095e-35 0.54336150000000016 2.5000000000000004 0.94875966535953815 0.72513300000000014 0.58772650000000015 0.54061850000000011 0.75316150000000015 0.077796000000000018 693.50000000000011 0.26813100000000006 1.3666666666650003 7.5000000000000009 1.5000000000000002 0.80826050000000016 2302.5000000000005 207.50000000000003 0.38374350000000007 2.5000000000000004 9.5000000000000018 26.550000000000004 0.42879425000000004 1542.5000000000002 0.0030910000000000004 0.017801000000000001
decision_type=2 2 2 2 2 2 2 2 2 2 2 2 2 2 2 2 2 2 2 2 2 2 2 2 2 2 2 2 2 2
left_child=3 2 6 -1 13 9 -2 8 11 -4 -6 -3 17 21 -10 26 -7 24 19 20 -9 22 23 -5 -13 -12 28 -28 -8 -30
right_child=1 7 5 4 10 16 15 18 14 -11 25 12 -14 -15 -16 -17 -18 -19 -20 -21 -22 -23 -24 -25 -26 -27 27 -29 29 -31
leaf_value=-0.065272341468636905 -0.063576224560917008 -0.040967745340873378 -0.01568766658814226 -0.040052965978322044 -0.061029026667972212 0.010304694257633966 0.027030081787352608 0.033732407591888454 0.051450334060455065 0.023848510336360502 -0.03314987194754386 0.0045096475606320801 0.042602513716748142 0.025647503677553932 0.0049441860144440047 0.038776368973294485 0.051942181418556693 0.0014961631262327153 0.059596551675018372 0.05598966758540827 -0.085967186915935634 0.050281226947783302 0.026312569284089093 0.0075586120109101644 0.037932474107203226 0.028284565370962095 0.012597017475720505 -0.074084372821858091 -0.052073795579270776 0.012571845438661803
leaf_weight=2791.7277547694976 60.132477666949853 10.972544634947552 68.785773075651377 63.911284270288888 187.65870566602098 25.603175559197553 10.881278885761274 94.888452359125949 1376.3312318662647 167.96663875738159 58.587850411131512 38.801538478815928 600.5514212329872 46.797169530182146 21.006206531077623 18.267383314669132 212.567065589712 57.315363922622055 1208.6036955101881 165.3202186380513 2.8517779296962535 7.8920282862382001 16.124170292867348 25.902282403199933 150.42764038592577 10.69801697519142 57.667066028458066 6.2893021237105122 47.046369903371669 14.032914651441386
leaf_count=921485 14898 1324 7367 14029 56384 1153 712 990 3148 5923 10400 1108 4027 3175 64 359 2683 1517 1726 629 393 210 1128 3175 1983 581 3238 961 8152 1128
internal_value=0 0.0443034 0.0136356 -0.0609658 -0.032174 0.0299663 -0.0225531 0.0499747 0.045233 0.0123617 -0.0509535 0.0362469 0.0372471 -0.00213371 0.0507512 -0.00655387 0.0474662 0.0242018 0.0572417 0.0464223 0.0302399 -0.013555 -0.0183106 -0.0263218 0.0310791 -0.0236641 -0.0126463 0.004073 -0.0275059 -0.0372215
internal_weight=0 4416.31 689.239 3209.3 417.572 474.923 214.317 3727.07 2255.41 236.752 256.945 858.069 847.096 160.627 1397.34 154.184 238.17 246.545 1471.66 263.06 97.7402 113.83 105.938 89.8136 189.229 69.2859 135.917 63.9564 71.9606 61.0793
internal_count=1074050 63483 46574 1010567 89082 17126 29448 16909 13171 13290 67365 9959 8635 21717 3212 14550 3836 4608 3738 2012 1383 18542 18332 17204 3091 10981 14191 4199 9992 9280
is_linear=0
shrinkage=0.05


Tree=9
num_leaves=31
num_cat=0
split_feature=0 0 0 83 98 59 42 42 83 0 83 79 42 170 0 157 0 77 155 181 82 95 0 99 34 82 0 48 2 81
split_gain=7609.31 290.145 155.177 125.309 84.4373 76.3758 59.9524 41.5593 40.6779 35.1886 27.6702 26.0796 18.4273 18.0564 17.3696 17.1436 16.6588 17.4991 16.7836 15.4156 17.7199 15.3037 13.5944 13.3321 13.0898 12.7598 24.2759 12.6604 12.4603 12.2168
threshold=0.19204907757119541 0.53809039466125175 0.030380062479932603 0.56680450000000004 5.708333333335001 7.5000000000000009 1.0000000180025095e-35 19.500000000000004 0.53370050000000002 0.7740980979447657 0.58772650000000015 3.5000000000000004 2.5000000000000004 1.6372370000000001 0.86620967868038068 12.775000000000002 0.94875966535953815 8.5000000000000018 0.77500000000000013 1.4713530000000004 686.50000000000011 0.46287300000000003 0.12800136274409843 0.039998000000000006 24717.000000000004 635.50000000000011 0.0088049481694041625 1.0000000180025095e-35 1455534.0000000002 0.066898000000000013
decision_type=2 2 2 2 2 2 2 2 2 2 2 2 2 2 2 2 2 2 2 2 2 2 2 2 2 2 2 2 2 2
left_child=2 3 25 -2 12 6 9 11 -7 21 -6 -5 13 27 15 24 17 -8 -19 20 -11 -3 -12 -13 -10 29 -27 -4 -15 -1
right_child=1 5 4 7 10 8 16 -9 14 19 22 23 -14 28 -16 -17 -18 18 -20 -21 -22 -23 -24 -25 -26 26 -28 -29 -30 -31
leaf_value=-0.064139347266080407 -0.047318589923597859 -0.020913949295239889 -0.038527205349943361 0.020636782513630367 -0.058920373433526033 -0.061258679201692527 0.051717014056173641 0.050657355673103144 -0.067321248727076635 0.040634781930431546 -0.036788813614479936 0.031285787399674608 0.029476536941789012 0.019060782628118157 0.038238312254706884 0.028371148702134721 0.059604209123093978 -0.010116827893626902 0.049458896561070415 0.049782161968183802 -0.033648503974141437 0.025670601464398132 0.010866109726930317 -0.021114800379460452 0.00012919433746554746 -0.059953733425189976 0.01390422576048154 0.011394240438871453 -0.059204356736049561 0.077742380512784648
leaf_weight=2678.6545144288684 95.72775483498117 20.037556187482551 57.441004323540255 153.22483327903319 184.57078744424507 14.862926773144862 982.54339420213364 74.279985803412274 8.8070163810625655 933.81040433980525 48.137118006474338 14.36971641355194 35.073465308523737 47.626236678799614 109.17536461981945 56.633652664488181 897.940255000256 22.93485906731803 24.397732976824045 702.62053304165602 8.0978151485323888 146.735215050634 21.716815567808226 78.178464154480025 39.246177064080257 41.289379974245094 15.229006951325571 16.305358961573802 5.6934372065588823 1.5180687026586372
leaf_count=906749 21496 1862 12945 6641 56384 3084 3116 824 1179 4818 8987 614 2345 3571 996 1577 1189 571 98 2029 30 3275 1994 8105 1979 12985 1735 1816 1040 16
internal_value=0 0.0426098 -0.0592358 0.0028718 -0.0308058 0.0467739 0.0484896 0.0178837 0.0187261 0.0419579 -0.0487764 0.00797855 -0.00260697 -0.0114628 0.0242849 0.00973315 0.0546265 0.0502865 0.0205917 0.0441772 0.0399962 0.0200735 -0.0219734 -0.0129787 -0.0122329 -0.0635632 -0.0400525 -0.0274895 0.0107037 -0.064059
internal_weight=0 4383.62 3153.26 415.781 416.564 3967.84 3739.12 320.053 228.725 1811.3 254.425 245.773 162.14 127.066 213.862 104.687 1927.82 1029.88 47.3326 1644.53 941.908 166.773 69.8539 92.5482 48.0532 2736.69 56.5184 73.7464 53.3197 2680.17
internal_count=1074050 63483 1010567 37680 89082 25803 16988 16184 8815 12014 67365 15360 21717 19372 5731 4735 4974 3785 669 6877 4848 5137 10981 8719 3158 921485 14720 14761 4611 906765
is_linear=0
shrinkage=0.05


Tree=10
num_leaves=31
num_cat=0
split_feature=0 0 0 83 173 42 0 81 173 91 141 156 117 156 104 69 42 157 42 170 95 151 83 0 160 2 138 159 2 62
split_gain=7085.87 278.563 146.237 109.877 77.4507 57.7858 51.4208 50.3641 31.7975 31.7661 29.1923 27.3724 23.6123 20.5587 19.5616 18.1794 17.8986 21.3918 13.9377 13.9174 13.3219 13.2956 13.1877 18.0227 15.7465 12.8121 11.5213 12.3467 11.4957 11.3839
threshold=0.19204907757119541 0.60678019017954943 0.030380062479932603 0.55108450000000009 0.22280400000000003 1.0000000180025095e-35 0.86620967868038068 0.019601000000000004 0.14708950000000001 16.500000000000004 48.500000000000007 3.4500000000000006 0.08230750000000002 1.3666666666650003 0.068753500000000009 1.0000000180025095e-35 6.5000000000000009 10.775000000000002 1.0000000180025095e-35 1.0967200000000001 0.7041805000000001 0.017382000000000005 0.63917850000000009 0.0032200281855830795 0.066767600000000024 2826.5000000000005 0.033014000000000009 0.10933500000000002 625678.00000000012 8.5000000000000018
decision_type=2 2 2 2 2 2 2 2 2 2 2 2 2 2 2 2 2 2 2 2 2 2 2 2 2 2 2 2 2 2
left_child=2 3 22 -2 11 6 10 9 13 12 -3 14 21 15 -4 -7 17 -6 20 -10 -11 -5 -1 -24 -25 -8 27 -27 -15 -16
right_child=1 5 4 7 16 8 25 -9 19 18 -12 -13 -14 28 29 -17 -18 -19 -20 -21 -22 -23 23 24 -26 26 -28 -29 -30 -31
leaf_value=-0.062554869299953117 -0.052827003932066352 0.027849485526468033 -0.053175104099451545 -0.032795366229953153 -0.0250751107754929 -0.056023331229449663 0.05019386744676807 0.056828320409040047 0.046792435124206805 -0.030789647186386594 -0.015998300424639855 0.053191180765780645 0.031685066660061323 0.042119526821568005 0.025889694289976672 0.031095052931777362 0.042290965198816532 0.015587575746641907 0.035645722795734434 0.056121440381358148 0.016045244683739811 0.0017831719424402856 -0.061724246937276343 0.051288166012082817 -0.040151064447888837 -0.022708638460091787 0.053689702121257205 0.038863742613563325 -0.066305977903392682 -0.066584288141650724
leaf_weight=2634.4453246735502 67.425534400565084 318.51240357663482 236.73966323008062 72.110732254863251 79.96966569632059 13.394255882827567 496.35141640272923 63.655833053402603 580.82134660391603 17.13629057595972 43.094680493115447 6.669477643328718 27.932958534220234 57.415894357836805 12.818567893235015 10.830105330445802 19.802877294598147 54.31002115632873 89.304918225505389 1282.6508575312328 133.22776812093798 45.239906077855267 27.1092503197724 8.7037053302628937 10.256431886577046 8.2181472205556911 140.82711494388059 875.93405869463459 2.5533456604462108 4.4951127735548644
leaf_count=908626 17099 5838 66300 10010 14447 1593 1355 325 2362 2156 2656 326 816 791 1300 237 767 4512 2361 2309 5701 3543 9915 552 2392 178 316 3673 164 1430
internal_value=0 0.0411717 -0.0578159 0.00668519 -0.0301889 0.0458175 0.0395718 0.0156298 0.0518557 0.00881724 0.0226239 -0.0467981 -0.00963061 0.0217998 -0.0494231 -0.0170749 -0.00208462 -0.0086289 0.02 0.0532137 0.0107077 -0.019465 -0.0620911 -0.0355704 0.00182438 0.0436001 0.0404071 0.0382914 0.037503 0.00188088
internal_weight=0 4346.64 3095.32 516.034 414.805 3830.6 1882.94 448.608 1947.67 384.953 361.607 260.723 145.284 84.1936 254.053 24.2244 154.083 134.28 239.669 1863.47 150.364 117.351 2680.51 46.0694 18.9601 1521.33 1024.98 884.152 59.9692 17.3137
internal_count=1074050 63483 1010567 42011 89082 21472 14016 24912 7456 24587 8494 69356 14369 2785 69030 1830 19726 18959 10218 4671 7857 13553 921485 12859 2944 5522 4167 3851 955 2730
is_linear=0
shrinkage=0.05


Tree=11
num_leaves=31
num_cat=0
split_feature=0 0 0 173 98 83 42 56 0 173 83 42 95 96 170 102 42 83 95 79 82 0 133 183 84 129 3 182 129 81
split_gain=6618.22 269.778 138.426 128.401 73.0313 50.753 49.176 46.7692 43.1242 30.45 25.1823 22.5507 21.853 18.1804 17.2634 16.9397 15.9697 15.8758 13.6776 13.0811 11.998 19.3221 11.8595 13.7793 12.1785 11.3263 11.2012 11.159 10.9249 10.9141
threshold=0.19204907757119541 0.68981449621504665 0.030380062479932603 0.21062300000000003 5.708333333335001 0.5425715000000001 6.5000000000000009 1.0000000180025095e-35 0.94875966535953815 0.21436950000000002 0.58772650000000015 18.500000000000004 1.2725435000000003 0.0067470000000000004 0.68387250000000022 0.20759250000000004 6.5000000000000009 0.53524550000000015 1.5939485000000002 11.500000000000002 635.50000000000011 0.0088049481694041625 0.36666666666650011 0.10770250000000002 140.50000000000003 8.5000000000000018 0.014743000000000001 0.064552500000000013 7.5000000000000009 0.066898000000000013
decision_type=2 2 2 2 2 2 2 2 2 2 2 2 2 2 2 2 2 2 2 2 2 2 2 2 2 2 2 2 2 2
left_child=2 3 20 5 14 -2 8 12 9 17 -6 13 19 -7 -4 -10 -16 -3 28 22 29 -22 -5 24 -24 -19 -12 -23 -11 -1
right_child=1 6 4 7 10 11 -8 -9 15 18 26 -13 -14 -15 16 -17 -18 25 -20 -21 21 27 23 -25 -26 -27 -28 -29 -30 -31
leaf_value=-0.061381618218084424 -0.05878566238441503 -0.052560007681494748 -0.035212407910454942 0.024913099535082462 -0.056680944544860591 0.016445174741443771 0.053624800297702648 0.053028340123782491 0.047380807354929035 0.036653415358741927 0.019750650863995078 0.025431749402287176 0.030449206434434269 -0.024718906925870456 -0.0041494231712173573 0.009436958274514351 0.039771626077137134 0.022179546262909897 0.044989132176540977 -0.038353306606467769 -0.056167103312625657 0.048837311104152223 -0.022274814961679976 0.046926413160509405 0.034332108086325683 -0.020384657655866924 -0.031045827150313746 -0.037049505346558771 0.019349393398827967 0.074263176252668359
leaf_weight=2565.7651030768757 57.339724733494222 8.3144278316758555 34.442635115410667 63.711289713857695 178.59802942018723 35.374724762281403 1186.8903059945442 126.75715897930786 1439.0294610371348 311.69684134260751 13.477473941398783 45.808291455614381 153.94537507521454 110.95426655182382 103.73369824938709 30.028334062546492 25.854516142513603 163.23984392406419 335.40561793884262 16.344546019332483 39.260151604772545 8.3874651975929719 56.000493051309604 11.327951514627783 11.443136480404062 17.284109679982066 55.724002326198388 6.8874968553427598 128.94986695609987 1.4837860679253925
leaf_count=906749 14877 1272 7984 2289 56384 2178 2681 605 3321 2510 910 2279 3267 14172 12779 92 954 3115 1483 1591 12985 279 4960 87 269 687 10071 1456 1748 16
internal_value=0 0.0398235 -0.0565771 0.0111464 -0.0296284 -0.0175034 0.0452805 0.0274081 0.0412114 0.0329993 -0.0467592 -0.00518348 0.0170249 -0.0147676 -0.00374909 0.0466052 0.00461339 0.014993 0.0373808 0.00401332 -0.0608102 -0.037603 0.00887329 -0.00409987 -0.0126703 0.0181043 -0.0211529 0.0101109 0.0315896 -0.0613032
internal_weight=0 4309.85 3033.61 689.007 411.83 249.477 3620.84 439.53 2433.95 964.891 247.8 192.137 312.773 146.329 164.031 1469.06 129.588 188.838 776.052 158.827 2621.78 54.5351 142.483 78.7716 67.4436 180.524 69.2015 15.275 440.647 2567.25
internal_count=1074050 63483 1010567 46574 89082 33506 16909 13068 14228 10815 67365 18629 12463 16350 21717 3413 13733 5074 5741 9196 921485 14720 7605 5316 5229 3802 10981 1735 4258 906765
is_linear=0
shrinkage=0.05


Tree=12
num_leaves=31
num_cat=0
split_feature=0 0 0 83 173 42 0 42 98 178 112 169 83 42 98 98 82 42 157 169 170 102 83 82 0 182 156 168 81 77
split_gain=6155.97 252.577 136.427 97.3809 68.7935 55.3402 53.9264 40.7678 30.726 25.1451 22.3224 21.4531 22.8044 28.669 19.4547 17.7781 16.3382 14.9569 17.3288 14.3699 14.1794 12.6358 11.3994 11.0504 17.1176 14.1083 10.9982 10.8013 10.0483 10.0471
threshold=0.19204907757119541 0.60678019017954943 0.030380062479932603 0.56680450000000004 0.22623950000000001 2.5000000000000004 0.86620967868038068 1.0000000180025095e-35 152.58333333350001 2.5000000000000004 1.5000000000000002 5.5000000000000009 0.57138750000000005 26.500000000000004 8.7083333333350019 69.125000000000014 573.50000000000011 4.5000000000000009 10.775000000000002 7.5000000000000009 2.1664360000000005 0.15466550000000004 0.59831000000000012 635.50000000000011 0.0032200281855830795 0.064552500000000013 3.8750000000000004 45.500000000000007 0.066898000000000013 8.5000000000000018
decision_type=2 2 2 2 2 2 2 2 2 2 2 2 2 2 2 2 2 2 2 2 2 2 2 2 2 2 2 2 2 2
left_child=2 3 23 10 9 6 8 14 19 22 -2 12 13 -7 27 -9 26 18 -6 -3 21 29 -4 28 -25 -26 -11 -5 -1 -8
right_child=1 5 4 7 17 11 20 15 -10 16 -12 -13 -14 -15 -16 -17 -18 -19 -20 -21 -22 -23 -24 24 25 -27 -28 -29 -30 -31
leaf_value=-0.060250724933434474 -0.044018809600618485 0.015806919272271815 -0.054807878161118907 0.0023144210420421511 -0.023642272906551836 -0.06133216180589527 0.043055548139345506 0.039721291067020464 -0.045116186821007244 -0.061457514532408809 0.016646524174829206 0.052964169880468127 0.043749667303168906 0.029797182266356487 -0.021794661702744463 -0.033229785761929684 0.024010918205947949 0.03581788019890398 0.01344472531257844 0.034162027431844905 0.047603388464103058 0.025057267423700402 -0.018577489588912581 -0.060649899518827766 0.040582083533760062 -0.040282032930326006 0.047049183155373805 0.028278403132798158 0.071082541564566629 0.030566484900044474
leaf_weight=2496.1794787395629 98.346178695384879 214.06934332312085 195.80839895294048 107.8063294707099 77.124111359706149 12.306938050780444 791.19117007846944 160.68050248001236 16.242867280147038 13.721371640858708 17.927688202122226 1265.6856059789425 182.97505363845266 28.890706857317127 56.821128454292193 8.8093363231746462 20.230720695806667 22.298255120287649 53.238880786462687 212.45737615367398 672.17115594749339 152.53506069490686 24.418285627965815 31.600009983521886 10.012620889698157 11.693099233205428 2.8143330742605022 63.739548355690204 1.4572567215654988 202.18813507026061
leaf_count=906749 22233 5649 59805 6677 13831 1200 3105 2964 2018 4506 1479 2187 835 622 5811 1213 1752 968 4293 2495 1595 674 3710 11340 529 2851 217 1634 16 1092
internal_value=0 0.0384525 -0.0553921 0.00558734 -0.0286083 0.0429575 0.0380272 0.0173511 0.0223794 -0.0444004 -0.0346651 0.0504391 0.0361826 0.00257419 0.00356253 0.0359296 -0.00612274 -0.00202364 -0.00849633 0.0249498 0.041838 0.0384562 -0.0507907 -0.0596933 -0.0371672 -0.00298026 -0.04299 0.0119616 -0.0601741 0.0405136
internal_weight=0 4264.84 2960.6 514.131 409.654 3750.71 2260.86 397.857 442.77 256.993 116.274 1489.86 224.173 41.1976 228.367 169.49 36.7664 152.661 130.363 426.527 1818.09 1145.91 220.227 2550.94 53.3057 21.7057 16.5357 171.546 2497.64 993.379
internal_count=1074050 63483 1010567 42011 89082 21472 16628 18299 10162 69990 23712 4844 2657 1822 14122 4177 6475 19092 18124 8144 6466 4871 63515 921485 14720 3380 4723 8311 906765 4197
is_linear=0
shrinkage=0.05


Tree=13
num_leaves=31
num_cat=0
split_feature=0 0 59 83 42 0 83 42 168 0 159 162 0 167 0 101 0 70 157 138 169 82 84 2 116 82 42 149 39 118
split_gain=5745.43 270.018 131.301 101.262 67.6318 64.5183 47.3521 30.0374 26.9573 21.0221 19.7404 19.7056 18.5396 17.3408 17.1229 37.7439 16.9525 15.349 14.7862 14.7307 14.5917 14.4434 14.2619 13.8012 13.6194 12.8616 12.2191 12.1524 11.9821 11.5385
threshold=0.33581906297173442 0.043984350660107828 8.5000000000000018 0.57387650000000012 1.0000000180025095e-35 0.7740980979447657 0.5414135000000001 1.0000000180025095e-35 25.500000000000004 0.94875966535953815 0.11803075 0.052843250000000008 0.86620967868038068 2.5000000000000004 0.012339227772512141 0.030463500000000001 0.94875966535953815 129.50000000000003 12.366666666650003 0.035427000000000007 5.5000000000000009 654.50000000000011 140.50000000000003 370.00000000000006 0.10620700000000001 578.50000000000011 336.50000000000006 1.5000000000000002 26.500000000000004 0.021992500000000002
decision_type=2 2 2 2 2 2 2 2 2 2 2 2 2 2 2 2 2 2 2 2 2 2 2 2 2 2 2 2 2 2
left_child=1 14 4 13 5 10 17 8 -5 11 -2 29 18 -3 -1 21 -7 -4 -8 -17 23 -16 25 -13 -24 -12 -15 -21 -9 -6
right_child=2 3 6 7 9 16 12 28 -10 -11 22 20 -14 26 15 19 -18 -19 -20 27 -22 -23 24 -25 -26 -27 -28 -29 -30 -31
leaf_value=-0.059403788194867226 -0.067250464997754597 -0.057665577136823902 -0.0605464455158796 -0.028624085800717864 -0.027258898323830973 0.031361076977558376 -0.015853216148470402 0.029407631470712122 0.0072970695099962776 0.054031634368909502 -0.015223796929723185 -0.048600297089855783 0.030650577676292947 -0.033720515576414832 -0.055364967841091128 0.054889801755583605 0.042353809236516299 0.020675630014900012 0.018416705599537456 -0.044714182595334356 0.048052105931070059 0.021011145173790272 0.047439649839971759 0.034048274104974158 -0.088118628785916184 0.015399407337649046 0.037332381598975228 0.034462563290533293 -0.024647308934778227 0.027128212204967597
leaf_weight=2317.3146964218467 7.5775307303993023 119.81658698501997 32.017085741565097 104.93015585991088 11.550680397427639 523.3742417274043 62.735530257748906 85.400863480404951 103.99224981007865 867.03744504088536 42.449688829423394 5.230009833816438 94.407176638254896 81.741685379995033 207.50944939273177 10.171935704536738 1063.1759464517236 7.107946583419106 63.166973985498771 14.382869356777521 816.53118602395989 6.3803979313233858 40.33116720977705 147.64929770561866 1.9420962501317252 178.31934806064237 6.5345450532622626 7.3090206146007395 11.650394594646057 62.629033765289932
leaf_count=862486 1221 37544 7484 17238 804 4434 5741 3864 7705 1199 3831 244 823 20157 73922 603 2567 819 2577 4418 2525 372 466 1507 6 5510 393 734 2042 814
internal_value=0 -0.0514397 0.0393042 -0.0183675 0.0416732 0.0348786 0.00489851 -6.66883e-05 -0.0107441 0.0482777 0.0123137 0.0434972 0.0139004 -0.0452765 -0.0580729 -0.0455236 0.0387275 -0.0457906 0.00134046 0.00524434 0.0453978 -0.0530866 0.0146057 0.0312209 0.0412119 0.00951115 -0.0284609 -0.0180358 0.0229187 0.0186595
internal_weight=0 3077.13 4027.23 514.066 3767.8 1857.17 259.435 305.974 208.922 1910.63 270.62 1043.59 220.31 208.093 2563.07 245.754 1586.55 39.125 125.903 31.8638 969.41 213.89 263.042 152.879 42.2733 220.769 88.2762 21.6919 97.0513 74.1797
internal_count=1074050 1031478 42572 88943 25128 18035 17444 30849 24943 7093 11034 5894 9141 58094 942535 80049 7001 8303 8318 5755 4276 74294 9813 1751 472 9341 20550 5152 5906 1618
is_linear=0
shrinkage=0.05


Tree=14
num_leaves=31
num_cat=0
split_feature=0 0 0 84 98 42 83 42 0 83 59 82 183 95 152 83 42 141 83 77 0 81 99 83 102 102 83 82 0 3
split_gain=5388.18 230.836 130.725 106.8 62.5283 48.9951 44.5508 39.3943 32.8508 22.5896 20.8869 20.8867 22.1712 18.7565 14.3815 13.9905 13.906 13.7396 13.6011 13.5741 13.027 12.9728 12.5818 12.2253 11.061 11.0472 10.9449 10.7899 15.3199 11.6355
threshold=0.19204907757119541 0.68981449621504665 0.030380062479932603 10.000000000000002 5.708333333335001 1.0000000180025095e-35 0.57138750000000005 38.500000000000007 0.94875966535953815 0.58772650000000015 7.5000000000000009 576.50000000000011 0.037482000000000008 0.75316150000000015 0.077796000000000018 0.54296050000000007 13.500000000000002 401.50000000000006 0.61064700000000005 9.5000000000000018 0.86620967868038068 0.066898000000000013 0.047076000000000014 0.55545100000000003 0.15741000000000002 0.20759250000000004 0.5425715000000001 635.50000000000011 0.0032200281855830795 0.06463300000000001
decision_type=2 2 2 2 2 2 2 2 2 2 2 2 2 2 2 2 2 2 2 2 2 2 2 2 2 2 2 2 2 2
left_child=2 3 21 6 14 8 26 11 13 -6 20 12 -5 24 -4 -15 18 -12 22 -13 23 27 -8 -7 -3 -10 -2 -1 -29 -30
right_child=1 5 4 7 9 10 16 -9 25 -11 17 19 -14 15 -16 -17 -18 -19 -20 -21 -22 -23 -24 -25 -26 -27 -28 28 29 -31
leaf_value=-0.058377611649552658 -0.058923476175820888 0.016985951403227492 -0.012946283857860716 0.014341888771867532 -0.053430616041793999 -0.016378453455468147 0.0099974311884333394 0.050611971752464617 0.04148484135914509 -0.01961406657332921 0.027472525313299797 0.025060283702828701 -0.046132581019629408 -0.053350070951800582 0.01945723746561695 0.032955254963166238 0.034811928339822933 -0.047656351283573123 0.014325753481685972 -0.0217480170939265 0.050675332443318233 0.067784407092641732 -0.034386346790543976 0.041483083210631495 -0.027155689271083236 0.0082974414893129209 -0.026221398231081966 -0.058301298618482204 0.035428484121237745 -0.038541596940496962
leaf_weight=2361.6832582649076 48.915800149203278 178.79990923067089 118.39712618017802 37.617414954002015 168.3125291360775 9.3694479605182988 23.839701696182601 108.66487352841068 1063.9211925650015 69.891262936231215 60.183783350861631 242.74798289313912 25.382755164639093 4.745343670481815 48.174888076959178 448.75323673547246 25.348508474533446 6.770119455177336 49.364452270092443 16.543919668765739 1313.888751107268 2.055313042830675 48.354534009820782 355.65188505523838 15.41529476479627 25.680519860237837 53.646448539395351 29.780946554383263 10.298478595330382 10.989346541347912
leaf_count=906749 13485 3951 18542 2785 56384 300 1267 944 2656 10981 1138 6562 3842 558 3175 3434 481 870 2025 1217 2246 16 5549 1235 437 84 8417 11340 626 2754
internal_value=0 0.0361428 -0.0533712 0.00950588 -0.0270751 0.0413462 -0.0165301 0.0245774 0.0354016 -0.0435085 0.0472618 0.0157995 -0.0100233 0.0264841 -0.00357475 0.0320522 0.00112461 0.0198758 -0.00590017 0.0220737 0.0483539 -0.057779 -0.0197301 0.0399979 0.0134823 0.0407027 -0.0418183 -0.0578859 -0.0351478 -0.00275686
internal_weight=0 4163.61 2819.58 680.426 404.776 3483.18 249.469 430.957 1737.32 238.204 1745.86 322.292 63.0002 647.714 166.572 453.499 146.907 66.9539 121.559 259.292 1678.91 2414.81 72.1942 365.021 194.215 1089.6 102.562 2412.75 51.0688 21.2878
internal_count=1074050 63483 1010567 46574 89082 16909 31224 15350 11120 67365 5789 14406 6627 8380 21717 3992 9322 2008 8841 7779 3781 921485 6816 1535 4388 2740 21902 921469 14720 3380
is_linear=0
shrinkage=0.05


Tree=15
num_leaves=31
num_cat=0
split_feature=0 0 0 83 173 42 0 42 173 178 169 59 141 170 126 82 170 72 86 0 156 84 159 83 107 0 171 83 156 0
split_gain=5046.95 221.145 128.865 78.9482 58.0974 55.6566 53.6136 36.2442 32.4146 21.5725 18.9919 17.999 16.5247 16.3319 13.6199 13.2277 13.1143 16.8809 12.1467 12.14 12.0266 11.9589 11.3936 11.0227 13.1112 10.6569 10.5269 10.3014 12.7238 10.2672
threshold=0.19204907757119541 0.60678019017954943 0.030380062479932603 0.56680450000000004 0.22623950000000001 6.5000000000000009 0.86620967868038068 14.500000000000002 0.21288050000000003 2.5000000000000004 6.5000000000000009 3.5000000000000004 152.50000000000003 1.9376475000000002 0.04424200000000001 573.50000000000011 1.2728575000000004 1.5000000000000002 0.067069500000000018 0.94875966535953815 1.2916666666650001 10.000000000000002 0.39199979166650006 0.63917850000000009 1.0000000180025095e-35 0.0019437620776660012 0.098061000000000009 0.57480350000000013 1.2916666666650001 0.53809039466125175
decision_type=2 2 2 2 2 2 2 2 2 2 2 2 2 2 2 2 2 2 2 2 2 2 2 2 2 2 2 2 2 2
left_child=2 3 18 10 9 6 8 11 12 26 -2 -5 27 19 -6 -11 17 20 23 -8 -7 22 -10 -1 -25 -26 -4 28 -3 -12
right_child=1 5 4 7 14 16 13 -9 21 15 29 -13 -14 -15 -16 -17 -18 -19 -20 -21 -22 -23 -24 24 25 -27 -28 -29 -30 -31
leaf_value=-0.057551323481314948 -0.044920327858266509 -0.04942771560928625 -0.051674069384715596 0.014618347789321764 0.0087551324637285578 -0.0515736619791822 0.026252021438736298 0.041417272952087428 -0.01770097443525312 -0.039980093576021586 -0.021430150009253059 -0.01149580124351216 -0.047422573968970767 0.044192991288101467 -0.022022555837415733 0.020877849650342221 0.052571054096145702 0.044129547216658023 0.065576596932550316 0.038052691578102073 0.023782756290427177 0.031890686961071557 0.025132951056377185 -0.055080733664935821 -0.05833154633471356 0.029127734702718729 -0.017094961393669478 0.021041527006895155 0.0053114303169470405 0.039130114146012855
leaf_weight=2300.1672023833962 83.030786637682468 14.873062555911018 185.58725598169258 205.41068891447503 99.030440092843492 7.3007276566932005 297.80876505514607 96.523236764012836 25.616646339069121 15.9063183121616 18.32632776000537 97.21067794051487 17.228201656253077 819.62149715959094 56.426522997149732 20.354372661444359 717.15746188128833 435.14445304591209 2.0196020109578958 812.68616156489588 19.269413908710703 302.89131006924435 39.407406300771981 23.611071566934697 4.9737659489037496 11.620993627817368 24.971114493208006 52.535353833111003 37.089757193112746 11.322831209516155
leaf_count=908608 20614 1350 58254 8359 9705 284 2655 1097 975 4723 2750 8843 2403 2008 9387 1752 1135 1840 18 2274 181 3341 505 10218 1791 850 5261 1045 1476 348
internal_value=0 0.0350572 -0.0525021 0.00430526 -0.0263589 0.0394309 0.0350908 0.014739 0.0203142 -0.0414389 -0.0326539 0.00622973 -0.00205151 0.0388394 -0.00241631 -0.00581844 0.0483396 0.0417671 -0.0569919 0.034888 0.00307693 0.027714 0.00825825 -0.0570977 -0.0311435 0.00291452 -0.0475732 0.00542863 -0.0103563 0.00169744
internal_weight=0 4110.45 2744.67 511.825 402.276 3598.63 2419.76 399.145 489.642 246.819 112.68 302.621 121.726 1930.12 155.457 36.2607 1178.87 461.715 2342.39 1110.49 26.5701 367.915 65.0241 2340.37 40.2058 16.5948 210.558 104.498 51.9628 29.6492
internal_count=1074050 63483 1010567 42011 89082 21472 18032 18299 11095 69990 23712 17202 6274 6937 19092 6475 3440 2305 921485 4929 465 4821 1480 921467 12859 2641 63515 3871 2826 3098
is_linear=0
shrinkage=0.05


Tree=16
num_leaves=31
num_cat=0
split_feature=0 0 0 173 83 56 42 83 96 95 82 168 91 167 79 98 3 82 183 42 42 42 77 74 2 86 83 107 0 77
split_gain=4730.85 192.07 145.998 116.639 61.3672 60.3112 47.6788 43.5831 23.9673 20.3765 19.23 16.9364 16.3451 15.645 14.8923 14.8004 14.7381 18.2242 16.7802 13.4741 13.4291 13.2338 12.9131 13.5356 12.2345 12.0838 11.9029 13.8519 10.48 10.4797
threshold=0.21467259749339032 0.7740980979447657 0.030380062479932603 0.21288050000000003 0.57480350000000013 1.0000000180025095e-35 1.0000000180025095e-35 0.54336150000000016 0.014743000000000001 1.4421790000000001 589.50000000000011 21.500000000000004 12.500000000000002 3.5000000000000004 8.5000000000000018 7.083333333335001 0.053324000000000003 658.50000000000011 0.094903000000000015 336.50000000000006 8.5000000000000018 212.50000000000003 3.5000000000000004 1570.1666666650001 2826.5000000000005 0.067069500000000018 0.63917850000000009 1.0000000180025095e-35 0.0019437620776660012 7.5000000000000009
decision_type=2 2 2 2 2 2 2 2 2 2 2 2 2 2 2 2 2 2 2 2 2 2 2 2 2 2 2 2 2 2
left_child=2 3 25 7 13 9 11 -2 -6 14 -10 -3 -9 -4 29 -8 18 -18 20 -15 -12 -17 23 -14 -13 26 -1 -28 -29 -5
right_child=1 6 4 5 8 -7 15 12 10 -11 16 24 22 19 -16 21 17 -19 -20 -21 -22 -23 -24 -25 -26 -27 27 28 -30 -31
leaf_value=-0.056853523588335335 -0.05171831139559542 0.024319387368866366 -0.054653832970321947 0.016049594287742691 0.017552331016105985 0.049031590315455606 0.048467335313444958 -0.021360024001276318 -0.046923714795475531 0.027803962612354401 -0.018117663803138302 0.044012885434278642 0.017632755707478909 -0.031751515924648005 -0.03574716942107338 0.02734244838157995 -0.04316302637155061 0.026284690125074228 0.051436509797765095 0.048199489189171413 0.044880915809130506 0.053784440769347047 -0.021261336265161579 -0.065133033563135809 0.033422743166460898 0.063469355853701087 -0.054610935583813774 -0.057915891609046845 0.029121685860711389 -0.0099350802978680208
leaf_weight=2228.4520781269239 56.457517361501232 348.11567515169736 135.36814284021966 146.35482934908941 68.579407918907236 196.85029975930229 1305.4404654628597 78.371765039861202 41.788879049592651 176.84580883337185 44.425098082807381 399.2487114216201 116.92993144807406 53.887991917319596 20.347509515238926 167.71310330962297 41.790591434808448 12.205514562549068 16.46099787869025 5.8409766596741965 10.448648586869238 65.917255111038685 32.656194575713016 5.1577539074933147 860.57989915995859 2.1055971253663293 23.213936746236868 4.8095594680053209 12.311503695789723 52.80086046049837
leaf_count=908608 14809 3193 47889 4953 5247 724 2466 9573 10598 2940 6151 1090 4957 13926 1845 1638 8347 418 330 180 240 169 2986 769 4050 18 10218 1791 850 3077
internal_value=0 0.0343211 -0.0511927 0.0137108 -0.0245064 0.0264091 0.0401025 -0.0123021 -0.00733727 0.0151735 -0.017551 0.0340814 -0.00275606 -0.0452487 0.0049976 0.0463931 -0.00775729 -0.0274648 0.00716008 -0.023933 -0.00612195 0.0348029 0.00666613 0.0141362 0.0367788 -0.0562552 -0.0563663 -0.0294472 0.00467155 0.00916045
internal_weight=0 4029.79 2701.69 882.772 430.796 593.199 3147.02 289.573 235.699 396.349 167.12 1607.94 233.116 195.097 219.503 1539.07 125.331 53.9961 71.3347 59.729 54.8737 233.63 154.744 122.088 1259.83 2270.89 2268.79 40.335 17.1211 199.156
internal_count=1074050 59239 1014811 46633 93326 13539 12606 33094 31331 12815 26084 8333 18285 61995 9875 4273 15486 8765 6721 14106 6391 1807 8712 5726 5140 921485 921467 12859 2641 8030
is_linear=0
shrinkage=0.05


Tree=17
num_leaves=31
num_cat=0
split_feature=0 0 59 83 42 0 74 169 0 58 0 170 167 0 113 72 83 83 156 170 177 125 42 82 77 126 168 83 70 158
split_gain=4433.64 271.725 98.6861 85.7971 71.6089 51.87 36.0646 25.7718 17.818 34.5052 17.5867 17.3308 17.3049 16.4279 16.3389 15.616 14.229 14.0104 14.3459 13.0982 12.647 12.5269 12.2536 12.2121 12.0945 11.2677 10.646 9.58578 9.30775 9.05752
threshold=0.37969951586789719 0.043984350660107828 7.5000000000000009 0.57291350000000019 2.5000000000000004 0.7740980979447657 2077.3333333350006 6.5000000000000009 0.012339227772512141 0.023543000000000005 0.86620967868038068 2.1664360000000005 2.5000000000000004 0.94875966535953815 2.5000000000000004 1.5000000000000002 0.58948950000000011 0.58948950000000011 1.2916666666650001 2.9878565000000004 2.6904761904800005 0.052374500000000004 336.50000000000006 628.50000000000011 12.500000000000002 0.043352500000000009 31.500000000000004 0.55209450000000004 44.500000000000007 3.2916666666650003
decision_type=2 2 2 2 2 2 2 2 2 2 2 2 2 2 2 2 2 2 2 2 2 2 2 2 2 2 2 2 2 2
left_child=1 8 4 12 5 14 10 15 -1 23 17 13 -3 24 16 19 -2 18 28 -5 27 -9 29 -10 -7 -19 -11 -6 -4 -14
right_child=2 3 6 7 20 11 -8 21 9 26 -12 -13 22 -15 -16 -17 -18 25 -20 -21 -22 -23 -24 -25 -26 -27 -28 -29 -30 -31
leaf_value=-0.05642464826842998 -0.013735798639864259 -0.054402651631610802 -0.0659751929615887 -0.025555863231722559 0.0013202707417159802 0.024138581360428832 -0.05881775611025164 0.031632191396227076 -0.053097258925589211 -0.030626562306079741 0.026434292993985704 0.041365132556772266 -0.038618688492672811 0.03558720444402752 0.028624878588365273 0.014309900130426469 0.014372524610525831 0.024896838184473052 0.0070524299715482965 0.017233875049940783 0.049838590539423522 0.0023455934289464395 0.034554753002941002 -0.0062837044319870392 -0.042622853047469399 -0.05830240473197959 0.029811596106649962 0.041030423571268786 -0.016332806128267853 0.0040904813475406672
leaf_weight=2051.5347417237645 71.988686654251069 114.30503172401222 15.271283604204653 134.31053808541037 15.747821508091873 382.70632367045619 19.8705273126252 64.601107004855294 178.82067167159403 11.627106009575074 106.83711425005458 681.61402718815953 67.953150294313673 758.34749813284725 101.72243469324894 42.643852888839319 120.20175806619227 52.142253770842217 40.040875334758312 20.631543349358253 936.1780134041328 83.977103841025382 7.8449538294225922 15.108162339194676 6.9062591027468434 4.4139363785507149 19.516567623475567 434.66717846796382 24.73801297263708 15.188558214344082
leaf_count=862486 5174 39010 2895 20608 678 3788 4431 2477 72042 3602 997 1867 18182 2067 2163 3029 3174 1490 2575 1025 1644 6205 415 2299 195 409 2106 1781 2906 2330
internal_value=0 -0.0473317 0.0354739 -0.0158412 0.0376886 0.0319177 0.00595136 -0.00065339 -0.0549595 -0.0416048 0.011238 0.0350498 -0.041451 0.0312999 0.0124206 -0.0124838 0.003844 -0.00064673 -0.0141059 -0.0198581 0.0465264 0.0150793 -0.0251801 -0.0494502 0.0229552 0.0184035 0.00724776 0.039642 -0.035281 -0.0308165
internal_weight=0 2828.06 3773.39 551.456 3510.08 2123.49 263.314 346.164 2276.61 225.073 243.443 1829.57 205.292 1147.96 293.913 197.586 192.19 136.606 80.0502 154.942 1386.59 148.578 90.9867 193.929 389.613 56.5562 31.1437 450.415 40.0093 83.1417
internal_count=1074050 1035816 38234 93281 22531 18428 15703 33344 942535 80049 11272 7917 59937 6050 10511 24662 8348 10275 8376 21633 4103 8682 20927 74341 3983 1899 5708 2459 5801 20512
is_linear=0
shrinkage=0.05


Tree=18
num_leaves=31
num_cat=0
split_feature=0 0 0 59 42 98 0 173 56 83 83 168 100 118 95 39 2 159 102 103 70 82 157 81 83 107 42 0 83 96
split_gain=4166.36 210.542 109.179 65.4188 61.1274 51.7112 46.7745 37.1647 33.2661 25.0449 23.3618 17.1743 15.8185 18.1654 15.738 14.2484 12.8588 11.8312 11.6577 12.6989 16.7987 11.5648 11.2026 11.0319 10.9356 12.0602 10.9326 11.1557 12.7686 16.1996
threshold=0.17215690376152604 0.60678019017954943 0.030380062479932603 4.5000000000000009 6.5000000000000009 4.2916666666650007 0.94875966535953815 0.21436950000000002 1.0000000180025095e-35 0.54966050000000011 0.58730450000000012 32.500000000000007 1.0000000180025095e-35 0.056394000000000007 1.2008335000000001 2164.0000000000005 201361.00000000003 0.72474570000000005 0.20759250000000004 11.500000000000002 89.500000000000014 562.50000000000011 5.708333333335001 0.066898000000000013 0.63917850000000009 1.0000000180025095e-35 1758.5000000000002 0.86620967868038068 0.57077500000000014 0.0081185000000000025
decision_type=2 2 2 2 2 2 2 2 2 2 2 2 2 2 2 2 2 2 2 2 2 2 2 2 2 2 2 2 2 2
left_child=2 3 23 8 6 21 7 15 14 -5 -7 -9 26 17 -2 22 -11 -14 -8 20 -20 -4 -3 24 -1 -26 27 28 29 -6
right_child=1 4 5 9 12 10 18 11 -10 16 -12 -13 13 -15 -16 -17 -18 -19 19 -21 -22 -23 -24 -25 25 -27 -28 -29 -30 -31
leaf_value=-0.055632110541082608 -0.0059060049794051675 -0.018326135780697892 -0.047199594318220656 -0.050659063057407527 0.032606106073775579 -0.050207563880044694 0.038424934610738197 0.019502937098831434 0.041195594592617464 0.0013300187040970483 -0.017006505587730116 0.034585233832420716 -0.057343722798435338 0.036384894923852433 0.019045280272819612 -0.064350515464967187 -0.031288060534517242 0.043562177920661457 0.052824755354226038 -0.049106121811336167 -0.042959504977785196 0.0051732894947856814 0.01255915489204 0.060867125450512621 -0.053176744621033313 0.0033183643420769148 0.057863073799387793 0.048221739746564712 0.040085340419877345 -0.042006355629350622
leaf_weight=2086.0536514258129 132.24913033418125 35.865455511724576 11.603437974117695 52.577639279625146 20.25381954875775 159.10848964212346 1314.3611176901031 321.44905298680533 91.47495441569481 87.55795393709559 79.436395744734909 457.21804376272485 10.180085427826269 44.156098451465368 121.03869961807504 7.2627655747346571 46.136208591924515 4.0648541785776606 16.198140472173698 7.5618156604468814 6.3806259781122199 115.07851674605627 161.86545722268056 2.0511754727922371 21.834302290400956 16.650216949288733 198.23256263881922 636.86391974589787 193.41113336919807 11.35233909008093
leaf_count=908610 10964 1996 3320 16121 184 57022 3321 4351 1128 8315 12366 2818 430 106 3850 1405 5943 27 40 25 27 12064 4049 16 10218 2641 297 1044 592 760
internal_value=0 0.031758 -0.0506957 0.00245168 0.0362733 -0.025441 0.031658 0.0233723 0.0153512 -0.0214235 -0.0391515 0.028359 0.04588 0.0205463 0.00601747 0.00443065 -0.00992608 -0.0285498 0.0377199 0.00697474 0.0257567 0.000376193 0.00695702 -0.055033 -0.0551449 -0.0287343 0.0472756 0.0448405 0.0352705 0.00580671
internal_weight=0 3977.71 2491.82 531.035 3446.68 365.227 2328.16 983.661 344.763 186.272 238.545 778.667 1118.51 58.401 253.288 204.994 133.694 14.2449 1344.5 30.1406 22.5788 126.682 197.731 2126.59 2124.54 38.4845 1060.11 861.881 225.017 31.6062
internal_count=1074050 67793 1006257 46321 21472 84772 18032 14619 15942 30379 69388 7169 3440 563 14814 7450 14258 457 3413 92 67 15384 6045 921485 921469 12859 2877 2580 1536 944
is_linear=0
shrinkage=0.05


Tree=19
num_leaves=31
num_cat=0
split_feature=0 0 0 42 101 98 0 83 173 72 83 42 170 39 173 131 83 82 100 167 84 86 70 42 82 0 102 168 96 141
split_gain=3929.82 191.504 121.316 64.9961 60.239 50.206 47.2106 40.5813 26.4121 17.4138 16.9564 15.1538 14.8458 14.5674 13.7598 12.9502 12.2226 12.1801 11.4896 11.4875 11.4292 10.966 10.9195 10.6213 10.3127 11.9046 10.0427 9.92027 9.31751 9.17382
threshold=0.19204907757119541 0.60678019017954943 0.030380062479932603 6.5000000000000009 0.029255500000000004 8.7083333333350019 0.86620967868038068 0.54966050000000011 0.21808450000000004 1.0000000180025095e-35 0.59229250000000011 6.5000000000000009 1.8898980000000003 5.5000000000000009 0.35230000000000006 7.5000000000000009 0.57480350000000013 544.50000000000011 2.5000000000000004 9.5000000000000018 10.000000000000002 0.067069500000000018 108.50000000000001 44.500000000000007 633.50000000000011 0.0019437620776660012 0.18803900000000004 21.500000000000004 0.037995500000000008 36.500000000000007
decision_type=2 2 2 2 2 2 2 2 2 2 2 2 2 2 2 2 2 2 2 2 2 2 2 2 2 2 2 2 2 2
left_child=2 4 21 6 7 11 8 -2 16 22 -7 14 15 -5 19 -8 17 -3 -15 -4 -10 24 -9 27 -1 -26 -14 -6 -16 -11
right_child=1 3 5 13 23 10 12 9 20 29 -12 -13 26 18 28 -17 -18 -19 -20 -21 -22 -23 -24 -25 25 -27 -28 -29 -30 -31
leaf_value=-0.055188643090038153 -0.047568147459953213 0.035849318359213837 -0.027450833247181828 0.04714244622800922 -0.010354316466962938 -0.050960908622199576 0.035948733930835246 -0.036235204818298242 0.003289258147438925 0.0099883718461539414 -0.016467425996507388 0.025156679074280326 0.040980072232436437 0.02941155353533283 0.02928950654994383 0.024714325725279485 0.012846927877144646 -0.027160431713704792 -0.066380464482404394 0.030200297080941792 0.027715889895760615 0.059486990727353008 0.01852141556043348 0.051898366888933026 -0.05539890249324822 -0.0069531460734594836 0.019479066196323325 0.031661739069970954 -0.012017042415179771 -0.011167729997565825
leaf_weight=2005.4726431504241 53.948094410734484 8.9095173841342312 101.79612596781226 1009.8743295255117 18.529700578539632 142.93293478709529 511.91600792761892 46.826001356821507 57.389502587495372 200.66302016121335 47.458708356425632 31.917762394761667 741.53029587096535 83.913025092915632 26.589797400985844 514.15366782411002 61.290360555634834 55.111270092718769 3.2515990214887998 9.4421791539643873 289.25669874623418 2.1075218179030335 11.302456578239797 45.98316164733842 26.697204175929073 24.152973312884569 58.600882334634662 58.092024210491218 28.058408150100149 68.81327431218233
leaf_count=904098 16439 247 21150 1956 1394 53308 1957 5121 1379 9850 7278 2177 1895 1202 1325 2906 1526 4672 282 593 3271 18 544 204 12445 4924 179 1029 3251 7430
internal_value=0 0.031167 -0.0496729 0.0354368 0.00241208 -0.0240347 0.0306571 -0.00738512 0.0165602 -0.000768009 -0.0423628 -0.00639351 0.0343003 0.0454497 -0.012464 0.0303193 -0.00311268 -0.0183916 0.0258381 -0.0225573 0.0236719 -0.054508 -0.0255884 0.0329015 -0.0546248 -0.032388 0.0394054 0.0215008 0.0080812 0.00458596
internal_weight=0 3899.35 2446.63 3395.2 504.158 388.196 2298.16 381.553 471.957 327.605 190.392 197.804 1826.2 1097.04 165.887 1026.07 125.311 64.0208 87.1646 111.238 346.646 2058.43 58.1285 122.605 2056.32 50.8502 800.131 76.6217 54.6482 269.476
internal_count=1074050 63483 1010567 21472 42011 89082 18032 39384 11095 22945 60586 28496 6937 3440 26319 4863 6445 4919 1484 21743 4650 921485 5665 2627 921467 17369 2074 2423 4576 17280
is_linear=0
shrinkage=0.05


Tree=20
num_leaves=31
num_cat=0
split_feature=0 0 0 42 83 0 98 83 42 168 83 77 168 0 167 70 70 141 82 117 99 83 152 156 43 72 81 82 42 136
split_gain=3696.44 194.898 105.72 69.3119 59.5496 45.5314 44.905 33.2146 30.7587 27.9392 21.975 18.6553 17.1862 15.1579 15.72 15.1062 17.5442 15.6378 14.7266 14.36 13.2188 12.544 12.0545 11.4668 11.3374 10.9646 10.5219 10.0211 9.99153 9.62494
threshold=0.17215690376152604 0.53809039466125175 0.030380062479932603 1.0000000180025095e-35 0.56680450000000004 0.94875966535953815 4.2916666666650007 0.54744950000000003 19.500000000000004 11.500000000000002 0.58730450000000012 8.5000000000000018 20.500000000000004 0.94875966535953815 2.5000000000000004 106.50000000000001 98.500000000000014 82.500000000000014 608.50000000000011 0.083296000000000023 0.093045000000000003 0.59716050000000009 0.064067000000000013 1.3666666666650003 21.500000000000004 3.5000000000000004 0.066898000000000013 562.50000000000011 2.5000000000000004 1.5000000000000002
decision_type=2 2 2 2 2 2 2 2 2 2 2 2 2 2 2 2 2 2 2 2 2 2 2 2 2 2 2 2 2 2
left_child=2 4 26 5 -2 9 27 23 12 20 -8 13 19 14 21 16 17 29 -18 -6 -3 -9 -13 -5 -17 -16 -1 -4 -29 -11
right_child=1 3 6 7 8 -7 10 11 -10 15 -12 22 -14 -15 25 24 18 -19 -20 -21 -22 -23 -24 -25 -26 -27 -28 28 -30 -31
leaf_value=-0.054158979493798269 -0.03613362423844 -0.028288709164101124 -0.045161723079603755 -0.048587779777599538 -0.025185076936058495 0.033845740334041169 -0.048942191126632915 -0.01718058593893073 0.0375776470554606 0.01829745566557333 -0.016475754720045949 0.0027931099102276838 0.010499995398050854 0.048936341312841455 0.038649646307642949 0.033846947656452721 -0.047932349011750509 -0.027435912203750745 0.016602636204134828 0.021542445258430638 0.016138576675524707 0.036575787981622511 0.03680076988291768 0.013110764718962995 -0.014197943035297656 0.058014285714186688 0.058006486266160784 -0.0040005999488792014 0.031728426069839874 0.050898726020257225
leaf_weight=1985.1969437929802 96.737864339695079 45.829485936439596 11.55923144466942 11.531672023120334 80.609759209270123 1013.9833636472467 150.7347219203366 21.681752080563456 71.113514525233768 350.96503856952768 79.665128234250005 46.453887708019465 165.41072247584816 712.40057876426727 718.26589828799479 215.07219525019173 19.333018988138065 17.899516607518308 16.287415358470753 20.654622652800754 26.380512214498594 21.726831571664661 59.347936376929283 21.70458825561218 13.022405672469175 81.381664254702628 2.093026991467922 91.349696521880105 24.901102062314749 24.200715315062553
leaf_count=921469 24018 3062 3320 1933 9450 2740 57022 1169 897 5417 12366 726 6897 1057 2747 2174 911 1332 222 728 552 176 260 839 263 99 16 11095 969 124
internal_value=0 0.0300057 -0.049534 0.0339941 -0.00154562 0.0269936 -0.024531 0.0411949 0.0083599 0.0174627 -0.0377163 0.042185 0.000568482 0.0435669 0.0390297 0.0207084 0.0151771 0.0182221 -0.0184238 -0.0156542 -0.0120581 0.00972551 0.0218692 -0.0082962 0.031104 0.0406204 -0.0540408 -0.000762191 0.00365261 0.0204005
internal_weight=0 3871.99 2345.5 3437.47 434.526 1742.97 358.21 1694.49 337.789 728.99 230.4 1661.26 266.675 1555.46 843.056 656.78 428.686 393.065 35.6204 101.264 72.21 43.4086 105.802 33.2363 228.095 799.648 1987.29 127.81 116.251 375.166
internal_count=1074050 67793 1006257 25803 41990 16797 84772 9006 17972 14057 69388 6234 17075 5248 4191 10443 8006 6873 1133 10178 3614 1345 986 2772 2437 2846 921485 15384 12064 5541
is_linear=0
shrinkage=0.05


Tree=21
num_leaves=31
num_cat=0
split_feature=0 0 0 167 42 172 83 42 0 173 156 82 77 98 131 95 42 0 100 83 164 170 47 0 83 82 42 83 0 102
split_gain=3482.42 189.34 105.661 76.8461 54.9104 43.3059 38.5781 35.9383 29.2939 22.8972 20.9043 17.8327 15.4213 14.957 14.6168 14.4053 12.23 11.3104 10.8195 11.5952 10.5039 10.4582 10.1483 10.0854 15.8193 10.0577 9.89716 9.83501 9.69824 9.29578
threshold=0.17215690376152604 0.68981449621504665 0.030380062479932603 4.5000000000000009 5.5000000000000009 0.099774500000000002 0.54336150000000016 38.500000000000007 0.94875966535953815 0.21672950000000005 2.9000000000000004 618.50000000000011 6.5000000000000009 4.2916666666650007 123.50000000000001 1.5939485000000002 18.500000000000004 0.94875966535953815 1.0000000180025095e-35 0.58000700000000005 9.1000000000000014 0.73597050000000008 1316.5000000000002 0.0088049481694041625 0.62032850000000017 580.50000000000011 1.0000000180025095e-35 0.53524550000000015 0.07939372682956107 0.19278150000000002
decision_type=2 2 2 2 2 2 2 2 2 2 2 2 2 2 2 2 2 2 2 2 2 2 2 2 2 2 2 2 2 2
left_child=2 3 23 6 8 10 -2 12 9 27 -4 14 21 22 16 -11 -8 18 -6 -20 -15 26 -7 -1 -25 -14 -5 -3 -12 -10
right_child=1 4 5 7 17 13 11 -9 29 15 28 -13 25 20 -16 -17 -18 -19 19 -21 -22 -23 -24 24 -26 -27 -28 -29 -30 -31
leaf_value=-0.054766464118582041 -0.052450597038502467 -0.04931229740462012 -0.051896470441428422 -0.041748250465057944 0.040216188786759276 -0.0068403776244202619 -0.012364168363581649 0.049311335813484611 0.035484168059918296 0.020175995762843336 -0.046753891216041989 0.018470020881531966 -0.03680022050032429 -0.004000942103282076 -0.041233100235683766 0.035077868758596226 0.018985657258250098 0.049370521701719544 -0.067544601799091705 0.023992202032134067 -0.037721337709902839 0.02570322991047241 0.025728701767819242 -0.047406448048013639 0.0009610594529633475 0.0043235377259259883 0.021950796775576965 0.0088452433207674621 0.029534748433878152 0.014572213332114154
leaf_weight=1736.4558692497085 49.321512678143336 7.6048927041701964 128.23388536713901 12.066591320093723 511.63309347361792 78.353177283890545 149.30453524645418 88.950068786507472 1217.3287865654565 367.61566377128474 6.2059848704375353 64.92021232843399 19.398020338034257 39.321823999867775 34.490156287094578 290.19309271499515 39.298011106147896 493.6788884580601 4.5924579169368398 14.024691229220478 55.961426088120788 152.4212991205859 34.42674711951986 164.78518810594687 18.837673563102726 63.666026098886505 12.328065066714769 164.81635171314701 12.673146735876797 55.567590351216495
leaf_count=836838 16156 1232 49356 1480 1794 9542 13867 394 3187 4160 1988 1986 2613 6912 6533 1463 1320 697 284 84 13485 3484 2211 80415 4232 2661 390 3817 1278 191
internal_value=0 0.0292096 -0.0489539 0.00542479 0.0344286 -0.0239014 -0.0115907 0.0218795 0.0298055 0.0224988 -0.0446646 -0.0045935 0.0124903 -0.00922063 -0.011305 0.02675 -0.00583199 0.0439243 0.0388538 0.001412 -0.0238055 0.0208385 0.00310153 -0.0535881 -0.0424445 -0.00528013 -0.00955735 0.00628012 0.004457 0.0345713
internal_weight=0 3813.22 2275.25 686.164 3127.06 355.176 337.334 348.83 2103.13 830.23 147.113 288.013 259.88 208.063 223.093 657.809 188.603 1023.93 530.25 18.6171 95.2833 176.816 112.78 1920.08 183.623 83.064 24.3947 172.421 18.8791 1272.9
internal_count=1074050 67793 1006257 50884 16909 84772 39862 11022 14050 10672 52622 23706 10628 32150 21720 5623 15187 2859 2162 368 20397 5354 11753 921485 84647 5274 1870 5049 3266 3378
is_linear=0
shrinkage=0.05


Tree=22
num_leaves=31
num_cat=0
split_feature=0 0 0 42 83 172 0 56 83 84 101 156 91 82 149 170 83 66 2 129 34 156 165 158 168 129 117 182 82 160
split_gain=3269.48 190.56 93.6455 69.7832 57.4215 53.9315 52.1027 28.0321 22.0735 20.8475 19.9018 19.2386 18.1413 15.331 14.8974 14.0877 13.49 13.0001 13.0406 12.3618 11.9695 11.7991 11.5387 11.3557 10.8624 10.5263 10.148 10.027 11.2925 9.81614
threshold=0.15548050853772452 0.53809039466125175 0.012339227772512141 2.5000000000000004 0.56680450000000004 0.098312000000000024 0.86620967868038068 1.0000000180025095e-35 0.55341550000000017 8.5000000000000018 0.030463500000000001 1.2916666666650001 17.500000000000004 622.50000000000011 2.5000000000000004 2.1664360000000005 0.5414135000000001 0.086694000000000007 667258.50000000012 7.5000000000000009 3646.0000000000005 3.4500000000000006 1.0000000180025095e-35 1.4500000000000002 43.500000000000007 4.5000000000000009 0.08230750000000002 0.061064500000000008 658.50000000000011 0.039353000000000006
decision_type=2 2 2 2 2 2 2 2 2 2 2 2 2 2 2 2 2 2 2 2 2 2 2 2 2 2 2 2 2 2
left_child=2 4 -1 6 -2 21 9 12 11 16 13 -5 26 14 -7 -8 -3 18 24 -18 -12 -4 -11 -20 -10 -25 -6 -15 -29 -22
right_child=1 3 5 8 7 10 15 -9 17 22 20 -13 -14 27 -16 -17 19 -19 23 -21 29 -23 -24 25 -26 -27 -28 28 -30 -31
leaf_value=-0.054142807467579435 -0.035565968560295237 -0.056368137678683122 -0.049614272992865721 -0.055914686317803088 -0.024127940341903336 -0.036223598080382169 0.027217564549108255 0.033913620922951242 0.036837297032521248 -0.014943319249516938 -0.052596047732835584 0.024543016720376062 0.010019711175441273 0.035936010812448092 0.0094305626917355924 0.03691968331252711 0.0078722131772934901 0.054785572202646897 -0.033404666541926441 -0.030324911120638516 0.032952554767734454 0.02515555344183534 0.021912003623238793 0.03333221276239285 0.047961122385934085 -0.025810925972899159 0.014052461125964462 -0.042518254391462909 0.025370679710957317 -0.0087848962449283245
leaf_weight=1722.2392354652111 100.98358217687928 11.137691220035775 199.42300702372449 9.7577942578354833 85.210474359075306 120.05514276449685 997.72150394204073 76.814267883833963 406.4186012231512 22.921474225702696 6.8005040177376932 31.142640759819187 167.50617707509082 16.154130795155652 20.993121873412747 598.64625095203519 114.40623274596874 188.00232513900846 7.3802800627890965 25.994443715550005 37.763116509013344 5.4197581273037931 289.02621019305661 139.7145059753675 477.08017170685343 7.9514438323676577 21.870636168168858 14.841408377978953 10.430072880582882 22.4694427450886
leaf_count=862486 26513 2515 84899 1512 10248 37869 4871 1472 1904 917 2034 719 7047 871 2660 1595 3933 210 76 1447 2946 618 4640 531 883 50 902 3300 424 3958
internal_value=0 0.0281114 -0.0488159 0.0322511 -0.00233602 -0.028624 0.0265711 0.00721339 0.0414821 0.011813 -0.0130154 0.00534787 -0.000255851 -0.0215743 -0.0294286 0.0308559 -0.00340151 0.0426871 0.0404969 0.000800217 0.0102833 -0.047636 0.0192039 0.0271224 0.042844 0.0301475 -0.0163298 0.00516836 -0.0144991 0.0173826
internal_weight=0 3779.69 2176.59 3327.3 452.385 454.35 2059.85 351.402 1267.45 463.486 249.507 40.9004 274.587 182.474 141.048 1596.37 151.538 1226.55 1038.55 140.401 67.0331 204.843 311.948 155.046 883.499 147.666 107.081 41.4256 25.2715 60.2326
internal_count=1074050 71985 1002065 25803 46182 139579 19918 19669 5885 13452 54062 2231 18197 45124 40529 6466 7895 3654 3444 5380 8938 85517 5557 657 2787 581 11150 4595 3724 6904
is_linear=0
shrinkage=0.05


Tree=23
num_leaves=31
num_cat=0
split_feature=0 0 0 173 56 42 172 83 95 115 98 42 42 181 158 2 138 53 159 79 72 156 157 47 82 161 107 82 0 152
split_gain=3084.22 186.222 92.8387 91.7526 60.9782 54.5386 38.6478 34.7239 19.4383 18.5238 15.6166 15.7226 14.7617 14.7319 14.5054 14.1987 16.4647 13.5114 12.8276 12.624 12.3178 12.1968 11.8409 11.4237 11.3447 11.8202 10.774 10.7396 11.0745 10.0346
threshold=0.15548050853772452 0.7740980979447657 0.030380062479932603 0.21062300000000003 1.0000000180025095e-35 1.0000000180025095e-35 0.099774500000000002 0.5425715000000001 1.4421790000000001 0.041374500000000008 7.083333333335001 412.50000000000006 2.5000000000000004 0.43140300000000004 2.4500000000000006 2826.5000000000005 0.033014000000000009 1.5000000000000002 0.451131 8.5000000000000018 1.0000000180025095e-35 2.9000000000000004 5.708333333335001 817.50000000000011 682.50000000000011 0.054939333333350007 15.500000000000002 633.50000000000011 0.0019437620776660012 0.027510500000000004
decision_type=2 2 2 2 2 2 2 2 2 2 2 2 2 2 2 2 2 2 2 2 2 2 2 2 2 2 2 2 2 2
left_child=2 3 27 7 8 9 21 -2 19 -3 -7 29 14 17 18 -11 22 23 -8 -5 -15 -4 24 -9 25 -17 -20 -1 -29 -12
right_child=1 5 6 4 -6 10 12 13 -10 15 11 -13 -14 20 -16 16 -18 -19 26 -21 -22 -23 -24 -25 -26 -27 -28 28 -30 -31
leaf_value=-0.053447358010556834 -0.049245304418140221 0.011502962150073709 -0.050462411263005637 0.003022631177722143 0.043111460253598903 0.043429696307964061 -0.036562821695807012 -0.00086729007909704852 0.020786315381048172 0.037085934824747098 0.0011120231572379852 0.051819060447943766 0.019877232701573534 -0.024783730486247223 0.014182359635361522 -0.018347631195763506 0.042597175134682683 -0.055049402060392376 0.0061706372187027752 -0.035439916158048833 0.010024845960084405 -0.0030600725487806863 0.025784166778316964 -0.049390864301734283 -0.058456337896025723 0.020201354375892724 -0.057324261515209668 -0.053522399184208203 -0.0041634062408373957 0.028848835192207087
leaf_weight=1738.67592189266 57.673140876751859 167.91590672230814 113.75494822682231 213.2180048035807 184.62964559881948 1120.7565292231739 75.893056555389194 57.152353261830285 185.50289179908577 393.53806106140837 47.088464488391764 53.439377198461443 35.073502120911144 31.772015255992301 31.801426118472591 24.843631958588958 124.97374471649528 23.132506117457524 41.98969441949157 23.705218885443173 127.0392430323991 15.408316101471426 661.23361400980502 15.397143589681944 5.8987304195761672 99.640905275009573 7.9450856621260746 22.714389819768257 22.74151083995821 106.03786814166233
leaf_count=904116 18777 2144 46988 10037 813 2466 18977 5184 3684 1380 1183 132 3054 3117 2603 423 402 4774 4294 2444 7111 3100 3118 3438 30 836 1564 12445 4924 492
internal_value=0 0.0273449 -0.0483612 0.00781362 0.0191415 0.0337446 -0.023645 -0.0142151 0.00866492 0.0271381 0.0411013 0.0284685 -0.00946029 -0.00627662 -0.0159881 0.0291421 0.0257314 -0.021775 -0.0236133 -0.000825717 0.00306099 -0.0448076 0.0230687 -0.0111654 0.00929752 0.0125081 -0.00393199 -0.0528201 -0.0288282 0.0203194
internal_weight=0 3724.59 2106 919.222 607.056 2805.37 321.866 312.166 422.426 1478.04 1327.32 206.566 192.703 254.493 157.629 1310.13 916.591 95.682 125.828 236.923 158.811 129.163 791.617 72.5495 130.383 124.485 49.9348 1784.13 45.4559 153.126
internal_count=1074050 71985 1002065 59379 16978 12606 80580 42401 16165 8333 4273 1807 30492 23624 27438 6189 4809 13396 24835 12481 10228 50088 4407 8622 1289 1259 5858 921485 17369 1675
is_linear=0
shrinkage=0.05


Tree=24
num_leaves=31
num_cat=0
split_feature=0 0 59 42 83 0 74 169 115 167 0 77 2 138 114 82 42 175 117 167 102 168 42 70 170 125 82 98 99 138
split_gain=2910.69 226.42 83.3552 76.1577 64.3891 42.1757 24.2309 21.4078 19.8721 16.4706 14.3941 14.477 13.6277 13.4777 13.0508 17.1742 12.9693 14.341 12.2894 11.8762 11.8115 11.6996 11.2836 11.1662 11.089 10.9404 10.9352 10.7104 10.4763 11.9705
threshold=0.37969951586789719 0.030380062479932603 7.5000000000000009 1.0000000180025095e-35 0.57387650000000012 0.7740980979447657 2077.3333333350006 6.5000000000000009 0.072542000000000009 2.5000000000000004 0.86620967868038068 6.5000000000000009 2826.5000000000005 0.033014000000000009 2.5000000000000004 579.50000000000011 764.50000000000011 4.5000000000000009 0.09122050000000001 2.5000000000000004 0.10989700000000001 11.500000000000002 147.50000000000003 18.500000000000004 2.0501815000000003 0.052374500000000004 659.50000000000011 12.100000000000001 0.039998000000000006 0.080432000000000017
decision_type=2 2 2 2 2 2 2 2 2 2 2 2 2 2 2 2 2 2 2 2 2 2 2 2 2 2 2 2 2 2
left_child=1 -1 3 5 9 14 16 18 10 -3 11 19 21 -14 15 -2 17 -4 26 -5 -13 -7 -10 27 -25 -9 28 -19 -6 -30
right_child=2 4 6 8 7 12 -8 25 22 -11 -12 20 13 -15 -16 -17 -18 23 -20 -21 -22 -23 -24 24 -26 -27 -28 -29 29 -31
leaf_value=-0.052457611468329238 -0.034287167953796542 -0.051144918639295024 0.021106162548556642 -0.036651708749584427 0.022540934101073176 -0.018200859321387864 -0.055550602890571843 0.025293337302391378 0.04003315862058273 -0.023807284799486572 0.037807168050674217 -0.054530855802076394 0.021792843656567328 0.038720235948772497 0.02401704423385 0.005300786528177317 0.046796982174069385 0.021400491130625497 0.020725719083377468 0.028245923304157202 0.016690801963183399 0.036442284725595554 0.051320865458492806 -0.0053135682887229816 0.03982488715186322 -0.0011768317879756105 0.038446824136689817 -0.045791797987357774 -0.027276201307707661 0.037792370718733106
leaf_weight=1719.6364051693527 34.026046338432934 114.51164971434628 69.220869151875377 7.4430892867967477 12.79181072959909 10.042869149241595 17.277938424434979 66.975516242382582 816.76788148016203 106.18931774041266 251.52179002389312 11.264767329907047 827.28584347688593 137.0760503821075 63.761639290489256 140.60336886812001 17.833030355162919 7.5749531820183611 22.302297910675406 133.32773724978324 12.046690301038323 398.16775924176909 303.73035939596593 92.943762543029152 15.939799806452355 93.57172493863618 8.0618307538097707 27.322153227287345 160.1187401759671 7.3946281903190529
leaf_count=921485 3606 47952 2213 375 995 162 4431 2877 2432 26579 774 700 4943 446 1480 4177 283 181 946 1469 189 1326 452 5162 252 7357 170 3181 27200 255
internal_value=0 -0.0432767 0.0294642 0.031664 -0.0166042 0.0240688 0.00156233 -0.00388865 0.0396294 -0.0379915 0.0302915 0.0187708 0.0274404 0.0241989 0.00465629 -0.00241281 0.00583723 0.00240797 -0.0143706 0.0248145 -0.0177256 0.0350979 0.0430929 -0.00659397 0.00129439 0.00986573 -0.018526 -0.0312067 -0.0210733 -0.0244038
internal_weight=0 2311.55 3395.18 3147.07 591.918 1610.96 248.113 371.217 1536.1 220.701 415.604 164.082 1372.57 964.362 238.391 174.629 230.835 213.002 210.669 140.771 23.3115 408.211 1120.5 143.781 108.884 160.547 188.367 34.8971 180.305 167.513
internal_count=1074050 1035816 38234 22531 114331 16140 15703 39800 6391 74531 3507 2733 6877 5389 9263 7783 11272 10989 29566 1844 889 1488 2884 8776 5414 10234 28620 3362 28450 27455
is_linear=0
shrinkage=0.05


Tree=25
num_leaves=31
num_cat=0
split_feature=0 0 0 42 173 98 0 66 177 83 42 83 42 98 95 42 102 170 168 83 168 129 157 48 83 156 171 82 34 83
split_gain=2753.06 172.861 89.1929 65.2169 49.3244 48.1501 44.8176 32.122 31.6921 24.5705 20.5471 15.2798 14.5718 19.2647 14.2716 13.5546 13.2331 12.7318 12.6998 10.6503 10.5239 10.4518 10.9451 10.091 11.2337 10.0903 9.76566 9.0998 8.84933 8.73859
threshold=0.15548050853772452 0.60678019017954943 0.012339227772512141 6.5000000000000009 0.16734850000000004 69.125000000000014 0.94875966535953815 0.030666000000000002 2.6333333333350004 0.5677525000000001 6.5000000000000009 0.53855800000000009 402.50000000000006 7.083333333335001 1.5939485000000002 1.0000000180025095e-35 0.10867900000000001 0.38286550000000008 43.500000000000007 0.57048050000000006 34.500000000000007 5.5000000000000009 3.5500000000000003 1.0000000180025095e-35 0.56930650000000005 2.2916666666650003 0.12068550000000001 575.50000000000011 647.50000000000011 0.58104250000000002
decision_type=2 2 2 2 2 2 2 2 2 2 2 2 2 2 2 2 2 2 2 2 2 2 2 2 2 2 2 2 2 2
left_child=2 5 -1 6 26 7 8 11 9 16 17 -2 13 -5 21 18 -3 -6 27 25 -16 -10 -23 24 -19 -15 -4 -13 -17 -7
right_child=1 3 4 12 10 29 -8 -9 14 -11 -12 15 -14 19 20 28 -18 23 -20 -21 -22 22 -24 -25 -26 -27 -28 -29 -30 -31
leaf_value=-0.053143224001895611 -0.05700339815182677 -0.0080434021839805789 -0.048021699457630768 0.04028101812625709 -0.053765284501562038 -0.047016886489997314 0.031934161108886902 0.042748253438240964 0.029565573383380478 0.012833697011107726 0.026314639846805255 -0.036108392707340863 0.050653934305240456 -0.045583408368426573 -0.0085271214688189059 -0.057734504275850286 -0.059920024163108349 -0.056117094558441508 0.010506451491961791 0.023518165460030899 0.037284802915252067 -0.058248631495370608 0.011711958001330141 0.014584490801845887 -0.013724332427219111 0.041057828999165734 0.03469294148462445 -0.0064732858950369721 0.018094525529989594 -0.011630889635200814
leaf_weight=1541.7540611010045 10.964750534825724 60.518605880555697 185.52639727533096 597.14522323594429 22.048719378479291 55.334893367020413 1201.1902057118714 52.656098379520699 105.74865323072299 344.9750259257853 30.162708897696575 32.473000541504007 290.46001897053793 12.127744303550573 13.282305629923938 3.9661244748276649 15.426579693274105 17.555622641637456 96.194620606431272 59.64498962671496 223.11952200625092 5.8231820545624933 139.91133090853691 27.159062848542817 142.26205730924266 4.6484528640285125 3.6384068720508358 128.04125319834566 128.64430845397874 25.480991933203768
leaf_count=862486 3911 2777 87137 1336 8763 18076 3413 317 951 5326 2551 6022 619 1044 126 836 2075 7263 4293 398 1123 272 1969 3651 29822 43 392 8737 5858 2463
internal_value=0 0.0259578 -0.0475355 0.0305184 -0.027352 -0.000307385 0.0255957 0.00603606 0.017218 0.00716565 -0.0122634 0.00120668 0.0412928 0.037256 0.0258907 0.00284611 -0.018581 -0.0178303 -0.00385936 0.0136189 0.0347108 0.0175994 0.00891651 -0.0135927 -0.0183811 -0.0215763 -0.0464308 -0.0124686 0.0158266 -0.0358598
internal_weight=0 3607.78 1970.11 3074.02 428.353 533.756 2110 452.94 908.805 420.92 239.188 400.284 964.026 673.566 487.885 389.319 75.9452 209.025 256.709 76.4212 236.402 251.483 145.735 186.977 159.818 16.7762 189.165 160.514 132.61 80.8159
internal_count=1074050 71985 1002065 21472 139579 50513 18032 29974 14619 10178 52050 29657 3440 2821 4441 25746 4852 49499 19052 1485 1249 3192 2241 40736 37085 1087 87529 14759 6694 20539
is_linear=0
shrinkage=0.05


Tree=26
num_leaves=31
num_cat=0
split_feature=0 0 42 0 0 83 98 169 173 83 92 181 82 101 0 0 99 115 152 118 138 0 42 74 47 152 129 126 87 82
split_gain=2593.86 193.209 74.5624 64.7722 57.5377 46.9289 41.0064 25.3101 18.4711 17.371 16.8042 14.5656 14.5586 12.9289 12.4082 12.0146 11.3208 13.3617 12.1856 10.8005 10.5666 10.3601 10.2906 9.22751 9.21925 8.89497 8.85218 9.23174 10.2057 8.77933
threshold=0.11665055024126079 0.48090646582193369 6.5000000000000009 0.012339227772512141 0.86620967868038068 0.56713550000000013 5.708333333335001 7.5000000000000009 0.20735400000000001 0.53855800000000009 0.87500000000000011 1.5046475000000001 631.50000000000011 0.030463500000000001 0.043984350660107828 0.7740980979447657 0.038825500000000006 0.061994000000000007 0.081164000000000014 0.055959500000000009 0.033014000000000009 0.94875966535953815 402.50000000000006 380.12500000000006 1122.5000000000002 0.05863150000000001 7.5000000000000009 0.039410000000000008 241.50000000000003 604.50000000000011
decision_type=2 2 2 2 2 2 2 2 2 2 2 2 2 2 2 2 2 2 2 2 2 2 2 2 2 2 2 2 2 2
left_child=3 5 4 -1 7 25 13 9 15 -3 16 21 -8 14 -5 -4 -7 18 -18 -19 -9 26 -10 -23 -15 -2 -6 28 -28 -16
right_child=1 2 8 6 11 10 12 20 22 -11 -12 -13 -14 24 29 -17 17 19 -20 -21 -22 23 -24 -25 -26 -27 27 -29 -30 -31
leaf_value=-0.052840267632745956 -0.040388267947536832 -0.055948802563137216 -4.2413051038871441e-05 -0.042926066747797129 0.021458461619116503 0.023134298164036296 -0.04675276294707071 0.016033939719422494 0.03940294374517786 0.0025939715615309875 0.054921900445529762 0.033730246234858721 0.0018503192653517395 -0.0057504907824219471 -0.020303864382195624 0.032368083048267632 -0.024532698489892559 0.042655306438677369 0.020721408849815905 0.00074475576128195137 0.040748271526714376 0.028148241035311355 0.051313653288484411 -0.022809024153491633 0.040072790478879232 0.021815727096718439 -0.035346485630890316 0.017860549485854613 0.026423048665991468 0.017183873064345451
leaf_weight=1482.5070682527148 95.330997497861972 13.253079397254622 38.217312564491294 34.802205589483492 176.09511900832877 44.719974764215294 201.59357719036052 194.12540123751387 574.78468087944202 288.59863787208451 14.502028416376559 724.49143179156817 16.682520632282831 26.202385951502947 41.096048276463989 113.55880200059619 93.19007694357424 17.301709477091208 17.701029569550883 137.84143982667592 55.646351512521505 662.1106488709338 264.92998934583738 9.0049007311463338 18.889533713896526 6.1157807499403125 24.433760715648532 36.531116256956011 9.2067295447923225 25.191570432041772
leaf_count=862486 31066 3671 2333 15480 1611 1729 94924 3528 1380 10505 35 2135 2039 4387 7926 799 11184 270 714 8771 338 2144 384 76 1001 581 438 443 90 1582
internal_value=0 0.0246476 0.0288805 -0.0481977 0.0237371 -0.00694754 -0.029313 0.0097661 0.0402594 2.35968e-05 0.00231294 0.0284309 -0.0430381 -0.0088189 -0.0187501 0.0242071 -0.000142172 -0.00405491 -0.017309 0.00541866 0.02154 0.0242458 0.0431608 0.0274645 0.0134454 -0.0366383 0.0154744 0.00045728 -0.0184414 -0.00605724
internal_weight=0 3611.69 3184.99 1846.96 2193.5 426.703 364.458 551.623 991.491 301.852 325.256 1641.87 218.276 146.182 101.09 151.776 310.754 266.034 110.891 155.143 249.772 917.382 839.715 671.116 45.0919 101.447 246.267 70.1716 33.6405 66.2876
internal_count=1074050 84225 29875 989825 24979 54350 127339 18042 4896 14176 22703 6937 96963 30376 24988 3132 22668 20939 11898 9041 3866 4802 1764 2220 5388 31647 2582 971 528 9508
is_linear=0
shrinkage=0.05


Tree=27
num_leaves=31
num_cat=0
split_feature=0 0 42 0 83 98 0 42 83 95 42 170 83 114 77 125 91 65 82 42 70 72 95 115 70 98 169 83 168 129
split_gain=2443.98 185.111 65.6367 65.0353 53.2027 39.2474 30.6097 27.2561 26.5668 21.5877 19.5575 20.6997 19.1284 14.2832 13.6283 13.6476 12.953 11.1356 10.5861 9.9597 9.3714 11.0366 9.35218 9.33716 9.3142 9.00555 10.6185 9.431 8.96997 9.00827
threshold=0.11665055024126079 0.60678019017954943 1.0000000180025095e-35 0.012339227772512141 0.56680450000000004 4.2916666666650007 0.94875966535953815 16.500000000000004 0.54744950000000003 0.75316150000000015 402.50000000000006 0.86594900000000008 0.58688250000000008 1.5000000000000002 7.5000000000000009 0.076434000000000016 49.500000000000007 100.50000000000001 682.50000000000011 13.500000000000002 106.50000000000001 1.0000000180025095e-35 0.87225400000000008 0.088099500000000011 98.500000000000014 2.9166666666650003 7.5000000000000009 0.5710805000000001 10.500000000000002 8.5000000000000018
decision_type=2 2 2 2 2 2 2 2 2 2 2 2 2 2 2 2 2 2 2 2 2 2 2 2 2 2 2 2 2 2
left_child=3 4 6 -1 13 19 9 16 -4 28 11 14 -7 -2 -10 -16 -6 20 -8 22 21 24 -5 -9 -11 -13 27 -27 -3 -30
right_child=1 2 8 5 7 12 18 23 10 17 -12 25 -14 -15 15 -17 -18 -19 -20 -21 -22 -23 -24 -25 -26 26 -28 -29 29 -31
leaf_value=-0.0525818805176545 -0.039329745973027262 -0.0185267097296264 -0.011591068483531888 -0.029112313860056277 -0.0051403402734409194 -0.049819348107085 0.028662900124126603 0.014071177607799887 0.025626186849965468 0.0035760863826034273 0.049323102860244022 0.043677563339865916 -0.01932531611754594 0.001168775295378198 -0.055744628918526801 0.022784267923445709 0.016893142154962144 -0.063457060870380541 -0.0031673482881400187 0.030891941528301395 0.029459492969503082 0.020619636174769446 0.0018532640300785157 0.047088523863884298 -0.05631741058861478 -0.026239524398250641 0.039451159558164153 0.02637169798784518 0.011434196829752837 -0.021112781262717931
leaf_weight=1424.7689657198498 99.531695628043963 49.632913918874692 27.892729051294737 41.504753720626468 277.34941608255031 164.89900838134054 888.6678761318326 40.653359850170091 226.07200649171136 61.096658417372964 287.05924473656341 412.68066155258566 74.734018065355485 27.867121052928269 10.788908720365727 11.356454715831203 87.824902797641698 3.9885617229156187 26.91245205514133 16.590562917786883 173.73739409446716 191.25970950967167 59.109070773731219 45.242440948728472 7.2628577651921651 8.9947209150996041 278.32578859757632 160.73900420684367 126.33170887397137 25.561481400975026
leaf_count=862486 32516 2311 2029 12607 22618 85545 2649 1203 1818 1012 511 860 19331 3352 355 106 2837 544 91 954 1356 2026 8902 227 270 233 749 795 2768 989
internal_value=0 0.0239434 0.0289704 -0.0478011 -0.00193887 -0.0287124 0.0218663 0.00611969 0.0367257 0.0134668 0.0376911 0.0346801 -0.0403092 -0.0304711 0.0219593 -0.0154739 0.000158741 0.0197059 0.0277273 -0.00500186 0.0204713 0.0144564 -0.0109205 0.0314618 -0.0027873 0.0383485 0.0334402 0.0235837 -7.29778e-05 0.005957
internal_weight=0 3556.83 2978.36 1781.61 578.469 356.837 1554.45 451.07 1423.91 638.871 1396.02 1108.96 239.633 127.399 248.217 22.1454 365.174 437.345 915.58 117.204 433.357 259.619 100.614 85.8958 68.3595 860.74 448.06 169.734 201.526 151.893
internal_count=1074050 84225 21472 989825 62753 127339 14016 26885 7456 11276 5427 4916 104876 35868 2279 461 25455 5208 2740 22463 4664 3308 21509 1430 1282 2637 1777 1028 6068 3757
is_linear=0
shrinkage=0.05


Tree=28
num_leaves=31
num_cat=0
split_feature=0 0 42 0 83 98 0 66 169 0 170 95 83 83 83 72 70 156 96 47 82 42 47 39 42 164 168 183 181 77
split_gain=2306.51 180.376 67.8824 65.5131 48.94 37.5577 36.9154 26.4944 19.3056 14.7208 14.5958 13.8332 13.5388 13.5107 13.4756 13.0079 13.5715 13.9289 12.8123 12.5869 12.0095 12.9728 12.9108 11.0767 9.69351 9.65205 12.1624 10.6307 9.17522 9.00229
threshold=0.11665055024126079 0.60678019017954943 5.5000000000000009 0.012339227772512141 0.56680450000000004 5.708333333335001 0.86620967868038068 0.029202500000000003 7.5000000000000009 0.94875966535953815 0.79307250000000018 0.84649150000000006 0.58688250000000008 0.57480350000000013 0.53855800000000009 1.0000000180025095e-35 108.50000000000001 3.4500000000000006 0.0090165000000000019 1316.5000000000002 562.50000000000011 4.5000000000000009 1131.5000000000002 15.500000000000002 44.500000000000007 15.708333333350001 72.500000000000014 0.053080000000000009 0.81911950000000011 9.5000000000000018
decision_type=2 2 2 2 2 2 2 2 2 2 2 2 2 2 2 2 2 2 2 2 2 2 2 2 2 2 2 2 2 2
left_child=3 4 6 -1 14 20 8 15 13 10 19 25 -7 18 -2 16 17 -6 -3 -4 -5 22 -22 -13 -16 26 27 -8 -27 -17
right_child=1 2 9 5 7 12 11 -9 -10 -11 -12 23 -14 -15 24 29 -18 -19 -20 -21 21 -23 -24 -25 -26 28 -28 -29 -30 -31
leaf_value=-0.052330308095660007 -0.052533664703701348 0.0077177552516283533 0.023721984192441922 -0.049710868837860779 -0.035071071558987602 -0.050073158110606746 0.034104513464417022 0.040816898343075662 0.021253864644232623 0.046565025457364628 0.038432641093244888 0.030318422771081155 -0.021985957356368682 0.0067852108484775485 -0.026389028381331649 0.0081578037823977299 0.022720434152599219 0.061499369137959572 -0.042380869091771516 -0.032134707746870057 -0.024750559009824702 0.031703772144020557 0.010797570581825303 -0.018482328330971864 0.017288282316368329 0.010899866001663186 -0.057228756850415591 0.01630947550989623 -0.068365978085702148 -0.021073740663621478
leaf_weight=1370.5620709050854 43.237073727766983 21.431137563136872 107.55727554659825 15.776306917279724 55.399617182265501 145.53829975154076 170.47153163189068 47.206826862879097 202.40228573477361 408.97857320937328 403.22042197629344 1074.4292067075148 60.839946540247183 170.85293489159085 66.609461326443125 296.68867576922639 16.480199240031652 4.0038134530186644 31.54859259451041 11.129362275474703 64.430125781334937 21.756024599220837 42.319128412811551 11.755011975532396 15.696584786259335 141.67026435397565 4.5195664782077065 165.31718901847489 3.7473341589793554 28.904367029346758
leaf_count=862486 18417 1003 805 7055 6208 80118 756 259 2611 697 1304 3546 16845 3826 15459 16813 661 24 3500 867 16128 1146 6047 179 1992 1123 22 1207 26 2920
internal_value=0 0.0232867 0.0283102 -0.0473962 -0.00233707 -0.0281111 0.0231147 0.00538417 0.0100636 0.0394622 0.0338962 0.0266537 -0.0417931 -5.5324e-05 -0.0299323 0.00121788 -0.0174248 -0.0285622 -0.0221152 0.0184842 -0.00854055 -0.00348616 -0.010658 0.0297903 -0.0180593 0.0196395 0.0242469 0.0253436 0.00885723 0.00556279
internal_weight=0 3503.26 2929.03 1721.22 574.227 350.66 1998.15 448.683 426.235 930.886 521.907 1571.91 206.378 223.833 125.543 401.477 75.8836 59.4034 52.9797 118.687 144.282 128.505 106.749 1086.18 82.306 485.726 340.308 335.789 145.418 325.593
internal_count=1074050 84225 21472 989825 62753 127339 17799 26885 10940 3673 2976 6859 96963 8329 35868 26626 6893 6232 4503 1672 30376 23321 22175 3725 17451 3134 1985 1963 1149 19733
is_linear=0
shrinkage=0.05


Tree=29
num_leaves=31
num_cat=0
split_feature=0 0 0 83 42 42 83 42 169 137 168 173 156 2 143 141 129 77 83 34 95 141 83 171 170 99 171 176 181 34
split_gain=2172.66 179.07 81.1266 63.7101 63.1094 48.7841 39.8207 22.305 22.1189 21.8867 19.1334 17.3611 15.8938 13.4892 13.4261 14.6177 12.2454 11.5547 11.003 10.9549 9.88759 9.62505 9.55182 9.34821 9.1508 9.06704 8.98025 8.90597 8.86923 8.82611
threshold=0.33581906297173442 0.012339227772512141 0.86620967868038068 0.57387650000000012 38.500000000000007 1.0000000180025095e-35 0.56680450000000004 1.0000000180025095e-35 7.5000000000000009 0.023390500000000005 24.500000000000004 0.30835600000000002 1.2916666666650001 21926.000000000004 0.18333333333350002 55.500000000000007 9.5000000000000018 5.5000000000000009 0.5414135000000001 3321.0000000000005 0.71484950000000014 40.500000000000007 0.58104250000000002 0.15430700000000003 0.43961650000000002 0.065316500000000013 0.12308250000000001 1.5000000000000002 0.40073100000000006 288053.50000000006
decision_type=2 2 2 2 2 2 2 2 2 2 2 2 2 2 2 2 2 2 2 2 2 2 2 2 2 2 2 2 2 2
left_child=1 -1 4 9 6 13 12 10 22 -3 -5 21 -2 20 15 -15 24 -10 -14 -9 28 23 -8 -6 -7 -25 -11 -21 -4 -19
right_child=2 3 5 7 11 16 8 19 17 26 -12 -13 18 14 -16 -17 -18 29 -20 27 -22 -23 -24 25 -26 -27 -28 -29 -30 -31
leaf_value=-0.052170597490475958 -0.042737647920512267 -0.043840536790363704 0.030825199427121711 -0.027405908794815789 0.03281766962173107 0.020180660900822031 -0.014151802296570499 -0.039796205553069917 0.031109228270233172 0.02719526026643769 -0.00073039035147490911 0.04840989653984408 -0.048531414951141556 0.01577566967786212 0.033576278327435288 -0.040019675635728613 0.015928633119888715 0.021941234642365463 0.0034442104430903991 0.0059809341101535567 0.031924202227321001 -0.012268782230519096 0.0069852811010790248 -0.080455992068007326 0.041627665329004804 0.033719565655777807 -0.046411864318141913 0.037574466480006119 0.0045534879180462486 -0.0037709999448932194
leaf_weight=1317.1890456444671 46.74258036914398 225.51713292585919 58.949043672531843 133.79931917207432 79.624439105158672 52.716537905856967 66.228097205981612 8.8262263774668082 152.96470857143868 16.337726131721869 135.09160202664498 129.97917042835616 12.254427384294102 418.32469314709306 112.98839407414198 12.077709390316157 54.01718957349658 79.254790642648004 60.222903434420004 56.366422934093862 527.55983826238662 17.960411304578884 276.98910990683362 3.7477910919114938 879.49118564883247 3.2438838267698884 5.551790381781756 36.914558076590765 70.600688084959984 57.655356993200257
leaf_count=862486 9009 106041 399 33365 703 430 3910 2078 1406 2090 15647 287 3141 2267 393 228 421 1201 3383 6800 1762 1577 8167 44 1928 18 1618 1353 473 1425
internal_value=0 -0.0417502 0.0254637 -0.0195548 0.0135638 0.0308341 0.00650365 -0.00644921 0.0114956 -0.0392073 -0.014004 0.0362083 -0.0200048 0.0240652 0.0182368 0.01421 0.0390737 0.021665 -0.0053438 0.0134459 0.0288849 0.0210428 0.00290661 0.0279502 0.0404148 -0.0274827 0.00852645 0.0184836 0.0165079 0.0111133
internal_weight=0 1935.59 3173.59 618.405 986.868 2186.73 752.312 370.998 633.092 247.407 268.891 234.556 119.22 1200.5 543.391 430.402 986.225 289.875 72.4773 102.107 657.11 104.577 343.217 86.6161 932.208 6.99167 21.8895 93.281 129.55 136.91
internal_count=1074050 1031478 42572 168992 34271 8301 31642 59243 16109 109749 49012 2629 15533 5522 2888 2495 2779 4032 6524 10231 2634 2342 12077 765 2358 62 3708 8153 872 2626
is_linear=0
shrinkage=0.05


Tree=30
num_leaves=31
num_cat=0
split_feature=0 0 42 0 0 141 83 173 95 83 82 144 141 72 129 42 98 83 138 38 113 99 77 70 83 137 47 152 47 149
split_gain=2055.26 166.376 71.537 70.3128 51.0716 36.6341 33.2682 26.8255 24.2242 16.9834 16.3069 15.7965 13.7724 13.5979 12.8988 12.0234 11.8645 11.4956 10.455 10.2772 9.92928 10.5249 8.87236 8.83601 8.81563 8.75946 8.26683 7.94658 7.9206 7.68972
threshold=0.11665055024126079 0.48090646582193369 2.5000000000000004 0.012339227772512141 0.94875966535953815 24.500000000000004 0.56713550000000013 0.19342600000000001 0.72513300000000014 0.54931550000000018 575.50000000000011 1.0000000180025095e-35 394.50000000000006 3.5000000000000004 7.5000000000000009 4.5000000000000009 7.083333333335001 0.58688250000000008 0.023543000000000005 1.0000000180025095e-35 1.5000000000000002 0.038825500000000006 7.5000000000000009 100.50000000000001 0.58382850000000019 0.033014000000000009 3102.5000000000005 0.05863150000000001 692.50000000000011 2.5000000000000004
decision_type=2 2 2 2 2 2 2 2 2 2 2 2 2 2 2 2 2 2 2 2 2 2 2 2 2 2 2 2 2 2
left_child=3 6 4 -1 8 10 27 12 18 -10 25 -8 14 16 -4 29 -9 -7 26 28 21 -13 -11 -22 -23 -5 -3 -2 -18 -12
right_child=1 2 7 5 -6 17 11 13 9 22 15 20 -14 -15 -16 -17 19 -19 -20 -21 23 24 -24 -25 -26 -27 -28 -29 -30 -31
leaf_value=-0.051966819229249783 -0.037610992213742374 -0.0031540280279856742 0.022882265373267888 -0.044032556072605242 0.027800776619865533 -0.050796873421912331 0.053480885878560515 0.039368861832152553 -0.035114985882330238 0.021917286532887253 -0.012736123439658293 0.023818155065685423 -0.056051848248948002 0.055676502928322526 -0.051404321904519851 0.035768578593670219 -0.01104342903309735 -0.022384094373393157 0.024039006638145604 0.060012660399430776 -0.0027844169613776282 -0.03882767595464931 0.007135942038046854 0.021903170675142934 -0.0089489220111266116 0.010581396064444689 -0.059018054221346976 0.021585459593344004 0.023582652804005906 0.026190142163000987
leaf_weight=1267.7354572231416 88.301488572906237 232.02574952901341 132.31755076465197 40.031895010994049 1029.1923529680353 122.59050157215097 13.238394515123217 739.58686653990299 15.190216305607462 433.81948516564444 84.105683301109821 18.472930663556326 6.289099048532079 113.32653044862673 6.1134356284746891 19.852721537230536 22.914203479420394 50.167995388823329 36.338182888226584 14.179205138236282 95.395231941685779 33.038406572159147 132.53490005107597 58.452532675408293 97.662712953228038 8.9908689171134011 6.8169504100806071 6.0582603904185808 59.143087329110131 14.941006539767839
leaf_count=862486 31066 8589 2357 18474 3212 72569 35 1888 2204 4670 18738 798 1473 137 319 940 171 14195 684 17 6334 5477 2018 1971 8088 1350 1627 581 509 1073
internal_value=0 0.0220822 0.0261939 -0.0465475 0.0202937 -0.0263811 -0.00775522 0.0363662 0.0112754 0.0170589 -0.00975059 1.86155e-05 0.0163139 0.0394236 0.0196016 0.000254251 0.03722 -0.042546 -0.000947032 0.0207056 -0.00231704 -0.0115086 0.0184582 0.00659532 -0.0165016 -0.0340163 -0.00474848 -0.0338104 0.0139134 -0.00686417
internal_weight=0 3390.41 2979.79 1608.42 1885.92 340.681 410.62 1093.87 856.725 581.545 167.922 316.26 144.72 949.15 138.431 118.899 835.823 172.758 275.181 96.2365 303.022 149.174 566.354 153.848 130.701 49.0228 238.843 94.3597 82.0573 99.0467
internal_count=1074050 84225 29875 989825 23004 127339 54350 6871 19792 8892 40575 22703 4149 2722 2676 20751 2585 86764 10900 697 22668 14363 6688 8305 13565 19824 10216 31647 680 19811
is_linear=0
shrinkage=0.05


Tree=31
num_leaves=31
num_cat=0
split_feature=0 0 173 0 42 56 98 83 83 100 0 91 95 91 164 147 42 79 77 74 70 70 98 152 47 137 166 77 70 138
split_gain=1938.18 160.894 74.0218 69.8555 51.3596 48.708 38.7259 26.4725 20.8 15.964 15.0815 13.7526 13.4113 12.3882 12.3192 12.1881 12.1638 12.6491 11.6811 10.83 10.5743 11.0547 10.3573 11.4061 10.0787 10.0547 9.7383 9.16459 8.6071 10.4981
threshold=0.11665055024126079 0.7740980979447657 0.21436950000000002 0.0088049481694041625 1.0000000180025095e-35 1.0000000180025095e-35 4.7750000000000012 0.53855800000000009 0.58688250000000008 1.0000000180025095e-35 0.94875966535953815 12.500000000000002 1.4421790000000001 12.500000000000002 9.6333333333350009 1.5000000000000002 1993.0000000000002 6.5000000000000009 3.5000000000000004 946.25000000000011 100.50000000000001 99.500000000000014 4.2916666666650007 0.062361500000000007 959.50000000000011 0.030706000000000001 0.49285714285700005 7.5000000000000009 115.50000000000001 0.049833000000000009
decision_type=2 2 2 2 2 2 2 2 2 2 2 2 2 2 2 2 2 2 2 2 2 2 2 2 2 2 2 2 2 2
left_child=3 2 7 -1 10 12 15 -2 -8 16 22 -11 27 -9 -7 24 17 26 19 -15 21 -14 -3 -24 -5 -26 -6 -4 29 -12
right_child=1 4 5 6 9 14 8 13 -10 11 28 -13 20 18 -16 -17 -18 -19 -20 -21 -22 -23 23 -25 25 -27 -28 -29 -30 -31
leaf_value=-0.05216663671523241 -0.049959761897801401 0.02066377866525082 0.0035497155139645044 -0.031113214568683753 -0.019116981502026689 0.048634150118856211 -0.049432042026979151 -0.024195210590901271 -0.017446517129455805 -0.034180056464055711 0.019854713537266408 0.023547248486419453 0.0084670724111531679 0.0094398191837921294 0.020492764985778109 0.018249027406511475 0.052851101734077838 0.016573704837841641 -0.025531499848518636 -0.040994269407783827 0.027320924100621674 -0.055040448664865183 -0.0054903920851279327 0.018610375879880389 -0.015317930482393433 0.033340525305413642 0.03820225673700315 -0.017997096264858011 0.032584281319566449 0.043891336383977513
leaf_weight=1178.7829273635143 48.32802860737138 263.47207056218758 174.61443359716213 49.176781918285997 7.4779722094535819 97.003403393551707 162.92807220364921 96.604095106478781 73.872681891865795 11.818100819014942 531.64499138202518 81.238139916909859 78.349443039507605 124.03522860936937 64.91376970364945 37.748378564356244 119.3165600085631 77.667945496272296 40.348121625516796 11.643571010354206 91.837203428556677 7.509034691436681 107.40455103066051 90.423721644096076 31.260218782583252 16.077014545400743 816.07866585324518 68.792238810972776 279.60831728531048 49.66978831961751
leaf_count=836838 20325 2362 8607 16241 43 314 100101 16459 22203 344 1802 457 2117 8105 536 4869 187 1065 5162 2199 1656 516 2397 834 8431 1142 2177 5623 820 118
internal_value=0 0.0214444 0.0034298 -0.0462109 0.0281299 0.0140456 -0.027291 -0.0158538 -0.0394538 0.0360412 0.0214669 0.0162159 0.00508413 -0.00980796 0.0373521 -0.00583933 0.0378489 0.0358627 -0.00191219 0.00511171 0.0155275 0.00291281 0.0141718 0.00552563 -0.0152607 0.00120781 0.0376818 -0.0025399 0.0253757 0.0219085
internal_weight=0 3339.8 903.979 1549.85 2435.82 583.02 371.063 320.959 236.801 1113.6 1322.22 93.0562 421.102 272.631 161.917 134.262 1020.54 901.225 176.027 135.679 177.696 85.8585 461.3 197.828 96.514 47.3372 823.557 243.407 860.923 581.315
internal_count=1074050 84225 71619 989825 12606 19369 152987 52250 122304 4273 8333 801 18519 31925 850 30683 3472 3285 15466 10304 4289 2633 5593 3231 25814 9573 2220 14230 2740 1920
is_linear=0
shrinkage=0.05


Tree=32
num_leaves=31
num_cat=0
split_feature=0 0 0 42 42 83 83 0 95 83 173 169 83 167 70 95 47 86 133 110 149 128 177 2 42 96 137 116 34 110
split_gain=1834.55 156.463 69.2488 54.5181 52.6934 40.6002 37.1472 31.9713 26.284 22.7449 20.1192 17.3968 17.628 15.4326 14.6217 13.7285 12.5341 11.5784 11.3551 11.0089 9.88011 9.76377 9.76167 9.74841 9.62413 9.21947 9.13154 8.75649 8.70039 8.74155
threshold=0.11665055024126079 0.68981449621504665 0.0088049481694041625 13.500000000000002 40.500000000000007 0.56713550000000013 0.55406350000000015 0.94875966535953815 0.67681900000000017 0.57048050000000006 0.11106100000000001 9.5000000000000018 0.60515800000000008 8.5000000000000018 41.500000000000007 0.95778900000000011 1404.5000000000002 0.072493000000000016 0.69047619047650011 17.500000000000004 1.5000000000000002 0.066462500000000022 3.2250000000000005 72.500000000000014 1.0000000180025095e-35 0.028017500000000004 0.014476500000000002 0.059312000000000011 8.9884656743000007e+307 9.5000000000000018
decision_type=2 2 2 2 2 2 2 2 2 2 2 2 2 2 2 2 2 2 2 2 2 2 2 2 2 2 2 2 2 2
left_child=2 4 -1 7 5 26 -4 9 19 13 -6 12 25 -3 -10 -11 -9 18 -5 -8 -16 -15 -12 27 -14 -7 -2 -18 -25 -30
right_child=1 3 6 17 10 11 8 16 14 15 22 -13 24 21 20 -17 23 -19 -20 -21 -22 -23 -24 28 -26 -27 -28 -29 29 -31
leaf_value=-0.051973420626951511 -0.03708903443539073 -0.015769053772088266 -0.052440163425449986 0.032325008668068179 -0.041046767907493162 -0.003941046660345577 -0.011940330416675901 0.024257371913377842 0.025507364522376293 0.0092065238753229594 0.02334818132070856 0.020690823448798613 0.00035365656301946605 0.036085953748398118 -0.023675101646563744 0.023719355458852204 -0.024543800008998209 0.052288425328550707 0.05228386825494457 -0.044622045090784934 0.0075249958291115498 -0.072060221753233122 0.053600754224209159 0.0398129972052483 0.027114727179421278 -0.024874809759804356 0.0087959779944785359 0.04862624893446385 0.059196496269433491 -0.0048901562460715968
leaf_weight=1133.5233860117733 106.49951221811352 88.815310281526763 102.24109791099909 410.85177521518199 9.1104145187855448 111.46436901815468 37.762881241054856 786.44398468639702 35.314902578989859 261.38669607194606 62.274765437061433 85.856240459601395 117.27539996278938 25.17961797025055 65.555951727365027 432.7061784719117 12.190626379568132 135.21800957992673 86.216160720214248 81.120712542266119 41.397241817379836 2.275685009546577 46.631653780117631 314.15720588620752 47.085363928927109 99.587363814731361 12.071872188476844 6.152485776692628 7.0731946267187622 21.479573206976056
leaf_count=836838 32715 4092 64370 1672 3583 7561 11812 2548 4967 4057 1707 2094 6239 152 20485 2964 68 170 147 44601 6752 84 100 835 927 11156 1234 17 14 89
internal_value=0 0.0208896 -0.0458844 0.0265511 -0.000123412 -0.00632185 -0.0268909 0.0224287 -0.0168883 0.0148256 0.0303308 0.000386142 -0.00425751 -0.00564106 -0.00238802 0.018254 0.0277981 0.0393158 0.0357869 -0.0342408 -0.0115988 0.0271221 0.0363018 0.0355105 0.00802005 -0.0138189 -0.0324174 -1.74403e-06 0.0374113 0.0109856
internal_weight=0 3288 1496.92 2590.15 697.857 579.84 363.393 1957.86 261.152 810.363 118.017 461.269 375.412 116.271 142.268 694.093 1147.5 632.286 497.068 118.884 106.953 27.4553 108.906 361.053 164.361 211.052 118.571 18.3431 342.71 28.5528
internal_count=1074050 84225 989825 16909 67316 61926 152987 14920 88617 11349 5390 27977 25883 4328 32204 7021 3571 1989 1819 56413 27237 236 1807 1023 7166 18717 33949 85 938 103
is_linear=0
shrinkage=0.05


Tree=33
num_leaves=31
num_cat=0
split_feature=0 0 0 42 167 42 83 83 0 59 95 138 0 70 98 70 70 173 82 131 77 129 155 110 101 82 53 98 138 129
split_gain=1741.58 151.69 67.5777 54.0129 49.5426 32.7567 32.1198 26.9572 24.6026 22.3257 20.0134 14.542 15.554 13.2035 12.8951 12.4231 12.1078 11.8031 11.0703 11.4684 10.9026 10.8751 9.60862 9.50589 9.10403 8.93643 8.93253 8.78442 8.61995 8.59386
threshold=0.11665055024126079 0.68981449621504665 0.012339227772512141 1.0000000180025095e-35 4.5000000000000009 38.500000000000007 0.55406350000000015 0.5425715000000001 0.94875966535953815 7.5000000000000009 0.67681900000000017 0.061428500000000004 0.94875966535953815 106.50000000000001 22.100000000000005 55.500000000000007 98.500000000000014 0.15840050000000003 618.50000000000011 140.50000000000003 6.5000000000000009 5.5000000000000009 0.63333333333350017 17.500000000000004 0.039101000000000004 689.50000000000011 1.5000000000000002 4.7750000000000012 0.049539500000000007 8.5000000000000018
decision_type=2 2 2 2 2 2 2 2 2 2 2 2 2 2 2 2 2 2 2 2 2 2 2 2 2 2 2 2 2 2
left_child=2 4 -1 8 7 20 -4 -2 13 11 23 12 17 14 16 21 24 -5 19 29 -6 -12 -18 -8 -3 -10 -11 -15 -19 -9
right_child=1 3 6 9 5 -7 10 18 25 26 15 -13 -14 27 -16 -17 22 28 -20 -21 -22 -23 -24 -25 -26 -27 -28 -29 -30 -31
leaf_value=-0.051389551777897974 -0.049939304196210052 0.0073907288274865802 -0.051806792144276165 -0.0089225676036824592 0.011964632016013027 0.041824232649275685 -0.011112755750843455 -0.0052334429376159888 0.025442532208028619 0.018044274412815642 0.032295155940314547 0.047204590161831504 0.03906410665622443 0.029963397697221363 -0.026543140285944358 -0.014030904960899574 -0.058619581630728335 0.029323531198120336 0.01047292006309597 -0.040311895963826332 -0.0094646637824022453 -0.024795964334186182 0.0024208513005337571 -0.043021170150837534 0.031356879824619099 -0.0095810696052196585 -0.023126587170301055 0.0057078661468625384 -0.0078227754555200962 -0.037885537012674567
leaf_weight=1124.862568822442 44.706578536512097 259.81913912517484 84.669045033922885 22.986883064266294 177.20922838430852 76.93601536587812 35.207779009462683 184.20286636269884 812.37835290189832 37.55591781710973 34.062953842163552 213.21339113172144 465.63138943351805 117.91910130577162 28.930890266899951 86.817648293246748 11.493980728322642 401.46822917251848 62.118017705972306 33.571475671837106 89.247195091593312 11.046448325330855 14.683013649657367 69.25217716996849 46.756713497452438 18.630721002817154 20.293371586187277 54.616924329922767 16.24970967322588 22.626765288412571
leaf_count=862486 21110 3918 54030 486 6953 491 9858 16994 2671 862 3400 373 1063 887 1589 20581 490 1758 2515 8599 6880 2767 216 36703 354 69 1146 926 101 3774
internal_value=0 0.0203991 -0.0456147 0.0260433 -0.000381241 0.0130851 -0.0253818 -0.013699 0.0192757 0.0338906 -0.0159168 0.0354557 0.0326918 0.0109042 0.0054751 -0.0029711 0.00825889 0.025959 -0.00834332 -0.0132053 0.00478708 0.0183146 -0.0243812 -0.0322666 0.0110459 0.0246573 0.00360165 0.0222852 0.0278785 -0.00880552
internal_weight=0 3233.25 1445.92 2542.63 690.618 343.392 321.056 347.226 1365.23 1177.4 236.387 1119.55 906.336 534.22 361.684 131.927 332.753 440.705 302.519 240.401 266.456 45.1094 26.177 104.46 306.576 831.009 57.8493 172.536 417.718 206.83
internal_count=1074050 84225 989825 16909 67316 14324 127339 52992 11120 5789 73309 3781 3408 8380 6567 26748 4978 2345 31882 29367 13833 6167 706 46561 4272 2740 2008 1813 1859 20768
is_linear=0
shrinkage=0.05


Tree=34
num_leaves=31
num_cat=0
split_feature=0 0 86 0 42 83 83 181 170 0 42 170 95 156 141 72 83 167 83 96 169 83 42 86 182 172 47 56 34 42
split_gain=1640.53 143.928 67.0743 66.6997 47.828 40.1437 30.7594 27.8543 17.8748 17.5053 15.2966 13.3936 13.1922 12.7697 12.4375 11.7987 10.6759 10.4912 11.4579 17.041 9.99154 12.1658 9.7544 9.07868 8.85467 8.57141 8.36969 8.85161 7.96083 7.91478
threshold=0.11665055024126079 0.7740980979447657 0.019188000000000004 0.012339227772512141 2.5000000000000004 0.53855800000000009 0.55406350000000015 0.65717850000000011 0.72798000000000007 0.94875966535953815 2.5000000000000004 1.0967200000000001 1.5520470000000002 1.2250000000000003 152.50000000000003 2.5000000000000004 0.58611250000000015 6.5000000000000009 0.57418350000000007 0.018835000000000005 9.5000000000000018 0.59951250000000011 13.500000000000002 0.090133000000000005 0.091563000000000019 0.054627500000000002 1437.5000000000002 1.0000000180025095e-35 4095.0000000000005 856.00000000000011
decision_type=2 2 2 2 2 2 2 2 2 2 2 2 2 2 2 2 2 2 2 2 2 2 2 2 2 2 2 2 2 2
left_child=3 2 5 -1 9 -2 -5 14 24 12 20 15 -3 23 -7 17 -12 18 19 28 21 -9 -10 -4 29 -14 27 -11 -6 -8
right_child=1 4 13 6 11 7 8 10 22 26 16 -13 25 -15 -16 -17 -18 -19 -20 -21 -22 -23 -24 -25 -26 -27 -28 -29 -30 -31
leaf_value=-0.051207232303163652 -0.048699913881125996 0.0074246434871059405 -0.015544071610439913 -0.051522213625253326 -0.057653563086163817 -0.0085810636900696437 -0.041135268727332953 -0.014700869650645793 -0.0094900620680800889 0.020984176779310977 0.0013297606038906208 0.040826771998494632 -0.059177531030481789 0.046823894073888192 -0.041279955113645364 0.043865222436967916 0.033645354841302419 0.035632286327159021 0.021127210963216583 -0.065682718461829701 0.017877868602944515 0.007329216413537086 0.032379034591966581 0.059293573880226894 0.020884959317444773 0.024562075892205625 0.032377642231795699 0.049566827285637757 0.023378055807168042 0.047316964896258557
leaf_weight=1077.3034124441474 44.783844653269625 320.35896750737447 15.740256002871321 81.069796633979422 3.5879286786075708 236.85446533953655 77.91330903772905 113.92300941506983 129.46231764745608 661.8180830758065 37.663847343123052 532.08418419200461 3.0999355039675711 90.794027993804775 33.151147566619329 74.990225102868862 79.51160300016636 71.151086458005011 85.20001115091145 10.632845941174308 78.065969382121693 139.29121903248597 15.585514823949778 5.4576172046363345 6.8668195280770297 214.82950207323302 281.99578191619366 28.242689330130816 19.527817007503472 2.6139206452062345
leaf_count=862486 20407 5043 361 54030 128 22669 41095 9360 29572 2293 2128 1257 232 260 8466 236 1004 178 417 405 1949 5003 1235 12 1023 1350 848 71 148 384
internal_value=0 0.0197956 0.00253122 -0.0453004 0.0263439 -0.00277087 -0.025003 9.20303e-05 -0.0157538 0.0211142 0.00773111 0.0362522 0.0138806 0.0386659 -0.0125958 0.0270702 0.0232581 0.020445 0.0113605 -0.0132962 0.00223914 -0.00258229 -0.00499119 0.00372367 -0.0336166 0.0233709 0.0251199 0.022154 0.0108007 -0.0382641
internal_weight=0 3182.76 875.237 1390.82 2307.52 763.245 313.512 718.461 232.442 1510.34 448.456 797.174 538.288 111.992 270.006 265.09 117.175 190.1 118.949 33.7486 331.28 253.214 145.048 21.1979 87.394 217.929 972.057 690.061 23.1157 80.5272
internal_count=1074050 84225 71619 989825 12606 70986 127339 50579 73309 9837 19444 2769 6625 633 31135 1512 3132 1276 1098 681 16312 14363 30807 373 42502 1582 3212 2364 276 41479
is_linear=0
shrinkage=0.05


Tree=35
num_leaves=31
num_cat=0
split_feature=0 0 42 0 83 170 173 173 42 48 170 156 77 72 126 82 94 170 172 181 136 156 74 101 91 120 173 100 116 102
split_gain=1551.11 170.602 75.1986 60.0931 48.8446 25.2258 24.343 21.2925 17.6204 14.8158 14.7782 13.9188 13.3972 12.8308 12.3695 11.9359 11.2655 11.1663 11.0747 10.1941 10.1635 9.48092 9.45194 9.3048 9.28844 8.49153 8.38984 8.07571 8.29806 8.00377
threshold=0.37969951586789719 0.012339227772512141 6.5000000000000009 0.86620967868038068 0.54296050000000007 0.48845450000000007 0.21808450000000004 0.20735400000000001 55.500000000000007 1.0000000180025095e-35 1.9376475000000002 1.2916666666650001 7.5000000000000009 3.5000000000000004 0.038014000000000006 595.50000000000011 1.5000000000000002 0.33037400000000006 0.070201000000000013 0.089352000000000015 1.5000000000000002 1.5500000000000003 6.083333333335001 0.068816000000000002 12.500000000000002 1.0000000180025095e-35 0.29449800000000004 1.0000000180025095e-35 0.034493000000000003 0.18803900000000004
decision_type=2 2 2 2 2 2 2 2 2 2 2 2 2 2 2 2 2 2 2 2 2 2 2 2 2 2 2 2 2 2
left_child=1 -1 3 6 -3 16 -2 11 9 21 17 15 -8 22 -11 -4 -6 19 -12 -5 -19 -7 -9 25 -23 -24 -14 -27 -29 -20
right_child=2 4 7 10 5 8 12 13 -10 14 18 -13 26 -15 -16 -17 -18 20 29 -21 -22 24 23 -25 -26 27 -28 28 -30 -31
leaf_value=-0.051024448042110551 -0.011684374931267583 -0.052550221894562904 -0.016890358965495327 0.054476614350167624 0.021870019621315531 -0.021086859784409554 0.015592359277249453 0.040514960393830436 0.029787049555084891 0.026559174185599652 -0.038015747405959449 0.028657696814338409 -0.030418267268121153 0.055164891135240882 -0.049859173765624563 0.044704809652872053 -0.035950623055082558 0.018304078164209543 0.031091515876067094 -0.027642543096515534 0.048958379909974155 -0.036964106926024663 -0.0054406070986128471 0.047884054454663108 0.00079156659495843772 0.029381711802297535 0.0030790553448269186 0.02210083437111892 -0.082772565662618119 0.0098741371146306902
leaf_weight=1034.7018905063596 180.61317885067547 85.969387782810372 38.769646514876513 4.5617808178067234 9.0974831928906479 165.2279170233378 302.77957832987886 381.22597202216275 32.060055824214942 42.150354396959301 6.164679550100117 92.295420254537021 25.552216903015506 99.70588286081329 6.0562272683309848 9.866643928922711 113.80958604894113 769.61073297122493 541.48668115725741 22.029845790471882 28.024215327575803 18.544818834488979 24.015791674610227 44.095166592625901 133.97082508201129 139.26312990975566 69.63257393729873 4.3597620059736064 3.3244848693720996 48.422650317661464
leaf_count=862486 16017 55456 2841 23 1449 35631 5581 942 1733 4347 86 1481 1411 140 1417 115 50450 4394 1746 430 82 4763 128 96 18084 536 1914 34 61 176
internal_value=0 -0.0386799 0.022391 0.0171225 -0.0176332 -0.0118707 0.00353945 0.0349741 -0.00575636 -0.00887023 0.0226558 0.0172511 0.0104487 0.0385629 0.0169587 -0.0043948 -0.0316708 0.0183185 0.0286532 -0.013555 0.0193811 -0.0127889 0.0357868 0.0274054 -0.00379926 0.0221235 -0.00591325 0.0266284 -0.0232712 0.0293499
internal_weight=0 1641.59 2835.8 1998.88 606.887 520.917 578.578 836.922 398.01 365.95 1420.3 140.932 397.964 695.99 48.2066 48.6363 122.907 824.227 596.074 26.5916 797.635 317.744 596.284 215.058 152.516 170.963 95.1848 146.947 7.68425 589.909
internal_count=1074050 1035816 38234 31860 173330 117874 24923 6374 65975 64242 6937 4437 8906 1937 5764 2956 51899 4929 2008 453 4476 58478 1797 855 22847 759 3325 631 95 1922
is_linear=0
shrinkage=0.05


Tree=36
num_leaves=31
num_cat=0
split_feature=0 0 0 86 42 83 172 72 95 98 181 70 2 164 83 3 0 3 167 95 42 62 104 156 126 72 99 83 42 98
split_gain=1464.98 130.23 64.7921 63.9341 48.5512 36.9001 32.9169 21.1597 16.5637 14.7651 13.9534 13.1124 12.7172 12.6814 12.5508 13.2812 12.5375 12.0348 14.0501 11.901 13.3063 9.83027 10.2211 9.62794 9.52939 9.41468 12.1266 10.8497 9.14811 13.6593
threshold=0.11665055024126079 0.7740980979447657 0.0088049481694041625 0.019188000000000004 3.5000000000000004 0.56680450000000004 0.098312000000000024 1.0000000180025095e-35 0.75316150000000015 2.0833333333350006 1.4043205000000001 119.50000000000001 2826.5000000000005 9.9000000000000021 0.53855800000000009 0.0067470000000000004 0.94875966535953815 0.0017535000000000003 8.5000000000000018 0.85877850000000011 2.5000000000000004 7.5000000000000009 0.58335850000000011 3.8750000000000004 0.037418500000000007 1.5000000000000002 0.057157000000000006 0.59134650000000011 412.50000000000006 5.3666666666650009
decision_type=2 2 2 2 2 2 2 2 2 2 2 2 2 2 2 2 2 2 2 2 2 2 2 2 2 2 2 2 2 2
left_child=2 3 -1 5 8 14 -4 11 9 -3 25 23 -10 -5 -2 -16 28 -11 -19 20 -8 22 -14 -7 -21 -9 -27 -28 29 -6
right_child=1 4 6 13 16 7 19 10 12 17 -12 -13 21 -15 15 -17 -18 18 -20 24 -22 -23 -24 -25 -26 26 27 -29 -30 -31
leaf_value=-0.051282963827218135 -0.048128792976615396 0.035147170367540906 -0.044165964305220386 0.050590843635768969 0.029610396723367273 -0.031041732622164989 -0.034087967015462607 -0.0050488567625178466 0.031225328612893399 -0.055123140670647497 0.017946725653559082 0.017863942385350596 0.017180931878822796 0.014507766898131056 0.0080988643188199642 -0.028544479464602125 0.042061474852686208 0.0041805299309220561 0.028933692982765699 0.012122591071810317 0.014670652052767075 0.029794791443272451 -0.040596815486611822 0.051559838250964052 -0.019516336634764982 0.028683884360742196 -0.054975177371421748 0.0076280892086182635 0.041606384249792981 0.0001614771835546721
leaf_weight=959.9002129675282 42.373891676892526 57.324146045604721 139.7901726916316 70.516746142180637 192.14734673965722 77.258918837615056 76.249188546775258 223.72839231422404 341.65575613081455 7.4327310682274392 179.32493271218846 20.084475733805448 566.1779444720014 37.193017897021491 37.421526260062819 72.898476683723857 376.33233351237141 285.01850947475759 71.76033801259473 60.587274523830274 17.137397741753375 179.90124545386061 7.7594148702919474 3.696530864108353 39.195443740492919 55.394989468797576 9.3345869676559214 26.766318623558618 99.229968917090446 49.524865198356565
leaf_count=836838 20407 325 93520 152 644 7245 35536 15884 1301 100 4217 683 3275 481 3286 16105 802 3762 410 9985 3429 886 42 29 10517 1150 1138 842 267 792
internal_value=0 0.0186971 -0.0446906 0.00211416 0.0250503 -0.0030702 -0.0256854 0.00255176 0.0199823 0.0115598 0.0068116 -0.0182984 0.0232232 0.0381311 -0.0249989 -0.0161147 0.0357697 0.00784737 0.00915923 -0.0123117 -0.0251403 0.0195965 0.0163998 -0.02727 -0.000305431 0.000477045 0.0139891 -0.0085592 0.028824 0.0235756
internal_weight=0 3090.26 1292.86 855.993 2234.26 748.283 332.959 595.589 1517.03 421.536 494.549 101.04 1095.49 107.71 152.694 110.32 717.235 364.212 356.779 193.169 93.3866 753.839 573.937 80.9554 99.7827 315.224 91.4959 36.1009 340.902 241.672
internal_count=1074050 84225 989825 71619 12606 70986 152987 31188 10101 4597 23231 7957 5504 633 39798 19391 2505 4272 4172 59467 38965 4203 3317 7274 20502 19014 3130 1980 1703 1436
is_linear=0
shrinkage=0.05


Tree=37
num_leaves=31
num_cat=0
split_feature=0 0 0 42 0 138 98 177 83 83 83 170 95 92 0 110 91 66 147 68 116 82 99 82 47 137 70 74 170 72
split_gain=1382.32 125.637 64.4012 57.5645 38.0617 35.1349 31.5617 24.0415 21.7535 17.6777 15.8641 14.9935 11.2305 10.9785 10.8588 10.5053 10.4622 9.52091 9.03646 8.9802 8.56967 8.44928 15.9609 8.4485 8.35103 8.57487 8.32083 8.35399 8.27 8.18083
threshold=0.11665055024126079 0.60678019017954943 0.0088049481694041625 6.5000000000000009 0.94875966535953815 0.029091500000000003 4.7750000000000012 2.6333333333350004 0.53855800000000009 0.58688250000000008 0.5677525000000001 0.77380800000000016 1.5939485000000002 0.58333333333350013 0.86620967868038068 157.50000000000003 28.500000000000004 0.10265650000000001 1.5000000000000002 32.500000000000007 0.026547000000000005 575.50000000000011 0.038825500000000006 544.50000000000011 959.50000000000011 0.030706000000000001 121.50000000000001 6.708333333335001 3.9830965000000007 1.5000000000000002
decision_type=2 2 2 2 2 2 2 2 2 2 2 2 2 2 2 2 2 2 2 2 2 2 2 2 2 2 2 2 2 2
left_child=2 5 -1 4 7 8 18 10 -2 -8 23 14 -9 19 15 20 -14 26 24 -7 -5 22 -10 -3 -4 -26 27 -13 -6 -16
right_child=1 3 6 11 28 13 9 12 21 -11 -12 17 16 -15 29 -17 -18 -19 -20 -21 -22 -23 -24 -25 25 -27 -28 -29 -30 -31
leaf_value=-0.051137922745415704 -0.049926487150866068 0.025714287539237102 -0.02925375132616866 0.027792121717632963 0.022514656105795894 -0.032262642241382623 -0.047975790070446778 0.010137082360526586 -0.00016393182534008173 -0.016511540567700295 0.0054712429754703428 0.036632090711728418 -0.018437117222758759 0.05260585145448389 -0.032721180358761849 -0.048781196951101204 0.029525982236297255 0.053414024015830577 0.015755040617971047 0.018684407174745905 -0.023125209200800842 -0.0028567066091447352 -0.039390247343608568 -0.027289414572977396 -0.014767415179138866 0.031367760942678451 0.043534586933768042 0.019395939085963612 0.03523777590992281 0.032649987274658322
leaf_weight=919.63899179769214 32.601458937177085 8.553724017867351 44.779005227857851 26.479468585690483 841.75750554259866 9.706710944126824 134.36699077650701 218.1175397435436 52.427582861855626 66.850172852929973 299.11758218496107 191.77529623149894 12.11133710760623 21.957725376123562 5.0264868512749663 8.7540426745545101 185.68102842476219 87.24783493205905 35.668101464601932 79.409618866920937 12.012516908813266 279.38287714149919 51.314146193180932 62.094459525251295 28.798799904136104 15.488429763936436 196.09573946194723 110.98311848501908 150.56511106900871 99.994811819749884
leaf_count=836838 18373 247 16241 351 3033 1241 100101 3192 6434 22203 5326 482 135 59 90 714 1114 123 4869 2546 196 20449 13651 4605 8431 1142 471 622 380 391
internal_value=0 0.0181607 -0.0443693 0.0228091 0.0179357 -0.00404328 -0.0252725 0.00971415 -0.0107178 -0.0375225 0.000438051 0.0345442 0.0179611 0.0209379 0.0205655 0.000658171 0.0265891 0.0381759 -0.0055113 0.0131352 0.0119019 -0.00738137 -0.0195666 -0.020872 -0.0140278 0.00136729 0.0355108 0.0303138 0.0244451 0.0295212
internal_weight=0 3043.17 1245.59 2516.37 1778 526.8 325.951 785.676 415.726 201.217 369.766 738.369 415.91 111.074 152.267 47.246 197.792 586.102 124.734 89.1163 38.492 383.125 103.742 70.6482 89.0662 44.2872 498.854 302.758 992.323 105.021
internal_count=1074050 84225 989825 21472 18032 62753 152987 14619 58907 122304 10178 3440 4441 3846 1742 1261 1249 1698 30683 3787 547 40534 20085 4852 25814 9573 1575 1104 3413 481
is_linear=0
shrinkage=0.05


Tree=38
num_leaves=31
num_cat=0
split_feature=0 0 0 42 0 138 83 176 83 83 95 95 92 70 83 160 42 42 70 110 141 70 83 42 101 141 159 113 170 82
split_gain=1304.35 121.456 64.1587 56.4051 32.9933 31.519 30.751 22.6646 23.6664 20.5222 17.7904 17.4665 11.3943 11.2887 13.1436 11.8578 13.8514 11.2007 11.0254 10.6744 9.78097 9.23227 8.79767 8.74251 8.33351 8.10911 8.77139 8.02225 9.08889 7.95247
threshold=0.11665055024126079 0.60678019017954943 0.0088049481694041625 2.5000000000000004 0.94875966535953815 0.029091500000000003 0.55406350000000015 1.5000000000000002 0.55341550000000017 0.53855800000000009 0.69437950000000015 0.75316150000000015 0.58333333333350013 121.50000000000001 0.5823505000000001 0.026325500000000005 1070.5000000000002 1758.5000000000002 41.500000000000007 17.500000000000004 21.500000000000004 81.500000000000014 0.54931550000000018 2.5000000000000004 0.036908500000000004 36.500000000000007 0.40938790000000008 1.5000000000000002 0.90227800000000014 681.50000000000011
decision_type=2 2 2 2 2 2 2 2 2 2 2 2 2 2 2 2 2 2 2 2 2 2 2 2 2 2 2 2 2 2
left_child=2 5 -1 4 11 9 -4 8 -5 -2 19 24 27 14 15 21 -17 -9 -12 23 -16 -10 -13 -8 -3 -11 -27 -7 -29 -6
right_child=1 3 6 7 29 12 10 17 13 25 18 22 -14 -15 20 16 -18 -19 -20 -21 -22 -23 -24 -25 -26 26 -28 28 -30 -31
leaf_value=-0.051004337234744603 -0.049550619905297577 -0.0063040814023806501 -0.051164834623910666 -0.026893794283278361 0.023797542112216935 -0.010262829751158237 -0.022632001221640576 0.035966752603799911 0.029986216041346433 -0.002853246446178413 0.021540065543988261 -0.029362142261389081 0.051923107273559768 0.038456092986185436 0.033767823963108567 -0.053086462266087091 0.044478271296484746 0.055437105999760254 -0.011812516890503832 -0.042424893977719355 0.0033547226095352561 -0.017868320697709432 0.015095121459448024 0.035065356830580437 0.024325440840057673 -0.032328612000283218 -0.0037216272129232328 -0.027956562563076177 0.029692569744006747 -0.0023260130177346267
leaf_weight=881.10565787978703 31.341856188657403 201.62993671142613 82.252305874477315 22.153520550113171 881.97249327693135 28.56751675758278 27.733361698570661 405.54506736760959 32.347918689949438 271.85058852730435 33.203213303138909 11.408402186585588 21.750007577240467 125.11688552226406 128.54042984475382 15.731940293335358 4.7321505947038522 90.314278784208 97.657857250422239 69.388397751725279 33.281044966541231 14.640044866129754 452.96654597017914 8.601786148734389 24.955381392734125 57.779583263210952 49.969168787894887 7.8892565823043688 51.260117146885023 30.127639175392687
leaf_count=836838 18373 6935 64370 1574 3101 1891 11268 1157 166 20977 4813 1277 59 499 420 428 21 139 26472 45258 308 132 4834 806 370 13932 5625 948 948 111
internal_value=0 0.0176432 -0.0440495 0.0222592 0.0166914 -0.00431379 -0.0248298 0.0324902 0.023242 -0.0106647 -0.015674 0.00844993 0.0195277 0.026376 0.0197838 0.00124123 -0.0305254 0.039513 -0.00335001 -0.0309281 0.0275129 0.0150762 0.0140029 -0.00897304 -0.00293064 -0.00745406 -0.0190619 0.011495 0.0220034 0.0229347
internal_weight=0 2995.87 1199.94 2475.46 1603.06 520.408 318.837 872.403 376.544 410.941 236.585 690.96 109.467 354.39 229.274 67.4521 20.4641 495.859 130.861 105.724 161.821 46.988 464.375 36.3351 226.585 379.599 107.749 87.7169 59.1494 912.1
internal_count=1074050 84225 989825 21472 16628 62753 152987 4844 3548 58907 88617 13416 3846 1974 1475 747 449 1296 31285 57332 728 298 6111 12074 7305 40534 19557 3787 1896 3212
is_linear=0
shrinkage=0.05


Tree=39
num_leaves=31
num_cat=0
split_feature=0 0 42 0 0 83 172 83 181 42 59 164 120 47 95 129 172 168 70 110 138 141 151 169 42 164 117 34 102 70
split_gain=1228.63 140.964 65.7544 40.7648 40.2672 25.7634 25.6549 24.932 20.2513 16.92 15.4194 13.0336 11.2103 10.4327 10.428 10.2779 10.1571 10.0989 9.4184 9.0854 8.58016 8.43624 8.88669 8.32474 7.81635 7.79538 7.70421 7.68377 12.4923 11.2103
threshold=0.072661120000328969 0.48090646582193369 2.5000000000000004 0.0088049481694041625 0.94875966535953815 0.55341550000000017 0.10505750000000001 0.56713550000000013 1.5896940000000002 13.500000000000002 2.5000000000000004 10.450000000000001 2.5000000000000004 3800.5000000000005 0.85877850000000011 7.5000000000000009 0.054627500000000002 8.5000000000000018 55.500000000000007 3.5000000000000004 0.032480000000000002 18.500000000000004 0.062499000000000006 6.5000000000000009 46.500000000000007 11.291666666650002 0.09122050000000001 146963.00000000003 0.20759250000000004 43.500000000000007
decision_type=2 2 2 2 2 2 2 2 2 2 2 2 2 2 2 2 2 2 2 2 2 2 2 2 2 2 2 2 2 2
left_child=3 7 4 26 8 11 -5 -2 13 23 12 -4 -7 15 -8 17 -10 -3 -16 -14 -18 -12 -23 -9 -21 -11 -1 28 -6 -29
right_child=1 2 5 6 27 10 14 9 16 25 21 -13 19 -15 18 -17 20 -19 -20 24 -22 22 -24 -25 -26 -27 -28 29 -30 -31
leaf_value=-0.051337256165186806 -0.031110095646249294 -0.018144269974790444 0.02963267934603674 -0.045219943225571352 0.02693819159597954 0.043224194378827907 -0.028039257872244868 -0.015727962496962102 -0.038331983765211769 0.037917007942693093 0.032573134848188787 -0.035255111646560054 -0.040125340510197102 -0.050279750249735924 0.024854607286106029 -0.010997184302495676 0.01466125961824589 0.0087900003875967248 -0.013135312663431065 0.023705539501620961 0.037574237568138873 0.018147967573995082 -0.020968083551651612 0.0013081691245315731 0.039629192445058789 0.00060146350370747731 -0.0018342455426811574 0.025441530733900954 -0.04492011244252174 0.0083018598335577922
leaf_weight=835.06774018608121 102.80584466877917 39.16142720048083 12.233355202595702 110.55518497082812 516.32964688586071 351.35770198283717 58.6538631652802 157.63902462697297 8.0069465283886512 32.435431311852881 92.325779041275382 21.06412513104442 4.5238608554936937 9.9542828551493567 25.394763750235143 123.04171302565373 226.60826973398798 312.63968025927898 45.628714599435625 162.67794256098568 49.844543714076281 94.793217317201197 17.146566586568952 131.54759946725972 146.43640308943577 24.618680613813922 7.9343540172849307 188.42875934764743 6.1199223175644866 193.2349700788036
leaf_count=831129 44306 2391 321 85060 1833 839 29676 21655 1064 692 449 2506 34 2378 3485 4201 2674 6784 13131 764 300 1372 148 8281 438 1051 5709 595 26 758
internal_value=0 0.0163627 0.0208692 -0.0456934 0.0150023 0.0317466 -0.0275237 -0.00948875 0.0065937 -0.00306894 0.0333999 -0.0114156 0.0370907 0.000379409 -0.0124369 0.00144139 0.0171845 0.00579176 0.000448154 0.0302195 0.0187925 0.0213845 0.0121563 -0.00797843 0.031249 0.0218155 -0.0508713 0.0221567 0.0260965 0.0167638
internal_weight=0 3024.98 2575.93 1083.23 1673.37 902.559 240.233 449.047 769.257 346.241 869.261 33.2975 664.996 484.797 129.677 474.843 284.46 351.801 71.0235 313.638 276.453 204.266 111.94 289.187 309.114 57.0541 843.002 904.113 522.45 381.664
internal_count=1074050 105860 29875 968190 23004 6871 131352 75985 19792 31679 4044 2827 2075 15754 46292 13376 4038 9175 16616 1236 2974 1969 1520 29936 1202 1743 836838 3212 1859 1353
is_linear=0
shrinkage=0.05


Tree=40
num_leaves=31
num_cat=0
split_feature=0 0 42 0 42 83 172 173 169 170 141 149 173 72 156 131 127 77 159 47 2 148 39 167 83 98 87 2 131 141
split_gain=1159.68 114.594 69.6265 65.1996 43.751 37.4682 30.8063 20.6329 20.4823 14.9768 13.2316 11.4782 11.4541 10.4032 13.0657 10.2365 12.6121 10.0506 9.85319 9.75687 9.24619 9.16121 9.04885 9.01638 8.58222 8.49486 8.45597 8.27964 8.34793 8.17514
threshold=0.11665055024126079 0.86620967868038068 38.500000000000007 0.0088049481694041625 7.5000000000000009 0.56680450000000004 0.098312000000000024 0.28027600000000003 7.5000000000000009 1.9376475000000002 76.500000000000014 2.5000000000000004 0.14708950000000001 1.5000000000000002 1.2916666666650001 5.5000000000000009 0.065574000000000007 7.5000000000000009 1.4251560000000001 1316.5000000000002 21926.000000000004 6.5000000000000009 128.50000000000003 7.5000000000000009 0.58166950000000017 11.100000000000001 390.50000000000006 435.50000000000006 4.5000000000000009 27.500000000000004
decision_type=2 2 2 2 2 2 2 2 2 2 2 2 2 2 2 2 2 2 2 2 2 2 2 2 2 2 2 2 2 2
left_child=3 2 5 -1 9 10 -5 22 18 15 17 19 -11 14 -6 16 26 -2 27 -8 -14 -10 -4 24 -17 -22 -3 -7 -29 -21
right_child=1 4 7 6 13 8 11 -9 21 12 -12 -13 20 -15 -16 23 -18 -19 -20 29 25 -23 -24 -25 -26 -27 -28 28 -30 -31
leaf_value=-0.050866261724816633 -0.0076702610267045173 0.030967954969353836 0.015983110525663018 -0.043231804777509791 -0.060457369164829647 -0.038366619330651545 -0.025012062016248421 0.042249575090221057 0.015219097215594668 -0.051006130252301142 -0.046524371810932025 0.02058567697892863 0.031389081892767727 0.03980481405587169 0.025022257965792188 -0.0049285504182601464 -0.016309849612448978 -0.048024106868210459 0.018674388382440447 0.013688181763472813 0.020055034176357279 -0.011800164112515698 -0.040100458196193782 0.019670835032473476 0.012108789846085211 -0.032977881084969116 -0.01883690812822867 0.010484715353211577 -0.0090787857073706801 -0.027334641133284765
leaf_weight=806.80533464285691 86.717288921223371 180.69170362642035 85.018397799460217 122.13122873161046 5.4951637100894031 20.207249647122808 102.3467504581422 126.96132886933628 276.03299695556052 4.7818851496558628 47.965355260457727 25.093417275202228 366.44868115684949 424.26129367377143 23.971966828685254 106.72545063262805 17.021928165107965 18.769610832532635 40.642527427058667 38.864141105943418 187.37254906352609 35.395054354157764 7.8568657716677981 227.90872937161475 240.43650556984358 7.8680936079472295 8.9442142359912378 66.804688164585968 296.74254750981345 17.664634127788304
leaf_count=836838 11458 857 2685 93520 80 1865 40749 442 6498 91 21200 3331 1144 1104 99 1247 114 4193 1177 6628 739 1065 3041 1101 1609 64 52 2339 19961 8759
internal_value=0 0.0165966 0.00395191 -0.0434119 0.0243796 -0.00227683 -0.023764 0.0291483 0.00241003 0.0198598 -0.024751 -0.01084 0.0260505 0.0378095 0.00908163 0.0153737 0.0249182 -0.0148505 -0.004736 -0.0158034 0.0267065 0.0121482 0.0112387 0.0119438 0.00687113 0.0179178 0.0286189 -0.00721534 -0.00548384 0.000868991
internal_weight=0 2911.04 1109.11 1112.91 1801.93 889.277 306.1 219.837 735.825 1348.2 153.452 183.969 566.471 453.728 29.4671 781.729 206.658 105.487 424.397 158.876 561.689 311.428 92.8753 575.071 347.162 195.241 189.636 383.754 363.547 56.5288
internal_count=1074050 84225 75924 989825 8301 69756 152987 6168 32905 7018 36851 59467 2038 1283 179 4980 1023 15651 25342 56136 1947 7563 5726 3957 2856 803 909 24165 22300 15387
is_linear=0
shrinkage=0.05


Tree=41
num_leaves=31
num_cat=0
split_feature=0 0 42 0 138 0 59 172 83 70 42 115 83 77 95 70 72 115 70 156 157 70 2 115 82 99 159 102 87 141
split_gain=1098.2 130.748 52.7341 42.6395 30.8421 28.1131 25.0931 24.566 23.3085 16.222 12.9981 12.8772 12.7075 11.864 10.6958 10.237 10.1614 9.76567 9.48125 10.1517 9.44189 9.13995 9.13331 9.60333 8.93573 12.7982 8.72448 8.34754 8.21073 8.05499
threshold=0.072661120000328969 0.60678019017954943 1.0000000180025095e-35 0.0088049481694041625 0.029091500000000003 0.94875966535953815 2.5000000000000004 0.10505750000000001 0.54707550000000016 106.50000000000001 44.500000000000007 0.093755500000000019 0.55209450000000004 6.5000000000000009 0.85877850000000011 41.500000000000007 1.0000000180025095e-35 0.073052500000000006 108.50000000000001 3.8750000000000004 6.083333333335001 99.500000000000014 779250.50000000012 0.075689500000000007 576.50000000000011 0.038825500000000006 0.49088075000000003 0.060856000000000007 2808.5000000000005 88.500000000000014
decision_type=2 2 2 2 2 2 2 2 2 2 2 2 2 2 2 2 2 2 2 2 2 2 2 2 2 2 2 2 2 2
left_child=3 4 5 -1 8 9 13 -5 -2 11 -6 21 27 22 -9 -16 18 -15 19 -10 26 29 -4 -24 25 -18 -7 -8 -23 -3
right_child=1 2 6 7 10 20 12 14 16 -11 -12 -13 -14 17 15 -17 24 -19 -20 -21 -22 28 23 -25 -26 -27 -28 -29 -30 -31
leaf_value=-0.050749831161650029 -0.043516764674974895 -0.0022606026173932433 0.038612294990928206 -0.044395520581344265 0.0056266027981904249 0.010800702225136185 0.020229069513442971 -0.027835426061922016 -0.037757975568071339 0.017673010988772477 0.041581123065085331 0.010029310986713301 0.019042995959327434 -0.0062953210956876414 0.031723980825628793 -0.010529361877042204 0.0020129935361837595 0.026851255394724983 0.011145775247370929 0.054277727003365452 0.022844287680378828 -0.053711170933826158 -0.015190415920049015 0.028620011918748984 0.00099019963857696039 -0.036229597977218926 -0.054716036554697249 -0.044586136204026121 0.067864880966355387 -0.036374447245793133
leaf_weight=773.45720586465904 51.595383715102798 174.65097227197839 559.88924614130519 103.45618480903067 79.701500416107592 130.03200558619574 7.8091051070368875 56.651848741916183 58.090177277481416 178.13471263673273 36.716962728183717 159.83557723910781 257.71662784426007 28.472505860729143 19.894050832357607 51.296898178865376 42.509280165453674 101.20682197099086 15.16683648075559 3.1590951938414937 607.8242821819149 16.117698603309695 14.621630250476299 86.553518800996244 239.98421652785328 45.075227014422126 5.2879411224275819 13.651947030739391 1.5196972439589433 19.20685483305715
leaf_count=836838 31410 4186 1738 85060 4870 731 184 29676 10362 2342 320 2135 2384 387 2243 14373 4854 431 1246 48 1971 814 155 265 18130 13148 38 1912 36 1763
internal_value=0 0.0154477 0.0206408 -0.0451172 -0.00600139 0.0138446 0.0288516 -0.0262817 -0.0118705 0.00526911 0.0169662 -0.000681282 0.0159647 0.0334014 -0.0116231 0.00127818 -0.00782878 0.0195736 -0.0242469 -0.033011 0.0201851 -0.00877571 0.036114 0.0222886 -0.00399872 -0.0176685 0.00824048 -0.0210016 -0.0432358 -0.0056405
internal_weight=0 2934.53 2362.53 1004.76 571.999 1292.61 1069.92 231.299 455.58 549.466 116.418 371.331 279.178 790.744 127.843 71.1909 403.985 129.679 76.4161 61.2493 743.144 211.495 661.064 101.175 327.569 87.5845 135.32 21.4611 17.6374 193.858
internal_count=1074050 105860 21472 968190 84388 14016 7456 131352 79198 11276 5190 8934 4480 2976 46292 16616 47788 818 11656 10410 2740 6799 2158 420 36132 18002 769 2096 850 5949
is_linear=0
shrinkage=0.05


Tree=42
num_leaves=31
num_cat=0
split_feature=0 0 115 0 42 42 83 172 42 77 170 129 157 141 164 70 2 72 138 167 95 70 168 83 44 83 141 103 47 160
split_gain=1037.64 125.685 66.4032 41.6018 41.5033 34.0215 30.0776 23.285 22.5123 17.5185 14.4496 13.4511 11.9287 11.1803 10.2643 17.6016 10.8114 10.053 9.93638 9.91055 9.49893 9.01889 8.76754 8.05987 8.02709 9.06652 8.13498 7.93277 7.90295 7.81278
threshold=0.072661120000328969 0.86620967868038068 0.092032000000000017 0.0088049481694041625 1.0000000180025095e-35 37.500000000000007 0.53855800000000009 0.10505750000000001 742.50000000000011 8.5000000000000018 0.79307250000000018 9.5000000000000018 6.083333333335001 154.50000000000003 14.900000000000002 10.500000000000002 2826.5000000000005 1.0000000180025095e-35 0.030995500000000006 8.5000000000000018 0.85877850000000011 41.500000000000007 35.500000000000007 0.6232405000000002 1.0000000180025095e-35 0.59284850000000011 18.500000000000004 3.5000000000000004 1257.5000000000002 0.084860750000000013
decision_type=2 2 2 2 2 2 2 2 2 2 2 2 2 2 2 2 2 2 2 2 2 2 2 2 2 2 2 2 2 2
left_child=3 2 6 -1 12 18 -2 23 9 10 13 22 19 -8 16 -16 -14 -12 -4 -3 -9 -22 24 -5 25 27 -27 -6 -28 -19
right_child=1 4 5 7 11 -7 8 20 -10 -11 17 -13 14 -15 15 -17 -18 29 -20 -21 21 -23 -24 -25 -26 26 28 -29 -30 -31
leaf_value=-0.050607717154373059 -0.045093435997414832 0.0020915302569023634 0.0038934755784792632 -0.04726319567132848 -0.033365006842340027 0.042018130745824105 -0.0082557229221257161 -0.027250122845793215 0.029565515256937205 -0.029769690635554531 -0.015892704366509088 0.0059219755469887949 0.032253276780475279 -0.037860537763434211 -0.040292657712831068 0.013997131738851558 0.018037496234194143 0.0057212415519940791 0.023640268691031321 0.040010043353601782 0.029205146023363562 -0.010713678481716372 0.03872870621299488 0.020434763979491913 0.049448916966891847 0.037750136923923268 -0.0038611023459518678 0.016461125025578137 0.04525414192910851 0.048807134960592691
leaf_weight=740.06274757639039 48.324901245854562 178.13025248167105 222.01130661781644 95.067187179745815 8.8422826072201115 108.9910366848344 210.45013449562248 55.497682034307218 45.846722209294967 72.929480103135575 55.545811639487511 45.170434793457389 197.67013297183439 37.587053058086894 16.348515750374645 172.05155009683222 413.57693665195256 247.36487768191728 89.341365262662293 19.077502079308033 19.618543665223115 50.755602957025985 413.88522335886955 4.6097869275254189 35.957945475354791 121.03777953516692 26.491885703057051 82.704526177258231 11.855484022758899 10.988845084502826
leaf_count=836838 27256 1708 8741 84153 68 391 21545 29676 1149 9535 4283 421 675 11561 192 887 1976 10816 2116 84 2243 14373 1070 907 63 322 131 654 50 166
internal_value=0 0.0149835 0.00214865 -0.0448783 0.0234481 0.0179759 -0.00697691 -0.0260791 -0.00427096 -0.00671445 -0.00372229 0.0323678 0.0167735 -0.012742 0.0194897 0.00928611 0.0226347 0.0034049 0.00955974 0.00575969 -0.0117829 0.000414687 0.0340724 -0.0441324 0.027355 0.024189 0.031392 0.0116485 0.0113234 0.00755386
internal_weight=0 2892.18 1149.38 965.612 1742.8 420.344 729.038 225.549 680.713 634.866 561.937 745.946 996.855 248.037 799.647 188.4 611.247 313.9 311.353 197.208 125.872 70.3741 700.775 99.677 286.89 250.932 159.385 91.5468 38.3474 258.354
internal_count=1074050 105860 97559 968190 8301 11248 86311 131352 59055 57906 48371 2779 5522 33106 3730 1079 2651 15265 10857 1792 46292 16616 2358 85060 1288 1225 503 722 181 10982
is_linear=0
shrinkage=0.05


Tree=43
num_leaves=31
num_cat=0
split_feature=0 0 115 0 42 42 83 172 72 169 83 95 42 98 2 143 98 95 138 171 131 156 129 95 176 62 70 70 104 46
split_gain=983.341 120.641 62.565 40.4876 36.685 31.2114 28.7278 22.1014 21.6991 14.6465 14.1563 13.0811 11.6388 12.222 11.2504 11.4837 11.5738 10.7295 10.4022 10.3039 10.1056 9.2051 9.19401 8.76819 8.6815 8.52056 10.2199 9.14372 9.22699 9.26145
threshold=0.072661120000328969 0.86620967868038068 0.092032000000000017 0.0088049481694041625 1.0000000180025095e-35 37.500000000000007 0.53855800000000009 0.098312000000000024 1.5000000000000002 5.5000000000000009 0.58611250000000015 0.76547350000000003 436.50000000000006 7.083333333335001 23453.500000000004 0.18333333333350002 13.083333333350001 0.85877850000000011 0.030995500000000006 0.13751450000000001 20.500000000000004 1.1833333333350002 7.5000000000000009 0.71484950000000014 1.5000000000000002 13.500000000000002 37.500000000000007 114.50000000000001 0.036325500000000004 0.29166666666650004
decision_type=2 2 2 2 2 2 2 2 2 2 2 2 2 2 2 2 2 2 2 2 2 2 2 2 2 2 2 2 2 2
left_child=3 2 6 -1 14 18 -2 -5 11 10 24 22 13 -6 23 16 25 -9 -4 -12 -15 -17 -8 -3 -10 26 -16 28 29 -28
right_child=1 4 5 7 12 -7 8 17 9 -11 19 -13 -14 20 15 21 -18 -19 -20 -21 -22 -23 -24 -25 -26 -27 27 -29 -30 -31
leaf_value=-0.050446982253448708 -0.044856000771485681 0.0086336065100125568 0.0034276371616917844 -0.04522907544876871 0.031532218023509175 0.040481122580596669 -0.014173039195264062 -0.028665887986631691 -0.032670360722632096 0.021152837408456499 0.028155332252361345 -0.0021453917371052457 0.045586898498443641 -0.016648042386375888 0.016127234301386628 -0.013474428598958416 -0.031172359287915653 1.4802001431535681e-05 0.023734762930961547 -0.025279160730792834 0.02156947862789407 0.033651492564232333 -0.04024351923475971 0.024722068123193303 0.040633883408593738 0.02942970752740284 -0.042422298138980505 0.013878613984234844 -0.00083894949994685677 0.032253704520092338
leaf_weight=709.88944190402981 46.864601318593486 105.60993215325288 219.94863984450058 88.508092348238279 522.57863310584798 108.02137097460218 186.38856470513565 59.400743695230631 41.087266711409029 113.7969035381393 33.701517320325365 238.35091071613715 120.96588975796476 23.483979505021125 134.46990569354966 12.030309190042315 18.955999199999496 72.300036118875141 88.410045506054303 12.319961598579537 65.658559446688741 74.727944385726005 41.313811493833782 427.48484490578994 4.4793615531234527 44.277053896337748 30.138672984670848 56.029407564550638 72.201494755223393 4.8153775688260785
leaf_count=836838 27256 882 8741 80181 1638 391 24962 33566 8861 2075 1011 14068 264 252 710 91 327 17605 2116 461 625 296 7510 1788 107 240 387 339 448 14
internal_value=0 0.0145769 0.00193142 -0.0446368 0.0229511 0.0173522 -0.00700759 -0.0259065 -0.00436588 0.00917421 -0.00570907 -0.0103329 0.0314156 0.0286132 0.0166275 0.0107835 0.00685693 -0.012921 0.00924993 0.0138509 0.0115013 0.0271168 -0.0189032 0.0215348 -0.0254643 0.0089652 0.00592104 -0.00248921 -0.0110476 -0.0321347
internal_weight=0 2848.11 1134.68 930.098 1713.43 416.38 718.303 220.209 671.438 205.385 91.5881 466.053 732.687 611.721 980.741 447.646 360.888 131.701 308.359 46.0215 89.1425 86.7583 227.702 533.095 45.5666 341.932 297.655 163.185 107.156 34.9541
internal_count=1074050 105860 97559 968190 8301 11248 86311 131352 59055 12515 10440 46540 2779 2515 5522 2852 2465 51171 10857 1472 877 387 32472 2670 8968 2138 1898 1188 849 401
is_linear=0
shrinkage=0.05


Tree=44
num_leaves=31
num_cat=0
split_feature=0 0 0 42 83 42 83 169 170 173 95 156 77 159 141 0 42 77 3 117 115 127 173 98 34 70 173 102 77 2
split_gain=929.936 97.1748 59.7046 56.6759 36.6945 36.2314 26.7256 19.7825 16.0673 14.5708 13.8919 12.8898 11.6688 10.2056 9.37961 9.29277 9.09733 9.06635 8.53513 8.14825 12.0409 12.3571 8.47879 8.06644 8.50408 7.958 7.8565 8.25057 7.84004 7.82033
threshold=0.11665055024126079 0.86620967868038068 0.0088049481694041625 92.500000000000014 0.56680450000000004 11.500000000000002 0.55406350000000015 7.5000000000000009 1.9376475000000002 0.28772150000000002 0.85877850000000011 1.2250000000000003 8.5000000000000018 1.4251560000000001 90.500000000000014 0.42569895731548962 2.5000000000000004 5.5000000000000009 0.025682000000000003 0.026923000000000006 0.089504500000000015 0.044816500000000009 0.40609500000000004 2.0833333333350006 2646.5000000000005 55.500000000000007 0.14708950000000001 0.18803900000000004 7.5000000000000009 5356.5000000000009
decision_type=2 2 2 2 2 2 2 2 2 2 2 2 2 2 2 2 2 2 2 2 2 2 2 2 2 2 2 2 2 2
left_child=2 3 -1 4 14 8 -4 13 11 -5 16 18 -13 23 28 -9 -8 -17 -3 -14 21 -21 -22 -6 -25 -12 -10 -28 -2 -23
right_child=1 5 6 9 7 -7 10 15 26 -11 25 12 19 -15 -16 17 -18 -19 -20 20 22 29 -24 24 -26 -27 27 -29 -30 -31
leaf_value=-0.050315578188019572 -0.010534201619203022 -0.018194681644472459 -0.0503911036404786 0.012763707457654717 0.012017210932119316 0.036106755991860986 -0.03356392438746441 -0.0031231903496735493 -0.043911414912259743 0.0433056836366826 0.017468265418299864 0.020737278278762181 0.02858093110432057 0.018940106607554845 -0.044205130022882823 0.025802074459289816 0.0042233917240106994 0.006224035922261585 0.0079686839011166005 -0.054127562644087572 0.027725996463428767 -0.037391807017607595 -0.0071586474661845638 -0.043387196331393353 -0.0078217804519329793 -0.011383607214599231 0.027242534536619185 0.0048111064567733976 -0.046694541492033198 0.039283905274662856
leaf_weight=679.96855951275211 89.642734313296387 41.935873538488522 67.50921466829459 67.796821910713334 49.007785507827066 370.29416242835578 89.584185096297006 75.90533909748774 4.117218305123969 92.09997222525999 36.552146327492665 471.5487403543666 26.316105419769883 42.258306669536978 43.005042440236139 130.94315222266596 19.372444150612864 107.82867021317361 121.44346009078436 18.771029533818364 32.583137442357838 5.5923885097727171 37.424797168932855 17.739620624692179 319.99036764862831 69.046260677037935 503.54420398874208 44.626003671437502 17.99951613417943 8.2036283491179329
leaf_count=836838 12652 466 64370 3904 1626 1094 55198 4331 93 287 5354 2626 175 1197 21300 1195 8837 2119 1082 215 196 91 209 1932 20951 19228 1817 179 4430 58
internal_value=0 0.014846 -0.0422931 0.00293807 -0.00196397 0.0222901 -0.0229534 0.00259444 0.0184027 0.0303558 -0.0143202 0.013705 0.0170931 -0.00438991 -0.0244667 0.0121161 -0.0268454 0.0169607 0.00125312 0.003761 -0.00260668 -0.0277234 0.00907739 -0.00693915 -0.00968989 -0.00139673 0.0248996 0.0254164 -0.0165808 0.00820244
internal_weight=0 2740.62 962.033 1054.22 894.321 1686.4 282.064 743.673 1316.11 159.897 214.555 763.819 600.44 428.996 150.647 314.677 108.957 238.772 163.379 128.891 102.575 32.567 70.0079 386.738 337.73 105.598 552.287 548.17 107.642 13.796
internal_count=1074050 84225 989825 75924 71733 8301 152987 33351 7207 4191 88617 5118 3570 25706 38382 7645 64035 3314 1548 944 769 364 405 24509 22883 24582 2089 1996 17082 149
is_linear=0
shrinkage=0.05


Tree=45
num_leaves=31
num_cat=0
split_feature=0 0 42 0 0 173 172 113 156 181 72 42 177 83 83 95 0 77 70 72 39 95 126 62 84 47 98 171 151 72
split_gain=877.763 110.167 50.4103 39.301 34.3804 30.2588 20.3656 19.1294 16.8724 15.8687 15.6024 15.4929 13.7774 12.578 11.1597 14.8258 10.8851 11.2027 10.7662 11.4116 9.54168 9.22581 8.71601 8.56317 8.37243 8.2592 8.15354 7.90121 7.87807 7.79981
threshold=0.072661120000328969 0.48090646582193369 1.0000000180025095e-35 0.0088049481694041625 0.94875966535953815 0.20735400000000001 0.098312000000000024 1.5000000000000002 1.6333333333350002 0.46220600000000006 3.5000000000000004 102.50000000000001 4.2250000000000005 0.5786285000000001 0.59716050000000009 2.2098750000000007 0.94875966535953815 7.5000000000000009 106.50000000000001 1.0000000180025095e-35 1.5000000000000002 0.85877850000000011 0.048689000000000003 30.500000000000004 154.00000000000003 671.50000000000011 4.7750000000000012 0.086985500000000007 0.054987500000000009 1.5000000000000002
decision_type=2 2 2 2 2 2 2 2 2 2 2 2 2 2 2 2 2 2 2 2 2 2 2 2 2 2 2 2 2 2
left_child=3 7 4 -1 9 8 -5 13 14 20 12 -9 16 -2 15 -4 17 23 19 22 -3 -8 27 -7 -21 -20 -27 -11 -25 -15
right_child=1 2 5 6 -6 10 21 11 -10 18 -12 -13 -14 29 -16 -17 -18 -19 25 24 -22 -23 -24 28 -26 26 -28 -29 -30 -31
leaf_value=-0.05016959240757795 -0.032879402616780823 0.0069788345321540992 -0.024657265152529226 -0.044641611741584743 0.018932046887724246 0.024982764984222961 -0.027841344758372546 -0.0032010622926116404 0.022589477927827076 -0.021716080298899182 0.051432750299220599 0.042175212144543742 0.047514115819690873 -0.016364817670272817 0.036157540371444967 0.029565836466388412 0.032364657225045189 -0.0048250467049349025 -0.016060710710296983 0.0049310209209734619 -0.024778122592181522 -0.00079311825076889978 -0.047845099993870543 0.015442074110486101 0.056713031388357815 0.027955844305865014 0.0039547031294417728 0.011742169490179753 -0.047593437178528479 0.012016628198547255
leaf_weight=650.26913833035724 100.30913479998708 34.683869866246823 64.683579984426615 82.69210972062865 691.22417775425129 314.96536072657909 56.66577873469214 167.75871670598281 97.342486194102094 40.159422213386279 77.637352291960269 21.186886791605502 80.633739437907934 97.05252766450576 12.812464623712001 15.658002168143865 327.47875338490121 40.837460103386547 17.745161379920319 218.9641017075046 74.371494347447879 71.059814948312123 15.988069415674543 13.460519494023176 8.0946706254035217 105.51168143562973 53.240441439615097 31.474447489890736 7.8457611615303895 32.252515981788747
leaf_count=836838 45821 973 4073 80181 2740 1709 33566 15758 2106 2513 133 212 170 12345 99 343 959 733 293 4423 5185 17605 448 99 39 1000 1163 580 94 1849
internal_value=0 0.0137329 0.0179509 -0.0440918 0.0113299 0.0260685 -0.0253093 -0.00989639 0.00803272 0.00257533 0.0300503 0.00188708 0.0279362 -0.0195928 -0.00717855 -0.0140896 0.0256957 0.0199044 0.00640609 0.000862182 -0.0146782 -0.0127931 -0.0144653 0.0229075 0.00677706 0.0162904 0.0199066 -0.00701521 -0.00776993 -0.00928564
internal_weight=0 2763.37 2344.81 860.687 1291.46 1053.36 210.418 418.56 190.497 600.233 862.859 188.946 785.222 229.614 93.154 80.3416 704.588 377.109 491.178 314.681 109.055 127.726 87.6219 336.272 227.059 176.497 158.752 71.6339 21.3063 129.305
internal_count=1074050 105860 29875 968190 19357 10518 131352 75985 6621 16617 3897 15970 3764 60015 4515 4416 3594 2635 10459 8003 6158 51171 3541 1902 4462 2456 2163 3093 193 14194
is_linear=0
shrinkage=0.05


Tree=46
num_leaves=31
num_cat=0
split_feature=0 0 42 0 0 66 83 177 172 170 72 42 83 115 42 95 100 168 70 170 155 95 129 74 91 173 129 157 170 82
split_gain=832.439 107.601 43.3122 38.9847 28.322 25.9465 21.7173 19.7129 19.177 16.0358 19.7268 13.886 11.9258 11.2404 9.95266 9.74799 9.67184 9.12573 8.92652 8.91013 8.35625 8.33589 8.01145 7.94368 7.68971 7.52951 7.43179 7.2616 7.13259 7.05277
threshold=0.072661120000328969 0.60678019017954943 5.5000000000000009 0.0088049481694041625 0.94875966535953815 0.040668000000000003 0.54296050000000007 2.6333333333350004 0.098312000000000024 1.1145820000000002 1.5000000000000002 1.0000000180025095e-35 0.5677525000000001 0.077270500000000006 9120.5000000000018 1.5939485000000002 1.0000000180025095e-35 46.500000000000007 48.500000000000007 0.34887950000000006 0.73214285714300009 0.85877850000000011 5.5000000000000009 130.29166666650005 192.50000000000003 0.13169200000000003 7.5000000000000009 32.708333333350005 2.4338965000000008 575.50000000000011
decision_type=2 2 2 2 2 2 2 2 2 2 2 2 2 2 2 2 2 2 2 2 2 2 2 2 2 2 2 2 2 2
left_child=3 5 4 -1 7 6 -2 12 -5 10 -4 17 -3 29 -12 22 18 -8 27 25 -18 -10 -9 -20 -21 -6 -23 -11 -25 -13
right_child=1 2 9 8 19 -7 11 15 21 16 14 13 -14 -15 -16 -17 20 -19 23 24 -22 26 -24 28 -26 -27 -28 -29 -30 -31
leaf_value=-0.050124377502275254 -0.045737265229508342 -0.022206640610260828 -0.035283150369435572 -0.044202995230809519 0.024864561512170098 0.035074932184629169 -0.018264034325104178 0.018672326042443069 -0.027407801614976853 0.025528840042444836 0.018846454347366412 -0.02037508821950958 0.0020648059470965742 0.024451215365494525 0.052209971151244011 0.022874874186230864 -0.039152809902704991 0.00023518663177064583 0.043314431553914366 0.019644104537960828 0.027002651234511121 0.0060908321945069219 -0.0020459848467689729 -0.008582371256757702 0.044557568618598747 -0.048169684117283923 -0.03601640595904447 -0.03001718188000338 0.036226410240091045 0.0065052788826691068
leaf_weight=622.35688592281804 38.151336786242609 62.417019741566037 15.688542557123581 79.933812127208512 5.9144446905702344 34.959825496043777 216.76714552892372 79.753726723603904 55.519126465769659 51.634096694760956 188.40195828318247 39.894975065508334 267.54283016326372 52.806265816063387 25.362068788148463 174.48259715130553 7.7276424109004447 96.273832235223381 284.38078439980745 807.05947796115652 12.485552165657282 57.944761401289725 112.44610699010082 14.537332501611671 32.208999968133867 8.7498711505904776 12.792454480171726 6.6406401353888205 22.824957796721719 62.837604726446443
leaf_count=836838 28184 4737 488 80181 36 285 32231 938 33566 190 1717 9971 5277 1830 85 1235 96 6738 741 3150 45 12225 2234 84 83 109 5380 138 89 5149
internal_value=0 0.0133573 0.0183125 -0.0438817 0.0138216 -0.00658685 -0.00946113 0.00634005 -0.0250389 0.0293713 0.0188332 -0.00650756 -0.00252651 0.00570333 0.0228049 0.0143186 0.0354128 -0.0125747 0.0372054 0.0199251 0.00171097 -0.012906 0.00655112 0.0404667 0.0206002 -0.0187133 -0.00152404 0.0191991 0.0187917 -0.00393339
internal_weight=0 2721.95 2180.26 828.547 1550.58 541.691 506.731 696.642 206.19 629.684 229.453 468.58 329.96 155.539 213.764 366.682 400.231 313.041 380.018 853.933 20.2132 126.256 192.2 321.743 839.268 14.6643 70.7372 58.2747 37.3623 102.733
internal_count=1074050 105860 21472 968190 17799 84388 84103 14421 131352 3673 2290 55919 10014 16950 1802 4407 1383 38969 1242 3378 141 51171 3172 914 3233 145 17605 328 173 15120
is_linear=0
shrinkage=0.05


Tree=47
num_leaves=31
num_cat=0
split_feature=0 0 42 0 83 42 169 83 176 42 2 42 95 156 82 131 66 83 34 167 126 148 74 83 96 83 43 82 157 70
split_gain=787.104 102.973 53.9453 38.5301 36.3841 34.4178 20.5156 18.8433 14.4083 12.8318 11.6346 11.4026 11.3093 10.3436 10.163 10.1525 10.0468 9.91299 9.85334 10.3706 10.0042 9.11861 8.80757 8.71307 8.47404 12.5784 8.15117 10.2424 8.1758 7.92791
threshold=0.072661120000328969 0.86620967868038068 92.500000000000014 0.0088049481694041625 0.56680450000000004 1.0000000180025095e-35 6.5000000000000009 0.55406350000000015 1.5000000000000002 1.0000000180025095e-35 2826.5000000000005 172.50000000000003 0.85877850000000011 1.3666666666650003 672.50000000000011 7.5000000000000009 0.059568000000000003 0.5414135000000001 38.500000000000007 3.5000000000000004 0.089792000000000025 6.5000000000000009 57.100000000000009 0.5744815000000002 0.026810000000000004 0.59831000000000012 2.5000000000000004 560.50000000000011 48.100000000000009 41.500000000000007
decision_type=2 2 2 2 2 2 2 2 2 2 2 2 2 2 2 2 2 2 2 2 2 2 2 2 2 2 2 2 2 2
left_child=3 2 4 -1 13 10 14 -5 22 -8 15 18 -9 -2 24 -3 26 -15 -7 -20 -21 -11 -4 -17 -6 -26 27 -12 -28 -14
right_child=1 5 8 7 6 11 9 12 -10 21 16 -13 29 17 -16 23 -18 -19 19 20 -22 -23 -24 -25 25 -27 28 -29 -30 -31
leaf_value=-0.05000977761946989 -0.038248475286104089 0.032076162881421864 0.024408437661957022 -0.051429841329492347 0.0031898984825040402 0.054081251514016264 0.0023308594058631176 -0.029813446294496899 0.043532931902132629 0.02531280659389808 -0.039824363812727984 0.041726796546511277 0.023138569551881791 -0.047887177465269382 0.035960485608564179 -0.014207904449926083 0.054735195017609678 -0.004414387948938261 0.0029509375046057273 0.027934921342426811 -0.023852550391148669 -0.020186331114920918 -0.011707306263643261 0.019075337361909962 -0.027728416360660747 -0.0050123143891944773 0.014670301269513334 0.0068740390778975593 0.052268886802792007 -0.01255209953775586
leaf_weight=595.97808930377141 77.955228012811858 149.98866340424865 54.091048492773552 49.752973569462483 101.39920470866491 29.663662473671138 255.93264810068649 74.864247037650784 77.33041900099488 124.78366602229653 12.13856637268327 149.32269754353911 21.640749309488456 16.29985123242659 13.001287299906833 23.915918258251622 12.863194568082688 67.07517572879442 50.553960624965839 439.85759772430174 9.5275354534387571 12.077737319865262 24.539750539755914 110.58780220756307 100.02671734213072 155.94775079132523 244.20573561545461 359.31088047334924 15.368559276685117 55.367328082720633
leaf_count=836838 31358 540 1388 54889 7211 65 10527 55293 285 1502 206 388 3061 9363 154 224 40 9149 596 1688 42 337 3798 591 12832 9655 1537 2336 48 18109
internal_value=0 0.0129437 0.00100716 -0.0436178 -0.00358163 0.0209677 0.000978953 -0.024724 0.0282083 0.00893945 0.0147108 0.0295236 -0.0159753 -0.0251553 -0.0074634 0.0231316 0.0109902 -0.0129133 0.0260829 0.0244216 0.026837 0.0212976 0.0131371 0.0131573 -0.00904316 -0.013889 0.0100985 0.00534799 0.0168964 -0.00252234
internal_weight=0 2687.77 1080.46 797.603 924.499 1607.3 763.169 201.625 155.961 392.794 928.379 678.925 151.872 161.33 370.375 284.492 643.887 83.375 529.603 499.939 449.385 136.861 78.6308 134.504 357.374 255.974 631.024 371.449 259.574 77.0081
internal_count=1074050 105860 97559 968190 92088 8301 42218 131352 5471 12366 5522 2779 76463 49870 29852 1355 4167 18512 2391 2326 1730 1839 5186 815 29698 22487 4127 2542 1585 21170
is_linear=0
shrinkage=0.05


Tree=48
num_leaves=31
num_cat=0
split_feature=0 0 66 0 0 170 113 42 83 42 83 47 42 83 138 95 156 34 102 83 141 99 157 47 90 165 162 70 62 157
split_gain=746.373 102.476 43.4394 37.1447 32.8388 24.1145 23.2358 18.526 17.8025 17.2549 16.8921 12.3839 10.8974 10.5054 10.4558 10.3304 10.1589 8.04826 11.0821 7.89196 7.88992 7.78943 7.71479 7.59857 8.98331 7.56596 7.3514 7.33835 7.14625 7.04322
threshold=0.072661120000328969 0.60678019017954943 0.063052000000000011 0.0088049481694041625 0.94875966535953815 0.78406500000000012 2.5000000000000004 3.5000000000000004 0.55406350000000015 1.5000000000000002 0.5425715000000001 410.50000000000006 1.0000000180025095e-35 0.58420850000000002 0.030995500000000006 0.85877850000000011 1.0833333333350004 68784.500000000015 0.19278150000000002 0.55278050000000012 45.500000000000007 0.046660000000000007 6.2916666666650007 481.50000000000006 2.5000000000000004 0.26785714285700007 0.054920500000000004 41.500000000000007 2.5000000000000004 8.7750000000000021
decision_type=2 2 2 2 2 2 2 2 2 2 2 2 2 2 2 2 2 2 2 2 2 2 2 2 2 2 2 2 2 2
left_child=3 6 4 -1 5 11 10 17 -5 20 -2 26 -12 21 -8 -10 -13 18 19 28 -7 -14 -19 24 -24 -11 -3 -17 -6 -26
right_child=1 2 -4 8 7 9 14 -9 15 25 12 16 13 -15 -16 27 -18 22 -20 -21 -22 -23 23 -25 29 -27 -28 -29 -30 -31
leaf_value=-0.04986233270104333 -0.046062494671730694 -0.038119938369320316 0.043241953820442852 -0.051262694155077483 -0.060834728260520443 0.0092914854475309588 0.0013198048482610683 0.034099514997408265 -0.029553943971489527 0.010040329347832742 -0.016032577336266739 -0.030515144143424412 0.00057197510927185812 0.013551602931699351 0.032746426747536708 0.021564906137759229 -0.0031289721254127122 -0.0019689032378294902 -0.024958763534691661 0.025578829371155444 -0.015833792543572933 -0.035846164691466835 0.04391930568324607 0.010360108725155132 -0.021246438923746124 0.028672585377965146 0.011633228541590667 -0.012982072920727471 0.013439440022223796 0.022478284802973193
leaf_weight=571.17082044357085 34.585220681474311 8.0082818890223262 152.04121045256034 47.631051777760149 4.9467169868294141 390.52970895561157 71.795345709193498 232.90019424282946 73.073947101504018 75.714363990526181 240.00941564330424 57.654342043359065 36.554840287921252 79.036109088570811 41.920611105451826 21.441113161621615 82.06035003629222 71.986727406736463 11.779980241321026 389.76839045598172 33.963095857732696 24.539568025815242 45.085829570889473 195.3922217534855 11.216295327991245 194.31422984576784 101.85264162824024 54.301187631113862 9.3780954666435701 51.48750349925831
leaf_count=836838 27631 279 362 54889 53 5149 5410 713 55293 656 34014 3776 5195 3487 931 3061 2584 458 72 1516 1543 7720 124 809 52 1348 1812 18109 36 130
internal_value=0 0.012582 0.0174923 -0.0434119 0.015503 0.00877667 -0.00711758 0.0217048 -0.0246574 0.0135669 -0.0126077 -0.00455371 -0.00956396 0.00151519 0.012905 -0.016142 -0.0144301 0.0180555 0.0228457 0.0242393 0.00728125 -0.014056 0.0127456 0.0162393 0.0268967 0.0234482 0.00800649 -0.00320252 -0.0122093 0.0146569
internal_weight=0 2648.52 2120.08 767.618 1968.04 944.097 528.441 1023.94 196.447 694.521 414.725 249.576 380.14 140.131 113.716 148.816 139.715 791.042 415.873 404.093 424.493 61.0944 375.169 303.182 107.79 270.029 109.861 75.7423 14.3248 62.7038
internal_count=1074050 105860 21472 968190 21110 17147 84388 3963 131352 8696 78047 8451 50416 16402 6341 76463 6360 3250 1677 1605 6692 12915 1573 1115 306 2004 2091 21170 89 182
is_linear=0
shrinkage=0.05


Tree=49
num_leaves=31
num_cat=0
split_feature=0 0 42 0 83 177 138 173 83 95 2 83 70 164 66 2 170 127 128 70 70 48 94 79 82 172 34 47 147 138
split_gain=704.223 115.319 49.4971 38.5886 31.7981 24.7784 19.7016 15.8193 15.7707 13.275 12.2353 11.0074 10.6767 11.8153 9.75344 10.2012 9.53882 11.0411 9.45474 8.34605 16.6648 8.05925 7.46674 7.32198 7.27493 6.78603 13.4128 6.75725 9.96759 9.3198
threshold=0.37969951586789719 0.0088049481694041625 2.5000000000000004 0.94875966535953815 0.54296050000000007 2.5357142857150001 0.023543000000000005 0.35230000000000006 0.58572150000000012 0.75316150000000015 370.00000000000006 0.54931550000000018 122.50000000000001 0.87500000000000011 0.11662250000000002 567261.00000000012 0.48845450000000007 0.035363500000000006 0.059248000000000009 100.50000000000001 99.500000000000014 1.0000000180025095e-35 1.5000000000000002 3.5000000000000004 567.50000000000011 0.19947300000000004 393.00000000000006 1404.5000000000002 1.5000000000000002 0.049833000000000009
decision_type=2 2 2 2 2 2 2 2 2 2 2 2 2 2 2 2 2 2 2 2 2 2 2 2 2 2 2 2 2 2
left_child=1 25 3 6 -3 8 9 16 10 -2 -4 -11 13 -12 15 -7 22 21 -9 20 -13 -18 -6 -8 -17 -1 -27 29 -29 -5
right_child=2 4 5 27 7 14 23 18 -10 11 12 19 -14 -15 -16 24 17 -19 -20 -21 -22 -23 -24 -25 -26 26 -28 28 -30 -31
leaf_value=-0.051430781599922704 -0.010834329141006609 -0.051090355186022451 -0.051089781245088131 0.01326956300322674 0.019943434157989184 0.033306760541154695 0.026044498755779483 0.028068232837326915 0.02503127503808757 -0.042302112316317197 0.041623016216511564 0.0028633852791976142 0.02452599356196573 -0.015203394762527878 0.051272471046892087 -0.056029436877434752 -0.0098052544714292578 -0.027658277546044281 -0.0047180033177100893 0.014225737284028589 -0.054492934616395539 0.019650503696379745 -0.034441706720599694 -0.0062114805394903024 0.016303101909840152 0.098288471788661569 -0.036940075259161896 0.016341336188303187 0.037358175705503004 0.038056675061138134
leaf_weight=501.31375429275067 231.33634638771764 59.261341857079969 10.39885154517833 503.28257911466062 6.7831072321423553 363.8814569155802 102.55140506988391 30.45958580118895 144.8248571397271 12.314982098643666 10.785838805109959 206.77505536354147 45.166791316310992 60.205684057495091 61.049238205887377 3.6662389909615731 136.06560775938851 77.697427365557814 79.071358523797244 164.88328377279686 13.490427243756129 28.000415161019191 90.712138322531246 21.236608302686363 67.053264605579898 1.9145495368793479 43.405790551678365 131.55616846960038 98.770882248878479 41.012602668255568
leaf_count=753451 14038 62920 1215 2190 1678 1349 1186 1944 1046 3120 267 4053 1031 3558 120 63 35306 22665 11454 2329 701 4716 58295 640 306 69 83318 572 310 140
internal_value=0 -0.0338166 0.0155458 0.0103411 -0.016667 0.0259088 0.00227773 -0.0121216 0.0137638 -0.00131169 0.000869913 0.00423078 0.00552151 -0.00656968 0.0325585 0.0299297 -0.0174555 -0.0121313 0.00439956 0.00571865 -0.000649472 -0.00477817 -0.0306579 0.0205108 0.0125532 -0.0497558 -0.0312274 0.0181751 0.025354 0.0151373
internal_weight=0 1054.69 2294.24 1527.21 508.051 767.032 752.588 448.79 271.382 628.8 126.557 397.464 116.158 70.9915 495.65 434.601 339.259 241.763 109.531 385.149 220.265 164.066 97.4952 123.788 70.7195 546.634 45.3203 774.622 230.327 544.295
internal_count=1074050 1035816 38234 29279 198978 8955 26067 136058 7117 24241 6071 10203 4856 3825 1838 1718 122660 62687 13398 7083 4754 40022 59973 1826 369 836838 83387 3212 882 2330
is_linear=0
shrinkage=0.05


Tree=50
num_leaves=31
num_cat=0
split_feature=0 0 42 0 59 42 0 172 173 164 95 66 95 70 83 162 161 77 159 157 173 0 108 162 101 82 160 72 164 83
split_gain=663.966 93.7371 38.0304 36.7554 22.9746 21.3869 20.9788 17.0569 15.7057 14.0445 11.3803 11.3014 10.7957 14.2412 10.6482 10.5038 9.48199 9.08683 9.2484 8.82302 8.35448 13.6881 8.59254 8.08403 8.51202 8.66076 8.06917 7.86828 7.46691 7.17958
threshold=0.072661120000328969 0.60678019017954943 1.0000000180025095e-35 0.0088049481694041625 2.5000000000000004 13.500000000000002 0.94875966535953815 0.098312000000000024 0.21062300000000003 11.291666666650002 0.75316150000000015 0.13751950000000004 1.7249155 58.500000000000007 0.55209450000000004 0.050711250000000006 0.033617500000000008 7.5000000000000009 0.66606750000000015 5.7750000000000012 0.2738445000000001 0.0019437620776660012 1.0000000180025095e-35 0.055337916666650007 0.017245000000000003 682.50000000000011 0.030353375000000002 3.5000000000000004 5.8166666666650011 0.58688250000000008
decision_type=2 2 2 2 2 2 2 2 2 2 2 2 2 2 2 2 2 2 2 2 2 2 2 2 2 2 2 2 2 2
left_child=3 5 6 20 11 8 10 -5 -2 -7 -3 12 15 16 28 -4 -14 18 -17 23 -1 -22 -23 -8 25 -25 -9 -16 -6 -28
right_child=1 2 4 7 14 9 19 26 -10 -11 -12 -13 13 -15 27 17 -18 -19 -20 -21 21 22 -24 24 -26 -27 29 -29 -30 -31
leaf_value=-0.051476284424316454 -0.024138782615213183 -0.0079700230231210915 -0.010358832815787852 -0.043351742844808583 0.026411653268028325 0.034042442281202095 -0.077853793645940195 0.0046808984568737699 -0.004333987138882567 -0.0045140719577697287 0.0081114129751576249 0.051827953148411543 0.04934856050640523 0.038628908723422055 0.011443616804401268 0.02732250418440629 -0.014204804951087016 -0.0044305292324546951 -0.044655203971806931 0.019029856690510272 -0.046575610076502141 0.07427658978309308 -0.013051928646055772 0.0015961003446215939 0.03366194136000298 -0.079900427829748252 -0.046776954947375271 0.047029028803874225 -0.043479555115120964 -0.012432708052905125
leaf_weight=478.26230489760928 164.71780407156984 163.5780050453468 24.385440196376294 70.025423276467336 5.2416591552319014 45.937515074678231 2.9880245793610802 44.228827898172312 255.19859539358004 48.611951726248662 335.96214302931912 50.218428304418921 7.9375527161173549 242.71102188853547 205.91957927751355 288.93826704658568 22.520436313468963 26.36982038395945 4.5328459404408923 544.97412731591612 32.488503913871682 4.0624258581992736 9.1861360540533497 77.414352563908324 21.348763223737478 3.4033202771097413 21.34174459620408 16.801142488140613 14.105007863952778 53.024591283341579
leaf_count=745497 51956 6068 351 80181 205 2181 51 15120 20920 9331 5208 97 24 757 2331 1270 143 308 26 2042 72150 1322 17869 542 80 25 16242 53 1891 19809
internal_value=0 0.0118255 0.0165948 -0.042711 0.0242333 -0.00726526 0.0105507 -0.0237844 -0.0121027 0.0142189 0.00284543 0.0290181 0.0271627 0.0345847 0.0110373 0.0212728 0.00235762 0.0236845 0.0262108 0.0164712 -0.0495239 -0.0291082 0.0137257 0.00321095 0.00558182 -0.00183581 -0.0122308 0.014128 -0.0245437 -0.0222889
internal_weight=0 2573.82 2059.35 712.62 909.681 514.466 1149.67 188.621 419.916 94.5495 499.54 667.614 617.395 273.169 242.067 344.226 30.458 319.841 293.471 650.129 523.999 45.7371 13.2486 105.154 102.166 80.8177 118.595 222.721 19.3467 74.3663
internal_count=1074050 105860 21472 968190 7456 84388 14016 131352 72876 11512 11276 2976 2879 924 4480 1955 167 1604 1296 2740 836838 91341 19191 698 647 567 51171 2384 2096 36051
is_linear=0
shrinkage=0.05


Tree=51
num_leaves=31
num_cat=0
split_feature=0 0 66 0 141 42 42 83 82 70 70 169 34 70 34 159 167 95 83 168 100 164 170 44 159 138 47 168 96 148
split_gain=627.027 91.0993 46.6375 36.6897 33.4322 29.119 20.5961 16.6469 16.3673 13.6636 21.2015 13.6362 11.5719 10.977 9.97477 11.4352 9.94327 9.72695 9.30206 9.23639 9.22993 9.53625 8.96613 8.85447 8.46532 8.38075 9.14603 10.01 8.10902 7.49698
threshold=0.072661120000328969 0.86620967868038068 0.062324500000000012 0.0088049481694041625 41.500000000000007 9.5000000000000018 31.500000000000004 0.55406350000000015 575.50000000000011 100.50000000000001 99.500000000000014 6.5000000000000009 38.500000000000007 123.50000000000001 72519.500000000015 0.18231550000000005 6.5000000000000009 0.85877850000000011 0.5414135000000001 41.500000000000007 1.5000000000000002 2.2916666666650003 0.35650650000000006 1.0000000180025095e-35 0.49088075000000003 0.053537000000000008 1699.5000000000002 182.50000000000003 0.026810000000000004 5.5000000000000009
decision_type=2 2 2 2 2 2 2 2 2 2 2 2 2 2 2 2 2 2 2 2 2 2 2 2 2 2 2 2 2 2
left_child=3 2 4 23 6 9 8 -5 28 10 11 20 -13 -8 15 -11 -10 -9 -6 -12 21 -3 -7 -1 -20 26 27 -14 -2 -18
right_child=1 5 -4 7 18 22 13 17 16 14 19 12 25 -15 -16 -17 29 -19 24 -21 -22 -23 -24 -25 -26 -27 -28 -29 -30 -31
leaf_value=-0.049816606985768605 -0.011984420019627049 0.022556854145780052 0.038298045852328294 -0.050872006392143454 -0.04642810652512603 -0.0042608075792943756 0.0088676447934410447 -0.028773772977897114 -0.0025761925147122582 -0.013145672282885391 -0.062955434724542444 -0.057962325289771646 0.013785862045527293 0.039775434986110816 0.012697631417291459 0.02992386280062222 0.018033607680318441 -0.0026357177612943809 -0.025346579850249941 -0.0051787957452304285 -0.024032381279067875 -0.0042336486945413771 0.034052245681327219 0.071117640221904255 -0.0023512925084609396 0.03760177523329869 0.034556725442707173 -0.062553178287345787 -0.046495882576233417 -0.0075320435504027394
leaf_weight=499.18588622772586 119.46266616172215 54.239290150580928 73.769303207285702 42.471387287176185 30.759871828126052 16.031808773172088 75.018171735428041 68.590179658342095 326.28394961857703 16.29270979296416 12.775686330161991 5.0832452950999132 377.18661285284907 46.553450116916792 179.2366832906846 284.93699983577244 130.52401445287978 73.987952214694815 104.4987177915973 15.085010383743791 30.927640427602455 85.700364873046055 321.54015114880167 1.5181783869011258 64.86613442239468 48.454135087318718 55.992649883963168 4.3436472062021485 19.848905821359949 36.749265366757754
leaf_count=836352 16046 375 283 54889 24125 174 1777 55293 18154 214 282 18 2049 681 1046 1270 3553 21170 21312 135 388 940 1002 486 6352 169 219 20 4196 1080
internal_value=0 0.0114697 -5.17361e-06 -0.042419 -0.00296527 0.0192955 0.00185407 -0.0233949 -0.00176677 0.0155637 0.0110546 0.012853 0.0170863 0.0207032 0.0220372 0.0275943 0.00250518 -0.01521 -0.0211335 -0.0316726 0.000686952 0.0061501 0.0322327 -0.0494499 -0.0165395 0.0178713 0.0156862 0.0129168 -0.0169016 0.0124169
internal_weight=0 2536.16 1028.33 685.754 954.565 1507.83 754.44 185.05 632.869 1170.25 689.788 661.928 491.06 121.572 480.466 301.23 493.557 142.578 200.125 27.8607 170.867 139.94 337.572 500.704 169.365 485.977 437.523 381.53 139.312 167.273
internal_count=1074050 105860 97559 968190 97276 8301 45487 131352 43029 7125 4595 4178 2475 2458 2530 1484 22787 76463 51789 417 1703 1315 1176 836838 27664 2457 2288 2069 20242 4633
is_linear=0
shrinkage=0.05


Tree=52
num_leaves=31
num_cat=0
split_feature=0 0 164 42 83 70 159 42 0 105 169 0 95 103 42 42 95 109 48 42 70 158 125 158 2 62 183 129 172 0
split_gain=593.977 104.941 47.9112 33.1412 28.6505 21.4239 17.17 15.8841 15.2721 14.0734 13.999 11.9677 11.6848 11.5495 11.3093 11.0086 9.94479 9.42122 9.14292 8.50362 8.9076 7.87662 9.37842 9.32893 7.54992 7.43034 7.41061 8.0202 7.30332 11.6647
threshold=0.37969951586789719 0.0088049481694041625 15.708333333350001 1.0000000180025095e-35 0.54296050000000007 11.500000000000002 0.1948835833335 487.50000000000006 0.94875966535953815 4.5000000000000009 4.5000000000000009 0.7740980979447657 0.95778900000000011 12.500000000000002 297.50000000000006 264.50000000000006 1.7249155 5.5000000000000009 1.0000000180025095e-35 11.500000000000002 21.500000000000004 2.1833333333350002 0.026234500000000004 3.3666666666650005 910.00000000000011 30.500000000000004 0.09271900000000001 7.5000000000000009 0.19947300000000004 0.0019437620776660012
decision_type=2 2 2 2 2 2 2 2 2 2 2 2 2 2 2 2 2 2 2 2 2 2 2 2 2 2 2 2 2 2
left_child=1 28 3 8 -3 13 21 9 12 16 -6 -8 -2 -4 18 24 17 -5 26 20 -13 -7 23 25 -11 -23 27 -12 -1 -30
right_child=2 4 5 7 10 6 11 -9 -10 15 14 19 -14 -15 -16 -17 -18 -19 -20 -21 -22 22 -24 -25 -26 -27 -28 -29 29 -31
leaf_value=-0.051221138774484892 -0.0068344840581419618 -0.050810453282313942 0.0017429849645735557 0.020700880628225303 -0.025202554490506197 -0.022689625326221291 -0.0032849719415263563 0.04218158254293998 0.018028556417546377 -0.037453205285528021 -0.0087660441331874721 0.049801827100097368 0.011454033172175327 -0.040642827146759861 0.037811032925539119 -0.077672790518074061 0.033826258627284389 -0.069407739459303328 0.016369028133754203 0.034380306699902462 0.0096112106191348842 0.030936115615563094 -0.028886006967799194 -0.034417009547457182 0.013478485922971335 -0.049914969804750228 0.01454221448156391 -0.03066705072860397 -0.046094177526014246 0.013494686704228355
leaf_weight=438.70638397705625 137.96397479609004 53.594036525697447 26.248285689362092 266.96577006627922 137.5021441456156 64.096055273883394 110.86881031854136 136.80322658811929 509.38394657545723 8.2265920735080709 164.21935329919506 14.679025048913898 238.01119438148453 41.453402943705441 14.109311889711533 3.9978424971923223 232.74595752256573 2.9326427141204467 33.641042734387156 51.807419538206887 226.71964387991466 34.974653532393859 17.658184866362717 8.2037083181785402 62.984884734323714 3.0929992107558055 24.697491594153689 56.076164888818312 28.474762922476657 11.541400934696865
leaf_count=753451 6384 62920 623 3012 69410 3742 5495 469 2169 282 36766 86 3876 6328 434 20 1007 17 5797 267 1807 1037 565 296 650 102 1998 21653 66382 17005
internal_value=0 -0.0327587 0.014334 0.0188519 -0.016337 0.0022822 0.00565288 0.0268614 0.0123868 0.0232344 -0.0120427 0.0107085 0.00474307 -0.0242096 -0.00586155 0.00306219 0.0262528 0.0197218 -0.00807302 0.0159998 0.0120551 -0.0103038 0.00211438 0.0139448 0.00759468 0.024367 -0.0114293 -0.0143409 -0.049356 -0.0289076
internal_weight=0 962.562 2199.82 1600.02 483.84 599.802 532.1 714.657 885.359 577.854 430.246 404.075 375.975 67.7017 292.743 75.2093 502.644 269.898 278.634 293.206 241.399 128.026 63.9295 46.2714 71.2115 38.0677 244.993 220.296 478.723 40.0162
internal_count=1074050 1035816 38234 17886 198978 20348 13397 5457 12429 4988 136058 7655 10260 6951 66648 952 4036 3029 66214 2160 1893 5742 2000 1435 932 1139 60417 58419 836838 83387
is_linear=0
shrinkage=0.05


Tree=53
num_leaves=31
num_cat=0
split_feature=0 0 42 0 83 0 42 177 82 170 83 72 83 99 48 100 70 42 138 164 58 162 42 96 98 53 83 172 0 181
split_gain=563.916 94.8844 39.1784 23.5451 22.4934 19.904 18.5166 18.0833 13.5115 12.2033 11.942 10.7115 10.3925 10.3523 9.00214 8.99105 8.50269 8.44667 8.23325 8.21085 8.09394 7.79267 8.31092 7.90599 7.7879 7.75677 7.6327 7.08891 10.6875 7.00547
threshold=0.043984350660107828 0.60678019017954943 6.5000000000000009 0.94875966535953815 0.54296050000000007 0.0088049481694041625 44.500000000000007 2.6904761904800005 575.50000000000011 1.0967200000000001 0.57964650000000006 1.5000000000000002 0.5677525000000001 0.03842700000000001 1.0000000180025095e-35 1.0000000180025095e-35 43.500000000000007 1.0000000180025095e-35 0.033014000000000009 11.291666666650002 0.030651500000000002 0.052843250000000008 9120.5000000000018 0.023330500000000001 8.7083333333350019 1.5000000000000002 0.57291350000000019 0.19947300000000004 0.0019437620776660012 1.8210830000000002
decision_type=2 2 2 2 2 2 2 2 2 2 2 2 2 2 2 2 2 2 2 2 2 2 2 2 2 2 2 2 2 2
left_child=5 4 3 7 -2 27 8 12 13 11 20 -4 -3 -6 17 -11 -12 24 -9 -8 -7 -13 23 -23 -10 -17 -25 -1 -29 -5
right_child=1 2 9 29 6 10 19 18 14 15 16 21 -14 -15 -16 25 -18 -19 -20 -21 -22 22 -24 26 -26 -27 -28 28 -30 -31
leaf_value=-0.051095530669439816 -0.045532026479705612 -0.022567074059137573 -0.027942238793723973 0.013423890109774184 -0.0082753908191912813 -0.047844002585372816 0.036503501648570288 0.0083781181028731964 -0.0064170629919434148 0.034434656814699427 0.01492907902873758 -0.012527593317012318 0.00011419371804600098 -0.040482871792417059 0.018131149771956803 -0.054007687512377389 -0.024720271832065717 0.0068264043450733435 0.028007944361450113 0.00055322389735535467 0.0093086814688953159 0.030695126676290291 0.05401898441524066 -0.047080378352660539 -0.027024633855970915 0.019502710274668156 0.012201717875779667 -0.046100795640096753 0.010661513337247238 0.023327911107808137
leaf_weight=420.26188014122818 37.457579514910321 61.994203166221268 12.48833257582737 512.12463782355189 47.540847738084267 55.78246480083908 34.181891817890573 251.89806782716187 167.75128741769004 324.39205510119791 21.489842287766805 16.756202497985214 272.48464606155176 52.503701430385263 39.528366897648084 5.1678347416454935 36.466019507111923 79.743191616158583 67.792881584027782 29.667937099373376 6.968683886298094 72.931779458420351 19.375860141939484 5.924665164173347 63.088808996748412 11.743066753610037 64.98446098214481 27.318035266038351 11.907297509493217 274.1154339807108
leaf_count=753451 36414 4936 438 2461 9207 72254 1234 3564 14664 1170 7527 319 5597 21980 3266 46 23525 7055 522 2989 2391 459 71 449 13234 71 417 66382 17005 952
internal_value=0 0.0102115 0.0153336 0.0110458 -0.00812499 -0.0444516 -0.005399 0.00403757 -0.00897308 0.0269045 -0.026383 0.0168368 -0.00408968 -0.025178 -0.00434252 0.0325818 -0.0100184 -0.00720278 0.0125408 0.0197991 -0.041497 0.019944 0.0232776 0.0191367 -0.0120491 -0.00296147 0.00724853 -0.0491982 -0.0288699 0.0168768
internal_weight=0 2525.64 1974.17 1440.41 551.464 580.194 514.006 654.17 450.156 533.764 120.707 192.461 334.479 100.045 350.112 341.303 57.9559 310.583 319.691 63.8498 62.7511 179.973 163.217 143.841 230.84 16.9109 70.9091 459.487 39.2253 786.24
internal_count=1074050 131515 21472 18032 110043 942535 73629 14619 69406 3440 105697 2153 10533 31187 38219 1287 31052 34953 4086 4223 74645 1715 1396 1325 27898 117 866 836838 83387 3413
is_linear=0
shrinkage=0.05


Tree=54
num_leaves=31
num_cat=0
split_feature=0 0 42 42 107 0 70 138 95 84 115 157 83 167 83 70 164 77 110 70 99 89 3 0 83 164 48 0 3 74
split_gain=530.514 91.5266 40.9456 29.1797 25.2554 20.7836 13.2899 12.7168 12.753 12.5125 11.5712 11.5026 11.0122 10.5441 10.3912 10.1826 9.98166 9.69936 9.10044 9.00668 8.99693 11.8836 9.75714 8.82021 8.05913 9.01751 7.94355 7.84842 7.35991 7.30339
threshold=0.043984350660107828 0.7740980979447657 188.50000000000003 1.0000000180025095e-35 6.5000000000000009 0.0088049481694041625 19.500000000000004 0.059564000000000006 3.1377315000000006 140.50000000000003 0.091351000000000016 6.083333333335001 0.55671950000000014 8.5000000000000018 0.5425715000000001 43.500000000000007 15.708333333350001 8.5000000000000018 27.500000000000004 11.500000000000002 0.091070500000000013 2.5000000000000004 0.012433500000000002 0.94875966535953815 0.55899450000000017 4.708333333335001 1.0000000180025095e-35 0.26731028589363609 0.010933500000000001 3.5500000000000003
decision_type=2 2 2 2 2 2 2 2 2 2 2 2 2 2 2 2 2 2 2 2 2 2 2 2 2 2 2 2 2 2
left_child=5 2 4 11 9 -1 18 8 14 20 -4 13 -7 -3 -5 -14 -13 27 -6 -18 21 -2 28 24 25 -16 -21 -8 -23 -26
right_child=1 3 10 7 6 12 17 -9 -10 -11 -12 16 15 -15 23 -17 19 -19 -20 26 -22 22 -24 -25 29 -27 -28 -29 -30 -31
leaf_value=-0.04918669743673415 -0.019274312796745408 -0.0030953098557764541 0.010392981827181631 -0.044466397154623381 -0.011927200537097444 -0.050694301078207819 -0.021304589751882388 0.039451352992871308 0.036002021784372507 0.023033151176221376 0.04809075900699996 0.01684916528904842 0.0075164984964351369 0.037451677578590345 0.037420937206176501 -0.028680490693280821 -0.028366916209217632 -0.036876816076444843 -0.051857672317130878 0.0095639211373463873 0.013978310769939046 -0.002417209551381617 0.014345194696879794 0.025062186400886921 0.026709590295982733 -0.049249708382935492 -0.046489422410134484 -0.0031942471777035367 -0.046183225159959068 0.0072694517787853926
leaf_weight=437.88477437977417 107.51744041415805 188.85839920982835 40.057253919523646 6.6443170003767582 21.857863635246758 31.80836427639224 91.102282253537851 113.81763090612367 117.42775535199326 57.245951464850805 41.387568562553497 584.28892097657081 29.560378118996596 17.52111298404634 4.2072941156802672 56.689770516255521 19.759789792413358 36.578455117691192 41.098394801047107 159.45622668031137 64.982409545635164 35.805747919293935 77.688588557430194 246.68152560433373 73.28398405900225 10.468223349307664 6.581370211672037 174.23811835628658 13.127832643920554 141.7889721293468
leaf_count=836838 17075 2740 4764 533 2815 46902 34336 321 432 1407 161 3532 13189 103 65 45606 570 8801 19498 1333 6240 3418 5997 1001 349 336 55 12569 1828 1236
internal_value=0 0.00984743 -0.00405569 0.0164478 -0.00785051 -0.0441669 -0.0170971 0.0241276 0.0212232 0.00161686 0.0295497 0.0108298 -0.0255484 0.00034703 0.0176307 -0.0162748 0.0136391 -0.0127397 -0.0379942 0.00354439 -0.00248179 -0.00705008 0.00332977 0.0184967 0.0114473 -0.0244023 0.00734209 -0.00941227 -0.0141587 0.0138935
internal_weight=0 2493.47 802.688 1690.79 721.243 555.943 364.875 714.32 600.502 356.368 81.4448 976.466 118.059 206.38 483.074 86.2501 770.086 301.919 62.9563 185.797 299.122 234.14 126.622 476.43 229.748 14.6755 166.038 265.34 48.9336 215.073
internal_count=1074050 131515 118909 12606 113984 942535 78019 4273 3952 35965 4925 8333 105697 2843 3520 58795 5490 55706 22313 1958 34558 28318 11243 2987 1986 401 1388 46905 5246 1585
is_linear=0
shrinkage=0.05


Tree=55
num_leaves=31
num_cat=0
split_feature=0 0 42 0 0 83 83 42 167 98 74 83 95 115 70 34 83 102 72 126 2 159 44 2 137 170 105 172 0 48
split_gain=502.745 87.2031 36.9669 23.7921 20.5887 20.3806 17.269 16.1779 12.9283 12.8363 12.3365 10.692 10.1455 9.76444 9.17165 9.00137 8.54647 8.99903 8.31745 8.72936 7.60531 7.4451 7.24219 8.96604 7.17941 6.9471 8.17598 6.93358 9.90244 6.73825
threshold=0.043984350660107828 0.60678019017954943 31.500000000000004 0.94875966535953815 0.0088049481694041625 0.54296050000000007 0.57048050000000006 13.500000000000002 8.5000000000000018 2.7750000000000004 57.100000000000009 0.55671950000000014 1.2008335000000001 0.088099500000000011 43.500000000000007 42554.500000000007 0.55278050000000012 0.19278150000000002 1.0000000180025095e-35 0.058940500000000007 215462.50000000003 0.14406000000000002 1.0000000180025095e-35 149609.00000000003 0.10580350000000001 1.9376475000000002 8.5000000000000018 0.19947300000000004 0.0019437620776660012 1.0000000180025095e-35
decision_type=2 2 2 2 2 2 2 2 2 2 2 2 2 2 2 2 2 2 2 2 2 2 2 2 2 2 2 2 2 2
left_child=4 5 3 6 27 -2 8 12 -3 -8 22 -6 29 -9 -13 16 -5 25 19 20 -11 -12 23 -4 -14 26 -18 -1 -29 -7
right_child=1 2 10 15 11 7 9 13 -10 18 21 14 24 -15 -16 -17 17 -19 -20 -21 -22 -23 -24 -25 -26 -27 -28 28 -30 -31
leaf_value=-0.051020700157020565 -0.045149504612802253 -0.02161657105464283 0.036169622590950919 -0.015938247619625437 -0.050657948853200976 -0.019248234697897632 0.018841580410367889 0.00034674857843813406 0.0199946317110751 0.00961604319660345 -0.064019436542605293 0.0064722728693050102 0.0014201275174507645 0.034526719102918678 -0.028054718798226692 0.01217641230998541 0.02090067920503182 -0.022822228464248334 0.0064654004323267166 -0.048275725486043107 -0.027212014440466295 0.012324362526757414 0.049326519971770982 0.013449643403761147 -0.092480215603272894 0.031800964232139968 -0.023110456541565901 -0.045543433563600876 0.011189880144267498 0.0044984209134171322
leaf_weight=383.84845174155998 35.117455953775789 90.635917809093371 153.46648247039411 14.01493279263377 30.378846624858852 220.68093085996225 192.67660880240146 53.231021724641323 23.507751735160127 38.439545907545835 3.427079659595619 29.425526036669908 153.2735019702086 34.397236815450015 55.533679157149891 448.64518787665293 183.18342585628852 10.088594384025781 362.73679902608274 13.50379227939993 22.065419781487435 46.84912849101238 60.553778756235261 60.558582846773788 2.0630080136470488 190.50664405617863 11.197525242343543 25.030984437056759 11.103138047554237 34.550233841429872
leaf_count=753451 36414 6430 584 109 46902 48558 1865 7033 296 669 193 13189 12330 391 45606 1965 881 79 5701 350 661 504 145 335 42 584 121 66382 17005 5275
internal_value=0 0.00955791 0.0145122 0.0113921 -0.0439109 -0.00833444 0.00484644 -0.00573938 -0.0130468 0.00809132 0.0298909 -0.0251995 -0.00990194 0.0137636 -0.0160963 0.0170672 0.0224322 0.0237937 0.00334869 -0.0119271 -0.0038147 0.00712038 0.0340602 0.029741 0.000173047 0.0250155 0.0183654 -0.0490496 -0.0281107 -0.0160337
internal_weight=0 2459.37 1926.06 1601.2 535.321 533.313 743.566 498.196 114.144 629.422 324.855 115.338 410.568 87.6283 84.9592 857.636 408.991 394.976 436.746 74.0088 60.505 50.2762 274.579 214.025 155.337 384.888 194.381 419.983 36.1341 255.231
internal_count=1074050 131515 21472 19711 942535 110043 15972 73629 6726 9246 1761 105697 66205 7424 58795 3739 1774 1665 7381 1680 1330 697 1064 919 12372 1586 1002 836838 83387 53833
is_linear=0
shrinkage=0.05


Tree=56
num_leaves=31
num_cat=0
split_feature=0 0 42 0 0 176 83 83 170 42 83 66 70 129 91 173 3 152 99 127 2 159 172 138 82 115 137 182 98 102
split_gain=476.519 81.1243 40.5547 25.029 19.8876 19.5878 18.0882 15.9894 15.5498 11.4099 10.5637 10.3961 8.21719 8.17134 8.02192 10.116 11.0312 7.59348 10.1782 7.57975 7.49453 9.18716 7.27626 7.27015 7.15207 7.04095 8.32067 6.96266 6.90348 7.67491
threshold=0.043984350660107828 0.48090646582193369 2.5000000000000004 0.94875966535953815 0.0088049481694041625 1.5000000000000002 0.55341550000000017 0.56713550000000013 2.1083045000000005 1707.0000000000002 0.55671950000000014 0.092661500000000022 43.500000000000007 7.5000000000000009 57.500000000000007 0.41799100000000006 0.061895500000000006 0.093043500000000015 0.04683650000000001 0.10054100000000001 120938.00000000001 0.14406000000000002 0.18234050000000002 0.027653 614.50000000000011 0.035952500000000005 0.051378 0.058944000000000003 25.100000000000005 0.095543000000000017
decision_type=2 2 2 2 2 2 2 2 2 2 2 2 2 2 2 2 2 2 2 2 2 2 2 2 2 2 2 2 2 2
left_child=4 7 3 8 -1 6 -4 -2 13 14 -6 17 -12 28 15 16 25 18 -9 -17 -8 -22 -15 -10 -20 -7 -27 -26 -3 -30
right_child=1 2 5 -5 10 9 20 11 23 -11 12 -13 -14 22 -16 19 -18 -19 24 -21 21 -23 -24 -25 27 26 -28 -29 29 -31
leaf_value=-0.048944585067789828 -0.029610079980418338 0.0028203827580925238 -0.032050395558262362 0.01489370163182345 -0.051177212602698877 0.054318100472934561 0.022692348796219883 0.0037016577084833628 0.0080904260231908168 0.050711151364153995 0.0052258257837004768 0.045238388303577508 -0.027647355669159015 -0.029618592529609189 0.038961894321665122 0.036745399821181517 -0.065342346857405656 0.0081031659177848454 -0.024467133894432384 -0.018841497689805489 -0.039815808472484449 0.010956438653176824 -0.0039148175080851643 0.032039288451930409 0.02117787773173066 0.013434517620283797 -0.053581342733006958 -0.017109784901310057 0.019773710403602891 -0.029802321749305118
leaf_weight=401.44051696834867 89.45598119463466 283.82297723880038 19.881475456342741 712.86721962445881 28.969245472690091 9.8417162788100523 193.93861927816761 78.58868093691126 162.54804394897656 62.830566046759486 29.250761295646953 9.7031628446420637 54.297499916818197 51.009239253849955 98.861946928780526 92.123905755579472 4.5615471852943292 63.765101414603123 123.06587341654085 6.5700468830764285 10.165978015051222 72.105860997689888 59.823973335209303 39.363445442751981 19.6206897009979 84.429052475839853 4.9005710417404762 30.074392691429239 10.130517243262146 34.033485594161903
leaf_count=836838 59167 7079 2774 3212 46902 47 1787 7878 2995 149 13189 50 45606 2710 296 306 31 4664 25036 29 193 668 1771 289 1271 525 66 3574 682 4266
internal_value=0 0.00925801 0.0134032 0.00844785 -0.0437375 0.023563 0.0140124 -0.0108922 0.0012763 0.0313293 -0.0251595 -0.00573721 -0.0161383 -0.00400732 0.0272874 0.0215858 0.0106833 -0.00730687 -0.0112163 0.033045 0.017328 0.00468273 -0.0157446 0.0127594 -0.0180024 0.0141802 0.00975807 -0.00199299 -4.10673e-05 -0.0184304
internal_weight=0 2428.08 2013.81 1353.6 513.958 660.211 296.092 414.274 640.732 364.119 112.518 324.818 83.5483 438.82 301.289 202.427 103.733 315.115 251.35 98.694 276.21 82.2718 110.833 201.911 172.761 99.1713 89.3296 49.6951 327.987 44.164
internal_count=1074050 131515 29875 23004 942535 6871 5422 101640 19792 1449 105697 42473 58795 16508 1300 1004 669 42423 37759 335 2648 861 4481 3284 29881 638 591 4845 12027 4948
is_linear=0
shrinkage=0.05


Tree=57
num_leaves=31
num_cat=0
split_feature=0 0 66 141 42 0 70 82 98 2 83 101 82 83 96 72 91 171 42 152 59 82 70 176 70 74 127 104 70 125
split_gain=450.214 79.0505 41.4755 32.4832 27.323 19.6209 19.2675 13.6161 12.0327 11.3637 10.293 10.0434 9.77329 8.90957 8.83835 8.51285 8.46694 8.19948 8.07302 8.03239 7.89035 7.71671 7.36561 7.20425 7.16798 11.6007 9.11747 16.1537 8.79735 7.94399
threshold=0.043984350660107828 0.86620967868038068 0.062324500000000012 41.500000000000007 2.5000000000000004 0.0088049481694041625 123.50000000000001 576.50000000000011 7.083333333335001 21926.000000000004 0.55671950000000014 0.020438000000000001 572.50000000000011 0.5414135000000001 0.026810000000000004 2.5000000000000004 78.500000000000014 0.0099635000000000019 48.500000000000007 0.03161350000000001 3.5000000000000004 641.50000000000011 43.500000000000007 1.5000000000000002 38.500000000000007 49.100000000000009 0.05023600000000001 0.21521850000000001 102.50000000000001 0.08668300000000001
decision_type=2 2 2 2 2 2 2 2 2 2 2 2 2 2 2 2 2 2 2 2 2 2 2 2 2 2 2 2 2 2
left_child=5 2 3 6 9 -1 7 14 -6 16 -7 12 -11 -5 23 -10 -3 -15 19 -8 -13 -19 -12 -2 25 -14 27 29 -28 -26
right_child=1 4 -4 13 8 10 18 -9 15 11 22 20 24 17 -16 -17 -18 21 -20 -21 -22 -23 -24 -25 26 -27 28 -29 -30 -31
leaf_value=-0.048801473719476129 -0.016580888657578716 0.013304046030569193 0.036421436197597273 -0.047848353349545972 0.030902707623899201 -0.051235295625369284 -0.015420407434722989 0.0012319287372527432 -0.007415222002616584 -0.022714961181745166 0.0042368126567303458 0.025574050425058295 0.01913706599666878 0.015900438241120109 -0.043602936106402264 0.030952328137947949 0.027733892265899979 -0.025172032619648267 0.036615443515033728 0.021154876632833646 -0.040593032339679702 0.0142984174591557 -0.027052140263620225 0.012214647389719316 0.0071435268867997229 -0.030533549758883262 -0.02852316072876326 -0.044033388667800766 0.0028537358825170625 0.04073088438202966
leaf_weight=384.03604539209482 106.56401099385403 412.00906408159062 66.443523902154993 29.456261428415019 355.46757138636895 27.634451715908654 22.63003151173325 471.40211734430341 38.537387501681224 35.118123198160902 29.136439024689025 77.4435602305457 116.32182330451906 16.093893272627611 24.102071547327796 23.137184164253995 134.95748196239583 138.12606887926813 42.835262796819734 44.585570831768564 4.7839228622615328 13.602525917609453 53.065526013728231 27.28177525245701 56.882721787784249 13.076531743165104 44.28188647935167 12.234468828886746 45.082995406817645 25.495128604583442
leaf_count=836838 18054 2769 292 30438 1243 46902 3273 25670 490 563 13189 370 668 2097 5573 102 542 33249 694 1320 39 778 45606 1776 470 171 416 72 265 121
internal_value=0 0.00895325 -0.00175172 -0.00445954 0.016652 -0.0434717 0.000350005 -0.00302515 0.0273655 0.0120809 -0.0248365 0.0060064 0.00229769 -0.0224857 -0.0157306 0.00697834 0.0168644 -0.0180341 0.0196516 0.00884077 0.0217245 -0.0216335 -0.0159618 -0.0107115 0.00510071 0.0141175 -0.00124117 0.00957653 -0.0126941 0.0175385
internal_weight=0 2397.95 1003.12 936.68 1394.83 493.872 739.401 629.35 417.142 977.688 109.836 430.721 348.494 197.279 157.948 61.6746 546.967 167.822 110.051 67.2156 82.2275 151.729 82.202 133.846 313.376 129.398 183.977 94.6123 89.3649 82.3779
internal_count=1074050 131515 123214 122922 8301 942535 56360 51073 1835 6466 105697 3155 2746 66562 25403 592 3311 36124 5287 4593 409 34027 58795 19830 2183 839 1344 663 681 591
is_linear=0
shrinkage=0.05


Tree=58
num_leaves=31
num_cat=0
split_feature=0 0 42 0 0 98 177 138 157 42 83 2 82 83 53 42 167 107 66 154 39 82 82 181 168 172 0 2 68 58
split_gain=426.438 76.9844 36.7959 28.8583 19.8907 15.1666 15.1299 13.948 13.1 10.3758 10.1766 9.7583 8.25789 8.10579 8.40026 8.04021 9.50556 7.51562 7.38559 7.38403 7.28612 7.73285 7.51435 8.21432 7.16886 7.0864 9.06636 7.08064 7.00423 6.97803
threshold=0.043984350660107828 0.48090646582193369 37.500000000000007 0.86620967868038068 0.0088049481694041625 8.7083333333350019 3.2250000000000005 0.033014000000000009 6.3666666666650009 4462.5000000000009 0.55671950000000014 149609.00000000003 583.50000000000011 0.5683895000000001 1.0000000180025095e-35 2.5000000000000004 3.5000000000000004 1.5000000000000002 0.059568000000000003 2.5000000000000004 1.5000000000000002 645.50000000000011 579.50000000000011 0.089352000000000015 23.500000000000004 0.19947300000000004 0.0019437620776660012 625678.00000000012 50.000000000000007 0.0086450000000000016
decision_type=2 2 2 2 2 2 2 2 2 2 2 2 2 2 2 2 2 2 2 2 2 2 2 2 2 2 2 2 2 2
left_child=4 5 3 7 25 19 11 13 20 -7 -6 -4 -13 14 -3 18 -17 -9 -10 28 29 22 23 -22 -12 -1 -27 -26 -2 -5
right_child=1 2 6 8 10 9 -8 17 15 -11 24 12 -14 -15 -16 16 -18 -19 -20 -21 21 -23 -24 -25 27 26 -28 -29 -30 -31
leaf_value=-0.0508401079389868 -0.031293120982773363 -0.0070509593387003263 0.026384837526670542 0.0060290755190266845 -0.051232701678592951 -0.026602633824793616 0.042183943767696352 0.030922969049357398 0.014051610657682588 0.048292363380015017 -0.030636397684809708 -0.025543428954024661 0.016357155081795832 -0.0012893084521205384 -0.042863686778599142 -0.020465027348982721 0.02969441535405952 -0.00099386521683123355 0.063556829110902907 -0.0079430859910037954 0.056766760550787769 -0.036829320432525736 0.0084518326983247429 -0.024046369714753893 0.007564153066918231 -0.044541989203910858 0.012117408844089897 -0.051061151181845857 0.021951799329279657 0.033456047476084008
leaf_weight=336.03691773601531 7.2886972187843631 45.184010802404373 143.24363762205758 84.102202559588477 26.424311010414385 140.07899669800827 122.45123329851776 47.345824282616377 740.48337880300824 4.7822886323847333 39.950190791012574 18.703569510500529 31.669864885130664 310.72763071407098 25.680358124140184 10.048913654056376 157.22414473351091 30.215383926581126 7.6113972477614871 211.00703391763818 3.4340253579430273 15.249589443206785 94.684941029641777 37.292471168446355 35.435178520201589 21.992385335510335 10.398805540753527 6.0263311278249594 40.478259904150036 32.020405549556017
leaf_count=753451 1122 4800 1317 705 46902 67810 331 426 4224 623 39097 472 171 9395 4632 125 603 701 23 30003 30 123 948 698 14923 66382 17005 4775 2082 151
internal_value=0 0.00870608 0.012806 0.00979769 -0.0431591 -0.0111761 0.0284281 -0.000840516 0.0139296 -0.0241301 -0.024272 0.0197283 0.00079954 -0.00476941 -0.020029 0.0167711 0.0266811 0.0184892 0.0145553 -0.00392452 0.00417999 -0.00307432 0.000727053 -0.0172323 -0.0155212 -0.0486872 -0.0263522 -0.000956894 0.0138272 0.013592
internal_weight=0 2361.01 1957.37 1641.3 476.264 403.635 316.068 459.153 1182.15 144.861 107.836 193.617 50.3734 381.592 70.8644 915.368 167.273 77.5612 748.095 258.774 266.784 150.661 135.411 40.7265 81.4117 368.428 32.3912 41.4615 47.767 116.123
internal_count=1074050 131515 29875 27584 942535 101640 2291 19954 7630 68433 105697 1960 643 18827 9432 4975 728 1127 4247 33207 2655 1799 1676 728 58795 836838 83387 19698 3204 856
is_linear=0
shrinkage=0.05


Tree=59
num_leaves=31
num_cat=0
split_feature=0 0 42 0 0 95 98 83 177 167 42 77 151 83 47 44 148 83 183 182 42 2 84 152 125 96 100 156 129 160
split_gain=401.924 72.6861 35.3347 28.6887 19.482 18.5544 14.3195 11.485 11.1415 9.84805 9.58977 9.4559 9.23588 11.2786 8.88586 10.1357 8.32021 8.27907 10.9418 8.21296 7.76654 7.93126 7.70501 7.28869 8.04198 7.20722 7.12028 8.44741 7.26477 7.11935
threshold=0.043984350660107828 0.48090646582193369 172.50000000000003 0.94875966535953815 0.0088049481694041625 0.72513300000000014 8.7083333333350019 0.54931550000000018 3.2916666666650003 4.5000000000000009 4462.5000000000009 7.5000000000000009 0.064759500000000011 0.58904350000000016 1234.5000000000002 1.0000000180025095e-35 13.500000000000002 0.5710805000000001 0.043669500000000007 0.034373000000000008 1.0000000180025095e-35 532860.00000000012 154.00000000000003 0.093043500000000015 0.10282950000000002 0.048258500000000003 1.5000000000000002 1.7083333333350004 8.5000000000000018 0.0075458333333350011
decision_type=2 2 2 2 2 2 2 2 2 2 2 2 2 2 2 2 2 2 2 2 2 2 2 2 2 2 2 2 2 2
left_child=4 6 3 5 -1 26 23 -7 12 -6 -8 20 13 19 15 16 -5 18 -16 -4 22 -22 -9 -2 -25 -21 28 -28 -3 -19
right_child=1 2 8 14 9 7 10 11 -10 -11 -12 -13 -14 -15 17 -17 -18 29 -20 25 21 -23 -24 24 -26 -27 27 -29 -30 -31
leaf_value=-0.048575341019096392 -0.008429100311323481 7.6983192389059983e-05 0.02444692883822781 0.012631690530163131 -0.035210364155527286 -0.03478715712722058 -0.026244140548548345 0.005643965500356455 0.047213964307454004 -0.0030690681994489373 0.046901489894408691 -0.0030511716343397436 -0.017452701870144947 0.045039892349574645 0.017079337330920367 0.063833215223674231 -0.032192615929544373 -0.019306329859729479 -0.036072841908373628 -0.040268503765864515 0.025752647204728436 0.0016802306271346411 0.050760051822744651 0.026808039349778979 -0.013039328749921525 0.030038517164751151 -0.043287555055704405 -0.0016147524213380713 -0.02682182032718991 0.028497320802497131
leaf_weight=351.12773989170091 200.82487060564017 217.525724136387 42.254882837354671 520.63647895748727 68.544646196598478 14.656567083206026 136.99240843054213 243.25119757076027 77.173550054430962 36.534902258128568 4.6324907793168668 110.85910593275912 12.685088698286561 50.167603798210621 48.973744557239115 9.5047271922230703 10.562575850170104 8.036046274006365 12.068453760351984 11.080046585324455 158.24743762833532 43.656778050237335 9.8465360957197827 34.508296776562929 20.000922354432987 5.432182456701411 26.165940658771433 22.719752964752843 28.375676540817949 252.92481392901391
leaf_count=836838 30106 8834 530 2438 84413 2914 67810 4020 192 21284 623 2264 66 168 244 18 53 30 143 191 1205 352 58 1634 1467 75 2167 1099 1855 959
internal_value=0 0.00839063 0.0123855 0.0101014 -0.0429229 0.00372391 -0.0111005 0.00891144 0.0323543 -0.0240352 -0.0238516 0.0100433 0.0229252 0.027627 0.0165721 0.0126561 0.0117404 0.0231477 0.00657079 0.0127622 0.0132337 0.0205476 0.00739917 -0.00402795 0.012187 -0.0171389 -0.00649176 -0.02392 -0.00302699 0.0270253
internal_weight=0 2333.76 1936.8 1738.01 456.207 875.305 396.959 580.518 198.793 105.08 141.625 565.861 121.62 108.935 862.707 540.704 531.199 322.003 61.0422 58.7671 455.002 201.904 253.098 255.334 54.5092 16.5122 294.787 48.8857 245.901 260.961
internal_count=1074050 131515 29875 28653 942535 24768 101640 10813 1222 105697 68433 7899 1030 964 3885 2509 2491 1376 387 796 5635 1557 4078 33207 3101 266 13955 3266 10689 989
is_linear=0
shrinkage=0.05


Tree=60
num_leaves=31
num_cat=0
split_feature=0 0 92 42 164 0 70 70 177 83 166 0 152 42 2 168 79 77 167 129 47 151 172 0 0 177 171 175 131 168
split_gain=381.295 72.3459 35.2624 25.709 22.8166 19.4835 16.1791 13.1089 12.9175 9.71773 9.31092 8.70631 8.65302 8.31989 9.47736 8.40335 8.30697 7.35718 9.7598 7.06578 9.87542 9.89158 6.89638 8.15048 6.69128 6.66496 6.60519 6.56933 9.14164 6.53457
threshold=0.043984350660107828 0.7740980979447657 0.58333333333350013 6.5000000000000009 14.775000000000002 0.0088049481694041625 123.50000000000001 1.5000000000000002 3.1547619047650004 0.55671950000000014 0.49285714285700005 0.94875966535953815 0.15549000000000002 1.0000000180025095e-35 2563.5000000000005 45.500000000000007 6.5000000000000009 8.5000000000000018 2.5000000000000004 3.5000000000000004 1316.5000000000002 0.029319000000000005 0.19947300000000004 0.0019437620776660012 0.17215690376152604 4.4166666666650007 0.0061820000000000009 53.500000000000007 6.5000000000000009 23.500000000000004
decision_type=2 2 2 2 2 2 2 2 2 2 2 2 2 2 2 2 2 2 2 2 2 2 2 2 2 2 2 2 2 2
left_child=5 2 4 8 6 22 13 -6 12 -7 -5 -12 16 15 -15 -2 26 18 24 -10 21 -21 -1 -24 -9 -13 -3 -23 -29 -11
right_child=1 3 -4 10 7 9 -8 17 19 29 11 25 -14 14 -16 -17 -18 -19 -20 20 -22 27 23 -25 -26 -27 -28 28 -30 -31
leaf_value=-0.050701733212812905 -0.015952867508219719 -0.053090370366918528 0.043482168488927275 -0.038405929798902123 -0.048255925023915611 -0.051065392584876357 0.025149289235318874 -0.049905450350356081 0.036016065684760595 -0.029883674132937833 0.018891798901609299 0.030388982343877626 -0.033348158748395217 -0.029528998363465942 0.014286838994106283 0.0047750949997052853 -0.0054493104518661198 -0.036348883894269692 -0.0043732140293699521 0.032771321011128507 0.025749175891994415 0.0085648021177320826 -0.043924174389147502 0.01121450571733436 -0.016985755512190021 0.058360479758427786 0.0099270466274716182 -0.059244915460650915 0.005664068753670537 -0.0010304686384189385
leaf_weight=306.78898468137777 142.81096502589935 4.1889607603661707 36.138966436963528 5.6256190715357652 30.200169100586209 24.567330291012695 59.287080971291289 20.46363626911625 43.969513863325119 38.13272260399026 191.98773503891425 164.65146081941202 13.53716927859932 14.292929731913317 90.388683710883925 74.354873299002065 111.66042797529371 31.896270373661537 179.98018187176785 40.018436308484524 142.74178797705099 227.65993831236847 20.266820517696036 10.013484143870299 62.829774493708101 24.460108280181885 566.00178080424666 8.8745938856154698 13.952884034253655 40.426959791471745
leaf_count=753451 22948 76 130 42 15178 46902 4420 20798 190 39097 1317 604 96 3109 6179 4970 2672 8500 18887 181 697 1487 66382 17005 13790 50 5032 66 96 19698
internal_value=0 0.00815317 -0.00469099 0.0142703 -0.00715513 -0.0426364 0.00114696 -0.0168801 0.0105833 -0.0236189 0.0254497 0.0263923 0.00623597 -0.00327447 0.00830435 -0.00885587 0.00702186 -0.0136699 -0.0109223 0.0169182 0.01498 0.00968853 -0.0484548 -0.0256902 -0.0250735 0.0340069 0.00946408 0.00600077 -0.0195705 -0.0150358
internal_weight=0 2301.97 742.644 1559.33 706.505 440.196 381.135 325.37 1172.61 103.127 386.725 381.099 695.388 321.847 104.682 217.166 681.851 295.17 263.274 477.217 433.248 290.506 337.069 30.2803 83.2934 189.112 570.191 250.487 22.8275 78.5597
internal_count=1074050 131515 118909 12606 118779 942535 41626 77153 10593 105697 2013 1971 7876 37206 9288 27918 7780 61975 53475 2717 2527 1830 836838 83387 34588 654 5108 1649 162 58795
is_linear=0
shrinkage=0.05


Tree=61
num_leaves=31
num_cat=0
split_feature=0 0 42 170 0 83 66 42 156 173 34 83 138 84 172 170 48 42 129 59 157 164 104 125 74 162 70 47 175 169
split_gain=360.827 66.2345 32.721 24.3501 18.7164 17.0929 14.7651 14.1965 13.3366 10.4967 10.383 10.3502 10.2846 9.24478 9.09978 9.07091 12.8493 8.35314 8.16221 8.12369 7.73226 8.61021 11.4679 7.55272 6.6648 8.61556 8.32145 8.7179 7.15851 6.61089
threshold=0.043984350660107828 0.60678019017954943 402.50000000000006 0.87844000000000011 0.0088049481694041625 0.54296050000000007 0.040668000000000003 2.5000000000000004 1.7083333333350004 0.16165900000000002 68784.500000000015 0.61064700000000005 0.023543000000000005 10.000000000000002 0.064830000000000013 0.48845450000000007 1.0000000180025095e-35 1.0000000180025095e-35 8.5000000000000018 1.5000000000000002 6.2916666666650007 15.708333333350001 0.065345000000000014 0.12293450000000002 6.083333333335001 0.060137125000000007 104.50000000000001 368.50000000000006 32.500000000000007 11.500000000000002
decision_type=2 2 2 2 2 2 2 2 2 2 2 2 2 2 2 2 2 2 2 2 2 2 2 2 2 2 2 2 2 2
left_child=4 5 3 8 -1 -2 15 10 11 -9 14 18 20 -6 -5 -7 17 -17 -3 -14 -12 -22 -23 -10 -11 -26 27 -27 -29 -24
right_child=1 2 -4 7 13 6 -8 9 23 24 12 -13 19 -15 -16 16 -18 -19 -20 -21 21 22 29 -25 25 26 -28 28 -30 -31
leaf_value=-0.048337777664389514 -0.044633763121176673 -0.010192428944626672 0.035939619622720048 -0.040423852082616778 -0.039111841524317327 -0.023235998703392324 0.029250802292943981 -0.026261518296403438 0.011391772897442308 0.030212633300768111 -0.016720952538434333 0.014134968367834283 0.030893887488125289 -0.0087665639156327066 0.0176039226464197 -0.013678229538675432 0.021801969865789445 0.0041099000507268113 -0.042154026099675827 -1.1514266333150294e-05 0.0091620363701600347 -0.02855663363458143 0.018002569218679213 -0.03198024669008704 0.043213160949299223 0.030312039592466512 0.022447121789806738 0.0011868761492661983 -0.044010611114204699 -0.026846943026763326
leaf_weight=321.68135970061849 30.503537585947925 142.91581708261219 135.87994815880666 6.8724638218700411 49.141600638658929 81.953014303860982 27.92733627538837 10.578631557786137 184.2059559203044 192.95037155156024 46.439098625211045 38.426131167449057 64.235183606855571 51.300300726987189 399.19182781409472 214.70724330074881 40.299300778511679 95.287805478961673 23.220723662350792 31.784093401045538 282.38738377421396 39.885739265824668 36.434204848716035 10.615928526502101 22.899701858870685 12.320075028575955 55.860797063214704 20.134719581808895 15.508209018735213 10.608917018864302
leaf_count=836838 36414 4877 619 367 69419 30883 311 492 3260 742 703 510 344 36278 2866 29806 3261 9368 1233 305 2504 1342 309 171 105 49 312 139 131 92
internal_value=0 0.00788076 0.0123568 0.0104117 -0.0424547 -0.00838724 -0.00598458 0.0138503 -0.000334068 0.0227403 0.0106516 -0.00925073 0.00591459 -0.0236131 0.0166218 -0.00826112 -0.00475768 -0.00821043 -0.0146597 0.0206636 0.00250827 0.00492622 -0.00883378 0.00902841 0.0243618 0.0154533 0.00933054 -0.00594587 -0.0184785 0.00788834
internal_weight=0 2274.03 1783.36 1647.48 422.123 490.678 460.175 1248.09 399.385 330.253 917.839 204.563 511.775 100.442 406.064 432.247 350.294 309.995 166.137 96.0193 415.755 369.316 86.9289 194.822 319.674 126.724 103.824 47.963 35.6429 47.0431
internal_count=1074050 131515 21472 20853 942535 110043 73629 10802 10051 1970 8832 6620 5599 105697 3233 73318 42435 39174 6110 649 4950 4247 1743 3431 1478 736 631 319 270 401
is_linear=0
shrinkage=0.05


Tree=62
num_leaves=31
num_cat=0
split_feature=0 0 92 42 164 0 172 70 70 0 115 170 42 70 150 72 170 77 168 34 159 141 127 116 139 102 70 2 100 43
split_gain=342.912 65.6612 30.7309 23.1572 20.9802 18.5537 14.5491 14.0117 12.1968 11.9348 9.29644 8.71616 7.97083 8.63555 7.72089 7.62867 7.381 6.73309 7.01844 6.70203 6.44918 8.47264 7.38044 7.34089 6.88513 6.73958 7.98229 6.57765 9.06847 6.3429
threshold=0.043984350660107828 0.7740980979447657 0.58333333333350013 6.5000000000000009 14.775000000000002 0.0019437620776660012 0.098312000000000024 123.50000000000001 18.500000000000004 0.94875966535953815 0.10916650000000001 1.0967200000000001 1.0000000180025095e-35 97.500000000000014 0.052249500000000011 2.5000000000000004 1.0967200000000001 8.5000000000000018 15.500000000000002 393.00000000000006 0.18703762500000001 57.500000000000007 0.039701000000000007 0.031078000000000005 4.5000000000000009 0.20759250000000004 58.500000000000007 1597724.0000000002 1.0000000180025095e-35 2.5000000000000004
decision_type=2 2 2 2 2 2 2 2 2 2 2 2 2 2 2 2 2 2 2 2 2 2 2 2 2 2 2 2 2 2
left_child=5 2 4 9 7 -1 -7 12 14 10 19 15 16 -14 -6 -5 -2 18 -10 -3 21 22 27 -24 25 -22 -27 28 -11 -13
right_child=1 3 -4 11 8 6 -8 -9 17 20 -12 29 13 -15 -16 -17 -18 -19 -20 -21 24 -23 23 -25 -26 26 -28 -29 -30 -31
leaf_value=-0.050399782103854741 -0.020885236170130557 0.039226764601370825 0.041153889204737323 0.0061323786597780872 -0.04463088011334234 -0.045472280825961831 -0.014268790055729594 0.023516090734288654 -0.02285008079665081 0.013641957769048342 0.013206865342061861 0.036687261794899402 0.01559504959682434 -0.020624572363573384 0.035652419682997448 0.031798975779799198 -0.0015565638484276434 -0.034728522094519626 -0.0039317750114079009 -0.0034120652310511129 0.015403503849445235 -0.073398572902041936 0.039641213720263385 -0.016885621780982539 0.038845553794361137 0.017288782602240451 -0.045723446829293933 -0.048687452812643334 -0.062987744555940944 0.020023004260528825
leaf_weight=256.28225656909308 78.714859868508938 9.5422151254024339 34.684865710674785 92.248584774613846 46.10356230699108 67.892500116340671 83.058949929103619 58.108511514314159 69.515301044750231 23.172060040757064 158.59701419388875 144.507640871685 81.320606950826914 20.6319247777501 3.2027659024170125 42.191001725383103 132.58429899469775 29.808703782546218 166.32027527355967 269.45546447183006 592.02345668780617 3.7740768752992144 19.65324802976102 8.1151286428794247 30.321747101843357 10.110936352983119 9.9935430586338025 8.8174533955752832 4.6327020954340687 94.408427790738642
leaf_count=697189 17781 75 130 877 21466 149150 96196 4420 24067 152 1499 527 5312 3976 129 231 10137 8275 23216 5606 2694 64 85 80 116 44 46 68 64 378
internal_value=0 0.00766488 -0.00476398 0.0135543 -0.00708459 -0.042209 -0.028303 0.000966191 -0.0165773 0.0100369 0.0035409 0.0243716 -0.00321684 0.00826536 -0.039416 0.0141873 -0.00875704 -0.0123382 -0.00950817 -0.00195374 0.0140372 -0.000586122 0.00368158 0.0231216 0.0155887 0.0144367 -0.0140334 -0.0110586 0.000874268 0.0301023
internal_weight=0 2242.56 720.996 1521.56 686.311 407.234 150.951 371.36 314.951 1148.21 437.595 373.356 313.252 101.953 49.3063 134.44 211.299 265.644 235.836 278.998 710.614 68.1647 64.3906 27.7684 642.45 612.128 20.1045 36.6222 27.8048 238.916
internal_count=1074050 131515 118909 12606 118779 942535 245346 41626 77153 10593 7180 2013 37206 9288 21595 1108 27918 55558 47283 5681 3413 513 449 165 2900 2784 90 284 216 905
is_linear=0
shrinkage=0.05


Tree=63
num_leaves=31
num_cat=0
split_feature=0 0 115 42 42 0 83 172 66 82 2 77 168 173 164 98 162 173 62 164 111 70 70 157 166 34 59 173 60 70
split_gain=324.69 62.9545 35.2217 21.4049 20.7146 18.2873 16.4613 13.82 12.9642 10.8947 10.2057 10.3426 9.03983 8.56325 9.74292 8.54502 8.39838 7.74439 8.04891 7.5768 7.21409 7.14147 11.4907 6.99352 7.02536 6.98574 8.11808 6.50716 6.46472 6.37147
threshold=0.043984350660107828 0.86620967868038068 0.092032000000000017 7.5000000000000009 38.500000000000007 0.0019437620776660012 0.53855800000000009 0.098312000000000024 0.086694000000000007 670.50000000000011 593143.50000000012 8.5000000000000018 43.500000000000007 0.30398800000000009 1.4166666666650001 242.25000000000003 0.10406133333350003 0.18233250000000004 2.5000000000000004 10.291666666650002 0.77500000000000013 104.50000000000001 99.500000000000014 6.2916666666650007 0.59166666666650014 393.00000000000006 7.5000000000000009 0.17638300000000004 5.5000000000000009 47.500000000000007
decision_type=2 2 2 2 2 2 2 2 2 2 2 2 2 2 2 2 2 2 2 2 2 2 2 2 2 2 2 2 2 2
left_child=5 2 6 13 12 -1 -2 -7 9 10 11 15 -4 14 -3 19 25 27 -19 -8 -15 22 -21 -22 -25 -16 -27 -5 29 -12
right_child=1 3 4 17 -6 7 8 -9 -10 -11 28 -13 -14 20 16 -17 -18 18 -20 21 23 -23 -24 24 -26 26 -28 -29 -30 -31
leaf_value=-0.050284337840315087 -0.043751897867539774 0.022197021412065851 -0.0037917424787400553 0.0096083015526985064 0.033568431243995132 -0.045317725710347999 0.013195904125400613 -0.014207461171784015 0.040915732847686785 0.053339742873960143 -0.015711224415940403 -0.02724494004905615 0.015359129907220782 0.069794786067980702 0.030397109947376717 -0.031941939885673558 -0.031707126186282589 0.037517257812527106 0.019749730929086072 -0.0072180605398653652 0.0038669006479348116 0.0044854020535737725 -0.052377938269224072 -0.03823272057857665 0.017241548442143737 0.0028289918663341484 -0.036621542323473442 -0.072108927679301368 0.0047175014019768986 -0.038911606752708647
leaf_weight=246.32204750249002 33.690019373530959 64.723045236547478 156.18142813175655 25.584381265915003 75.321165539178764 63.75128993872022 76.4278302327657 81.123173016498185 13.349741889047435 6.9299378684372632 68.623293798213126 48.763043504215602 101.77461320103612 5.8398991930298498 21.338710478041321 23.274323160017957 18.696252287831157 139.4611534497235 117.40013450477272 121.3224883660223 135.60238131275401 113.63447748968611 15.936031405311949 5.7715961430221787 511.78093307290692 224.13706867396832 13.845858904533086 2.6925332667306057 20.399777861210168 52.030620575453213
leaf_count=697189 34330 571 10200 298 421 149150 7095 96196 67 96 9444 9594 2981 23 89 10327 350 482 486 13177 1182 10459 3224 40 2426 2034 303 17 2116 9683
internal_value=0 0.00741816 -0.00251109 0.0145758 0.0104999 -0.0419936 -0.00980652 -0.0278974 -0.00776686 -0.00895423 -0.00975306 -0.00566948 0.00376409 0.0111354 0.00472519 -0.00266862 0.000657713 0.0266625 0.0293965 -0.000587127 0.0144693 -0.00478576 -0.0124612 0.0139746 0.0166229 0.00299111 0.000533758 0.00182717 -0.0213147 -0.0257161
internal_weight=0 2214.53 927.659 1286.87 333.277 391.197 594.382 144.874 560.692 547.342 540.412 399.358 257.956 1001.74 342.741 350.595 278.018 285.138 256.861 327.321 658.995 250.893 137.259 653.155 517.553 259.322 237.983 28.2769 141.054 120.654
internal_count=1074050 131515 123214 8301 13602 942535 109612 245346 75282 75215 75119 53876 13181 7018 3347 44282 2776 1283 968 33955 3671 26860 16401 3648 2466 2426 2337 315 21243 19127
is_linear=0
shrinkage=0.05


Tree=64
num_leaves=31
num_cat=0
split_feature=0 0 44 42 181 0 170 172 115 101 156 102 42 83 83 173 0 70 70 158 42 95 175 156 129 173 34 99 70 100
split_gain=306.541 60.0625 24.9372 23.8951 20.0442 18.23 15.1816 13.4071 13.2651 12.7473 12.5051 11.1065 10.5723 10.407 9.82844 8.80921 8.5076 8.11257 7.9647 7.70705 8.73225 6.69348 6.80023 6.4995 6.35542 7.04044 6.51917 6.3193 6.41436 6.14259
threshold=0.043984350660107828 0.68981449621504665 1.0000000180025095e-35 40.500000000000007 1.7673615000000003 0.0019437620776660012 0.78406500000000012 0.098312000000000024 0.091351000000000016 0.055653500000000009 1.2250000000000003 0.15791850000000002 6.5000000000000009 0.57291350000000019 0.54859750000000018 0.14708950000000001 0.94875966535953815 105.50000000000001 58.500000000000007 1.3666666666650003 1.0000000180025095e-35 1.1800840000000001 29.500000000000004 1.5500000000000003 5.5000000000000009 0.41799100000000006 249172.50000000003 0.11761300000000001 104.50000000000001 1.5000000000000002
decision_type=2 2 2 2 2 2 2 2 2 2 2 2 2 2 2 2 2 2 2 2 2 2 2 2 2 2 2 2 2 2
left_child=5 3 4 6 9 -1 -2 -7 -5 10 13 16 15 -3 -8 -6 24 21 -14 -16 27 29 -23 -4 25 -12 -26 28 -21 -15
right_child=1 2 23 8 12 7 14 -9 -10 -11 11 -13 18 17 19 -17 -18 -19 -20 20 -22 22 -24 -25 26 -27 -28 -29 -30 -31
leaf_value=-0.050177975261945229 -0.022696918791315492 -0.027918076959695011 0.022161791911681893 0.00029843731539076329 -0.035762651376785949 -0.045023657860566127 -0.04283333559745657 -0.013969058029940149 0.041156495743886988 0.024228828940488126 0.0072352205145958083 -0.01261521040654137 -0.0046999042481159405 0.0016902750949168933 -0.02524493413837367 0.015737797724907444 0.015201744496885931 0.013979358963413345 0.035446339132357813 -0.013626217846601197 0.015190006401336168 0.010112798868139962 -0.059309888637793511 0.055422239406621901 0.0046658535455164837 0.049095411218422057 -0.019096432741764521 0.042862005797446666 0.0057497331274664392 -0.034458750575741028
leaf_weight=235.32704257888508 175.23111409789635 41.939747216703836 23.437167981668608 44.573893889151805 8.4728364274487813 61.469060925106533 15.753636563433245 79.973756157605749 35.836755160038592 93.38657144177705 140.09944809047738 58.740976422326639 13.853060863097197 85.537985535571352 32.649958469977719 415.17425052195904 355.75112796784379 64.285073223290965 114.194269982283 120.84536825196119 73.287792384064232 5.1208887244574752 11.336256895679979 39.346329181076726 69.350668599887285 10.820501919370143 49.441709953476675 6.6391163052758193 66.064843184540223 13.623281847685574
leaf_count=697189 63890 2419 146 9185 602 149150 14580 96196 267 606 2287 837 116 1295 4378 2494 1790 623 399 12800 4131 64 136 119 1361 71 1197 129 5246 347
internal_value=0 0.00718281 0.0121134 -0.00675624 0.010863 -0.0416513 -0.0108981 -0.027465 0.0185077 0.00664008 0.00482721 0.00817199 0.0185131 -0.00548873 -0.00433963 0.0147078 0.0101242 -0.000259917 0.031103 -0.00231479 0.000490928 -0.00817711 -0.037708 0.0430061 0.00342701 0.0102365 -0.00522407 -0.0050749 -0.00677764 -0.00327606
internal_weight=0 2184.79 1613.91 570.882 1551.13 376.77 490.472 141.443 80.4106 999.434 906.048 684.204 551.694 221.843 315.241 423.647 625.463 179.903 128.047 299.487 266.837 115.618 16.4571 62.7835 269.712 150.92 118.792 193.549 186.91 99.1613
internal_count=1074050 131515 16909 114606 16644 942535 105154 245346 9452 13033 12427 7543 3611 4884 41264 3096 6706 2465 515 26684 22306 1842 200 265 4916 2358 2558 18175 18046 1642
is_linear=0
shrinkage=0.05


Tree=65
num_leaves=31
num_cat=0
split_feature=0 0 115 42 0 42 83 173 1 77 2 129 157 34 2 141 138 82 159 70 104 74 102 91 39 124 2 156 83 56
split_gain=290.541 58.8694 32.1159 20.7992 17.9961 17.8489 15.1555 12.5108 11.5128 9.84984 10.5033 8.57772 8.25641 7.35229 7.27281 7.35458 7.24409 7.21387 6.96188 6.66056 6.607 11.3362 7.52447 6.37821 6.86252 6.36738 8.28297 6.39559 10.3051 6.29208
threshold=0.043984350660107828 0.86620967868038068 0.092032000000000017 1.0000000180025095e-35 0.0019437620776660012 38.500000000000007 0.53855800000000009 0.23443250000000002 1.0000000180025095e-35 8.5000000000000018 593143.50000000012 9.5000000000000018 10.775000000000002 38.500000000000007 21926.000000000004 56.500000000000007 0.059564000000000006 631.50000000000011 0.30347600000000002 121.50000000000001 0.32344300000000009 3.5500000000000003 0.20759250000000004 269.50000000000006 1562.5000000000002 1.5000000000000002 370.00000000000006 1.7750000000000001 0.5823505000000001 1.0000000180025095e-35
decision_type=2 2 2 2 2 2 2 2 2 2 2 2 2 2 2 2 2 2 2 2 2 2 2 2 2 2 2 2 2 2
left_child=4 2 6 14 -1 12 -2 17 9 10 23 13 -4 -5 18 -16 19 -6 -3 25 22 -22 -20 24 29 26 -15 28 -28 -8
right_child=1 3 5 11 7 -7 8 -9 -10 -11 -12 -13 -14 16 15 -17 -18 -19 20 -21 21 -23 -24 -25 -26 -27 27 -29 -30 -31
leaf_value=-0.050084208813633679 -0.043285600122410811 0.0013150761536784945 -0.0044225917593173712 0.050156991893812376 -0.041229645717972441 0.031532395138619912 -0.0051914941253792526 -0.0062025506457337592 0.046501249114192365 -0.028365744688563451 -0.018770104748155849 -0.001594760787774082 0.013850474629389301 -0.037110981333284748 0.0046742664350541375 -0.036585169422148262 0.036299700865258154 0.02236256069575198 0.020861505452204131 0.02867160132445978 -0.041739360892639271 0.014257369862481878 -0.051631322509052537 0.029326624446864919 -0.056797516254889525 0.024797774332581457 -0.028731597516200996 0.022501671168391621 0.012552937806436397 0.015427685569426086
leaf_weight=225.07097687155147 32.053597692560288 94.314726487617008 143.11855049159931 24.709167584311217 86.602086843655343 73.105776231124764 284.80025594353356 46.986979080313176 9.5522716658888367 57.829887054605933 127.91211190880495 36.370018414687365 108.81937507534167 9.4657414241228235 333.3795378038194 11.162317626643924 75.040036616846919 4.7017688201740375 261.35481518146116 124.64235459081829 12.297666037455199 34.09992635063827 3.6292336694896212 15.506429450368158 5.9273744929050727 92.825132241006941 20.783885998651385 66.623369888868183 55.419975592056289 42.523470112639188
leaf_count=697189 34330 962 9655 72 194884 421 37832 48678 35 11785 19094 421 3526 170 2647 241 247 1784 1435 572 63 153 21 523 3275 401 283 319 294 2738
internal_value=0 0.00696686 -0.00278482 0.0139628 -0.041362 0.00978159 -0.00987491 -0.0271664 -0.00790647 -0.00887881 -0.00651464 0.0217981 0.00347008 0.0236102 0.00867953 0.00333756 0.0221355 -0.0379549 0.0132162 0.0192609 0.016821 -0.000584545 0.0198686 -0.00201977 -0.00347834 0.0144756 0.00818412 0.011186 0.00129297 -0.0025128
internal_weight=0 2157.27 901.149 1256.12 363.362 325.044 576.105 138.291 544.052 534.5 476.67 505.88 251.938 469.51 750.238 344.542 444.8 91.3039 405.696 369.76 311.382 46.3976 264.984 348.758 333.251 245.118 152.293 142.827 76.2039 327.324
internal_count=1074050 131515 123214 8301 942535 13602 109612 245346 75282 75247 63462 2779 13181 2358 5522 2888 2286 196668 2634 2039 1672 216 1456 44368 43845 1467 1066 896 577 40570
is_linear=0
shrinkage=0.05


Tree=66
num_leaves=31
num_cat=0
split_feature=0 0 42 0 0 83 164 70 42 156 167 72 100 101 83 91 44 70 98 98 126 137 177 151 162 141 77 172 116 82
split_gain=273.199 54.9987 25.1738 23.1834 18.6516 15.4876 15.4607 13.1023 13.0847 11.0426 9.09086 8.81837 9.02242 8.69882 7.87907 7.87813 9.54201 7.9734 7.80817 7.66361 7.31669 7.16611 7.07047 7.13063 7.57414 6.93777 6.88854 6.79235 6.77466 6.51171
threshold=0.043984350660107828 0.60678019017954943 172.50000000000003 0.94875966535953815 0.0088049481694041625 0.57048050000000006 13.225000000000001 104.50000000000001 3.5000000000000004 1.0833333333350004 2.5000000000000004 1.0000000180025095e-35 1.0000000180025095e-35 0.030463500000000001 0.57480350000000013 76.500000000000014 1.0000000180025095e-35 36.500000000000007 3.7750000000000004 2.0833333333350006 0.048689000000000003 0.066644500000000009 3.2916666666650003 0.064759500000000011 0.06691912500000001 7.5000000000000009 8.5000000000000018 0.19947300000000004 0.039424000000000008 601.50000000000011
decision_type=2 2 2 2 2 2 2 2 2 2 2 2 2 2 2 2 2 2 2 2 2 2 2 2 2 2 2 2 2 2
left_child=4 6 3 5 27 9 8 11 -2 -3 -8 20 21 14 -6 16 19 29 -9 -5 28 -13 23 24 -4 -19 -12 -1 -7 -17
right_child=1 2 22 15 13 7 10 18 -10 -11 26 12 -14 -15 -16 17 -18 25 -20 -21 -22 -23 -24 -25 -26 -27 -28 -29 -30 -31
leaf_value=-0.050334301680508058 -0.0064139438918709747 -0.041448334867475067 -0.0007472822271090508 0.02556313894835003 -0.047544302707726867 -0.019952851049003031 -0.032389959128225974 0.023783424576392712 0.021046973434077004 -0.0054835721330734844 -0.0067986103481547438 0.0044962930309127361 -0.018246525550991415 0.0083371541206015073 -0.014132177383561454 0.016979792799997135 0.061635358060003226 -0.019330164850612081 0.0046953965599196082 0.0091563623949363175 -0.047162591988584419 0.034274488832913001 0.042819030204699571 -0.0199735678390121 0.033413416824474601 0.030354901156958738 -0.036952764042899218 -0.022745264358941794 0.017049776351489247 -0.042713372859063806
leaf_weight=235.34091045695004 169.93671118111524 28.61677453223092 21.001041335868649 82.326255827676505 32.590546954244928 37.108838373445906 72.733538667438552 121.94796032493468 58.246492741707698 83.969770281924866 135.40987960086204 256.32969462272013 41.12749593751505 19.378292044468253 38.474095261713956 11.798155126161875 9.5938893649727088 7.377957046031951 95.556652483530343 525.45618502527941 14.809603877423795 21.932177412789315 62.14017322845757 9.4409271897748095 71.369244919682387 147.28498870227486 22.019563913003367 24.64567924779476 18.554812273941934 7.4557340459432444
leaf_count=753451 29766 3625 241 326 66608 1054 45771 1015 6022 3493 20222 3970 1076 7838 31251 46 24 30 1508 2911 497 132 181 56 410 507 8262 83387 329 41
internal_value=0 0.00672025 0.0109194 0.00890054 -0.0409154 0.00240811 -0.00862704 0.00556549 0.000595784 -0.0146249 -0.0177705 8.02402e-05 0.00361256 -0.0213578 -0.0294551 0.0148076 0.0121597 0.0242074 0.0153975 0.0113787 -0.0159285 0.00684337 0.0295283 0.0214164 0.0256467 0.0279848 -0.0110163 -0.047719 -0.00761847 -0.00613535
internal_weight=0 2133.54 1675.2 1511.25 350.43 719.954 458.346 607.367 228.183 112.587 230.163 389.863 319.389 90.4429 71.0646 791.293 617.376 173.917 217.505 607.782 70.4733 278.262 163.951 101.811 92.3703 154.663 157.429 259.987 55.6637 19.2539
internal_count=1074050 131515 21472 20584 942535 16699 110043 9581 35788 7118 74255 7058 5178 105697 97859 3885 3261 624 2523 3237 1880 4102 888 707 651 537 28484 836838 1383 87
is_linear=0
shrinkage=0.05


Tree=67
num_leaves=31
num_cat=0
split_feature=0 0 42 0 0 83 164 83 79 42 70 138 181 83 167 70 168 159 42 167 37 77 72 83 102 42 115 98 82 84
split_gain=258.701 51.943 25.0178 18.2696 16.4816 15.5471 14.8209 12.2742 12.1286 11.7597 9.77694 8.93719 8.54242 8.18216 8.06189 7.52849 6.69607 6.2093 7.51158 7.67958 6.26333 6.0118 6.0008 6.313 9.98812 5.95998 5.86721 5.85604 5.85291 5.791
threshold=0.043984350660107828 0.60678019017954943 1.0000000180025095e-35 0.0019437620776660012 0.94875966535953815 0.54783550000000003 13.225000000000001 0.55671950000000014 2.5000000000000004 3.5000000000000004 106.50000000000001 0.072794000000000011 0.64018450000000005 0.59831000000000012 2.5000000000000004 93.500000000000014 45.500000000000007 1.5023625 402.50000000000006 3.5000000000000004 2.5000000000000004 8.5000000000000018 3.5000000000000004 0.58993050000000002 0.11913250000000002 2787.5000000000005 0.088099500000000011 2.2678571428550005 589.50000000000011 150.00000000000003
decision_type=2 2 2 2 2 2 2 2 2 2 2 2 2 2 2 2 2 2 2 2 2 2 2 2 2 2 2 2 2 2
left_child=3 6 4 -1 10 -4 9 -5 17 16 13 22 25 15 28 27 -2 18 19 -7 -21 -16 23 24 -10 -9 -11 -3 -8 -15
right_child=1 2 5 7 -6 8 14 12 11 26 -12 -13 -14 29 21 -17 -18 -19 -20 20 -22 -23 -24 -25 -26 -27 -28 -29 -30 -31
leaf_value=-0.049960849838417178 -0.013517634725642212 0.013441494649142844 -0.026815621564281873 -0.050499471038211896 0.011128632157998657 -0.016779424712698082 -0.042038290083913993 -0.036634659098466152 0.00055075551305885809 0.0023207918432630961 0.0089539306352893009 0.041400078059879372 -0.0035185279424299076 -0.00067523646749993022 -0.0072335219653736548 -0.046610423613723993 0.0073451196147045683 0.040620074174300976 0.036168981896937312 0.021182955982678678 -0.029346040196955022 -0.035857756644421195 0.038439367855614477 0.012617848638194932 -0.053649654854003706 0.099554175594283964 0.034279837744751705 -0.016262616203699561 -0.01210415524480607 0.05788048053797195
leaf_weight=205.75592332428278 108.76468424525956 19.70871110749431 19.050576010835357 37.051786928651381 534.29108585219365 14.731994037050752 46.111548223863792 39.753981692339948 81.499080202658661 26.025427994303755 134.67979375383584 20.51074585551396 53.980522357822338 136.13251084461808 134.30495919728128 17.473644000550848 59.501081420734408 48.977541925385594 73.724051911383867 304.69321694422979 6.2588514145463696 21.244892123395402 14.08039677236229 112.29759821284097 9.4897352429106814 0.81991254806780389 32.041868367930874 104.93885060095636 25.283451298935688 4.3575101587921372
leaf_count=697189 24284 365 2060 104481 2740 211 38452 86669 1438 5370 2342 82 54005 2571 20222 996 5482 154 253 1744 41 8262 64 953 456 191 652 4972 7319 30
internal_value=0 0.00649971 0.0106028 -0.0406552 0.00531327 0.0177392 -0.00849851 -0.0261065 0.018976 0.000554894 -0.0021326 0.00985006 -0.0165479 -0.00741594 -0.0175275 -0.0158746 -0.00614028 0.0238175 0.0217571 0.0184947 0.0201659 -0.011143 0.00687299 0.00468659 -0.00510211 -0.0338826 0.019956 -0.0115659 -0.0314376 0.00114096
internal_weight=0 2110.17 1656.9 337.362 951.582 705.314 453.278 131.606 686.263 226.333 417.291 237.878 94.5544 282.611 226.945 142.121 168.266 448.386 399.408 325.684 310.952 155.55 217.367 203.286 90.9888 40.5739 58.0673 124.648 71.395 140.49
internal_count=1074050 131515 21472 942535 14016 7456 110043 245346 5396 35788 11276 2993 140865 8934 74255 6333 29766 2403 2249 1996 1785 28484 2911 2847 1894 86860 6022 5337 45771 2601
is_linear=0
shrinkage=0.05


Tree=68
num_leaves=31
num_cat=0
split_feature=0 0 115 42 0 42 83 72 169 181 47 172 84 157 149 148 95 98 83 117 82 2 129 73 2 173 137 105 99 113
split_gain=245.344 49.6831 29.7591 18.5047 17.8411 16.2754 13.6424 10.5296 8.51535 8.1633 8.82222 8.05488 8.00751 7.84805 9.17938 8.30429 7.80999 7.17559 6.95504 10.0883 6.94271 6.78227 9.01398 7.14307 6.70079 6.56239 6.49847 6.23083 6.17754 6.14544
threshold=0.043984350660107828 0.86620967868038068 0.091351000000000016 7.5000000000000009 0.0088049481694041625 122.50000000000001 0.54061850000000011 1.5000000000000002 5.5000000000000009 1.8210830000000002 5190.5000000000009 0.076595500000000025 10.000000000000002 27.083333333350001 2.5000000000000004 7.5000000000000009 0.76547350000000003 9.1000000000000014 0.58611250000000015 0.059211500000000007 596.50000000000011 2463.5000000000005 7.5000000000000009 2.5000000000000004 1653.0000000000002 0.2738445000000001 0.031041000000000003 17.500000000000004 0.063181000000000015 3.5000000000000004
decision_type=2 2 2 2 2 2 2 2 2 2 2 2 2 2 2 2 2 2 2 2 2 2 2 2 2 2 2 2 2 2
left_child=4 2 6 9 25 17 27 16 18 29 11 -11 -6 14 -13 -16 -8 20 -9 -20 28 22 -5 -23 -12 -1 -22 -2 -4 -3
right_child=1 3 5 21 12 -7 7 8 -10 10 24 13 -14 -15 15 -17 -18 -19 19 -21 26 23 -24 -25 -26 -27 -28 -29 -30 -31
leaf_value=-0.050224369419919083 -0.046240051831311198 0.0034512074132266625 -0.00045320676540484719 0.039350683024294383 -0.037298228279824167 0.034397103407330674 -0.019989717955605415 -0.02520945175566533 0.01463048065483212 -0.059177430462490944 0.038232923922571382 0.018023518028368168 -0.006772641088226671 0.029366534344426699 0.0040255604965678893 -0.049634618327504834 -0.0054431230126323763 -0.02613585172475685 0.018554411385956603 -0.051549155843705965 0.0058617360846550497 0.015138346958412433 -0.034041465983359123 0.046938662649170106 -0.031034669636853834 -0.02257903104715429 0.027379191144580907 0.048971864435262816 -0.041448425537211397 0.015513997950745298
leaf_weight=214.74030576680525 31.224657838416533 476.48090967652388 59.886223571389564 85.073817983618937 40.092518655229469 53.876533665461466 176.57064483160138 34.748333424868179 78.846371769199322 3.3622060455381861 4.4598035253584412 166.9279172825627 46.286521402094877 110.70056276302785 30.495927963405848 9.4425093748141062 193.26953789862819 18.104988932049309 29.263626129584736 6.223246917303185 126.89150733035058 153.59634349809494 4.4000502054113886 19.952788755297661 16.080003319308162 23.850566497045293 48.500591787160374 1.8183837957913045 10.855137282458598 135.6404812997207
leaf_count=745497 36269 4580 3363 378 69419 261 40821 10820 2361 30 16 825 36278 474 143 50 16913 1969 1495 305 5150 768 84 53 184 91341 1154 442 1891 716
internal_value=0 0.00629349 -0.0028296 0.012818 -0.0404117 0.00935086 -0.00984959 -0.00786602 0.00335213 0.00957946 0.0157734 0.0178066 -0.020941 0.0186216 0.0128717 -0.00866113 -0.012388 0.00424409 -0.00930901 0.00626052 0.00647877 0.0245594 0.0357415 0.0187944 -0.0159946 -0.0474608 0.0118119 -0.0410005 -0.00674385 0.00612421
internal_weight=0 2086.69 870.08 1216.61 324.97 318.115 551.965 518.922 149.082 953.59 341.469 320.929 86.379 317.567 206.866 39.9384 369.84 264.238 70.2352 35.4869 246.133 263.023 89.4739 173.549 20.5398 238.591 175.392 33.043 70.7414 612.121
internal_count=1074050 131515 123214 8301 942535 13788 109426 72715 14981 7018 1722 1522 105697 1492 1018 193 57734 13527 12620 1800 11558 1283 462 821 200 836838 6304 36711 5254 5296
is_linear=0
shrinkage=0.05


Tree=69
num_leaves=31
num_cat=0
split_feature=0 0 42 0 167 0 44 83 83 83 70 83 129 2 152 181 42 168 2 182 156 177 162 66 98 170 182 164 98 168
split_gain=232.716 48.8342 26.8197 18.2334 17.383 17.2535 12.4908 12.1524 11.4233 11.1572 9.56437 8.88775 8.82277 10.1644 8.77664 7.48833 7.31842 7.25026 7.06023 13.1644 6.89731 5.77818 5.98524 5.7253 5.69027 5.63094 6.28879 6.10809 5.58774 5.47358
threshold=0.043984350660107828 0.48090646582193369 1.0000000180025095e-35 0.94875966535953815 3.5000000000000004 0.0019437620776660012 1.0000000180025095e-35 0.58993050000000002 0.55671950000000014 0.57387650000000012 106.50000000000001 0.61380900000000016 8.5000000000000018 550920.50000000012 0.12814150000000002 0.64018450000000005 821.00000000000011 11.500000000000002 5051.5000000000009 0.048805500000000009 1.5500000000000003 4.2250000000000005 0.045971750000000006 0.15069600000000002 3.7750000000000004 5.0125640000000002 0.041980500000000011 1.8750000000000002 8.7083333333350019 101.50000000000001
decision_type=2 2 2 2 2 2 2 2 2 2 2 2 2 2 2 2 2 2 2 2 2 2 2 2 2 2 2 2 2 2
left_child=5 9 3 10 7 -1 12 25 -7 -2 11 17 13 21 -9 -10 28 -3 19 -14 23 22 -6 -15 -12 26 27 -4 -11 -20
right_child=1 2 4 -5 6 8 -8 14 15 16 24 -13 18 20 -16 -17 -18 -19 29 -21 -22 -23 -24 -25 -26 -27 -28 -29 -30 -31
leaf_value=-0.049756556090877743 -0.025400945810505445 -0.038547831040041107 0.039664783084801675 0.010522522845204293 -0.0089031566597049926 -0.050325591557488281 0.04307728121060822 0.021620711331442166 -0.033267886797057153 -0.0025093684047738998 0.01692547713783429 0.0038451549727427483 -0.050508984831026449 -0.027966727246806634 -0.047536525667152607 -0.0041332103593362422 0.037165765609747499 -0.010428355787193158 0.0045744553219777247 0.01665952010875171 0.012644805766247526 0.043252405644651638 0.023024924520757606 0.064982143927029445 -0.0027497843056686786 0.032796228794215405 -0.050617498344219261 -0.019534160791136387 -0.019705190093536676 0.051739192102702836
leaf_weight=188.05459372991572 97.252195599079641 26.202553521856316 5.0277348652598439 530.00796563876793 15.305261685309231 34.331863972420251 54.174908209475689 50.840106855263002 38.198925338523622 174.82415730669163 76.352384477446321 105.57889115501894 14.936682373358055 19.391989111958541 5.0427220687270156 52.184732034168519 9.69041139782348 183.17335034959979 25.692889228812419 14.258082513115367 67.849756295327097 33.980551650747657 358.32848965830635 1.8114838525652874 70.845089489761449 5.0840587728162054 14.263513785397661 32.676159007147362 64.735544043232949 8.0878419212531281
leaf_count=697189 66144 3251 221 2740 305 104481 185 590 86860 18747 1070 2082 418 259 33 54005 200 7974 332 214 484 108 2254 5 2240 291 1648 3123 16549 48
internal_value=0 0.00608653 0.0095384 0.0041931 0.0168358 -0.0401931 0.0201527 -0.00119217 -0.0257727 -0.0110374 -0.00306563 -0.00798299 0.0179335 0.020169 0.0153801 -0.0164464 -0.00543299 -0.0139474 0.000303063 -0.0177054 0.00486597 0.0235123 0.021717 -0.0200258 0.00745591 -0.017425 -0.0223382 -0.0116401 -0.00715615 0.0158667
internal_weight=0 2065.41 1718.91 992.16 726.752 312.77 613.818 112.934 124.716 346.502 462.152 314.955 559.643 496.668 55.8828 90.3837 249.25 209.376 62.9755 29.1948 89.0532 407.614 373.634 21.2035 147.197 57.0515 51.9674 37.7039 239.56 33.7807
internal_count=1074050 131515 29875 19357 10518 942535 4612 5906 245346 101640 16617 13307 4427 3415 623 140865 35496 11225 1012 632 748 2667 2559 264 3310 5283 4992 3344 35296 380
is_linear=0
shrinkage=0.05


Tree=70
num_leaves=31
num_cat=0
split_feature=0 0 164 42 83 83 0 168 42 129 2 159 42 60 47 61 82 42 169 152 84 91 2 116 34 148 182 151 117 102
split_gain=220.425 58.7081 28.4911 20.0391 16.9919 12.8955 10.4953 9.80092 9.38891 8.65904 8.83694 8.11911 9.4409 7.91257 7.83969 7.72543 7.55319 9.99543 7.54103 7.40724 7.31619 6.99373 6.87033 8.27326 6.68742 6.57862 6.55834 6.52816 6.34936 6.26947
threshold=0.37969951586789719 0.0088049481694041625 15.708333333350001 1.0000000180025095e-35 0.54296050000000007 0.55074600000000007 0.94875966535953815 32.500000000000007 297.50000000000006 6.5000000000000009 415276.50000000006 0.14183375000000001 23.500000000000004 7.5000000000000009 466.50000000000006 2.5000000000000004 607.50000000000011 10099.500000000002 4.5000000000000009 0.080455500000000027 150.00000000000003 21.500000000000004 3901.0000000000005 0.012735500000000002 152.00000000000003 7.5000000000000009 0.026058500000000002 0.049519500000000001 0.1177305 0.14000000000000004
decision_type=2 2 2 2 2 2 2 2 2 2 2 2 2 2 2 2 2 2 2 2 2 2 2 2 2 2 2 2 2 2
left_child=1 27 3 6 -3 -4 20 13 18 10 25 26 -13 14 -5 -14 17 -16 -6 22 -2 -18 24 -24 -11 -9 -7 -1 -20 -8
right_child=2 4 5 7 8 11 29 9 -10 19 -12 12 15 -15 16 -17 21 -19 28 -21 -22 -23 23 -25 -26 -27 -28 -29 -30 -31
leaf_value=-0.049676770264966801 -0.00099843136068688307 -0.050583834798546473 -0.027319448099986411 0.024165203075793278 -0.024638164942741472 0.00081201768576393452 0.016440287311395279 0.036777628888458612 0.0268115214268633 0.035032087314063397 0.0094585798281596675 0.00014368513469999758 0.02761876212188575 -0.027488721058856847 -0.012624289777271293 -0.048755893755698033 0.029952343004177692 0.068827649737179711 -0.0090273844468297202 0.022675770911217006 0.043694936985641072 -0.017103534061077497 -0.047470080252107562 0.031320162262193925 -0.059743714217631444 0.0051129757612662901 -0.037388470565171167 -0.017565504398895666 0.05550258716530846 0.0033752752588184945
leaf_weight=201.44755794224329 303.33730640163412 29.72244695106383 44.452547335749841 98.699197543377522 96.631018029925144 21.544885872252053 296.34189165639691 191.80211970594246 15.545161600121899 2.35143630858511 44.151853193005081 328.61074899171945 50.802612662955653 12.164035172987495 55.872238159885455 3.5418801270425311 36.356394977105083 4.0387717827106817 217.36605845107988 46.830993563402444 9.4417113465024141 10.087060230784116 4.5425876201479722 12.499356383224947 8.9283685266418598 17.937068129773252 23.480714923862251 17.177236145926145 3.8799911616370073 133.04869850422256
leaf_count=770173 10180 62920 9599 822 67104 731 1466 1048 2740 11 327 7871 599 307 1777 30 329 17 66155 262 80 88 60 113 199 97 1518 66665 59 703
internal_value=0 -0.0266831 0.00881577 0.012667 -0.014359 -0.00168743 0.00731735 0.0199353 -0.0111298 0.0253768 0.0297898 0.000974859 0.00333625 0.0116923 0.0140166 0.0226411 0.00459846 -0.00713338 -0.0129852 0.0104685 0.000350706 0.0197323 -0.00971668 0.0103184 -0.0399863 0.0340696 -0.0191094 -0.0471538 -0.00789572 0.012392
internal_weight=0 581.769 1760.86 1288.43 363.145 472.433 742.17 546.261 333.422 329.044 253.891 427.981 382.955 217.218 205.054 54.3445 106.354 59.911 317.877 75.1527 312.779 46.4435 28.3217 17.0419 11.2798 209.739 45.0256 218.625 221.246 429.391
internal_count=1074050 1035816 38234 17886 198978 20348 12429 5457 136058 2117 1472 10749 8500 3340 3033 629 2211 1794 133318 645 10260 417 383 173 210 1145 2249 836838 66214 2169
is_linear=0
shrinkage=0.05


Tree=71
num_leaves=31
num_cat=0
split_feature=0 0 164 173 42 138 159 70 156 83 70 87 168 0 100 128 82 70 42 34 126 170 72 70 104 181 147 2 168 159
split_gain=207.201 47.1962 24.0612 19.3439 18.8083 18.0614 14.7184 13.7957 11.2455 10.809 10.7887 9.35704 9.16525 8.98718 8.79134 8.25197 8.22908 7.6205 7.54187 7.53647 7.79806 7.36119 7.22078 6.98996 8.44079 8.30194 8.17905 6.63155 7.20446 6.51453
threshold=0.043984350660107828 0.7740980979447657 10.775000000000002 0.26813100000000006 1.0000000180025095e-35 0.053537000000000008 1.1973990000000001 71.500000000000014 1.0833333333350004 0.57231250000000011 2.5000000000000004 14.500000000000002 45.500000000000007 0.0088049481694041625 1.0000000180025095e-35 0.14647700000000002 577.50000000000011 72.500000000000014 1.5000000000000002 102244.00000000001 0.088674500000000003 0.62277550000000004 3.5000000000000004 51.500000000000007 0.18637850000000003 1.7673615000000003 1.5000000000000002 800154.00000000012 73.500000000000014 0.16626676666650003
decision_type=2 2 2 2 2 2 2 2 2 2 2 2 2 2 2 2 2 2 2 2 2 2 2 2 2 2 2 2 2 2
left_child=3 2 4 13 12 6 8 11 9 -3 -4 -8 -2 -1 22 -9 -12 21 -5 20 -10 -11 -6 29 25 26 -25 28 -19 -21
right_child=1 5 10 18 14 -7 7 15 19 17 16 -13 -14 -15 -16 -17 -18 27 -20 23 -22 -23 -24 24 -26 -27 -28 -29 -30 -31
leaf_value=-0.050327966679209461 -0.014651497334501565 -0.030435533278696154 -0.043402509620077488 -0.017819090719623312 0.019806706109075499 0.027680226526495579 0.016600963448743209 0.037879514572851006 0.015185234349160085 0.0078454243451523721 -0.021812322966349437 -0.034627901012338584 0.011534573815283274 -0.02731225019263589 -0.031309216255852583 0.001703432404929518 -0.005627253852808903 0.014654772698961878 0.044069908827653131 -0.012443373779755747 -0.036453812411118718 -0.023879090688735408 0.060021613727025996 -0.014826206083091579 -0.021559800374377221 0.020033478174376677 0.010043206599011797 -0.049612517890788993 -0.069329741710685622 0.014553670547592249
leaf_weight=188.06944789915087 99.251864170648332 31.431178525119321 28.171771172899753 44.319476943326663 98.717755679026595 144.2223937404342 23.621188581513707 97.09974853543099 411.01511895202566 31.035946136340499 120.10487316552462 14.315516252245287 50.374907725985395 54.765535548524895 7.5763469846660874 18.818670131266117 226.90433388977181 99.806997300940566 5.5376375424966673 25.328377451514825 7.4432868948206297 44.506667170673609 12.585238301064235 71.497812875750242 41.588036284083501 53.267619702033699 61.496908765751868 4.4845842227805397 2.6205880101770154 189.74281748669455
leaf_count=739586 18999 1400 16632 108853 7331 742 150 466 3286 423 47268 449 3447 89824 1890 91 23240 909 4272 410 86 554 102 969 342 334 491 97 21 1386
internal_value=0 0.00570473 -0.00546698 -0.039313 0.00596007 0.0109409 0.00897676 0.0234413 0.00690709 -0.00335431 -0.013645 -0.00273038 -0.00583542 -0.0451373 0.0208064 0.0320065 -0.0112291 0.00131092 -0.0109451 0.00945506 0.0142667 -0.0108454 0.0243539 0.00490916 -0.00119337 0.00335398 -0.00332656 0.00990039 0.012506 0.0113743
internal_weight=0 2017.03 643.687 292.692 268.506 1373.34 1229.12 153.855 1075.27 213.886 375.181 37.9367 149.627 242.835 118.879 115.918 347.009 182.455 49.8571 861.38 418.458 75.5426 111.303 442.922 227.85 186.262 132.995 106.912 102.428 215.071
internal_count=1074050 131515 118909 942535 31769 12606 11864 1156 10708 3404 87140 599 22446 829410 9323 557 70508 2004 113125 7304 3372 977 7433 3932 2136 1794 1460 1027 930 1796
is_linear=0
shrinkage=0.05


Tree=72
num_leaves=31
num_cat=0
split_feature=0 0 177 83 42 173 42 53 170 72 156 0 72 95 127 42 181 82 95 168 2 168 110 74 34 34 110 151 65 87
split_gain=197.496 45.3168 28.5955 19.1689 18.621 18.0057 17.1235 10.4016 9.42477 9.41745 8.81591 8.79124 7.71236 6.65247 6.52902 6.09912 5.70513 5.6531 6.80723 8.58072 6.85597 8.32714 6.5805 8.58457 6.24895 8.32239 8.67933 8.63284 8.08427 6.33512
threshold=0.043984350660107828 0.94875966535953815 2.5357142857150001 0.56713550000000013 1.0000000180025095e-35 0.26813100000000006 3.5000000000000004 1.5000000000000002 1.5354940000000001 1.5000000000000002 1.3666666666650003 0.0088049481694041625 3.5000000000000004 0.51253100000000018 0.03207200000000001 9.5000000000000018 0.24101350000000002 571.50000000000011 0.084158500000000011 38.500000000000007 63181.500000000007 29.500000000000004 391.50000000000006 180.12500000000003 42554.500000000007 3197.5000000000005 260.50000000000006 0.10463300000000002 3.5000000000000004 3.5000000000000004
decision_type=2 2 2 2 2 2 2 2 2 2 2 2 2 2 2 2 2 2 2 2 2 2 2 2 2 2 2 2 2 2
left_child=5 2 3 7 8 11 17 10 -4 -5 -2 -1 -6 16 -10 -7 -11 18 -3 20 21 -20 24 -24 25 26 28 29 -19 -27
right_child=1 6 4 9 12 15 -8 -9 14 13 -12 -13 -14 -15 -16 -17 -18 22 19 -21 -22 -23 23 -25 -26 27 -28 -29 -30 -31
leaf_value=-0.050237229914981675 -0.03039301638184921 0.050429238802397705 -0.011266606826455236 -0.0075897420147030869 0.01453203048999455 -0.0156740143551704 0.028184472763398128 -0.043545335993131713 0.028392008130420865 0.014228691571722567 -5.6346956352142503e-05 -0.027180455515773441 0.045216260801967972 0.015473125589485819 0.0022833663853824644 0.063683405787042749 -0.022830996170735682 0.0054813371743173056 0.002458189108425365 0.0071986733481753029 -0.075601165711392845 -0.084169539151877776 -0.040068038864399608 0.0074935569164009804 0.0090678155868710829 0.020413641285610531 0.06281976251691293 -0.036842398336029522 -0.067087075529238524 0.041394962783203149
leaf_weight=179.68730419311214 46.31889089392098 5.4547382770106188 128.67694457528705 349.66717223516025 245.61817547937972 46.156413221954608 183.21942851226777 46.399249041145595 28.648435165931005 17.138328727043699 49.584787916277492 53.696574215034161 22.341131148801651 92.74390469892387 145.85693438218732 2.5552463332296602 26.353929682598391 61.8567725867033 13.767307749018078 36.829059174284339 6.3985330881550899 3.4741346472874275 12.908951101242563 35.79399054357782 274.0668812636286 86.943559789098799 6.207912126556038 5.1357521358877412 4.0916924700140944 61.37392847891897
leaf_count=739586 26011 28 10832 34424 4098 112305 802 27907 778 1409 13286 89824 90 2438 4453 820 1714 368 142 226 87 30 77 214 1384 398 17 32 20 250
internal_value=0 0.00553227 -0.000609931 -0.00797144 0.0074871 -0.0391613 0.0147692 -0.0241108 -0.00100046 -0.00324483 -0.0147081 -0.0449324 0.0170903 0.00790691 0.00656961 -0.0115112 -0.00822745 0.010768 -0.00306584 -0.00789147 -0.0314006 -0.0149972 0.012431 -0.00511287 0.014141 0.0203038 0.00629934 0.0268889 0.000978918 0.0290957
internal_weight=0 1996.87 1199.35 628.206 571.142 282.096 797.523 142.303 303.182 485.903 95.9037 233.384 267.959 136.236 174.505 48.7117 43.4923 614.303 65.9238 60.469 23.64 17.2414 548.379 48.7029 499.676 225.61 72.1564 153.453 65.9485 148.317
internal_count=1074050 131515 127440 107189 20251 942535 4075 67204 16063 39985 39297 829410 4188 5561 5231 113125 3123 3273 513 485 259 172 2760 291 2469 1085 405 680 388 648
is_linear=0
shrinkage=0.05


Tree=73
num_leaves=31
num_cat=0
split_feature=0 0 164 44 83 168 83 42 117 72 95 42 2 138 151 95 156 115 47 68 68 34 162 131 95 171 164 157 175 169
split_gain=187.683 52.4763 26.9237 18.0542 15.8863 15.014 11.2752 9.40176 9.32518 8.16971 7.97007 7.45656 8.65282 8.09483 7.76653 7.38039 7.01143 6.91482 6.79404 9.45515 12.2858 6.90998 7.62563 7.12875 7.15763 7.97637 6.71848 6.66372 6.93925 6.34817
threshold=0.37969951586789719 0.0088049481694041625 15.708333333350001 1.0000000180025095e-35 0.54296050000000007 43.500000000000007 0.55074600000000007 54.500000000000007 0.094543000000000002 2.5000000000000004 0.84649150000000006 2.5000000000000004 440045.50000000006 0.039263500000000007 0.056070500000000002 0.45160350000000005 1.4142857142850003 0.091351000000000016 74.500000000000014 50.000000000000007 1.0000000180025095e-35 84103.500000000015 0.092039875000000007 6.5000000000000009 0.6025410000000001 0.14241900000000002 10.225000000000001 6.2916666666650007 51.500000000000007 6.5000000000000009
decision_type=2 2 2 2 2 2 2 2 2 2 2 2 2 2 2 2 2 2 2 2 2 2 2 2 2 2 2 2 2 2
left_child=1 8 3 5 -3 18 -4 10 -1 15 -6 13 -13 -7 -14 17 -5 -8 -2 20 -20 23 29 -21 25 -25 -9 -24 -29 -23
right_child=2 4 6 16 7 11 9 26 -10 -11 -12 12 14 -15 -16 -17 -18 -19 19 21 -22 22 27 24 -26 -27 -28 28 -30 -31
leaf_value=-0.047969286419310239 0.029207206098031652 -0.050446499583330723 -0.026630963393010465 0.010922974033282812 -0.021835444123401177 0.010348717909384596 -0.019628438042809584 0.046372143769498088 0.029698348548816308 0.028581744391613751 -0.0054343964516506615 0.030146309538500393 0.011168967369753173 0.033398995144633924 -0.061738636883691994 0.002281607922061685 0.051672361344492726 0.022197373005523213 0.028381025203662133 0.02480518729391357 -0.027440279599926117 -0.031023171665356883 -0.0038704842343850725 0.00021457635577541457 0.013270987617256029 -0.054159876579530468 -0.0048779633274833867 0.014944902306657652 -0.063698075226021736 -0.0019747171347380224
leaf_weight=190.34567091565077 28.622269928629976 27.526706926895713 42.836141384497751 14.535234106559072 143.94583775032424 349.51189039970632 76.2338387650816 11.565242045616287 3.944804801602003 24.078254028543597 152.5979711726286 144.50420449480589 21.280475757579556 42.747042659670115 4.4096744339913121 301.43709657122963 38.560361475945683 11.353370854340026 12.662613771390168 82.105150580930058 44.487113700146438 27.054255470866337 94.448614625944174 29.712559273131774 99.643692199853831 8.7251487670291663 14.303468207022888 136.5843507616155 2.8638108526356509 61.704961642797571
leaf_count=832380 407 62920 9599 104 94535 3524 4606 1621 4458 249 35284 828 159 299 24 5729 180 165 161 1003 1654 1357 2191 1444 1322 330 4618 1700 33 1166
internal_value=0 -0.0255555 0.00818073 0.0119898 -0.0139867 0.0107181 -0.00221333 -0.0108739 -0.0463924 0.000318622 -0.0133957 0.0166528 0.0253927 0.0128607 -0.00134551 -0.00143069 0.040517 -0.0142068 0.00540799 0.00427266 -0.015072 0.00630924 0.00164912 0.0131381 0.00620064 -0.0121281 0.0180347 0.00638426 0.0133298 -0.0108288
internal_weight=0 544.23 1700.1 1244.16 349.939 1191.07 455.939 322.413 194.29 413.103 296.544 562.453 170.194 392.259 25.6902 389.024 53.0956 87.5872 628.615 599.992 57.1497 542.843 322.656 220.187 138.081 38.4377 25.8687 233.897 139.448 88.7592
internal_count=1074050 1035816 38234 17886 198978 17602 20348 136058 836838 10749 129819 4834 1011 3823 183 10500 284 4771 12768 12361 1815 10546 6447 4099 3096 1774 6239 3924 1733 2523
is_linear=0
shrinkage=0.05


Tree=74
num_leaves=31
num_cat=0
split_feature=0 0 164 42 83 152 2 164 151 2 73 60 42 157 159 169 98 42 0 168 182 102 82 83 117 45 109 126 172 53
split_gain=176.745 51.291 23.4302 16.8581 16.2249 11.0371 9.74285 8.87312 8.84923 8.52467 11.0226 9.91274 8.42546 8.1965 7.80629 7.16647 7.13326 6.82449 6.75227 6.62769 6.55645 8.7739 8.24756 6.41846 11.4954 6.38891 5.99854 5.82409 6.99867 6.16219
threshold=0.37969951586789719 0.0067794565405618597 15.708333333350001 1.0000000180025095e-35 0.54296050000000007 0.014943000000000001 26107.500000000004 10.63333333335 0.094543000000000002 779250.50000000012 1.5000000000000002 6.5000000000000009 1.0000000180025095e-35 8.2916666666650016 0.14406000000000002 4.5000000000000009 4.083333333335001 4.5000000000000009 0.7740980979447657 161.50000000000003 0.037195500000000006 0.11561800000000001 685.50000000000011 0.5823505000000001 0.055256500000000007 1.5000000000000002 5.5000000000000009 0.041808000000000005 0.18038300000000002 1.5000000000000002
decision_type=2 2 2 2 2 2 2 2 2 2 2 2 2 2 2 2 2 2 2 2 2 2 2 2 2 2 2 2 2 2
left_child=1 8 3 6 -3 16 -2 12 -1 10 11 23 20 -8 -7 -9 18 19 -4 27 21 -6 -22 24 26 -15 -5 -16 -29 -30
right_child=2 4 5 9 7 14 13 15 -10 -11 -12 -13 -14 25 17 -17 -18 -19 -20 -21 22 -23 -24 -25 -26 -27 -28 28 29 -31
leaf_value=-0.048091513513346722 0.01219896998440728 -0.050526144900459126 -0.023919296477058212 0.015057803522454838 -0.01311223814001649 -0.018927698979623726 -0.0091450382583175404 -0.031184412299790548 0.036472851513586327 0.0024584693952225739 0.041689876126256485 -0.016257999271045414 0.019704197538825859 0.0052716250515708659 -0.0060750838395436831 -0.010818933122475376 -0.019041836611679977 0.022583431844424916 0.0099983954879763349 0.035156086162392096 -0.025567398333972792 0.03842154636642884 0.077545516531874803 0.02345118694729963 -0.055864497416948961 0.062172637697193001 -0.083117897903516508 0.062015079168519775 -0.010594098975392289 0.029811999229969258
leaf_weight=179.20574447271883 366.85510801020428 27.844128502851163 20.064563351319521 78.21648019584245 20.493440923584785 30.685922468976059 134.53816423125681 62.468761171335245 3.1479912659742686 72.511571880553674 55.986964649520814 20.069258884119336 37.534906203281025 207.65318045542517 113.90503306218307 140.02388517137661 112.6575223229047 59.067215906485217 54.613805855973624 14.595657882673548 44.823061770359345 13.835469615569307 2.0269715022295705 283.98028285807231 6.5364393433264913 5.053229267243295 1.5874626431614149 6.7692224092315874 21.81866024970077 16.626102433976484
leaf_count=811799 5162 68817 1426 1687 10031 1309 4146 51546 3813 881 183 499 11346 3099 2081 52535 13478 566 619 123 23533 2357 39 2057 140 22 10 79 411 256
internal_value=0 -0.0251403 0.00793426 0.0115006 -0.0139125 -0.00182011 0.00651693 -0.0107387 -0.0466317 0.0183593 0.0209423 0.0179668 0.000114847 0.000514006 0.00477695 -0.0171017 -0.0110982 0.00790176 0.000885399 0.00290963 -0.00894273 0.00765726 -0.0211062 0.0198216 0.00788353 0.00662341 0.0131049 -4.82686e-05 0.0151347 0.00688022
internal_weight=0 531.404 1683.79 1232.99 349.051 450.804 714.1 321.206 182.354 518.888 446.377 390.39 118.714 347.245 263.468 202.493 187.336 232.782 74.6784 173.715 81.1789 34.3289 46.85 370.321 86.3404 212.706 79.8039 159.119 45.214 38.4448
internal_count=1074050 1035816 38234 17886 220204 20348 12429 151387 815612 5457 4576 4393 47306 7267 4825 104081 15523 3516 2045 2950 35960 12388 23572 3894 1837 3121 1697 2827 746 667
is_linear=0
shrinkage=0.05


Tree=75
num_leaves=31
num_cat=0
split_feature=0 0 164 173 167 42 81 170 42 0 72 150 62 83 70 70 34 83 83 159 156 118 47 117 42 0 0 126 47 102
split_gain=166.227 44.8918 25.2267 19.5008 19.1167 15.8966 15.3784 9.47453 8.88724 8.75901 7.95415 7.23807 8.62566 6.96474 6.80401 10.6406 7.22837 6.79265 5.88247 8.35145 7.63873 7.154 8.72144 5.82043 6.30765 6.15781 20.266 5.64463 5.18353 5.13139
threshold=0.043984350660107828 0.94875966535953815 10.708333333350001 0.26813100000000006 2.5000000000000004 3.5000000000000004 0.018857000000000002 1.5354940000000001 1.0000000180025095e-35 0.0088049481694041625 1.5000000000000002 0.012545500000000003 8.5000000000000018 0.64309850000000013 104.50000000000001 99.500000000000014 93830.500000000015 0.55835550000000012 0.5903695000000001 1.1577337500000002 1.6333333333350002 0.091412000000000007 206.50000000000003 0.09122050000000001 9.5000000000000018 0.00068893833426554444 0.00066139307816875839 0.091939000000000007 2821.5000000000005 0.17260350000000005
decision_type=2 2 2 2 2 2 2 2 2 2 2 2 2 2 2 2 2 2 2 2 2 2 2 2 2 2 2 2 2 2
left_child=3 2 6 9 17 -3 7 10 14 -1 27 13 -13 -12 15 -6 28 -4 19 20 -10 -20 -23 24 -5 26 -26 29 -16 -2
right_child=1 5 4 23 8 -7 -8 -9 18 -11 11 12 -14 -15 16 -17 -18 -19 21 -21 -22 22 -24 -25 25 -27 -28 -29 -30 -31
leaf_value=-0.050183211099972161 -0.0089990669686762902 0.010491512360717749 -0.0436583161834527 -0.02272134093804978 -0.010960916840195315 0.027657928190876258 0.028877593105945815 0.010629491777265158 -0.019176006635684733 -0.026301649776695898 -0.01319836960745573 0.041816682300990803 -0.014930485439777531 0.06279234292196556 0.022979230689103142 -0.048707232519581291 -0.0098490810788415227 -0.017753493607890414 0.02046453725667699 0.033464037930243086 0.0084513475333513818 0.064372359809871313 -0.023006288486971917 0.02653713984739672 -0.050966076697047946 0.053844095202089409 2.6785564088918754 0.042291957497597947 -0.035627348976082468 -0.045492904684959555
leaf_weight=158.49686655248479 145.93995211375477 595.33221611729823 38.681433324344653 34.848041889783417 174.62286901296466 174.35802630765829 68.804628250130918 233.90416276785254 64.382133972729207 50.668572008140472 30.686455462182494 25.291651974665001 9.1079346352416888 3.3438166280975556 37.21523382065061 20.905733244755538 63.06426963818376 73.18159476528308 74.517403242978617 13.403903089099911 40.922905421830365 3.3135820352472392 20.667779816925758 9.4044018929234863 0.023406701253406381 2.1965061247083213 0.009585199271896272 5.0518523423233992 4.1985243356757556 10.313136068201855
leaf_count=739586 19900 3273 37550 106030 16435 802 339 7382 7886 89824 3972 319 400 27 2084 4084 6021 13372 1545 774 1665 12 354 6292 196 602 5 159 389 2771
internal_value=0 0.00501552 -0.00119007 -0.0378882 -0.00796917 0.0143802 0.00681937 0.0035459 -0.00391565 -0.0443981 -0.00366624 0.0106179 0.0267918 -0.00573152 -0.00949251 -0.0149967 0.000808496 -0.0267112 0.00378711 -0.00370814 -0.00843966 0.0128202 -0.0109329 -0.00859426 -0.017505 0.0640281 0.742047 -0.00972596 0.0170377 -0.0114078
internal_weight=0 1931.21 1161.52 255.647 629.077 769.69 532.444 463.639 517.214 209.165 229.735 68.4299 34.3996 34.0303 300.007 195.529 104.478 111.863 217.208 118.709 105.305 98.4988 23.9814 46.4819 37.0775 2.2295 0.0329919 161.305 41.4138 156.253
internal_count=1074050 131515 127440 942535 92171 4075 35269 34930 41249 829410 27548 4718 719 3999 29013 20519 8494 50922 12236 10325 9551 1911 366 113125 106833 803 201 22830 2473 22671
is_linear=0
shrinkage=0.05


Tree=76
num_leaves=31
num_cat=0
split_feature=0 0 177 42 164 83 181 156 137 160 169 150 169 70 0 2 83 74 42 110 42 123 87 100 53 141 70 34 68 91
split_gain=156.449 45.8086 24.0378 16.0846 15.8977 14.5879 11.4515 8.58057 8.38093 8.52664 8.49682 8.12354 10.1332 7.92201 7.5692 7.27598 7.27589 6.86736 6.63489 6.49691 6.31409 5.95177 5.85645 5.84549 6.30122 5.83237 5.78256 8.58072 8.14435 7.27927
threshold=0.33581906297173442 0.0067794565405618597 2.6333333333350004 2.5000000000000004 15.775000000000002 0.58948950000000011 1.8210830000000002 1.2916666666650001 0.019517500000000004 0.085616400000000009 6.5000000000000009 0.047882500000000008 10.500000000000002 103.50000000000001 0.94875966535953815 8.9884656743000007e+307 0.54336150000000016 1852.1666666650001 52.500000000000007 24.500000000000004 1.0000000180025095e-35 2.5000000000000004 2.5000000000000004 1.0000000180025095e-35 1.5000000000000002 38.500000000000007 43.500000000000007 84103.500000000015 21.500000000000004 82.500000000000014
decision_type=2 2 2 2 2 2 2 2 2 2 2 2 2 2 2 2 2 2 2 2 2 2 2 2 2 2 2 2 2 2
left_child=1 11 5 6 13 7 8 25 9 26 -10 -1 22 20 21 23 -6 -9 -16 -15 -3 -7 -13 -5 -25 -2 29 -28 -29 -4
right_child=2 4 3 15 16 14 -8 17 10 -11 -12 12 -14 19 18 -17 -18 -19 -20 -21 -22 -23 -24 24 -26 -27 27 28 -30 -31
leaf_value=-0.049309424589457293 -0.010860439021857876 -0.018639709027452319 0.0119161900251663 0.025928782146282123 -0.051199872653985748 0.003110965454625345 0.015641449986219334 0.00095872220576949689 -0.049398206605724838 -0.04823743106225719 0.021041738818662448 0.034017319025378967 0.99263857268607514 0.027488755747432654 0.013737233860178466 -0.001861312759734651 -0.020999141124092013 -0.043065841942528681 0.054968178837444884 -0.0056130822318642467 0.0087523014630217014 -0.04641844565388021 -0.037634209494029285 -0.051107374734303095 0.013578565066262245 -0.034014483131689699 0.005005987529571921 0.054804604687160891 -0.017187147093307025 -0.077369607815897204
leaf_weight=155.44480727028622 92.359256754592934 79.676549120545133 107.55927352348226 262.56600547017297 23.826682391968461 206.89739977678983 282.34432713018032 186.11011184595191 4.5335084374528369 9.1827776341233385 76.903243140201084 4.806760637518888 0.025330048141768979 30.357584129036695 101.28704322595149 30.364666016364936 122.35296769692195 9.3007582885547873 10.797381687909363 28.967830909066834 28.585783154466299 6.2485854666447258 7.0120471404934506 4.8970615626312819 16.283366891846526 38.549641771911411 123.72168940014672 4.0867491232929742 101.47819402563618 2.3322742120362809
leaf_count=766009 5234 41317 1499 1458 60885 5956 2136 6913 253 136 859 13190 36 5080 591 255 79314 3102 38 19027 10243 236 36377 52 135 9360 1754 35 2559 11
internal_value=0 -0.0251372 0.00720729 0.0119759 -0.0138711 -0.00030375 0.00781867 -0.00777282 0.0026797 -0.000696125 0.0171204 -0.046268 -0.00635219 -0.00335981 0.00719034 0.0214011 -0.0259217 -0.00113667 0.0177091 0.0113256 -0.0114071 0.00165896 -0.00849322 0.0238905 -0.00137727 -0.0176788 0.00059099 -0.0039287 -0.0144001 0.0100212
internal_weight=0 481.056 1677.8 1026.25 313.767 651.55 712.142 326.32 429.798 348.361 81.4368 167.289 11.8441 167.588 325.23 314.111 146.18 195.411 112.084 59.3254 108.262 213.146 11.8188 283.746 21.1804 130.909 339.178 229.287 105.565 109.892
internal_count=1074050 1031478 42572 11142 215866 31430 9242 24609 7106 5994 1112 815612 49603 75667 6821 1900 140199 10015 629 24107 51560 6192 49567 1645 187 14594 5858 4348 2594 1510
is_linear=0
shrinkage=0.05


Tree=77
num_leaves=31
num_cat=0
split_feature=0 0 164 173 81 42 116 0 98 170 138 181 173 70 56 168 168 82 168 83 2 141 131 77 141 159 104 83 96 104
split_gain=147.634 40.9834 20.947 19.2972 14.7775 14.2561 12.1406 8.46791 8.07404 7.79088 7.53836 7.50459 7.39255 7.25348 6.76346 6.70112 6.69344 6.58913 6.50257 6.19779 6.16581 6.94194 8.01914 7.63574 6.67803 6.60262 5.95644 5.85517 5.58288 5.9356
threshold=0.043984350660107828 0.86620967868038068 10.63333333335 0.26813100000000006 0.018857000000000002 1.0000000180025095e-35 0.0021160000000000003 0.0088049481694041625 2.9166666666650003 2.9878565000000004 0.085970000000000005 1.4043205000000001 0.20129650000000002 118.50000000000001 1.0000000180025095e-35 17.500000000000004 180.50000000000003 572.50000000000011 4.5000000000000009 0.56869850000000011 2826.5000000000005 48.500000000000007 47.500000000000007 10.500000000000002 21.500000000000004 0.96289400000000003 0.067282000000000008 0.5557795000000002 0.058258000000000004 0.17906300000000003
decision_type=2 2 2 2 2 2 2 2 2 2 2 2 2 2 2 2 2 2 2 2 2 2 2 2 2 2 2 2 2 2
left_child=3 2 4 7 11 12 -4 -1 17 10 28 26 13 -3 15 18 19 -7 -14 -8 21 23 -23 -17 -22 -26 -2 -15 -10 -30
right_child=1 5 6 -5 -6 8 16 -9 9 -11 -12 -13 14 27 -16 20 -18 -19 -20 -21 24 22 -24 -25 25 -27 -28 -29 29 -31
leaf_value=-0.049978609203330672 -0.014666770646997876 -0.021181312290216216 -0.024944177980119393 -0.0076214606068168399 0.032150331359374243 -0.00011631375052999218 -0.023299503129372425 -0.025866987710318985 0.0080831187008251239 0.029051477059588271 0.04851455618084824 0.011198880074375306 0.059086158258388956 -0.032246503681751741 0.037561522621649808 0.024393967108173015 0.021079331017085274 0.029161883496729737 -0.0094460575996116857 -0.0049008578133231829 0.0019400826786886147 -0.046811459691631238 0.02581259496397344 -0.017331537323956835 0.011694663460648257 0.049655980362170136 0.0047613286195402893 0.031179886420126993 -0.0048044719191720937 -0.06738142136226942
leaf_weight=144.90863030472747 84.601506295417494 43.84554265771294 114.30970010855162 45.158801856622631 45.721021949488204 21.725887899752706 54.809708750904974 48.634884026772852 156.53633825603174 52.18427712621633 10.440217182971535 114.33830484225473 3.625420454889535 4.8375932385679361 18.813043631613255 130.38225001050159 21.14267088062843 166.39071667194366 76.444330438971519 277.60798940692257 278.03931703080889 8.5345498640090209 6.8534219535067669 11.971198624931274 63.607176100951619 13.970208914019166 73.924595551623497 14.681441566906868 16.617285339278173 4.9088825220242134
leaf_count=739586 20240 787 54665 113125 227 153 15344 89824 1384 252 42 5348 27 76 101 644 1584 673 1052 20284 1888 65 46 100 551 68 5522 117 233 42
internal_value=0 0.00467751 -0.00404561 -0.0370526 0.00584319 0.0108893 -0.0107792 -0.0439197 0.0180198 0.0119542 0.00722111 0.00143518 0.00636357 -0.00989411 0.00804618 0.00711047 -0.00619946 0.0257805 -0.00634304 -0.00793446 0.00920885 0.0174365 -0.0144665 0.0208851 0.00555932 0.0185308 -0.00560697 0.0154603 0.00479998 -0.0190747
internal_weight=0 1890.86 786.455 238.702 318.585 1104.41 467.87 193.544 428.804 240.687 188.503 272.864 675.605 63.3646 612.241 593.428 353.56 188.117 80.0698 332.418 513.358 157.741 15.388 142.353 355.617 77.5774 158.526 19.519 178.063 21.5262
internal_count=1074050 131515 123214 942535 31337 8301 91877 829410 2779 1953 1701 31110 5522 980 4542 4441 37212 826 1079 35628 3362 855 111 744 2507 619 25762 193 1659 275
is_linear=0
shrinkage=0.05


Tree=78
num_leaves=31
num_cat=0
split_feature=0 0 0 42 83 170 42 181 156 83 129 34 113 34 175 91 157 2 150 91 105 118 105 127 159 47 151 47 166 99
split_gain=140.956 33.5628 27.3382 19.4623 17.8067 14.7735 14.4932 10.1801 9.56774 8.46685 8.11696 7.34441 7.69101 7.26032 7.24139 6.57228 11.1818 6.46861 6.30983 6.22341 5.91563 5.84937 9.36404 6.47985 6.05369 5.79468 6.96712 6.80077 5.79534 5.96044
threshold=0.11665055024126079 0.94875966535953815 0.0019437620776660012 383.50000000000006 0.56680450000000004 0.48845450000000007 29.500000000000004 0.65717850000000011 1.3666666666650003 0.55406350000000015 6.5000000000000009 221919.50000000003 3.5000000000000004 884755.50000000012 62.500000000000007 70.500000000000014 18.366666666650001 44997.000000000007 0.094543000000000002 82.500000000000014 1.5000000000000002 0.083224000000000006 5.5000000000000009 0.11774100000000001 0.88318150000000017 1245.5000000000002 0.10463300000000002 1176.5000000000002 0.64642857142850019 0.10461450000000001
decision_type=2 2 2 2 2 2 2 2 2 2 2 2 2 2 2 2 2 2 2 2 2 2 2 2 2 2 2 2 2 2
left_child=2 3 18 4 8 -4 11 -6 -2 -7 -9 15 -13 -5 19 16 21 -12 -1 -14 -18 22 -3 25 -25 26 27 28 -23 -30
right_child=1 6 5 13 7 9 -8 10 -10 -11 17 12 14 -15 -16 -17 20 -19 -20 -21 -22 23 -24 24 -26 -27 -28 -29 29 -31
leaf_value=-0.049850898670917937 -0.035674651810027116 0.009409282773052972 -0.041844111949447857 0.030901438708715253 -0.0086003218362937697 -0.046083642958957872 0.033385143232424988 0.0079236549104660797 -0.0082649115362879895 -0.0054161707452680015 0.0030163395796467991 -0.0020381368252170426 0.027103383447986514 8.5225165401091872e-06 -0.029378893124211825 0.024966227947103094 0.0066155812373437477 -0.01529544704573442 0.045303371080697381 -0.015056254306528426 -0.043043075550948211 0.06787753270959837 -0.040643261525226883 -0.067907524216639564 0.025022906101079784 0.033492894253131976 -0.051393745957609482 -0.047906805794857371 0.01336960040039397 0.063105807206250947
leaf_weight=128.05347996835826 54.237873624853819 72.975441875401884 49.453513922454476 63.937832867753968 233.40676358230121 14.353196026545445 81.60104981996119 390.82431544670544 77.088226363928698 118.1793139622614 117.95364879005501 164.27893086196855 64.843589880270883 27.070926756070548 7.7423685621470204 120.1928907353431 10.654489563312383 81.583313281094888 1.7662424171794544 10.119392837397752 13.720000697299836 5.7295556543394914 10.716643816791473 4.0641126676928243 3.0809499658644199 59.605250953172799 3.8857477419078341 3.9447608301416031 102.67747478862293 6.399258514866232
leaf_count=695700 25718 562 148309 1365 19690 43167 345 10076 15179 101160 3581 1046 253 954 36 475 65 3587 1489 50 79 19 126 36 12 298 30 31 589 23
internal_value=0 0.00539767 -0.0310271 -0.000381152 -0.00248638 -0.0185227 0.0134987 0.000239532 -0.0195852 -0.00982044 0.00373448 0.0110571 0.00422227 0.0217122 0.0166574 0.015099 0.011112 -0.00447068 -0.0485563 0.0214122 -0.0213365 0.0140082 0.00300013 0.0188728 -0.0278359 0.0207041 0.0144884 0.0166442 0.0188622 0.0162875
internal_weight=0 1792.33 311.806 1046.1 955.094 181.986 746.232 823.768 131.326 132.533 590.361 664.631 246.984 91.0088 82.7054 417.647 297.454 199.537 129.82 74.963 24.3745 273.079 83.6921 189.387 7.14506 182.242 122.637 118.751 114.806 109.077
internal_count=1074050 84225 989825 80150 77831 292636 4075 36934 40897 144327 17244 3730 1385 2319 339 2345 1870 7168 697189 303 144 1726 688 1038 48 990 692 662 631 612
is_linear=0
shrinkage=0.05


Tree=79
num_leaves=31
num_cat=0
split_feature=0 0 0 42 83 83 66 138 42 181 42 151 2 47 70 70 169 2 43 74 124 158 39 34 70 62 127 98 104 131
split_gain=135.387 42.6127 20.7289 14.7399 15.4804 14.0086 13.1004 8.7053 8.55526 8.1329 7.89157 7.48861 7.08602 7.17933 6.89145 9.86416 6.7561 6.61304 10.1672 10.042 6.32472 6.19761 5.85399 6.93904 5.8466 7.26427 5.82463 5.77035 5.56339 5.56261
threshold=0.37969951586789719 0.0067794565405618597 0.94875966535953815 1.5000000000000002 0.57077500000000014 0.54296050000000007 0.096819500000000017 0.027653 336.50000000000006 1.6741885000000003 951.00000000000011 0.049519500000000001 567261.00000000012 526.50000000000011 100.50000000000001 99.500000000000014 4.5000000000000009 1954.5000000000002 5.5000000000000009 98.77500000000002 2.5000000000000004 2.3666666666650005 3.5000000000000004 75120.500000000015 59.500000000000007 9.5000000000000018 0.10617350000000002 5.7750000000000012 0.27983250000000004 8.5000000000000018
decision_type=2 2 2 2 2 2 2 2 2 2 2 2 2 2 2 2 2 2 2 2 2 2 2 2 2 2 2 2 2 2
left_child=1 11 3 7 10 -3 9 14 16 -4 -5 -1 -6 24 15 26 -7 29 19 22 -21 -9 28 -24 25 -14 -2 -28 -19 -11
right_child=2 5 6 4 12 8 -8 21 -10 17 -12 -13 13 -15 -16 -17 -18 18 -20 20 -22 -23 23 -25 -26 -27 27 -29 -30 -31
leaf_value=-0.049367126246335401 -0.010302722302372863 -0.050203692584130405 0.0076320392231934119 -0.023710921793605191 0.01858529522786272 -0.023986979591439445 0.053498921351748434 0.0029894073136197828 0.027990827306102452 0.034943538496560872 0.022679837226514898 -0.010857837803685049 0.01499960384727729 -0.019208138320813476 0.002121553467287702 -0.04795398414654406 -0.0072770039613021106 0.020190063298726593 0.031993140087099151 -0.056580684970095808 0.014273200317509255 0.034427321149564254 0.019286341632521364 -0.046968349194980032 0.048972413203531233 -0.046195550212795145 -0.012043210252113114 0.0557642868829831 -0.0098577574404100244 0.0077937136322127586
leaf_weight=134.00097992748397 254.85191963622128 23.923208161091679 425.77787996741245 45.13303047129375 223.88587526307674 86.479370486400057 19.561509825289249 56.454889617278241 13.808371262268336 79.965769444592297 11.503915234039594 13.937446071984139 25.838513857452202 28.084844070894178 154.11881056872517 16.986242099119409 201.28100496460956 84.622214750852436 50.179038147442043 9.7909594099037331 4.6432445433456442 21.703564855095465 7.0693849949166205 8.9615629403851909 9.0958732911385578 5.9699913666117927 5.8236051816493255 6.8023462204728276 18.833087380975485 24.691671276465058
leaf_count=750968 15503 68817 2732 6061 2493 75285 58 1430 2738 273 338 64644 266 366 5372 1843 73364 391 216 65 23 195 32 54 71 88 82 51 101 130
internal_value=0 -0.0234886 0.00694861 0.00171014 0.00964063 -0.0133755 0.0131301 -0.00365386 -0.010454 0.012025 -0.0142882 -0.0457391 0.014268 0.000257573 -0.00639346 -0.0110068 -0.0122988 0.0185025 0.0127974 0.00560485 -0.0337882 0.0117193 0.0103636 -0.0177511 0.0136227 0.00351417 -0.00866044 0.0244887 0.0147201 0.0285381
internal_weight=0 473.43 1600.35 866.253 349.512 325.492 734.096 516.741 301.569 714.535 56.6369 147.938 292.875 68.9892 438.583 284.464 287.76 288.757 184.099 133.92 14.4342 78.1585 119.486 16.0309 40.9044 31.8085 267.478 12.626 103.455 104.657
internal_count=1074050 1035816 38234 34159 9683 220204 4075 24476 151387 4017 6399 815612 3284 791 22851 17479 148649 1285 882 666 88 1625 578 86 425 354 15636 133 492 403
is_linear=0
shrinkage=0.05


Tree=80
num_leaves=31
num_cat=0
split_feature=0 0 177 44 164 83 47 101 47 47 2 98 167 156 151 167 127 42 159 70 2 150 102 91 157 98 65 118 48 168
split_gain=127.943 41.1341 21.0979 17.7129 13.7163 12.4839 12.156 8.6488 9.14369 9.61506 8.42121 11.2063 8.39281 7.67391 7.24415 7.0787 7.07018 6.72854 6.64812 6.3954 6.35247 6.21248 6.21062 7.39284 5.95469 5.88399 6.62398 7.81667 5.68609 8.04108
threshold=0.37969951586789719 0.0067794565405618597 2.5357142857150001 1.0000000180025095e-35 13.775000000000002 0.58948950000000011 1944.5000000000002 0.053591500000000007 1542.5000000000002 737.50000000000011 2826.5000000000005 3.2916666666650003 2.5000000000000004 1.2916666666650001 0.049519500000000001 4.5000000000000009 0.03207200000000001 297.50000000000006 0.17264930000000003 104.50000000000001 175.00000000000003 0.10455800000000003 0.093082500000000012 81.500000000000014 5.083333333335001 5.5500000000000007 1.5000000000000002 0.065718000000000013 1.0000000180025095e-35 59.500000000000007
decision_type=2 2 2 2 2 2 2 2 2 2 2 2 2 2 2 2 2 2 2 2 2 2 2 2 2 2 2 2 2 2
left_child=1 14 5 6 17 13 7 10 9 -9 11 -4 -6 25 -1 -8 -14 -3 -12 28 -13 -20 -22 -24 -17 26 27 -2 -7 -30
right_child=2 4 3 -5 12 19 15 8 -10 -11 18 20 16 -15 -16 24 -18 -19 21 -21 22 -23 23 -25 -26 -27 -28 -29 29 -31
leaf_value=-0.049252561892960067 -0.0096967705116233968 -0.0053211947048823777 0.027917825996780457 0.042817928933272562 -0.039025754737258639 -0.0010064138138455656 -0.014092436862705402 0.01111862132957972 -0.036987064157595971 0.039361115904098361 -0.019185693192472021 -0.022959028493191772 -0.0045709766787671649 -0.001227808975206704 -0.011178114855159973 -0.051226607548910709 -0.031284900603212366 0.039980160326700077 0.0037235185130716063 0.017012639452860228 -0.022473474847404053 -0.071952950388676606 0.0078402183536152234 0.051989482447790406 0.02795441903735035 -0.028962094693543789 -0.045560311484447155 0.038081477651821842 0.039777260089380623 -0.076345612078327851
leaf_weight=128.10701799459457 42.67178512449027 151.73149066101496 82.089622219325975 42.573497025645338 56.669028527454429 189.40985974739306 11.684470002743181 77.765073267160915 6.9125589869217938 49.203818791313097 35.659874925011536 19.035068343961029 62.852650382867068 175.8351415445577 13.842739383490878 2.4186300666187881 40.876294379069805 8.664770634010436 439.55221542838262 98.057952765375376 13.118887452612396 2.7287942813709369 58.184320189495338 11.328213037690146 129.88760841748444 58.629441761368071 9.4340171667718078 10.708898414712165 15.802373715676369 1.6460899761877943
leaf_count=750968 1820 71214 499 170 90050 4373 181 734 50 280 1046 305 37673 8727 64644 45 19900 1367 5428 1417 256 21 593 44 951 10065 605 243 358 23
internal_value=0 -0.0231294 0.00675548 0.0112735 -0.0132129 -0.000613098 0.00984416 0.00742465 0.0190145 0.0220633 0.00507969 0.0141766 -0.0235518 -0.00790404 -0.0455396 0.0232124 -0.0150981 -0.00287397 0.00158216 0.00649524 0.00308137 0.00325661 0.00908007 0.0150351 0.0265069 -0.0175703 -0.00693762 -0.000111798 0.00150963 0.0288222
internal_weight=0 462.744 1584.34 982.143 320.794 602.196 939.569 795.578 133.881 126.969 661.697 183.756 160.398 297.279 141.95 143.991 103.729 160.396 477.941 304.916 101.666 442.281 82.6314 69.5125 132.306 121.444 62.8147 53.3807 206.858 17.4485
internal_count=1074050 1035816 38234 10603 220204 27631 10433 9256 1064 1014 8192 1697 147623 21460 815612 1177 57573 72581 6495 6171 1198 5449 893 637 996 12733 2668 2063 4754 381
is_linear=0
shrinkage=0.05


Tree=81
num_leaves=31
num_cat=0
split_feature=0 0 115 173 42 42 83 82 2 56 0 170 34 98 82 2 48 47 159 107 98 168 39 160 39 156 166 129 82 53
split_gain=120.262 38.8181 20.6343 17.0124 11.7558 9.78207 9.44696 8.81704 8.73321 9.20976 7.74049 7.57982 6.99993 8.09864 6.97362 6.78159 7.49821 6.66929 6.73802 6.656 6.48059 6.41719 6.24811 6.52696 6.06551 6.03972 6.11619 5.76213 5.41133 5.36317
threshold=0.043984350660107828 0.86620967868038068 0.091351000000000016 0.26813100000000006 15.500000000000002 122.50000000000001 0.53219150000000004 562.50000000000011 593143.50000000012 1.0000000180025095e-35 0.0088049481694041625 2.1664360000000005 994244.00000000012 8.0833333333350019 575.50000000000011 156.50000000000003 1.0000000180025095e-35 5190.5000000000009 1.4251560000000001 2.5000000000000004 9.1000000000000014 190.50000000000003 1.5000000000000002 0.0027325000000000001 2.5000000000000004 1.7083333333350004 0.55777777777800008 11.500000000000002 661.50000000000011 1.0000000180025095e-35
decision_type=2 2 2 2 2 2 2 2 2 2 2 2 2 2 2 2 2 2 2 2 2 2 2 2 2 2 2 2 2 2
left_child=3 2 6 10 11 20 -2 -6 9 14 -1 22 13 -9 -8 -16 21 29 -19 -15 -4 28 27 -24 -11 -25 -27 -3 -17 -13
right_child=1 4 5 -5 7 -7 8 12 -10 24 -12 17 -14 19 15 16 -18 18 -20 -21 -22 -23 23 25 -26 26 -28 -29 -30 -31
leaf_value=-0.049567034495807349 -0.047946170986326982 0.011629784599253257 0.0044592397932055952 -0.0075085341830534993 -0.013559274909495095 0.027854699412696766 -0.020164087406480694 0.038356354839569826 -0.021235245051291731 0.031178132229947669 -0.025331170226335988 0.010049567794063968 0.0096956780335774456 -0.037861282083994287 -0.043457959524872615 -0.0090474051089305587 0.030144142454686697 -0.068783739886910542 0.0019774269752731886 0.028660377050500431 -0.028613327228986109 0.025719413016933895 -0.052965402693827927 -0.0069536402389624927 -0.0074860975038954546 0.064737312304201516 0.0055705292758882101 -0.038968258046334185 0.042049832592845629 0.023393257532211109
leaf_weight=122.12360991334708 16.542341903004854 240.75435594236478 219.82605500766658 42.219004662032603 15.54493490513414 44.235988297848962 90.271379692021583 93.765920482110232 117.73065788978784 26.270076800814422 45.116082114081564 173.22992324479856 46.513698584400117 6.778966295765712 10.124169742728553 160.6813315909676 17.103102438726637 4.4469477050006416 13.817177509481551 8.4446316432440636 15.882357026977841 16.03894619136554 5.7526760138571253 138.28423338115681 16.523752734577101 4.4873372120782724 163.9930636784411 5.7613743590190998 5.3540759816241907 133.20757425227202
leaf_count=739586 27251 1822 11558 113125 196 261 30887 381 22757 418 89824 929 246 77 1628 20942 1614 53 147 58 1969 731 105 1922 3062 22 1560 84 136 699
internal_value=0 0.00414778 -0.00449467 -0.0358694 0.0103469 0.00627978 -0.0108228 0.0223451 -0.00948808 -0.00544855 -0.0430289 0.00802464 0.0259343 0.0328645 -0.00854802 -0.00353803 -0.00150891 0.0141006 -0.0152515 -0.000961273 0.00223076 -0.00448223 0.00449556 -0.000199174 0.0162489 0.000790337 0.00714639 0.0104472 -0.00739969 0.01585
internal_weight=0 1811.37 756.584 209.459 1054.78 279.944 476.64 171.048 460.097 342.367 167.24 883.735 155.503 108.99 299.573 209.302 199.177 324.702 18.2641 15.2236 235.708 182.074 559.033 312.517 42.7938 306.765 168.48 246.516 166.035 306.437
internal_count=1074050 131515 123214 942535 8301 13788 109426 958 82175 59418 829410 7343 762 516 55938 25051 23423 1828 200 135 13527 21809 5515 3609 3480 3504 1582 1906 21078 1628
is_linear=0
shrinkage=0.05


Tree=82
num_leaves=31
num_cat=0
split_feature=0 0 0 164 170 42 42 138 167 70 42 47 83 42 167 127 62 110 150 2 95 156 152 126 176 162 128 61 87 161
split_gain=115.431 37.1044 23.0238 17.0816 13.071 11.4343 10.9453 8.23836 7.91859 6.82299 8.63375 6.59346 6.26402 7.54693 6.05361 6.00662 5.89166 5.66447 5.14029 5.10783 8.07933 5.68313 5.04555 6.91923 4.99357 4.85983 4.78231 4.73793 4.72488 6.30454
threshold=0.33581906297173442 0.0019437620776660012 0.94875966535953815 13.775000000000002 0.78406500000000012 1.5000000000000002 3.5000000000000004 0.032480000000000002 2.5000000000000004 103.50000000000001 1.0000000180025095e-35 382.50000000000006 0.5823505000000001 44.500000000000007 7.5000000000000009 0.03207200000000001 8.5000000000000018 24.500000000000004 0.094543000000000002 130586.50000000001 1.0578100000000001 1.5500000000000003 0.11325100000000002 0.040199000000000006 2.5000000000000004 0.041298666666650004 0.040736500000000009 2.5000000000000004 4.5000000000000009 0.058253166666650001
decision_type=2 2 2 2 2 2 2 2 2 2 2 2 2 2 2 2 2 2 2 2 2 2 2 2 2 2 2 2 2 2
left_child=1 18 4 9 11 7 -4 -6 -5 10 22 16 13 14 -7 25 -2 -11 -1 -14 -21 24 -3 -24 -22 -10 -16 -15 -9 -30
right_child=2 3 6 8 5 12 -8 28 15 17 -12 -13 19 27 26 -17 -18 -19 -20 20 21 -23 23 -25 -26 -27 -28 -29 29 -31
leaf_value=-0.049564970841520818 0.0061247560610995884 -0.026161228979740186 0.0095439526642202982 -0.040443022456410418 -0.0042315244772373906 -0.04135521280224453 0.02441016210051843 0.025547326205933446 -0.04124258261789035 0.027477605935638652 0.013672176202344857 -0.016300091823270253 0.023186146658494052 0.021079965305480581 0.034340571844702232 -0.032597614225222893 -0.032068046685213999 -0.0047650036355478204 0.038752496729322621 0.025344575018902096 -0.018403535507927886 0.0040123242226170943 0.035362842430096388 -0.033841078149274804 -0.09216795686381038 -0.0013113305599311187 -0.028589615589889979 -0.05794109721507628 0.011097703809322127 -0.055590312483161201
leaf_weight=108.24856948812294 77.169898510139319 57.24980213721301 551.57944855687674 59.216012591845356 321.32870497194381 15.498018416219567 159.64987650921103 40.970331644755788 8.970861519760545 27.733748380700035 27.117826666483325 139.61881511623142 122.41400790278567 27.668473536476089 6.6459192134789173 38.849578658025621 11.617662189964902 26.771049108718671 1.6729954382353742 31.806238999008201 9.3000506027601642 28.493013619212434 8.6709227826058832 6.1906459655619974 3.0457180133089414 50.587722212589142 5.5318987691425718 2.0365135213069143 15.687048556865195 4.5783866000128901
leaf_count=695700 3572 56443 3273 133554 12451 1905 802 521 22580 6709 14086 16777 1116 406 55 29553 609 29308 1489 214 132 199 1890 3490 22 36676 66 29 277 146
internal_value=0 -0.0232469 0.00621948 -0.0144301 0.000732114 0.00442174 0.012881 -0.00102846 -0.025996 -0.0025716 -0.0103783 -0.0095256 0.0126813 -0.00184036 -0.0206264 -0.0173027 0.00112731 0.011641 -0.0482208 0.0169532 0.0064501 -0.00826538 -0.0194227 0.00653567 -0.0366013 -0.00732587 0.00575389 0.0156624 0.0157793 -0.00396852
internal_weight=0 421.28 1574.64 311.358 863.411 635.004 711.229 382.564 157.624 153.734 99.2292 228.406 252.44 57.3808 27.6758 98.4082 88.7876 54.5048 109.922 195.059 72.645 40.8388 72.1114 14.8616 12.3458 59.5586 12.1778 29.705 61.2358 20.2654
internal_count=1074050 1031478 42572 334289 38497 17539 4075 13395 222363 111926 75909 20958 4144 2461 2026 88809 4181 36017 697189 1683 567 353 61823 5380 154 59256 121 435 944 423
is_linear=0
shrinkage=0.05


Tree=83
num_leaves=31
num_cat=0
split_feature=0 0 164 84 170 42 84 42 47 172 42 2 56 70 82 43 74 48 170 82 171 47 90 77 83 150 2 2 82 171
split_gain=109.419 42.8539 23.4539 12.3337 10.6331 10.202 9.16568 8.21738 7.40637 6.88172 6.8622 6.77813 7.82151 6.67736 6.32646 6.25279 7.29161 6.20287 6.37333 6.40279 6.8809 6.24957 6.18786 6.17642 6.08706 5.73529 5.70401 5.85456 5.65241 5.75832
threshold=0.0067794565405618597 0.7740980979447657 14.225000000000001 139.50000000000003 1.0807560000000003 5.5000000000000009 8.5000000000000018 1.0000000180025095e-35 104.50000000000001 0.19947300000000004 9120.5000000000018 613349.50000000012 1.0000000180025095e-35 100.50000000000001 574.50000000000011 2.5000000000000004 332.12500000000006 1.0000000180025095e-35 0.43055000000000004 607.50000000000011 0.051755000000000002 1069.5000000000002 2.5000000000000004 8.5000000000000018 0.64309850000000013 0.048270000000000007 3185.5000000000005 463519.00000000006 628.50000000000011 0.0033510000000000002
decision_type=2 2 2 2 2 2 2 2 2 2 2 2 2 2 2 2 2 2 2 2 2 2 2 2 2 2 2 2 2 2
left_child=9 2 3 7 8 -6 22 13 -3 -1 17 12 14 -2 -8 -7 -17 18 19 20 21 -10 28 -20 26 -25 -9 -28 29 -4
right_child=1 4 6 -5 5 15 11 24 10 -11 -12 -13 -14 -15 -16 16 -18 -19 23 -21 -22 -23 -24 25 -26 -27 27 -29 -30 -31
leaf_value=-0.049430761144774446 -0.015927522284492679 0.023347999294869165 0.0039910213255479957 0.022033141778018791 0.0088375606699680961 0.029938682231801645 -0.029062631516365674 -0.025762809756374766 0.0043401665252378032 -0.013761110327364039 0.040990402597391826 -0.028485747626878673 0.028008450073783043 0.0047123026247225825 -0.0016697147652670547 0.014778272186202741 -0.055566900807080481 0.025233461955677935 0.0031921454979676601 0.054189092035072953 -0.043909487066647719 -0.057809190703168825 0.0078042143083441196 -0.023685959680833087 0.041772596817566343 0.031504845295504201 0.017330749898880046 -0.012799060819536421 0.011803250290296208 -0.037801701801249768
leaf_weight=110.64683282802253 124.977434429602 36.298793402966112 8.9857628456993535 59.266834291322084 636.92865754345257 107.93662557328935 29.220331980751325 13.906527477958205 22.929468701011505 15.404494015114322 9.76148308359552 38.101554383989424 16.218131608531621 57.084878159194886 75.639040354556528 70.700814881362021 3.8862776560708872 20.401527091031312 229.75720646309492 2.8236607782309866 22.272322558535961 4.911409213251317 10.949873899575321 39.458163552277256 11.885857874447536 5.3448079936206332 57.798453873055223 22.360216809400754 7.0680581429860458 99.580338767444573
leaf_count=734861 42618 308 6384 3504 5200 574 23592 7409 447 80751 48 10413 1331 15358 12995 372 31 237 2916 37 890 504 4446 937 266 105 9448 4667 1140 102261
internal_value=0 0.00307689 -0.00746899 0.00126119 0.00857874 0.0118241 -0.0180786 -0.00301322 0.00182829 -0.0450716 -0.000355734 -0.0100932 -0.00430526 -0.00945599 -0.00930308 0.0222457 0.011113 -0.00151584 -0.0031822 -0.0190673 -0.0231949 -0.0066236 -0.0281202 -0.000119459 0.0080578 -0.0171019 0.00379768 0.00892606 -0.031522 -0.0343426
internal_weight=0 1846.45 633.043 347.28 1213.41 819.452 285.763 288.013 393.959 126.051 357.66 159.179 121.078 182.062 104.859 182.524 74.5871 347.899 327.497 52.9369 50.1132 27.8409 126.584 274.56 105.951 44.803 94.0652 80.1587 115.634 108.566
internal_count=1074050 258438 245832 83270 12606 6177 162562 79766 6429 815612 6121 48331 37918 57976 36587 977 403 6073 5836 1878 1841 951 114231 3958 21790 1042 21524 14115 109785 108645
is_linear=0
shrinkage=0.05


Tree=84
num_leaves=31
num_cat=0
split_feature=0 0 164 42 138 159 70 83 34 43 168 168 172 83 47 113 162 86 181 2 74 147 70 34 141 82 102 162 128 77
split_gain=103.591 40.4088 22.0973 12.741 10.3208 12.837 9.51511 8.7464 8.00977 7.75924 7.2646 7.1566 6.67988 6.58953 7.95285 6.4826 7.31705 6.14627 6.04287 6.87137 6.28594 7.48411 6.86081 6.85161 9.52211 5.94253 5.77366 5.93552 5.74621 5.58391
threshold=0.0067794565405618597 0.7740980979447657 13.225000000000001 7.5000000000000009 0.056304500000000007 1.1973990000000001 70.500000000000014 0.5425715000000001 115433.50000000001 3.5000000000000004 46.500000000000007 15.500000000000002 0.19947300000000004 0.5489710000000001 1638.5000000000002 3.5000000000000004 0.079441333333350003 0.030532500000000004 0.12254150000000001 175.00000000000003 5.3666666666650009 1.5000000000000002 113.50000000000001 393.00000000000006 30.500000000000004 552.50000000000011 0.10023350000000002 0.08852850000000001 0.13778400000000005 8.5000000000000018
decision_type=2 2 2 2 2 2 2 2 2 2 2 2 2 2 2 2 2 2 2 2 2 2 2 2 2 2 2 2 2 2
left_child=12 2 3 10 5 8 9 -4 13 -7 -2 -9 -1 14 -3 16 17 25 -15 20 21 22 -20 24 -22 -10 -18 -28 -8 -13
right_child=1 4 7 -5 -6 6 28 11 15 -11 -12 29 -14 18 -16 -17 26 -19 19 -21 23 -23 -24 -25 -26 -27 27 -29 -30 -31
leaf_value=-0.049309628115811521 -0.010443361091811786 0.010033756012326178 -0.04362438145498751 0.018735284588885348 0.022562749307893561 -0.018515998615235851 0.034462129679036183 -0.027318896089942188 -0.058809727766826393 0.036449427950498124 0.007493077076988125 -0.0062803871713947319 -0.01379945447528752 0.068099448072607413 -0.060385014463554001 0.0099761713104702405 0.02138195425227889 -0.063352222540419598 -0.060839577323551455 0.012338549669870122 -0.038719021318469972 0.040358533408830791 0.013936397164675641 -0.041829760737049304 0.047805219593536265 -0.0080984287320734916 -0.0261282077317481 0.0013340052549656593 0.0046579764738722195 -0.033591705657558639
leaf_weight=105.59815135693748 158.88008720165635 8.8420178281376156 28.381805655695644 81.496044746298594 114.98792001488619 22.442452373317796 82.789976573607419 76.975633762890538 6.1523715989314942 8.9937131721526367 87.564798784541381 170.8440363259906 15.142607798784409 4.5204120605485505 7.3360172107204553 127.60045088944025 31.886636506489594 5.9829205358400932 4.9178056106902686 390.7185135007021 6.1187119139940496 12.111113138729705 8.1532464484916982 17.719798766542226 6.6201638923957944 94.684336529113352 21.829643694509286 199.39732039727096 20.098093054490164 21.017501709599856
leaf_count=734861 58080 183 68007 9104 669 551 447 50675 198 44 12536 37806 80751 28 610 866 410 62 80 3555 50 57 68 468 38 1542 265 2298 117 9624
internal_value=0 0.00296106 -0.00735215 0.00159705 0.00831648 0.00681209 0.0212844 -0.0172264 0.00477564 -0.00279069 -0.00407033 -0.0144395 -0.0448561 0.00945502 -0.021898 0.00029279 -0.00314008 -0.0141139 0.01058 0.00999748 -0.00644186 0.0120409 -0.014197 -0.0217228 0.00624607 -0.0111925 0.00149113 -0.00137584 0.0286402 -0.00927221
internal_weight=0 1829.06 625.16 327.941 1203.9 1088.92 134.324 297.219 954.591 31.4362 246.445 268.837 120.741 467.058 16.178 487.534 359.933 106.82 450.88 446.359 55.6408 25.1822 13.0711 30.4587 12.7389 100.837 253.114 221.227 102.888 191.862
internal_count=1074050 258438 245832 79720 12606 11937 1159 166112 10778 595 70616 98105 815612 5137 793 5641 4775 1802 4344 4316 761 205 148 556 88 1740 2973 2563 564 47430
is_linear=0
shrinkage=0.05


Tree=85
num_leaves=31
num_cat=0
split_feature=0 164 83 44 0 0 129 161 159 167 83 156 159 151 134 72 70 70 74 89 168 107 95 152 171 137 168 3 96 42
split_gain=98.473 39.1831 17.6346 17.0781 15.5028 12.8104 10.5025 9.16224 8.53136 7.65645 7.51888 7.05525 6.74703 6.56669 6.10981 5.97013 5.93764 8.28033 6.19746 7.72096 6.32507 5.59063 5.54869 5.53134 5.52054 5.51238 5.36777 5.85115 5.49856 5.69112
threshold=0.0067794565405618597 15.708333333350001 0.54061850000000011 1.0000000180025095e-35 0.94875966535953815 0.7740980979447657 6.5000000000000009 0.080808375000000002 0.96289400000000003 7.5000000000000009 0.59951250000000011 1.4142857142850003 0.90705800000000014 0.049519500000000001 2.5000000000000004 2.5000000000000004 118.50000000000001 109.50000000000001 160.10000000000002 2.5000000000000004 25.500000000000004 13.500000000000002 0.66802900000000009 0.15228700000000003 0.007268000000000001 0.10731750000000002 178.50000000000003 0.012433500000000002 0.051531500000000001 2.5000000000000004
decision_type=2 2 2 2 2 2 2 2 2 2 2 2 2 2 2 2 2 2 2 2 2 2 2 2 2 2 2 2 2 2
left_child=13 3 -3 4 6 22 9 -8 12 10 26 -5 14 -1 16 -7 17 18 20 -20 21 -6 24 -10 -4 -11 28 -28 29 -2
right_child=1 2 5 11 8 15 7 -9 23 25 -12 -13 -14 -15 -16 -17 -18 -19 19 -21 -22 -23 -24 -25 -26 -27 27 -29 -30 -31
leaf_value=-0.048789573445444059 -0.014732646480398577 -0.044216947514190634 0.014096304115798805 0.0071071519549347362 -0.0064209189798476868 -0.00061175353569974382 -0.014724875017050623 0.0092415290439229313 0.029604326377905249 0.016181126660564916 0.0083732455575180383 0.050159015061227268 -0.039759886824515332 -0.010497270934390865 0.056333642957082521 0.031121745052726441 0.018003391676861529 -0.040935776684873922 0.017860209032313317 -0.074944346805552342 0.014011945462085399 0.034122973098144008 -0.0075212489285927317 0.00011671083809698881 -0.026343051285242475 -0.054410321870642965 -0.061242350764165877 0.05159175842749774 -0.039311284543582785 0.0064910623424963001
leaf_weight=103.50810177640369 76.596140855505382 32.335961544643396 9.2157050488549412 13.449419981528079 82.365505027933978 258.01699424296385 145.41660155200498 54.946414622025259 97.231222193571739 146.92737580549783 170.8966355715329 32.541315307875266 6.8326055798679581 12.553918566904484 7.0950287710875264 15.724630622920811 139.06510559248272 9.3303982513025385 4.0368709547910822 5.038269626442343 172.21613907255232 9.481312024407087 125.14798414979032 19.013332512695342 100.18942987282344 2.8185626688646144 1.3828711165497205 6.7921602542701294 13.67154158346875 53.751694679858247
leaf_count=750968 23587 64742 3794 296 681 3578 21619 3492 431 5545 15978 434 41 64644 22 111 791 68 53 44 858 81 25703 92 65570 113 371 349 11715 8279
internal_value=0 0.00286051 -0.0084141 0.00765666 0.00653356 -0.00613644 0.00144136 -0.00815246 0.0127471 0.00550671 0.00117516 0.037569 0.00953468 -0.0446477 0.0103205 0.00121112 0.00954599 0.00538224 0.00696447 -0.0336623 0.0083607 -0.00223559 -0.0147116 0.0247812 -0.0229367 0.0148524 -0.00690745 0.032505 -0.00914463 -0.0059806
internal_weight=0 1811.53 540.631 1270.9 1224.91 508.295 673.2 200.363 551.706 472.837 323.091 45.9907 435.461 116.062 428.629 273.742 421.534 282.468 273.138 9.07514 264.063 91.8468 234.553 116.245 109.405 149.746 152.194 8.17503 144.019 130.348
internal_count=1074050 258438 163498 94940 94210 98756 91048 25111 3162 65937 60279 730 2639 815612 2598 3689 2576 1785 1717 97 1620 762 95067 523 69364 5658 44301 720 43581 31866
is_linear=0
shrinkage=0.05


Tree=86
num_leaves=31
num_cat=0
split_feature=0 164 118 70 0 72 83 92 105 128 91 81 2 98 156 87 157 173 99 3 42 39 34 99 0 129 128 170 157 54
split_gain=93.8608 37.04 17.2738 15.3702 12.9667 9.49836 7.99368 7.86274 7.14761 9.69787 9.33043 7.12318 7.81565 9.08965 6.91769 6.69761 7.19212 6.40558 6.25915 6.24833 6.17399 5.83063 6.34599 5.6687 5.55747 5.55477 7.86804 7.60481 6.10005 5.14731
threshold=0.0067794565405618597 15.708333333350001 0.023358 121.50000000000001 0.7740980979447657 1.5000000000000002 0.5414135000000001 0.58333333333350013 4.5000000000000009 0.058655000000000006 96.500000000000014 0.059455000000000008 1954.5000000000002 3.7750000000000004 1.7750000000000001 6.5000000000000009 4.708333333335001 0.2738445000000001 0.044349000000000006 0.051216500000000005 7.5000000000000009 3.5000000000000004 67315.000000000015 0.04683650000000001 0.7740980979447657 6.5000000000000009 0.15565900000000002 0.95207450000000005 63.125000000000007 0.030666000000000002
decision_type=2 2 2 2 2 2 2 2 2 2 2 2 2 2 2 2 2 2 2 2 2 2 2 2 2 2 2 2 2 2
left_child=17 3 6 4 7 20 -3 -2 11 18 15 12 13 14 -6 -11 -17 -1 -10 29 24 25 -23 -8 -4 26 -5 -27 -29 -20
right_child=1 2 5 21 8 -7 23 -9 9 10 -12 -13 -14 -15 -16 16 -18 -19 19 -21 -22 22 -24 -25 -26 27 -28 28 -30 -31
leaf_value=-0.049160087957982601 -0.0057268540854856255 -0.045840925927864276 -0.015079752892538219 0.03171013466073528 0.009839999448983526 0.010826830383037764 -0.0059481828365204404 0.030716478157778587 -0.050641295948550935 -0.028135065363061269 0.054930038278917195 0.036969318516213295 0.0061925695807617444 0.0030946122662283133 0.03791428488957034 -0.055043634086730353 0.019403692864524348 -0.013947041559521083 0.0072747625888149843 -0.054106319814080428 -0.068422408550511335 0.021401386659400508 -0.018986007438903336 -0.027097839108028078 -0.0005754418842497922 -0.061129240177269242 -0.041120847124470214 0.019515843475240036 -0.057376116485322086 -0.078328802826196184
leaf_weight=96.828680548938337 283.54886925041637 29.182809684041786 108.90562538682752 118.584195141073 33.209378513507545 99.051696971208003 61.648286458279472 15.615634535330171 12.750883135944603 14.164580839220433 9.5577522329986078 24.434427971020341 461.83521999143704 55.740574508701684 64.674884003208717 3.5892170406877986 33.742190633551218 14.902604861988037 24.767463692231107 6.3155358978547147 4.0560800457587893 20.53886670722386 18.47544452016291 65.179296168288147 167.79888038369245 3.5224576761574999 3.828003825939958 44.299090549662651 2.73882714884894 1.8900552541017521
leaf_count=727272 77672 64305 33447 1899 249 4283 23295 107 224 180 43 105 4246 666 322 130 323 88340 333 105 840 2835 4169 35173 2155 326 85 853 55 13
internal_value=0 0.00276975 -0.00823896 0.00745937 0.00497096 -0.00248528 -0.0222465 -0.0038246 0.00849502 -0.00348064 0.00955954 0.0104934 0.00944224 0.0192116 0.0283895 0.00113869 0.012246 -0.0444634 -0.0208928 -0.00938884 -0.00718176 0.0197359 0.00227571 -0.0168174 -0.00628406 0.0236741 0.0294326 0.00973224 0.0150387 0.00120535
internal_weight=0 1793.65 535.823 1257.82 1045.84 379.812 156.01 299.165 746.672 106.778 61.0537 639.894 615.46 153.625 97.8843 51.496 37.3314 111.731 45.7239 32.9731 280.761 211.987 39.0143 126.828 276.705 172.973 122.412 50.5604 47.0379 26.6575
internal_count=1074050 258438 163498 94940 84718 40725 122773 77779 6939 1351 676 5588 5483 1237 571 633 453 815612 675 451 36442 10222 7004 58468 35602 3218 1984 1234 908 346
is_linear=0
shrinkage=0.05


Tree=87
num_leaves=31
num_cat=0
split_feature=0 0 176 164 42 70 3 66 148 83 117 102 183 159 47 167 42 83 127 2 2 151 34 83 82 168 133 103 47 72
split_gain=89.5868 37.1209 14.3444 14.1089 11.961 11.153 7.16166 7.05255 6.90719 8.34791 8.52945 7.63858 6.89413 6.87999 7.00175 6.73835 6.63408 6.44827 6.30457 6.24025 6.14163 6.13174 6.09278 5.84146 5.76897 5.75182 5.66098 6.16913 5.64482 7.97831
threshold=0.0067794565405618597 0.60678019017954943 1.5000000000000002 13.225000000000001 1.5000000000000002 106.50000000000001 0.001433 0.062324500000000012 7.5000000000000009 0.57387650000000012 0.026026500000000004 0.091004500000000016 0.038949000000000004 0.31265250000000006 1078.5000000000002 2.5000000000000004 3.5000000000000004 0.60290350000000015 0.029255500000000004 1741219.0000000002 728670.50000000012 0.049519500000000001 28983.500000000004 0.62671650000000012 575.50000000000011 45.500000000000007 0.69047619047650011 75.500000000000014 1279.5000000000002 1.5000000000000002
decision_type=2 2 2 2 2 2 2 2 2 2 2 2 2 2 2 2 2 2 2 2 2 2 2 2 2 2 2 2 2 2
left_child=21 3 5 16 7 6 -3 28 9 10 11 -8 -11 23 19 17 25 -5 -17 -15 -6 -1 24 -7 -16 -2 27 -10 29 -4
right_child=1 2 4 15 20 13 8 -9 26 12 -12 -13 -14 14 22 18 -18 -19 -20 -21 -22 -23 -24 -25 -26 -27 -28 -29 -30 -31
leaf_value=-0.048589401977486207 -0.013198792805299165 -0.071232249310014095 0.0036506005305467631 -0.038878816000921017 0.023989806054767259 -0.0055925833961336753 0.011958887362858599 0.049340742438204785 -0.042185006884137038 0.020730793835054242 -0.035736201594385453 -0.031972237445932923 -0.00086024648018095213 0.034467957545613076 -0.024220587007098681 -0.0040049358611209283 0.014583282770139459 0.0069126009083583656 -0.024966372089910011 -0.043501220142444397 0.0023904737250645099 -0.010959508479428507 -0.0009617594614492915 0.064279523837299388 0.027122569255796709 0.0063366015591259234 -0.069693856752912661 0.019691135531667417 0.014954239620737575 -0.048389823013790044
leaf_weight=95.322594807843643 103.57706784212905 3.9025466850725925 309.79258543247124 56.803571384230509 207.60854864784051 75.111276729352539 30.857165203706245 9.5714088631793839 8.923443831270566 43.386045685736462 32.306453841476468 14.565459248777186 250.08353260299191 49.319139187922701 6.1757476588099953 80.201698884595316 50.936992241319331 8.8914325399255159 64.899307477412549 2.7070899880491188 39.111230886075646 12.212735040086043 71.656071224540938 3.1153245600871733 47.948941185808508 59.223328502182085 6.4221456917002788 7.3431150587857692 125.10427457976039 7.5442978669889262
leaf_count=750968 53077 126 3869 94160 1262 2405 1248 44 108 405 1304 2714 4440 411 218 38622 11670 2723 25145 36 283 64644 883 20 380 11569 65 82 1093 76
internal_value=0 0.00268164 0.00673022 -0.0102171 0.0117111 0.00140719 -0.00383193 0.00687804 -0.00316414 -0.00152719 -0.0160967 -0.0021283 0.00233174 0.00954701 0.0149835 -0.0193955 -0.00116493 -0.0326812 -0.0133804 0.030411 0.0205658 -0.0443158 0.00860229 -0.00280997 0.0212642 -0.00609223 -0.0299455 -0.0142526 0.00595944 0.0024134
internal_weight=0 1777.09 1352.56 424.533 698.732 653.823 397.79 452.013 393.887 371.199 77.7291 45.4226 293.47 256.034 177.807 210.796 213.737 65.695 145.101 52.0262 246.72 107.535 125.781 78.2266 54.1247 162.8 22.6887 16.2666 442.441 317.337
internal_count=1074050 258438 21472 236966 6627 14845 10492 5082 10366 10111 5266 3962 4845 4353 1928 160650 76316 96883 63767 447 1545 815612 1481 2425 598 64646 255 190 5038 3945
is_linear=0
shrinkage=0.05


Tree=88
num_leaves=31
num_cat=0
split_feature=0 0 0 83 72 83 66 156 77 181 170 70 94 34 138 129 70 70 87 47 157 70 141 2 170 158 60 42 2 98
split_gain=85.3856 31.3193 18.8718 12.8636 11.7015 11.3662 9.57249 9.3162 8.48806 8.31843 8.01372 7.44569 7.26718 6.41159 5.82099 5.25038 5.19649 11.4701 6.39651 5.17585 4.94523 4.87148 4.8665 4.82614 4.79907 5.72382 4.95171 4.60653 5.86379 5.71958
threshold=0.37969951586789719 0.0019437620776660012 0.94875966535953815 0.54296050000000007 3.5000000000000004 0.56680450000000004 0.096819500000000017 1.3666666666650003 7.5000000000000009 0.65717850000000011 0.48845450000000007 121.50000000000001 1.5000000000000002 996929.50000000012 0.027653 10.500000000000002 103.50000000000001 99.500000000000014 6.5000000000000009 74.500000000000014 5.2916666666650007 22.500000000000004 21.500000000000004 156.50000000000003 1.0807560000000003 1.4500000000000002 14.500000000000002 1.5000000000000002 532860.00000000012 8.0833333333350019
decision_type=2 2 2 2 2 2 2 2 2 2 2 2 2 2 2 2 2 2 2 2 2 2 2 2 2 2 2 2 2 2
left_child=1 -1 4 -3 5 7 11 -2 9 19 12 24 -5 15 -9 -13 17 -12 -18 22 -17 -11 -7 -21 25 -4 -27 -23 -29 -30
right_child=2 3 6 10 -6 8 -8 14 -10 21 16 13 -14 -15 -16 20 18 -19 -20 23 -22 27 -24 -25 -26 26 -28 28 29 -31
leaf_value=-0.047411435673056272 -0.037363581150808525 -0.049744048397046645 -0.038321525760228466 0.033916174532114228 0.033911001622993507 0.031898412167924627 0.049565935760671254 -0.009961003015644258 -0.010546382804035172 -0.0087433117327989831 -0.0066359161392038988 0.029593450014550028 -0.032509156537690605 -0.021408152696494258 0.043457003021664109 0.055282225087033614 0.016617372556504226 -0.049297444998965462 -0.010571365397351555 -0.059435772060856887 -0.028978388690624537 0.0048415917141864714 -0.067243472251483971 -0.0071540713602771134 0.011440536748382274 0.0046552679415666556 -0.061224494757841745 0.021461703698673822 0.0052411456119974232 -0.059850251048402497
leaf_weight=85.896755902063205 35.134026420371811 22.377488531715244 8.6666810541646537 4.4722252189176279 25.112163233839965 13.110645227920029 16.281731555238366 55.455671207717387 119.87563054272323 39.810512993833981 122.72732091663329 92.640687800070737 51.918751695495757 7.6891404781490555 5.6164048326172624 2.2780201723799092 44.673594487775517 18.076115933740311 41.94214382729524 4.5668176931503686 7.3909006146714091 209.47896037314786 1.3668174566118967 131.97864446754102 382.31482592911925 152.94610579282744 2.9064777996391049 120.04701439937344 31.240037419367582 3.7836114859674117
leaf_count=697189 9668 99791 143 3060 249 253 58 5946 4852 951 65886 464 105984 49 89 16 14434 18250 31222 373 62 4306 48 6109 2072 1172 39 1007 239 69
internal_value=0 -0.0207311 0.00553064 -0.0132463 0.00032236 -0.000770993 0.0116942 -0.0168498 0.0015198 0.00412421 -0.0103685 0.0107554 -0.0272411 0.0226248 -0.00504849 0.0259342 -0.0061848 -0.0121127 0.00345171 -0.00588863 -0.00912639 0.00786386 0.0225384 -0.00890265 0.00836785 0.00122744 0.00342668 0.00967744 0.01621 -0.00179069
internal_weight=0 392.084 1469.69 306.188 796.577 771.465 673.115 96.2061 675.259 555.383 283.81 656.833 56.391 109.999 61.0721 102.31 227.419 140.803 86.6157 151.023 9.66892 404.36 14.4775 136.545 546.834 164.519 155.853 364.55 155.071 35.0236
internal_count=1074050 1035816 38234 338627 34159 33910 4075 15703 18207 13355 238836 4017 109044 591 6035 542 129792 84136 45656 6783 78 6572 301 6482 3426 1354 1211 5621 1315 308
is_linear=0
shrinkage=0.05


Tree=89
num_leaves=31
num_cat=0
split_feature=0 0 0 164 177 42 83 42 167 170 53 109 34 2 48 42 183 34 113 91 157 83 175 95 100 2 126 95 151 3
split_gain=81.0733 30.1014 17.2657 12.6125 12.1024 10.4302 8.71134 8.03611 7.68844 6.59033 6.53906 6.4725 6.27389 8.18508 6.87365 5.85936 6.03796 5.54702 6.48544 5.8733 9.67647 6.1281 5.19607 5.01296 5.00266 5.70094 5.32557 5.60517 5.25347 4.86279
threshold=0.37969951586789719 0.0019437620776660012 0.94875966535953815 13.775000000000002 2.5357142857150001 33.500000000000007 0.5677525000000001 1.0000000180025095e-35 2.5000000000000004 1.9884365000000002 1.5000000000000002 4.5000000000000009 393.00000000000006 156.50000000000003 1.0000000180025095e-35 297.50000000000006 0.11761300000000001 221919.50000000003 3.5000000000000004 78.500000000000014 18.100000000000005 0.55310350000000008 62.500000000000007 0.27320800000000006 1.0000000180025095e-35 625678.00000000012 0.10371350000000001 1.0763235000000002 0.04424200000000001 0.025298500000000005
decision_type=2 2 2 2 2 2 2 2 2 2 2 2 2 2 2 2 2 2 2 2 2 2 2 2 2 2 2 2 2 2
left_child=1 -1 4 15 6 17 10 9 -5 -6 -2 -9 -8 -14 24 16 -3 19 -19 20 -4 -21 -20 -16 25 -15 27 29 -29 -27
right_child=2 3 5 8 7 -7 12 11 -10 -11 -12 -13 13 14 23 -17 -18 18 22 21 -22 -23 -24 -25 -26 26 -28 28 -30 -31
leaf_value=-0.047245813299089327 -0.011108535023398312 -0.007822498323720754 0.012653398270822798 -0.039041324892193634 -0.008561165066313603 0.029798244431202454 0.037302681324528977 0.016397148917688724 -0.015178975695295742 0.009209339686025525 -0.042683090333580948 -0.01326473351428039 -0.055203404505104116 0.0039513548035177573 -0.068118027111844309 0.037926115423257273 0.037266242650181004 -0.0029926310930406047 0.01939509406986098 -0.036313203574775521 -0.016181267701507112 0.026326639648658064 -0.02688088552313363 0.03139740286394798 -0.019184228624068732 0.0070109134330834421 0.059433845915249008 -0.065853523447849102 0.0035052132527202736 -0.025166333519311818
leaf_weight=82.343550018614451 50.267414133199054 136.13756016656089 247.33811043004971 51.7760528524459 115.71422454003186 68.435837172786705 9.6677677156403643 182.00734630152874 96.989986135959498 95.012325550138485 24.336298613692634 20.458708881516941 7.4978684925590633 152.89175051261554 1.3513891207694566 8.2654491459154524 7.8532792824516937 150.18237986089662 66.407894491450861 4.079452051781117 32.974531298968941 91.040106715867296 6.6758278459310523 19.905498482927214 47.458575625380035 23.939487808849663 2.3774621034972361 9.3627710702130553 3.8539190618321291 23.044071283569792
leaf_count=697189 8263 110719 1736 135337 4468 327 127 1801 89932 1409 6751 192 567 4679 191 1824 815 1049 305 36 207 377 38 735 2289 773 22 349 93 1450
internal_value=0 -0.0204577 0.0053855 -0.01313 0.000379773 0.0113067 -0.00611159 0.00628611 -0.023484 -0.000548805 -0.0214084 0.0133999 -0.00232464 -0.00363808 -0.00227759 -0.00301332 -0.00536335 0.009193 0.00295206 0.0129044 0.00926144 0.0236402 0.015168 0.0250708 -0.00448862 -0.00125182 -0.0139644 -0.016863 -0.0456289 -0.00877109
internal_weight=0 383.366 1456.28 301.022 789.147 667.134 375.954 413.193 148.766 210.727 74.6037 202.466 301.351 291.683 284.185 152.256 143.991 598.698 223.266 375.432 280.313 95.1196 73.0837 21.2569 262.928 215.469 62.5777 60.2002 13.2167 46.9836
internal_count=1074050 1035816 38234 338627 34159 4075 26289 7870 225269 5877 15014 1993 11275 11148 10581 113358 111534 3748 1392 2356 1943 413 343 926 9655 7366 2687 2665 442 2223
is_linear=0
shrinkage=0.05


Tree=90
num_leaves=31
num_cat=0
split_feature=0 0 164 101 95 156 42 83 47 118 168 53 2 131 2 150 2 2 42 47 173 47 127 82 87 115 159 70 70 53
split_gain=77.3277 32.9432 14.8732 12.8227 9.44413 8.66889 8.56627 8.06696 7.50404 7.07216 6.344 6.307 6.07006 12.3097 7.11833 6.9683 6.06243 6.92354 5.8984 6.21505 5.80674 5.73971 5.7093 6.57601 5.6397 9.31563 5.07672 5.04214 5.65932 5.11103
threshold=0.0067794565405618597 0.68981449621504665 14.366666666650003 0.053591500000000007 4.1027810000000011 1.2250000000000003 1.0000000180025095e-35 0.57764450000000012 729.50000000000011 0.023358 45.500000000000007 1.0000000180025095e-35 2826.5000000000005 7.5000000000000009 3901.0000000000005 0.019934000000000004 550920.50000000012 3800.5000000000005 1.0000000180025095e-35 497.50000000000006 0.2738445000000001 621.50000000000011 0.03207200000000001 621.50000000000011 1.5000000000000002 0.073181500000000024 0.10766550000000001 33.500000000000007 4.5000000000000009 1.0000000180025095e-35
decision_type=2 2 2 2 2 2 2 2 2 2 2 2 2 2 2 2 2 2 2 2 2 2 2 2 2 2 2 2 2 2
left_child=20 2 6 4 5 7 10 -3 -5 -4 -2 -9 13 -7 -14 21 17 -8 26 -20 -1 -15 -11 -24 25 -21 -16 28 29 -6
right_child=1 3 9 8 27 12 16 11 -10 22 -12 -13 14 15 18 -17 -18 -19 19 24 -22 -23 23 -25 -26 -27 -28 -29 -30 -31
leaf_value=-0.048709727777542594 -0.015525599464501317 -0.024098311723726024 -0.028950660904993816 0.010301404985253412 0.037409650852903029 0.02349837939095897 -0.013040398469307947 -0.0086217621030395541 0.033259818438440641 -0.0012505040015388276 0.0046538727684640093 0.01094448985400011 -0.023416899591298987 0.021267054054695474 -0.046265889355812738 0.016077248569062862 -0.011950964704692342 0.024308373782967466 0.024525817704971857 -0.057505859510512985 -0.013155668013018229 -0.018254689370502234 -0.030859784175583743 0.012878249261281975 -0.0015126675694305423 0.03024961168385706 0.0010107471435752092 0.022088700728186347 -0.059850226240662496 -0.047885131532850192
leaf_weight=82.333882991857081 101.49950802102921 45.998819378870394 90.895225693730481 77.639241669443436 5.8794422019709582 121.46832491396344 15.362760218186848 99.09670108940918 65.719470463460311 70.886774203780988 63.198812637909214 70.476940542925149 24.403859469035524 11.298221510311121 5.7802416549529871 39.783085972216213 23.112689274550121 64.52384940406273 60.238766732392833 3.3389219311065963 13.345457393480954 49.154580482849269 45.504247101564033 10.59463585341109 91.752138115902198 32.078903820831329 322.47868170509173 102.9100086989929 4.0833523613982825 2.5044582532573259
leaf_count=727272 49110 2957 120188 640 174 784 8004 1556 385 19925 10502 916 308 166 253 428 4617 9683 420 30 88340 1058 18454 1046 1053 180 4712 656 85 148
internal_value=0 0.00243139 -0.00860363 0.00676634 0.00492178 0.00332469 -0.000709035 -0.00552737 0.0208262 -0.0183033 -0.00778224 -0.000489781 0.0058297 0.0127958 0.00297004 -0.000173782 0.0106012 0.0171259 0.0042188 0.0112961 -0.0437506 -0.0108683 -0.010682 -0.0225996 0.0050293 0.0219767 0.000178263 0.0184506 -0.0115798 0.0119302
internal_weight=0 1721.66 485.579 1236.08 1092.73 977.348 267.698 215.572 143.359 217.881 164.698 169.574 761.776 221.704 540.072 100.236 102.999 79.8866 515.668 187.409 95.6793 60.4528 126.986 56.0989 127.17 35.4178 328.259 115.377 12.4673 8.3839
internal_count=1074050 258438 241529 16909 15884 14821 81916 5429 1025 159613 59612 2472 9392 2436 6956 1652 22304 17687 6648 1683 815612 1224 39425 19500 1263 210 4965 1063 407 322
is_linear=0
shrinkage=0.05


Tree=91
num_leaves=31
num_cat=0
split_feature=0 0 83 42 70 70 66 155 53 138 138 70 173 104 109 47 47 98 2 152 150 131 70 151 3 100 77 2 47 39
split_gain=73.3724 31.4861 20.9313 17.3611 10.3064 14.0435 8.89256 8.70102 7.46673 6.66553 7.66186 6.39433 6.46789 10.9193 6.33652 6.09588 6.7653 6.03294 5.99973 5.77351 5.70428 5.70281 5.48963 6.22645 5.95574 5.46717 5.38595 5.9068 6.09324 5.71059
threshold=0.0067794565405618597 0.94875966535953815 0.56680450000000004 1.0000000180025095e-35 103.50000000000001 99.500000000000014 0.096819500000000017 0.53571428571450019 1.5000000000000002 0.061428500000000004 0.057723000000000003 117.50000000000001 0.2738445000000001 0.12747550000000005 4.5000000000000009 1131.5000000000002 481.50000000000006 4.7750000000000012 201361.00000000003 0.13193750000000004 0.047882500000000008 4.5000000000000009 96.500000000000014 0.040253000000000004 0.0034065000000000002 1.0000000180025095e-35 8.5000000000000018 532860.00000000012 526.50000000000011 560.50000000000011
decision_type=2 2 2 2 2 2 2 2 2 2 2 2 2 2 2 2 2 2 2 2 2 2 2 2 2 2 2 2 2 2
left_child=20 2 7 4 5 19 11 8 -2 10 25 12 13 22 -11 16 -14 -6 -9 21 -1 -4 -3 24 -24 26 27 29 -29 -5
right_child=1 6 3 9 17 -7 -8 18 -10 14 -12 -13 15 -15 -16 -17 -18 -19 -20 -21 -22 -23 23 -25 -26 -27 -28 28 -30 -31
leaf_value=-0.047527749421189369 -0.017492189256385942 0.0050141760177064192 0.0055443886357696001 0.015829167530358849 0.011470549887660038 -0.043944454776608688 0.048890812941558906 0.016251755595762488 -0.04379283468162954 0.028628187669856388 -0.051605112152692881 0.016488850925957737 0.013788917684211949 -0.066535395876008194 -0.01588846259315093 0.022269747435582524 -0.0033785086643084378 -0.0081770299700505058 -0.032521144073694552 0.011361003529983182 -0.0052624945834465102 -0.01327663477325686 0.018909082717320027 0.043692430584699654 -0.062924499561844136 -0.013923497453472987 -0.017565638668891371 0.010791616348939673 -0.020785543552192778 -0.047875313034216556
leaf_weight=83.25528701544863 83.95191446671015 74.002824968192726 48.308536170537081 187.6840950089927 106.0328679034501 29.330418550085597 15.086794340983031 23.611023843797739 39.769758288561661 57.556911891157142 5.8586203194126929 240.83937652216991 122.36476736306213 6.7403153097257009 9.2828924942841677 73.5588521665195 108.07161870965501 61.867318173021886 8.6028691913697894 35.010167470330998 8.8298184724408184 241.20804612145821 2.9285721657797685 2.4811743171885601 9.2333193289814499 30.566767073794836 18.632067635160183 34.661265262660436 27.317493158425805 3.5850797366679208
leaf_count=766009 77820 616 6339 8408 7465 10905 58 3551 57193 1356 618 1406 670 56 283 410 701 14455 2421 2307 49603 49895 15 16 127 3998 1664 1642 2446 1597
internal_value=0 0.00234371 -0.0030119 -7.23064e-05 -0.00597094 -0.0108116 0.0109482 -0.0199197 -0.0259464 0.0081316 0.00502837 0.0100541 0.00617372 -0.00518548 0.0224456 0.00973796 0.00573762 0.00423087 0.00322673 -0.00781704 -0.043475 -0.0101362 -0.000520652 -0.0284925 -0.043219 0.0061254 0.00837945 0.0102883 -0.0031262 0.0146351
internal_weight=0 1708.15 1052.84 896.903 521.757 353.857 655.308 155.936 123.722 375.145 308.305 640.221 399.381 95.3862 66.8398 303.995 230.436 167.9 32.2139 324.527 92.0851 289.517 88.6459 14.6431 12.1619 302.447 271.88 253.248 61.9788 191.269
internal_count=1074050 258438 254363 113378 91366 69446 4075 140985 135013 22012 20373 4017 2611 830 1639 1781 1371 21920 5972 58541 815612 56234 774 158 142 19755 15757 14093 4088 10005
is_linear=0
shrinkage=0.05


Tree=92
num_leaves=31
num_cat=0
split_feature=0 0 42 0 83 107 77 152 2 83 102 160 137 125 43 170 42 100 167 149 149 86 34 70 2 162 115 102 160 177
split_gain=70.26 29.4762 14.2153 13.6986 12.6623 8.95828 6.24548 6.19559 6.07948 6.30411 5.52598 6.81778 6.75861 7.14444 5.75969 5.88448 5.50266 5.47332 5.33997 5.32661 5.19518 5.79632 5.0773 7.53543 5.46471 5.3962 5.32913 5.20066 4.92598 4.91473
threshold=0.48090646582193369 0.0019437620776660012 172.50000000000003 0.94875966535953815 0.57480350000000013 1.5000000000000002 7.5000000000000009 0.11497300000000001 126565.50000000001 0.55441150000000017 0.088075000000000014 0.014729500000000001 0.036218500000000008 0.10607150000000001 5.5000000000000009 0.30797500000000005 38.500000000000007 1.0000000180025095e-35 2.5000000000000004 2.5000000000000004 2.5000000000000004 0.082319000000000017 214357.50000000003 51.500000000000007 175.00000000000003 0.11320533333350001 0.091351000000000016 0.20759250000000004 0.041322750000000005 3.2250000000000005
decision_type=2 2 2 2 2 2 2 2 2 2 2 2 2 2 2 2 2 2 2 2 2 2 2 2 2 2 2 2 2 2
left_child=1 -1 3 5 18 6 7 -2 9 19 -10 14 13 -13 15 -12 -11 29 -3 -7 21 -6 24 -24 -5 26 28 -26 -25 -4
right_child=2 4 17 22 20 8 -8 -9 10 16 11 12 -14 -15 -16 -17 -18 -19 -20 -21 -22 -23 23 25 27 -27 -28 -29 -30 -31
leaf_value=-0.046909974529649998 0.0034258375069754162 -0.040679372509888477 0.016382233402003354 -0.0036483196879865658 -0.0097568360370897996 -0.042512622465041908 -0.0101908765562383 0.021059490765048705 -0.037644351634347512 -0.0013481338633515836 0.046350708916636327 -0.030535214859973847 0.012617933693897057 0.019078201501225914 0.043911158198579089 -0.021553588230932143 0.030225772182659573 -0.024807876408634869 -0.017472243038831912 0.036442222244430299 0.014115720631813095 0.038952676981448088 0.011293945593858235 -0.020655369715778773 0.015620274160549586 -0.021995378149123997 0.015548169187458889 -0.045726423436089098 0.046310458273815885 0.037775559076249285
leaf_weight=72.992430840218731 182.20746439954382 40.020238673565018 74.019396728119318 44.638974178233184 198.46908898162337 14.303215763677146 56.230138721133699 68.553999739233404 22.89303685800769 165.03263673768379 4.1957296063046732 59.249937068112558 15.026325356797313 8.2688839662587252 9.0111654474458174 13.316187356955195 15.058390968071761 6.0061325924361872 65.124402157771556 2.5112010187294791 29.710398022217305 6.3014312966079151 130.45060187741183 26.15986522380263 330.38443630261463 37.332658155472018 33.704498143866658 3.4912521792575708 3.0682554896920911 42.12438799533993
leaf_count=697189 5117 137701 870 390 117014 4347 2120 763 1600 5306 135 3611 251 176 132 972 156 165 86783 82 5434 54 750 237 2012 261 184 26 25 187
internal_value=0 -0.0180834 0.00545737 0.00386049 -0.011888 -0.00127307 0.00486949 0.00824658 -0.00700703 -0.00144175 -0.0153113 -0.0106236 -0.0177097 -0.0244592 0.0114298 -0.00528421 0.00129193 0.0217346 -0.0263054 -0.0307209 -0.005423 -0.00825789 0.00921842 0.0033719 0.0127821 -0.00693512 0.00199887 0.0149788 -0.0136256 0.0241414
internal_weight=0 412.618 1367.24 1245.09 339.626 635.858 306.992 250.761 328.867 196.905 131.961 109.068 82.5451 67.5188 26.5231 17.5119 180.091 122.15 105.145 16.8144 234.481 204.771 609.231 230.716 378.515 100.265 62.9326 333.876 29.2281 116.144
internal_count=1074050 1044175 29875 28653 346986 24768 8000 5880 16768 9891 6877 5277 4038 3787 1239 1107 5462 1222 224484 4429 122502 117068 3885 1457 2428 707 446 2038 262 1057
is_linear=0
shrinkage=0.05


Tree=93
num_leaves=31
num_cat=0
split_feature=0 0 138 83 42 42 167 72 95 82 156 2 66 2 2 131 172 131 43 175 126 151 77 87 170 125 82 2 104 2
split_gain=66.5702 30.1598 18.6069 14.3524 10.0692 8.68832 7.6659 7.15987 6.60498 5.8407 8.04317 6.84023 5.80024 6.26017 5.93469 5.48348 5.45374 5.34471 7.38899 5.56189 5.28467 5.67978 5.13694 5.45712 5.61751 5.12367 6.52141 5.11884 6.57204 5.08325
threshold=0.0067794565405618597 0.86620967868038068 0.029506500000000001 0.5683895000000001 1.0000000180025095e-35 2.5000000000000004 3.5000000000000004 1.0000000180025095e-35 0.76547350000000003 596.50000000000011 1.3666666666650003 910.00000000000011 0.068180000000000004 21926.000000000004 18557.000000000004 126.50000000000001 0.19947300000000004 31.500000000000004 6.5000000000000009 47.500000000000007 0.056499000000000001 0.030211000000000005 6.5000000000000009 144.50000000000003 0.56705900000000009 0.042043500000000004 637.50000000000011 532860.00000000012 0.25855300000000009 173901.00000000003
decision_type=2 2 2 2 2 2 2 2 2 2 2 2 2 2 2 2 2 2 2 2 2 2 2 2 2 2 2 2 2 2
left_child=16 2 3 15 8 12 -7 -4 -5 10 -9 -11 13 14 -3 -2 -1 18 -15 -20 21 -16 23 27 -25 -24 -27 28 -6 -8
right_child=1 5 7 4 22 6 29 9 -10 11 -12 -13 -14 17 20 -17 -18 -19 19 -21 -22 -23 25 24 -26 26 -28 -29 -30 -31
leaf_value=-0.048240548633106034 -0.019300197897191704 0.0074663872898557485 -0.01977054266081053 -0.020457221548773392 0.027550614434233591 -0.0078883976612805617 0.023399572459324329 -0.018100883226215638 -0.0051310489089106083 -0.049327984712357005 0.017666867119311504 0.028095718395302408 0.048809129695837603 -0.0029256137788754703 -0.050493219021101168 -0.0453639833283941 -0.012142620423716315 -0.030129921790902597 0.0015064557524590962 0.035164604776144005 0.066763418924667722 0.032975610449076279 0.031430185771435554 -0.05165196295660987 0.0015915768899040135 -0.035111558498831394 0.0241159072848427 -0.0025562712279107937 -0.03330480992258987 0.0059507210506682014
leaf_weight=73.1335702770034 95.364258193815203 364.506526424404 17.547210240694767 111.94757569131343 60.710076632135042 29.733288132294547 170.23825524270069 25.833799557422026 188.95123234600851 2.9862374337535575 40.137594205149071 63.816392325989 7.5335810855031005 233.70859826420201 2.6338154055411023 25.596486839198178 12.210270152856081 14.714055398042545 24.436889296513982 24.659628126013558 8.0595774129033071 9.0107111921533924 5.3916406647531394 6.0571265052694789 27.199734097346663 20.946470616577702 5.9729665984668818 27.637373721347558 4.7862781698131576 55.297626250423491
leaf_count=734861 70586 3185 3809 48368 4198 458 1019 6601 27344 897 2822 3081 37 2322 43 70545 80751 339 254 205 33 48 434 3955 2348 2696 153 2116 184 358
internal_value=0 0.00219424 -0.00543194 -0.00949142 -0.00545831 0.00809542 0.0159754 0.0102463 -0.0108331 0.0142133 0.00366054 0.0246347 0.00517707 0.00469491 0.00891119 -0.0248156 -0.043076 -0.000749919 0.000778692 0.0184119 0.0356387 0.0140962 0.00473224 0.00928054 -0.00810576 -0.0130593 -0.02197 0.015489 0.0231035 0.0191214
internal_weight=0 1675.42 730.882 580.561 459.6 944.533 255.269 150.321 300.899 132.774 65.9714 66.8026 689.263 681.73 384.211 120.961 85.3438 297.519 282.805 49.0965 19.7041 11.6445 158.702 126.391 33.2569 32.3111 26.9194 93.1337 65.4964 225.536
internal_count=1074050 258438 250137 232927 91796 8301 1835 17210 75712 13401 9423 3978 6466 6429 3309 141131 815612 3120 2781 459 124 91 16084 12801 6303 3283 2849 6498 4382 1377
is_linear=0
shrinkage=0.05


Tree=94
num_leaves=31
num_cat=0
split_feature=0 0 42 164 0 152 70 70 91 83 167 104 95 131 150 95 160 82 127 82 160 159 173 116 72 117 42 77 2 139
split_gain=63.7312 27.1741 11.9571 11.908 11.6527 8.5551 7.27514 10.4462 6.88371 6.24825 5.88071 5.84869 5.30825 5.25822 8.3745 7.81224 5.30996 4.94496 4.7926 5.70451 4.78682 4.76986 5.94278 4.76148 5.86055 8.33341 4.67662 4.619 5.15081 5.09499
threshold=0.48090646582193369 0.0019437620776660012 172.50000000000003 13.63333333335 0.94875966535953815 0.12193150000000001 104.50000000000001 99.500000000000014 86.500000000000014 0.57048050000000006 2.5000000000000004 0.15037750000000003 1.4421790000000001 8.5000000000000018 0.059289500000000009 1.3210715000000002 0.0051103750000000012 589.50000000000011 0.029255500000000004 567.50000000000011 0.0032853333333350003 1.5824105000000002 0.18233250000000004 0.040232500000000011 2.5000000000000004 0.07038800000000002 821.00000000000011 6.5000000000000009 8.9884656743000007e+307 5.5000000000000009
decision_type=2 2 2 2 2 2 2 2 2 2 2 2 2 2 2 2 2 2 2 2 2 2 2 2 2 2 2 2 2 2
left_child=1 -1 4 26 5 6 7 11 -7 20 17 -2 13 14 16 -15 -6 -5 19 -12 -8 22 -4 -24 25 -25 -3 28 29 -11
right_child=2 3 21 10 12 8 9 -9 -10 27 18 -13 -14 15 -16 -17 -18 -19 -20 -21 -22 -23 23 24 -26 -27 -28 -29 -30 -31
leaf_value=-0.046493395837787027 -0.0028292855196986582 -0.0042230793343256984 -0.012269183819684011 -0.045639737812402256 -0.025286048627064711 0.0080425280308084567 0.032849217198623722 -0.039929551999385131 0.049448989002822186 0.01816562170133889 -0.027090909341295134 -0.023244511590573377 0.01382696232775694 -0.00074052508061408031 -0.039090885119513016 -0.060699883561891467 0.013740964987252713 -0.01379145489987013 -0.026838995844974678 0.0052229179679135545 -0.021525910533408733 0.055490484969537172 0.031202585825897029 -0.062207846698042135 0.021448799231056959 0.021733321906172231 0.035491058267345034 -0.0033754642424380643 -0.042599453032023532 -0.072553654538717691
leaf_weight=67.427923305487866 280.90999363900119 161.54339980185296 14.55510020899237 35.77553951070513 9.1668595187365991 72.837293700431474 4.6490356816029808 23.476884498872096 11.641851544845847 100.50609970855294 20.431692460841077 40.08916700060945 274.7612550794147 125.86342459544539 8.4436986840446462 5.6775830909609786 177.07598889726796 18.485589194542627 45.845008438974446 41.195554711266595 31.281605410003976 8.9285791935108119 56.987266100186389 6.0011700661852938 26.605529646854848 5.8283002772368491 7.7693070833902302 53.555495166277979 3.789118427434004 1.5718959323130537
leaf_count=697189 14229 114368 598 119133 74 1099 177 2040 84 1539 39726 995 1454 1101 81 44 1131 19697 34061 18982 3178 52 332 62 137 41 1019 1310 101 16
internal_value=0 -0.0175618 0.00520601 -0.011669 0.00373698 -0.00104708 -0.0033625 -0.00773363 0.0137486 0.00434532 -0.0213717 -0.00537892 0.00870667 0.00439416 0.00961201 -0.0033285 0.0118201 -0.0347897 -0.0145971 -0.0054903 -0.0144904 0.020344 0.0174907 0.02203 0.00842995 -0.0208506 -0.0024007 0.0085905 0.0146438 0.0167686
internal_weight=0 398.474 1344.2 331.046 1225.3 624.308 539.829 344.476 84.4791 195.353 161.733 320.999 600.989 326.228 194.687 131.541 186.243 54.2611 107.472 61.6272 35.9306 118.906 109.977 95.4223 38.435 11.8295 169.313 159.423 105.867 102.078
internal_count=1074050 1044175 29875 346986 28653 24768 23585 17264 1183 6321 231599 15224 3885 2431 1286 1145 1205 138830 92769 58708 3355 1222 1170 572 240 103 115387 2966 1656 1555
is_linear=0
shrinkage=0.05


Tree=95
num_leaves=31
num_cat=0
split_feature=0 0 83 167 42 83 77 2 87 83 173 150 62 53 118 0 102 101 138 170 92 3 115 2 156 2 110 43 60 83
split_gain=60.305 24.1859 13.5139 12.7029 12.3784 10.7595 10.2262 10.1517 8.67624 7.06529 6.92747 6.92496 6.59467 6.53844 5.99592 5.79438 7.68143 7.16064 5.68515 5.66875 5.53295 5.45822 5.81965 5.21963 5.1494 5.11739 4.94424 6.90098 4.78627 4.67971
threshold=0.37969951586789719 0.0019437620776660012 0.58536300000000019 8.5000000000000018 6.5000000000000009 0.54296050000000007 8.5000000000000018 215462.50000000003 2.5000000000000004 0.55141850000000014 0.35230000000000006 0.012930000000000002 8.5000000000000018 1.0000000180025095e-35 0.05936650000000001 0.94875966535953815 0.10023350000000002 0.037255000000000003 0.019517500000000004 0.97910750000000013 0.58333333333350013 0.014743000000000001 0.10916650000000001 1694852.0000000002 1.6333333333350002 1741219.0000000002 6.5000000000000009 3.5000000000000004 15.500000000000002 0.57511450000000008
decision_type=2 2 2 2 2 2 2 2 2 2 2 2 2 2 2 2 2 2 2 2 2 2 2 2 2 2 2 2 2 2
left_child=1 -1 3 6 15 -3 7 9 25 28 23 -10 -13 -9 -12 17 -17 -4 21 -8 -11 -5 -23 24 -7 -6 27 -26 -2 -21
right_child=2 5 4 18 8 10 19 13 11 20 14 12 -14 -15 -16 16 -18 -19 -20 29 -22 22 -24 -25 26 -27 -28 -29 -30 -31
leaf_value=-0.046310377687794203 -0.029112749519546 -0.049317815755065664 -0.0031477712600082386 0.008612998957544752 0.032000880643380594 -0.018092285502761381 -0.049941079803285486 -0.011514786073645311 0.022152293846557397 0.0033260701122805381 0.046142695821458302 0.0085359518280326719 -0.02743755629020176 -0.045679799194866685 -0.0012719552356990349 0.033782064277900467 0.0071030341424661598 0.015954637408540039 0.030504112013480713 0.0048600308968344968 0.057350626179923384 -0.069418397345448565 0.057933273496036164 -0.032625118242041166 0.044238465785353315 -0.0080841712531960191 -0.0033674368806922424 0.50648298150766846 0.057983615611286156 -0.044717955452441172
leaf_weight=64.658441572388483 23.784100945016693 18.395654135108998 281.8237783210061 75.307662830135087 97.664330226834863 96.16957386890067 20.010124840802746 56.011146724493301 50.741737490287051 182.45759242830536 7.4895967359716442 39.306473048753105 18.849364952067845 18.672469585017097 60.753030033823052 29.197095933370292 355.30411707397434 59.398469574691262 30.308256789809093 13.458283003681574 4.865683175623416 4.341642963117919 1.1306970138102768 33.263019567565152 3.9965551968980426 8.6687363549135608 58.202408355215084 0.082408375042177684 1.6894259872788087 7.3641488298308095
leaf_count=697189 6815 99791 8905 1082 503 119632 2372 4302 490 6058 1116 309 212 2437 20772 138 2155 1105 223 606 14 100 7 39757 1739 67 55803 17 81 253
internal_value=0 -0.0187629 0.00466247 -0.00257719 0.00804321 -0.0123639 -0.00752235 -0.00419665 0.0185738 0.00136964 -0.00974884 0.00865385 -0.00312372 -0.0200568 0.00393178 0.00492011 0.00912891 0.000177492 0.0120379 -0.0309368 0.00472935 0.00510943 -0.0431049 -0.0146186 -0.0108386 0.028733 0.000362018 0.0535773 -0.0233364 -0.0126739
internal_weight=0 343.011 1380.36 439.401 940.954 278.352 328.313 287.48 215.231 212.797 259.957 108.898 58.1558 74.6836 68.2426 725.723 384.501 341.222 111.088 40.8326 187.323 80.78 5.47234 191.714 158.451 106.333 62.2814 4.07896 25.4735 20.8224
internal_count=1074050 1035816 38234 24350 13884 338627 22938 19707 1581 12968 238836 1011 521 6739 21888 12303 2293 10010 1412 3231 6072 1189 107 216948 177191 570 57559 1756 6896 859
is_linear=0
shrinkage=0.05


Tree=96
num_leaves=31
num_cat=0
split_feature=0 164 83 44 0 168 34 72 34 98 116 82 103 160 83 72 156 117 150 0 74 173 150 82 129 141 42 148 43 37
split_gain=57.9969 25.9215 14.6908 12.3062 11.0816 10.2339 6.78079 7.91744 7.43012 10.0831 7.48144 6.55811 6.5045 5.91203 5.50052 5.74597 5.39444 5.32161 5.2565 5.06492 5.67704 7.14638 5.58164 5.18035 5.3036 5.16708 5.0644 5.04364 4.86196 5.53777
threshold=0.0067794565405618597 15.708333333350001 0.54061850000000011 1.0000000180025095e-35 0.7740980979447657 44.500000000000007 68784.500000000015 1.5000000000000002 24717.000000000004 3.2250000000000005 0.015102500000000001 580.50000000000011 2.5000000000000004 0.0040735000000000007 0.58948950000000011 1.5000000000000002 1.4142857142850003 0.061391500000000009 0.047882500000000008 0.94875966535953815 2.0833333333350006 0.18834100000000004 0.0041500000000000009 616.50000000000011 6.5000000000000009 5.5000000000000009 3.5000000000000004 8.5000000000000018 7.5000000000000009 1.0000000180025095e-35
decision_type=2 2 2 2 2 2 2 2 2 2 2 2 2 2 2 2 2 2 2 2 2 2 2 2 2 2 2 2 2 2
left_child=18 3 -3 5 13 6 8 11 9 10 -2 -8 -10 -4 -15 -16 17 -5 -1 23 -21 22 -22 24 25 -7 -23 -13 29 -9
right_child=1 2 4 16 -6 19 7 28 12 -11 -12 27 -14 14 15 -17 -18 -19 -20 20 21 26 -24 -25 -26 -27 -28 -29 -30 -31
leaf_value=-0.04698219155301369 0.055088314191217493 -0.044883115267647947 0.018809361239856263 -0.028589053425249474 0.0013931618778292715 -0.033210585410803697 -0.023407667987711218 0.017350057537639969 -0.074573668681595526 -0.0088172147928917959 0.0094477773561824057 -0.0030310905370664748 0.025068949135398363 -0.022981308074967066 -0.013582118442805345 0.019269322905224429 0.046416411455046033 0.040060189943965131 -0.0039708797118261866 0.044075658069081078 -0.064118442907264928 0.011394514398164676 0.020872238821537041 0.016307924078624931 -0.013208943779436381 0.0087732782413921916 0.03012444553383474 -0.071783754305585118 -0.015444648565704017 -0.035375539544130932
leaf_weight=68.637249340061544 10.815216722294279 25.262062828976241 12.652406118890211 5.7418613014824569 248.61858196763205 7.8182222055438606 51.507904514678557 78.244075279043045 1.6828919449726516 89.70565473509987 52.882973227229741 243.04686766447139 61.13883683834365 120.95954295566571 54.200255452452438 17.643376769668976 26.552217302083591 5.5533017211855622 7.9235050521947405 16.222935897530988 5.1507199965417367 179.38227436412126 3.0911152129992843 75.885367023171057 49.41409563968773 117.01925851193027 45.180882407352328 2.6971057206465039 16.854005708211844 5.3185437659672052
leaf_count=766009 184 64742 3883 263 3689 349 19411 4907 120 12174 1664 29814 5391 76459 13600 1125 434 33 49603 68 41 964 21 2560 5565 9335 212 207 750 473
internal_value=0 0.00199737 -0.00777216 0.00606623 -0.00570752 0.00511284 0.000789639 -0.00308522 0.00791605 0.00198473 0.017197 -0.00718578 0.0223997 -0.0142999 -0.0164727 -0.00551445 0.0341046 0.00516256 -0.0425308 0.0104297 0.0154775 0.0134846 -0.0322425 0.00540432 0.000655872 0.00614395 0.0151629 -0.00378567 0.00905317 0.0139942
internal_weight=0 1630.24 479.336 1150.91 454.074 1113.06 613.894 397.669 216.226 153.404 63.6982 297.252 62.8217 205.456 192.803 71.8436 37.8474 11.2952 76.5608 499.165 249.028 232.805 8.24184 250.137 174.252 124.837 224.563 245.744 100.417 83.5626
internal_count=1074050 258438 163498 94940 98756 94210 75095 55562 19533 14022 1848 49432 5511 95067 91184 14725 730 296 815612 19115 1306 1238 62 17809 15249 9684 1176 30021 6130 5380
is_linear=0
shrinkage=0.05


Tree=97
num_leaves=31
num_cat=0
split_feature=0 0 164 56 118 170 42 83 2 72 47 82 156 95 34 70 34 102 70 82 126 74 182 159 126 156 99 116 36 58
split_gain=54.6478 21.9038 16.2394 10.8192 10.0475 8.93515 7.65267 7.64979 6.81101 5.81685 5.39619 5.34147 5.70825 5.10336 4.84102 8.0892 9.02183 7.45472 5.77184 5.70589 5.4678 5.3042 5.20844 5.08357 4.74605 5.26463 4.65814 5.25017 4.64005 4.63684
threshold=0.02010440681351101 0.86620967868038068 10.708333333350001 1.0000000180025095e-35 0.055486000000000001 1.6372370000000001 11.500000000000002 0.53219150000000004 170500.00000000003 1.5000000000000002 1113.5000000000002 577.50000000000011 1.6333333333350002 2.8259265000000005 42554.500000000007 100.50000000000001 27365.500000000004 0.17810800000000002 63.500000000000007 655.50000000000011 0.057367500000000009 416.16666666650002 0.0075560000000000011 0.96289400000000003 0.042046000000000007 1.2250000000000003 0.057157000000000006 0.05559900000000001 1.0000000180025095e-35 0.079769500000000007
decision_type=2 2 2 2 2 2 2 2 2 2 2 2 2 2 2 2 2 2 2 2 2 2 2 2 2 2 2 2 2 2
left_child=4 2 3 5 -1 -2 14 -4 9 13 -7 12 -9 -8 15 16 17 19 -18 20 24 22 -17 -23 25 -3 27 -13 -10 -28
right_child=1 6 7 -5 -6 10 8 11 28 -11 -12 26 -14 -15 -16 21 18 -19 -20 -21 -22 23 -24 -25 -26 -27 29 -29 -30 -31
leaf_value=-0.043727498170805894 -0.010760621784316363 -0.040574530228657008 -0.050214141270893853 0.021788925203772326 -0.0048977952690842713 -0.0021918411453120969 -0.051483739435108158 -0.027079060356224462 -0.0048247733954792996 0.026512347648477215 0.019952448110244811 -0.0006542924202677247 -0.004484389709071241 0.039132510556839362 0.0019003033598542095 -0.022841707331134348 0.048611910957413913 -0.052631550762226066 -0.01032582601386221 0.059153302955650078 -0.037400821873096519 -0.05739532272917628 0.021042371688571645 0.045279841048495924 0.021247832588422309 -0.00031685807459618681 -0.015006890605004429 0.061652443275741854 0.056235117135594287 0.023256446760393144
leaf_weight=80.047806724674274 114.41991472895916 9.2221754216589016 12.243213109308952 68.000333956453233 21.038377293752319 53.52075315743059 4.5795583446160881 75.591147012379224 38.495613358682021 108.0049071124522 56.609123751863081 118.13426503427399 44.355648979018952 2.3516248390078545 445.99132493170328 7.0686693158932021 14.662022681499367 7.395215449971146 5.7961694109253576 3.8319854605942956 10.403750756056978 4.3224053474550592 155.5187470363453 1.6717990785837171 21.897938748123124 68.013904542080127 120.89534205029304 3.4806035850051549 3.3849508333951226 8.4725354742258769
leaf_count=762183 33459 188 34091 3684 133757 3734 96 44733 282 689 4130 12994 11948 13 4404 75 103 113 70 17 164 108 1137 15 207 606 20368 157 14 511
internal_value=0 0.00226862 -0.00455505 0.00431586 -0.0356461 -0.000975498 0.00732105 -0.0113279 0.0173727 0.0236629 0.0091908 -0.0100444 -0.0187237 -0.0207393 0.00523547 0.0100367 0.00120937 -0.00399212 0.0319138 -0.000819325 -0.00291736 0.0174315 0.0191345 -0.028759 0.000701551 -0.00512372 -0.00589654 0.00112892 0.000110326 -0.012501
internal_weight=0 1588.34 675.723 292.55 101.086 224.55 912.613 383.173 156.817 114.936 110.13 370.93 119.947 6.93118 755.796 309.805 141.223 120.765 20.4582 113.37 109.538 168.582 162.587 5.9942 99.134 77.2361 250.983 121.615 41.8806 129.368
internal_count=1074050 178110 169809 45007 895940 41323 8301 124802 1094 798 7864 90711 56681 109 7207 2803 1468 1295 173 1182 1165 1335 1212 123 1001 794 34030 13151 296 20879
is_linear=0
shrinkage=0.05


Tree=98
num_leaves=31
num_cat=0
split_feature=0 164 83 42 0 2 128 2 138 159 157 100 47 171 43 82 2 104 151 183 127 70 70 100 170 47 47 150 103 65
split_gain=51.9963 23.6927 13.5117 12.7191 9.96244 8.7113 6.70863 6.93589 7.29731 6.50579 6.10461 5.91023 5.83734 5.6849 5.54368 5.47596 6.25657 5.6998 5.45355 5.30945 6.99122 5.24653 5.71919 6.5682 5.40579 5.0406 4.84631 4.84295 4.79762 6.69476
threshold=0.0067794565405618597 15.708333333350001 0.54061850000000011 1.0000000180025095e-35 0.7740980979447657 28737.000000000004 0.19023550000000003 855997.50000000012 0.064995000000000011 1.1973990000000001 8.2916666666650016 1.0000000180025095e-35 5190.5000000000009 0.0040740000000000004 31.500000000000004 580.50000000000011 567261.00000000012 0.20418300000000003 0.049519500000000001 0.056052500000000005 0.099844500000000017 41.500000000000007 24.500000000000004 1.0000000180025095e-35 1.2728575000000004 1888.5000000000002 466.50000000000006 0.084396000000000013 424.50000000000006 5.5000000000000009
decision_type=2 2 2 2 2 2 2 2 2 2 2 2 2 2 2 2 2 2 2 2 2 2 2 2 2 2 2 2 2 2
left_child=18 3 -3 5 13 12 7 8 9 11 15 26 25 -4 21 -7 17 -17 -1 -18 -21 22 -12 -24 -23 28 -5 -22 -2 -30
right_child=1 2 4 6 -6 10 -8 -9 -10 -11 14 -13 -14 -15 -16 16 19 -19 -20 20 27 24 23 -25 -26 -27 -28 -29 29 -31
leaf_value=-0.047269216533149236 0.0074025271305424439 -0.044092437182860322 0.029057763137195221 0.025321970322579709 0.0011377991665590084 -0.033053876285014196 -0.054122112264430124 -0.0022297493055106529 0.032063344038637857 0.028093465829125103 0.0011542809549402843 -0.010621061896209844 -0.043032102801002919 -0.015497919351744757 -0.055828128319675686 -0.012316209777358887 0.037187649458483303 -0.05531457491717362 -0.0065907997501401493 -0.015356679393355891 0.040164815605616896 -0.027316467921029149 0.036554639494247532 -0.033980681112548504 0.00075285879311101569 0.022748632791609619 0.0082283665405043799 -0.030522119325375924 -0.030815490083651881 0.045444317708445328
leaf_weight=61.622516041179324 252.32470774365538 24.012980848385041 7.4336964930662353 53.54438975209996 246.80778396278038 25.499723646099483 3.7701281397603443 65.09880199431791 56.213827314550144 55.827248896779565 44.889929075190594 32.596116502593304 5.6572438043149296 193.78342022206789 4.1542706687014279 46.525439793761507 9.9690849744220014 9.2374139130306485 9.5110028384328853 34.019501730866068 11.853356464664101 20.356665464311845 29.219250972491864 3.7207231115062305 108.98558826328917 50.271408243937913 183.8071548129551 3.0457180387165854 16.896302795643354 3.4687906594372171
leaf_count=750968 14233 64742 2308 1638 3689 12069 37 4674 1319 1646 2584 4445 2091 92759 571 8490 577 1263 64644 6749 207 5245 1074 310 8235 1824 12362 48 2529 720
internal_value=0 0.00185624 -0.0075528 0.0057834 -0.00559437 0.0014661 0.0122958 0.0128559 0.0154268 0.0125561 -0.00400562 0.00934284 0.00731843 -0.0138519 0.00136062 -0.0120972 -0.00743611 -0.0194391 -0.0418303 0.00392996 -0.0028476 0.00250739 0.0127648 0.0285873 -0.00366486 0.00820041 0.0120845 0.0257148 0.00551839 -0.0178261
internal_weight=0 1602.99 472.038 1130.95 448.025 680.095 450.858 447.088 381.989 325.775 351.477 269.948 328.618 201.217 211.326 140.15 114.651 55.7629 71.1335 58.8877 48.9186 207.172 77.8299 32.94 129.342 322.961 237.352 14.8991 272.69 20.3651
internal_count=1074050 258438 163498 94940 98756 68819 26121 26084 21410 20091 47422 18445 21397 95067 18019 29403 17334 9753 815612 7581 7004 17448 3968 1384 13480 19306 14000 255 17482 3249
is_linear=0
shrinkage=0.05


Tree=99
num_leaves=31
num_cat=0
split_feature=0 0 164 164 98 42 72 152 48 104 95 34 42 70 34 74 0 172 43 42 83 99 115 47 70 152 53 72 82 152
split_gain=49.7274 17.9803 14.1774 11.5395 9.1936 8.59727 6.81309 6.16298 5.91492 5.70682 5.53325 5.40034 7.21685 5.84655 5.50848 5.34582 5.26803 5.22415 5.0862 4.95495 4.94724 5.50264 4.87451 5.15282 4.81869 4.53444 4.62565 4.52463 4.52124 4.31884
threshold=0.043984350660107828 0.94875966535953815 10.708333333350001 15.366666666650003 8.7083333333350019 20.500000000000004 3.5000000000000004 0.11497300000000001 1.0000000180025095e-35 0.12936000000000003 1.4421790000000001 284909.00000000006 38.500000000000007 104.50000000000001 235368.50000000003 156.58333333350001 0.00034387654948107139 0.13362600000000002 10.500000000000002 6861.0000000000009 0.55835550000000012 0.04683650000000001 0.083152000000000018 519.50000000000011 126.50000000000001 0.10759950000000001 1.0000000180025095e-35 1.5000000000000002 637.50000000000011 0.044777000000000004
decision_type=2 2 2 2 2 2 2 2 2 2 2 2 2 2 2 2 2 2 2 2 2 2 2 2 2 2 2 2 2 2
left_child=3 2 6 16 11 -3 7 10 20 -9 27 12 13 14 15 -4 -1 -7 22 -18 -6 -22 -13 25 -12 -24 -27 -2 -23 -5
right_child=1 5 4 29 8 17 -8 9 -10 -11 24 18 -14 -15 -16 -17 19 -19 -20 -21 21 28 23 -25 -26 26 -28 -29 -30 -31
leaf_value=-0.047050352034666572 -0.011222699347668431 0.0069901395360425014 -0.02514071007463153 -0.04673596806075947 -0.039427285407177083 0.0011258892551524026 0.040241973131895967 0.04081301147904471 0.01445973296138661 0.0088601727669357973 0.0026925140601459087 -0.017634523792177302 0.026408276804883148 0.00876454113888658 0.036422873194529623 0.012830224509844921 -0.0031381379573326611 0.033038650350145769 0.017081692356876066 0.22720499474219441 -0.0011980567338433976 -0.030718943355746889 0.02197158233420532 -0.013919715434141285 0.026431015030371124 -0.056811532415822985 0.049347501981206805 0.0053211018801020086 0.016965537074075433 -0.014884540655528983
leaf_weight=7.770586103516961 122.72123526898758 534.39073952558101 44.525890077247823 67.652718795692635 30.791875353655996 16.790520942537114 13.029639585860421 16.18557508844242 12.182436783218689 102.26089386598323 94.561348504295893 115.25758751179455 28.121111652812033 65.927961476925702 5.227514158406847 11.706460243593027 35.467784361560462 54.286691179848276 17.169603532929614 0.23501551823528544 36.585837370701483 51.089541985496908 27.045185416347522 35.355285072830156 27.622433918033494 3.8771189042599863 1.3954392399173228 62.31441935708699 5.5068079924822078 12.629420404126675
leaf_count=162463 22042 3662 5687 566385 40591 129 159 343 3990 3036 4425 13712 569 4909 319 1025 156678 284 1007 177 5067 12503 927 1443 643 81 24 4621 317 56832
internal_value=0 0.00245669 -0.00190725 -0.0304901 -0.00773662 0.00916304 0.00462732 0.00353715 -0.0187851 0.0132265 -0.000198508 -0.00350637 0.00348304 -0.00157775 -0.0126719 -0.0172359 -0.00974194 0.0254999 -0.00893822 -0.00162189 -0.0220519 -0.0163102 -0.0113804 -0.000728704 0.00805914 0.0137021 -0.0287154 -0.00565125 -0.0260793 -0.0417253
internal_weight=0 1535.93 930.461 123.756 491.766 605.468 438.696 425.666 136.156 118.446 307.219 355.609 155.509 127.388 61.4599 56.2324 43.4734 71.0772 200.1 35.7028 123.974 93.1822 182.931 67.673 122.184 32.3177 5.27256 185.036 56.5963 80.2821
internal_count=1074050 131515 127440 942535 92171 4075 35269 35110 62468 3379 31731 29703 12509 11940 7031 6712 319318 413 17194 156855 58478 17887 16187 2475 5068 1032 105 26663 12820 623217
is_linear=0
shrinkage=0.05


end of trees

feature_importances:
Column_0=398
Column_83=255
Column_42=251
Column_70=117
Column_82=99
Column_2=90
Column_95=71
Column_170=71
Column_98=65
Column_173=60
Column_47=57
Column_34=52
Column_156=52
Column_168=50
Column_72=48
Column_164=47
Column_77=44
Column_138=41
Column_159=38
Column_167=38
Column_102=35
Column_129=34
Column_172=34
Column_141=33
Column_157=33
Column_169=30
Column_115=27
Column_181=26
Column_74=24
Column_152=23
Column_91=22
Column_99=22
Column_66=21
Column_177=21
Column_59=20
Column_100=19
Column_126=19
Column_151=19
Column_3=18
Column_131=17
Column_39=16
Column_48=16
Column_101=16
Column_104=16
Column_150=16
Column_84=15
Column_96=15
Column_127=15
Column_53=14
Column_110=14
Column_113=14
Column_117=14
Column_137=14
Column_160=14
Column_162=14
Column_87=13
Column_118=13
Column_171=13
Column_182=13
Column_43=12
Column_56=12
Column_116=12
Column_183=12
Column_44=11
Column_62=11
Column_81=11
Column_125=11
Column_86=10
Column_158=10
Column_79=9
Column_107=9
Column_128=8
Column_148=8
Column_149=8
Column_175=8
Column_176=8
Column_92=7
Column_103=6
Column_105=6
Column_58=5
Column_60=5
Column_65=5
Column_68=5
Column_109=5
Column_147=5
Column_155=5
Column_161=5
Column_166=5
Column_69=3
Column_94=3
Column_133=3
Column_165=3
Column_37=2
Column_61=2
Column_73=2
Column_89=2
Column_90=2
Column_112=2
Column_114=2
Column_120=2
Column_124=2
Column_136=2
Column_139=2
Column_143=2
Column_178=2
Column_1=1
Column_36=1
Column_38=1
Column_45=1
Column_46=1
Column_54=1
Column_108=1
Column_111=1
Column_123=1
Column_134=1
Column_144=1
Column_154=1

parameters:
[boosting: gbdt]
[objective: lambdarank]
[metric: ndcg]
[tree_learner: serial]
[device_type: cpu]
[data_sample_strategy: bagging]
[data: ]
[valid: ]
[num_iterations: 100]
[learning_rate: 0.05]
[num_leaves: 31]
[num_threads: 0]
[seed: 0]
[deterministic: 0]
[force_col_wise: 0]
[force_row_wise: 0]
[histogram_pool_size: -1]
[max_depth: -1]
[min_data_in_leaf: 20]
[min_sum_hessian_in_leaf: 0.001]
[bagging_fraction: 1]
[pos_bagging_fraction: 1]
[neg_bagging_fraction: 1]
[bagging_freq: 0]
[bagging_seed: 3]
[feature_fraction: 1]
[feature_fraction_bynode: 1]
[feature_fraction_seed: 2]
[extra_trees: 0]
[extra_seed: 6]
[early_stopping_round: 0]
[early_stopping_min_delta: 0]
[first_metric_only: 0]
[max_delta_step: 0]
[lambda_l1: 0]
[lambda_l2: 0]
[linear_lambda: 0]
[min_gain_to_split: 0]
[drop_rate: 0.1]
[max_drop: 50]
[skip_drop: 0.5]
[xgboost_dart_mode: 0]
[uniform_drop: 0]
[drop_seed: 4]
[top_rate: 0.2]
[other_rate: 0.1]
[min_data_per_group: 100]
[max_cat_threshold: 32]
[cat_l2: 10]
[cat_smooth: 10]
[max_cat_to_onehot: 4]
[top_k: 20]
[monotone_constraints: ]
[monotone_constraints_method: basic]
[monotone_penalty: 0]
[feature_contri: ]
[forcedsplits_filename: ]
[refit_decay_rate: 0.9]
[cegb_tradeoff: 1]
[cegb_penalty_split: 0]
[cegb_penalty_feature_lazy: ]
[cegb_penalty_feature_coupled: ]
[path_smooth: 0]
[interaction_constraints: ]
[verbosity: 0]
[saved_feature_importance_type: 0]
[use_quantized_grad: 0]
[num_grad_quant_bins: 4]
[quant_train_renew_leaf: 0]
[stochastic_rounding: 1]
[linear_tree: 0]
[max_bin: 255]
[max_bin_by_feature: ]
[min_data_in_bin: 3]
[bin_construct_sample_cnt: 200000]
[data_random_seed: 1]
[is_enable_sparse: 1]
[enable_bundle: 1]
[use_missing: 1]
[zero_as_missing: 0]
[feature_pre_filter: 1]
[pre_partition: 0]
[two_round: 0]
[header: 0]
[label_column: ]
[weight_column: ]
[group_column: ]
[ignore_column: ]
[categorical_feature: ]
[forcedbins_filename: ]
[precise_float_parser: 0]
[parser_config_file: ]
[objective_seed: 5]
[num_class: 1]
[is_unbalance: 0]
[scale_pos_weight: 1]
[sigmoid: 1]
[boost_from_average: 1]
[reg_sqrt: 0]
[alpha: 0.9]
[fair_c: 1]
[poisson_max_delta_step: 0.7]
[tweedie_variance_power: 1.5]
[lambdarank_truncation_level: 30]
[lambdarank_norm: 1]
[label_gain: ]
[lambdarank_position_bias_regularization: 0]
[eval_at: ]
[multi_error_top_k: 1]
[auc_mu_weights: ]
[num_machines: 1]
[local_listen_port: 12400]
[time_out: 120]
[machine_list_filename: ]
[machines: ]
[gpu_platform_id: -1]
[gpu_device_id: -1]
[gpu_use_dp: 0]
[num_gpu: 1]

end of parameters

pandas_categorical:null
