tree
version=v4
num_class=1
num_tree_per_iteration=1
label_index=0
max_feature_idx=115
objective=lambdarank
feature_names=Column_0 Column_1 Column_2 Column_3 Column_4 Column_5 Column_6 Column_7 Column_8 Column_9 Column_10 Column_11 Column_12 Column_13 Column_14 Column_15 Column_16 Column_17 Column_18 Column_19 Column_20 Column_21 Column_22 Column_23 Column_24 Column_25 Column_26 Column_27 Column_28 Column_29 Column_30 Column_31 Column_32 Column_33 Column_34 Column_35 Column_36 Column_37 Column_38 Column_39 Column_40 Column_41 Column_42 Column_43 Column_44 Column_45 Column_46 Column_47 Column_48 Column_49 Column_50 Column_51 Column_52 Column_53 Column_54 Column_55 Column_56 Column_57 Column_58 Column_59 Column_60 Column_61 Column_62 Column_63 Column_64 Column_65 Column_66 Column_67 Column_68 Column_69 Column_70 Column_71 Column_72 Column_73 Column_74 Column_75 Column_76 Column_77 Column_78 Column_79 Column_80 Column_81 Column_82 Column_83 Column_84 Column_85 Column_86 Column_87 Column_88 Column_89 Column_90 Column_91 Column_92 Column_93 Column_94 Column_95 Column_96 Column_97 Column_98 Column_99 Column_100 Column_101 Column_102 Column_103 Column_104 Column_105 Column_106 Column_107 Column_108 Column_109 Column_110 Column_111 Column_112 Column_113 Column_114 Column_115
feature_infos=[0.00085400000000000005:0.126217] [1.7307033847328553e-09:0.99975985096384834] [0:1] [1:1.7976931348599999e+308] [1:1.7976931348599999e+308] none none none none none none none none none none none none none none none none none none none [0:1] [0:1] none none none [0:1] [0:1] [0:2] [0:33] [0:1] [0:1] [0:1] [0:82] [0:36] [0:3] [0:1] [1:441993] [0:1] [0:31591] [0:70] [0:788] [0:114] [0:1] [0:0.10625] [0:17] [0:1] [0:1] [0:1] [0:36] [1:320498] [0:0.124639] [0:97] [0:2] [0:1] [0:0.189973] [1:20421] [0:0.13569000000000001] [0:951] [0:125] [0:0.189973] [1:441993] [0:1] [0:21] [0:0.72638000000000003] [0:0.11750099999999999] [0:182] [0:65] [0:332847] [0:2] [0:130] [0:21] [0:4] [0.00097599999999999998:316.228363] [0:0.39139600000000002] [0:0.124639] [0:2.3372090000000001] [0:4] [0:441993] [0:97] [0:1] [0:1] [0:182] [1:320498] [0:4] [0:1] [0:1] [0:2] [0:13] [0:0.20475399999999999] [0:0.17033599999999999] [1:441993] [0:3] [0:0.197407] [0:342737] [0:3] [0:53] [1:332847] [0:13] [0:16] [0:8] [1:441993] [0:0.58430199999999999] [1:20421] [0:0.19029199999999999] [0:0.197407] [1:332857] [0:16] [0:0.26976899999999998] [0:0.24151700000000001] [0.0180336:316.228363] [0:0.28700100000000001] [0:2]
tree_sizes=3484 3490 3517 3491 3501 3513 3487 3484 3514 3496 3503 3500 3485 3498 3513 3502 3498 3500 3522 3500 3492 3507 3527 3485 3493 3501 3510 3506 3472 3503 3488 3474 3485 3495 3491 3495 3499 3487 3475 3501 3507 3507 3463 3508 3507 3481 3515 3500 3489 3493 3490 3489 3494 3523 3502 3506 3496 3517 3493 3529 3500 3494 3494 3482 3491 3492 3523 3515 3477 3505 3510 3481 3519 3479 3485 3490 3510 3542 3520 3514 3489 3488 3489 3506 3520 3507 3477 3511 3493 3516 3520 3499 3516 3515 3500 3509 3491 3487 3506 3489

Tree=0
num_leaves=31
num_cat=0
split_feature=1 40 1 53 1 97 3 1 76 97 53 4 113 3 1 40 3 97 3 102 79 70 113 0 97 97 79 1 113 76
split_gain=7090.3 288.54 167.36 107.249 85.5982 78.9795 48.2226 42.3731 30.8741 27.0562 23.5497 24.9436 21.6616 19.4716 18.6548 17.9684 18.5818 16.7878 11.7417 10.8489 10.8361 10.0826 9.67799 15.6937 9.37159 20.8452 12.5742 9.08806 9.00311 8.63545
threshold=0.15548050853772452 70.500000000000014 0.030380062479932603 4.5000000000000009 0.48090646582193369 10300.500000000002 999189.50000000012 0.48090646582193369 0.49069550000000006 997.50000000000011 3.5000000000000004 201361.00000000003 0.1948835833335 1.5000000000000002 0.0088049481694041625 3.5000000000000004 979569.00000000012 270.50000000000006 397.00000000000006 1.5000000000000002 0.050562000000000003 5.5000000000000009 1.2504596250000002 0.054089000000000005 977.50000000000011 1122.5000000000002 0.36529200000000006 0.7740980979447657 0.18377779166650002 0.041174000000000009
decision_type=2 2 2 2 2 2 2 2 2 2 2 2 2 2 2 2 2 2 2 2 2 2 2 2 2 2 2 2 2 2
left_child=2 4 14 6 10 7 18 8 -3 17 20 -12 -8 -6 -1 16 -16 -5 -4 -19 28 -11 -17 -24 -14 26 -26 -15 -2 -27
right_child=1 5 3 9 13 -7 12 -9 -10 21 11 -13 24 27 15 22 -18 19 -20 -21 -22 -23 23 -25 25 29 -28 -29 -30 -31
leaf_value=-0.098857636259970627 -0.017352135087693829 -0.07815616161790695 -0.099999999999999645 -0.085334000308683711 -0.10000000000000001 -0.093251632888986011 -0.09166089595698157 0.061197405486995676 0.034879710417566649 -0.091236255638795033 0.052556011452349866 -0.031495967667259588 0.043804442341047474 0.084821852690414715 0.023206702038519076 -0.094576645681418603 -0.068251212304584863 0.073593325780394153 0.077182082601601837 -0.029753754408050039 0.079424260454673198 0.048996761787554605 -0.086274918307564188 0.048097795063920527 -0.099999999999999978 -0.057639614100214058 0.079572845087850785 0.097432473895542493 0.054152161669374227 0.05191813049207103
leaf_weight=890.24854082938145 5.5040238122692271 13.508732961283387 0.97654966509435581 5.605435984290124 1.2775584114715446 20.867123807080134 8.7197357081458886 29.828744907455985 10.927549909829393 66.924592980574744 19.926558787548856 15.84609399700639 8.1401936722104455 171.58660758296537 7.8454937486094449 74.963566309455928 19.01252613075485 5.1320454162196238 21.998176016553771 5.0266067733900854 46.564465206603927 1.3068056332122058 6.559377256870901 3.2493110405193875 7.6393656073632901 2.3120559477611087 1.1174517488107083 853.63696225043168 21.990223189028256 8.09933382814779
leaf_count=836838 3008 8391 730 2486 35 10165 3662 4417 2541 37211 7301 4609 3498 11160 13916 57223 7825 4828 15395 10199 4928 213 5044 639 358 927 20 11113 4317 1053
internal_value=0 0.0843155 -0.0892194 -0.0386185 0.09059 -0.0105826 0.0130459 0.021207 -0.0276082 -0.0749103 0.0486367 0.0153238 -0.0230504 0.0950788 -0.0964417 -0.0771743 -0.0415354 -0.0158722 0.0696509 0.0224561 0.0647278 -0.0885504 -0.0884656 -0.0417614 -0.00114268 -0.0202305 -0.0770848 0.0953219 0.0398378 0.0275887
internal_weight=0 1211.46 1144.88 142.998 1136.33 75.1322 59.0029 54.265 24.4363 83.9955 109.831 35.7727 36.0281 1026.5 1001.88 111.63 26.858 15.7641 22.9747 10.1587 74.0587 68.2314 84.7723 9.80869 27.3084 19.1682 8.75682 1025.22 27.4942 10.4114
internal_count=1074050 71985 1002065 80580 46471 25514 25643 15349 10932 54937 24163 11910 9518 22308 921485 84647 21741 17513 16125 15027 12253 37424 62906 5683 5856 2358 378 22273 7325 1980
is_linear=0
shrinkage=0.05


Tree=1
num_leaves=31
num_cat=0
split_feature=1 53 1 1 42 1 114 113 97 42 42 1 93 64 1 0 97 113 42 106 113 0 69 97 93 97 108 1 100 97
split_gain=17203.2 602.32 334.587 262.728 215.769 170.181 158.1 122.57 76.5158 70.8215 64.7477 57.0775 47.8967 47.4178 52.1879 46.234 45.8013 43.1588 42.7962 36.8782 33.9213 32.6232 32.3434 30.8093 30.0573 29.5237 29.4221 27.2153 27.2098 26.8986
threshold=0.37969951586789719 8.5000000000000018 0.043984350660107828 0.86620967868038068 1.0000000180025095e-35 0.86620967868038068 0.077111000000000013 0.2099985 1679.5000000000002 1.0000000180025095e-35 1.0000000180025095e-35 0.94875966535953815 0.0017535000000000003 407.12500000000006 0.23938287544958989 0.10789900000000001 526.50000000000011 1.0559255000000001 336.50000000000006 12.366666666650003 0.48475650000000009 0.027299500000000001 7.5000000000000009 4215.5000000000009 0.019934000000000004 5949.5000000000009 0.0075560000000000011 0.60678019017954943 23.500000000000004 182.50000000000003
decision_type=2 2 2 2 2 2 2 2 2 2 2 2 2 2 2 2 2 2 2 2 2 2 2 2 2 2 2 2 2 2
left_child=2 3 -1 4 7 8 13 16 19 11 -8 20 25 14 17 -13 21 18 -4 29 26 -2 -6 -19 -24 -9 -5 -14 -10 -3
right_child=1 5 6 9 22 -7 10 12 28 -11 -12 15 27 -15 -16 -17 -18 23 -20 -21 -22 -23 24 -25 -26 -27 -28 -29 -30 -31
leaf_value=-0.08955360886379643 0.025918891476905428 0.043719440381208764 -0.073643508039210867 0.026768558644856402 0.076658342664801149 0.048638592130022938 -0.025076363002927701 0.024307486446732123 -0.0042538296904593952 0.086992824794470042 0.052257514418793498 0.078697315243325641 0.020883350411868132 -0.086241550964319569 -0.020126626631382507 -0.010184394374138933 -0.05524376484838666 0.022696759513589584 0.02681269974934132 0.038850196673492994 0.072886719696170971 -0.044733555617066628 -0.025716479873064912 -0.079824565286183827 0.064487381281096698 -0.082416371380961251 0.058441016491165877 0.059645804421749118 -0.073177878406320299 -0.032564653042926425
leaf_weight=2895.9821315738373 63.229887208464788 13.945943784303379 256.75937944948964 108.47307691304013 489.53921583719784 117.48739941115491 76.493979364051484 169.0212500259513 17.648288958473131 1242.9493122918066 41.887061313143931 1191.3858758049319 54.930951198621187 142.69789233324991 94.161030499744811 14.812997780740259 43.800095639453502 23.231056661315961 11.058740048640173 40.602363042416982 237.42033638816793 22.031349913449958 15.162185916502493 10.704983326606451 23.624298343493138 6.7385377617320037 226.29171657073312 257.80414346192265 75.914349133672658 67.427472827665042
leaf_count=942535 1284 237 40141 726 3275 1049 5593 3312 681 2280 1276 2538 1720 31969 9729 29 2067 1308 1230 936 691 972 695 2035 321 354 988 1898 8242 3939
internal_value=0 0.0649334 -0.0822454 0.0701045 0.0497186 0.000226602 -0.0500314 0.0296504 -0.0261622 0.0778361 0.00228688 0.0714363 0.0411001 -0.0615303 -0.0526237 0.0776058 -0.0136863 -0.0627643 -0.0694955 -7.07814e-05 0.0584307 0.00766243 0.0731761 -0.00964317 0.0292254 0.0202157 0.0481783 0.0528373 -0.0601771 -0.0194909
internal_weight=0 4500.24 3552.98 4167.22 1145.88 333.026 656.994 617.556 215.538 3021.33 118.381 1778.38 488.495 538.613 395.915 1206.2 129.061 301.754 267.818 121.976 572.185 85.2612 528.326 33.936 38.7865 175.76 334.765 312.735 93.5626 81.3734
internal_count=1074050 38234 1035816 23150 15898 15084 93281 11607 14035 7252 6869 4972 7284 86412 54443 2567 4323 44714 41371 5112 2405 2256 4291 3343 1016 3666 1714 3618 8923 4176
is_linear=0
shrinkage=0.05


Tree=2
num_leaves=31
num_cat=0
split_feature=1 1 1 55 114 42 81 97 42 1 97 113 42 54 42 113 113 71 112 113 86 90 60 114 97 111 1 60 114 97
split_gain=15594.1 420.792 418.327 199.931 184.382 72.4117 66.1111 61.6308 57.3465 54.7273 58.426 39.0518 37.9361 37.863 33.8452 33.3229 32.0661 28.9633 26.0675 26.0248 23.8073 23.6759 22.0832 21.7089 27.8164 19.5581 17.696 35.7943 32.8125 20.8347
threshold=0.33581906297173442 0.043984350660107828 0.68981449621504665 1.0000000180025095e-35 0.052683500000000008 23.500000000000004 12.500000000000002 1679.5000000000002 5.5000000000000009 0.94875966535953815 18470.500000000004 0.31265250000000006 8.5000000000000018 0.033961000000000005 336.50000000000006 0.41852500000000009 1.3577120000000003 8.5000000000000018 0.029091500000000003 0.5284596250000001 11.900000000000002 1.0000000180025095e-35 0.11689250000000002 0.045941500000000003 628.50000000000011 0.19023550000000003 0.012339227772512141 0.023543000000000005 0.062958000000000014 2759.5000000000005
decision_type=2 2 2 2 2 2 2 2 2 2 2 2 2 2 2 2 2 2 2 2 2 2 2 2 2 2 2 2 2 2
left_child=1 22 3 7 6 11 14 15 9 10 17 18 19 -8 16 -2 21 -4 23 20 -6 -3 26 24 -5 -11 -1 -28 29 -29
right_child=2 4 8 5 12 -7 13 -9 -10 25 -12 -13 -14 -15 -16 -17 -18 -19 -20 -21 -22 -23 -24 -25 -26 -27 27 28 -30 -31
leaf_value=-0.08482013066920821 -0.03000761056050685 -0.023092882946389112 0.06065133258726535 0.0051540790510009177 -0.0042025855119346093 0.075538951480295088 -0.068267174637264519 -0.069678180778131954 0.078718826773706063 0.072210826522962623 -0.076294044659241778 0.042458470253804621 0.066537614681105611 0.082712277419595581 0.070316269743102774 0.037894103268193008 0.043692702649215737 0.034613738489275424 0.049413305781109126 0.032828038118876537 -0.081655112345435099 -0.080784305063060169 0.026012621358972733 0.020104845043729589 -0.067492286117926334 0.039164682800734291 -0.077780046212581624 -0.083780400292814999 0.051280398635018543 0.049536394541977433
leaf_weight=2814.5942592526553 41.998846985574346 61.814761139336042 893.11903668148443 28.890803657472134 59.607941336813383 104.99282436468638 272.23010482033715 58.043456961284392 1193.3761700770119 1558.8209694477264 8.2211792957968992 172.62917180289514 27.601849704165943 4.2169189356500274 9.4631614671088737 31.710862320731394 13.296681648120282 121.31065325625241 26.412002465222031 41.115588802727871 11.902680038008837 24.966453081113286 4.6009502140805116 42.06027934642043 24.226349346921779 46.098075454123318 259.71743281849194 15.574873650097294 10.491593998041933 3.6098516387864938
leaf_count=862416 4051 10089 6893 1794 6169 701 60458 8731 2859 3258 892 4097 654 58 218 968 566 2887 705 2275 2318 6138 83 1900 2716 120 74341 4634 808 253
internal_value=0 -0.0764479 0.0638508 0.0222654 -0.0350991 0.0398915 -0.0529384 -0.0311415 0.0696296 0.0655015 0.0564617 0.0271706 0.0140049 -0.0659641 -0.0200655 -0.000795422 -0.0286118 0.0575376 0.00546539 0.00113048 -0.0170943 -0.0396904 -0.0834473 -0.00673028 -0.0279794 0.0712616 -0.0836096 -0.0718359 -0.019815 -0.0586951
internal_weight=0 3634.81 4351.91 530.965 526.216 399.211 385.988 131.753 3820.95 2627.57 1022.65 294.219 140.228 276.447 109.541 73.7097 100.078 1014.43 121.589 112.626 71.5106 86.7812 3108.59 95.1774 53.1172 1604.92 3103.99 289.394 29.6763 19.1847
internal_count=1074050 1031478 42572 25663 88943 11913 77527 13750 16909 14050 10672 11212 11416 60516 17011 5019 16793 9780 7115 10762 8487 16227 942535 6410 4510 3378 942452 80036 5695 4887
is_linear=0
shrinkage=0.05


Tree=3
num_leaves=31
num_cat=0
split_feature=1 1 1 53 86 53 42 1 114 97 77 113 76 102 79 97 53 4 104 113 42 96 113 4 42 76 85 59 0 112
split_gain=13578.8 438.038 240.46 188.169 147.397 93.9796 65.7721 59.7425 48.2183 48.0904 46.5287 25.7838 24.7768 23.9603 23.738 22.8852 21.7357 20.7356 19.6689 22.3081 19.1433 21.5638 18.1031 16.7067 17.4897 15.8283 15.6135 15.4204 15.3907 13.3873
threshold=0.23938287544958989 0.60678019017954943 0.030380062479932603 4.5000000000000009 6.9166666666650007 406.50000000000006 1.0000000180025095e-35 0.7740980979447657 0.077796000000000018 1638.5000000000002 0.029255500000000004 0.42373300000000008 0.023358 8.5000000000000018 0.035706500000000009 1203.5000000000002 2.5000000000000004 2826.5000000000005 19.500000000000004 0.51986650000000012 6.5000000000000009 0.047802500000000005 0.26585383333350004 435.50000000000006 1.0000000180025095e-35 0.22308250000000004 7.5000000000000009 112.50000000000001 0.091251500000000013 0.07038800000000002
decision_type=2 2 2 2 2 2 2 2 2 2 2 2 2 2 2 2 2 2 2 2 2 2 2 2 2 2 2 2 2 2
left_child=2 3 -1 10 8 6 7 22 12 11 23 14 -4 18 -5 29 -8 -9 -6 -20 21 -10 26 -2 -25 -19 -3 -24 -21 -14
right_child=1 5 4 9 13 -7 16 17 20 -11 -12 -13 15 -15 -16 -17 -18 25 19 28 -22 -23 27 24 -26 -27 -28 -29 -30 -31
leaf_value=-0.079231116207452656 -0.070091243676938669 0.016869696775746668 -0.081371319474624518 -0.050780402139289575 0.044403871647178766 -0.043032153553572858 0.073268274376116646 0.068591691938351657 0.030123989642724724 -0.061739057378565138 0.061654295360592165 0.027991692405135649 -0.041844468940878163 -0.072915037790908563 0.018362449415183824 0.011015894716387961 0.061002941002749146 0.05771697466401126 -0.068038888763554448 -0.02803714923577677 0.071175934854800491 -0.048508922790706205 0.040476086854865166 0.010763787295015093 0.043379146802575756 0.025872922652914729 -0.057226773683914725 -0.087124624913860874 0.074437235447157232 0.02989553714422534
leaf_weight=2992.2086266248953 4.9904891670448697 30.525438120006584 17.149385299882852 37.255619796225801 6.239028859185054 20.675714761367999 1498.2899333315436 513.88494991720654 34.829116982524283 73.347688580746762 107.09969093371183 33.012320691486821 64.144710854394361 210.53950471401913 18.616152230184525 44.813194430375006 475.94770494685508 1265.2354869894916 48.506521033530589 21.549375860719014 18.000131145818159 11.63017341669183 128.4465738349827 112.58929548563901 64.737632525968365 40.264540159143507 9.2682228430639935 2.4121730159968129 4.4147555623203507 7.2365750331664449
leaf_count=921485 812 1482 4482 6366 476 2367 2976 1722 2189 12575 1975 1506 13024 52125 1358 4856 3196 5814 13406 4267 168 1630 2344 7150 1888 482 806 283 86 754
internal_value=0 0.0580016 -0.0739185 0.0113344 -0.0414142 0.0632908 0.0638453 0.0574306 -0.00810588 -0.0317716 0.0354973 -0.00704228 -0.0252698 -0.0640357 -0.0277424 -0.0169896 0.0703114 0.0600838 -0.0408731 -0.0480174 0.0274002 0.0104398 0.0291436 0.0201317 0.0226708 0.0567348 -0.000387891 0.038124 -0.0106131 -0.0345715
internal_weight=0 4436.6 3481.26 451.649 489.052 3984.95 3964.28 1990.04 197.803 162.232 289.417 88.8841 133.344 291.249 55.8718 116.194 1974.24 1819.38 80.7097 74.4707 64.4594 46.4593 170.652 182.317 177.327 1305.5 39.7937 130.859 25.9641 71.3813
internal_count=1074050 55102 1018948 33630 97463 21472 19105 12933 27103 21805 11825 9230 23116 70360 7724 18634 6172 8018 18235 17759 3987 3819 4915 9850 9038 6296 2288 2627 4353 13778
is_linear=0
shrinkage=0.05


Tree=4
num_leaves=31
num_cat=0
split_feature=1 1 1 53 71 53 42 40 57 1 42 113 104 113 97 1 110 97 113 86 113 77 100 85 0 114 0 100 0 42
split_gain=11998.6 407.013 203.057 172.508 122.848 75.6026 54.1469 53.872 53.7038 40.8175 39.6463 31.366 26.0974 20.7079 25.161 19.4974 19.2135 19.0078 22.4997 22.0352 18.9707 18.0196 15.871 13.9583 13.1582 12.9855 15.5642 13.8512 12.9245 12.8805
threshold=0.21467259749339032 0.60678019017954943 0.030380062479932603 7.5000000000000009 5.5000000000000009 7.5000000000000009 3.5000000000000004 2072.5000000000005 1.0000000180025095e-35 0.86620967868038068 4.5000000000000009 0.32938350000000005 1813.5000000000002 0.42373300000000008 10300.500000000002 0.94875966535953815 8.5000000000000018 9603.5000000000018 0.27970750000000005 7.9166666666650007 0.49088075000000003 0.046274500000000003 156.50000000000003 15.500000000000002 0.012071500000000002 0.029165000000000003 0.10789900000000001 7.5000000000000009 0.091251500000000013 94.500000000000014
decision_type=2 2 2 2 2 2 2 2 2 2 2 2 2 2 2 2 2 2 2 2 2 2 2 2 2 2 2 2 2 2
left_child=2 3 -1 8 10 6 9 15 17 25 11 21 13 29 -15 22 20 18 19 -2 -6 -4 23 -7 -12 27 -27 -3 -22 -5
right_child=1 5 4 12 16 7 -8 -9 -10 -11 24 -13 -14 14 -16 -17 -18 -19 -20 -21 28 -23 -24 -25 -26 26 -28 -29 -30 -31
leaf_value=-0.075311333705844877 0.0093747772604281469 0.038895437093461861 -0.054155439010698463 -0.060643749591543145 -0.060354517941501651 0.036825794011536156 0.068666118997510309 -0.081273329461076183 0.062232093461282834 0.059353428468801574 -0.046800635007846314 0.0015742464063936504 -0.078097179132275485 0.01297553827794728 -0.076977826112226089 0.058245959347713552 -0.070073407490877829 -0.076232759941310346 0.031083941548584428 -0.062179277493557263 -0.022309430464962497 0.0089868306705799175 -0.0089640243262633125 -0.070018658430153119 0.050242663997233442 0.049424573837550764 -0.067661128003463938 0.0025172099756999404 0.06973461304682739 0.010347484031473531
leaf_weight=2958.3422510824748 82.338344455580227 100.35085469030309 62.985386739252135 40.622017596266232 42.124705672264099 103.78603846870828 1416.4316747442354 10.318822283530606 89.418411952676252 1931.8606580132619 3.9415408140048376 82.547212455014233 31.637488214415498 41.646030333649833 9.5578872186597419 65.518918335437775 190.44352379540214 5.3367790860356754 151.6958100971533 12.376691011711953 22.628203284926716 13.7692011334002 27.413379004457965 3.1495789228938511 30.699437433446292 278.99368361325469 2.8674834668636313 35.395707055693492 4.5869589922949663 7.5820407122955649
leaf_count=921485 6445 1983 14508 8427 12067 2395 2609 1701 1170 5757 916 9282 6733 3053 1887 328 48947 626 6161 2191 4363 1753 1988 249 1403 3006 8 1448 87 1074
internal_value=0 0.0541035 -0.0705345 0.0102164 -0.0393888 0.0593156 0.0609445 0.0301318 0.0289463 0.0562893 -0.00927776 -0.0198197 -0.0385453 -0.0259575 -0.00381544 0.0358835 -0.0618684 0.0171235 0.0191454 2.45994e-05 -0.0393333 -0.0428282 0.0249778 0.0336789 0.0392008 0.0421147 0.0482334 0.0294099 -0.00679594 -0.0494775
internal_weight=0 4448.3 3412.07 472.212 453.726 3976.09 3765.9 210.187 341.166 2349.47 193.943 159.302 131.045 99.408 51.2039 199.868 259.783 251.748 246.411 94.715 69.3399 76.7546 134.349 106.936 34.641 417.608 281.861 135.747 27.2152 48.2041
internal_count=1074050 59239 1014811 37767 93326 21472 14811 6661 16593 12202 27862 25543 21174 14441 4940 4960 65464 15423 14797 8636 16517 16261 4632 2644 2319 6445 3014 3431 4450 9501
is_linear=0
shrinkage=0.05


Tree=5
num_leaves=31
num_cat=0
split_feature=1 1 1 53 71 86 42 112 1 42 1 102 106 81 102 42 3 59 110 106 111 0 113 69 113 113 97 48 77 97
split_gain=10699.4 353.499 198.156 151.103 109.777 61.279 56.4905 49.9496 41.265 35.3521 32.0275 27.0664 23.8652 23.1065 21.6826 20.5442 21.4712 19.2991 18.4722 17.4183 17.0278 16.3961 16.3393 21.4271 15.5963 14.7385 20.4859 14.2965 13.3264 12.4925
threshold=0.21467259749339032 0.60678019017954943 0.030380062479932603 7.5000000000000009 5.5000000000000009 166.25000000000003 1.0000000180025095e-35 0.029091500000000003 0.94875966535953815 13.500000000000002 0.86620967868038068 15.500000000000002 9.3666666666650027 1890.5000000000002 15.500000000000002 1.0000000180025095e-35 2646.5000000000005 112.50000000000001 8.5000000000000018 6.7750000000000012 0.10761850000000002 0.098890500000000006 0.14406000000000002 9.5000000000000018 0.49088075000000003 0.41852500000000009 10300.500000000002 1.0000000180025095e-35 0.033014000000000009 1719.5000000000002
decision_type=2 2 2 2 2 2 2 2 2 2 2 2 2 2 2 2 2 2 2 2 2 2 2 2 2 2 2 2 2 2
left_child=2 3 -1 7 9 6 8 15 17 11 -7 12 -4 25 -8 -2 -17 19 24 28 27 -10 23 -16 -6 -5 -27 -13 -3 -26
right_child=1 5 4 13 18 10 14 -9 21 -11 -12 20 -14 -15 22 16 -18 -19 -20 -21 -22 -23 -24 -25 29 26 -28 -29 -30 -31
leaf_value=-0.072100025873023152 0.0021213234099400498 0.023679969055851735 -0.027248427920526504 -0.045221769303278363 -0.055423628132710012 -0.043922167300071473 0.065324252494052423 0.05374017039153868 0.056854949585043425 0.045889452144319512 0.039290122179914448 -0.059460134511777368 0.020540821507144671 -0.075333947124128123 0.036233268697953146 -0.085339491643395715 0.039069678890815827 -0.082509119088135449 -0.066237442642970629 0.046695829384476972 0.068642441250161973 0.0020350157571328189 0.056724532974259792 -0.095405141594127829 0.014689265172474018 0.0085907567542256574 -0.073203130932884677 0.0061099474660744639 0.053966733162501473 -0.058770688881308222
leaf_weight=2908.5809134987066 143.80932917271275 175.72578185901511 47.685801334329881 46.523246742261108 41.417631222109776 22.607296999660321 1518.4848099965602 117.14590066671371 1160.0104573592544 26.174394030065741 23.670960766496137 49.879557639826089 57.776922128337901 29.49697621219093 59.687599158613011 3.6295925599988541 77.943942390265875 3.1420099767856291 185.82810483517824 517.3122624392854 3.2698796715121707 13.801968369632958 421.75014916760847 3.2601254709297782 19.590975736500699 41.89856312511256 9.3664552898844686 9.9755496848374587 45.782641790108755 8.2139516792958585
leaf_count=921485 10826 3831 8831 9535 12067 2914 3261 2290 2653 1254 427 11386 5155 6575 474 851 2626 350 48947 5123 36 41 1847 146 2236 3136 1928 1200 405 2214
internal_value=0 0.0509802 -0.0673238 0.00997055 -0.0364399 0.0558392 0.0565147 0.0272561 0.0503762 -0.00817352 -0.00135974 -0.0165672 -0.00106746 -0.0365455 0.0623853 0.0134907 0.0335341 0.0411463 -0.0580248 0.0416721 -0.0424625 0.0562104 0.0531779 0.0294156 -0.0359778 -0.0248453 -0.00635352 -0.0485321 0.0299398 -0.0070118
internal_weight=0 4435.05 3358.39 469.814 449.813 3965.24 3918.96 342.529 1915.78 194.762 46.2783 168.588 105.463 127.285 2003.18 225.383 81.5735 741.963 255.051 738.821 63.125 1173.81 484.698 62.9477 69.2226 97.7883 51.265 59.8551 221.508 27.8049
internal_count=1074050 59239 1014811 37767 93326 21472 18131 16593 12403 27862 3341 26608 13986 21174 5728 14303 3477 9709 65464 9359 12622 2694 2467 620 16517 14599 5064 12586 4236 4450
is_linear=0
shrinkage=0.05


Tree=6
num_leaves=31
num_cat=0
split_feature=1 1 1 53 86 42 42 1 114 97 97 113 114 102 76 42 64 113 53 113 4 0 109 112 106 104 60 42 0 114
split_gain=9698.87 302.869 218.39 160.608 108.561 52.0302 51.64 39.3902 35.0996 33.3978 27.6964 26.4161 22.1216 21.0633 19.8341 16.8518 16.2922 17.2523 16.016 16.0882 15.3652 15.2062 15.0556 14.203 18.9764 17.7793 13.8645 13.4084 15.0093 13.2784
threshold=0.23938287544958989 0.68981449621504665 0.030380062479932603 6.5000000000000009 6.9166666666650007 7.5000000000000009 23.500000000000004 0.86620967868038068 0.077796000000000018 1638.5000000000002 18470.500000000004 0.42373300000000008 0.048805500000000009 8.5000000000000018 0.023358 51.500000000000007 30.083333333350001 0.5284596250000001 2.5000000000000004 1.3577120000000003 21926.000000000004 0.0072685000000000007 82.500000000000014 0.032480000000000002 3.7750000000000004 40.500000000000007 0.0017535000000000003 1.0000000180025095e-35 0.038000500000000006 0.19519950000000003
decision_type=2 2 2 2 2 2 2 2 2 2 2 2 2 2 2 2 2 2 2 2 2 2 2 2 2 2 2 2 2 2
left_child=2 3 -1 6 8 7 12 10 14 11 22 21 23 16 -4 18 -6 -18 19 -16 -9 -5 -3 25 -25 -2 29 28 -10 -22
right_child=1 5 4 9 13 -7 -8 20 27 -11 -12 -13 -14 -15 15 -17 17 -19 -20 -21 26 -23 -24 24 -26 -27 -28 -29 -30 -31
leaf_value=-0.069380216170718975 0.012258169068365209 0.039863289260944429 -0.0714402119855123 0.021918579925376571 -0.00020389695700369489 0.062713916217851551 0.059236439522363883 0.05641322852654012 0.028041717539145181 -0.053606568903636513 -0.078190880663497775 0.02579372365367082 0.033864408587879757 -0.061872774478455489 -0.015759828889121908 0.048857476171694857 -0.071174330888975609 -0.013188661300395097 -0.050990170563588705 0.047433809735185739 0.045547217769024033 -0.048755897672335229 -0.0012603141568544819 -0.043212801516985186 0.046499723869341009 -0.028049032925894342 0.059073526192309059 0.052629215100696347 -0.041789045856930891 -0.00291354273082799
leaf_weight=2867.3383670274634 89.67151676065987 391.94693921878934 15.908118879306128 9.870400212123057 27.385830883577 1190.8227071504807 118.06834533018991 1251.1854936653981 24.383677153266035 71.458636891446076 5.2359057255089274 35.211739109479822 167.11834194074618 197.39905218506465 71.730321417853702 10.380764945643021 31.640980348049197 21.573882438533474 27.325905781122856 11.716783796669914 698.11213545314968 33.246995571127627 23.596413779887371 6.9764155969023696 38.009017334319651 39.369849118054844 214.19075435120612 27.187629114603624 11.243006538716143 14.427469767630098
leaf_count=921485 5612 5247 4482 707 4344 2513 958 3694 1514 13408 816 1408 4936 52125 11719 407 10283 3608 6107 401 2784 6210 1315 755 731 3468 499 638 1835 41
internal_value=0 0.0487994 -0.0641648 0.0160708 -0.0328711 0.0540591 0.0307355 0.0500931 -0.0047657 -0.0288879 0.0360882 -0.00633736 0.0208715 -0.0530783 -0.0189501 -0.0120579 -0.0315399 -0.0476663 -0.0177664 -0.00688683 0.0527988 -0.0325772 0.0375281 0.00839446 0.032587 -3.93485e-05 0.047919 0.0261849 0.00600465 0.044566
internal_weight=0 4398.52 3345.21 609.001 477.876 3789.52 459.213 2598.7 199.876 149.788 420.779 78.3291 341.145 278 137.062 121.154 80.6007 53.2149 110.773 83.4471 2177.92 43.1174 415.543 174.027 44.9854 129.041 926.73 62.8143 35.6267 712.54
internal_count=1074050 55102 1018948 38193 97463 16909 16460 14396 27103 21733 7378 8325 15502 70360 23116 18634 18235 13891 18227 12120 7018 6917 6562 10566 1486 9080 3324 3987 3349 2825
is_linear=0
shrinkage=0.05


Tree=7
num_leaves=31
num_cat=0
split_feature=1 1 1 53 109 53 42 78 40 1 97 102 113 114 106 42 106 1 66 1 4 42 96 113 85 111 113 76 105 78
split_gain=8873.64 309.151 182.757 118.387 94.9864 66.0414 49.1774 38.3964 38.3552 32.6694 30.7029 29.8616 18.1687 17.9983 16.5303 16.1696 16.3167 15.2849 18.9686 14.9805 20.2411 14.8912 13.2958 13.1867 12.936 12.9112 12.5559 12.3045 12.2805 12.0962
threshold=0.21467259749339032 0.60678019017954943 0.030380062479932603 4.5000000000000009 24.500000000000004 7.5000000000000009 1.0000000180025095e-35 0.019601000000000004 2164.0000000000005 0.7740980979447657 2302.5000000000005 15.500000000000002 0.27970750000000005 0.045941500000000003 6.083333333335001 3.5000000000000004 11.708333333350001 0.94875966535953815 1.0000000180025095e-35 0.86620967868038068 642.50000000000011 336.50000000000006 0.079485000000000014 0.11803075 10.500000000000002 0.10761850000000002 0.24668900000000002 0.028824500000000006 0.20872700000000002 0.072493000000000016
decision_type=2 2 2 2 2 2 2 2 2 2 2 2 2 2 2 2 2 2 2 2 2 2 2 2 2 2 2 2 2 2
left_child=2 3 29 7 11 6 9 12 19 23 -5 15 22 -6 28 16 -4 18 24 20 -7 25 -2 -3 -8 -13 -20 -21 -11 -1
right_child=1 5 4 10 13 8 17 -9 -10 14 -12 21 -14 -15 -16 -17 -18 -19 26 27 -22 -23 -24 -25 -26 -27 -28 -29 -30 -31
leaf_value=-0.067182571297254884 -0.0068054087184012575 -0.075930463054795505 -0.021315921439135296 -0.0096573665720078791 -0.059574468577813226 -0.077357510031101043 0.056284357660475841 0.062019849602477972 -0.075392773251770656 0.04018806495428856 -0.054471346406295473 -0.0422122753243378 0.027928077740477449 -0.019282634087248313 0.050947884728166054 0.041242191384372281 0.019138215248226956 0.062599180645904154 -0.0098128104308360525 -0.072007987559576811 0.019134487156941798 0.044215860850979706 0.055908156916687518 0.025223164053551708 0.01066328689631392 0.062136928377019021 0.040554330982173557 0.042774151251333596 -0.017364768526892758 0.088777769650773275
leaf_weight=2820.4232851588167 80.782233188103419 3.3036325178109101 52.750260480330326 103.49400175904157 207.21548161690589 5.8220964261563486 910.65306234243326 60.686728500993922 9.3520914057735336 329.01818741322495 60.599327693169471 71.466350069735199 156.50000566104427 31.996098525472917 1323.3600308645982 27.257526774366852 47.254533112689387 935.59679484367371 16.764625363284722 2.3856690148822954 81.72353962471243 5.9650172822875893 9.4389889700105396 130.237351757125 15.808293731417505 3.0926211557816705 47.239897814579308 109.55831334856339 9.537459488026796 1.2438087619375426
leaf_count=921477 7003 338 9363 12699 56992 692 2460 344 1664 2205 11911 15352 5589 6070 4597 1368 3875 1189 256 62 3296 271 221 3178 248 35 265 947 75 8
internal_value=0 0.0463421 -0.0624081 0.00808498 -0.0327036 0.0509315 0.0524669 0.02639 0.0235717 0.0465138 -0.0262071 -0.00797327 0.017626 -0.0541852 0.0484257 0.00710428 -0.00220042 0.0580163 0.0536872 0.0282112 0.0127174 -0.0318022 -0.000244284 0.0227208 0.0555059 -0.037884 0.0273617 0.040328 0.0385667 -0.0671138
internal_weight=0 4401.86 3268.66 471.501 446.998 3930.36 3721.52 307.408 208.842 1795.46 164.093 207.786 246.721 239.212 1661.92 127.262 100.005 1926.06 990.466 199.49 87.5456 80.524 90.2212 133.541 926.461 74.559 64.0045 111.944 338.556 2821.67
internal_count=1074050 59239 1014811 37767 93326 21472 14811 13157 6661 10393 24610 30264 12813 63062 6877 14606 13238 4418 3229 4997 3988 15658 7224 3516 2708 15387 521 1009 2280 921485
is_linear=0
shrinkage=0.05


Tree=8
num_leaves=31
num_cat=0
split_feature=1 1 1 86 86 1 86 57 57 42 86 114 77 4 110 114 96 76 1 113 44 113 79 86 59 42 113 97 1 114
split_gain=8198.73 320.636 152.32 119.12 83.3449 60.8004 58.4925 55.6774 39.9415 34.9204 23.9844 23.7595 22.5607 18.1725 17.4698 15.4134 15.346 14.5196 14.2022 13.5153 12.4004 14.5628 11.4695 12.001 16.2839 11.4467 12.1385 12.3341 11.4318 20.4267
threshold=0.19204907757119541 0.60678019017954943 0.030380062479932603 69.125000000000014 5.708333333335001 0.86620967868038068 152.58333333350001 1.0000000180025095e-35 1.0000000180025095e-35 5.5000000000000009 9.1000000000000014 0.044933500000000008 0.033014000000000009 370.00000000000006 8.5000000000000018 0.086234500000000006 0.051531500000000001 0.0085315000000000026 0.94875966535953815 0.51986650000000012 12.500000000000002 0.34948666666650008 0.073879000000000014 4.2916666666650007 1.5000000000000002 1.0000000180025095e-35 0.31265250000000006 451.50000000000006 0.0088049481694041625 0.099189500000000014
decision_type=2 2 2 2 2 2 2 2 2 2 2 2 2 2 2 2 2 2 2 2 2 2 2 2 2 2 2 2 2 2
left_child=2 3 28 7 12 6 8 10 11 18 25 13 15 -3 19 20 -14 -15 22 -6 21 -4 23 -7 -25 26 27 -2 -1 -30
right_child=1 5 4 -5 14 9 -8 -9 -10 -11 -12 -13 16 17 -16 -17 -18 -19 -20 -21 -22 -23 -24 24 -26 -27 -28 -29 29 -31
leaf_value=-0.06619128548651583 0.010651525166568551 -0.04409557700669714 -0.051087833864326929 -0.046778321417381981 -0.04726909082141053 0.043455202246493539 -0.042153050287842359 0.049053147237614635 0.05510000527729484 0.060102417823710709 -0.019239570631897622 0.041231135515987928 0.037118840069808777 -0.080171226495730788 -0.058949459265695614 0.014636114938426217 -0.047983023500665856 0.024643124802945476 0.051203179766180607 -0.0040059699475088412 0.063328175850252882 -0.0096044417028421231 0.048137160294585063 -0.0059671826925950478 0.035418688081361512 0.032298690304654085 0.01880716076804231 -0.030457279570306139 -0.058494333567466854 0.0039176419416430226
leaf_weight=2519.0579616498435 40.986872110399418 10.470745735219678 43.11864357884042 86.138843324501067 46.304477523313835 133.45423665782437 22.559146908228286 106.24630658072419 272.81818491220474 996.87648443609942 67.498084225342609 299.28721954207867 38.475601043086499 3.3506130604073396 182.40706976427464 30.010880865622312 6.1431050766259423 238.02154791227076 1505.738876196323 29.586788858403452 3.6551303160376838 41.53567700315034 309.64712520781904 36.746579845668748 67.296098008751869 65.580671747040469 104.94654418563005 32.887143270694651 244.57546574919252 13.852561388164757
leaf_count=836838 2817 641 10542 16996 13201 813 3002 2131 970 1442 8679 2959 2242 224 49856 2248 1285 5375 3378 4308 59 5341 1415 548 705 2773 4500 4115 81492 3155
internal_value=0 0.0442784 -0.0609147 0.00676302 -0.0328977 0.0491339 0.0372785 0.0177926 0.0394533 0.0524246 0.00714398 0.031708 -0.00489536 0.0203907 -0.050562 -0.0163205 0.025402 0.0231881 0.0486962 -0.0304026 -0.0268408 -0.030734 0.0417972 0.0335312 0.0208017 0.0144305 0.00787754 -0.00764924 -0.0651639 -0.0551489
internal_weight=0 4400.55 3198.72 504.284 421.237 3896.27 846.507 418.146 823.948 3049.76 311.899 551.13 162.939 251.843 258.298 118.32 44.6187 241.372 2052.88 75.8913 88.3095 84.6543 547.144 237.497 104.043 244.401 178.821 73.874 2777.49 258.428
internal_count=1074050 63483 1010567 42011 89082 21472 13171 25015 10169 8301 22884 9199 21717 6240 67365 18190 3527 5599 6859 17509 15942 15883 3481 2066 1253 14205 11432 6932 921485 84647
is_linear=0
shrinkage=0.05


Tree=9
num_leaves=31
num_cat=0
split_feature=1 1 1 53 86 42 42 1 97 113 109 113 42 42 86 42 64 42 3 110 112 77 76 0 113 112 97 92 97 113
split_gain=7581.62 303.025 145.946 136.245 77.7194 54.2232 50.3762 35.4931 30.7047 25.6509 21.7332 21.3231 20.1506 16.0156 15.3626 15.0793 15.2259 14.5598 15.0972 14.5087 13.1677 12.7456 14.2097 13.3267 12.4661 11.6272 11.0807 10.5688 10.5407 10.3819
threshold=0.19204907757119541 0.68981449621504665 0.030380062479932603 6.5000000000000009 5.708333333335001 1.0000000180025095e-35 2.5000000000000004 0.86620967868038068 2302.5000000000005 0.41852500000000009 42.500000000000007 0.1490795 6.5000000000000009 798.50000000000011 7.083333333335001 542.50000000000011 856.75000000000011 38.500000000000007 3321.0000000000005 8.5000000000000018 0.026069000000000005 0.033014000000000009 0.089504500000000015 0.028647500000000003 0.51986650000000012 0.10372100000000002 3468.5000000000005 0.082319000000000017 227.50000000000003 0.36361112500000009
decision_type=2 2 2 2 2 2 2 2 2 2 2 2 2 2 2 2 2 2 2 2 2 2 2 2 2 2 2 2 2 2
left_child=2 3 27 5 12 11 7 10 9 13 -3 -2 21 -5 -8 16 -16 18 -7 24 29 22 -4 -23 -6 -25 -12 -1 -22 -13
right_child=1 6 4 8 19 17 14 -9 -10 -11 26 20 -14 -15 15 -17 -18 -19 -20 -21 28 23 -24 25 -26 -27 -28 -29 -30 -31
leaf_value=-0.063593301370305041 -0.037625723426135238 0.033427343403065239 -0.035002610360617366 -0.039821989077971638 -0.047227821847235153 -0.031055565873537219 0.057516301783727575 0.046187819157929043 -0.052589311065203662 0.019397160130018017 0.0065258052959012783 -0.007481575914621872 0.033902557311944477 0.042602526194353396 0.036181766124482852 0.060739683998612903 -0.047886406409199646 0.05513256808497452 0.035247081898470506 -0.056831258783650446 -0.070716921560996016 0.038723052162092139 0.004204434362213994 -0.054660417362506833 -0.0056156558246249003 0.053023296750870454 -0.062489980333441546 0.08130880100542523 0.039386358489187541 0.016989872054819652
leaf_weight=2718.4277478745789 22.477024030173197 313.41053240769543 67.644550902943593 53.612017871811986 45.192775886389427 9.2534298750106228 1244.5559982603882 1898.4589926940389 68.628133743186481 44.188519420917146 33.952836801763624 74.351776274736039 27.708181247930042 6.6213332760962649 125.74695107946172 74.509105966892093 5.6269138425122938 112.08371604885906 118.97543079790194 179.3845954836579 2.2677359096705905 20.695668263826519 35.101780452940147 9.447853029589167 29.90996975149028 3.4121102960780254 7.0179430203279471 1.2589753699721757 52.453000788809732 103.91501675557811
leaf_count=921475 2976 4419 13296 10112 13201 1184 1990 6466 14009 2370 1318 6171 1557 376 1066 159 523 843 3062 49856 283 1013 3703 2043 4308 105 968 10 1154 4034
internal_value=0 0.0425615 -0.0592965 0.0115873 -0.0318087 0.0249199 0.0481555 0.0434763 -0.0266098 -0.00953555 0.0289505 0.00888219 -0.00496846 -0.0307612 0.0554234 0.0427716 0.032581 0.0419688 0.0304625 -0.0491065 0.013369 -0.0128704 -0.0216081 0.0138843 -0.0306556 -0.0260889 -0.00529601 -0.0635262 0.0348235 0.00678328
internal_weight=0 4372.11 3138.18 668.827 418.497 495.777 3703.28 2252.84 173.05 104.422 354.381 255.465 164.01 60.2334 1450.44 205.883 131.374 240.313 128.229 254.487 232.988 136.302 102.746 33.5556 75.1027 12.86 40.9708 2719.69 54.7207 178.267
internal_count=1074050 63483 1010567 46574 89082 19707 16909 13171 26867 12858 6705 14618 21717 10488 3738 1748 1589 5089 4246 67365 11642 20160 16999 3161 17509 2148 2286 921485 1437 10205
is_linear=0
shrinkage=0.05


Tree=10
num_leaves=31
num_cat=0
split_feature=1 1 1 53 86 42 1 67 104 53 1 114 53 102 113 86 42 113 42 73 110 97 0 109 106 113 76 1 114 100
split_gain=7008.27 281.871 143.287 97.9877 71.6443 61.8315 54.2545 35.0063 27.434 22.9577 20.8875 18.8657 18.52 16.0682 15.7522 14.9422 14.7505 14.5565 14.4069 14.349 13.9585 12.7037 12.3863 12.0902 11.7346 11.5954 11.2639 11.0652 16.4897 10.9747
threshold=0.19204907757119541 0.60678019017954943 0.030380062479932603 4.5000000000000009 5.708333333335001 2.5000000000000004 0.7740980979447657 0.030666000000000002 1813.5000000000002 151.50000000000003 0.94875966535953815 0.052243500000000005 7.5000000000000009 2.5000000000000004 0.31265250000000006 115.25000000000001 207.50000000000003 0.27086400000000005 51.500000000000007 10.500000000000002 8.5000000000000018 15506.500000000002 0.098890500000000006 394.50000000000006 6.708333333335001 0.51986650000000012 0.053408000000000004 0.0088049481694041625 0.099189500000000014 6.5000000000000009
decision_type=2 2 2 2 2 2 2 2 2 2 2 2 2 2 2 2 2 2 2 2 2 2 2 2 2 2 2 2 2 2
left_child=2 3 27 7 11 6 9 14 15 13 17 16 -7 -3 -2 18 -4 19 -5 -8 25 -19 -12 -14 -15 -6 -13 -1 -29 -30
right_child=1 5 4 8 20 12 10 -9 -10 -11 22 26 23 24 -16 -17 -18 21 -20 -21 -22 -23 -24 -25 -26 -27 -28 28 29 -31
leaf_value=-0.063095456696663846 -0.00024956551054111279 0.033061773987345319 -0.025169800385986957 -0.012494665930251593 -0.045615484364079757 0.054505189818831137 0.028457115195602307 0.056254306413176892 -0.065538311752181888 -0.061224322225751318 0.046839778785748215 0.03908904914878656 0.032855560247449553 -0.025159092547137593 0.024372248065545797 -0.039065264242895359 0.04715710584138999 0.040955609991191341 0.038625864897473799 -0.019337833341399536 -0.055044545106679027 -0.047229084426734458 9.3844416097902056e-05 -0.046991487627111174 0.015092288031223838 -0.0056418271736900236 -0.0018228687343734421 -0.055117540936477076 0.046871222725129363 -0.042787200901072575
leaf_weight=2408.0406320921029 110.33943596703466 105.07952465943526 87.802626303688157 84.603870295512024 44.4218835994252 1454.534899483202 179.59413110418245 60.838062395225279 32.566662768425886 9.1851884177885932 1384.4135404545814 28.40443382866215 52.706327737076208 24.48484840488527 157.94588120456319 44.036672631744295 7.6646582322427994 513.36828010203317 16.464328418835066 17.208225723472424 175.77305378188612 4.1167244930984443 14.317341066896914 5.2094208315247661 69.514848687802441 30.665260158188175 41.265696548507549 234.59772542840801 6.7304041436291282 6.9247956493054517
leaf_count=836838 8854 2102 15822 10209 13201 2884 2349 296 7755 1438 3163 1293 1096 1352 5366 8634 192 3376 897 494 49856 406 49 864 1899 4308 4410 81492 747 2408
internal_value=0 0.0409019 -0.0577861 0.00585749 -0.0305005 0.0455345 0.040409 0.0220111 -0.0240659 0.0160607 0.0428088 -0.0049259 0.0534011 0.0196265 0.0142459 -0.014758 -0.019363 0.0358523 -0.00416697 0.024278 -0.0473359 0.0402541 0.0463613 0.0256735 0.00460769 -0.0292904 0.0148569 -0.0620593 -0.0520086 0.00140384
internal_weight=0 4340.53 3072.29 506.795 415.998 3833.73 2321.28 329.123 177.672 208.264 2113.02 165.137 1512.45 199.079 268.285 145.105 95.4673 714.287 101.068 196.802 250.86 517.485 1398.73 57.9157 93.9997 75.0871 69.6701 2656.29 248.253 13.6552
internal_count=1074050 63483 1010567 42011 89082 21472 16628 14516 27495 6791 9837 21717 4844 5353 14220 19740 16014 6625 11106 2843 67365 3782 3212 1960 3251 17509 5703 921485 84647 3155
is_linear=0
shrinkage=0.05


Tree=11
num_leaves=31
num_cat=0
split_feature=1 1 1 53 53 86 42 64 1 57 64 113 42 4 112 42 69 1 4 113 110 1 114 100 113 114 4 113 48 113
split_gain=6502.36 265.42 136.519 75.8622 72.4031 63.9622 62.5289 33.9677 32.6462 26.9197 24.2189 18.0262 17.8384 15.6496 17.3905 15.5356 14.4787 13.6713 13.8661 12.9242 12.6775 12.5597 23.4924 13.0568 12.0648 11.9183 14.3612 11.6439 11.2983 11.4222
threshold=0.19204907757119541 0.53809039466125175 0.030380062479932603 3.5000000000000004 7.5000000000000009 5.708333333335001 1.0000000180025095e-35 2077.3333333350006 0.7740980979447657 1.0000000180025095e-35 115.10000000000001 0.18377779166650002 2.5000000000000004 2826.5000000000005 0.033014000000000009 44.500000000000007 8.5000000000000018 0.86620967868038068 642.50000000000011 0.10933500000000002 8.5000000000000018 0.0088049481694041625 0.099189500000000014 6.5000000000000009 0.1948835833335 0.064897500000000011 14290.000000000002 0.38302520000000001 1.0000000180025095e-35 0.51986650000000012
decision_type=2 2 2 2 2 2 2 2 2 2 2 2 2 2 2 2 2 2 2 2 2 2 2 2 2 2 2 2 2 2
left_child=2 3 21 9 6 12 8 17 27 11 15 -2 24 -10 19 -5 -8 18 -6 -15 28 -1 -23 -24 -4 26 -18 -3 29 -7
right_child=1 4 5 10 7 20 16 -9 13 -11 -12 -13 -14 14 -16 -17 25 -19 -20 -21 -22 22 23 -25 -26 -27 -28 -29 -30 -31
leaf_value=-0.061857063921695099 -0.029237226501652849 0.0023516119858446403 -0.043340509981177951 -0.01576085280089537 -0.069520073248452718 -0.054360327206701232 0.052646294050727099 -0.064908135638879635 0.04800708769990808 0.046707568914305095 -0.042915921303010557 0.015940179496870984 0.026100726672581794 -0.015305774765241864 0.052729094556888012 0.03724624383085625 -0.0066612720885929708 0.032554580384934403 0.011600418967477792 0.035505806674329253 -0.053313733670746981 -0.05399044556384397 0.050216252111438001 -0.042098059434488105 -0.0062178286853866831 0.049442116727716361 0.044503858417024894 0.029079867602100656 0.021416228349049375 -0.012004022409038452
leaf_weight=2344.877056900179 25.889084460563026 72.99349515629001 27.842154206940904 71.898167610459495 5.5807393019786096 37.127576724626124 1759.034205292468 12.316705044708213 495.5390622082632 66.150786569924094 84.740295755036641 150.07839405606501 34.890364900697023 12.680389243643729 158.01278597302735 17.113006442436017 28.983856719220057 111.33021817402914 93.959381609456614 957.39264320628718 172.22661524871364 229.79357896139845 8.6910318759619241 6.8488047535647629 102.32439980533672 62.649514484452084 26.032660421682522 92.235383253195323 9.789690646925008 27.860516032786109
leaf_count=836838 3369 3556 6750 8723 931 12104 4121 2338 1488 764 17040 7000 2345 263 446 784 490 997 4549 4680 49856 81492 747 2408 12622 206 157 1581 1324 4081
internal_value=0 0.039391 -0.0564783 0.00142498 0.0434512 -0.0297464 0.0451347 0.0158022 0.0384459 0.0195156 -0.0237839 0.00929349 -0.00564814 0.0406006 0.0373471 -0.00556988 0.0515104 0.0205164 0.00705238 0.0348416 -0.0458498 -0.0607309 -0.0499669 0.00953097 -0.0141582 0.03453 0.017549 0.0172721 -0.0286589 -0.0362021
internal_weight=0 4304.61 3002.27 415.87 3888.74 412.061 3665.55 223.187 1788.85 242.118 173.751 175.967 165.057 1623.62 1128.09 89.0112 1876.7 210.87 99.5401 970.073 247.004 2590.21 245.333 15.5398 130.167 117.666 55.0165 165.229 74.7778 64.9881
internal_count=1074050 63483 1010567 37680 25803 89082 16988 8815 12014 11133 26547 10369 21717 6877 5389 9507 4974 6477 5480 4943 67365 921485 84647 3155 19372 853 647 5137 17509 16185
is_linear=0
shrinkage=0.05


Tree=12
num_leaves=31
num_cat=0
split_feature=1 1 1 86 86 42 77 1 53 114 97 114 97 42 1 42 3 113 114 92 113 73 113 40 97 1 114 100 113 97
split_gain=6067.16 252.882 134.354 83.537 61.1708 57.3137 49.8909 43.6467 31.6065 25.8805 25.602 20.629 18.2891 15.1247 14.8529 14.5848 17.7351 14.0138 13.8775 18.1039 13.5281 13.1755 15.9528 12.6914 12.5873 12.0618 21.1324 11.5298 10.8701 18.4287
threshold=0.19204907757119541 0.60678019017954943 0.030380062479932603 69.125000000000014 6.9166666666650007 1.0000000180025095e-35 0.029255500000000004 0.94875966535953815 7.5000000000000009 0.012067000000000003 5949.5000000000009 0.087068500000000007 10300.500000000002 207.50000000000003 0.94875966535953815 1.0000000180025095e-35 2646.5000000000005 0.156614 0.045941500000000003 0.048749500000000008 0.36361112500000009 2.5000000000000004 0.4452937500000001 1787.5000000000002 2302.5000000000005 0.0088049481694041625 0.099189500000000014 6.5000000000000009 0.5849255000000001 1560.5000000000002
decision_type=2 2 2 2 2 2 2 2 2 2 2 2 2 2 2 2 2 2 2 2 2 2 2 2 2 2 2 2 2 2
left_child=2 3 25 6 11 7 12 9 14 10 28 13 15 -4 18 20 -17 -10 19 21 -2 -7 24 -19 -23 -1 -27 -28 29 -3
right_child=1 5 4 -5 -6 8 -8 -9 17 -11 -12 -13 -14 -15 -16 16 -18 23 -20 -21 -22 22 -24 -25 -26 26 27 -29 -30 -31
leaf_value=-0.060746685155910696 -0.016699993609775764 0.015226991975567329 -0.0216640101969547 -0.041119644562317259 -0.045949581093313735 0.041883863673444627 0.040150560689465757 0.042512136976731937 -0.049206560928171987 0.033875618429706288 -0.052948286230435883 0.021591969048325551 -0.060613771164844371 0.043191434226109729 0.054605176250965143 -0.05758785463261018 0.025387448926849868 0.029059007352287849 0.050051355729436281 0.059610556178082946 0.010376853956195073 0.0075024127102071049 0.039719199604093924 -0.068880443065689009 -0.09714698121452793 -0.052883191317933488 0.044912126468157877 -0.041732135093508559 0.033388446683457355 -0.050370798829018126
leaf_weight=2284.1310990832862 92.842888957122341 159.36206983891316 125.13503654900705 82.019645913271233 229.37528568564449 129.08853942155838 127.66743108304217 1127.9099043207243 7.1746932677924624 465.84380697319284 13.454035789822226 46.579418417590205 10.936334343918132 9.6852340806508419 900.65486562252045 6.8862311863340429 99.347962599655148 66.333852767478675 598.65440980438143 69.911303396802396 91.682637358549982 64.632053653243929 51.814038451761007 3.4813600959023452 3.0071060019545248 225.2302548342268 8.8327599085168895 6.7920352914952664 77.582874333951622 11.477838536491616
leaf_count=836838 10223 3720 21662 16996 64315 584 2553 2740 738 4540 1488 2862 1770 243 1189 1555 4292 1538 1516 85 4622 756 191 762 97 81492 747 2408 871 657
internal_value=0 0.038101 -0.0553102 0.00511737 -0.0287909 0.0425985 0.0139498 0.0363526 0.0487154 0.0268059 0.0142298 -0.00709409 0.00286261 -0.0170049 0.0500444 0.00525014 0.0200089 0.0173368 0.0455655 0.0371325 -0.0032467 0.0308097 0.0188423 0.0241752 0.0028499 -0.0596245 -0.0489823 0.00724822 0.017868 0.0108198
internal_weight=0 4261.77 2935.76 511.383 410.775 3750.38 429.363 1855.63 1894.75 727.721 261.877 181.4 301.696 134.82 1817.76 290.76 106.234 76.9899 917.107 318.453 184.526 248.542 119.453 69.8152 67.6392 2524.99 240.855 15.6248 248.423 170.84
internal_count=1074050 63483 1010567 42011 89082 21472 25015 14016 7456 11276 6736 24767 22462 21905 4418 20692 5847 3038 3229 1713 14845 1628 1044 2300 853 921485 84647 3155 5248 4377
is_linear=0
shrinkage=0.05


Tree=13
num_leaves=31
num_cat=0
split_feature=1 1 1 86 42 114 42 114 1 86 53 86 69 113 97 97 77 113 109 67 1 1 114 0 112 42 4 1 94 0
split_gain=5691.69 246.512 128.301 99.067 65.979 56.1678 52.0248 34.464 27.9562 23.6442 21.7498 17.7718 16.3433 15.0167 21.0474 17.9924 14.0369 13.4021 13.0432 12.221 12.5899 11.5653 19.3627 11.0469 10.929 10.4675 11.0624 10.2084 12.3699 10.3127
threshold=0.19204907757119541 0.68981449621504665 0.030380062479932603 93.166666666650016 38.500000000000007 0.038695500000000008 1.0000000180025095e-35 0.032874500000000008 0.94875966535953815 3.7083333333350006 7.5000000000000009 22.100000000000005 9.5000000000000018 0.451131 10300.500000000002 744.50000000000011 0.026070000000000003 0.27086400000000005 401.50000000000006 0.086694000000000007 0.86620967868038068 0.0088049481694041625 0.099189500000000014 0.09822400000000002 0.023543000000000005 122.50000000000001 175.00000000000003 0.15548050853772452 377.50000000000006 0.095871500000000012
decision_type=2 2 2 2 2 2 2 2 2 2 2 2 2 2 2 2 2 2 2 2 2 2 2 2 2 2 2 2 2 2
left_child=2 3 21 4 7 9 8 13 11 -4 19 17 -9 15 -15 -2 -7 24 -12 20 25 -1 -23 -10 -3 26 -8 29 -29 -11
right_child=1 6 5 -5 -6 16 10 12 23 27 18 -13 -14 14 -16 -17 -18 -19 -20 -21 -22 22 -24 -25 -26 -27 -28 28 -30 -31
leaf_value=-0.059757979024618046 -0.0034535428199575927 0.010901649614823089 -0.012137615473370543 -0.041500453503933853 0.047534512970653899 -0.0086742568915137031 -0.04872687189488023 0.024722299125972159 0.041442784813104525 -0.053044879854425048 0.027240350542915428 -0.003258088084151017 -0.025758946525118523 0.017817008439711467 -0.051125487036633548 -0.042090920869622191 0.032205528883289918 0.034566799075491782 -0.047345987664690441 0.060480805222568212 0.049967565264681935 -0.051947569340437622 0.0054679089539252362 -0.0066016583117743874 0.042543852851737812 0.051691334334529548 0.033372441901986669 0.0047735586006910739 -0.062814775067127002 0.021677309466267208
leaf_weight=2224.3700549670029 83.84932313428726 126.4569618916139 60.108266744820867 83.989358657447156 133.04102451866493 88.945215251413174 4.1948133157566181 217.59435498528183 1106.2528263046406 198.22379519272363 57.432928433408961 42.835212163045071 17.308523369138129 83.508457158750389 12.762281407893168 47.031906824908219 27.488536648335867 442.5897720316425 6.5276459495071313 214.71352781541646 1209.8122008554637 220.88112470891792 15.729850135452578 12.095286622643469 34.798301169183105 97.582787625491619 187.65477662696503 18.673300230468161 10.619476141582707 4.7276741466484955
leaf_count=836838 6729 2731 8888 17274 1753 13126 170 6951 2691 59114 1138 1836 1631 3680 1933 6623 1522 3517 870 191 2123 81492 3155 49 296 208 1089 3034 3150 248
internal_value=0 0.0369296 -0.0543313 0.00933348 0.016508 -0.0283914 0.0422191 0.00757439 0.0361381 -0.0400878 0.0482559 0.0278629 0.0210027 -0.00631208 0.00867754 -0.0173378 0.000976944 0.0300706 0.0196283 0.0493243 0.0477265 -0.0586401 -0.0481306 0.0409232 0.0177299 0.0383588 0.0315773 -0.0473217 -0.0197292 -0.0513043
internal_weight=0 4222.03 2869.77 679.085 595.096 408.786 3542.95 462.055 1765.03 292.353 1777.92 646.68 234.903 227.152 96.2707 130.881 116.434 603.845 63.9606 1713.96 1499.24 2460.98 236.611 1118.35 161.255 289.432 191.85 232.244 29.2928 202.951
internal_count=1074050 63483 1010567 46574 29300 89082 16909 27547 11120 74434 5789 8380 8582 18965 5613 13352 14648 6544 2008 3781 3590 921485 84647 2740 3027 1467 1259 65546 6184 59362
is_linear=0
shrinkage=0.05


Tree=14
num_leaves=31
num_cat=0
split_feature=1 1 1 77 42 1 86 64 114 109 97 42 69 114 66 113 106 110 40 1 114 67 106 61 76 97 106 76 100 113
split_gain=5335.39 239.461 125.089 72.5282 62.1754 56.2977 53.5259 41.0415 29.2496 20.6521 18.0853 15.3542 14.9465 14.3397 13.6335 12.664 11.9769 11.9409 11.9342 11.2154 17.8206 11.1186 12.6498 11.0588 14.6821 10.9198 10.4145 13.8041 9.89473 9.3438
threshold=0.19204907757119541 0.60678019017954943 0.030380062479932603 0.029255500000000004 6.5000000000000009 0.86620967868038068 5.708333333335001 1255.8333333350004 0.027510500000000004 36.500000000000007 3800.5000000000005 2.5000000000000004 7.5000000000000009 0.015482500000000001 1.0000000180025095e-35 0.42879425000000004 5.708333333335001 8.5000000000000018 4.5000000000000009 0.0088049481694041625 0.099189500000000014 0.047535500000000001 4.4500000000000011 1.5000000000000002 0.069319000000000019 10300.500000000002 9.2916666666650016 0.026290500000000005 6.5000000000000009 0.5284596250000001
decision_type=2 2 2 2 2 2 2 2 2 2 2 2 2 2 2 2 2 2 2 2 2 2 2 2 2 2 2 2 2 2
left_child=2 3 19 7 5 8 11 9 10 23 12 26 -3 -12 -6 -11 29 -8 -16 -1 -21 22 -5 24 -2 -17 -4 -28 -22 -7
right_child=1 4 6 21 14 16 17 -9 -10 15 13 -13 -14 -15 18 25 -18 -19 -20 20 28 -23 -24 -25 -26 -27 27 -29 -30 -31
leaf_value=-0.058880524509834602 -0.0248410237496678 0.017239162130554354 -0.029004851232754838 -0.016411175299924346 0.050804622944649616 0.032054802213499427 -0.026243152574373835 -0.05617150334819318 0.030469801237138945 -0.03689037785744477 -0.053758422507104935 0.023038260760011794 -0.023831509386533882 0.058816725772777238 0.034619383686099035 0.010463604921219416 0.041314442148730812 -0.050592269114742516 -0.033094145156013048 -0.051081848037920298 0.037669037464959282 0.055204406660861675 0.034769810376349387 0.017179218382694799 0.0094523814292463409 -0.056942850947241989 -0.058557415001443069 0.0073279933726797981 -0.041829156696127787 -0.035497366965124531
leaf_weight=2161.4134209268959 51.107744137116242 145.6253749281168 62.043066979793366 14.989491136628201 1145.0330819227966 337.5744031695649 72.739495022746269 38.166668621473946 296.44617261807434 54.991724119172432 18.916872688336301 35.373177229892462 26.12639399280306 3.3261407278478137 48.198725346941501 36.12610669300193 1626.6483209821163 163.5923360879533 7.5226321431109673 216.00664301071083 9.1407930175191705 49.377734113717452 62.043745935894549 118.31737342849374 80.169201212876942 7.2068869984359472 9.1054226344567706 62.654143906896934 6.8451712416135697 5.1978203579783431
leaf_count=836838 5104 3796 11497 1211 2877 2013 17509 9206 3560 10539 2339 2345 1386 14 195 2709 4901 49856 368 81492 747 156 1260 5305 4962 1559 2145 5730 2408 23
internal_value=0 0.035821 -0.0534083 0.00381081 0.0403026 0.0357498 -0.0277284 -0.00695207 0.020592 -0.00155271 0.00549767 -0.00625783 0.0109916 -0.0369243 0.0496293 -0.0209615 0.0395245 -0.043098 0.0254778 -0.0577592 -0.0473119 0.0366829 0.0248108 0.00609317 -0.00389847 -0.000747038 -0.0140028 -0.00103207 0.003628 0.0310304
internal_weight=0 4173.11 2798.91 512.497 3660.62 2459.86 405.508 386.086 490.441 347.919 193.995 169.176 171.752 22.243 1200.75 98.3247 1969.42 236.332 55.7214 2393.41 231.993 126.411 77.0332 249.594 131.277 43.333 133.803 71.7596 15.986 342.772
internal_count=1074050 63483 1010567 42011 21472 18032 89082 39384 11095 30178 7535 21717 5182 2353 3440 14807 6937 67365 563 921485 84647 2627 2471 15371 10066 4268 19372 7875 3155 2036
is_linear=0
shrinkage=0.05


Tree=15
num_leaves=31
num_cat=0
split_feature=1 1 53 71 42 1 64 114 112 1 1 77 113 102 42 4 112 42 76 86 113 3 61 106 42 113 60 113 108 106
split_gain=4998.19 277.708 105.443 75.2814 72.6607 53.2986 37.6937 25.177 21.7229 21.2641 20.2911 30.2606 18.6908 16.9878 14.869 14.7709 16.4204 14.7393 13.9918 12.5883 11.9784 11.7996 11.6846 10.7143 10.6836 11.7238 10.5111 10.0527 9.88307 9.50457
threshold=0.37969951586789719 0.043984350660107828 7.5000000000000009 6.5000000000000009 1.0000000180025095e-35 0.7740980979447657 2077.3333333350006 0.077111000000000013 0.10747200000000001 0.86620967868038068 0.012339227772512141 0.030463500000000001 0.11803075 1.5000000000000002 1.0000000180025095e-35 2826.5000000000005 0.033014000000000009 764.50000000000011 0.016988000000000003 87.166666666650016 0.14406000000000002 6290.5000000000009 51.500000000000007 7.7750000000000012 51.500000000000007 1.3577120000000003 0.0017535000000000003 0.14183375000000001 0.090877000000000013 5.708333333335001
decision_type=2 2 2 2 2 2 2 2 2 2 2 2 2 2 2 2 2 2 2 2 2 2 2 2 2 2 2 2 2 2
left_child=1 10 4 7 5 12 9 18 19 17 -1 22 -2 -6 -9 -7 29 21 -3 -5 -15 -4 -12 -13 25 -20 28 -23 -14 -17
right_child=2 3 6 8 13 15 -8 14 -10 -11 11 23 26 20 -16 16 -18 -19 24 -21 -22 27 -24 -25 -26 -27 -28 -29 -30 -31
leaf_value=-0.057892294002622594 -0.06717315868686051 -0.055318130174463381 -0.053897290949686719 -0.027653927161281788 0.050185036872215351 0.043095196429644149 -0.060605426819058061 0.003457689941189879 0.055157042905408155 0.028630154526818136 -0.05173738844149052 -0.033619485684591034 0.0027153403828291483 0.021971144526617876 0.042720421014698758 0.018389120920535986 0.047685577453929012 0.048233646332412755 -0.014902238486915185 -0.050169702981898573 0.042625291893688522 -0.056292173982240991 0.0065691982215189491 0.027964931192332676 0.031009694858893079 0.026846014869948916 0.03083472584377266 0.0025445643441043809 0.039716027877696902 0.03219939158473769
leaf_weight=2161.2766139189771 7.4660530439577988 15.823789100802967 12.020196382421998 119.39258223009529 1141.739627830917 472.83936452097259 19.394282717141323 54.813118236139417 6.2312825283734119 105.74612546851858 202.76803995051887 11.424679513089361 157.22902932344005 79.21458555071149 43.054058590263594 148.56586344353855 152.47477755276486 13.481223443639463 149.09556890180102 129.31207968865056 616.73551935364958 7.8229390874039373 8.9727187294629385 18.497260928503238 17.357416881714016 18.954178827931173 62.278019769582897 100.85725914669456 20.387447985587642 771.8544911473291
leaf_count=862486 1019 3674 2143 25701 2811 1488 4431 4223 78 997 72221 3527 6825 904 858 1446 446 261 20227 37227 2676 1187 2073 2228 526 767 1226 6684 193 3497
internal_value=0 -0.0489983 0.0372449 -0.0170871 0.0394449 0.0322842 0.00644291 -7.11924e-05 -0.0370506 0.0118627 -0.0563559 -0.0426154 0.0107351 0.0464318 0.0207303 0.0357327 0.0324879 -0.00135145 -0.0101878 -0.0393608 0.0402744 -0.00688969 -0.0492666 0.00445101 -0.00633614 -0.0101935 0.0131598 -0.00169058 0.00696241 0.0299703
internal_weight=0 2956.97 3890.11 554.034 3630.78 1793.1 259.322 299.098 254.936 239.928 2402.94 241.663 247.361 1837.69 97.8672 1545.73 1072.9 134.182 201.231 248.705 695.95 120.7 211.741 29.9219 185.407 168.05 239.894 108.68 177.616 920.42
internal_count=1074050 1035816 38234 93281 22531 16140 15703 30275 63006 11272 942535 80049 9263 6391 5081 6877 5389 10275 25194 62928 3580 10014 74294 5755 21520 20994 8244 7871 7018 4943
is_linear=0
shrinkage=0.05


Tree=16
num_leaves=31
num_cat=0
split_feature=1 1 1 42 1 86 53 86 57 104 71 113 77 108 114 1 69 114 42 92 114 73 113 1 106 97 100 106 113 113
split_gain=4687 250.209 92.0025 66.9989 63.989 53.9808 53.6508 29.864 25.5019 24.8758 19.7947 17.9349 16.5855 15.6249 15.3814 14.2104 14.0967 13.5556 13.4765 13.4382 17.7049 16.597 12.4219 11.757 10.5175 12.7479 9.73462 10.4572 9.6496 9.2403
threshold=0.15548050853772452 0.53809039466125175 0.021498946223343005 2.5000000000000004 0.86620967868038068 4.7750000000000012 3.5000000000000004 102.16666666650001 1.0000000180025095e-35 728.50000000000011 183.50000000000003 0.18377779166650002 0.033014000000000009 0.058376500000000005 0.053953500000000008 0.94875966535953815 8.5000000000000018 0.10806150000000002 18.500000000000004 0.063933000000000004 0.03925950000000001 6.5000000000000009 0.26828987500000007 0.94875966535953815 26.550000000000004 8979.0000000000018 7.5000000000000009 3.0833333333350006 0.15189900000000003 0.37859400000000004
decision_type=2 2 2 2 2 2 2 2 2 2 2 2 2 2 2 2 2 2 2 2 2 2 2 2 2 2 2 2 2 2
left_child=2 6 -1 4 7 12 8 14 11 18 15 -2 17 -7 16 19 -3 -4 24 20 21 -5 -23 -6 26 -26 27 -8 -10 -12
right_child=1 3 5 10 23 13 9 -9 28 -11 29 -13 -14 -15 -16 -17 -18 -19 -20 -21 -22 22 -24 -25 25 -27 -28 -29 -30 -31
leaf_value=-0.056640765564874351 -0.03167457080652987 0.014348408881071069 -0.025611698805119928 0.03409306393050917 0.029668389713580875 -0.048063527909720329 0.047834903513184236 -0.035843940516758703 -0.015025445539725173 -0.050100184977981743 -0.043793064641438451 0.01070110298879668 0.019533125852366821 -0.0042356290133124712 0.028223978138194678 0.052246911274312538 -0.024266397663302224 0.02279381344260667 0.019455010730408142 0.055260497259830565 0.044691745395055216 -0.042989503932146525 0.016359494447865119 0.039024020660425228 0.024763265378322689 -0.054136544169451822 -0.035048642436228392 -0.028631071744124784 0.046527006751686667 0.026203418501626653
leaf_weight=2191.3704897483403 29.316392300184816 201.43281075044069 84.827294624003116 158.52798768959474 454.22901207872201 239.5241500264965 8.2020980521338078 26.285407222341746 7.1190447196131563 53.153042740799719 8.3981431567808631 168.39005386456847 43.393900797585957 22.222156640782487 225.80862666096073 633.35171890701167 26.776356045040302 17.436352820368484 30.387793413829058 156.49624771252275 421.62739025708288 12.494334842020178 29.952953642292414 1288.0619584047236 23.571289261337373 6.5399067830294362 69.977445498167071 9.8294371372321603 60.30261245672591 10.750496419495901
leaf_count=900271 4137 5598 15984 1288 3254 77200 232 3192 359 13368 1054 8571 3649 3919 2971 820 1691 1042 2795 180 1194 511 313 3212 1530 1426 12195 1038 531 525
internal_value=0 0.0331608 -0.0525844 0.0375641 0.0321305 -0.0307656 -0.00131047 0.0159722 0.0134731 -0.0207468 0.046 0.00441754 -0.00636776 -0.0443426 0.0189721 0.0466845 0.00981764 -0.0173584 -0.0102408 0.0421627 0.0388705 0.026658 -0.00110985 0.0365849 -0.0178804 0.00762687 -0.0266075 0.0061514 0.0400277 -0.00449539
internal_weight=0 4120.98 2598.77 3654.19 2222.59 407.404 466.789 480.303 265.128 201.661 1431.6 197.706 145.658 261.746 454.018 1412.45 228.209 102.264 148.508 779.099 622.603 200.975 42.4473 1742.29 118.12 30.1112 88.009 18.0315 67.4217 19.1486
internal_count=1074050 71985 1002065 25803 19918 101794 46182 13452 13598 32584 5885 12708 20675 81119 10260 4306 7289 17026 19216 3486 3306 2112 824 6466 16421 2956 13465 1270 890 1579
is_linear=0
shrinkage=0.05


Tree=17
num_leaves=31
num_cat=0
split_feature=1 1 1 42 53 114 1 67 114 97 104 86 69 113 113 42 86 113 69 113 77 76 114 79 110 4 4 81 42 97
split_gain=4397.81 239.272 92.4006 64.2068 62.6487 51.9128 49.6982 33.1625 24.0741 24.986 23.0338 18.2927 13.5256 13.8465 12.7329 12.6196 18.4254 11.922 11.5652 10.4737 10.2742 10.2609 9.97961 9.85762 9.80632 9.62909 10.3239 11.649 9.44501 9.53266
threshold=0.15548050853772452 0.60678019017954943 0.021498946223343005 6.5000000000000009 4.5000000000000009 0.038695500000000008 0.86620967868038068 0.030666000000000002 0.015482500000000001 3800.5000000000005 1813.5000000000002 4.2916666666650007 8.5000000000000018 0.47728000000000009 0.30657575000000009 402.50000000000006 7.083333333335001 0.20217766666650003 7.5000000000000009 0.14406000000000002 0.033014000000000009 0.22308250000000004 0.10759950000000001 0.098070500000000019 15.500000000000002 201361.00000000003 20775.500000000004 7.5000000000000009 46.500000000000007 628.50000000000011
decision_type=2 2 2 2 2 2 2 2 2 2 2 2 2 2 2 2 2 2 2 2 2 2 2 2 2 2 2 2 2 2
left_child=2 4 -1 6 7 11 8 14 9 18 25 -4 21 -14 28 16 -5 -10 -3 -18 22 -8 23 -7 -23 26 27 -6 29 -2
right_child=1 3 5 15 10 20 12 -9 17 -11 -12 -13 13 -15 -16 -17 19 -19 -20 -21 -22 24 -24 -25 -26 -27 -28 -29 -30 -31
leaf_value=-0.055986640532930954 0.0010225886228364199 0.01509036539270333 -0.018658769684433727 0.045968998007876266 0.020567414864231106 -0.0044694477288526524 0.038683456872905503 0.047703743964983641 0.0015265737089333155 -0.052672622284680407 -0.058884053187323364 -0.048284599039216551 0.019248656232787008 0.039100316032756759 0.016036241843344994 0.054844926171107304 -0.035141608023941708 0.030623202075197111 -0.023107203599374827 0.02688374150315738 0.027005533010896806 0.027636504926546596 0.014363782959741792 -0.045540975177142978 -0.028505716139718525 -0.029454151471639819 0.011111100676207665 -0.033281299173361145 0.031906849874004738 -0.02988715095792099
leaf_weight=2123.1715942046721 69.128938254667446 137.84644493774977 68.363994858053047 716.43995562428609 13.387393280980175 36.400833031715592 1488.0548853040673 61.431694246362895 40.846045338083059 17.899396386404987 32.953506173391361 219.07755730673671 216.94192591728643 147.60218738135882 174.98160238086712 338.63689594448078 7.4466558699496082 254.91407188191079 23.143345374031924 79.131243568612263 24.764445637352765 30.453877828083932 29.808282432495616 24.403624876780668 10.445885465713216 58.542459621210583 54.245033985760529 40.206950015766779 15.245453787967561 39.025395221076906
leaf_count=900271 5130 3660 12047 1336 819 6584 4882 327 1201 2339 9342 72976 1237 438 6573 619 423 2575 1320 1062 1565 168 2715 5907 212 9372 5274 8320 356 5000
internal_value=0 0.0321705 -0.0518213 0.0370099 0.00179292 -0.0298665 0.0323144 0.01425 0.0178473 0.00336838 -0.0206929 -0.0412385 0.0359409 0.0272865 0.00736244 0.0467499 0.0433361 0.0266048 0.00959921 0.0215489 -0.00153514 0.0380044 -0.0093353 -0.0209533 0.0132977 -0.0131288 -0.00426628 -0.0198304 -0.00493707 -0.0101306
internal_weight=0 4068.95 2525.99 3509.8 559.148 402.819 2368.15 359.813 474.649 178.889 199.335 287.442 1893.5 364.544 298.381 1141.65 803.018 295.76 160.99 86.5779 115.377 1528.95 90.6127 60.8045 40.8998 166.382 107.839 53.5943 123.4 108.154
internal_count=1074050 71985 1002065 21472 50513 101794 18032 17386 11095 7319 33127 85023 6937 1675 17059 3440 2821 3776 4980 1485 16771 5262 15206 12491 380 23785 14413 9139 10486 10130
is_linear=0
shrinkage=0.05


Tree=18
num_leaves=31
num_cat=0
split_feature=1 1 1 57 71 109 42 102 102 1 113 114 64 113 73 86 97 1 114 93 42 114 97 97 42 82 113 112 93 113
split_gain=4141.86 195.088 137.897 98.2961 60.0422 51.7329 50.2042 23.364 22.8307 19.0079 17.5272 14.8958 14.2187 18.8311 18.4379 13.8404 11.6932 11.4582 15.7531 11.2037 11.1733 11.2258 11.2909 11.0514 10.649 9.98586 9.93234 9.73634 8.75721 9.16451
threshold=0.21467259749339032 0.7740980979447657 0.030380062479932603 1.0000000180025095e-35 12.500000000000002 28.500000000000004 1.0000000180025095e-35 6.5000000000000009 7.5000000000000009 0.94875966535953815 0.27349812500000009 0.035669000000000006 1921.5000000000002 0.41852500000000009 1.0000000180025095e-35 7.083333333335001 1291.5000000000002 0.0088049481694041625 0.099189500000000014 0.023359500000000002 542.50000000000011 0.027510500000000004 593.50000000000011 13441.500000000002 4.5000000000000009 16.500000000000004 0.27086400000000005 0.023543000000000005 0.053301500000000009 0.1948835833335
decision_type=2 2 2 2 2 2 2 2 2 2 2 2 2 2 2 2 2 2 2 2 2 2 2 2 2 2 2 2 2 2
left_child=2 3 17 4 10 7 9 24 -5 26 16 25 13 -6 -15 -8 -2 -1 -19 -9 21 22 -17 -12 28 -10 27 -3 29 -4
right_child=1 6 5 8 12 -7 15 19 11 -11 23 -13 -14 14 -16 20 -18 18 -20 -21 -22 -23 -24 -25 -26 -27 -28 -29 -30 -31
leaf_value=-0.056255684036666642 0.00077591468288006808 0.0064907154330857229 -0.035431102704277261 0.048385721921383955 -0.039405229461477689 -0.043014178024609537 0.04676310374785906 -0.036442651144030218 -0.017853416166131938 0.035834150877408398 0.017802209502270919 0.036015003317240245 -0.059321658710913161 -0.036227834327332689 0.017177637026861273 0.043804274814553339 -0.043179118176686654 -0.047797005552645336 0.0047674267881688166 0.00047081363116360054 0.051488165967212764 0.034760124786256508 -0.01032968615094694 -0.050676067811028763 0.035172525092741297 0.050374545756803273 0.028425908840216604 0.038332402396817698 -0.044600855118161122 0.0099212630142435192
leaf_weight=1902.736402227456 134.95965233480092 115.62453641009051 12.877797813329378 168.40492928802269 61.284583410422783 191.50945448054699 1259.6890203037765 72.415550432924647 32.043726195697673 1043.6007476774976 310.6603085056995 44.634354468202218 26.356823653506581 24.901439484907314 46.045968842168804 13.612517869099973 17.041154380945954 194.40011326724198 15.381314691272562 28.703388064808678 59.818380096694455 110.75419597933069 32.9424742332194 6.0057786860852493 25.290201337717008 6.4408686477690926 384.04554912948515 30.298194231465459 10.361557981232179 82.501697181840427
leaf_count=836838 8277 2182 2969 1343 9909 60022 2466 16364 2693 2740 8355 475 7162 3031 2749 82 1989 81492 3155 3143 114 494 1117 590 1141 60 3194 217 1640 8047
internal_value=0 0.0321523 -0.0498118 0.0113949 0.000805665 -0.0237773 0.0381322 -0.00790811 0.0378026 0.0319181 0.00980437 0.0163606 -0.0257876 -0.0191035 -0.00156685 0.0447535 -0.00415198 -0.055033 -0.0439429 -0.0259645 0.0330947 0.0261004 0.0054989 0.0165035 0.00602629 -0.00643463 0.0242066 0.0131021 -0.000944646 0.00379795
internal_weight=0 3929.17 2536.18 878.78 627.256 423.66 3050.39 232.15 251.524 1573.57 468.667 83.1189 158.589 132.232 70.9474 1476.82 152.001 2112.52 209.781 101.119 217.128 157.309 46.555 316.666 131.031 38.4846 529.968 145.923 105.741 95.3795
internal_count=1074050 59239 1014811 46633 42062 93326 12606 33304 4571 8333 19211 3228 22851 15689 5780 4273 10266 921485 84647 19507 1807 1693 1199 8945 13797 2753 5593 2399 12656 11016
is_linear=0
shrinkage=0.05


Tree=19
num_leaves=31
num_cat=0
split_feature=1 1 1 42 112 86 1 97 113 109 77 109 67 86 114 112 42 4 112 109 113 109 113 1 97 113 97 113 96 104
split_gain=3890.65 227.524 93.8351 63.5868 57.3538 55.0046 45.3626 35.8606 20.5071 20.2285 17.6136 17.0038 15.2001 15.6274 13.0954 12.5666 11.9751 11.3703 16.0366 12.6943 11.3026 11.1483 10.8778 10.4504 10.271 10.0119 26.4713 9.6663 9.55312 9.28401
threshold=0.15548050853772452 0.60678019017954943 0.012339227772512141 2.5000000000000004 0.023358 4.2916666666650007 0.86620967868038068 10300.500000000002 0.55448950000000008 48.500000000000007 0.027459500000000005 36.500000000000007 0.086694000000000007 6.2916666666650007 0.045941500000000003 0.031215500000000004 44.500000000000007 21926.000000000004 0.016612500000000006 59.500000000000007 0.13683550000000003 394.50000000000006 0.29254737500000005 0.043984350660107828 1808.5000000000002 1.0559255000000001 2889.5000000000005 0.36705525000000006 0.05707700000000001 11.500000000000002
decision_type=2 2 2 2 2 2 2 2 2 2 2 2 2 2 2 2 2 2 2 2 2 2 2 2 2 2 2 2 2 2
left_child=2 4 -1 6 7 10 9 8 11 15 23 29 13 27 25 -3 20 22 19 -19 -6 -15 -8 -4 -11 -7 -27 -5 -12 -2
right_child=1 3 5 12 16 14 17 -9 -10 24 28 -13 -14 21 -16 -17 -18 18 -20 -21 -22 -23 -24 -25 -26 26 -28 -29 -30 -31
leaf_value=-0.055495227035327159 -0.024188576397797441 0.014812399628934318 -0.041776941996128837 0.037944659899330935 -0.051315071516484762 -0.050816347847457345 0.027429889926541287 -0.053764376954413454 0.01428761917893823 -0.00082865309590613497 0.024671444350399457 -0.030147456410679896 0.056427686072644194 0.030920776068836687 -0.018996531516071516 0.039526501264738043 0.049381245029946147 0.025906619941339956 0.042629126439411483 -0.022011204102027157 0.02296862190522965 -0.035591682180738424 0.039999125205949858 -0.0072638090012410519 -0.05176031391589108 0.03039679116802442 -0.049627260284777069 0.048462453655237901 -0.049875969003694856 0.0028770473063480639
leaf_weight=1895.7264913079853 40.14390887733316 301.01224372617435 32.004012883320684 360.67310579167679 5.476151762995868 233.28934907997609 224.77185415988788 39.136933577305172 113.79332313186023 34.882558041368611 46.616733864444541 81.239472662447952 204.19966369867325 187.21733346418478 51.216330221941462 62.036690119188279 48.229687575716525 538.10559777030721 160.53996296040714 14.185834878357126 78.891372878104448 6.5194117777282363 735.00520178582519 69.702092976658605 13.820480401511302 14.631527910707517 35.185305435676128 553.9785677595064 4.7339572337223208 150.34560828271788
leaf_count=862486 3704 6157 10980 1035 752 89353 1213 9817 6224 1521 3913 16420 200 1770 12328 528 247 2481 423 251 2489 885 2098 8762 1956 1946 11165 954 1132 10860
internal_value=0 0.0304138 -0.0504645 0.0352716 0.00080158 -0.0308971 0.029843 -0.00816178 -0.00353235 0.0149764 -0.00607187 -0.0109949 0.043892 0.0415826 -0.0422623 0.0190355 0.0295079 0.0335027 0.0287192 0.0246758 0.018147 0.0286826 0.0370555 -0.0181241 -0.0152816 -0.0464713 -0.0261237 0.044315 0.017799 -0.00282678
internal_weight=0 3954.2 2383.11 3396.95 557.256 487.379 2084.36 424.659 385.522 411.752 153.057 271.729 1312.59 1108.39 334.323 363.049 132.597 1672.61 712.831 552.291 84.3675 193.737 959.777 101.706 48.703 283.106 49.8168 914.652 51.3507 190.49
internal_count=1074050 71985 1002065 21472 50513 139579 16628 47025 37208 10162 24787 30984 4844 4644 114792 6685 3488 6466 3155 2732 3241 2655 3311 19742 3477 102464 13111 1989 5045 14564
is_linear=0
shrinkage=0.05


Tree=20
num_leaves=31
num_cat=0
split_feature=1 1 1 53 42 42 114 1 114 102 97 113 81 114 96 106 66 1 114 93 1 85 113 97 64 74 86 3 100 1
split_gain=3673.8 194.362 118.346 67.2423 55.2717 45.167 39.513 37.7516 21.9569 19.1937 16.3941 16.6935 14.8909 14.1582 12.3327 12.195 11.8696 11.7605 14.0273 11.1477 11.1017 10.2722 10.2444 15.326 9.8686 9.65324 9.58653 8.85862 8.34972 8.30102
threshold=0.19204907757119541 0.68981449621504665 0.030380062479932603 6.5000000000000009 5.5000000000000009 38.500000000000007 0.041157000000000006 0.94875966535953815 0.042338000000000008 6.5000000000000009 2302.5000000000005 0.41852500000000009 2182.5000000000005 0.092087500000000003 0.04424200000000001 25.100000000000005 1.0000000180025095e-35 0.0088049481694041625 0.099189500000000014 0.10649100000000002 0.86620967868038068 7.5000000000000009 0.23402366666650001 104.50000000000001 133.10000000000002 1.5000000000000002 3.2916666666650003 647.50000000000011 6.5000000000000009 0.86620967868038068
decision_type=2 2 2 2 2 2 2 2 2 2 2 2 2 2 2 2 2 2 2 2 2 2 2 2 2 2 2 2 2 2
left_child=2 3 17 5 7 13 9 8 12 26 11 -5 22 25 -8 19 24 -1 -19 21 -18 -10 23 -3 -6 27 -4 -2 -20 -26
right_child=1 4 6 10 16 -7 14 -9 15 -11 -12 -13 -14 -15 -16 -17 20 18 28 -21 -22 -23 -24 -25 29 -27 -28 -29 -30 -31
leaf_value=-0.055306205321359742 -0.059836341876498972 0.047712380946865682 0.0067077928094733067 -0.027172558713460884 0.047429558196036781 0.043240883579852271 0.010687865386535463 0.036053879441111165 0.031356142371290106 -0.043745472528281364 -0.04300988766216042 0.013305116428231487 -0.055930418372368951 0.024167949496619164 -0.026711847434913994 0.04584369394679054 -0.042832263440911955 -0.046333593607445468 0.03428283394068489 -0.0396237125065316 0.029505398035041121 0.013195404359406771 0.019595811657248143 -0.0089155782783660077 0.0060421580095643699 0.050288995555871824 -0.027165594602840838 0.001267272738504147 -0.040751611088207844 0.039495791124883002
leaf_weight=1776.7384408729849 6.0565320430323473 14.166109666228293 31.452367735037114 60.755445648974273 908.39346140436828 108.5729300477542 84.430783499905374 1287.1686065997928 294.50820955401286 178.25084090183373 59.870388826238923 43.859865692211315 7.7065567928948431 90.568658788921311 29.830589771445375 89.983793099410832 6.0961618130095294 184.98771441058489 9.0244982647127454 6.4662027265876523 40.814172611106187 105.84935640986077 248.83227515942417 76.320049348752946 25.503433283302002 9.8659515271428955 62.182655272481497 287.56851576565532 6.292942339059663 67.945539818145335
leaf_count=836838 872 108 3203 10488 1717 843 8790 3378 2114 55452 14009 2370 969 2160 5064 367 257 81492 747 37 196 1186 3501 2390 462 49 16573 15783 2408 227
internal_value=0 0.0301422 -0.0490664 0.00560543 0.0352901 0.0146863 -0.0237484 0.0306655 0.0224462 -0.034117 -0.0221438 -0.0102023 0.0127959 0.00681885 0.0009238 0.029187 0.0446869 -0.0540114 -0.0425262 0.0255028 0.0201049 0.0265547 0.0143568 -5.01574e-05 0.0458379 0.00164148 -0.0157874 6.90343e-06 0.00345605 0.0303659
internal_weight=0 3846.87 2363.19 667.118 3179.75 502.633 386.147 2131 843.833 271.886 164.486 104.615 347.025 394.06 114.261 496.808 1048.75 1977.04 200.305 406.824 46.9103 400.358 339.318 90.4862 1001.84 303.491 93.635 293.625 15.3174 93.449
internal_count=1074050 63483 1010567 46574 16909 19707 89082 14050 10672 75228 26867 12858 6968 18864 13854 3704 2859 921485 84647 3337 453 3300 5999 2498 2406 16704 19776 16655 3155 689
is_linear=0
shrinkage=0.05


Tree=21
num_leaves=31
num_cat=0
split_feature=1 1 1 42 77 86 1 97 109 113 86 42 86 77 67 112 110 97 106 42 3 112 113 113 113 48 0 106 97 93
split_gain=3459.68 212.479 92.9182 64.6798 53.1812 51.465 42.9528 31.4596 18.6386 17.3583 20.4436 16.2569 23.8366 15.9492 12.3519 12.2508 12.1488 11.262 11.228 10.7932 10.7843 12.8457 10.7448 10.492 10.1179 9.35473 9.8518 9.16813 8.68003 8.65097
threshold=0.15548050853772452 0.60678019017954943 0.012339227772512141 2.5000000000000004 0.029255500000000004 4.2916666666650007 0.86620967868038068 10300.500000000002 48.500000000000007 0.36361112500000009 20.100000000000005 402.50000000000006 7.083333333335001 0.027459500000000005 0.047535500000000001 0.031215500000000004 8.5000000000000018 7592.5000000000009 8.0833333333350019 22.500000000000004 68784.500000000015 0.053537000000000008 0.14406000000000002 0.1948835833335 0.27648950000000005 1.0000000180025095e-35 0.09822400000000002 6.3666666666650009 1808.5000000000002 0.0017535000000000003
decision_type=2 2 2 2 2 2 2 2 2 2 2 2 2 2 2 2 2 2 2 2 2 2 2 2 2 2 2 2 2 2
left_child=2 4 -1 6 7 13 8 9 15 10 19 12 23 24 18 29 25 22 -6 -2 -8 27 -14 -5 -4 26 -7 -22 -10 -3
right_child=1 3 5 11 14 16 20 -9 28 -11 -12 -13 17 -15 -16 -17 -18 -19 -20 -21 21 -23 -24 -25 -26 -27 -28 -29 -30 -31
leaf_value=-0.054618043996506965 -0.010795003948464273 0.0019828052210135467 -0.038352466201459136 0.027721425654008532 -0.0061169698933590706 -0.035955816081142837 0.035979229075650043 -0.052205721785262262 -0.002678528843492952 0.0070317979207999677 -0.042425338713558865 0.052117654417086136 -0.033158177479700929 0.016895616608602945 0.048705259662319561 0.037881327192887226 -0.047529765609518278 -0.068456430643829752 0.032537268896395813 0.025946109260868985 0.015553129399010235 0.047475803523490297 0.025073355326738989 0.044328322682623933 -0.0054054041813707751 0.01204969757428659 0.053568527022436391 0.028767266005662009 -0.050400991690591868 0.019738852807171206
leaf_weight=1768.9846241236082 133.69666121836053 108.34406141744694 36.473218900500797 109.76999138388783 32.222367679700255 82.041649653605418 777.04640512354672 37.149658261652803 34.466259614797309 185.5129149184213 48.535184637672501 326.79593930975534 8.6050078707630728 51.464076207776088 48.041562366066501 60.740319659700617 222.11486205874826 3.6830265837488687 45.054783024243079 23.502602230466437 167.72087051579729 75.720653312280774 99.768718491657637 712.07683889986947 64.528084572899388 13.601479868986642 3.1926668859086922 603.86655082181096 13.168872153502887 186.99242986552417
leaf_count=862486 13164 3421 10109 436 2170 28100 2715 9828 1521 11260 12305 619 516 5045 173 528 83726 502 844 769 1202 184 1291 1480 9633 2834 132 2365 1956 2736
internal_value=0 0.0288013 -0.0493527 0.0336258 0.000146684 -0.0296782 0.0280974 -0.00823421 0.0135015 -0.00405904 -0.0140598 0.0425193 0.0391606 -0.00575948 0.0287964 0.017431 -0.0410406 0.0175276 0.0164196 -0.0053019 0.031725 0.0278235 0.0204497 0.0421102 -0.0173031 -0.0264576 -0.0326025 0.0258949 -0.0158715 0.0132251
internal_weight=0 3842.48 2242.4 3288.77 553.716 473.416 2028.07 428.397 403.712 391.247 205.734 1260.7 933.904 152.465 125.319 356.077 320.951 112.057 77.2772 157.199 1624.35 847.308 108.374 821.847 101.001 98.8358 85.2343 771.587 47.6351 295.336
internal_count=1074050 71985 1002065 21472 50513 139579 16628 47326 10162 37498 26238 4844 4225 24787 3187 6685 114792 2309 3014 13933 6466 3751 1807 1916 19742 31066 28232 3567 3477 6157
is_linear=0
shrinkage=0.05


Tree=22
num_leaves=31
num_cat=0
split_feature=1 1 57 1 42 71 86 102 113 1 64 113 86 77 114 67 73 97 1 0 73 108 86 114 106 110 113 97 42 113
split_gain=3259.62 208.301 95.7713 92.7316 52.2737 49.6526 48.7464 21.9435 18.8407 16.3985 15.4175 18.9194 15.1131 15.0527 13.4132 12.3098 12.3039 11.4147 10.5771 10.1235 10.1142 9.87349 9.77073 12.5909 9.72781 9.34995 9.3112 23.6558 8.473 8.45875
threshold=0.15548050853772452 0.7740980979447657 1.0000000180025095e-35 0.012339227772512141 1.0000000180025095e-35 12.500000000000002 4.7750000000000012 7.5000000000000009 0.27349812500000009 0.94875966535953815 1921.5000000000002 0.37110075000000003 2.9166666666650003 0.027459500000000005 0.04037000000000001 0.065620000000000026 1.0000000180025095e-35 987.50000000000011 0.043984350660107828 0.09822400000000002 33.500000000000007 0.046914000000000004 4.2916666666650007 0.062361500000000007 146.16666666650005 12.500000000000002 1.0559255000000001 2889.5000000000005 1.0000000180025095e-35 0.55448950000000008
decision_type=2 2 2 2 2 2 2 2 2 2 2 2 2 2 2 2 2 2 2 2 2 2 2 2 2 2 2 2 2 2
left_child=3 2 5 -1 9 8 13 -4 17 22 11 -7 -6 18 -9 20 25 28 -5 -11 -14 26 -3 -24 29 -13 -8 -28 -2 -10
right_child=1 4 7 6 12 10 21 14 24 19 -12 16 15 -15 -16 -17 -18 -19 -20 -21 -22 -23 23 -25 -26 -27 27 -29 -30 -31
leaf_value=-0.05422090308930573 -0.0087547293052022464 0.026935397271038875 0.044446917651169003 -0.041017658459005797 0.04737227958894831 -0.038770382693645716 -0.048775329950008536 -0.0065834527036115094 0.0061019051368432116 0.032547575860496662 -0.057636336235262368 0.011243405505062885 0.035558439233071455 0.014034268226336383 0.033486808513767431 0.055033922046230657 0.011050720873547545 -0.034402184814289243 -0.0076552964760192551 -0.014909444405882872 -0.0022862788472542903 -0.016152296706146759 0.0013526081912959163 0.025499508626734026 -0.048593735516303603 -0.047691829405234705 0.028469032183872773 -0.048135340762807455 0.020119329704886002 0.022079305988531528
leaf_weight=1706.6498638578632 99.937705955642741 288.92102805967443 166.95029359581531 34.32507773587713 641.74487760849297 64.114381021878216 217.48482970590703 42.598424194089603 170.84580182237551 972.83657359541394 29.657682676130207 10.001484697742855 621.09115743858274 55.019181954237865 40.971947017475031 82.237871591001749 55.796842268202454 32.603333843115252 77.163304072106257 11.368788857012985 18.171340508153662 34.986271485715406 113.04354761727154 103.33305356046185 6.3567806596111032 20.572488786070608 14.652603459748205 32.279303647141205 34.068949800857808 160.81284353992669
leaf_count=862486 7887 2362 1679 12483 1069 12243 89883 3719 6645 2691 9171 740 2851 5641 478 86 4077 3813 9998 49 267 8523 2397 834 736 3291 1941 11110 1177 3723
internal_value=0 0.0280019 0.00752486 -0.0488236 0.0347154 -0.00215267 -0.029053 0.0339772 0.00589172 0.0282403 -0.024687 -0.0181934 0.0417902 -0.00736596 0.0130617 0.0368252 -0.00291874 -0.00786933 -0.0179269 0.0319994 0.0344827 -0.0411139 0.0209185 0.0128842 0.0126746 -0.0284127 -0.0444167 -0.0242187 -0.00141398 0.0138489
internal_weight=0 3788.04 935.289 2172.56 2852.75 684.768 465.911 250.521 504.625 1489.5 180.143 150.485 1363.25 166.508 83.5704 721.5 86.3708 166.61 111.488 984.205 639.262 299.403 505.298 216.377 338.015 30.574 264.417 46.9319 134.007 331.659
internal_count=1074050 71985 59379 1002065 12606 53503 139579 5876 23981 8333 29522 20351 4273 28122 4197 3204 8108 12877 22481 2740 3118 111457 5593 3231 11104 4031 102934 13051 9064 10368
is_linear=0
shrinkage=0.05


Tree=23
num_leaves=31
num_cat=0
split_feature=1 1 1 42 42 86 53 1 113 114 40 1 42 113 97 73 77 97 113 3 108 64 65 69 96 113 1 97 112 97
split_gain=3071.59 200.695 90.082 61.3747 57.7721 44.5782 39.0418 30.1603 17.7623 17.5344 17.1699 15.6328 14.2306 14.2266 12.9041 12.7893 12.6897 12.2495 14.7755 11.9141 11.886 11.4193 9.7027 9.60796 9.89821 8.64406 8.639 8.41131 8.34734 9.99909
threshold=0.15548050853772452 0.68981449621504665 0.012339227772512141 40.500000000000007 2.5000000000000004 4.2916666666650007 7.5000000000000009 0.94875966535953815 0.27086400000000005 0.092087500000000003 97.500000000000014 0.94875966535953815 147.50000000000003 0.1948835833335 18470.500000000004 10.500000000000002 0.027459500000000005 3565.5000000000005 0.41852500000000009 5542.5000000000009 0.035623500000000009 8.3666666666650027 1.0000000180025095e-35 7.5000000000000009 0.04424200000000001 0.27648950000000005 0.42569895731548962 1658.5000000000002 0.029091500000000003 1404.5000000000002
decision_type=2 2 2 2 2 2 2 2 2 2 2 2 2 2 2 2 2 2 2 2 2 2 2 2 2 2 2 2 2 2
left_child=2 3 -1 6 7 16 9 8 15 23 22 12 13 19 -10 -3 25 18 -8 -6 -7 -15 -5 26 -25 -4 -2 -18 29 -9
right_child=1 4 5 10 11 20 17 28 14 -11 -12 -13 -14 21 -16 -17 27 -19 -20 -21 -22 -23 -24 24 -26 -27 -28 -29 -30 -31
leaf_value=-0.053848713563963146 -0.0076827182780081276 0.010953949189062874 -0.036786455496836831 0.026697466333698624 -0.066234139813704476 -0.04427103382005082 -0.034433053426682923 0.027603234111325092 0.02509858522730812 0.022085729555675993 -0.037281864184795781 0.047923003399934494 0.045876846452842568 0.0417287848992881 -0.050820478311970452 -0.031557827129295092 0.0010046387379957363 -0.047215086426990911 0.0047161821265850916 0.014325220178109374 -0.018169958314599385 0.02208338339105306 0.055042977091078631 -0.037647093354087779 0.0013622029035877416 -0.0060667100166268816 0.01053713911931025 0.045970675962511975 0.0446009678248191 0.038144280403975543
leaf_weight=1642.5071718281833 118.23304991063196 181.77019958465826 35.664406051597325 73.463766826316714 5.0271179592236868 252.51082688951283 51.819304842938436 708.17441074829549 519.83153516822495 99.047981241892558 7.9853993721771976 533.95124999107793 233.07103872438893 195.87608273420483 5.6580457682139231 19.599292206927203 37.77525401575258 47.531551828957163 45.057057942991378 52.728113797144033 52.7247880238574 118.85473689471837 51.252277139108628 34.199855375569314 31.002854937687516 63.978566063044127 144.66376805398613 14.351054047467185 125.56952391006052 329.72092515579425
leaf_count=862486 9713 3591 10109 1849 364 101478 11309 2109 4898 2559 2341 863 568 526 716 754 4530 12931 3226 395 13314 1022 160 4018 1979 9633 4991 515 271 832
internal_value=0 0.0272051 -0.0483856 0.00316206 0.0327937 -0.028751 -0.0039502 0.0274331 0.0194427 0.00364803 0.0337951 0.0416863 0.0361871 0.030124 0.0242812 0.00681628 -0.00660495 -0.0264252 -0.0162248 0.00731319 -0.0397625 0.0343099 0.0383461 -0.00191802 -0.0190988 -0.017062 0.00234309 0.0133844 0.032425 0.0309519
internal_weight=0 3734.09 2099.51 704.257 3029.83 457.005 571.555 1890.32 726.859 427.148 132.701 1139.51 605.557 372.486 525.49 201.369 151.769 144.408 96.8764 57.7552 305.236 314.731 124.716 328.1 65.2027 99.643 262.897 52.1263 1163.46 1037.9
internal_count=1074050 71985 1002065 55076 16909 139579 50726 13171 9959 23260 4350 3738 2875 2307 5614 4345 24787 27466 14535 759 114792 1548 2009 20701 5997 19742 14704 5045 3212 2941
is_linear=0
shrinkage=0.05


Tree=24
num_leaves=31
num_cat=0
split_feature=1 1 1 42 42 86 114 1 64 114 40 113 42 86 71 77 113 106 110 102 77 66 81 106 102 106 42 106 40 114
split_gain=2905.09 196.086 91.5402 59.1367 58.2333 43.2833 36.7717 30.8545 22.64 20.9552 15.8401 15.4344 14.4101 12.9163 12.5515 12.345 12.7592 10.4578 10.2394 9.78578 9.73759 9.48727 9.48275 9.08665 11.4538 10.7564 9.07449 9.1801 8.98811 8.96836
threshold=0.15548050853772452 0.68981449621504665 0.012339227772512141 40.500000000000007 5.5000000000000009 4.7750000000000012 0.045941500000000003 0.94875966535953815 1921.5000000000002 0.049373500000000008 50.500000000000007 0.13683550000000003 2.5000000000000004 4.2916666666650007 3.5000000000000004 0.060070000000000005 0.35314050000000002 25.100000000000005 8.5000000000000018 11.500000000000002 0.055653500000000009 1.0000000180025095e-35 2182.5000000000005 22.900000000000002 15.500000000000002 16.366666666650001 1.0000000180025095e-35 11.366666666650003 2.5000000000000004 0.033257500000000002
decision_type=2 2 2 2 2 2 2 2 2 2 2 2 2 2 2 2 2 2 2 2 2 2 2 2 2 2 2 2 2 2
left_child=2 3 -1 6 7 12 8 9 11 13 19 -2 -4 -3 21 16 29 20 -7 -5 -11 -13 -15 24 -9 -26 27 -8 -27 -6
right_child=1 4 5 10 15 18 26 23 -10 17 -12 14 -14 22 -16 -17 -18 -19 -20 -21 -22 -23 -24 -25 25 28 -28 -29 -30 -31
leaf_value=-0.053531876766234568 -0.041811114097863228 0.019877910945640617 -0.015074794504378359 0.047371495432724134 0.017260253693816615 -0.025479553805308149 -0.007112304837033079 0.032780181919621586 -0.05726757115398963 0.020103824849949742 -0.025396966340063994 0.010633837574513198 0.021776255201216704 0.0030590227781181461 -0.0163384289207778 0.051739508114089207 0.044281639593868716 0.043223741828797679 -0.046074845921521078 0.016136997670034289 0.044083243335823252 -0.026146600036526385 -0.061251823559141709 0.040468095901960432 0.023261832029906407 -0.052449729129271566 0.025780538551293499 0.018294695236067929 0.013282654162362571 0.036655367360890145
leaf_weight=1586.0823015652422 35.189289595233276 184.77019863435999 132.96540174254915 84.972330698103178 87.426969951251522 86.650803824159084 78.533818804367911 759.17785985884257 28.247379759966861 313.0834305511089 10.673395484132923 109.25940158468438 33.139931203622837 166.10958541883156 154.69371857735678 254.8976408848539 429.35878712707199 80.969622833654284 198.8315264536941 35.575183165143244 48.956528631504625 20.883842333685607 5.9368590245721853 269.1908705169335 164.72758349124342 9.0043398682028073 75.75501357979374 64.96298147412017 12.310785986483095 187.2813882487826
leaf_count=862486 6291 2231 25402 530 956 29661 5026 2240 9064 2924 2636 4984 2720 4066 19922 333 1057 340 81796 1184 164 1778 947 560 509 37 1849 1812 32 513
internal_value=0 0.0265684 -0.0478771 0.00273431 0.0321697 -0.0280161 -0.00426004 0.0273415 -0.0143583 0.0197161 0.0329846 -0.0105709 -0.00772258 0.0106983 -0.00671137 0.0423111 0.0388977 0.0269794 -0.0398237 0.0381538 0.0233464 0.00473175 0.000839829 0.0323636 0.0300555 0.0189371 0.0117806 0.00438979 -0.0144853 0.0304828
internal_weight=0 3671.95 2037.67 698.746 2973.2 451.588 567.525 2014.24 348.274 799.826 131.221 320.026 166.105 356.817 284.837 958.965 704.067 443.01 285.482 120.548 362.04 130.143 172.046 1214.41 945.221 186.043 219.252 143.497 21.3151 274.708
internal_count=1074050 71985 1002065 55076 16909 139579 50726 14050 42039 10672 4350 32975 28122 7244 26684 2859 2526 3428 111457 1714 3088 6762 5013 3378 2818 578 8687 6838 69 1469
is_linear=0
shrinkage=0.05


Tree=25
num_leaves=31
num_cat=0
split_feature=1 1 1 42 114 42 71 86 77 42 85 114 76 106 53 1 42 4 114 97 4 113 73 113 113 77 4 113 110 100
split_gain=2744.48 219.995 82.0814 66.1226 49.9976 45.5362 34.0988 29.9434 20.3247 16.7308 15.3765 14.0251 13.971 13.1241 12.7097 11.4733 11.372 11.1604 11.0513 11.0036 10.8687 10.2052 10.2001 10.0836 9.56347 9.30055 9.71473 9.2859 9.15869 9.1233
threshold=0.37969951586789719 0.028320096788767648 0.86620967868038068 31.500000000000004 0.077111000000000013 1.0000000180025095e-35 12.500000000000002 87.166666666650016 0.031041000000000003 1.0000000180025095e-35 9.5000000000000018 0.054116500000000005 0.012067000000000003 6.083333333335001 2.5000000000000004 0.0088049481694041625 51.500000000000007 1841617.5000000002 0.099189500000000014 1761.5000000000002 2826.5000000000005 0.17419312500000003 31.500000000000004 0.34948666666650008 0.15189900000000003 0.017245000000000003 177674.50000000003 0.6936824166665001 4.5000000000000009 6.5000000000000009
decision_type=2 2 2 2 2 2 2 2 2 2 2 2 2 2 2 2 2 2 2 2 2 2 2 2 2 2 2 2 2 2
left_child=1 15 3 6 7 13 8 12 11 -6 -7 -2 -3 25 -5 -1 23 -16 -17 27 29 -22 -12 -14 -18 26 -4 -8 -21 -15
right_child=2 4 5 14 9 10 19 -9 -10 -11 22 -13 16 20 17 18 24 -19 -20 28 21 -23 -24 -25 -26 -27 -28 -29 -30 -31
leaf_value=-0.053575010230969278 0.00039629623294716484 -0.054099336722017867 0.018925599659876717 0.044354137529298322 -0.0033483308892314034 0.042820507707959969 -0.011830408454412543 -0.044914707703162825 0.031325430608922337 0.03454828185170377 0.022082572324519344 0.017764091373532635 -0.025760451111630386 0.047942316273257929 0.02461934381186414 -0.043584463553759063 -0.061368646053308766 -0.055635091963430174 0.0034812688595350231 0.01481838112237558 -0.0083669004656966618 0.027361773891364162 -0.064549329250088161 -0.0073684707706995591 0.024376216909301019 0.035910198242145606 -0.0060487698920380605 0.028824588982648627 -0.043293980302193211 0.030917377706708223
leaf_weight=1478.4271221282397 232.16539917115006 23.21744572519674 142.77791464794427 199.73820504639298 72.643239170749439 1021.9965192023665 66.372359063418116 126.94439485541079 131.96308589098044 48.615336873481283 57.158776188502088 232.7953111511888 156.44513797402033 125.47000839188695 59.500073625473306 154.20220381693798 3.6773092004586969 4.6720999871613449 13.569784688123034 8.1880636610439961 20.610434534959495 659.69413158833049 3.6124834846705189 142.31935039602104 28.111227848363342 51.92397768702358 53.540394920390099 17.815507911844179 39.429924810363445 211.05846501374617
leaf_count=836838 8704 7304 1015 597 7077 2358 4880 46700 1360 1576 360 3980 34131 264 1592 77437 980 287 2991 988 162 2668 61 18745 2037 229 548 449 7096 636
internal_value=0 -0.0427106 0.0287446 0.0166908 -0.0168456 0.0338408 0.00892481 -0.0240827 0.0140072 0.0118453 0.0413675 0.00909196 -0.0166075 0.0273988 0.0381347 -0.0521689 -0.0139742 0.0187764 -0.0397777 -0.0140922 0.0299151 0.0262793 0.0169328 -0.0169993 0.0144572 0.0170918 0.0121145 -0.00322716 -0.0333014 0.0372649
internal_weight=0 2248.17 3340.48 992.64 601.973 2347.84 728.73 480.715 596.924 121.259 1082.77 464.961 353.77 1265.08 263.91 1646.2 330.553 64.1722 167.772 131.806 1016.83 680.305 60.7713 298.764 31.7885 248.242 196.318 84.1879 47.618 336.528
internal_count=1074050 1035816 38234 29933 118550 8301 27457 109897 14044 8653 2779 12684 63197 5522 2476 917266 55893 1879 80428 13413 3730 2830 421 52876 3017 1792 1563 5329 8084 900
is_linear=0
shrinkage=0.05


Tree=26
num_leaves=31
num_cat=0
split_feature=1 1 1 92 71 42 114 1 114 42 112 64 86 113 97 1 42 42 113 100 76 113 73 97 85 100 112 113 69 114
split_gain=2594.68 215.22 83.3095 56.2134 47.5828 47.4383 29.7599 20.0098 18.2582 16.8814 16.7014 15.7957 14.7286 14.0149 11.7662 11.4057 11.3071 10.7784 10.419 10.2209 9.75765 10.16 9.40884 9.27363 10.5976 9.1478 9.06227 9.59421 8.766 8.73514
threshold=0.37969951586789719 0.028320096788767648 0.7740980979447657 0.019188000000000004 6.5000000000000009 5.5000000000000009 0.030984500000000002 0.94875966535953815 0.086234500000000006 2.5000000000000004 0.10747200000000001 1420.5000000000002 11.900000000000002 0.39199979166650006 997.50000000000011 0.0088049481694041625 1368.0000000000002 1.0000000180025095e-35 0.49088075000000003 6.5000000000000009 0.016988000000000003 1.9551290000000001 8.5000000000000018 1257.5000000000002 8.5000000000000018 236.50000000000003 0.067008500000000012 0.36705525000000006 7.5000000000000009 0.099189500000000014
decision_type=2 2 2 2 2 2 2 2 2 2 2 2 2 2 2 2 2 2 2 2 2 2 2 2 2 2 2 2 2 2
left_child=1 15 3 6 8 7 11 12 16 28 25 13 18 14 -2 -1 20 -10 22 29 -3 -22 -4 24 -9 -6 27 -7 -8 -17
right_child=2 4 5 -5 10 26 9 23 17 -11 -12 -13 -14 -15 -16 19 -18 -19 -20 -21 21 -23 -24 -25 -26 -27 -28 -29 -30 -31
leaf_value=-0.05330475057584342 -0.0063102801856586262 -0.049404354129612894 0.020819193254497867 0.044208861251363529 -0.0276039766666295 0.031889736749407253 0.01309890844906716 0.031183571407843943 0.0013288779339127334 0.033256663350692828 0.050431934366838509 -0.052099044311448239 0.00010019261853202533 0.0084828382202142422 -0.041438332920157812 -0.02944227734369614 0.039754186059496391 0.036712255919701946 0.030850022679917568 -0.045478583509967807 -0.013743248318581133 0.027571815825203346 -0.0032871597912108004 0.037307294901229811 0.016782120632053189 -0.047443124769081857 0.051607102868806515 0.044245131585386767 -0.014510435375929859 0.030425910219460447
leaf_weight=1423.2273032805679 87.501959722489119 17.604113080873503 279.79538875794969 109.60653130267747 161.70971002105216 270.61774828657508 128.90687141777016 583.66184676764533 56.404653961129952 96.328838115208782 5.8911029252922154 18.334441630984657 78.159069724148139 115.93282763869502 32.763588064000942 23.354323223902615 10.368742120219393 34.802572313055862 252.60550907254219 132.14004673108866 202.72466349325259 16.059235389344394 47.323686971329153 421.45139495516196 163.5338842747733 90.691309228626778 185.34504509344697 374.63772953406442 37.001733807090204 8.2433948355028388
leaf_count=836838 5527 4776 2755 366 44964 1118 3260 1684 4418 932 103 4909 2152 4777 4148 11125 150 731 1386 68595 27613 643 797 1122 572 35152 229 791 1709 708
internal_value=0 -0.0422443 0.0280885 0.011685 -0.0166331 0.0319553 0.00478666 0.0274502 -0.00428506 0.0166079 -0.03279 -0.00739236 0.0204752 -0.00392209 -0.0158801 -0.051867 -0.0113506 0.0148304 0.0232221 -0.0393699 -0.0135922 -0.0107106 0.0173318 0.0313767 0.0280316 -0.0347325 0.0418624 0.0390633 0.00694134 -0.0138235
internal_weight=0 2183.22 3283.51 626.377 596.256 2657.13 516.77 1826.53 337.964 262.237 258.292 254.533 657.884 236.198 120.266 1586.97 246.757 91.2072 579.725 163.738 236.388 218.784 327.119 1168.65 747.196 252.401 830.601 645.255 165.909 31.5977
internal_count=1074050 1035816 38234 25628 118550 12606 25262 10468 38331 5901 80219 19361 7090 14452 9675 917266 33182 5149 4938 80428 33032 28256 3552 3378 2256 80116 2138 1909 4969 11833
is_linear=0
shrinkage=0.05


Tree=27
num_leaves=31
num_cat=0
split_feature=1 1 1 92 42 114 86 64 53 42 1 113 97 64 110 112 73 77 113 106 113 114 4 84 112 113 97 57 114 113
split_gain=2451.65 181.365 89.583 75.5127 48.2784 43.699 37.4862 26.5072 18.0313 16.9532 16.2416 15.899 15.3865 14.2956 12.5277 11.8592 16.8731 11.8273 11.272 11.2016 9.00763 9.48147 9.42924 8.83457 8.80791 10.231 8.59268 8.34284 8.27291 8.16043
threshold=0.15548050853772452 0.7740980979447657 0.012339227772512141 0.019188000000000004 1.0000000180025095e-35 0.045941500000000003 4.2916666666650007 1921.5000000000002 7.5000000000000009 2.5000000000000004 0.94875966535953815 0.36361112500000009 18470.500000000004 133.10000000000002 8.5000000000000018 0.059564000000000006 33.500000000000007 0.030463500000000001 1.3045682500000002 11.366666666650003 1.1577337500000002 0.042338000000000008 72.500000000000014 0.58333333333350013 0.023543000000000005 0.27086400000000005 3800.5000000000005 1.0000000180025095e-35 0.10806150000000002 0.51986650000000012
decision_type=2 2 2 2 2 2 2 2 2 2 2 2 2 2 2 2 2 2 2 2 2 2 2 2 2 2 2 2 2 2
left_child=2 3 -1 5 10 7 17 11 15 19 24 13 18 -2 29 16 20 28 26 -7 21 22 -6 -5 25 -3 -13 -12 -4 -8
right_child=1 4 6 23 8 9 14 -9 -10 -11 27 12 -14 -15 -16 -17 -18 -19 -20 -21 -22 -23 -24 -25 -26 -27 -28 -29 -30 -31
leaf_value=-0.052702984187656177 -0.010764171926500114 0.001198945111025901 -0.022914632780206511 0.02656390065608762 -0.036202200727905691 -0.0045588838418950213 -0.033902276490928467 -0.056321536342030798 0.0079362380462169625 0.03077427203112101 0.027900060418996217 0.0030313606928804486 -0.052113884603098161 -0.043577081860468492 -0.044671496955185158 0.049956592834958638 -0.0087811146708772995 0.01340788358641116 0.027964068404038353 0.018551684403238518 0.049483915525662378 0.039547572901651458 0.029031757229043106 0.053245005684188398 0.032489791994639465 0.019234699271508199 -0.038812273557843502 0.055002496851688447 0.015255744768323891 -0.0030113450791304183
leaf_weight=1414.1596933008987 175.55877012968995 107.95300223305821 83.158972552395426 56.920256413170137 5.683248934801667 118.2674133591936 55.992397840018384 29.744801902386826 46.490161451918539 98.590603886696044 879.27151175052859 137.20797371296794 12.179936644446569 40.932909772440325 191.71568759836373 226.82230676524341 19.51434525847435 49.813909598102327 44.363793866010383 94.190188019536436 148.5564654963091 557.64813360990956 218.9867530753836 68.19807861209847 80.315653924364597 289.4795456903521 13.47383974783588 29.342270046472549 17.117268213012721 34.584221268363763
leaf_count=862486 16050 2182 18748 477 76 6263 23517 10250 1183 1317 2677 7007 2541 9460 83726 321 170 4791 1717 2331 256 1374 893 115 469 2942 1851 63 1248 7549
internal_value=0 0.0245946 -0.0466134 0.00509828 0.0312399 -0.000794831 -0.0266966 -0.0106953 0.0384779 0.0136386 0.024851 -0.00749239 0.00240716 -0.0169682 -0.0374316 0.0396841 0.0372324 -0.00650623 0.00581181 0.00568687 0.038197 0.0360537 0.0273816 0.0411069 0.0173877 0.0143357 -0.000710262 0.0287753 -0.0163989 -0.0221074
internal_weight=0 3499.69 1846.54 889.629 2610.06 764.51 432.382 453.462 1223.7 311.048 1386.36 423.717 207.226 216.492 282.292 1177.21 950.389 150.09 195.046 212.458 930.875 782.318 224.67 125.118 477.748 397.433 150.682 908.614 100.276 90.5766
internal_count=1074050 71985 1002065 59379 12606 58787 139579 48876 4273 9911 8333 38626 13116 25510 114792 3090 2769 24787 10575 8594 2599 2343 969 592 5593 5124 8858 2740 19996 31066
is_linear=0
shrinkage=0.05


Tree=28
num_leaves=31
num_cat=0
split_feature=1 1 1 42 112 1 86 64 114 66 106 102 1 42 42 84 109 97 102 76 64 86 113 97 1 71 97 4 113 113
split_gain=2308.49 196.156 69.5274 59.951 49.2 40.6315 30.2881 23.8461 17.3212 14.6731 13.5775 12.8711 12.616 12.913 12.1742 11.2932 11.1605 11.0293 10.6387 13.3782 10.5279 10.0878 9.60712 15.8815 9.335 9.18723 8.94694 8.86156 8.78037 8.34552
threshold=0.11665055024126079 0.60678019017954943 0.012339227772512141 6.5000000000000009 0.023358 0.86620967868038068 5.708333333335001 1921.5000000000002 0.053953500000000008 1.0000000180025095e-35 6.083333333335001 7.5000000000000009 0.94875966535953815 135.50000000000003 13.500000000000002 0.58333333333350013 82.500000000000014 1131.5000000000002 11.500000000000002 0.12847600000000003 6.708333333335001 5.3666666666650009 0.51986650000000012 2889.5000000000005 0.26731028589363609 162.50000000000003 1761.5000000000002 16153.500000000002 0.19142612500000003 0.13683550000000003
decision_type=2 2 2 2 2 2 2 2 2 2 2 2 2 2 2 2 2 2 2 2 2 2 2 2 2 2 2 2 2 2
left_child=2 4 -1 5 7 8 14 11 16 12 25 -2 13 21 17 29 -3 -4 27 28 -11 -5 -8 -24 -13 -7 -26 -12 -20 -6
right_child=1 3 6 9 15 10 22 -9 -10 20 18 24 -14 -15 -16 -17 -18 -19 19 -21 -22 -23 23 -25 26 -27 -28 -29 -30 -31
leaf_value=-0.052476867539187878 0.0017339694466681867 0.0044362902171663976 -0.027732287122758867 0.032773752368157348 -0.032630054041262242 0.019827233767782435 -0.047416359990088981 -0.055484289003808668 0.020530590066264596 0.02839507558176619 0.036839949833065697 -0.030671534329628155 0.047608751321733422 0.043646078438850447 0.027164024953610085 0.05285014024755829 -0.031088839730064446 0.0013682071855468361 -0.0023762547413944545 -0.025220068137394261 -0.02458466136745514 0.0084512101883986029 0.00054909169000252921 -0.046849387582371123 -0.0018972689280085512 -0.03025556485472012 -0.028314241209112086 0.027054277153383273 0.026898655667469795 0.020377648655063235
leaf_weight=1358.3852942459343 185.83086639875546 196.03139165916946 82.99645717520616 192.90525491302833 8.0398770068422873 312.58049210882746 146.86435234990495 28.333435618202202 208.1308556185104 27.565909389872104 527.97634895658121 73.344255593940034 375.31047077151015 241.6144584948197 18.250375778588932 26.494832407799549 24.918508145725355 53.580478541829507 28.188762489706278 14.315672952914609 14.21115048980573 54.723637136630714 32.7480929664016 38.390236917563016 116.75334808632033 9.4332170712295902 44.179918775131227 411.78776491712779 280.31527874805033 97.141771487949882
leaf_count=862486 15742 5571 20469 602 955 2091 73192 11132 2586 111 1660 16903 583 675 1258 59 2938 8649 197 222 452 1017 8190 15581 8502 190 6169 1592 985 3291
internal_value=0 0.0233594 -0.0472274 0.0286352 -0.00319661 0.0238288 -0.0281012 -0.0110869 0.0101799 0.0393142 0.0275247 -0.00809265 0.0407127 0.0354225 -0.0111907 0.023675 0.000429802 -0.0163159 0.029862 0.0220311 0.0103732 0.0273987 -0.0401112 -0.0250298 -0.0158872 0.0183601 -0.00914934 0.032552 0.0242237 0.0163258
internal_weight=0 3500.13 1731.22 2920.01 580.118 2013.68 372.83 448.442 429.081 906.331 1584.6 420.108 864.554 489.243 154.827 131.676 220.95 136.577 1262.58 322.82 41.7771 247.629 218.003 71.1383 234.278 322.014 160.933 939.764 308.504 105.182
internal_count=1074050 84225 989825 21472 62753 18032 127339 58448 11095 3440 6937 47316 2877 2294 30376 4305 8509 29118 4656 1404 563 1619 96963 23771 31574 2281 14671 3252 1182 4246
is_linear=0
shrinkage=0.05


Tree=29
num_leaves=31
num_cat=0
split_feature=1 1 92 1 42 114 86 64 42 53 1 102 113 3 113 102 42 42 82 4 113 97 0 86 71 106 100 97 3 113
split_gain=2177.14 183.289 76.2785 69.5648 46.9421 43.0405 29.4714 25.7895 19.648 18.1145 16.8194 14.4454 17.9782 12.9703 12.2088 11.5937 10.3351 10.0091 9.88765 9.48314 9.11001 13.5308 8.85501 8.64049 8.45601 8.04759 8.88911 8.03592 7.99278 7.93814
threshold=0.11665055024126079 0.7740980979447657 0.019188000000000004 0.012339227772512141 1.0000000180025095e-35 0.029165000000000003 4.7750000000000012 1921.5000000000002 1.0000000180025095e-35 7.5000000000000009 0.94875966535953815 12.500000000000002 1.4251560000000001 174210.00000000003 0.19651000000000002 4.5000000000000009 13.500000000000002 1993.0000000000002 5.5000000000000009 593143.50000000012 0.51986650000000012 2889.5000000000005 0.09822400000000002 22.100000000000005 3.5000000000000004 20.100000000000005 7.5000000000000009 1131.5000000000002 87120.000000000015 0.1948835833335
decision_type=2 2 2 2 2 2 2 2 2 2 2 2 2 2 2 2 2 2 2 2 2 2 2 2 2 2 2 2 2 2
left_child=3 2 5 -1 10 7 16 11 14 15 23 12 24 -13 -7 17 27 25 -15 -4 -8 -22 -12 -3 -2 26 -6 -5 -16 -17
right_child=1 4 19 6 9 8 20 -9 -10 -11 22 13 -14 18 28 29 -18 -19 -20 -21 21 -23 -24 -25 -26 -27 -28 -29 -30 -31
leaf_value=-0.052242659887847223 0.0054937677447029574 0.017375881582558775 0.050086848229586672 -0.024665712060685723 0.039745435232691174 -0.027739205093490711 -0.045566585530313002 -0.055869167100768384 0.024097769197763443 0.0059864630642740045 0.027945681173868104 -0.035594554414295022 0.040073437770774385 -0.015080838715003236 0.020699089030463906 0.015772997135711633 0.027005010852825112 0.055950174795850106 0.01888376551988432 0.019828022347215105 -0.0017397717347245258 -0.044583077537407423 -0.017641301675719145 -0.011129839426227878 -0.018698636163820587 0.047722310977820641 0.02429394316742518 0.0018324229000661295 -0.0014785896469879612 0.03448746170540893
leaf_weight=1305.1152728551533 82.708285188477021 438.14163849526085 83.404517762828618 74.518684931565076 373.79581763828173 31.910046180943027 153.58591443358455 31.947075625823345 155.82688387064263 45.263306934095453 870.46507076569833 68.831084639212349 25.950650851766113 132.61058101599338 60.273419194214512 73.164010673295707 17.129658357211156 103.85034680739045 25.557646750792628 37.551330379676074 35.152966735229711 38.736056710869889 10.784367442131041 28.300730569520965 64.123814041202422 202.40763804782182 123.94400048162788 46.444323500501923 124.63179150328506 251.24986980715767
leaf_count=862486 4666 4581 230 17499 891 3571 77217 12375 3714 1183 2691 12097 618 15478 2004 431 1032 129 1724 403 8732 15908 49 1012 9114 369 568 6951 5625 702
internal_value=0 0.0227057 0.0036727 -0.0468429 0.0296907 -0.00189414 -0.027565 -0.0126395 0.010555 0.0370013 0.023324 -0.00918496 0.00170899 -0.017477 0.000821742 0.0382454 -0.00934419 0.0414648 -0.00959266 0.0406928 -0.0386263 -0.0242002 0.0273878 0.0156463 -0.00507142 0.0393162 0.0358978 -0.0144916 0.00575065 0.0302668
internal_weight=0 3446.69 925.327 1670.68 2521.37 804.371 365.568 431.729 372.642 1173.67 1347.69 399.782 172.783 226.999 216.815 1128.41 138.093 803.998 158.168 120.956 227.475 73.889 881.249 466.442 146.832 700.147 497.74 120.963 184.905 324.414
internal_count=1074050 84225 71619 989825 12606 70986 127339 56072 14914 4273 8333 43697 14398 29299 11200 3090 25482 1957 17202 633 101857 24640 2740 5593 13780 1828 1459 24450 7629 1133
is_linear=0
shrinkage=0.05


Tree=30
num_leaves=31
num_cat=0
split_feature=1 1 1 42 112 1 86 102 97 112 113 114 100 113 42 97 84 114 53 100 1 64 92 106 113 97 109 3 112 64
split_gain=2055.49 176.785 69.0868 61.1713 44.7072 41.1999 33.9895 21.6688 21.6266 19.7545 17.5726 14.3858 13.8058 12.7128 12.6309 13.389 12.5149 11.721 11.602 11.5313 9.56669 9.43252 14.1884 10.3925 9.4307 12.6328 9.14128 8.00936 9.26653 7.952
threshold=0.11665055024126079 0.60678019017954943 0.0088049481694041625 2.5000000000000004 0.023358 0.94875966535953815 4.7750000000000012 1.5000000000000002 10300.500000000002 0.023543000000000005 0.27086400000000005 0.031246000000000006 6.5000000000000009 0.55448950000000008 821.00000000000011 533.50000000000011 0.58333333333350013 0.086234500000000006 24.500000000000004 123.50000000000001 0.94875966535953815 5.7750000000000012 0.068275000000000016 5.083333333335001 0.51986650000000012 2889.5000000000005 96.500000000000014 68784.500000000015 0.049833000000000009 2.0833333333350006
decision_type=2 2 2 2 2 2 2 2 2 2 2 2 2 2 2 2 2 2 2 2 2 2 2 2 2 2 2 2 2 2
left_child=2 4 -1 5 8 9 17 21 13 10 26 12 29 19 15 -14 -6 -4 -12 -2 -17 -5 23 -23 -8 -26 -3 -7 -29 -9
right_child=1 3 6 7 16 27 24 11 -10 -11 18 -13 14 -15 -16 20 -18 -19 -20 -21 -22 22 -24 -25 25 -27 -28 28 -30 -31
leaf_value=-0.052426362773902613 -0.0094946134341964937 -0.0016093318493827548 -0.017659548580923636 0.046972244160534395 0.014835071045526059 0.032213268980433245 -0.046249209765096701 -0.021037244503757963 -0.048664236583894259 0.030725467792680407 0.016368719182717685 0.034395218058163327 0.028612522364263829 0.0060774636557578187 0.031599688508125424 -0.052803881089422494 0.053722404107620261 0.014626672630922778 -0.016655385953590032 -0.039678958817179075 0.0071932496038116011 -0.0063622365201146851 0.055551877138137279 0.031805116367511169 -0.0047464052444255453 -0.044383751645197644 -0.051445140175699455 0.0213082843792891 0.046074259594878347 0.034570626155370897
leaf_weight=1213.2276928642532 252.42578173597576 166.69727612147108 109.60108164839039 411.63138632988557 102.92354662582511 544.74780010688119 171.1980193604395 7.1442604558542362 34.770989197437302 125.75878454581834 419.01593274920015 253.89645471866243 11.281273681670426 120.15128840558464 18.141940359491855 22.172523223445751 25.894789583049715 37.807696247007698 28.398207411228213 36.176068504966679 9.4870291207917052 20.018673110113014 60.562736749649048 163.51224872964667 38.380766618036432 42.207431963674026 9.7392160963499901 447.6630342672579 41.250290356576443 64.215661947615445
leaf_count=836838 26544 4428 27050 777 4246 1633 93108 54 12030 1010 4875 824 96 7759 108 1537 59 3633 2108 12115 67 387 65 683 10652 18544 995 1488 91 246
internal_value=0 0.0220624 -0.0464896 0.0271957 -0.00327775 0.0215716 -0.0284467 0.03682 -0.0108089 0.0126472 0.0090029 0.0274267 0.0140679 -0.00758869 -0.00338045 -0.0181591 0.0226521 -0.00937871 0.0142726 -0.0132782 -0.0348253 0.0423543 0.0345668 0.027642 -0.0396101 -0.0255062 -0.00436025 0.0280436 0.0233978 0.0290034
internal_weight=0 3397.68 1612.42 2825.33 572.342 1783.27 399.195 1042.06 443.524 749.609 623.851 386.339 132.443 408.753 61.0828 42.9408 128.818 147.409 447.414 288.602 31.6596 655.725 244.094 183.531 251.786 80.5882 176.436 1033.66 488.913 71.3599
internal_count=1074050 84225 989825 21472 62753 16628 152987 4844 58448 13416 12406 2932 2108 46418 1808 1700 4305 30683 6983 38659 1604 1912 1135 1070 122304 29196 5423 3212 1579 300
is_linear=0
shrinkage=0.05


Tree=31
num_leaves=31
num_cat=0
split_feature=1 1 1 42 102 42 1 86 97 53 113 102 69 114 112 1 42 106 97 97 42 73 4 109 4 113 97 102 0 3
split_gain=1940.43 171.429 68.6163 53.7949 50.0777 34.5793 30.3103 27.2044 22.0432 18.9183 13.3162 13.1747 12.8074 12.3026 11.7143 10.3177 10.1254 9.88013 9.0737 8.61204 8.48837 8.48724 9.66493 8.48105 8.30267 8.18525 11.738 7.74619 7.45731 7.26633
threshold=0.11665055024126079 0.68981449621504665 0.012339227772512141 6.5000000000000009 7.5000000000000009 40.500000000000007 0.94875966535953815 5.708333333335001 3677.5000000000005 1.5000000000000002 0.22112900000000002 4.5000000000000009 8.5000000000000018 0.092087500000000003 0.023543000000000005 0.86620967868038068 13.500000000000002 5.083333333335001 18470.500000000004 1131.5000000000002 1993.0000000000002 9.5000000000000018 145340.50000000003 40.500000000000007 6789.0000000000009 0.51986650000000012 2889.5000000000005 13.500000000000002 0.001433 146963.00000000003
decision_type=2 2 2 2 2 2 2 2 2 2 2 2 2 2 2 2 2 2 2 2 2 2 2 2 2 2 2 2 2 2
left_child=2 4 -1 6 5 13 9 16 12 14 24 20 17 -2 21 23 19 -6 28 -4 -5 22 -3 -13 -11 -9 -27 -10 -12 -8
right_child=1 3 7 11 8 -7 29 25 27 10 18 15 -14 -15 -16 -17 -18 -19 -20 -21 -22 -23 -24 -25 -26 26 -28 -29 -30 -31
leaf_value=-0.051821161351847805 -0.0024680850225391854 0.028080238869462471 -0.025843338215080305 0.039277806254548332 -0.020100477012178476 0.042555649557207031 0.031307056038344501 -0.046084444903426461 0.039909731612700963 -0.041649587243951354 -0.083557676693945412 0.0190087276073495 -0.038169356657735354 0.019618958400431055 0.039961406008679951 0.035401863010605765 0.024359361063758769 0.0020240423899350424 -0.04947136785113266 4.6733698350659996e-05 0.054665083075270238 -0.0042667361108948473 0.0050608157091257284 -0.0328693989858794 -0.002376096830884477 -0.0029883610891156378 -0.044771708326263426 -0.043726723136181228 0.013932139503313566 0.022993009199079997
leaf_weight=1203.6813112017844 193.77013538510073 168.29067712672986 80.522961608294281 452.60392686177511 69.71611505652254 76.456564716820139 651.57224297476932 132.13436408595589 2.8968354429234742 16.875223620445468 1.974157859571277 64.605340698733926 30.942202462843852 93.453162975376472 81.695995879359543 155.76898313406855 18.067211540561402 182.70057513685606 5.8641359367175019 53.435489543495351 111.7585453200154 35.974729651585221 62.54498434998095 8.9721764652058464 66.442827000108082 32.399609955537017 34.929291107371682 62.466182143092738 307.64037273230497 440.45377434184775
leaf_count=862486 17846 1440 20469 1193 9802 1240 2006 73192 152 859 30 344 4817 3009 368 504 1258 13764 837 8649 154 549 835 486 1761 8190 15581 16686 4136 1407
internal_value=0 0.0214515 -0.0461458 0.0273388 -0.000308163 0.0126729 0.022644 -0.0267103 -0.013846 0.0148851 0.00744817 0.0382183 -0.00780839 0.00471832 0.0233952 0.0281132 -0.010777 -0.00408663 0.0121435 -0.0155159 0.0423249 0.0183227 0.0218431 0.0126826 -0.0103305 -0.0388543 -0.024665 -0.04002 0.0133105 0.0279537
internal_weight=0 3345.44 1555.17 2633.04 712.402 363.68 1839.33 351.489 348.722 747.303 398.797 793.709 283.359 287.223 348.506 229.347 152.026 252.417 315.479 133.958 564.362 266.81 230.836 73.5775 83.3181 199.463 67.3289 65.363 309.615 1092.03
internal_count=1074050 84225 989825 16909 67316 22095 14228 127339 45221 10815 7623 2681 28383 20855 3192 1334 30376 23566 5003 29118 1347 2824 2275 830 2620 96963 23771 16838 4166 3413
is_linear=0
shrinkage=0.05


Tree=32
num_leaves=31
num_cat=0
split_feature=1 1 1 42 1 112 53 86 77 106 64 73 1 114 102 106 92 42 77 114 4 67 86 113 97 113 97 113 4 97
split_gain=1826.6 164.649 68.9421 67.0336 36.0983 32.338 31.6301 30.0924 18.3628 17.5874 16.9406 16.5516 14.5753 12.2749 11.6803 11.6138 11.5834 11.369 11.2785 10.6731 10.2184 9.50191 9.02288 8.81381 12.8878 8.75055 11.8697 8.55346 8.48974 8.31455
threshold=0.11665055024126079 0.53809039466125175 0.0088049481694041625 1.0000000180025095e-35 0.86620967868038068 0.026069000000000005 7.5000000000000009 4.7750000000000012 0.062645500000000007 3.7750000000000004 708.12500000000011 33.500000000000007 0.94875966535953815 0.045941500000000003 7.5000000000000009 5.708333333335001 0.090133000000000005 764.50000000000011 0.035619000000000005 0.086234500000000006 2826.5000000000005 0.059568000000000003 2.9166666666650003 1.1577337500000002 1245.5000000000002 0.5849255000000001 5681.5000000000009 0.25727150000000004 26473.500000000004 5419.5000000000009
decision_type=2 2 2 2 2 2 2 2 2 2 2 2 2 2 2 2 2 2 2 2 2 2 2 2 2 2 2 2 2 2
left_child=2 5 -1 4 9 10 8 19 11 -3 14 12 13 23 -2 -6 -7 -8 -11 -4 22 -22 -17 24 -5 -9 -27 -26 -13 -29
right_child=1 3 7 6 15 16 17 25 -10 18 -12 28 -14 -15 -16 20 -18 -19 -20 -21 21 -23 -24 -25 27 26 -28 29 -30 -31
leaf_value=-0.052067871147409642 0.00095797465470676851 -0.030521127882255458 -0.01746264581316925 0.020833872335822741 0.011305795545110568 0.010944076103360262 -0.0080083376899562544 -0.044569695646792175 0.047314238105321905 0.003888213590211278 -0.041497762196314431 -0.03270269873062262 0.03969252934761229 0.033063397807548779 -0.017735560221603726 0.045250194691121987 0.054759111160566712 0.042204463944647642 0.031585526342574756 0.013638176938043018 0.020163400001880726 0.062544328276830236 0.026591932660303741 0.040041305707794329 -0.054036458417633264 -0.00555189077620991 -0.047269259021617049 0.0071288481930762279 0.030484510164351348 -0.096613934880908747
leaf_weight=1115.588085670126 156.90285797195975 33.390598225232679 107.52120787769672 100.18669103621505 195.45506806671619 82.028670100873569 59.094096795612131 168.31349648040486 257.8969436683692 270.3500396682648 45.535176621327992 14.562418460031042 468.70748859550804 334.12099183397368 178.77008163735445 92.138221651315689 18.483391272136942 13.930230698722879 42.537992963334545 37.105797120631905 622.58096877718344 13.512473633512853 218.34134220518172 32.706498394254595 9.5279450374655408 39.657927633641521 29.91101604582218 28.768594765453603 8.3720333720557374 2.0703512523323289
leaf_count=836838 13030 2074 27050 903 1600 3787 3865 96401 515 8791 16387 264 1001 1398 25175 214 43 167 410 3633 2952 25 731 145 356 11523 14380 309 42 41
internal_value=0 0.0207861 -0.0457871 0.0254036 0.0181141 -0.00622773 0.033561 -0.0274693 0.0354196 0.00397265 -0.0128798 0.032349 0.0333356 0.0274631 -0.00899768 0.0224019 0.0190013 0.00157033 0.00765374 -0.00948336 0.0246931 0.0210637 0.032129 0.0166634 0.0112234 -0.0384044 -0.0234882 -0.012629 -0.00963673 0.000164148
internal_weight=0 3299.97 1498.1 2818.25 1488.31 481.72 1329.94 382.509 1256.92 346.279 381.208 999.023 976.089 507.381 335.673 1142.03 100.512 73.0243 312.888 144.627 946.573 636.093 310.48 173.26 140.554 237.882 69.5689 40.3669 22.9345 30.8389
internal_count=1074050 84225 989825 25803 16797 58422 9006 152987 4974 11275 54592 4459 4153 3152 38205 5522 3830 4032 9201 30683 3922 2977 945 1754 1609 122304 25903 706 306 350
is_linear=0
shrinkage=0.05


Tree=33
num_leaves=31
num_cat=0
split_feature=1 1 1 42 1 112 114 64 110 113 94 84 42 69 100 112 64 113 114 113 3 96 106 4 3 105 59 40 79 97
split_gain=1730.28 158.419 68.3288 61.6797 42.4215 39.412 29.2534 18.6648 18.3767 17.8267 13.6614 13.0512 12.7315 12.6643 12.6485 11.9142 11.5816 10.669 10.2913 9.92713 9.9049 9.87761 9.78094 8.88798 8.32783 8.17208 8.57671 8.10444 7.92199 7.83091
threshold=0.11665055024126079 0.60678019017954943 0.0088049481694041625 20.500000000000004 0.86620967868038068 0.023358 0.044933500000000008 1921.5000000000002 4.5000000000000009 0.38776216666650004 8.5000000000000018 0.58333333333350013 1.0000000180025095e-35 8.5000000000000018 82.500000000000014 0.030995500000000006 63.100000000000009 0.49088075000000003 0.075395500000000018 0.14406000000000002 5542.5000000000009 0.088674500000000003 7.7750000000000012 702908.50000000012 2646.5000000000005 0.12559950000000003 39.500000000000007 83.500000000000014 0.15401050000000002 2889.5000000000005
decision_type=2 2 2 2 2 2 2 2 2 2 2 2 2 2 2 2 2 2 2 2 2 2 2 2 2 2 2 2 2 2
left_child=2 5 -1 4 8 7 10 18 15 13 -4 -7 20 27 25 -3 23 -12 24 -18 -11 -14 -8 -5 -2 26 -10 -6 -20 -19
right_child=1 3 6 16 9 11 22 -9 14 12 17 -13 21 -15 -16 -17 19 29 28 -21 -22 -23 -24 -25 -26 -27 -28 -29 -30 -31
leaf_value=-0.051887744151172754 -0.044219896339063459 0.011523834833272715 -0.014696672992001484 0.045196515052338529 0.023235009514613492 0.012747058744941312 -0.021409402965765125 -0.054041448668227049 0.0051791348719303996 0.03710240886881596 -0.049886217979609307 0.053234526691773865 0.039102132156591668 0.0059633880089032835 -0.038793514758826773 0.037718383564250148 -0.046656311087118735 -0.010457596454999787 0.019779144132236068 0.026816948859932323 0.021980019160627497 -0.016857348223321113 0.010428947918120544 0.025061966237085717 -0.010717945121599608 -0.055281615371363738 -0.057452379381800006 -0.028810473216609331 -0.0097914618956781753 -0.041723326692214749
leaf_weight=1072.2553999083757 19.77338912243431 178.90169248433085 61.970905754511477 433.1516296925256 550.30870400369167 100.62333245907212 43.127475038985722 23.870247076556552 199.43139653588878 140.18511873623356 135.55412724141206 24.812650060048327 313.56308242678642 145.48445795476437 21.146388054243289 57.316665790975094 4.8828756354050702 38.106356922711711 49.49480345856864 78.613554147654213 475.76701321592554 8.0892117433249933 54.739702087201294 62.750191065948457 299.68439840569044 6.096312529873102 5.6201033439137964 7.5829928382299832 41.758127302106004 42.211321259004762
leaf_count=836838 5655 3966 17175 1032 2748 4246 13564 11132 4259 405 83144 59 864 1122 2667 382 230 11008 2165 593 2055 36 8669 236 36883 174 488 215 2613 19427
internal_value=0 0.0202598 -0.0454584 0.0252985 0.0213297 -0.00393332 -0.0271092 -0.0110595 0.0080599 0.0251184 -0.0353896 0.0207559 0.0296321 0.0191015 -0.00192585 0.0178798 0.039748 -0.04133 -0.00856147 0.0225202 0.0254217 0.0376948 -0.00360137 0.0426487 -0.0127916 0.00176644 0.00346251 0.0225276 0.00624738 -0.0268894
internal_weight=0 3248.91 1447.97 2688.89 2109.49 560.017 375.71 434.581 468.513 1640.98 277.843 125.436 937.604 703.376 232.294 236.218 579.398 215.872 410.711 83.4964 615.952 321.652 97.8672 495.902 319.458 211.148 205.051 557.892 91.2529 80.3177
internal_count=1074050 84225 989825 21472 19381 62753 152987 58448 11936 7445 130754 4305 3360 4085 7588 4348 2091 113579 47316 823 2460 900 22233 1268 42538 4921 4747 2963 4778 30435
is_linear=0
shrinkage=0.05


Tree=34
num_leaves=31
num_cat=0
split_feature=1 1 1 84 42 114 86 1 64 114 42 86 113 42 42 106 3 99 97 113 86 3 3 91 86 85 44 104 106 113
split_gain=1635.35 152.993 66.6604 64.9598 45.8885 41.3389 27.8035 25.8368 21.7556 20.2818 18.0998 15.0028 14.3198 11.8671 10.5859 10.3947 9.33248 9.28331 9.15913 8.86187 8.21616 9.2633 11.1273 9.05302 10.6877 8.04154 8.40013 7.76198 7.97208 7.75593
threshold=0.11665055024126079 0.7740980979447657 0.0088049481694041625 0.58333333333350013 50.500000000000007 0.045941500000000003 4.7750000000000012 0.94875966535953815 1420.5000000000002 0.061500500000000007 2.5000000000000004 4.2916666666650007 0.14183375000000001 1.0000000180025095e-35 46.500000000000007 11.366666666650003 59025.000000000007 2.5000000000000004 1420.5000000000002 0.49088075000000003 12.550000000000002 15838.500000000002 17021.500000000004 3.5000000000000004 9.3666666666650027 7.5000000000000009 33.500000000000007 322.50000000000006 8.2916666666650016 0.51986650000000012
decision_type=2 2 2 2 2 2 2 2 2 2 2 2 2 2 2 2 2 2 2 2 2 2 2 2 2 2 2 2 2 2
left_child=2 3 -1 5 7 8 17 9 12 11 15 -3 -2 20 16 -7 19 -4 -16 -14 21 -9 -23 24 27 26 -11 28 -24 -8
right_child=1 4 6 -5 -6 10 29 13 -10 25 -12 -13 14 -15 18 -17 -18 -19 -20 -21 -22 22 23 -25 -26 -27 -28 -29 -30 -31
leaf_value=-0.051688732232176453 -0.03118400294960685 0.016345610813962724 -0.019023763402473068 0.051684539755915651 0.042681370600420335 -0.0063193245972492859 -0.044410625382648755 0.033971176569516169 -0.048889168162030046 0.029651877421749559 0.027371523708767165 -0.0043091577715416536 -0.040077638533478815 0.034987786985623145 0.030678472811268499 0.01553307697402953 -0.0036728732249797155 0.0076871440568336063 -0.016738768295036781 -0.0033706731505187904 0.00707076480179278 -0.042392130034090127 0.010229701774894906 0.041376838641007288 0.05010653579547239 0.010945654069746168 -0.021352358352417763 -0.0039638220352376215 0.025585151249238221 -0.024749267232975616
leaf_weight=1028.5732640122151 58.435378983645933 205.51179223135114 91.968556086110766 61.27369068400003 366.79207856382709 124.85834182766848 149.51475349155953 241.16952553205192 35.269614847609773 279.32338056201115 119.21404208440799 153.64476535381982 38.660680093322298 396.1451550591737 35.19192207645392 96.463206370361149 272.77082630022778 50.329964430799009 14.331381156487621 28.610781024952303 62.832168153719977 6.6043884493410578 125.7345000160858 58.788917917758226 28.55022909399122 88.541945213917643 8.3128489186055941 35.251926398836076 257.8975438917987 75.480824076861609
leaf_count=836838 10052 1861 23426 120 886 7425 93108 714 14406 1500 1649 3662 6987 1053 967 2748 23275 7257 1469 2521 302 26 569 164 81 799 105 133 751 29196
internal_value=0 0.0196978 -0.0451594 0.00201654 0.0264575 -0.00167771 -0.0268745 0.0234031 -0.0110798 0.016008 0.0116652 0.00750964 -0.00810316 0.0278862 -0.004641 0.00320507 -0.00778644 -0.00957631 0.0169566 -0.024466 0.0244421 0.0258897 0.0220891 0.0229304 0.0205067 0.0241218 0.0281778 0.0184892 0.0205524 -0.0378147
internal_weight=0 3200.18 1395.87 885.08 2315.1 823.806 367.294 1948.31 483.271 735.335 340.536 359.157 448.001 1212.97 389.566 221.322 340.042 142.299 49.5233 67.2715 816.829 753.997 512.828 506.223 447.434 376.178 287.636 418.884 383.632 224.996
internal_count=1074050 84225 989825 71619 12606 71499 152987 11720 59677 7927 11822 5523 45271 3793 35219 10173 32783 30683 2436 9508 2740 2438 1724 1698 1534 2404 1605 1453 1320 122304
is_linear=0
shrinkage=0.05


Tree=35
num_leaves=31
num_cat=0
split_feature=1 1 1 42 1 102 109 53 78 112 113 42 113 97 113 97 100 42 3 112 3 44 97 102 53 85 73 59 113 97
split_gain=1552.4 147.471 65.3295 60.8232 44.3014 29.9316 22.2386 20.7327 20.5 18.4741 16.8613 12.4876 12.1811 11.2144 12.2653 10.392 10.1538 9.81594 9.34621 9.2494 9.48064 10.5728 9.21716 8.65814 8.54102 8.75262 8.6384 8.50234 8.07653 10.2032
threshold=0.11665055024126079 0.53809039466125175 0.012339227772512141 2.5000000000000004 0.94875966535953815 7.5000000000000009 24.500000000000004 2.5000000000000004 0.030666000000000002 0.023543000000000005 0.49088075000000003 402.50000000000006 0.17419312500000003 9603.5000000000018 0.26132800000000006 18470.500000000004 9.5000000000000018 6.5000000000000009 2646.5000000000005 0.049833000000000009 146963.00000000003 33.500000000000007 968.50000000000011 1.5000000000000002 76.500000000000014 7.5000000000000009 6.5000000000000009 1.5000000000000002 1.2504596250000002 2889.5000000000005
decision_type=2 2 2 2 2 2 2 2 2 2 2 2 2 2 2 2 2 2 2 2 2 2 2 2 2 2 2 2 2 2
left_child=2 5 -1 4 9 8 17 11 -2 10 24 12 27 14 22 -12 -9 -4 -18 20 -6 -22 -7 -19 25 26 -3 -5 -8 -30
right_child=1 3 6 7 19 13 28 16 -10 -11 15 -13 -14 -15 -16 -17 18 23 -20 -21 21 -23 -24 -25 -26 -27 -28 -29 29 -31
leaf_value=-0.051091523150136167 0.00077075844292600693 0.0098671295870748979 -0.0177932912066848 -0.012995921501550498 0.028247107874291785 -0.017669126305847681 -0.043884570596018017 0.03079595541367874 0.046326580175133684 0.026411707597477692 0.016895306243884297 0.048738123328542764 0.036487242502194289 -0.049175858870956733 -0.0043588009984077613 -0.041711959289267395 -0.021586715944670831 0.040544646352809459 0.016513359352181567 0.044550484292703099 0.018915430579996007 -0.044823719031394323 -0.051007592234108882 -0.019367319410197648 -0.042295442755508013 -0.011379974084642567 -0.014847374808326368 0.027422213586344502 0.030369464988190029 -0.036403949438521842
leaf_weight=1023.6628106568241 204.15418229394709 198.22804890252883 143.52293901448138 21.399911081418395 534.2126993869897 64.00239392844378 131.57640075580275 119.80070254062593 28.092950007412583 128.23536386177875 258.45024898438714 194.77283404115587 486.34188974485733 27.099538323047454 119.14103364326002 7.7917877623112863 19.538177617563633 14.818574255390558 91.369843237218447 58.485133802518249 352.01279553258792 6.6285888552665702 30.665733594010817 10.168091904211906 12.307829688565105 113.46207787992898 43.031805333564989 33.193768027238548 8.8217316952068376 16.276333902409533
leaf_count=862486 18727 4075 37151 252 1787 8706 78224 545 128 1206 3579 360 1459 10268 11323 1285 1119 754 2036 158 1227 40 9270 2670 1745 3569 1247 114 1064 7476
internal_value=0 0.0192072 -0.0448896 0.0237518 0.0180931 -0.00652682 -0.0253661 0.0337812 0.00628126 0.00910533 0.00560085 0.0378822 0.0339734 -0.0188744 -0.0150338 0.0151801 0.0207033 -0.0127581 0.00980144 0.0252874 0.0240256 0.0177374 -0.0284684 0.016164 -0.00134792 7.28373e-05 0.00545898 0.0115789 -0.0389265 -0.0129337
internal_weight=0 3152.42 1348.85 2679.26 1712.85 473.156 325.184 966.417 232.247 761.507 633.272 735.708 540.936 240.909 213.809 266.242 230.709 168.51 110.908 951.339 892.854 358.641 94.6681 24.9867 367.03 354.722 241.26 54.5937 156.674 25.0981
internal_count=1074050 84225 989825 25803 19918 58422 127339 5885 18855 16706 15500 2185 1825 39567 29299 4864 3700 40575 3155 3212 3054 1267 17976 3424 10636 8891 5322 366 86764 8540
is_linear=0
shrinkage=0.05


Tree=36
num_leaves=31
num_cat=0
split_feature=1 1 42 1 112 1 86 114 114 66 42 1 86 42 86 42 114 102 97 106 77 113 113 106 69 114 0 76 64 3
split_gain=1464.97 170.543 56.0764 40.4259 37.8812 35.4518 23.6606 21.6872 18.0971 14.6477 14.3504 12.4827 12.0923 12.0671 13.509 11.9661 10.7228 9.89418 9.35782 8.44348 8.42478 10.5869 8.1813 7.83837 8.0191 8.27062 11.2145 7.79344 7.5191 7.39252
threshold=0.072661120000328969 0.60678019017954943 6.5000000000000009 0.0088049481694041625 0.029091500000000003 0.94875966535953815 87.166666666650016 0.027510500000000004 0.044933500000000008 1.0000000180025095e-35 102.50000000000001 0.94875966535953815 4.2916666666650007 542.50000000000011 6.2916666666650007 13.500000000000002 0.093766500000000017 6.5000000000000009 3800.5000000000005 12.291666666650002 0.055653500000000009 0.29525100000000004 1.3577120000000003 21.550000000000004 8.5000000000000018 0.19519950000000003 0.0017535000000000003 0.043723500000000005 6.708333333335001 2646.5000000000005
decision_type=2 2 2 2 2 2 2 2 2 2 2 2 2 2 2 2 2 2 2 2 2 2 2 2 2 2 2 2 2 2
left_child=3 4 5 -1 6 7 15 12 17 11 -6 13 -3 14 -4 16 -2 22 19 -14 21 -9 -5 24 25 26 -7 -21 -11 -17
right_child=1 2 9 8 10 23 -8 20 -10 28 -12 -13 18 -15 -16 29 -18 -19 -20 27 -22 -23 -24 -25 -26 -27 -28 -29 -30 -31
leaf_value=-0.051388264637243233 -0.014168063230930499 0.010287183314020648 0.029691189064355961 -0.028778689956315797 0.0090267687329683884 -0.039414739132068735 -0.035026908474121647 0.0028277049354957888 -0.0074211171631565018 0.020992773928794548 0.047564915661941085 0.044207713458663901 -0.015612621250497914 0.042691803882456518 -0.00032859332314091481 -0.055650074121073569 0.0085400167360487819 -0.044212260327881836 -0.041768955088173632 -0.025544831622842608 0.036414211450153 0.020052202631014482 0.018671670938842141 0.032865569778069141 0.012604215255807572 -0.020279745424052704 0.026663509118210874 0.020240281429510818 -0.026062357381690361 0.018670107068245886
leaf_weight=948.21517070010304 289.42743025691016 151.91829013626557 227.3341888776049 51.337629044719506 92.107053646730492 6.4921398200094691 89.002555374172516 125.00317201332655 68.808894125453662 24.072572005447 32.742974098422565 307.64074020739645 76.042703346349299 142.73664059757721 44.87292262626579 3.5599926081194999 63.367878441320499 144.39824295279686 19.778337098425254 11.904547012760302 51.980635338462889 311.56149055296555 11.037138841027625 242.10807948512957 160.39346847869456 9.8397126556374115 586.11046149744652 42.39013494621031 13.114937902835662 55.648849261298892
leaf_count=836838 38343 2484 785 27352 4984 27 33002 2408 19188 111 206 583 3202 396 1113 1195 3336 82775 2445 377 265 2691 2037 623 724 42 1997 747 452 3322
internal_value=0 0.0178845 0.0236139 -0.0464892 -0.00550804 0.0187957 -0.0116487 0.0108745 -0.0296324 0.0350005 0.0191337 0.0365755 0.000342192 0.0309169 0.0247425 -0.00659849 -0.0100893 -0.0370238 -0.00972222 -0.00485921 0.0173859 0.0151202 -0.0203824 0.0250273 0.0225395 0.0251847 0.0259396 0.0102015 0.00439782 0.0142015
internal_weight=0 3181.15 2555.3 1223.8 625.857 1795.52 501.007 790.579 275.582 759.772 124.85 722.584 302.034 414.944 272.207 412.004 352.795 206.773 150.116 130.337 488.545 436.565 62.3748 1004.94 762.836 602.442 592.603 54.2947 37.1875 59.2088
internal_count=1074050 105860 21472 968190 84388 18032 79198 14619 131352 3440 5190 2877 9255 2294 1898 46196 41679 112164 6771 4326 5364 5099 29389 3413 2790 2066 2024 1124 563 4517
is_linear=0
shrinkage=0.05


Tree=37
num_leaves=31
num_cat=0
split_feature=1 1 67 42 114 1 42 100 100 106 53 102 111 112 113 114 79 73 4 97 77 4 106 4 69 111 4 81 73 42
split_gain=1381.58 165.856 64.3218 42.9294 40.8961 40.1539 19.6777 18.6713 18.3475 16.7942 15.6971 12.9292 12.6303 12.7826 11.764 11.5806 11.2035 11.6092 11.1856 10.8645 10.7756 10.5674 10.2052 9.53434 9.123 8.96433 8.54952 7.86613 8.44327 7.85806
threshold=0.072661120000328969 0.7740980979447657 0.026084500000000004 1.0000000180025095e-35 0.03670700000000001 0.0088049481694041625 1.0000000180025095e-35 90.500000000000014 8.5000000000000018 6.083333333335001 7.5000000000000009 11.500000000000002 0.19023550000000003 0.059564000000000006 1.1222143333350003 0.021406500000000005 0.014490500000000002 11.500000000000002 2826.5000000000005 15506.500000000002 0.017245000000000003 114529.50000000001 10.550000000000002 593143.50000000012 11.500000000000002 0.079485000000000014 1567682.0000000002 429.50000000000006 3.5000000000000004 336.50000000000006
decision_type=2 2 2 2 2 2 2 2 2 2 2 2 2 2 2 2 2 2 2 2 2 2 2 2 2 2 2 2 2 2
left_child=5 2 4 9 7 -1 22 24 26 20 12 18 13 14 15 16 17 -5 27 -13 21 -3 -6 -4 25 29 -7 -11 -29 -2
right_child=1 3 23 10 6 8 -8 -9 -10 11 -12 19 -14 -15 -16 -17 -18 -19 -20 -21 -22 -23 -24 -25 -26 -27 -28 28 -30 -31
leaf_value=-0.05120918785712885 -0.013275628047193774 0.0099402780190011673 0.046798838281365336 0.024930100969061231 -0.012212909629313616 -0.0072008057316871573 0.021817819659323352 -0.032983014994538429 -0.039614882283771441 0.037064363740941082 0.0026937734177742406 0.013116078176578644 -0.036842757167504014 0.04670462146595078 0.0454677919402681 0.03254445072667999 -0.04758475197038739 -0.01865925827107856 0.020794193860341571 -0.075912140866690236 0.027296699956727722 -0.014396235607105715 0.0097121926258490841 0.014329856131954841 -0.045283124591132567 0.010269686735510486 -0.049079831907575061 0.025403628071596313 -0.052319000731118906 0.019759957416846607
leaf_weight=907.72744149289065 271.20483246272488 133.7281884799595 72.190887741977349 123.39506939728744 113.0991955564823 90.456584258456132 147.80477086256724 106.45825824888016 165.01206617364369 204.36509258602746 42.017889266135171 248.94037338357884 6.2633560448884955 172.30840248800814 128.14453164394945 493.65581598738208 6.5045063919387749 17.432960525620729 477.58510800427757 3.4746783715672782 52.342272619716823 66.930780201189918 100.00080670953321 32.919840346759884 16.713497182237916 59.164970537502086 14.084273788495919 11.050973824225368 5.1100275851786128 19.28048589543323
leaf_count=836838 31809 1422 223 544 9125 23446 4038 35764 101901 694 1183 1763 23 318 278 1627 98 202 2658 279 330 1091 3846 426 3932 3219 6005 53 43 872
internal_value=0 0.017357 -0.00022907 0.0248848 -0.00487599 -0.0461772 0.00779911 -0.0145509 -0.0292319 0.0185413 0.0325987 0.0215885 0.0339246 0.0343954 0.0316378 0.0288729 0.016571 0.0195342 0.0250949 0.0118905 0.00709291 0.00182271 -0.00192418 0.0366298 -0.00919487 -0.00746983 -0.012843 0.0344088 0.000828123 -0.0110829
internal_weight=0 3132.09 938.838 2193.25 833.727 1177.28 360.905 472.822 269.553 1203.53 989.723 950.526 947.705 941.441 769.133 640.988 147.333 140.828 698.111 252.415 253.001 200.659 213.1 105.111 366.364 349.65 104.541 220.526 16.161 290.485
internal_count=1074050 105860 93254 12606 92605 968190 17009 75596 131352 8333 4273 5490 3090 3067 2749 2471 844 746 3448 2042 2843 2513 12971 649 39832 35900 29451 790 96 32681
is_linear=0
shrinkage=0.05


Tree=38
num_leaves=31
num_cat=0
split_feature=1 1 102 1 42 42 55 86 112 69 106 113 3 42 97 113 114 79 113 42 112 102 111 103 113 106 86 4 3 104
split_gain=1307.17 136.708 66.6402 64.9671 46.4683 41.8396 28.0209 25.3982 16.9393 15.1588 14.2861 12.154 10.0157 9.75597 9.6144 10.8041 9.25962 9.55994 9.13276 8.9093 8.53745 7.26831 7.26441 9.42774 10.0979 7.6003 7.24217 10.1682 7.88834 8.4501
threshold=0.11665055024126079 0.86620967868038068 7.5000000000000009 0.0088049481694041625 92.500000000000014 7.5000000000000009 1.0000000180025095e-35 8.0833333333350019 0.030995500000000006 8.5000000000000018 5.5500000000000007 0.93300150000000015 43454.500000000007 4.5000000000000009 1579.5000000000002 0.6936824166665001 0.092087500000000003 0.20872900000000003 0.1948835833335 1825.0000000000002 0.049539500000000007 1.5000000000000002 0.055297500000000006 1.5000000000000002 0.11670716666650001 5.7750000000000012 2.9166666666650003 642.50000000000011 1326.5000000000002 9.5000000000000018
decision_type=2 2 2 2 2 2 2 2 2 2 2 2 2 2 2 2 2 2 2 2 2 2 2 2 2 2 2 2 2 2
left_child=3 2 4 -1 8 10 14 13 11 18 -3 16 26 -5 15 -4 -2 -18 -8 -20 -14 -15 23 24 25 -7 -12 28 -28 -30
right_child=1 5 6 7 -6 22 9 -9 -10 -11 12 -13 20 21 -16 -17 17 -19 19 -21 -22 -23 -24 -25 -26 -27 27 -29 29 -31
leaf_value=-0.05107866482253523 -0.0076536001362186232 0.010306804763570607 -0.021585381425660605 -0.016863727242151193 0.042215535847173719 -0.055776643301596623 -0.010252049312072201 -0.03908988913266203 0.024327791810534408 -0.026741078693445192 0.037862048212058109 0.021408215875063325 0.018177707514322138 0.03804056426404856 -0.037316593164198185 0.026713463255527359 0.021628188242635172 -0.010086686804980861 0.0058912422321185307 0.045152963800057622 0.040100238100726514 -0.015368348749675804 0.047387462954795796 0.048940548293832487 0.031339049490212011 0.0397267113024313 0.020729124189256678 0.029560704955549473 0.053405705526358607 -0.026096195581533633
leaf_weight=871.0125539893852 199.60253295334405 230.15820139757125 69.445404988044174 145.45500419806194 126.71565075349645 5.9377977112308127 89.794624722795561 169.05170041416568 124.45502582553308 49.208437100794981 164.18252785596997 72.824744074634509 593.38843592396006 15.576708002627129 86.68653263853048 13.895350907681857 68.841469318256713 36.285521807032637 201.07719041315431 15.567941850982605 48.003284839913249 10.777587999364187 164.001359783113 82.129677057266235 221.38250191474799 3.2090854402631521 46.07431378797628 266.57265767338686 3.9503157548606422 21.715510838199407
leaf_count=836838 16316 1990 8984 43304 1037 78 5735 105867 2666 5323 465 2561 2963 955 22698 490 1775 1347 6920 72 140 2861 344 125 721 15 198 1058 9 195
internal_value=0 0.017678 0.00417514 -0.0438366 0.0151598 0.0261006 -0.00896293 -0.0253306 0.00833053 -0.000981117 0.0216727 0.00305727 0.0239596 -0.0117921 -0.0256586 -0.0135325 -0.00132827 0.0106815 0.00315545 0.00871256 0.0198184 0.016199 0.0388648 0.0343943 0.029212 -0.0222703 0.0292455 0.0250639 0.00835456 -0.0138598
internal_weight=0 3005.11 1154.4 1211.87 628.725 1850.71 525.675 340.861 502.009 355.648 1374.05 377.554 1143.89 171.809 170.027 83.3408 304.73 105.127 306.44 216.645 641.392 26.3543 476.66 312.659 230.529 9.14688 502.495 338.313 71.7401 25.6658
internal_count=1074050 84225 75924 989825 25702 8301 50222 152987 24665 18050 7018 21999 5028 47120 32172 9474 19438 3122 12727 6992 3103 3816 1283 939 814 93 1925 1460 402 204
is_linear=0
shrinkage=0.05


Tree=39
num_leaves=31
num_cat=0
split_feature=1 1 42 1 102 102 1 42 108 55 102 113 45 64 66 42 97 3 108 3 60 4 113 73 97 53 113 60 85 1
split_gain=1237.56 155.959 68.186 55.8154 35.924 26.8615 17.9779 16.4518 15.9565 15.0995 12.7271 10.7946 10.5193 12.8105 9.38615 8.66885 9.91414 8.58455 8.57306 12.9743 8.26446 8.24942 8.7251 9.77462 8.70183 8.13823 8.30284 8.07232 7.93042 7.91071
threshold=0.37969951586789719 0.012339227772512141 2.5000000000000004 0.7740980979447657 7.5000000000000009 4.5000000000000009 0.94875966535953815 297.50000000000006 0.015965000000000003 1.0000000180025095e-35 12.500000000000002 0.5284596250000001 1.0000000180025095e-35 6.083333333335001 1.0000000180025095e-35 1508.5000000000002 533.50000000000011 34851.000000000007 0.049519500000000001 393.00000000000006 0.029483500000000003 114529.50000000001 0.16290550000000001 2.5000000000000004 1834.5000000000002 8.5000000000000018 0.5284596250000001 0.0017535000000000003 9.5000000000000018 0.0030842274181046617
decision_type=2 2 2 2 2 2 2 2 2 2 2 2 2 2 2 2 2 2 2 2 2 2 2 2 2 2 2 2 2 2
left_child=1 18 3 10 7 12 11 25 20 15 27 -5 13 -4 21 16 -7 -16 -1 -20 -6 -11 23 -23 -24 -3 -27 -2 -15 -21
right_child=2 4 5 6 8 9 -8 -9 -10 14 -12 -13 -14 28 17 -17 -18 -19 19 29 -22 22 24 -25 -26 26 -28 -29 -30 -31
leaf_value=-0.051754498169994112 -0.0013583741277854121 -0.0027241174014210803 0.040085648832451991 0.0055365386058610954 -0.038341142857919105 0.021051571427717925 0.023065062429538805 0.043156795145598927 -0.011345204816787613 0.033189991213502523 -0.015203615581726984 0.020524687824811521 0.052154615644346973 0.026335801454527193 -0.046345572149927475 0.032158657574962383 -0.036833650343697413 0.017820932798509392 0.094210322010235645 -0.04652178885773875 -0.0042537464176029367 0.015790390969827175 0.028019884292633235 -0.064444867316833951 -0.03608756686625586 -0.044931136594453337 -0.0040031328343947707 0.023221438304563767 -0.020866302746681616 -0.00348217773351534
leaf_weight=805.65868857149326 135.83889263737365 206.86469774722354 344.90443275868893 313.29406462187762 213.25131638415041 10.55716726486571 892.61702875024639 17.39759683435841 96.839175481029088 154.19195213896455 145.31788942105777 194.83898277388653 97.062795739155263 187.22101796651259 8.675133424287198 10.546893718768841 24.711899072455708 13.058777927653862 1.9572025226516405 46.314513264202105 19.398981781356269 8.3401026006322336 53.149508973117918 6.9665701705962411 5.8788867082912466 25.791639495626441 23.85045595295378 44.294687814312056 9.3424762152135354 13.874567413047769
leaf_count=793431 6906 31018 1062 4816 95938 243 3212 1053 19718 993 11573 1809 204 1609 265 183 3514 106 104 57896 3155 86 277 122 69 16691 5757 963 222 11055
internal_value=0 -0.0367996 0.020347 0.0144575 -0.0172764 0.0312248 0.0187912 -0.00389561 -0.0283999 0.0187766 -0.00419507 0.0112836 0.0369969 0.0342798 0.0236078 -0.0076133 -0.0195067 -0.00779125 -0.0503742 -0.0324808 -0.0354988 0.026594 0.0129121 -0.0207273 0.0216352 -0.00708694 -0.0252674 0.00468578 0.0240923 -0.0366005
internal_weight=0 1471.2 2660.81 1726.2 603.394 934.608 1400.75 273.904 329.489 296.077 325.451 508.133 638.531 541.468 250.261 45.816 35.2691 21.7339 867.805 62.1463 232.65 228.527 74.3351 15.3067 59.0284 256.507 49.6421 180.134 196.563 60.1891
internal_count=1074050 1035816 38234 29279 173330 8955 9837 54519 118811 5858 19442 6625 3097 2893 1918 3940 3757 371 862486 69055 99093 1547 554 208 346 53466 22448 7869 1831 68951
is_linear=0
shrinkage=0.05


Tree=40
num_leaves=31
num_cat=0
split_feature=1 1 42 1 84 1 109 53 114 42 71 114 42 73 45 110 102 106 113 114 110 112 113 97 86 82 102 76 97 3
split_gain=1169.67 146.058 54.4545 39.7165 30.4496 29.9516 25.8439 25.3513 16.9563 14.8921 12.8986 12.1483 11.4234 11.9895 10.6177 9.49054 9.45684 8.99969 8.67602 8.08285 7.61556 7.38963 7.18412 10.2164 7.13951 7.11802 7.4394 10.2292 7.07548 6.85531
threshold=0.072661120000328969 0.60678019017954943 1.0000000180025095e-35 0.0083575017706393109 0.58333333333350013 0.94875966535953815 36.500000000000007 2.5000000000000004 0.044933500000000008 1.0000000180025095e-35 7.5000000000000009 0.061500500000000007 50.500000000000007 29.500000000000004 1.0000000180025095e-35 5.5000000000000009 6.5000000000000009 6.083333333335001 0.42879425000000004 0.077111000000000013 13.500000000000002 0.056304500000000007 0.39199979166650006 7206.5000000000009 4.2916666666650007 17.500000000000004 11.500000000000002 0.27148750000000005 1404.5000000000002 6290.5000000000009
decision_type=2 2 2 2 2 2 2 2 2 2 2 2 2 2 2 2 2 2 2 2 2 2 2 2 2 2 2 2 2 2
left_child=3 4 5 14 6 11 9 12 16 -2 -9 24 13 15 -1 -4 -5 18 -7 -11 -17 28 -8 -24 -3 26 27 -12 29 -19
right_child=1 2 7 8 -6 17 22 10 -10 19 25 -13 -14 -15 -16 20 -18 21 -20 -21 -22 -23 23 -25 -26 -27 -28 -29 -30 -31
leaf_value=-0.051035260702155576 -0.0085724706729647365 0.0064130501836194235 0.034920699999610588 -0.019040018723652727 0.05182111024113123 0.013238700928679546 -0.035468605908868432 0.024055252848982571 -0.0064679739161797008 0.0034986293935328678 -0.0092337368272440018 0.013728752741765791 0.041857374164322336 -0.02535923777232937 0.068928144539672206 -0.011841163117442986 -0.043119092188750464 0.03157911682878782 -0.032305261741599145 0.029271277704011486 0.023911065288572522 0.048088205937330181 -0.0024266562030854687 -0.041653204680120126 -0.0091136275282023334 0.0331412008147072 -0.019511290167944961 0.04767274402522044 0.030586745797659683 0.015383910413967188
leaf_weight=795.75627219161834 272.35323730405071 152.00708199501969 362.40890245256014 58.762961594235094 21.86999967310112 121.85149155929685 83.329881904224749 192.43477455107495 66.59406467640656 100.44415327448951 20.931578092480777 255.48021759348921 303.96831835154444 9.7305584717541915 1.8487593245663436 17.000189285725355 133.21615063680656 82.236001776531339 11.438399791251866 43.639036831213161 120.27225371380337 29.484552752226591 54.475621534438687 23.873019330058014 144.34099552579573 14.458232431526993 40.917065407847986 12.681155005935578 182.64279767218977 318.07571055507287
leaf_count=832248 26522 2662 1341 30312 68 694 30380 1164 19827 8494 630 2932 713 142 481 109 85322 237 75 830 671 59 7662 10432 5682 158 2312 216 579 1096
internal_value=0 0.0159667 0.0214987 -0.0452366 -0.00609149 0.0145696 -0.00828231 0.0297111 -0.0282076 -0.00169522 0.016776 0.00573871 0.0341866 0.0296093 -0.0507572 0.0306798 -0.0357487 0.0211044 0.0093303 0.0113045 0.0194834 0.0236668 -0.0252487 -0.0143791 -0.00114946 0.00103483 -0.00519357 0.0122355 0.0224317 0.0187109
internal_weight=0 2992.35 2392.36 1056.18 599.985 1297.56 578.115 1094.8 258.573 416.436 281.423 551.828 813.38 509.412 797.605 499.681 191.979 745.729 133.29 144.083 137.272 612.439 161.679 78.3486 296.348 88.988 74.5298 33.6127 582.955 400.312
internal_count=1074050 105860 21472 968190 84388 14016 84320 7456 135461 35846 4480 11276 2976 2263 832729 2121 115634 2740 769 9324 780 1971 48474 18094 8344 3316 3158 846 1912 1333
is_linear=0
shrinkage=0.05


Tree=41
num_leaves=31
num_cat=0
split_feature=1 1 92 42 1 114 102 97 113 100 42 1 64 59 106 66 102 113 110 3 3 39 110 64 64 3 110 113 97 4
split_gain=1109.71 140.879 54.3346 41.6938 39.0062 32.4255 17.0807 16.542 16.8156 16.4697 16.3152 13.8179 12.7942 11.9045 11.7407 11.3921 9.86008 9.75479 9.72405 9.61088 9.76753 8.87369 8.78591 8.22646 9.71835 8.16526 8.33761 7.97515 13.7919 7.84748
threshold=0.072661120000328969 0.7740980979447657 0.019188000000000004 3.5000000000000004 0.0088049481694041625 0.045941500000000003 14.500000000000002 3677.5000000000005 0.36031170833350007 8.5000000000000018 1.0000000180025095e-35 0.94875966535953815 136.58333333350001 23.500000000000004 8.3666666666650027 1.0000000180025095e-35 4.5000000000000009 0.21361350000000004 3.5000000000000004 68784.500000000015 24717.000000000004 1.0000000180025095e-35 10.500000000000002 3.0833333333350006 4.5500000000000007 68784.500000000015 5.5000000000000009 0.7421769166665001 2889.5000000000005 1567682.0000000002
decision_type=2 2 2 2 2 2 2 2 2 2 2 2 2 2 2 2 2 2 2 2 2 2 2 2 2 2 2 2 2 2
left_child=4 2 5 6 -1 7 14 8 12 29 25 15 -2 17 19 -5 -17 -8 -4 20 23 -21 -9 -3 -25 -7 -27 -11 -29 -6
right_child=1 3 18 11 9 10 13 22 -10 27 -12 -13 -14 -15 -16 16 -18 -19 -20 21 -22 -23 -24 24 -26 26 -28 28 -30 -31
leaf_value=-0.050634685107649957 -0.01264766644052949 0.033172964647864948 0.042500406499437267 0.027812720174151345 -0.0067086474524257244 0.014407303466557331 -0.0045736455504698749 0.002643050636695992 0.0023789120938348843 -0.044961872851008229 0.020855853842514097 0.040348881752735606 -0.043074517582295468 -0.060823474375998998 0.025183135556452144 0.018976374114338335 -0.064201405412470103 0.014495080053709001 0.006349650157452826 0.004176682469822778 0.042146282079635403 0.054320683352141033 -0.041741003836801717 -0.029605054129663556 0.014466372791875917 0.00054703327113555058 -0.025198124116459365 0.013399082003743373 -0.047692080454871583 -0.048429090801804062
leaf_weight=767.11282955840579 185.43262523079466 42.16906217020005 75.92310724046547 296.09449171298184 86.745542893491802 52.902995647949865 88.30191658239346 13.392207101671373 172.40452578398981 112.82110602829198 127.77450157965359 333.91311482875608 42.460213153230143 6.0464395581511772 668.29100808943622 8.0933932317420822 6.3649145328672594 278.9018038889626 24.638236894883448 187.64230115452665 47.033742935571354 9.2581074722111207 66.594452026496583 15.545512315584345 64.036967206047848 87.238314289686969 49.174264008499449 17.854774901381461 19.144573183744797 12.954504726600133
leaf_count=836838 24186 168 273 1416 23446 2534 1348 3023 13077 85316 3319 802 15352 431 3239 106 181 1924 426 1871 266 29 22298 162 663 4992 3774 4504 12081 6005
internal_value=0 0.0155268 -0.000990678 0.0227558 -0.045049 -0.00535855 0.0179322 -0.0135512 -0.00940328 -0.0278766 0.00705055 0.0332883 -0.0183167 0.00876377 0.0212419 0.0256966 -0.0176406 0.0099096 0.0336432 0.0140393 0.0227942 0.00653442 -0.0343098 0.0153183 0.00585753 -0.00226705 -0.00873363 -0.0383556 -0.0182113 -0.0121296
internal_weight=0 2949.63 897.935 2051.69 1016.63 797.374 1407.23 480.284 400.297 249.521 317.09 644.466 227.893 373.25 1033.98 310.553 14.4583 367.204 100.561 365.686 168.785 196.9 79.9867 121.752 79.5825 189.316 136.413 149.82 36.9993 99.7
internal_count=1074050 105860 93254 12606 968190 92555 10101 77936 52615 131352 14619 2505 39538 3703 6398 1703 287 3272 699 3159 1259 1900 25321 993 825 11300 8766 101901 16585 29451
is_linear=0
shrinkage=0.05


Tree=42
num_leaves=31
num_cat=0
split_feature=1 1 42 1 1 102 102 40 114 109 42 113 104 64 92 102 1 42 86 73 112 85 71 73 106 97 106 93 108 102
split_gain=1049.96 135.165 59.6949 41.0661 39.0282 22.291 19.9307 17.3149 15.9422 12.8818 12.3502 12.3374 10.6083 9.62955 13.5359 8.34366 8.2638 9.44093 12.7566 7.91653 7.91485 7.8252 7.57479 7.56872 7.50154 7.25955 7.88826 8.11638 7.10087 7.07916
threshold=0.072661120000328969 0.48090646582193369 2.5000000000000004 0.94875966535953815 0.0088049481694041625 6.5000000000000009 1.5000000000000002 7.5000000000000009 0.044933500000000008 394.50000000000006 4.5000000000000009 0.40500100000000006 3.5000000000000004 6.083333333335001 0.064818000000000014 6.5000000000000009 0.94875966535953815 856.00000000000011 6.2916666666650007 6.5000000000000009 0.027653 7.5000000000000009 3.5000000000000004 10.500000000000002 4.6333333333350009 878.50000000000011 21.900000000000002 0.022311000000000004 0.015965000000000003 7.5000000000000009
decision_type=2 2 2 2 2 2 2 2 2 2 2 2 2 2 2 2 2 2 2 2 2 2 2 2 2 2 2 2 2 2
left_child=4 5 3 7 -1 10 13 11 15 12 -2 21 -8 -4 23 -6 17 18 25 -19 -13 -3 -22 24 -15 -14 27 -27 -7 -5
right_child=1 2 6 29 8 28 9 -9 -10 -11 -12 20 16 14 -16 -17 -18 19 -20 -21 22 -23 -24 -25 -26 26 -28 -29 -30 -31
leaf_value=-0.05050236023013889 -0.0050392317176671669 0.0063430700201412525 0.041586372048533445 0.024110329057395678 -0.018963433515405727 -0.026828363588513822 -0.05146618702572936 -0.013729685108379545 -0.0060579370537629691 -0.06247735948558452 0.022886889651060845 0.011945619334848522 0.030944858841212359 -0.014391336673934156 0.050823288227753609 -0.042278115164557303 0.035134711581079447 0.045865288231506464 -0.010465545548179696 -0.0049557889741200069 0.039375429867052579 -0.01115808310252386 -0.022430722413219653 -0.0081509410316007499 0.028423154360439063 -0.03796807143038107 0.028232178829971494 0.015085245140168901 -0.0084667334320560322 0.013524317697131303
leaf_weight=735.91999814480369 168.77451403702435 239.05051072058268 332.71743548288941 644.71124782785773 55.543191860633669 155.64100184304698 4.8576841258909544 101.67332131935109 64.286752062063897 4.5927226671483359 51.723905558043043 260.93250134930713 69.471129494486377 11.211023388343163 47.598426543176174 124.14236557188269 96.964138923445717 41.422076646238565 46.29030466794211 9.4021152465138567 48.204573561903089 87.158075774263125 5.5255713695660225 20.340015350346221 117.00947187020211 14.274980587069878 22.689635294605978 14.56408233894035 79.573663249924721 209.1634315578267
leaf_count=836838 20364 5532 892 2422 29389 43427 41 7673 19188 1238 3579 3333 358 335 71 82775 273 163 1844 104 268 2883 103 405 628 280 135 104 8615 790
internal_value=0 0.0150943 0.0197455 0.0140389 -0.0447569 -0.00990978 0.0304205 0.00543939 -0.0274262 0.020666 0.0015116 0.00848053 0.0218595 0.036406 0.0276192 -0.0350712 0.02299 0.017591 0.0118573 0.0364637 0.0155441 0.00166702 0.0330193 0.0201847 0.0246796 0.0203972 0.00617689 -0.0111755 -0.0206166 0.0215172
internal_weight=0 2905.54 2449.82 1596.42 979.892 455.713 853.405 742.545 243.972 324.529 220.498 640.871 319.936 528.876 196.159 179.686 315.078 218.114 167.29 50.8242 314.663 326.209 53.7301 148.561 128.22 121 51.5287 28.8391 235.215 853.875
internal_count=1074050 105860 29875 23004 968190 75985 6871 19792 131352 4540 23943 12119 3302 2331 1439 112164 3261 2988 2721 267 3704 8415 371 1368 963 877 519 384 52042 3212
is_linear=0
shrinkage=0.05


Tree=43
num_leaves=31
num_cat=0
split_feature=1 1 67 42 1 114 42 64 86 86 1 42 61 102 113 64 97 55 42 113 57 106 99 100 1 79 86 45 45 113
split_gain=992.774 132.563 49.644 41.8066 38.979 31.4994 16.7937 16.2826 15.578 15.4476 14.108 12.8993 15.7787 12.5187 11.0775 10.9417 9.08882 8.91494 8.76666 7.8412 7.77943 8.09687 8.60848 7.46393 7.65132 7.44033 7.43833 7.38842 6.93357 6.88614
threshold=0.072661120000328969 0.7740980979447657 0.062324500000000012 1.0000000180025095e-35 0.0088049481694041625 0.045941500000000003 3.5000000000000004 1291.1666666650001 4.7750000000000012 2.9166666666650003 0.94875966535953815 23.500000000000004 3.5000000000000004 3.5000000000000004 0.35314050000000002 140.12500000000003 18470.500000000004 4.5000000000000009 2103.0000000000005 0.61766125000000016 1.0000000180025095e-35 6.083333333335001 16.500000000000004 9.5000000000000018 0.86620967868038068 0.14319500000000004 3.5500000000000003 1.0000000180025095e-35 1.0000000180025095e-35 1.2504596250000002
decision_type=2 2 2 2 2 2 2 2 2 2 2 2 2 2 2 2 2 2 2 2 2 2 2 2 2 2 2 2 2 2
left_child=4 2 5 10 28 7 26 14 25 -5 -3 12 13 17 15 18 29 -11 -2 -14 21 -12 -23 24 -15 -6 -7 -9 -1 -16
right_child=1 3 -4 9 8 6 -8 27 -10 11 20 -13 19 23 16 -17 -18 -19 -20 -21 -22 22 -24 -25 -26 -27 -28 -29 -30 -31
leaf_value=-0.050598597294626804 -0.015247296223096691 0.0078723383075413444 0.041522537857826239 0.037341600250176646 -0.019804654386926725 0.0094515173883104823 0.02409730328778182 -0.048743094418419418 -0.037196563822253635 0.023745468863801935 0.0066912163516428943 0.034695300556569594 0.019269019492720241 -0.06437088999044531 -0.0044479037557016449 -0.042027760164468853 -0.048084933066751795 -0.031235270443523772 0.033732581694947673 0.040973237246119426 0.048814031505523443 0.021743559810028359 -0.039567793028781051 -0.043612008178230029 0.0075454501843595315 0.011739589824262459 -0.0086329977407951907 0.041563330425944456 0.059330767053883231 0.017805786252813937
leaf_weight=703.81095450596331 185.53318469054648 399.07535579288378 62.320518052089028 394.73379759211093 67.039757623926562 104.88099730788963 101.28520977978769 37.804745574336266 145.93671157059725 60.312285647640238 116.97830280894414 176.57468689850066 119.67751354211941 4.2710159248672452 158.47892819208209 38.418172268531634 10.13423048063123 8.3997073976788652 9.6087684115627763 63.796391858253628 22.102957824245095 567.67458925582469 5.7834496619179836 16.397632517386228 27.589153109118342 25.921619232627563 124.18261630655616 2.4092692218837319 1.4373266540496832 44.530384936995688
leaf_count=836352 25176 5593 225 1069 22485 4050 1693 19146 105117 492 735 772 750 72 13932 13590 3177 133 274 190 63 1918 24 672 123 3750 9016 385 486 2590
internal_value=0 0.0146626 -0.00149348 0.0218275 -0.0444616 -0.00477366 0.00714371 -0.012859 -0.0270062 0.0300248 0.015399 0.0239702 0.0176669 0.00331612 -0.0101156 -0.0176373 -0.00187341 0.0170243 -0.0128355 0.0268159 0.0196145 0.0186797 0.0211252 -0.0162024 -0.0020953 -0.0110088 -0.000352669 -0.0433327 -0.0503746 0.000433475
internal_weight=0 2862.95 879.587 1983.37 944.146 817.267 330.349 486.918 238.898 871.752 1111.61 477.018 300.444 116.97 446.704 233.56 213.144 68.712 195.142 183.474 712.539 690.436 573.458 48.2578 31.8602 92.9614 229.064 40.214 705.248 203.009
internal_count=1074050 105860 93254 12606 968190 93029 14759 78270 131352 4273 8333 3204 2432 1492 58739 39040 19699 625 25450 940 2740 2677 1942 867 195 26235 13066 19531 836838 16522
is_linear=0
shrinkage=0.05


Tree=44
num_leaves=31
num_cat=0
split_feature=1 1 42 42 1 86 65 114 77 4 109 85 114 102 113 109 102 67 3 97 106 79 66 114 0 108 112 3 77 102
split_gain=937.682 126.554 58.4517 39.5823 39.0023 33.2349 19.932 14.6398 13.1393 11.3064 11.0591 10.9663 10.8072 10.5312 10.5002 9.70741 8.22852 7.98395 7.7473 7.73596 9.95711 7.62532 7.57261 7.37193 8.66925 7.2985 7.90365 7.00193 8.81299 6.9492
threshold=0.072661120000328969 0.86620967868038068 31.500000000000004 1.0000000180025095e-35 0.0088049481694041625 8.9000000000000021 1.0000000180025095e-35 0.044933500000000008 0.031041000000000003 21207.500000000004 59.500000000000007 9.5000000000000018 0.055249000000000006 12.500000000000002 0.29525100000000004 157.50000000000003 6.5000000000000009 0.059568000000000003 8407.0000000000018 3565.5000000000005 5.7750000000000012 0.15235650000000003 1.5000000000000002 0.13193750000000004 0.0081185000000000025 0.046039500000000004 0.073181500000000024 38.500000000000007 0.026711000000000002 1.5000000000000002
decision_type=2 2 2 2 2 2 2 2 2 2 2 2 2 2 2 2 2 2 2 2 2 2 2 2 2 2 2 2 2 2
left_child=4 2 5 9 -1 8 15 16 12 14 17 27 22 -7 -3 25 -6 -11 -13 20 -15 -14 -2 24 -23 26 -4 -5 -29 -10
right_child=1 3 6 11 7 13 -8 -9 29 10 -12 18 21 19 -16 -17 -18 -19 -20 -21 -22 23 -24 -25 -26 -27 -28 28 -30 -31
leaf_value=-0.050264306319072805 -0.004570965346769356 0.0084080699488636498 0.0031697017915200427 0.054668356613385642 -0.01789789203784525 -0.0057185097250705245 0.044064520373713091 -0.00596739909155898 0.024264842431796406 0.010653927051644538 -0.035152464627761969 -0.022917662459677524 0.013618731797497133 -0.041322903139954403 0.025263889401778091 -0.037472619138451423 -0.041563796896621402 0.051855310156182714 0.021896491052076361 -0.042781609921849428 -0.010203934401641659 0.02366743002459595 -0.025824619494795805 0.012365494473090528 -0.025154345126068789 0.032967768687983456 0.049244991927561252 0.02840846796076171 0.041296613600704052 0.0015190676093719982
leaf_weight=674.99387078551081 220.86239608826872 120.42679836880416 82.184235748209176 36.745011922903359 53.431934456137242 96.256962052691961 80.744246091868263 62.989112263734569 86.255980754387565 416.00768614793196 12.909322928171603 14.001980918459592 137.35242940642638 36.735006740767858 396.88782419171184 8.9044569386751373 117.50004728943168 12.10000843554735 30.986361819785088 50.660575723763031 85.61289566270716 11.243829498183912 51.725301207305165 38.355235581519082 47.527797917544376 44.797721202397952 10.496166389435528 448.37782130821142 188.3664164673537 54.985097454016795
leaf_count=836838 15765 934 4001 72 29389 14907 332 19188 2021 2643 231 247 4579 9471 1678 4195 82775 36 174 19416 11297 246 5267 874 2460 297 30 1831 455 2401
internal_value=0 0.0142279 0.00141153 0.0229771 -0.044167 -0.00420977 0.0241211 -0.0265728 0.00192286 0.0163255 0.0104435 0.0318493 -0.0018339 -0.0189752 0.02134 0.0131204 -0.034166 0.0118184 0.00794872 -0.0263509 -0.0195474 0.00603648 -0.00860399 -0.004686 -0.0158141 0.0163973 0.00838778 0.0334458 0.0322211 0.0154099
internal_weight=0 2821.51 1144.7 1676.81 908.915 917.574 227.127 233.921 648.308 958.332 441.017 718.478 507.067 269.265 517.315 146.383 170.932 428.108 44.9883 173.008 122.348 234.479 272.588 97.1269 58.7716 137.478 92.6804 673.489 636.744 141.241
internal_count=1074050 105860 97559 8301 968190 88704 8855 131352 33613 5522 2910 2779 29191 55091 2612 8523 112164 2679 421 40184 20768 8159 21032 3580 2706 4328 4031 2358 2286 4422
is_linear=0
shrinkage=0.05


Tree=45
num_leaves=31
num_cat=0
split_feature=1 1 42 1 1 102 102 55 86 45 114 42 73 106 111 109 106 66 38 4 3 113 0 112 0 0 4 79 113 97
split_gain=884.977 119.85 57.6125 38.653 33.9248 26.1802 20.9427 17.1894 13.9811 13.0049 12.3071 11.1787 10.1435 9.92063 10.1693 8.58083 8.42348 7.6238 8.11851 7.28212 8.84904 7.24654 7.19875 6.90546 6.94053 6.62993 7.23017 6.58927 6.48559 11.4238
threshold=0.072661120000328969 0.48090646582193369 1.0000000180025095e-35 0.0088049481694041625 0.94875966535953815 15.500000000000002 6.5000000000000009 1.0000000180025095e-35 4.7750000000000012 1.0000000180025095e-35 0.061500500000000007 13.500000000000002 33.500000000000007 20.100000000000005 0.19023550000000003 82.500000000000014 4.2916666666650007 1.0000000180025095e-35 2.5000000000000004 370.00000000000006 393.00000000000006 0.42373300000000008 0.095871500000000012 0.049539500000000007 0.09822400000000002 0.001433 114529.50000000001 0.14319500000000004 0.72474570000000005 2889.5000000000005
decision_type=2 2 2 2 2 2 2 2 2 2 2 2 2 2 2 2 2 2 2 2 2 2 2 2 2 2 2 2 2 2
left_child=3 6 4 -1 10 9 11 -7 27 12 15 -2 13 14 17 22 -12 18 -4 20 -9 -19 -3 24 -6 -21 -27 -5 -10 -30
right_child=1 2 5 8 23 7 -8 19 28 -11 16 -13 -14 -15 -16 -17 -18 21 -20 25 -22 -23 -24 -25 -26 26 -28 -29 29 -31
leaf_value=-0.050123823028445869 -0.0043405551602776682 -0.0023295980046633704 0.030121326449613711 -0.019383408524767935 0.018045171165862881 -0.014814840590759057 -0.020704903122513961 0.04723727945144824 -0.042575899092925293 0.049682472362752805 -0.014965158842638167 0.025056045474500251 -0.011691759850708342 0.040175500349954166 -0.053716538057360402 -0.02942531057774966 0.013669193511913881 -0.015811877743465447 -0.009627182303973747 -0.078387868901434482 -0.030847278560697619 0.02718836152102215 0.066027032523705245 0.038067963045536925 -0.025718008376780305 0.028751621794899224 0.0081349864624740819 0.010596831690106726 0.010779003159842676 -0.046080613373990525
leaf_weight=645.90739772380402 175.48890636600845 297.26034309228999 446.32354609399044 65.162736159807537 638.38973980094306 44.714853715588106 226.58145537012751 4.8995934844715547 102.76530663813901 87.881831248640083 28.864702553197276 39.645714418773423 14.790245666750705 181.64002276526298 3.9161318941041818 30.140848926646868 233.05367102811579 19.310406339543988 13.2268936651526 1.6363422484137107 13.983856956852831 19.889389448333532 3.902110969182103 43.212048724293709 9.1901484057307226 143.88766330183716 60.367386786267161 25.499685539965867 17.609886522353918 17.725326561143447
leaf_count=836838 21754 9027 2613 22485 2552 3832 52042 33 87654 205 866 2189 350 685 25 3703 2998 520 97 17 384 135 23 142 46 1098 524 3750 4911 12552
internal_value=0 0.0137914 0.0182997 -0.0438685 0.011184 0.0269481 -0.0100963 0.0134976 -0.0262069 0.031554 0.00241383 0.00107675 0.0292751 0.0301606 0.0265416 -0.00398957 0.0105135 0.0271718 0.0289773 0.0191298 -0.0105871 0.0060058 -0.00144391 0.0187155 0.0174241 0.0218553 0.0226584 -0.0109512 -0.0362222 -0.0177437
internal_weight=0 2782.2 2340.48 874.67 1284.01 1056.47 441.716 269.49 228.763 786.978 593.222 215.135 699.097 684.306 502.666 331.303 261.918 498.75 459.55 224.775 18.8835 39.1998 301.162 690.792 647.58 205.891 204.255 90.6624 138.101 35.3352
internal_count=1074050 105860 29875 968190 19357 10518 75985 5888 131352 4630 16617 23943 4425 4075 3390 12753 3864 3365 2710 2056 417 655 9050 2740 2598 1639 1622 26235 105117 17463
is_linear=0
shrinkage=0.05


Tree=46
num_leaves=31
num_cat=0
split_feature=1 1 84 1 42 102 86 42 1 114 97 94 113 86 114 111 1 113 97 106 4 4 113 97 113 0 97 42 114 66
split_gain=836.373 115.852 47.0436 37.8761 37.0984 27.8817 20.5644 18.218 16.1645 14.9921 11.5371 11.3832 11.2264 9.5859 9.0847 10.3858 8.57137 8.47513 14.1634 8.35 8.15303 7.70028 7.65211 7.50159 7.43968 7.41099 7.7293 7.30459 7.83062 7.28699
threshold=0.072661120000328969 0.7740980979447657 0.58333333333350013 0.0030842274181046617 5.5000000000000009 7.5000000000000009 6.9166666666650007 3.5000000000000004 0.94875966535953815 0.015482500000000001 3677.5000000000005 943.50000000000011 0.40500100000000006 11.900000000000002 0.090213000000000015 0.12409950000000002 0.94875966535953815 0.72474570000000005 2889.5000000000005 12.708333333350001 182686.50000000003 2563.5000000000005 1.1222143333350003 4510.5000000000009 0.49088075000000003 0.0072685000000000007 1024.5000000000002 1.5000000000000002 0.017858000000000002 4.5000000000000009
decision_type=2 2 2 2 2 2 2 2 2 2 2 2 2 2 2 2 2 2 2 2 2 2 2 2 2 2 2 2 2 2
left_child=3 2 5 -1 8 7 14 19 13 10 12 16 25 24 15 -5 -6 -8 -19 -2 21 -9 -13 -15 -3 26 -7 28 -11 -10
right_child=1 4 -4 6 11 9 17 20 29 27 -12 22 -14 23 -16 -17 -18 18 -20 -21 -22 -23 -24 -25 -26 -27 -28 -29 -30 -31
leaf_value=-0.051318726415037409 -0.0088793533332879749 0.0058708412845351384 0.045618054028496696 -0.025171074691314067 0.02648983609057767 0.013232801070640843 -0.046781231484569773 -0.0011807030316184383 0.020770528620741684 0.049829006595299208 -0.041821857420812063 -0.025590532244458338 0.0010959935423887352 -0.003165063386290252 0.012252892962719355 0.039290061575519057 0.039539045703135753 0.011057454946757099 -0.048282926393987319 0.0087028104640873415 0.0019903262064231144 0.038497561372467258 0.028366127051701953 -0.058433918835100067 0.018886502006413695 -0.032809100698816283 -0.042224839219593163 0.01029666067501812 -0.014511802055456394 -0.012469870760384839
leaf_weight=551.34564313531519 180.02169618543121 253.53112818277441 48.919351755757816 89.044092048821767 246.4325138553977 20.51352141646203 126.40421529749437 15.25589686497551 834.47875950019807 4.9805232989019705 57.57707130433846 14.141378809348682 61.976794396541663 59.264102084212936 26.869005860349716 6.7201830810590755 257.15948741300963 18.926887034613173 21.453387029228907 108.06300060148351 36.756194512607181 61.599966132416739 12.274535387405193 6.8490227834263342 193.64730662014335 85.098781325708842 9.0567463072657102 65.326246319891652 93.614546853583306 16.819854395464063
leaf_count=744064 19022 3552 127 54181 1181 1855 136458 1831 3283 117 21907 256 5236 1515 5796 1503 645 7803 18385 6506 1581 1568 56 637 1386 20331 2174 2595 8404 95
internal_value=0 0.0133713 -0.00198002 -0.0436298 0.0202486 -0.00489118 -0.0289822 0.00440274 0.0158881 -0.014268 -0.0223848 0.0314752 -0.0160494 0.00887989 -0.0134391 -0.0206476 0.0331534 -0.0404108 -0.0204691 -0.00228414 0.0213586 0.0306214 -0.000518793 -0.00889067 0.0115072 -0.0253162 -0.0037527 -0.00267018 -0.0112616 0.0201138
internal_weight=0 2743.36 848.76 840.763 1894.6 799.841 289.418 401.697 1364.59 398.144 234.223 530.008 176.646 513.292 122.633 95.7643 503.592 166.784 40.3803 288.085 113.612 76.8559 26.4159 66.1131 447.178 114.669 29.5703 163.921 98.5951 851.299
internal_count=1074050 105860 93254 968190 12606 93127 224126 30508 10468 62619 51503 2138 29596 7090 61480 55684 1826 162646 26188 25528 4980 3399 312 2152 4938 24360 4029 11116 8521 3378
is_linear=0
shrinkage=0.05


Tree=47
num_leaves=31
num_cat=0
split_feature=1 1 42 1 42 102 86 86 42 100 106 42 100 102 4 65 114 4 108 69 97 42 1 86 66 104 64 0 106 42
split_gain=787.904 109.472 44.7196 38.0751 37.2141 27.7809 20.3552 14.2281 13.2557 13.0505 12.7051 11.2974 11.3669 11.2013 11.1919 10.3757 9.19995 9.13449 8.76698 8.50375 8.44688 8.10936 8.70973 7.94384 7.83602 7.81674 7.71365 7.55392 7.36957 7.32867
threshold=0.072661120000328969 0.7740980979447657 188.50000000000003 0.0030842274181046617 1.0000000180025095e-35 7.5000000000000009 6.9166666666650007 7.083333333335001 1.0000000180025095e-35 86.500000000000014 6.083333333335001 412.50000000000006 20.500000000000004 11.500000000000002 2563.5000000000005 1.0000000180025095e-35 0.079824500000000007 16153.500000000002 0.013803000000000001 8.5000000000000018 104.50000000000001 1758.5000000000002 0.86620967868038068 9.1000000000000014 1.0000000180025095e-35 8.5000000000000018 814.37500000000011 0.012433500000000002 38.100000000000009 207.50000000000003
decision_type=2 2 2 2 2 2 2 2 2 2 2 2 2 2 2 2 2 2 2 2 2 2 2 2 2 2 2 2 2 2
left_child=3 2 5 -1 10 8 29 21 23 19 20 12 -9 17 -10 16 -4 -12 27 25 -3 22 -6 -2 -19 -7 -14 -15 -20 -5
right_child=1 4 15 6 7 9 -8 11 14 -11 13 -13 26 18 -16 -17 -18 24 28 -21 -22 -23 -24 -25 -26 -27 -28 -29 -30 -31
leaf_value=-0.051240385841419184 0.00022853133339807436 0.029973375010271627 0.0043259981445312587 -0.015440362364481628 0.014010719953551985 -0.034988611652463059 -0.040184847560434611 -0.021991552476663255 -0.021142830672855883 -0.03614092749650432 0.025778799668313021 0.038578181148898244 0.019767598825620087 -0.024077634755988134 0.020586869752660664 0.051272357129819812 0.047593714805154036 0.017498747402538008 0.0098318884220657647 -0.034088764590106291 -0.00073430966860963634 0.047044916191869166 0.03125196975108066 -0.023444579110531022 -0.0028704553228500371 -0.0055414052935993403 -0.041521329353415813 0.0076504631206816085 0.045746095097341982 0.046414500004180625
leaf_weight=528.95079982490279 197.14792521452182 25.301735220476985 41.164025830556056 115.05718593730853 85.168258373159915 24.973947639635298 157.81831888167289 28.686672690790147 18.448674572777236 66.82760355922801 311.24807967909146 32.414036801550537 67.821766767301597 35.30430469638668 124.49658325957716 36.220044072018936 17.512267065583728 247.32649830135051 129.4020613245666 36.909171242659795 194.90375673922244 68.000704162754118 523.44258672976866 43.202959457150428 58.356273442623205 230.85790032485966 5.5541916179645332 40.030724579642992 16.056357608176768 4.9966637564066323
leaf_count=744064 12658 195 3588 61072 594 2745 162646 387 3250 27119 1497 132 816 593 5023 112 79 1465 805 6949 2648 147 1725 8835 486 22896 472 585 59 408
internal_value=0 0.0129269 -0.00209216 -0.0433678 0.0196589 -0.006221 -0.0283818 0.0277166 0.00314409 -0.0162041 0.0134813 0.0128622 0.00469507 0.0162905 0.0152012 0.0302292 0.0172395 0.0197494 0.00662606 -0.0116529 0.00279402 0.030669 0.0288393 -0.0040267 0.0136102 -0.008416 0.0151283 -0.0072183 0.0137963 -0.012866
internal_weight=0 2706.78 837.761 806.823 1869.02 742.865 277.872 811.088 383.296 359.569 1057.93 134.477 102.063 837.724 142.945 94.8963 58.6763 616.931 220.793 292.741 220.205 676.612 608.611 240.351 305.683 255.832 73.376 75.335 145.458 120.054
internal_count=1074050 105860 93254 968190 12606 89475 224126 4273 29766 59709 8333 1807 1675 5490 8273 3779 3667 3448 2042 32590 2843 2466 2319 21493 1951 25641 1288 1178 864 61480
is_linear=0
shrinkage=0.05


Tree=48
num_leaves=31
num_cat=0
split_feature=1 1 42 1 42 71 113 65 86 97 3 92 113 53 114 69 106 66 102 85 111 65 0 61 79 4 4 73 108 61
split_gain=746.631 107.368 51.6699 37.3216 35.6684 31.6881 15.2206 14.853 12.8471 10.7433 9.81974 11.0646 9.75748 11.3542 8.83305 7.63906 7.58629 7.46449 7.25864 6.87856 7.51926 6.85687 10.4554 7.92844 6.81812 6.74831 6.59733 6.25141 9.11516 8.21198
threshold=0.072661120000328969 0.86620967868038068 92.500000000000014 0.0088049481694041625 7.5000000000000009 12.500000000000002 0.27349812500000009 1.0000000180025095e-35 4.7750000000000012 444.50000000000006 100931.00000000001 0.059568000000000003 0.30093000000000009 12.500000000000002 0.092087500000000003 6.5000000000000009 8.3666666666650027 1.0000000180025095e-35 12.500000000000002 7.5000000000000009 0.029062500000000002 1.0000000180025095e-35 0.001433 6.5000000000000009 0.20418300000000003 1093855.0000000002 1654303.0000000002 3.5000000000000004 0.049059500000000006 28.500000000000004
decision_type=2 2 2 2 2 2 2 2 2 2 2 2 2 2 2 2 2 2 2 2 2 2 2 2 2 2 2 2 2 2
left_child=3 2 5 -1 10 6 9 17 -5 -2 12 16 13 27 15 -8 -12 26 -7 20 -11 22 -18 -24 -16 -25 -4 29 -29 -3
right_child=1 4 7 8 -6 18 14 -9 -10 19 11 -13 -14 -15 24 -17 21 -19 -20 -21 -22 -23 23 25 -26 -27 -28 28 -30 -31
leaf_value=-0.049880809210260446 0.0015716274562839552 0.027088146776900884 0.022076006344682712 -0.010408334420827352 0.03409497029917536 -0.0079601183375805681 0.0065100671192672363 0.045962283979175428 -0.03549321700971738 -0.026055956712909896 0.0026809517459172056 0.050556525110872164 0.024419716773586512 -0.057577656327488284 0.026058783364224791 -0.010800277149855961 -0.07474800008770266 -0.03522196873481389 -0.027667250994039733 -0.037475301339372824 0.0022952032020557541 0.022380720513961175 0.003620765137384531 0.033520932731927411 0.0043422630718093708 -0.01656187020697078 -0.029978735912679674 -0.0085728331628200719 0.031509510871813987 -0.052365528008679191
leaf_weight=564.67386082838857 125.19558745319955 66.625695345224813 87.032748673751485 86.301266601825773 385.38354676333256 69.922519567873678 225.75211997391307 61.191752852639183 124.92595518309099 46.513005627755774 195.10624687932432 17.898951662704349 476.56984007009305 6.0119964719051486 81.966851760575082 88.804734175289923 3.698459609411656 6.9639257881499352 140.83854371703637 36.175768159679137 47.037656265660189 165.94571570632979 134.2596933208406 46.422450343612581 64.650315283361124 7.865644469857215 6.5444773859489933 52.618009066209197 19.418533654417843 3.4189526448026291
leaf_count=836838 7773 372 3363 26235 1283 13148 9357 205 105117 4809 1717 58 2077 178 1508 5841 18 1026 38721 5969 3273 727 885 205 1689 54 877 547 151 29
internal_value=0 0.0125471 0.000462504 -0.0431739 0.0208666 -0.00408789 0.000927688 0.0265399 -0.0252443 -0.0088769 0.0166036 0.0118654 0.0209362 0.00972602 0.00634735 0.00162306 0.0106138 0.0147189 -0.0211292 -0.0189605 -0.0118009 0.0149348 0.00850745 0.0101405 0.016483 0.0262646 0.0184355 0.0125739 0.00223197 0.0232099
internal_weight=0 2669.83 1088.59 775.901 1581.24 926.857 716.096 161.733 211.227 254.922 1195.86 571.197 624.663 148.093 461.174 314.557 553.298 100.541 210.761 129.726 93.5507 358.192 192.246 188.548 146.617 54.2881 93.5772 142.081 72.0365 70.0446
internal_count=1074050 105860 97559 968190 8301 92088 40219 5471 131352 21824 7018 3664 3354 1277 18395 15198 3606 5266 51869 14051 8082 1889 1162 1144 3197 259 4240 1099 698 401
is_linear=0
shrinkage=0.05


Tree=49
num_leaves=31
num_cat=0
split_feature=1 1 42 1 1 112 53 40 86 42 73 113 3 113 113 42 102 1 4 112 109 68 0 102 104 96 114 93 106 97
split_gain=703.637 104.213 42.3966 36.8844 23.9842 23.8606 21.996 13.8889 12.3658 11.5642 10.6812 11.2587 9.90713 11.42 9.44881 9.37749 9.00803 8.04984 7.70241 7.60446 7.29855 7.15625 6.89245 6.67785 8.82354 6.55885 6.27065 6.91446 6.21537 6.20703
threshold=0.072661120000328969 0.60678019017954943 1.0000000180025095e-35 0.0088049481694041625 0.94875966535953815 0.029091500000000003 2.5000000000000004 560.50000000000011 4.2916666666650007 147.50000000000003 29.500000000000004 0.20362175000000002 2646.5000000000005 0.30093000000000009 0.27086400000000005 1.0000000180025095e-35 7.5000000000000009 0.94875966535953815 728670.50000000012 0.049833000000000009 5.5000000000000009 0.030897500000000005 0.001433 13.500000000000002 104.50000000000001 0.051077000000000004 0.061500500000000007 0.010933500000000001 5.708333333335001 1060.5000000000002
decision_type=2 2 2 2 2 2 2 2 2 2 2 2 2 2 2 2 2 2 2 2 2 2 2 2 2 2 2 2 2 2
left_child=3 5 4 -1 14 7 9 16 29 10 11 -4 13 -8 -3 25 -2 23 -13 28 -11 22 -16 -14 -25 -7 -24 -28 -6 -5
right_child=1 2 6 8 19 15 12 -9 -10 20 -12 18 17 -15 21 -17 -18 -19 -20 -21 -22 -23 26 24 -26 -27 27 -29 -30 -31
leaf_value=-0.049747691697834703 -0.0016396214957278101 -0.0080709878701639703 0.0077647931881685787 -0.021860841010017618 0.0035164009081025934 0.006099582459681039 -0.051151930196605959 -0.039447230415836275 -0.034456500785523946 0.013386571249860257 -0.023410641883757299 0.032342831296649381 0.019205721293996246 0.0096375778449322436 -0.087420708232932257 0.026582214903533526 -0.016791787237542388 0.028907177807002783 0.011494743043887241 0.038207347720348159 0.043716636575523757 0.061663031207792623 -0.00047202775243392173 0.0098386824175683441 -0.030450837126758071 -0.04108259369182423 0.032693340702022074 0.0081765027453531685 0.017804027248042028 0.0064608013411609272
leaf_weight=539.26465343351083 187.01306705278694 147.08244210854173 67.005134843988344 43.452686059012194 88.978222290752456 37.469014069472905 12.393483517662387 43.221807988105866 128.49772429234145 22.469767464324832 10.829672250431029 368.75031266466249 70.860582732537296 20.513914586015744 1.959658199106342 61.237139712902717 206.28754090374423 78.688813175074756 50.352667049504817 40.112461157143116 169.14836151804775 5.8900914327241471 163.92468008823926 41.757605399005115 20.14534280175576 9.1678821264067647 35.840854612179101 145.54052924644202 526.64660385251045 34.870890759164467
leaf_count=836838 18923 4964 561 15879 608 2307 952 23064 108216 81 153 1502 835 424 75 1799 37211 289 265 138 414 32 4322 600 1380 1084 234 1649 1994 7257
internal_value=0 0.0121443 0.0172221 -0.0428629 0.010823 -0.00733992 0.0251514 -0.0125436 -0.0249114 0.0297251 0.0257013 0.0267955 0.0122637 -0.0132568 0.00257713 0.0137171 -0.00958699 0.0162353 0.0298381 0.0171134 0.04016 0.00701186 0.0060849 0.00872473 -0.00327291 -0.00317549 0.00661556 0.013021 0.015739 -0.0092516
internal_weight=0 2633.29 2088.89 746.086 1155.98 544.396 932.916 436.522 206.821 688.556 496.938 486.108 244.36 32.9074 500.238 107.874 393.301 211.452 419.103 655.737 191.618 353.156 347.266 132.764 61.9029 46.6369 345.306 181.381 615.625 78.3236
internal_count=1074050 105860 21472 968190 14016 84388 7456 79198 131352 2976 2481 2328 4480 1376 11276 5190 56134 3104 1767 2740 495 6312 6280 2815 1980 3391 6205 1883 2602 23136
is_linear=0
shrinkage=0.05


Tree=50
num_leaves=31
num_cat=0
split_feature=1 1 42 1 1 102 114 112 102 42 113 114 100 3 45 76 64 107 94 64 4 114 108 93 85 86 44 97 42 97
split_gain=665.56 116.478 47.6886 34.2027 21.8503 20.7288 17.6896 16.0796 16.0103 12.2871 11.1604 10.4672 11.2573 10.4275 10.1897 9.37734 8.78542 8.66951 8.61431 8.51346 8.13472 8.59191 7.81139 7.3696 7.19379 7.15467 7.31792 7.13939 6.96804 7.67032
threshold=0.043984350660107828 0.48090646582193369 2.5000000000000004 0.94875966535953815 0.0019437620776660012 6.5000000000000009 0.045546500000000011 0.033014000000000009 1.5000000000000002 98.500000000000014 0.59615125000000013 0.031246000000000006 6.5000000000000009 167488.00000000003 1.0000000180025095e-35 0.17074850000000003 6.083333333335001 0.11774100000000001 25.500000000000004 49.100000000000009 189759.50000000003 0.043724000000000006 0.015965000000000003 0.037523000000000008 9.5000000000000018 2.0833333333350006 2.5000000000000004 3565.5000000000005 798.50000000000011 533.50000000000011
decision_type=2 2 2 2 2 2 2 2 2 2 2 2 2 2 2 2 2 2 2 2 2 2 2 2 2 2 2 2 2 2
left_child=4 5 3 7 -1 9 17 10 14 -2 27 12 -10 23 16 -12 20 -6 -18 -15 -4 -22 -7 -13 -20 -5 -27 -3 29 -14
right_child=1 2 8 25 6 22 -8 -9 11 -11 15 13 28 19 -16 -17 18 -19 24 -21 21 -23 -24 -25 -26 26 -28 -29 -30 -31
leaf_value=-0.051584410431363574 -0.004409236767953335 -0.004256554257280787 0.039907114614622097 0.032234427368250267 -0.040730245909492868 -0.027829946151553077 -0.0053699572639867802 0.021841039298739297 0.021120775561994237 0.033258511474284262 0.01482334442979075 0.048129682591586391 0.01594090969722689 0.018666707445921218 0.050492017507083355 -0.012900701128445794 -0.007347738161128531 0.076261540743967279 0.026954739245029353 -0.025853717370754273 -0.011549387051310945 0.03022171483202726 -0.0090828378931155241 0.01813840796960127 -0.052671998074772741 0.011542652587332296 0.021915357147270553 -0.047699344952382802 0.017457719985340635 -0.035774695086607224
leaf_weight=433.71774034620103 211.19049747937243 382.57404229650274 188.3848573078867 79.307260548695922 174.6837279159372 160.0754465753198 47.778694632695988 93.501344924909063 51.696469433023594 24.122469397618261 154.81119592193863 54.141005033103283 9.5462731639272516 78.44310166221112 65.115636783069931 37.983939948127954 25.315704738721251 1.598007410095305 110.48904122493695 12.441174035891889 16.724218586925417 46.647231216542423 85.106794035353232 32.948222085484304 2.9112191188614807 365.43139952188358 318.00763042620383 9.6969717296742584 14.831318557087796 28.801941565208836
leaf_count=697189 30746 12292 562 283 209482 58185 35799 1148 427 1155 2034 213 170 449 157 2831 211 65 1036 118 90 168 11554 245 107 1614 1315 1487 194 2724
internal_value=0 0.0111353 0.0160475 0.0107539 -0.0450345 -0.0111485 -0.0323556 0.00258778 0.0263798 -0.00054783 -0.000489152 0.017036 0.00450614 0.0244196 0.0321808 0.00936123 0.0291272 -0.0396697 0.0190234 0.0125723 0.0346943 0.019198 -0.0213225 0.0367832 0.0249106 0.0180187 0.0163691 -0.00533046 -0.0116451 -0.0229008
internal_weight=0 2660.25 2179.75 1441.31 657.778 480.495 224.06 678.567 738.437 235.313 585.066 282.85 104.876 177.974 455.588 192.795 390.472 176.282 138.716 90.8843 251.756 63.3714 245.182 87.0892 113.4 762.746 683.439 392.271 53.1795 38.3482
internal_count=1074050 131515 29875 23004 942535 101640 245346 19792 6871 31901 18644 4540 3515 1025 2331 4865 2174 209547 1354 567 820 258 69739 458 1143 3212 2929 13779 3088 2894
is_linear=0
shrinkage=0.05


Tree=51
num_leaves=31
num_cat=0
split_feature=1 1 67 1 114 42 100 42 102 40 106 113 79 113 106 3 69 113 79 112 90 112 96 108 97 114 73 76 113 113
split_gain=629.894 96.1104 53.0718 37.0476 32.4908 32.1555 16.2574 12.5688 12.3012 11.4023 10.3548 9.91015 8.5461 8.46795 9.145 8.13554 8.02186 7.98279 10.4064 7.73372 7.69288 7.31679 9.83799 7.27694 7.07842 11.6652 8.99185 8.28494 7.07007 8.28709
threshold=0.072661120000328969 0.86620967868038068 0.062324500000000012 0.0088049481694041625 0.045941500000000003 13.500000000000002 90.500000000000014 98.500000000000014 15.500000000000002 1.5000000000000002 5.708333333335001 0.46367816666650002 0.12283400000000001 1.5023625 432.50000000000006 42554.500000000007 10.500000000000002 0.22675225000000002 0.15235650000000003 0.023543000000000005 1.5000000000000002 0.043480500000000012 0.055314000000000009 0.090877000000000013 1344.5000000000002 0.017858000000000002 20.500000000000004 0.023358 1.1222143333350003 0.81669150000000001
decision_type=2 2 2 2 2 2 2 2 2 2 2 2 2 2 2 2 2 2 2 2 2 2 2 2 2 2 2 2 2 2
left_child=3 2 4 -1 6 9 13 17 11 15 -11 -5 -10 20 -15 16 -3 -6 -19 -17 21 -2 -23 -20 26 27 -12 -26 29 -27
right_child=1 5 -4 8 7 -7 -8 -9 12 10 24 -13 -14 14 -16 19 -18 18 23 -21 -22 22 -24 -25 25 28 -28 -29 -30 -31
leaf_value=-0.049633667345502022 -0.0085587256404551105 0.029514058808358407 0.040352323802745532 -0.026412369426483725 -0.010972629176277277 0.033871607192809919 -0.030348002841156442 0.028462292382702831 -0.039546292959997571 -0.0019443155338651674 0.007227588643465498 0.007144536458364787 0.0091583186470513261 0.022702332463442984 -0.038483555909575626 0.011952409147829688 -0.016776631377997359 0.015485184656576556 -0.010353257374717782 0.03142432820445603 -0.020490709895571061 0.025871550488174178 -0.039088328126007418 0.01755251142375867 -0.044188469565831334 0.030099409322016903 0.037938337783500246 0.011094238492925214 0.048896690157236182 -0.0096425693310327534
leaf_weight=494.25105911489663 248.78996487081895 238.80415831645951 74.908514765324071 45.325293500205589 75.054986658025882 309.12272147997282 93.746518316991569 58.851221988414181 100.45834070021374 121.86086553253699 292.32889249548316 42.756452368441387 9.8937920933967671 38.345661948100314 7.2637229534811913 264.61353198694997 9.7407098729163391 167.18049345281906 95.485329124581767 63.165501271374524 118.46452837798279 33.108384142018622 7.073770931136095 30.928482220508158 7.7354665943421415 73.588407217990607 25.95046221325174 54.708621186437085 37.410247995518148 15.962622683495281
leaf_count=836838 23269 989 283 32487 5648 1030 36926 435 83145 1479 1700 13220 2500 2209 2009 1496 93 5341 3971 251 14740 1082 995 651 78 346 138 523 106 72
internal_value=0 0.0114287 -0.000203364 -0.0423068 -0.00332149 0.0194844 -0.011395 0.0070049 -0.0240575 0.0157962 0.0111443 -0.0101232 -0.0351796 -0.00747315 0.0129579 0.0208778 0.0276999 0.00357944 0.00729956 0.0157048 -0.00976025 -0.00536128 0.0144358 -0.00352581 0.014286 0.0219393 0.00973155 0.00424591 0.0306415 0.0230153
internal_weight=0 2564.19 1049.2 692.685 974.293 1514.99 546.793 427.501 198.434 1205.87 629.546 88.0817 110.352 453.046 45.6094 576.324 248.545 368.649 293.594 327.779 407.437 288.972 40.1822 126.414 507.685 189.405 318.279 62.4441 126.961 89.551
internal_count=1074050 105860 97559 968190 97276 8301 81230 16046 131352 7271 4442 45707 85645 44304 4218 2829 1082 15611 9963 1747 40086 25346 2077 4622 2963 1125 1838 601 524 418
is_linear=0
shrinkage=0.05


Tree=52
num_leaves=31
num_cat=0
split_feature=1 1 42 1 102 102 55 74 78 64 112 4 113 40 113 71 108 1 3 113 4 101 4 106 104 4 44 106 81 99
split_gain=598.183 108.142 50.4332 29.6791 25.4655 23.3254 15.7301 11.7308 11.5015 11.4787 11.0275 10.1392 9.26939 9.2415 8.64368 8.49428 8.34128 9.36806 8.01509 7.74777 7.31872 6.42287 6.48007 6.70956 6.40436 6.29871 8.74674 11.0051 8.20859 7.39925
threshold=0.37969951586789719 0.012339227772512141 1.0000000180025095e-35 0.94875966535953815 8.5000000000000018 6.5000000000000009 1.0000000180025095e-35 1.5000000000000002 0.048863000000000011 447.16666666650002 0.023543000000000005 38516.000000000007 1.3045682500000002 12.500000000000002 0.27349812500000009 4.5000000000000009 0.049519500000000001 0.0020235500892945464 100931.00000000001 0.26350812500000004 779250.50000000012 4.5000000000000009 2826.5000000000005 4.4500000000000011 3185.5000000000005 3901.0000000000005 2.5000000000000004 46.125000000000007 4.5000000000000009 4.5000000000000009
decision_type=2 2 2 2 2 2 2 2 2 2 2 2 2 2 2 2 2 2 2 2 2 2 2 2 2 2 2 2 2 2
left_child=1 16 3 10 7 8 -6 12 -3 19 11 13 15 14 -2 -4 -1 -18 -19 -7 -9 22 23 -5 -14 -24 28 -28 -27 -30
right_child=2 5 4 21 6 9 -8 20 -10 -11 -12 -13 24 -15 -16 -17 17 18 -20 -21 -22 -23 25 -25 -26 26 27 -29 29 -31
leaf_value=-0.050561307816743943 -0.0093716907067294321 -0.0064760556668810258 0.025180365267721175 -0.010929152386520022 -0.014931367054553316 -0.030491922011633168 0.01591510554715064 0.049003288400648111 0.048273190703167657 -0.04571686148741845 0.015405561872468174 -0.0094428928674585438 0.043777912376429924 -0.027962046503307483 0.013989236449909528 0.0058740403185663361 -0.044594767305070553 0.04979678606018826 -0.029310111996591393 -0.011172125157234042 0.020198412781004316 0.036070587498571831 -0.015600292681944142 0.023496137771726305 -0.014311474794679778 0.011306177539232361 0.017405477371138876 0.069488948717888563 -0.020587171574368113 0.021544600776603487
leaf_weight=460.56251017752948 53.498840203508735 220.27102215478226 405.93988273711875 15.232455548830329 49.919083627115469 99.31127387964807 240.19208255814738 94.312695334665477 10.029459551529724 57.035047602519626 95.655434070853516 280.97624465401168 80.535477977071423 19.659348373126704 152.3770363018848 66.274256540418719 23.038120196524687 6.1664383893694303 6.6605539092161052 108.68448450302822 28.781251441687346 35.233567148447037 22.242305880179629 199.91213826974854 5.0418993445346123 161.43436267506331 133.39446554891765 10.976882457733153 44.180572157492861 13.637731643859295
leaf_count=793431 2722 53646 2337 119 5723 46798 2848 181 76 42729 1562 12257 291 2603 2698 2108 54124 3386 11545 30081 96 145 107 741 68 671 604 23 276 54
internal_value=0 -0.0322603 0.014481 0.0077919 0.0230123 -0.0157313 0.0106074 0.0282977 -0.00409176 -0.0258456 -0.000164497 -0.00310493 0.0252147 0.00479104 0.00791867 0.0224708 -0.0487527 -0.0255271 0.00871968 -0.0203967 0.0422683 0.0153221 0.0141058 0.0210588 0.0403555 0.0102291 0.011809 0.0213655 0.00551634 -0.0106495
internal_weight=0 991.759 2209.41 1238.41 970.997 495.331 290.111 680.885 230.3 265.031 602.167 506.511 557.792 225.535 205.876 472.214 496.428 35.8651 12.827 207.996 123.094 636.244 601.011 215.145 85.5774 385.866 363.624 144.371 219.253 57.8183
internal_count=1074050 1035816 38234 24582 13652 173330 8571 5081 53722 119608 21842 20280 4804 8023 5420 4445 862486 69055 14931 76879 277 2740 2595 860 359 1735 1628 627 1001 330
is_linear=0
shrinkage=0.05


Tree=53
num_leaves=31
num_cat=0
split_feature=1 1 42 1 102 1 102 114 71 42 73 112 4 42 1 73 107 109 112 55 89 114 79 55 81 0 47 113 97 4
split_gain=566.751 105.906 44.8097 25.1533 21.8349 21.201 17.9059 15.8133 13.0201 12.9146 10.3305 10.3229 10.586 9.76276 8.87419 9.44052 7.67384 7.26774 7.13118 6.83372 6.71148 6.51906 7.52071 6.49818 6.39754 6.33432 6.25532 6.22621 6.99682 6.16658
threshold=0.043984350660107828 0.48090646582193369 1.0000000180025095e-35 0.94875966535953815 15.500000000000002 0.0019437620776660012 6.5000000000000009 0.045546500000000011 208.50000000000003 172.50000000000003 33.500000000000007 0.023543000000000005 38516.000000000007 98.500000000000014 0.94875966535953815 6.5000000000000009 0.11774100000000001 59.500000000000007 0.028191500000000005 1.0000000180025095e-35 1.0000000180025095e-35 0.053030500000000008 0.14259800000000003 7.5000000000000009 354.50000000000006 0.094233000000000025 0.03289750000000001 0.66606750000000015 706.50000000000011 580687.00000000012
decision_type=2 2 2 2 2 2 2 2 2 2 2 2 2 2 2 2 2 2 2 2 2 2 2 2 2 2 2 2 2 2
left_child=5 6 3 11 9 -1 13 16 14 10 23 12 17 24 15 -6 27 -3 -11 20 -8 -17 -23 -4 -2 26 -14 -7 -29 -9
right_child=1 2 4 -5 8 7 19 29 -10 18 -12 -13 25 -15 -16 21 -18 -19 -20 -21 -22 22 -24 -25 -26 -27 -28 28 -30 -31
leaf_value=-0.051364956674132357 -0.0011812465374344033 0.0087521093195203313 0.025574815130770152 0.015284013137315318 0.013062896514682554 -0.04556971897172403 -0.044231325201644578 0.0028750979626116966 -0.049095902205253096 0.028387324913341491 -0.024323226576028759 0.016406514958967323 -0.011469882968445871 0.029459961313863737 0.02788351565013817 -0.030830398128373505 0.074732418841260514 -0.024141821485946222 0.048126358861690387 -0.013927679864786012 -0.018164195248402328 0.025368141980325366 -0.069228210195388898 -0.0092656597270118681 -0.025643334311624261 0.04129925117234326 0.068323755727429991 0.025875547475358224 -0.03182852569107858 -0.046215003340843913
leaf_weight=380.51199328116127 172.28586220470606 191.17890599183738 479.25844990971382 624.42169174249284 121.90724230516935 118.99571271807508 49.430467510974267 37.831480940360052 8.945581461521213 85.062290519214002 11.030754766776225 86.654959808452986 239.90342931971827 22.892266046277655 65.818110098829493 24.713034089945722 1.4735088408924628 18.409179582929937 99.020702579524368 135.91858061926177 49.341136406350415 13.231947265332563 2.4977356859017155 13.767781142640159 31.635885060517467 6.0127661984879515 2.4815455821808419 6.2681416879022427 32.444787905311387 7.6992348931344159
leaf_count=697189 20856 4399 3358 2740 2221 174206 24173 26249 2219 388 336 1214 9085 1155 251 1057 65 1861 231 23578 21988 107 33 317 9890 44 14 3455 31821 9550
internal_value=0 0.0101631 0.0149409 0.00843442 0.0231619 -0.0443846 -0.0115189 -0.0314099 0.0100768 0.0276706 0.0235312 0.000581485 -0.00241275 -0.0015006 0.0123968 0.0061183 -0.038842 0.00586287 0.0390052 -0.0212009 -0.0312095 -0.0148149 0.0103471 0.0246019 -0.00497623 -0.00939539 -0.010653 -0.0399032 -0.0224855 -0.00542603
internal_weight=0 2555.82 2094.32 1169.06 925.254 585.225 461.504 204.713 237.114 688.14 504.057 544.641 457.986 226.814 228.168 162.35 159.182 209.588 184.083 234.69 98.7716 40.4427 15.7297 493.026 203.922 248.398 242.385 157.709 38.7129 45.5307
internal_count=1074050 131515 29875 19357 10518 942535 101640 245346 5888 4630 4011 16617 15403 31901 3669 3418 209547 6260 619 69739 46161 1197 140 3675 30746 9143 9099 209482 35276 35799
is_linear=0
shrinkage=0.05


Tree=54
num_leaves=31
num_cat=0
split_feature=1 1 67 42 1 1 86 42 114 114 112 114 97 3 3 4 102 109 105 107 4 97 113 4 73 3 104 42 106 97
split_gain=534.833 102.245 32.0718 28.7597 22.1458 20.521 19.6669 17.2437 14.7641 14.5572 11.9747 10.1635 9.34922 8.9461 9.19799 8.91459 8.81057 8.6367 8.30516 8.25738 7.88962 7.59591 7.2729 7.2523 7.37484 7.24198 7.82014 7.14399 8.26492 6.72382
threshold=0.043984350660107828 0.68981449621504665 0.063052000000000011 40.500000000000007 0.94875966535953815 0.0019437620776660012 8.9000000000000021 12.500000000000002 0.045546500000000011 0.045941500000000003 0.043480500000000012 0.092087500000000003 1404.5000000000002 393.00000000000006 2646.5000000000005 173901.00000000003 2.5000000000000004 38.500000000000007 0.055555000000000007 0.11774100000000001 156.50000000000003 1373.5000000000002 0.26350812500000004 8.9884656743000007e+307 4.5000000000000009 8.9884656743000007e+307 9.5000000000000018 2.5000000000000004 35.708333333350005 6903.0000000000009
decision_type=2 2 2 2 2 2 2 2 2 2 2 2 2 2 2 2 2 2 2 2 2 2 2 2 2 2 2 2 2 2
left_child=5 3 4 6 9 -1 11 12 19 13 15 -2 21 -3 -15 -5 -16 23 -9 -7 -14 -6 -17 27 -25 -22 -27 28 -11 -8
right_child=1 2 -4 10 7 8 29 18 -10 17 -12 -13 20 14 16 22 -18 -19 -20 -21 25 -23 -24 24 -26 26 -28 -29 -30 -31
leaf_value=-0.051239914008697367 -0.0088559701585115645 0.03287063305397743 0.040523761256670093 0.019379841057177001 0.013517036000600204 -0.039791082155785515 -0.019685802337130201 0.025224644565177385 -0.0060067320178319068 0.0091196523294298018 0.042135476172929731 0.010475795719610661 -0.0024602268894704012 -0.03536851393751507 0.010273768811336147 -0.05491420119938261 -0.0070242972609570343 -0.0085726210119662621 0.050253904604104185 0.076117041881740441 0.030193532912691241 -0.044616670763764965 0.0027335341244915864 -0.017296833103186911 0.026230131140617258 0.054582656780641774 -0.01940455797448869 0.027344051697089106 0.039289916920930451 -0.04409820046761033
leaf_weight=362.59134504307622 302.11601192440867 19.712771344755311 123.85296965483576 41.706400139202742 547.43223413894884 151.61920680969706 158.03319586876751 78.304748865310103 44.880105566520797 186.43605359853245 34.176312297437107 87.733109386899741 24.415192420827225 19.220481645694235 127.74412203421525 8.8563876241460111 173.71418978317524 38.668623994104564 57.465777905657887 1.5523088172485575 207.50703553855419 5.6773322857916346 14.313906090937961 29.518182721920311 14.51746906340122 4.7008855082094696 14.864467651583253 139.97029280196875 25.846701515838504 34.333351566288911
leaf_count=697189 33622 262 332 5348 2480 209482 47048 283 35799 2170 262 3820 158 1062 2245 2517 4894 793 151 65 760 30 1325 348 122 13 88 573 145 20664
internal_value=0 0.00982358 0.0159516 -0.00672337 0.0141778 -0.0441701 -0.0109607 0.0193359 -0.0312268 0.00792185 0.018183 -0.00450548 0.0165546 0.000177339 -0.00183238 0.00556516 0.000305825 0.0139826 0.0358184 -0.0386164 0.0245477 0.0129203 -0.0193012 0.0161835 -0.00294707 0.0274517 -0.00162796 0.018575 0.0127931 -0.0240429
internal_weight=0 2520.84 1839.57 681.269 1715.72 560.643 582.216 940.368 198.052 775.349 99.053 389.849 804.597 340.392 320.679 64.8767 301.458 434.957 135.771 153.172 251.488 553.11 23.1703 396.289 44.0357 227.072 19.5654 352.253 212.283 192.367
internal_count=1074050 131515 16909 114606 16577 942535 105154 3963 245346 12614 9452 37442 3529 8463 8201 9190 7139 4151 434 209547 1019 2510 3842 3358 470 861 101 2888 2315 67712
is_linear=0
shrinkage=0.05


Tree=55
num_leaves=31
num_cat=0
split_feature=1 1 102 42 57 1 55 106 114 113 64 42 4 4 114 104 113 71 4 85 67 102 79 100 97 59 69 113 76 106
split_gain=507.407 96.4578 41.9901 29.0328 28.5993 20.0815 18.8895 16.2418 13.96 9.99842 10.2681 9.94145 9.85017 8.84827 8.00545 8.29247 7.63214 7.61757 7.49158 10.7574 8.04642 7.00439 6.44185 6.43896 6.34489 9.64022 6.3203 6.22665 6.42972 6.13744
threshold=0.043984350660107828 0.86620967868038068 7.5000000000000009 7.5000000000000009 1.0000000180025095e-35 0.0019437620776660012 1.0000000180025095e-35 8.7750000000000021 0.045546500000000011 0.31265250000000006 447.16666666650002 1758.5000000000002 21207.500000000004 33241.500000000007 0.092087500000000003 20.500000000000004 0.1948835833335 6.5000000000000009 2463.5000000000005 7.5000000000000009 0.10265650000000001 6.5000000000000009 0.31096600000000002 8.5000000000000018 1579.5000000000002 12.500000000000002 6.5000000000000009 0.14406000000000002 0.060142000000000008 8.3666666666650027
decision_type=2 2 2 2 2 2 2 2 2 2 2 2 2 2 2 2 2 2 2 2 2 2 2 2 2 2 2 2 2 2
left_child=5 2 4 9 7 -1 24 -2 21 10 -3 16 -11 -6 15 -9 23 29 19 -5 27 -7 -18 -8 25 -4 -17 28 -20 -14
right_child=1 3 6 18 13 8 11 14 -10 12 -12 -13 17 -15 -16 26 22 -19 20 -21 -22 -23 -24 -25 -26 -27 -28 -29 -30 -31
leaf_value=-0.05120617253414117 -0.0101691654661662 0.0079215336496756619 -0.028626331002061651 0.044093243468591004 0.046982840937902011 -0.020381774821004065 -0.0098025442380827738 0.016393309693242767 -0.0064421849024265251 0.021800307496808016 -0.066670385260338111 0.032391562039648158 -0.0027745560669869013 0.019011456710714802 0.022642443421556347 0.00034217636838669921 -0.0012072108476753913 -0.017596963655169922 -0.047596790447731782 -0.033449751166822222 0.04806274939123116 -0.044990457322936946 -0.057036642915486269 -0.036709633520143732 -0.03647041520254176 0.0092425889875926825 -0.031167151813312834 0.02398319780857781 0.01970170686772954 0.016154127025002109
leaf_weight=346.20583615236137 190.07812580057362 334.79547443520278 52.577493356686318 112.35578566067852 38.188647933253378 39.427136529367999 61.6271211199346 66.324177841132041 44.334075813076197 459.38090051722247 4.6781287317862725 16.168382330273744 53.355005941353738 108.88784508484969 77.565889112462173 69.013821389315126 209.8809906115348 22.932046585250646 6.3974117683246714 4.6580508358310899 33.215973421931267 108.45925063680443 5.2972371014766386 34.783749972819351 82.32261679961448 24.701454899295641 20.684656373559847 174.2583853979595 7.9715279643423855 216.9649968824815
leaf_count=697189 23225 2899 14513 378 405 57179 6091 2887 35799 2191 144 172 363 2847 1896 6921 14558 309 57 84 72 152368 186 7876 36397 2832 2408 649 43 1112
internal_value=0 0.00952032 -0.00192613 0.0179842 0.00727802 -0.0440111 -0.0127051 0.000683441 -0.031052 0.0140171 0.00689362 -0.00583599 0.0172301 0.0262743 0.00951454 0.00298807 -0.00781962 0.0100709 0.0307699 0.0410064 0.0253705 -0.0384297 -0.00258161 -0.0195103 -0.0268114 -0.0165219 -0.00692394 0.0213746 -0.0102613 0.012418
internal_weight=0 2489.07 1058.1 1430.96 570.743 538.426 487.359 423.667 192.22 1092.11 339.474 327.757 752.633 147.076 233.589 156.023 311.589 293.252 338.857 117.014 221.843 147.886 215.178 96.4109 159.602 77.2789 89.6985 188.627 14.3689 270.32
internal_count=1074050 131515 123214 8301 40589 942535 82625 37337 245346 7018 3043 28883 3975 3252 14112 12216 28711 1784 1283 462 821 209547 14744 13967 53742 17345 9329 749 100 1475
is_linear=0
shrinkage=0.05


Tree=56
num_leaves=31
num_cat=0
split_feature=1 1 42 1 1 53 102 42 77 102 67 1 109 112 42 112 3 97 3 86 3 3 73 61 113 113 0 45 99 106
split_gain=480.513 91.9385 42.1094 23.8267 19.9358 19.4764 16.2159 13.9716 11.9899 11.2596 10.6585 8.87272 8.46443 7.66274 7.32253 7.30575 7.91957 6.99886 6.6033 6.47604 7.89477 8.48485 8.30717 6.4257 6.28179 6.26458 6.75308 6.24262 6.30338 9.34853
threshold=0.043984350660107828 0.48090646582193369 1.0000000180025095e-35 0.94875966535953815 0.0088049481694041625 7.5000000000000009 6.5000000000000009 5589.0000000000009 0.030463500000000001 1.0000000180025095e-35 0.092661500000000022 0.86620967868038068 88.500000000000014 0.049833000000000009 764.50000000000011 0.029506500000000001 419784.50000000006 1087.5000000000002 819853.50000000012 12.900000000000002 704880.00000000012 43454.500000000007 2.5000000000000004 51.500000000000007 0.79887900000000012 0.29800500000000002 0.079612000000000016 1.0000000180025095e-35 9.5000000000000018 22.550000000000004
decision_type=2 2 2 2 2 2 2 2 2 2 2 2 2 2 2 2 2 2 2 2 2 2 2 2 2 2 2 2 2 2
left_child=4 6 3 12 -1 7 10 9 23 27 -2 -11 15 19 17 16 -3 -7 -18 -5 21 22 -21 -6 -24 -19 -27 28 -4 -30
right_child=1 2 5 13 8 14 -8 -9 -10 11 -12 -13 -14 -15 -16 -17 18 25 -20 20 -22 -23 24 -25 -26 26 -28 -29 29 -31
leaf_value=-0.049191932955132446 -0.0041449648572366594 0.0052724851186234031 0.02718053861123117 0.014286204455156144 -0.036092568039445501 0.0083543567191201994 -0.020824770712001305 0.047040028791332782 0.0089976083730680372 0.0046005080529113286 0.048181238847434686 0.021330974740778177 -0.026587701069860522 0.036423777588917426 0.031681122097962026 0.015379897475361346 -0.031160436693935159 -0.063756424108230542 -0.0049196532341487138 0.031821327330244287 -0.049622307698156329 0.041983686712071859 -0.047545180910895012 0.020107464661416198 0.018576216155476 -0.025144540518113614 0.059086982223126208 0.048727861903419573 -0.048436548629811858 0.033144037055180639
leaf_weight=396.96468194107729 208.83107451626711 215.04337731856504 365.61400719883386 522.50320503371768 95.055953481158213 21.74024081605603 224.68546223192243 60.738516248064116 20.356030559163628 121.40322812675731 10.207615723134948 228.21536193182692 29.161911762523232 36.269480610266328 11.111056063789873 76.163104126579128 27.679161136155017 9.0201313475190563 179.11821438829065 7.9129519574344185 8.2682265071198326 10.681912346743045 13.213761657476427 5.3736528635999994 4.9330118093639603 17.394639355872645 2.7566373843292231 32.567688485607505 6.9047995838336629 7.1458921134471893
leaf_count=836838 31857 5383 1952 2325 95080 908 69739 171 7838 2121 44 1046 3802 138 210 997 1050 1830 5385 41 65 47 103 2779 21 2050 77 82 46 25
internal_value=0 0.00921694 0.0137529 0.00736123 -0.0437799 0.0219245 -0.0113873 0.0239617 -0.0259932 0.0221218 -0.00170647 0.0155214 -0.000405657 0.0141425 -0.00509416 0.0011275 -0.00144576 -0.0131201 -0.0084319 0.0127186 -0.00547959 0.00445415 -0.0109293 -0.0330855 -0.0295708 -0.0291241 -0.0136219 0.0277197 0.0259176 -0.00694634
internal_weight=0 2459.28 2015.56 1130.95 517.75 884.612 443.724 822.589 120.786 761.851 219.039 349.619 527.166 603.783 62.0227 498.004 421.841 50.9116 206.797 567.513 45.0099 36.7416 26.0597 100.43 18.1468 29.1714 20.1513 412.232 379.665 14.0507
internal_count=1074050 131515 29875 19357 942535 10518 101640 5443 105697 5272 31901 3167 16617 2740 5075 12815 11818 4865 6435 2602 277 212 165 97859 124 3957 2127 2105 2023 71
is_linear=0
shrinkage=0.05


Tree=57
num_leaves=31
num_cat=0
split_feature=1 1 102 42 114 1 114 114 106 97 3 3 81 4 113 112 113 103 111 42 97 86 97 69 0 105 102 97 112 96
split_gain=455.822 89.3048 41.1323 29.607 20.3996 19.7717 15.0229 13.3394 13.0819 11.28 10.7701 12.1422 10.3633 9.59537 8.98304 8.25432 8.20385 8.19574 9.61393 7.87997 7.56863 7.4003 7.24205 7.1273 6.99419 6.86506 6.7563 6.58488 7.94856 7.87616
threshold=0.043984350660107828 0.48090646582193369 15.500000000000002 7.5000000000000009 0.014943000000000001 0.0019437620776660012 0.086234500000000006 0.045546500000000011 8.3666666666650027 3677.5000000000005 68784.500000000015 24717.000000000004 1890.5000000000002 189759.50000000003 0.14406000000000002 0.049833000000000009 0.26350812500000004 1.5000000000000002 0.058655000000000006 24.500000000000004 104.50000000000001 3.0833333333350006 11484.000000000002 8.5000000000000018 0.039967000000000009 0.14725550000000001 6.5000000000000009 2062.5000000000005 0.040368500000000009 0.038079000000000009
decision_type=2 2 2 2 2 2 2 2 2 2 2 2 2 2 2 2 2 2 2 2 2 2 2 2 2 2 2 2 2 2
left_child=5 6 3 8 9 -1 12 26 10 23 11 21 15 17 -6 16 -2 18 -5 25 -12 -3 -18 -4 -8 -16 -7 28 -10 -29
right_child=1 2 4 13 14 7 24 -9 27 -11 20 -13 -14 -15 19 -17 22 -19 -20 -21 -22 -23 -24 -25 -26 -27 -28 29 -30 -31
leaf_value=-0.051086673100460105 -0.026639922163107774 0.023407495467653562 -0.0013531298018955558 0.020244545003941974 -0.01295085758336016 -0.019716531249651878 0.019245195737812582 -0.0059778629768763606 0.013121244554041301 -0.036770900859093528 0.024740422676296461 0.036909294249402785 -0.045730050968461632 0.017118791004278346 0.010215463247662876 0.0093554459454146359 -0.0070942865953880834 0.050337223602677873 0.041256830568157467 0.032460723006360902 -0.0043407683852591823 -0.0026108412972032139 -0.052630746700744128 -0.029785211849375257 -0.0097260064037520862 -0.063394068622649333 -0.044577624031956968 0.036222379766231091 0.033224986641640794 0.010991152291693267
leaf_weight=316.71732723881541 115.86982783041458 43.611368701560423 158.65499696534243 118.87136338706478 38.549253087694524 37.347441548616189 50.45772490897798 42.755487999114848 479.28961541742319 33.685076734647737 25.240015544230118 48.293749281830969 27.10993196281197 111.71514269785257 234.09652768360684 35.080183203412162 165.93124178451399 62.928983075544238 100.42784311051946 43.093747020349838 196.99781974300276 73.202040702279191 9.2163562217174313 25.598183834837982 35.482368159209727 3.2109413323923937 101.8657397608531 89.311862603004556 54.787342930678278 47.315960017382167
leaf_count=697189 40073 330 5042 910 1025 57179 2747 35799 4283 4761 347 574 19024 635 2588 3513 27881 149 355 226 4015 1863 5132 1218 3270 29 152368 876 289 360
internal_value=0 0.00894261 0.0134485 0.0178209 0.00162361 -0.0435403 -0.0114644 -0.0304057 0.0134643 -0.0101669 0.00614834 0.0158213 -0.0160261 0.0295218 0.00968006 -0.0135567 -0.0163186 0.0344314 0.0298671 0.0127913 -0.00103796 0.0071029 -0.00949044 -0.00530318 0.00728376 0.00921947 -0.037908 0.0176893 0.0151836 0.0274845
internal_weight=0 2428.03 1988.88 1451.99 536.889 498.686 439.148 181.969 1058.05 217.938 387.345 165.107 353.208 393.943 318.95 326.098 291.017 282.228 219.299 280.401 222.238 116.813 175.148 184.253 85.9401 237.307 139.213 670.705 534.077 136.628
internal_count=1074050 131515 29875 14986 14889 942535 101640 245346 12937 11021 7129 2767 95623 2049 3868 76599 73086 1414 1265 2843 4362 2193 33013 6260 6017 2617 209547 5808 4572 1236
is_linear=0
shrinkage=0.05


Tree=58
num_leaves=31
num_cat=0
split_feature=1 1 42 1 1 102 112 106 77 1 67 110 114 3 4 86 102 76 0 4 3 107 76 4 86 97 109 108 42 106
split_gain=430.833 84.563 39.2383 29.5949 19.7386 15.028 14.5394 11.8409 11.7778 10.2654 9.42724 8.39083 9.03648 7.91049 7.65065 7.58329 7.16947 6.48744 6.78914 6.454 6.31612 7.0889 8.03264 9.09632 6.82512 6.12001 6.08027 6.0529 5.98331 7.60616
threshold=0.043984350660107828 0.48090646582193369 31.500000000000004 0.86620967868038068 0.0030842274181046617 6.5000000000000009 0.033014000000000009 6.2916666666650007 0.030463500000000001 0.94875966535953815 0.092661500000000022 11.500000000000002 0.027062500000000003 877486.50000000012 105656.50000000001 85.166666666650016 1.5000000000000002 0.091939000000000007 0.03244650000000001 72.500000000000014 227.00000000000003 0.021841000000000003 0.044529500000000007 16153.500000000002 4.083333333335001 2124.5000000000005 157.50000000000003 0.015965000000000003 4.5000000000000009 36.550000000000004
decision_type=2 2 2 2 2 2 2 2 2 2 2 2 2 2 2 2 2 2 2 2 2 2 2 2 2 2 2 2 2 2
left_child=4 5 3 6 -1 10 15 -5 -6 13 -2 14 -13 26 19 17 -8 18 -3 -9 -21 22 23 -22 -25 -10 -4 -7 29 -14
right_child=1 2 9 7 8 27 16 11 25 -11 -12 12 28 -15 -16 -17 -18 -19 -20 20 21 -23 -24 24 -26 -27 -28 -29 -30 -31
leaf_value=-0.050345431730892842 -0.0042625567330067324 -0.0032455762968767519 0.030934849546893902 0.0045290161203239967 -0.034487673750480279 -0.026755846962702296 0.030347391480465558 -0.007990696789110149 -0.0098710048230841573 0.040496241062660303 0.045747531263534612 -0.0056464323135735532 0.0070261587097579722 0.0095351006482761961 0.011178185490523351 -0.030603445541459624 -0.0019198030076527377 0.0059212263492990878 -0.023581269547320122 0.047022384004814018 0.013555417184670958 0.040928764345823043 0.022759869141914597 -0.075783979119770847 0.0038843432162345825 0.051123807100991507 -0.040249044877516467 -0.0093407836095167791 0.037878877590379695 0.043683157889218102
leaf_weight=322.66765646342174 204.09311113379226 169.45030458463589 135.86324550118297 255.9236373185413 133.02793088428734 141.139909059817 49.10952919209376 16.331968194805086 18.296860836602722 117.99681680556387 9.8795964071759936 75.640299337450415 123.73512374795973 78.851155305797874 195.23809011280537 26.823002254895982 26.506505198194645 128.65389669279102 54.161266726427129 27.972275126725435 29.848140173591673 46.723320746794343 351.73434885963798 5.9662081627175194 4.8930762205272913 5.3048485266808703 3.0675807104416881 77.177826325263595 24.777156743220985 15.978557104244826
leaf_count=744064 31857 6132 869 2575 182395 58185 480 113 14899 336 44 815 645 758 1032 5824 638 4067 2688 73 177 159 1790 34 40 1177 497 11554 87 46
internal_value=0 0.00865141 0.0130555 0.00984835 -0.043276 -0.0113702 -0.000982581 0.0140406 -0.0287125 0.0286192 -0.00195348 0.0166898 0.00865698 0.0221841 0.0195319 -0.00497573 0.0190364 -0.00302433 -0.00817111 0.0229054 0.0239855 0.0225182 0.0203263 -0.000700919 -0.0398863 0.00383852 0.0293631 -0.0205994 0.0152343 0.0112185
internal_weight=0 2397.54 1965.25 1629.47 479.297 432.29 454.705 1174.76 156.63 335.779 213.973 918.839 240.131 217.782 678.707 379.088 75.616 352.265 223.612 483.469 467.137 439.165 392.442 40.7074 10.8593 23.6017 138.931 218.318 164.491 139.714
internal_count=1074050 131515 29875 27415 942535 101640 19829 7586 198471 2460 31901 5011 1593 2124 3418 18711 1118 12887 8820 2386 2273 2200 2041 251 74 16076 1366 69739 778 691
is_linear=0
shrinkage=0.05


Tree=59
num_leaves=31
num_cat=0
split_feature=1 1 67 114 42 1 109 42 77 48 77 73 106 113 106 102 106 114 97 4 73 99 42 4 97 79 94 61 96 4
split_gain=407.408 81.1486 38.9197 28.0257 23.5518 19.8748 14.8071 11.488 10.9076 10.3295 9.14705 11.0969 7.93253 7.66524 7.51593 7.96634 7.16912 6.79115 6.5084 6.46317 6.7533 6.4036 6.71331 6.52508 6.12747 6.06645 5.86561 5.80114 5.79723 5.69147
threshold=0.043984350660107828 0.86620967868038068 0.062324500000000012 0.045941500000000003 1.0000000180025095e-35 0.0088049481694041625 239.50000000000003 98.500000000000014 0.030463500000000001 1.0000000180025095e-35 0.053591500000000007 33.500000000000007 8.7750000000000021 0.35314050000000002 6.083333333335001 11.500000000000002 12.708333333350001 0.093043500000000015 786.50000000000011 201361.00000000003 1.0000000180025095e-35 3.5000000000000004 1.0000000180025095e-35 35772.000000000007 2124.5000000000005 0.10437050000000002 5.5000000000000009 51.500000000000007 0.089792000000000025 2826.5000000000005
decision_type=2 2 2 2 2 2 2 2 2 2 2 2 2 2 2 2 2 2 2 2 2 2 2 2 2 2 2 2 2 2
left_child=5 2 3 6 14 -1 9 16 27 13 11 12 28 18 -3 29 21 25 -2 -15 -21 22 23 -5 -10 -18 -27 -7 -6 -16
right_child=1 4 -4 7 10 8 -8 -9 24 -11 -12 -13 -14 19 15 -17 17 -19 -20 20 -22 -23 -24 -25 -26 26 -28 -29 -30 -31
leaf_value=-0.048884086004936413 -0.011979389383532065 0.0011621218946880657 0.034862925576553294 0.010181686576225875 0.014607275037509816 -0.034970279006016354 -0.037138307715634339 0.026555647148090441 -0.0074701985695867475 0.011295703830152505 0.037854876150849072 -0.029412638767800117 0.027279211403117634 0.0010233870415588397 0.024318151898613173 0.0032401352213219134 0.014364922339036988 0.023660279483562113 -0.02972040225724364 -0.037654559164925411 -0.0060632983717096561 -0.016079203627745228 0.015744833609489566 -0.016625169851854069 0.056020908394219339 0.029368020252651474 -0.024188304610343696 0.019249895854376128 -0.054150793597107817 0.012730849533046089
leaf_weight=348.77334889628037 135.01838468632923 159.40915402502287 65.674465087562567 37.490964539450943 148.92939144640695 87.419029838329152 54.583842758067476 53.385130659065908 14.673172183294811 52.404969257077028 101.37723368220031 10.559720758814363 291.4971470606979 136.80064907320775 154.62606193451211 150.8280074254144 38.737530981888995 58.341608185495716 83.770034611836309 26.314018613222288 47.371510657219915 71.796785284343059 56.245937490763026 57.540912060052506 5.128224612097255 6.2448120239423579 28.195307653280906 5.2282704049721351 3.1300101969391099 336.80847544339485
leaf_count=836838 19015 1792 292 2625 1057 95080 34886 507 7197 6080 311 167 1218 14158 673 1094 1341 1290 19447 4439 5180 4980 2036 5107 641 158 1673 2779 26 1963
internal_value=0 0.00837665 -0.00235527 -0.00494389 0.0163627 -0.0429906 -0.0124573 0.00493202 -0.0247113 -0.00966044 0.0242754 0.0212439 0.0224498 -0.0122187 0.0108798 0.0132917 0.00167652 0.0109356 -0.0187721 -0.00540687 -0.0173449 -0.0037824 0.00205368 -0.00604961 0.00897292 0.000790715 -0.0144773 -0.0319105 0.013192 0.0163767
internal_weight=0 2367.08 1009.92 944.242 1357.17 461.222 536.263 407.979 112.449 481.68 555.494 454.116 443.557 429.275 801.672 642.263 354.594 131.519 218.788 210.486 73.6855 223.075 151.278 95.0319 19.8014 73.1777 34.4401 92.6473 152.059 491.435
internal_count=1074050 131515 123214 122922 8301 942535 103205 19717 105697 68319 2779 2468 2301 62239 5522 3730 19210 4462 38462 23777 9619 14748 9768 7732 7838 3172 1831 97859 1083 2636
is_linear=0
shrinkage=0.05


Tree=60
num_leaves=31
num_cat=0
split_feature=1 1 102 42 102 114 106 42 64 97 106 107 42 113 1 71 69 113 40 4 66 73 42 97 97 105 64 77 55 0
split_gain=384.546 85.7354 42.7349 30.1585 19.0698 16.8552 11.8102 11.5695 11.5662 11.3478 10.3701 10.0044 9.84075 8.90601 7.93396 7.59891 7.28589 7.08527 7.00295 6.89972 6.97119 8.8828 7.48028 6.65922 6.33061 6.18028 6.53995 6.1702 6.06292 5.90838
threshold=0.37969951586789719 0.0088049481694041625 15.500000000000002 1.0000000180025095e-35 6.5000000000000009 0.014943000000000001 6.083333333335001 469.50000000000006 447.16666666650002 3677.5000000000005 20.100000000000005 0.065255000000000021 297.50000000000006 0.1948835833335 0.94875966535953815 6.5000000000000009 8.5000000000000018 0.26350812500000004 1.5000000000000002 779250.50000000012 1.0000000180025095e-35 6.5000000000000009 330.00000000000006 1043.5000000000002 104.50000000000001 0.084280500000000022 3.7083333333350006 0.037255000000000003 16.500000000000004 0.045345500000000004
decision_type=2 2 2 2 2 2 2 2 2 2 2 2 2 2 2 2 2 2 2 2 2 2 2 2 2 2 2 2 2 2
left_child=1 -1 3 6 12 9 18 10 17 16 11 19 -3 -7 23 -12 -4 -6 24 20 22 -22 -5 -8 -2 -20 -27 -25 -11 -28
right_child=2 4 5 7 8 13 14 -9 -10 28 15 -13 -14 -15 -16 -17 -18 -19 25 -21 21 -23 -24 27 -26 26 29 -29 -30 -31
leaf_value=-0.048759667109025039 0.04122412740395693 -0.0070964236332575308 -0.0018241512821990796 0.021270619109658287 -0.029539086667655257 -0.0075330222483149705 -0.00088152993285649434 0.038307041928197796 -0.046036267557659653 -0.040261786876211909 0.035310460561651609 0.040302307945670302 0.039384455235909763 0.012035898282383774 0.017584758109658729 -0.024359935739939331 -0.030724481513702807 -0.010326298907984723 -0.022888216002346348 -0.0018255170010055321 0.012029224457401818 -0.045946094444101575 -0.046622012916492747 0.010853420879734054 0.0033112187372520046 -0.054839553515628164 0.029658271595315689 0.046139748022373479 0.050761778947545737 -0.0074496210922291792
leaf_weight=334.07575025035112 13.065323025453834 199.91726056471452 168.62455104519904 240.12095938103448 90.306414671955281 76.661480516428128 143.52208847203292 121.04379643590073 51.343871796598251 35.638609963505587 131.40828051208518 40.419591864570975 12.07505839875739 240.67776243935805 382.83930374705233 5.5612790231243698 25.047418921487406 102.39646931613606 49.507525341861765 57.310602171724895 23.048542352727964 9.2619960510637593 4.1267985835438585 89.314896699244855 70.013500536326319 4.553011324023827 18.46894727810286 14.383869937155394 1.9284133068285871 25.589681809302419
leaf_count=836838 121 60680 7064 2492 54215 2141 3388 475 48486 6856 531 200 1145 2639 1561 268 1571 34452 2665 690 398 394 26 2146 1355 126 387 115 26 599
internal_value=0 -0.0295162 0.0117066 0.016221 -0.0154192 -0.000172937 0.00984076 0.0244071 -0.0249486 -0.0104401 0.0211162 0.0168084 -0.00444888 0.00730852 0.013076 0.0328877 -0.0055618 -0.01933 -0.00140876 0.0139642 0.0172362 -0.00458972 0.0201235 0.00609383 0.00927356 -0.0104536 0.00221014 0.0157479 -0.0355893 0.00810565
internal_weight=0 790.115 1992.14 1443.56 456.039 548.578 811.258 632.302 244.047 231.239 511.258 374.288 211.992 317.339 630.06 136.97 193.672 192.703 181.198 333.869 276.558 32.3105 244.248 247.221 83.0788 98.1192 48.6116 103.699 37.567 44.0586
internal_count=1074050 1035816 38234 17937 198978 20297 12463 5474 137153 15517 4999 4200 61825 4780 7210 799 8635 88667 5253 4000 3310 792 2518 5649 1476 3777 1112 2261 6882 986
is_linear=0
shrinkage=0.05


Tree=61
num_leaves=31
num_cat=0
split_feature=1 1 42 102 1 102 42 81 53 113 59 69 55 113 40 77 108 4 67 53 111 67 3 86 111 96 0 48 3 3
split_gain=364.655 74.3907 31.3596 21.0183 20.3972 18.312 13.4785 12.8258 12.6261 11.9719 10.6467 9.92531 9.32511 9.12628 9.85026 9.83897 8.32289 8.17013 7.87916 7.78994 7.12728 7.95499 6.72927 6.61968 6.52476 7.15335 7.05758 6.41511 6.29076 6.16246
threshold=0.043984350660107828 0.60678019017954943 6.5000000000000009 11.500000000000002 0.0019437620776660012 6.5000000000000009 13.500000000000002 2.5000000000000004 3.5000000000000004 0.12795379166650003 39.500000000000007 9.5000000000000018 1.0000000180025095e-35 1.1973990000000001 1.5000000000000002 0.023390500000000005 0.11593300000000002 642.50000000000011 0.085786000000000015 332.50000000000006 0.055297500000000006 0.13751950000000004 272900.50000000006 6.2916666666650007 0.033466000000000003 0.0021160000000000003 0.0085455000000000027 1.0000000180025095e-35 5542.5000000000009 77695.000000000015
decision_type=2 2 2 2 2 2 2 2 2 2 2 2 2 2 2 2 2 2 2 2 2 2 2 2 2 2 2 2 2 2
left_child=4 5 3 13 -1 6 -2 20 -6 -5 17 18 -7 14 15 29 -15 -11 22 28 21 -4 23 -9 26 -26 -16 -14 -19 -3
right_child=1 2 7 9 8 12 -8 11 -10 10 -12 -13 27 16 24 -17 -18 19 -20 -21 -22 -23 -24 -25 25 -27 -28 -29 -30 -31
leaf_value=-0.050916859254429229 -0.004913701216911967 0.019783718988639482 0.020230192570037234 -0.031707634332633391 -0.010752043851046869 -0.029933796826696609 0.023864913693156582 0.0309295797692145 -0.039331894366981389 -0.023611978093552449 -0.054791128943190007 -0.048811688275559935 -0.014037023481516274 0.028251567676757863 -0.044862432748561172 0.032645321831731515 -0.034062869338189021 0.026658303269593848 0.044036801853933383 -0.055885490845248867 0.043750044795393239 0.054621116363780968 0.0055355307219013524 0.0043267155997802967 -0.066970921421703106 0.009727836412443909 -0.0012844413283818403 0.018207653521194116 0.0035866970326800815 0.0062548166956267835
leaf_weight=264.87123663817147 210.20975432069827 159.32627417030744 113.21486726775765 29.577201684820466 62.289792453251721 101.39067791273555 50.450375953805633 79.197442787699401 101.80483564713359 27.02469174801081 8.2262324279581645 5.7603898934321469 143.35740127511963 118.23504378832877 10.37001678557135 75.098600661382079 5.6127903470769516 33.076895198086277 25.250278302934021 5.1614296087936955 86.919991790316999 19.747776009142399 106.52784006658476 33.181293747475138 3.0713780885562292 297.49632024561288 89.289984710383578 17.28495377609579 276.71710929402616 178.44510693731718
leaf_count=697189 31585 1157 507 1156 64495 49660 3194 365 180851 663 1173 206 23767 768 275 412 21 272 71 1010 270 43 898 1080 43 3280 1927 1837 4118 1757
internal_value=0 0.00786426 0.0127184 0.0087615 -0.0423351 -0.00872695 0.000656356 0.0238087 -0.0284831 -0.00116074 0.00141915 0.0160596 -0.0180611 0.0127834 0.0108575 0.0162759 0.0254275 0.00277127 0.0175901 0.00503508 0.0326163 0.025338 0.0145395 0.0230747 0.00526798 0.00894408 -0.0058189 -0.0105675 0.00605007 0.0126364
internal_weight=0 2309.22 1786.53 1316.73 428.966 522.693 260.66 469.8 164.095 379.784 350.206 249.917 262.033 936.946 813.098 412.87 123.848 341.98 244.157 314.955 219.883 132.963 218.907 112.379 400.228 300.568 99.66 160.642 309.794 337.771
internal_count=1074050 131515 21472 18032 942535 110043 34779 3440 245346 8392 7236 2620 75264 9640 8851 3326 789 6063 2414 5400 820 550 2343 1445 5525 3323 2202 25604 4390 2914
is_linear=0
shrinkage=0.05


Tree=62
num_leaves=31
num_cat=0
split_feature=1 1 112 42 1 114 77 109 42 67 38 3 108 113 97 1 97 3 4 66 97 90 71 4 86 109 108 113 94 67
split_gain=345.268 71.8074 35.7555 21.2877 20.0755 19.7788 11.7877 11.2638 10.8453 9.94591 9.64604 8.5434 9.1331 7.97402 10.9464 7.7774 7.76565 7.74876 7.49155 7.46371 6.53486 6.47728 6.38508 6.30172 6.24591 10.8453 7.11293 6.21217 5.86343 5.77052
threshold=0.043984350660107828 0.86620967868038068 0.029506500000000001 7.5000000000000009 0.0088049481694041625 0.045941500000000003 0.030463500000000001 239.50000000000003 1.0000000180025095e-35 0.086694000000000007 2.5000000000000004 19615.500000000004 0.049059500000000006 1.2504596250000002 9603.5000000000018 0.94875966535953815 2556.5000000000005 68784.500000000015 8.9884656743000007e+307 4.5000000000000009 2124.5000000000005 1.5000000000000002 3.5000000000000004 201361.00000000003 8.0833333333350019 52.500000000000007 0.055314000000000009 0.48475650000000009 5.5000000000000009 0.082194500000000018
decision_type=2 2 2 2 2 2 2 2 2 2 2 2 2 2 2 2 2 2 2 2 2 2 2 2 2 2 2 2 2 2
left_child=4 2 5 15 -1 7 -6 13 17 18 11 12 -10 16 23 27 -2 -7 22 -17 -8 -21 29 -15 -5 26 -26 28 -3 -4
right_child=1 3 9 24 6 8 20 -9 10 -11 -12 -13 -14 14 -16 19 -18 -19 -20 21 -22 -23 -24 -25 25 -27 -28 -29 -30 -31
leaf_value=-0.048598339368391273 -0.01201106549044155 0.017164930857731037 0.021828258075711461 0.029774083388558716 -0.031433226966499743 0.0098020148585326178 -0.0078394271008944798 -0.036689252365908989 0.019255707533530873 0.03739575882364491 -0.074463683446398324 0.020184783545582102 -0.045330088094288679 0.031819003172346282 -0.026984646763034199 0.015338178151319454 -0.037495310647280435 -0.012326207727466568 -0.015418873867486202 0.022813322794810704 0.053962244289799836 -0.044388533988153178 -0.006338535500039575 -0.014832907801060547 -0.00048334668888475919 0.028207905291604024 -0.07520182546990728 0.012757540366030004 -0.006679766950313604 -0.090565880895301709
leaf_weight=306.27803793082239 304.12576190182517 32.420579578261822 103.79231478407746 259.2920963075012 86.054632946052152 55.707666170434095 13.998409282106879 50.442170241320127 10.63932219380513 43.19331758050248 3.1138232333614715 111.21874462834967 11.2740187671734 29.657659796874213 17.645596310176188 704.41341498284601 33.151898166208412 136.50240561997634 23.985371897098958 5.6558706238865826 6.1594410603647693 9.7961939154192805 27.851783778431127 9.5759501135325973 8.9225305495783669 24.399264589417726 4.9534590262919656 136.55004456907045 125.89843435853254 1.1547099417075504
leaf_count=836838 46424 352 3315 911 97859 3180 7197 34690 386 175 172 2642 839 1472 5482 3359 8342 10774 1335 28 641 67 2867 1109 98 241 33 1111 2101 10
internal_value=0 0.0075993 -0.00269349 0.0152311 -0.0421026 -0.00756836 -0.0233714 -0.0144425 0.0017365 0.0161514 0.0125279 0.0145625 -0.0139725 -0.0115955 0.00572226 0.0117826 -0.014516 -0.00591285 0.0102986 0.0145841 0.0110447 -0.0197908 0.0149436 0.0204324 0.0269909 0.0081366 -0.0271564 0.0049431 -0.00179685 0.0205916
internal_weight=0 2285.33 973.033 1312.3 412.491 773.055 106.212 444.599 328.456 199.977 136.246 133.132 21.9133 394.157 56.8792 1014.73 337.278 192.21 156.784 719.865 20.1579 15.4521 132.799 39.2336 297.567 38.2753 13.876 294.869 158.319 104.947
internal_count=1074050 131515 123214 8301 942535 115512 105697 97519 17993 7702 4039 3867 1225 62829 8063 7018 54766 13954 7527 3454 7838 95 6192 2581 1283 372 131 3564 2453 3325
is_linear=0
shrinkage=0.05


Tree=63
num_leaves=31
num_cat=0
split_feature=1 1 1 42 42 1 114 102 113 77 42 86 53 64 113 97 101 112 64 97 99 95 106 98 79 73 4 113 113 60
split_gain=326.212 58.5379 30.9915 25.201 23.4134 20.4422 13.8167 12.1738 11.2027 9.99055 9.13777 8.22551 8.03915 8.00257 7.36984 10.2535 7.31821 7.0613 6.9577 6.8729 6.30218 6.12959 5.95221 9.14173 5.87449 5.73297 5.67292 7.95938 5.63633 7.8005
threshold=0.072661120000328969 0.68981449621504665 0.0088049481694041625 172.50000000000003 40.500000000000007 0.94875966535953815 0.092087500000000003 1.5000000000000002 0.20665250000000004 0.030463500000000001 1.0000000180025095e-35 8.7083333333350019 2.5000000000000004 426.12500000000006 0.36361112500000009 2889.5000000000005 4.5000000000000009 0.059564000000000006 2.2916666666650003 2124.5000000000005 17.500000000000004 1.5000000000000002 25.100000000000005 2.5000000000000004 0.24376050000000002 31.500000000000004 3185.5000000000005 0.14406000000000002 0.18703762500000001 0.021795500000000006
decision_type=2 2 2 2 2 2 2 2 2 2 2 2 2 2 2 2 2 2 2 2 2 2 2 2 2 2 2 2 2 2
left_child=2 4 -1 5 6 7 11 18 -9 14 16 -2 -6 25 -4 -16 20 -10 -3 -11 -7 26 23 24 -20 -12 -5 -28 29 -18
right_child=1 3 9 21 12 10 -8 8 17 19 13 -13 -14 -15 15 -17 28 -19 22 -21 -22 -23 -24 -25 -26 -27 27 -29 -30 -31
leaf_value=-0.048403473559200605 -0.0089228879881031852 0.029767982628938733 -0.038214488749958614 0.040629253967795292 0.0310203617231893 0.01140786029843518 0.0078456357771844541 -0.019195209832844284 0.00042842595935151475 -0.0089812662503985889 0.026276428256297786 -0.02406341281826805 -0.00054663633334198713 -0.027647484517382238 -0.00053169103759101498 -0.044563089182567517 0.052504801342258524 0.037748924129912084 0.0087885808038154749 0.04677309937694045 -0.049797661881979725 0.048631652246128927 0.023977784465119292 -0.092015094781109197 -0.014866392168805729 -0.024106724493651997 -0.038320790995995779 0.022474328246441713 0.047065166852200593 -0.061486990029467004
leaf_weight=293.42157281190157 248.82405614474555 42.284190448466688 66.607610896000551 42.869330883026123 49.980594596010633 526.98825918510556 85.23215216420067 78.751740168576362 238.04191250518488 19.908434872631918 246.58957389276475 140.27942916480242 33.814223286808556 7.3949198585469267 42.500121762535855 19.192463660627254 2.8730853609740761 13.387275937944649 208.25822140938544 7.6519081900914889 4.2396461681928477 38.730821292847395 48.799403936893214 2.4124892987310878 30.030826989095658 5.7784130112268022 5.7900854934705412 76.70867065814673 24.097197152674198 3.1420349981635809
leaf_count=836838 26380 349 80126 180 796 2574 4458 2722 4819 8649 1000 50846 6471 76 21642 20136 11 85 3489 799 21 85 445 10 390 69 78 372 90 44
internal_value=0 0.0079113 -0.0388326 0.0126532 -0.00608316 0.010596 -0.0103874 0.00405815 -0.00273885 -0.0208144 0.0158667 -0.0143813 0.0182819 0.0236206 -0.0266816 -0.0142298 0.0122786 0.00241555 0.0108223 0.00649849 0.0109194 0.0312457 0.0080551 0.00482697 0.00580742 0.0251228 0.0258746 0.0182075 0.0362574 -0.00703951
internal_weight=0 2205.3 449.282 1647.17 558.13 1483.07 474.336 661.966 330.181 155.861 821.103 389.103 83.7948 259.763 128.3 61.6926 561.34 251.429 331.785 27.5603 531.228 164.099 289.501 240.702 238.289 252.368 125.368 82.4988 30.1123 6.01512
internal_count=1074050 105860 968190 16909 88951 16194 81684 12309 7626 131352 3885 77226 7267 1145 121904 41778 2740 4904 4683 9448 2595 715 4334 3889 3879 1069 630 450 145 55
is_linear=0
shrinkage=0.05


Tree=64
num_leaves=31
num_cat=0
split_feature=1 1 102 42 1 114 92 86 71 113 40 4 81 0 110 100 48 93 106 69 40 76 42 106 96 0 3 48 113 97
split_gain=308.714 65.5382 29.5788 23.2008 20.1507 20.0227 15.4536 13.1615 11.6161 9.05481 11.6909 7.87419 7.51647 7.15318 7.08543 7.02473 8.92899 6.93608 6.91071 6.51435 9.9691 6.4787 6.36885 6.41773 12.1407 10.1071 6.5743 5.95005 6.5908 5.92548
threshold=0.043984350660107828 0.53809039466125175 4.5000000000000009 8.5000000000000018 0.0019437620776660012 0.014943000000000001 0.091047500000000017 8.7083333333350019 4.5000000000000009 0.96289400000000003 1.5000000000000002 415276.50000000006 2.5000000000000004 0.0027325000000000001 2.5000000000000004 8.5000000000000018 1.0000000180025095e-35 0.0080790000000000011 3.7750000000000004 5.5000000000000009 5.5000000000000009 0.057967500000000005 23.500000000000004 26.550000000000004 0.039095500000000012 0.010933500000000001 47259.500000000007 1.0000000180025095e-35 0.22293250000000001 1104.5000000000002
decision_type=2 2 2 2 2 2 2 2 2 2 2 2 2 2 2 2 2 2 2 2 2 2 2 2 2 2 2 2 2 2
left_child=4 6 3 9 -1 15 7 27 -6 10 21 22 -5 17 -11 -4 -17 -12 -13 29 -21 -3 23 24 -7 -25 -27 28 -2 -20
right_child=1 2 5 12 8 11 -8 -9 -10 14 13 18 -14 -15 -16 16 -18 -19 19 20 -22 -23 -24 25 -26 26 -28 -29 -30 -31
leaf_value=-0.050760682779948288 -0.021391280870633991 0.027241724121874505 -0.0012424404095657685 0.035535668364232269 -0.0094615079545268578 -0.0033687914077295059 0.046172964664446259 -0.02353837951042545 -0.038069442855786492 0.018654878826055293 -0.048296899574989394 -0.044064721674844896 0.019659372457987424 0.0041962164885920158 0.052391219559305369 -0.022823285866875029 0.036687863779246363 0.041422756042727514 0.017289874819149318 -0.044149286745539876 0.055874549365430716 0.011751387663602422 0.028937002564603555 0.040596453086324959 0.021961201795400925 0.027322571594072087 -0.050576218218344682 0.014853951117893123 -0.0029826794251706389 -0.032551179905725314
leaf_weight=231.54603254823451 66.118095872981939 89.608752962376457 120.74092859972734 157.4844432361424 56.944472745435633 128.5505300257355 11.894964099978095 150.4949003067195 94.151895007504208 165.83047888503643 11.742599044227971 9.86031307838857 141.5681099461508 325.59756138695229 17.175580674898811 97.31536604611756 6.7394830202829317 2.6381272152066222 41.537549962406047 13.736106430646034 3.042934176279231 273.58986192638986 52.127888015471399 33.405310759670101 74.849812714150175 5.0045560749713314 5.9035090054385364 32.612951209113817 183.74961970526783 6.9629687177948645
leaf_count=697189 13555 767 2247 530 63076 1791 47 70966 182270 1169 204 301 1039 5524 77 7180 285 21 405 224 36 2430 290 187 853 30 56 3138 18006 157
internal_value=0 0.00711989 0.0113992 0.0159778 -0.0414918 0.0023513 -0.0100505 -0.0115951 -0.0272878 0.011914 0.00933561 0.00942466 0.02802 0.00267201 0.0218211 -0.00944774 -0.0189688 -0.0318379 -0.00504902 0.000844207 -0.0260096 0.0155732 0.0130517 0.00970891 0.00595246 0.0269512 -0.0148367 -0.00523217 -0.00785382 0.0101345
internal_weight=0 2229.88 1785.01 1185.24 382.642 599.777 444.871 432.976 151.096 886.183 703.177 374.981 299.053 339.978 183.006 224.796 104.055 14.3807 75.1399 65.2796 16.779 363.199 299.842 247.714 203.4 44.3134 10.9081 282.481 249.868 48.5005
internal_count=1074050 131515 25803 11761 942535 14042 105712 105665 245346 10192 8946 4330 1569 5749 1246 9712 7465 225 1123 822 260 3197 3207 2917 2644 273 86 34699 31561 562
is_linear=0
shrinkage=0.05


Tree=65
num_leaves=31
num_cat=0
split_feature=1 1 67 1 102 114 42 42 64 113 97 106 4 42 104 109 93 90 97 73 42 113 97 114 64 4 104 105 86 73
split_gain=292.605 73.0856 32.9694 32.1095 16.9505 16.1958 11.4623 11.3615 10.1331 10.0862 9.83871 9.37221 8.83213 8.36143 7.86804 7.81538 7.27603 6.87926 6.49391 6.39742 8.19379 6.28677 6.2532 8.64001 8.6729 7.39474 7.36664 8.42488 6.99933 9.30528
threshold=0.37969951586789719 0.0088049481694041625 0.062324500000000012 0.94875966535953815 6.5000000000000009 0.045941500000000003 21.500000000000004 1.5000000000000002 447.16666666650002 0.54611435000000019 1579.5000000000002 26.550000000000004 593143.50000000012 297.50000000000006 230.50000000000003 21.500000000000004 0.012545500000000003 1.5000000000000002 10300.500000000002 2.5000000000000004 1.5000000000000002 0.26350812500000004 1234.5000000000002 0.03670700000000001 416.16666666650002 156.50000000000003 9.5000000000000018 0.13483650000000003 4.3666666666650009 7.5000000000000009
decision_type=2 2 2 2 2 2 2 2 2 2 2 2 2 2 2 2 2 2 2 2 2 2 2 2 2 2 2 2 2 2
left_child=1 -1 3 5 13 9 22 11 21 10 19 -7 14 -3 17 -9 -12 -11 -16 20 -2 -6 28 25 -25 -24 -27 -28 -5 -30
right_child=2 4 -4 6 8 7 -8 15 -10 12 16 -13 -14 -15 18 -17 -18 -19 -20 -21 -22 -23 23 24 -26 26 27 -29 29 -31
leaf_value=-0.048137984707261897 -0.0064039815235714644 -0.0066483515402261861 0.035589206839191062 0.014310467898645811 -0.028973821102693045 -0.0016208768392688795 0.032643847220368234 0.022690743298699675 -0.045288924217730481 0.028749823836604307 -0.040866574343526148 0.023296640005687611 -0.021378764600176351 0.037903950819742772 0.0013415220002810833 -0.0013820874424743451 0.004058657388929055 -0.0026332082835267296 -0.056043348017148956 -0.014670549987867999 0.020588880615092911 -0.010156639983457998 -0.029240723035433763 0.02867677212156235 -0.027652338079532005 0.034049192422593591 0.0090131352932281798 -0.055148559168721627 -0.0073433618230923578 0.020205452055903534
leaf_weight=269.78427118658692 97.630982572329231 186.29701880630091 119.93855643225834 313.87510490231216 82.551297446614626 248.92376302258344 89.339558955049142 158.69549274956807 45.494171970552998 61.348152882332215 38.041207486858184 44.480858122929931 24.438969232389354 11.162260342225634 30.536096545140026 42.811604812042788 11.810909883293787 24.409827863040846 5.8792606760543995 113.7324270131503 39.48440196440788 96.012561471583467 11.869622516678644 166.63200723566115 7.1256438605487338 27.714532047975808 51.505124141927809 5.6805315352976313 100.90074825752527 44.027265834156424
leaf_count=836838 4599 60680 432 1435 54215 5792 334 1023 48486 1101 5995 457 1927 1145 1236 720 455 815 2290 6529 901 34452 121 681 40 90 302 39 632 288
internal_value=0 -0.0278167 0.010224 0.00849637 -0.0148104 0.00220278 0.0157398 0.0084349 -0.0242231 -0.0046925 -0.00993509 0.00215668 0.00605999 -0.00412984 0.0115487 0.0175763 -0.0302229 0.0198171 -0.00792327 -0.0059032 0.00136901 -0.018856 0.0136691 0.0196984 0.0263668 0.00772483 0.0128929 0.00263964 0.010114 0.00102561
internal_weight=0 691.302 1880.83 1760.89 421.517 942.224 818.67 494.912 224.058 447.312 300.7 293.405 146.612 197.459 122.173 201.507 49.8521 85.758 36.4154 250.848 137.115 178.564 729.331 270.527 173.758 96.7698 84.9002 57.1857 458.803 144.928
internal_count=1074050 1035816 38234 37802 198978 33840 3962 7992 137153 25848 18479 6249 7369 61825 5442 1743 6450 1916 3526 12029 5500 88667 3628 1273 721 552 431 341 2355 920
is_linear=0
shrinkage=0.05


Tree=66
num_leaves=31
num_cat=0
split_feature=1 1 112 42 1 1 102 42 102 71 42 113 106 65 113 97 97 76 113 61 114 104 4 97 3 113 55 97 106 93
split_gain=277.851 64.2583 23.6514 23.2018 17.376 16.8601 14.967 13.2143 11.1896 10.9551 9.83179 8.79981 8.62529 8.0663 7.4007 7.61471 6.90282 6.87967 6.61499 5.9509 5.88757 5.824 5.61996 5.4857 5.27095 7.43676 6.39808 6.5187 8.83377 5.46112
threshold=0.035302874550316145 0.68981449621504665 0.060056500000000006 40.500000000000007 0.94875966535953815 0.0019437620776660012 7.5000000000000009 856.00000000000011 1.5000000000000002 4.5000000000000009 20.500000000000004 0.20806816666650005 9.3666666666650027 1.0000000180025095e-35 0.59615125000000013 5419.5000000000009 3677.5000000000005 0.030016500000000005 0.31265250000000006 30.500000000000004 0.11497300000000001 140.50000000000003 580687.00000000012 22202.000000000004 221919.50000000003 0.14767550000000004 8.5000000000000018 5009.5000000000009 76.875000000000014 0.073183000000000012
decision_type=2 2 2 2 2 2 2 2 2 2 2 2 2 2 2 2 2 2 2 2 2 2 2 2 2 2 2 2 2 2
left_child=5 3 4 6 7 -1 12 8 19 17 24 -10 20 -5 -11 -16 18 -7 -8 -3 -2 -21 -19 -13 26 -26 27 -6 -29 -27
right_child=1 2 -4 13 10 9 16 -9 11 14 -12 23 -14 -15 15 -17 -18 22 -20 21 -22 -23 -24 -25 25 29 -28 28 -30 -31
leaf_value=-0.050682387794499843 -0.017893364618255192 0.010517935192991075 0.030883467114089042 0.0061278154850615447 0.018409128189775626 -0.050115655896768342 -0.023865679639435856 0.029980656910803358 -0.019419647743459986 -0.048434787077660899 0.030914951216008613 0.0011476725426826956 0.0060908024079611364 0.03901507351307492 0.0068425839558826909 -0.052372142627142196 -0.036991525919318577 0.0092509643260176803 -0.0060237737741414945 -0.047366309232592739 0.0073066401357761521 0.018268272782452352 -0.042664640988832124 -0.053922047226530004 -0.029288730159601747 0.011073161747560647 -0.015276611275632866 -0.059794951910281169 0.027888566523923575 -0.020877660472711775
leaf_weight=212.91709771126352 99.721633888970246 281.43787773310032 147.3411255448591 56.456280309708745 415.00314425874967 8.0683060608826036 116.92862421965037 45.071614169515669 76.181522884377046 57.230209148870927 85.202566498890519 235.08041226226487 132.6043611899222 27.838668571333983 14.708207788109577 8.6057960656034975 47.776201096814475 31.736226108643677 93.484146411785332 8.9146458120085281 30.196391691482859 5.4437465781811616 6.2374091014353317 4.6108629757654844 13.233229761943219 228.41673216014169 15.547994725871829 6.2720960166770947 5.2994092646986246 14.205621711909769
leaf_count=697189 22862 4172 733 10254 1993 16595 37151 225 2753 140516 323 4105 13497 236 16803 15916 27450 31260 13300 212 2238 97 11874 772 127 1083 165 51 19 79
internal_value=0 0.00651837 0.0118033 -0.00734702 0.00985096 -0.042091 -0.0112866 0.00385291 0.00192766 -0.0276402 0.0148807 -0.00461657 -0.00287996 0.0169889 -0.0387613 -0.0150151 -0.0198344 -0.00818546 -0.0159387 0.00891607 -0.0120362 -0.022482 0.000723499 8.83143e-05 0.0129233 0.00721161 0.0162287 0.017377 -0.0196385 0.00920243
internal_weight=0 2192.27 1587.26 605.006 1439.92 339.503 520.711 656.741 611.669 126.586 783.181 315.873 262.522 84.2949 80.5442 23.314 258.189 46.0419 210.413 295.796 129.918 14.3584 37.9736 239.691 697.978 255.856 442.123 426.575 11.5715 242.622
internal_count=1074050 143897 16909 126988 16176 930153 116498 12336 12111 232964 3840 7630 38597 10490 173235 32719 77901 59729 50451 4481 25100 309 43134 4877 3517 1289 2228 2063 70 1162
is_linear=0
shrinkage=0.05


Tree=67
num_leaves=31
num_cat=0
split_feature=1 1 42 1 53 1 102 102 40 4 108 92 109 42 48 3 104 73 112 3 111 105 76 57 3 100 113 90 48 1
split_gain=262.89 61.602 28.7757 20.3748 20.0471 16.0412 12.4362 10.1681 9.98231 8.59555 9.11077 7.08292 7.05088 6.74213 6.37241 8.33087 6.27415 6.21972 6.2181 6.79465 6.17835 7.45818 6.12917 6.05523 6.02383 5.89867 5.80136 9.04964 5.55586 6.07801
threshold=0.035302874550316145 0.48090646582193369 1.0000000180025095e-35 0.94875966535953815 2.5000000000000004 0.0019437620776660012 6.5000000000000009 1.5000000000000002 3.5000000000000004 177674.50000000003 0.056904500000000004 0.10970700000000001 88.500000000000014 147.50000000000003 1.0000000180025095e-35 2646.5000000000005 2940.5000000000005 10.500000000000002 0.029506500000000001 430911.50000000006 0.032872500000000006 0.017382500000000006 0.093402500000000013 1.0000000180025095e-35 585683.00000000012 94.500000000000014 1.3045682500000002 1.5000000000000002 1.0000000180025095e-35 0.26731028589363609
decision_type=2 2 2 2 2 2 2 2 2 2 2 2 2 2 2 2 2 2 2 2 2 2 2 2 2 2 2 2 2 2
left_child=5 6 3 12 7 -1 11 13 -7 -9 22 -2 18 17 15 26 20 -4 19 -3 21 -17 -11 25 -21 -5 27 -6 29 -8
right_child=1 2 4 23 14 8 28 9 -10 10 -12 -13 -14 -15 -16 16 -18 -19 -20 24 -22 -23 -24 -25 -26 -27 -28 -29 -30 -31
leaf_value=-0.050561052694278602 -0.0040689844592765268 0.0026540739647869793 0.026087441502669912 0.011203592824024824 -0.0020988132667877951 -0.0090426141858155461 -0.031183482522389634 0.019234604629047802 -0.038613998285994496 -0.0078046206509675767 -0.061512511557830211 0.057412751981424918 -0.028236400326863559 0.038548484894918723 0.043412506811210651 0.0038195954683050942 -0.047051275921868113 0.00098160168264661211 0.012546434152777706 -0.053482796655809461 0.020933569268058699 -0.062010264796269123 0.040731385189294117 0.040997253427529023 -0.0087973392618840088 -0.029308489833017488 0.045070009329474997 -0.066483979867735396 0.0022200369622615928 -0.012377601474680632
leaf_weight=202.77468354052144 194.64162919765658 196.87232438923093 227.13674451201223 512.68228982866276 11.356026930923694 45.404211924613264 102.51556202701249 141.18512883782387 76.826903362418307 28.465395831735805 6.3595306724309912 4.7999897897243491 25.690582310453465 102.45055174641311 10.127587691677034 107.78970112949901 5.3027420024591256 27.675403144850861 68.655891826725565 7.8794921186636193 61.255070867424365 4.4814455416635601 8.4310323889367265 16.79276610724628 176.02213319804287 9.145429000258444 2.6670221669046432 10.507217603269964 24.254553085524094 73.963445859753847
leaf_count=697189 35678 5414 1225 2597 619 59600 58813 1240 173364 362 57 16 3802 320 256 3062 1000 292 997 426 666 133 30 63 5978 80 55 1201 5843 13672
internal_value=0 0.00628354 0.0102912 0.00478707 0.0176799 -0.0419367 -0.0114321 0.022794 -0.0276294 0.01326 -0.00624064 -0.00258929 -0.00276025 0.027716 0.00470322 0.00277544 0.00652357 0.0233607 -0.00130397 -0.00380128 0.00816075 0.00119191 0.00328612 0.0114446 -0.0107119 0.0104936 -0.024549 -0.0330416 -0.020218 -0.0233018
internal_weight=0 2169.11 1768.93 1013.74 755.191 325.006 400.175 541.704 122.231 184.441 43.256 199.442 475.12 357.263 213.487 203.359 178.829 254.812 449.43 380.774 173.526 112.271 36.8964 538.62 183.902 521.828 24.5303 21.8632 200.734 176.479
internal_count=1074050 143897 29875 19357 10518 930153 114022 3526 232964 1689 449 35694 16617 1837 6992 6736 4861 1517 12815 11818 3861 3195 392 2740 6404 2677 1875 1820 78328 72485
is_linear=0
shrinkage=0.05


Tree=68
num_leaves=31
num_cat=0
split_feature=1 1 112 42 100 1 42 114 113 40 91 4 102 4 113 109 69 4 79 97 106 61 113 45 4 3 96 92 94 113
split_gain=249.133 60.1295 32.8287 18.907 16.619 15.8845 14.2654 10.5538 9.91561 9.37867 8.85212 7.45136 7.20134 7.17988 10.2221 8.59357 6.95057 6.72822 9.43185 6.53723 8.48586 7.07682 6.67497 6.5239 6.34575 7.78976 6.3219 5.91544 5.87413 5.66574
threshold=0.035302874550316145 0.86620967868038068 0.029506500000000001 13.500000000000002 241.50000000000003 0.0019437620776660012 28.500000000000004 0.092087500000000003 0.26132800000000006 3.5000000000000004 4.5000000000000009 159592.50000000003 1.5000000000000002 2463.5000000000005 0.28957862500000003 28.500000000000004 8.5000000000000018 72.500000000000014 0.15817600000000001 18470.500000000004 48.100000000000009 2.5000000000000004 1.8112615000000003 1.0000000180025095e-35 2563.5000000000005 27365.500000000004 0.055249000000000006 0.059568000000000003 569.50000000000011 0.36705525000000006
decision_type=2 2 2 2 2 2 2 2 2 2 2 2 2 2 2 2 2 2 2 2 2 2 2 2 2 2 2 2 2 2
left_child=5 2 4 13 6 -1 7 -2 11 -7 12 -8 -4 14 15 26 17 18 -16 20 22 -22 27 24 -5 -26 -3 -15 -18 -27
right_child=1 3 10 23 -6 9 8 -9 -10 -11 -12 -13 -14 19 16 -17 28 -19 -20 -21 21 -23 -24 -25 25 29 -28 -29 -30 -31
leaf_value=-0.050492621134448613 -0.012693932746149965 0.014773062460283341 0.029529831831147144 0.035044499660575955 -0.036382993483125424 -0.0092863336518976252 0.0054415212537263563 0.0038164084130814305 0.022790860453805083 -0.038191014496262242 -0.0037682373017732564 -0.044468966811696695 0.0057273105133679707 0.0068342527006209856 -0.034881816175849477 -0.031776385228927992 0.010257421685139736 0.030475147469496634 0.041369765624669728 -0.053927304795556713 0.0082233293715635088 0.052244528098690582 -0.025809288353396492 0.046675809030898761 -0.029782668498202231 0.0068633317752981845 -0.055649499185282086 0.036029883441817845 -0.055837266006269343 0.029413080514339926
leaf_weight=193.73075474004236 465.1313604624811 48.848464325652458 92.651811792486114 68.557622703025118 49.186498254301114 44.984415511605221 23.566223338151758 122.22656339377136 64.675399709987687 74.608405834798759 46.608577641003649 10.954097662979619 48.363855119256186 644.26551540708169 9.6950036343187111 15.924453206011092 38.464490194804966 152.37477425369434 6.9717620117589822 4.2684835621621451 17.216549707576632 19.436515280976892 15.276703059673308 33.932543694972992 8.623207700904457 49.637793545611203 3.4092915486544362 17.829809475690126 3.6835634759627274 63.47836896032095
leaf_count=697189 75447 396 2305 322 38409 59600 2245 6189 3006 173364 2744 1783 3468 4837 83 375 272 660 31 145 135 66 87 107 74 287 62 73 49 240
internal_value=0 0.00608275 -0.00354676 0.0133596 -0.0083077 -0.0416473 -0.00629631 -0.0092582 0.0112417 -0.0273186 0.0151225 -0.0103962 0.0213663 0.010411 0.0172124 0.000379784 0.0226467 0.0271761 -0.00298553 0.00776568 0.00813449 0.031567 0.00686653 0.0264789 0.0228775 0.0160257 0.0101787 0.00762047 0.00448102 0.0195178
internal_weight=0 2145.26 923.364 1221.89 735.74 313.324 686.554 587.358 99.1957 119.593 187.624 34.5203 141.016 997.665 279.372 68.1822 211.19 169.042 16.6668 718.294 714.025 36.6531 677.372 224.23 190.297 121.739 52.2578 662.095 42.1481 113.116
internal_count=1074050 143897 135596 8301 127079 930153 88670 81636 7034 232964 8517 4028 5773 7271 1928 833 1095 774 114 5343 5198 201 4997 1030 923 601 458 4910 321 527
is_linear=0
shrinkage=0.05


Tree=69
num_leaves=31
num_cat=0
split_feature=1 1 102 42 53 114 106 3 107 3 97 66 4 67 97 76 42 113 102 108 0 1 74 111 76 85 0 97 64 69
split_gain=236.918 63.8106 31.9527 22.1338 14.485 13.4115 11.016 11.394 9.32398 8.77657 8.55385 8.43826 8.29419 7.75964 7.4545 7.32514 7.08693 6.77709 6.45515 6.43438 6.15388 6.03966 5.84883 8.67494 5.82826 5.68007 5.64103 5.1073 9.66068 6.44155
threshold=0.37969951586789719 0.0088049481694041625 15.500000000000002 7.5000000000000009 86.500000000000014 0.014943000000000001 8.2916666666650016 68784.500000000015 0.030706000000000001 24717.000000000004 3677.5000000000005 1.0000000180025095e-35 189759.50000000003 0.062324500000000012 104.50000000000001 0.053408000000000004 297.50000000000006 0.1948835833335 6.5000000000000009 0.049519500000000001 0.011282000000000002 0.0020235500892945464 1.5000000000000002 0.056378500000000005 0.044931500000000006 8.5000000000000018 0.028647500000000003 1888.5000000000002 112.55000000000001 6.5000000000000009
decision_type=2 2 2 2 2 2 2 2 2 2 2 2 2 2 2 2 2 2 2 2 2 2 2 2 2 2 2 2 2 2
left_child=1 19 3 6 8 10 7 9 18 20 15 12 22 27 -9 24 26 -7 -3 -1 -2 -21 23 -5 25 -4 -10 28 -8 -30
right_child=2 4 5 11 -6 17 13 14 16 -11 -12 -13 -14 -15 -16 -17 -18 -19 -20 21 -22 -23 -24 -25 -26 -27 -28 -29 29 -31
leaf_value=-0.049877568142686075 0.046755107911359554 -0.0062806073861956637 -0.0065340200932534707 0.016839900054506168 -0.03677929353886171 -0.0082895258147935059 0.012738487851714532 0.022167762099738662 0.016351496123422956 0.031687125348122472 -0.034777854562956172 -0.012528155486628445 0.013769019350111093 0.060634710947309246 -0.0085201237804809326 0.0017557584081611571 0.049559473124457014 0.009824880697766547 -0.021837375546233301 -0.041454509222220291 0.0013859054971991393 0.020398423567950227 0.047690807711823241 0.038919106130270449 -0.053889631700675046 -0.046674333779204762 -0.014211620733917544 0.021138845121870604 0.0020726494646342779 -0.036729621711007396
leaf_weight=212.01403845250115 8.1229035613359866 125.69349917670479 52.452948038291652 92.962782359129051 61.081513396040464 68.103231929271715 425.89876209862996 22.196776907192543 28.526631924745743 44.234932235973247 32.692336416293983 14.73195747550926 94.481261235981947 8.6095266751945001 182.43251784599124 101.87360765547783 8.2547461149806605 213.5146942542051 142.03084118032712 10.236006580056712 93.596107904799283 6.4233001094344209 44.382470037788153 85.315782842691988 10.274339359311851 10.593009513453579 32.070362476399168 142.42679475681507 31.951646665111184 16.078015879669692
leaf_count=770173 91 36458 1933 910 73593 2141 4214 412 4380 724 6882 326 689 30 4968 5268 149 2639 75975 54124 2434 12541 109 364 476 958 8423 1694 671 301
internal_value=0 -0.0264809 0.0092301 0.0133098 -0.0143786 -0.00166642 0.00951532 0.00242135 -0.0103134 0.0130944 -0.0112991 0.0244637 0.0261821 0.0134948 -0.00519131 -0.00691785 0.0060969 0.0054443 -0.0145337 -0.0475265 0.00500892 -0.017606 0.0314493 0.027406 -0.0189692 -0.0132784 0.000176268 0.0128363 0.0103412 -0.0109165
internal_weight=0 626.331 1796.93 1307.42 397.658 489.504 975.548 350.583 336.576 145.954 207.886 331.874 317.142 624.965 204.629 175.194 68.8517 281.618 267.724 228.673 101.719 16.6593 222.661 178.279 73.3203 63.046 60.597 616.355 473.928 48.0297
internal_count=1074050 1035816 38234 17937 198978 20297 15539 8629 125385 3249 15517 2398 2072 6910 5380 8635 12952 4780 112433 836838 2525 66665 1383 1274 3367 2891 12803 6880 5186 972
is_linear=0
shrinkage=0.05


Tree=70
num_leaves=31
num_cat=0
split_feature=1 1 42 1 102 102 1 42 113 40 42 69 59 64 97 48 106 98 105 1 42 54 114 57 106 105 55 114 105 93
split_gain=224.033 59.5764 23.9101 23.7656 16.0135 14.564 13.7812 11.0712 8.91007 8.82663 8.24519 7.57918 7.23715 7.08538 6.9495 6.4572 6.22639 5.92542 7.85356 5.88926 5.86555 5.47752 5.35177 5.04385 5.41929 5.57971 5.98437 6.60105 9.42978 6.62664
threshold=0.030380062479932603 0.60678019017954943 172.50000000000003 0.94875966535953815 6.5000000000000009 1.5000000000000002 0.0019437620776660012 3.5000000000000004 0.20665250000000004 3.5000000000000004 1.0000000180025095e-35 7.5000000000000009 39.500000000000007 426.12500000000006 10300.500000000002 1.0000000180025095e-35 7.2916666666650007 1.5000000000000002 0.028181000000000001 0.26731028589363609 6243.0000000000009 0.031126000000000004 0.12193150000000001 1.0000000180025095e-35 5.7750000000000012 0.081664500000000015 6.5000000000000009 0.15899450000000001 0.078344000000000011 0.020818500000000004
decision_type=2 2 2 2 2 2 2 2 2 2 2 2 2 2 2 2 2 2 2 2 2 2 2 2 2 2 2 2 2 2
left_child=6 4 3 5 7 11 -1 16 -7 -8 23 22 -10 -12 15 19 -2 18 20 -6 -4 -18 -3 24 -5 26 27 28 29 -26
right_child=1 2 17 10 14 8 9 -9 12 -11 13 -13 -14 -15 -16 -17 21 -19 -20 -21 -22 -23 -24 -25 25 -27 -28 -29 -30 -31
leaf_value=-0.05044686689450302 -0.018184829103807348 0.0086523191126854516 0.0051703946128483502 -0.0022819532547182671 -0.028683765323533669 -0.019968283369978343 -0.0083864330614191879 0.01772269812185474 0.0003506947286291476 -0.038676218696560717 0.023655140364663686 -0.0067467387595992537 -0.044546556356433314 -0.028616162711213214 -0.044254100352710483 0.0074443067595893813 -0.001078355059561048 0.045491368840499438 0.039055048385451013 -0.011217718458807962 0.037046262978438424 0.07321672619692185 0.025292717450313869 0.038454660710654072 0.0047215095373640712 0.01676242735187139 -0.036826899216302 -0.055358642430600548 -0.046075928894696583 0.027579933802384982
leaf_weight=177.22381954133652 72.548282566083799 221.63445607866743 57.434794119399157 76.608374829986133 87.489525507344297 83.239322198365699 38.196700869799315 61.50942436868354 256.36114415548218 64.947149198123043 225.97916403459385 64.194469086243771 9.3013487837306439 6.6744925661478183 23.999192205796135 26.072581582709972 110.16994031664944 38.642105221748352 47.474375918041915 107.6427659273686 19.275352209922858 2.5380196924088514 61.788464779732749 16.034614820964634 106.30064150691032 260.12807679001708 8.0937730558216554 4.1077684611082068 7.4510690476745358 45.182306907372549
leaf_count=697189 19420 3783 491 665 50586 3774 57408 6686 5591 166888 1069 1673 1328 76 19950 5464 15073 102 186 13902 109 12 550 63 590 1101 62 12 48 199
internal_value=0 0.00558507 0.0102232 0.00818726 -0.00964927 0.00152295 -0.04199 -0.000657069 -0.00569382 -0.0274592 0.0143227 0.00876638 -0.00122124 0.0221556 -0.0186987 -0.0159262 -0.00675958 0.0283924 0.0230718 -0.0190488 0.01318 0.000594662 0.0122801 0.0108443 0.00997259 0.0121495 0.00513768 0.0072209 0.00883832 0.0115394
internal_weight=0 2107.88 1615.91 1453.08 491.97 696.519 280.368 246.766 348.902 103.144 756.56 347.617 265.662 232.654 245.204 221.205 185.256 162.827 124.185 195.132 76.7101 112.708 283.423 523.907 507.872 431.264 171.136 163.042 158.934 151.483
internal_count=1074050 152565 21472 20584 131093 16699 921485 41191 10693 224296 3885 6006 6919 1145 89902 69952 34505 888 786 64488 600 15085 4333 2740 2677 2012 911 849 837 789
is_linear=0
shrinkage=0.05


Tree=71
num_leaves=31
num_cat=0
split_feature=1 1 102 102 77 114 1 64 42 82 86 40 4 42 97 114 42 113 4 76 4 76 55 79 108 85 81 100 3 106
split_gain=213.568 55.6802 22.8718 15.5254 15.3609 13.5145 13.2325 10.5881 9.90069 9.19075 8.6618 8.54655 8.22707 8.38628 7.5735 6.87583 6.85497 7.87532 6.80301 7.23577 6.7571 6.67153 8.50566 6.63226 7.49361 6.66052 6.24597 6.06821 7.98433 5.97114
threshold=0.030380062479932603 0.60678019017954943 1.5000000000000002 6.5000000000000009 0.023719000000000004 0.026035500000000003 0.0019437620776660012 5.7750000000000012 3.5000000000000004 4.5000000000000009 4.3666666666650009 3.5000000000000004 2826.5000000000005 1.0000000180025095e-35 737.50000000000011 0.017257000000000005 402.50000000000006 0.15912983333350003 123701.00000000001 0.15194250000000001 156.50000000000003 0.039518000000000005 8.5000000000000018 0.10054350000000001 0.064759500000000011 5.5000000000000009 3.5000000000000004 8.5000000000000018 27365.500000000004 20.550000000000004
decision_type=2 2 2 2 2 2 2 2 2 2 2 2 2 2 2 2 2 2 2 2 2 2 2 2 2 2 2 2 2 2
left_child=6 3 4 8 12 10 -1 9 -2 18 -4 -8 20 -14 -6 -5 17 -9 19 -7 -3 -15 -23 -20 25 -25 -16 29 -29 -22
right_child=1 2 5 15 14 7 11 16 -10 -11 -12 -13 13 21 26 -17 -18 -19 23 -21 27 22 -24 24 -26 -27 -28 28 -30 -31
leaf_value=-0.050370861604457223 -0.0063411456265243457 0.00047356665225553921 0.0028883411413684109 -0.025013241416540079 0.017224964813435047 0.010101063042861699 -0.008654375574096972 -0.014782070513669683 0.016881639198207687 -0.055488031495689649 -0.015716113396250685 -0.038769787507062031 0.0029688693639421874 -0.014259636262325879 0.04565076110750467 -0.0076694956389771309 0.044776645688567096 0.015628070829976231 -0.039035853416442209 -0.061669510113664519 0.019924237941241714 0.021137499658049591 -0.065278362164997869 0.032959874428212597 -0.054250606217116887 -0.027547168087656899 0.020373141157750008 0.0024428741570549934 0.048604950242476345 0.041361795393969308
leaf_weight=169.45201737339812 182.50648901007298 40.120673059340334 125.87357986392453 149.39157226712268 101.23054464173038 105.34917441103607 37.704790831785431 23.708177116350271 61.315702100098861 7.552338787354528 124.38550838299852 62.793761377281044 315.56763418931223 15.995505973231046 66.641636405140162 92.545704197160376 17.733874338213354 208.70978263847064 17.891351317521185 3.6329225711524478 75.750448502367362 158.96025221454329 2.8994206006755112 14.276724280323839 5.0347580923698834 6.6744570704177013 38.589100240729749 53.79486278782133 11.342136494233271 56.867356267292053
leaf_count=697189 34505 677 1991 74501 657 894 57408 629 6686 108 6378 166888 4224 113 238 15401 78 1936 304 24 499 1151 69 96 62 86 202 763 97 196
internal_value=0 0.00541958 0.00992442 -0.00940535 0.0149449 0.0027999 -0.0418456 0.00838244 -0.000501147 -0.0016446 -0.00635857 -0.0274712 0.0115447 0.00786251 0.0269887 -0.0183789 0.0148124 0.012526 0.00101565 0.00770859 0.0191827 0.0165453 0.0195895 -0.0156082 0.000521743 0.013684 0.0363812 0.0229785 0.010481 0.0291168
internal_weight=0 2084.34 1598.58 485.759 937.76 660.823 269.951 410.564 243.822 160.412 250.259 100.499 731.298 493.423 206.461 241.937 250.152 232.418 152.859 108.982 237.875 177.855 161.86 43.8773 25.9859 20.9512 105.231 197.755 65.137 132.618
internal_count=1074050 152565 21472 131093 8886 12586 921485 4217 41191 1574 8369 224296 7789 5557 1097 89902 2643 2565 1466 918 2232 1333 1220 548 244 182 440 1555 860 695
is_linear=0
shrinkage=0.05


Tree=72
num_leaves=31
num_cat=0
split_feature=1 1 42 110 42 1 65 106 97 4 67 40 53 102 67 60 48 106 113 113 4 1 113 38 42 73 84 100 106 108
split_gain=202.389 56.2863 29.6244 20.1124 15.742 12.7272 11.9303 9.92144 9.38632 8.59723 8.53225 8.30199 7.94869 7.17948 7.04956 7.03381 6.69213 6.24625 6.15401 6.14966 5.76737 5.67075 5.60284 6.28389 5.96202 7.22352 5.41501 6.00065 10.2122 5.31795
threshold=0.030380062479932603 0.86620967868038068 31.500000000000004 7.5000000000000009 1.0000000180025095e-35 0.0019437620776660012 1.0000000180025095e-35 8.7750000000000021 3677.5000000000005 2826.5000000000005 0.066580500000000015 3.5000000000000004 2.5000000000000004 15.500000000000002 0.068180000000000004 0.026069000000000005 1.0000000180025095e-35 4.4500000000000011 0.10766550000000001 0.51986650000000012 593143.50000000012 0.26731028589363609 1.1973990000000001 2.5000000000000004 436.50000000000006 33.500000000000007 0.45000000000000007 7.5000000000000009 4.7750000000000012 0.090877000000000013
decision_type=2 2 2 2 2 2 2 2 2 2 2 2 2 2 2 2 2 2 2 2 2 2 2 2 2 2 2 2 2 2
left_child=5 2 3 7 9 -1 20 10 16 17 29 -7 22 -10 18 19 21 -3 -11 -9 -4 -5 23 24 25 -6 27 -23 -29 -2
right_child=1 4 6 8 12 11 -8 15 13 14 -12 -13 -14 -15 -16 -17 -18 -19 -20 -21 -22 26 -24 -25 -26 -27 -28 28 -30 -31
leaf_value=-0.050222832199426838 -0.015702606993867562 -0.012910941268152813 0.011576290200965386 -0.028044950103511764 0.019868072422526178 -0.0088811874197702711 0.03550779994715874 -0.012125613962225419 0.032649613155016827 -0.040730100301811081 0.035633045838646994 -0.038830144508245547 0.0084009675056778196 -0.040163514857906722 0.0532126918000181 0.024980666826225011 0.0087772075561458312 0.019012164967634488 0.004232946773967964 0.0086872449344394791 -0.018633831841834019 -0.0014057786359773887 0.038733975478345443 -0.032875967973757129 0.037911217901335004 -0.040941809326329875 -0.079074944890658222 -0.04834710306552014 -0.010828217909481748 0.013011228732661931
leaf_weight=161.63540926251881 136.00646769785817 16.681857818155549 85.7691271215499 69.89203431993883 234.35721411043778 37.449213334939486 50.868289215257391 51.051049614350632 3.6184087441215516 7.7315171856898806 9.8790937405428831 60.558899989076053 116.76756886526709 52.57884029876368 7.2439737934619179 43.158453562529758 30.989116854019812 188.13768067129422 484.32801846956136 116.45070355580538 19.365436113741453 94.998575648874976 51.340828273445368 5.3477919884026042 47.985759044066072 4.9875385323539367 2.9313971739902618 22.80762393331679 88.562092659762129 18.294048016454326
leaf_count=697189 25667 272 9286 38016 1192 57408 376 5956 375 185 67 166888 1148 29814 31 1444 4829 1083 3951 8995 3585 3866 171 33 165 70 102 4089 7053 744
internal_value=0 0.00523822 -0.00417438 -0.00834249 0.0124879 -0.0416028 0.0156296 -0.000199735 -0.0166733 0.00778589 -0.00941412 -0.0273866 0.0196729 -0.0354752 0.00424732 0.00698156 -0.0132668 0.0164121 0.00352646 0.00234392 0.00601169 -0.0157136 0.0234988 0.0208263 0.0218258 0.0186009 -0.0115958 -0.0106373 -0.0185118 -0.0122983
internal_weight=0 2062.13 897.221 741.218 1164.91 259.644 156.003 374.84 366.378 704.123 164.18 98.0081 460.787 56.1972 499.304 210.66 310.181 204.82 492.06 167.502 105.135 279.192 344.019 292.678 287.331 239.345 209.3 206.368 111.37 154.301
internal_count=1074050 152565 144264 131017 8301 921485 13247 42873 88144 5522 26478 224296 2779 30189 4167 16395 57955 1355 4136 14951 12871 53126 1631 1460 1427 1262 15110 15008 11142 26411
is_linear=0
shrinkage=0.05


Tree=73
num_leaves=31
num_cat=0
split_feature=1 1 1 42 67 53 113 42 102 113 61 112 42 36 97 73 4 105 0 79 102 4 64 77 45 73 96 77 61 38
split_gain=192.539 55.28 28.6468 21.8309 15.3607 13.3801 10.5092 8.79969 8.06119 8.02475 8.10611 6.45112 6.34716 6.22507 6.07863 6.1797 6.75392 5.91869 5.80355 5.68211 5.67025 5.56847 6.30262 5.50299 5.46943 6.11244 5.39141 5.31655 5.03399 4.94303
threshold=0.37969951586789719 0.0067794565405618597 0.94875966535953815 2.5000000000000004 0.096819500000000017 86.500000000000014 0.46367816666650002 1.0000000180025095e-35 6.5000000000000009 0.20217766666650003 12.500000000000002 0.027653 207.50000000000003 1.0000000180025095e-35 571.50000000000011 6.5000000000000009 120938.00000000001 0.049402000000000008 0.025298500000000005 0.21233350000000004 12.500000000000002 728670.50000000012 426.12500000000006 0.052045000000000008 1.0000000180025095e-35 10.500000000000002 0.10371350000000001 0.12960100000000002 10.500000000000002 1.5000000000000002
decision_type=2 2 2 2 2 2 2 2 2 2 2 2 2 2 2 2 2 2 2 2 2 2 2 2 2 2 2 2 2 2
left_child=1 -1 3 6 7 8 23 -4 12 10 14 17 -3 24 -5 16 18 20 -16 -13 -8 22 -9 -2 25 26 29 -27 -22 -11
right_child=2 5 4 9 -6 -7 11 21 -10 13 -12 19 -14 -15 15 -17 -18 -19 -20 -21 28 -23 -24 -25 -26 27 -28 -29 -30 -31
leaf_value=-0.047626029024436072 -0.011320262986149479 -0.0051591333768996658 0.010308571226623479 0.01689217109609889 0.056644231355514607 -0.036462492040713959 0.0039373140414630933 0.025202910085093563 -0.018476739136687875 0.019816385268550132 -0.042942058694283719 0.031367785921090297 0.035548478879017749 -0.069785989220844558 0.034019843366794249 -0.058511331223090102 -0.054010383589980338 0.0072187588306239338 -0.043230857267772864 -0.017443943508589074 -0.028363810586095207 -0.0033727518919008381 -0.022538421728155345 0.010382133948498041 0.036579296503125212 -0.01287051456817816 -0.064369109875084582 0.0485501941234672 0.024475850325663562 -0.026569226689569306
leaf_weight=186.22032976138325 302.71637265643949 154.11358905512679 499.05337869562209 38.637486999476096 21.927936563268304 58.000548368517229 39.832355950216879 232.74324707593769 156.85339636538629 197.61476843418495 10.482858977746217 33.033687013434246 10.210031281736518 2.0801311146788057 10.813503248602506 6.1092136584775281 4.4637156720673365 136.21894618371152 3.1364202013282911 7.2752017951570442 38.435742328794731 20.487399822100997 7.1247131596319369 32.32892571517732 31.631703466409817 29.184768635728688 1.9833583869040001 4.0069471672177306 5.106294168974272 5.915292898862389
leaf_count=815612 16592 48147 2731 606 58 81046 1382 1088 90445 3331 414 338 566 292 334 938 337 2292 518 47 4463 113 85 842 250 937 8 12 111 115
internal_value=0 -0.0253168 0.0083108 0.00243495 0.0153874 -0.0143604 -0.0033733 0.0141961 -0.010369 0.0124205 -0.00222351 0.00417175 -0.00262982 0.0163793 0.00453464 -0.0149355 -0.000478094 0.00079675 0.0166512 0.0225579 -0.00969567 0.0216478 0.0237849 -0.00922617 0.0170423 0.0144534 0.0176688 -0.00545573 -0.0221672 0.0184683
internal_weight=0 565.398 1722.34 941.008 781.337 379.178 594.948 759.409 321.177 346.06 73.6432 259.902 164.324 272.417 63.1603 24.5229 18.4136 219.593 13.9499 40.3089 83.3744 260.355 239.868 335.045 270.337 238.705 205.513 33.1917 43.542 203.53
internal_count=1074050 1035816 38234 34159 4075 220204 26067 4017 139158 8092 3147 8633 48713 4945 2733 2127 1189 8248 852 385 5956 1286 1173 17434 4653 4403 3454 949 4574 3446
is_linear=0
shrinkage=0.05


Tree=74
num_leaves=31
num_cat=0
split_feature=1 1 102 42 42 1 1 42 97 108 65 106 60 113 1 53 4 113 64 97 69 0 97 81 96 3 81 0 106 66
split_gain=181.232 51.8421 25.3651 16.8238 15.9014 12.9361 11.1283 9.17579 8.12346 7.60152 7.19919 7.1635 7.16138 7.14649 6.66913 6.24326 5.8301 5.50198 6.79551 5.84971 5.71271 5.57936 5.43372 5.23486 7.68518 5.20953 6.38653 4.93615 4.8348 4.9288
threshold=0.030380062479932603 0.7740980979447657 7.5000000000000009 3.5000000000000004 23.500000000000004 0.0019437620776660012 0.94875966535953815 1758.5000000000002 3677.5000000000005 0.049519500000000001 1.0000000180025095e-35 11.083333333350001 0.016635000000000004 0.24060000000000001 0.94875966535953815 1.5000000000000002 1654303.0000000002 0.28957862500000003 96.100000000000009 1404.5000000000002 13.500000000000002 0.09822400000000002 1257.5000000000002 28.500000000000004 0.019274000000000003 982019.50000000012 3.5000000000000004 0.0017535000000000003 17.775000000000002 1.5000000000000002
decision_type=2 2 2 2 2 2 2 2 2 2 2 2 2 2 2 2 2 2 2 2 2 2 2 2 2 2 2 2 2 2
left_child=5 2 3 11 6 -1 15 8 13 -7 16 -2 -13 -4 25 -3 22 18 20 -20 23 -19 -5 28 -25 -6 -27 -17 29 -8
right_child=1 4 7 10 14 9 17 -9 -10 -11 -12 12 -14 -15 -16 27 -18 21 19 -21 -22 -23 -24 24 -26 26 -28 -29 -30 -31
leaf_value=-0.050123272075919045 -0.011858911706916206 0.008268538613965681 -0.024728752458934314 0.022660354284082671 0.022814440107438955 -0.033006338716564082 0.012688984015594382 0.024194014852365581 -0.03687532674235855 0.0042249493558305685 0.032475134901074613 -0.001687986203229061 0.029048319882692589 -0.0076475917171778957 0.032774112425355571 -0.06492535530447352 -0.035463536684157485 0.01561341985874907 -0.054261326804295518 0.012849978034808508 -0.042619124935208447 -0.026784256752393504 -0.013157833299370309 0.056974619414730178 -0.010313348746299777 0.018168453227444922 -0.021930557328397146 -0.0027038625916325238 -0.039834676048954298 -0.011379216433809763
leaf_weight=147.9401290372889 143.50393760564111 214.2239836131921 105.95731014138073 38.202002230820653 74.769142074452247 77.069893200347906 105.45283825037768 13.113261684717143 50.281612896522347 16.675997123656089 51.669458235515776 85.962247463183303 24.310501659274451 145.07853459855323 97.581139211542904 3.2325514255790031 7.1199784206073664 494.41062491375487 8.617401466239242 5.2101775584742418 5.4837256036698809 7.8833387121558181 14.64850765072333 12.426458035595717 6.443971060216426 22.550570609048009 17.742181009263732 228.59403390427178 5.5424352064728728 26.64621268119663
leaf_count=697189 26992 2491 38175 2448 547 203507 666 1375 32009 20789 851 9787 1055 23193 387 125 1106 2377 92 53 77 51 2968 55 58 109 158 5101 27 232
internal_value=0 0.00490345 -0.00633805 0.00262078 0.0106204 -0.040915 0.0082487 -0.0167496 -0.0185314 -0.0263834 0.0187962 -0.00449499 0.00508808 -0.0148572 0.0231588 0.00211491 0.00701059 0.0122834 0.00467104 -0.0289741 0.0075429 0.014948 0.0127327 0.00930044 0.0339968 0.0150044 0.000511583 -0.00357147 0.00591461 0.00783409
internal_weight=0 2016.66 679.847 365.417 1336.81 241.686 1124.17 314.431 301.317 93.7459 111.64 253.777 110.273 251.036 212.643 446.051 59.9705 678.117 175.823 13.8276 161.996 502.294 52.8505 156.512 18.8704 115.062 40.2928 231.827 137.641 132.099
internal_count=1074050 152565 139959 45207 12606 921485 11405 94752 93377 224296 7373 37834 10842 61368 1201 7717 6522 3688 1260 145 1115 2428 5416 1038 113 814 267 5226 925 898
is_linear=0
shrinkage=0.05


Tree=75
num_leaves=31
num_cat=0
split_feature=1 1 102 45 4 53 114 42 94 113 40 42 73 107 113 4 97 43 82 94 102 82 85 114 4 38 90 82 81 1
split_gain=172.87 51.5837 26.0676 16.3966 13.6095 12.5241 12.2486 11.1299 9.1975 9.50445 8.99813 7.88852 7.72408 7.70183 7.36695 6.83768 6.22031 6.12815 6.57475 5.94089 5.70921 5.6273 5.6222 7.36854 6.74861 6.23679 5.57545 5.50511 5.57373 5.29698
threshold=0.37969951586789719 0.0067794565405618597 1.5000000000000002 1.0000000180025095e-35 1807278.0000000002 86.500000000000014 0.026035500000000003 1.0000000180025095e-35 9.5000000000000018 0.50568416666650007 2.5000000000000004 5589.0000000000009 2.5000000000000004 0.030706000000000001 0.1490795 2826.5000000000005 1888.5000000000002 1.5000000000000002 3.5000000000000004 13.500000000000002 7.5000000000000009 7.5000000000000009 6.5000000000000009 0.11325100000000002 3434.5000000000005 2.5000000000000004 1.5000000000000002 3.5000000000000004 6.5000000000000009 0.86620967868038068
decision_type=2 2 2 2 2 2 2 2 2 2 2 2 2 2 2 2 2 2 2 2 2 2 2 2 2 2 2 2 2 2
left_child=1 -1 3 7 6 13 11 15 27 12 22 14 -10 20 -4 -2 -15 18 -17 -16 -3 -12 25 24 -24 -9 -21 -8 -29 -11
right_child=2 5 4 -5 -6 -7 8 10 9 29 21 -13 -14 16 19 17 -18 -19 -20 26 -22 -23 23 -25 -26 -27 -28 28 -30 -31
leaf_value=-0.047235472033474231 0.016434787369611518 -0.0062795578462535306 -0.030011286198564881 0.043190923206998431 -0.017147311161931831 -0.035998970816593222 0.0034894998800994361 0.028029499448987468 0.019992262958633281 0.0082907724111819306 0.0095278664758676832 0.04539064589239105 -0.0017340835028501909 -0.00352499111638469 0.0048537041200383789 0.0062191049359216393 0.032923516739068674 0.048836826798191305 -0.010118872761651564 -0.0033731149690530956 -0.021428327559675362 -0.029841747657755508 -0.033748086930689689 0.030846786889965047 0.011954352016179051 -0.028435366754318958 -0.027028252276712173 -0.034164918571676091 0.023137791507024719 0.037390252295611361
leaf_weight=171.95160727173425 148.2655820363434 119.83921910958907 29.746608575569553 43.733679980476154 92.858118869284226 55.281101614485124 110.45277667033952 214.27525775833055 74.649214453820605 21.679341958486475 87.795463229202142 7.4954639671777832 90.50740059511736 47.951785674185885 107.72889047523495 310.40289150297758 15.48585076623567 7.4245686978101721 76.816418896778487 70.815724916035833 129.30349390333686 10.123017451420308 13.131465777405536 23.287727826274931 20.987188655184582 5.0046220049262038 38.426359876793867 20.332437969511378 5.3629184153396627 56.124622445553541
leaf_count=815612 1740 40932 2929 224 4125 81046 1344 1189 1051 378 1897 97 1944 13111 2620 5382 1567 39 2037 5353 83548 333 196 125 234 43 4324 320 67 243
internal_value=0 -0.0246284 0.00787871 0.0132802 0.000728754 -0.0140611 0.00334976 0.0118545 0.00904376 0.0148737 0.0184841 -0.00514172 0.00808602 -0.0101813 -0.00667693 0.00728011 0.00537251 0.00384074 0.00297798 -0.00347781 -0.0141417 0.00545775 0.023094 0.0091641 -0.00563544 0.0267408 -0.0116939 -0.00135988 -0.0222052 0.029282
internal_weight=0 539.813 1687.43 961.248 726.18 367.861 633.322 917.514 379.109 242.961 374.605 254.213 165.157 312.58 246.718 542.909 63.4376 394.644 387.219 216.971 249.143 97.9185 276.686 57.4064 34.1187 219.28 109.242 136.148 25.6954 77.804
internal_count=1074050 1035816 38234 13439 24795 220204 20670 13215 5347 3616 4017 15323 2995 139158 15226 9198 14678 7458 7419 12297 124480 2230 1787 555 430 1232 9677 1731 387 621
is_linear=0
shrinkage=0.05


Tree=76
num_leaves=31
num_cat=0
split_feature=1 1 42 65 112 3 114 1 112 110 85 106 111 42 71 106 94 81 106 97 76 0 90 104 4 64 76 4 4 65
split_gain=164.667 48.7785 22.8249 17.7661 16.1586 12.8654 12.3643 12.3549 11.5646 10.9569 8.64305 7.88969 7.80126 8.02775 7.36998 7.13852 7.70571 6.58435 6.84193 6.40246 5.48247 6.51679 5.41032 6.87399 5.39706 5.3265 5.30522 5.212 7.43857 5.18891
threshold=0.030380062479932603 0.7740980979447657 1.0000000180025095e-35 1.0000000180025095e-35 0.053537000000000008 84103.500000000015 0.030984500000000002 0.0019437620776660012 0.087522500000000017 6.5000000000000009 14.500000000000002 11.708333333350001 0.027136500000000004 5.5000000000000009 4.5000000000000009 8.2916666666650016 2.5000000000000004 5.5000000000000009 27.083333333350001 3677.5000000000005 0.51788850000000008 0.033644500000000008 1.0000000180025095e-35 128.50000000000003 1455534.0000000002 2.7750000000000004 0.029243500000000002 593143.50000000012 5051.5000000000009 1.0000000180025095e-35
decision_type=2 2 2 2 2 2 2 2 2 2 2 2 2 2 2 2 2 2 2 2 2 2 2 2 2 2 2 2 2 2
left_child=7 2 9 6 5 10 8 -1 20 11 12 -2 -3 17 26 16 -7 -14 -19 24 -4 -22 23 -6 -11 -15 -9 28 -8 -17
right_child=1 4 3 -5 22 15 27 14 -10 19 -12 -13 13 25 -16 29 -18 18 -20 -21 21 -23 -24 -25 -26 -27 -28 -29 -30 -31
leaf_value=-0.04999618943527237 -0.014487700671843413 0.0033114443591527286 -0.025227141788023405 0.026646360303351914 0.023466592962964734 0.030076124501439205 -0.012298475083151562 -0.050678821288370271 0.054454536751670196 -0.014096149471863767 -0.028982437335282687 0.0058256568359310182 0.009627960796760213 0.049865901597144525 -0.037227928372470839 0.0022830352442775987 -0.0066066616401108339 0.01688759738958167 0.043825704359487488 -0.044129938396879981 -0.020163928686774413 0.033784846797978031 0.040602347918907565 -0.0289748535159862 -0.036065530770141123 0.022739805749830307 0.0015756525281290382 -0.010967591444464485 0.025074907518158912 0.013909885742463046
leaf_weight=135.96137589394948 110.39519602002474 119.52726038412948 75.556922893667434 69.019926996654249 80.841401517391205 15.412821767851709 17.326827583987324 5.8883942372449374 5.7112100785452631 134.06256997904347 11.594376841560004 84.304704377704184 235.59416619793046 27.446756320074201 55.59111980644775 221.55061445035972 201.21407837471634 90.037571542081423 31.930590610019863 28.926374593505898 13.21529231762179 9.711152982687052 45.911045091459528 6.7723247704561791 35.3201992294089 53.125215165549889 27.739746504848881 22.626893024935271 57.485702753372607 169.28129869583063
leaf_count=697189 22133 1944 36434 2075 461 122 1928 15645 93 29707 261 8374 1739 86 166796 2374 2945 851 144 16829 7383 2316 211 70 8984 321 41855 1457 2246 1077
internal_value=0 0.0046212 -0.00642271 0.00475092 0.0102152 0.00834474 -0.00274395 -0.0405088 -0.0147173 -0.0141177 0.0137455 -0.00569205 0.0146338 0.0177227 -0.026051 0.00328367 -0.00399671 0.0145099 0.0239398 -0.0223899 -0.0187287 0.00268762 0.0266987 0.019413 -0.0186773 0.0319803 -0.00757427 0.0100595 0.0164191 0.00731898
internal_weight=0 1973.9 663.663 270.654 1310.24 1176.71 201.634 225.181 104.195 393.009 569.256 194.7 557.662 438.134 89.2193 607.459 216.627 357.562 121.968 198.309 98.4834 22.9264 133.525 87.6137 169.383 80.572 33.6281 97.4394 74.8125 390.832
internal_count=1074050 152565 139959 53932 12606 11864 51857 921485 46226 86027 5346 30507 5085 3141 224296 6518 3067 2734 995 55520 46133 9699 742 531 38691 407 57500 5631 4174 3451
is_linear=0
shrinkage=0.05


Tree=77
num_leaves=31
num_cat=0
split_feature=1 1 102 74 3 64 106 55 42 113 113 60 76 76 97 42 66 48 85 93 114 42 66 113 108 76 107 76 97 108
split_gain=156.728 47.9476 25.2557 18.5052 14.3852 11.5502 11.3349 9.93338 7.33533 7.16665 7.04013 6.60332 6.00499 6.72127 5.7948 5.69915 7.11206 6.79093 5.53656 10.9411 5.41029 5.33094 6.24278 5.30196 5.28946 5.27693 5.17194 5.00403 5.13205 4.92459
threshold=0.37969951586789719 0.0067794565405618597 15.500000000000002 1.5000000000000002 100931.00000000001 389.12500000000006 8.2916666666650016 1.0000000180025095e-35 4.5000000000000009 0.19142612500000003 0.21171150000000002 0.079052500000000012 0.12847600000000003 0.10535950000000001 1579.5000000000002 1.0000000180025095e-35 1.0000000180025095e-35 1.0000000180025095e-35 9.5000000000000018 0.0095465000000000012 0.048805500000000009 1.0000000180025095e-35 4.5000000000000009 0.65254100000000015 0.049519500000000001 0.048357500000000005 0.049804000000000008 0.018106000000000001 217.50000000000003 0.049992500000000002
decision_type=2 2 2 2 2 2 2 2 2 2 2 2 2 2 2 2 2 2 2 2 2 2 2 2 2 2 2 2 2 2
left_child=1 24 3 4 18 9 -6 14 10 11 20 -3 13 -12 23 17 26 -11 21 -20 27 -2 -23 -4 -1 -10 -17 -9 -29 -26
right_child=2 5 7 -5 6 -7 -8 8 25 15 12 -13 -14 -15 -16 16 -18 -19 19 -21 -22 22 -24 -25 29 -27 -28 28 -30 -31
leaf_value=-0.049536582081466281 0.012708197456634832 -0.026606484322929964 -0.013893921662927161 0.034299329365387758 -0.005080110635524054 -0.03455909821304233 0.0094355599007062106 0.0061729414595751006 0.0013369642286958517 -0.014784974382423696 0.00032733864846348727 0.05596125611308659 -0.065277529054357686 0.036818036429207446 -0.033335491637459629 0.004968436005726256 -0.039051848272570022 0.014782365283385994 -0.02336559107315064 0.016557059041772512 0.0020644840996972241 0.024314189274789826 -0.070422956678105955 0.031937347539566167 0.074256664063221595 0.025124059036080094 0.041446066879044931 0.0058939156859892008 -0.042558516430134356 -0.026449923356511321
leaf_weight=146.86493210925619 252.5739261869021 69.52467978734694 40.458727770295809 81.491549592930824 210.95423341504647 56.905598635279603 371.02047305928136 9.5396366955828835 47.206256252917228 139.43225807690396 184.73693906876724 2.5088645383257235 3.2910852123750365 13.544247629004529 35.788030959542084 45.681846571559618 7.4873161038121898 22.562200280102843 25.900874102022499 50.863416266423883 25.988023166370112 206.35736914775043 1.7536895380471822 7.4764390817144877 1.3752988459100368 46.06821564254642 12.342647441362713 6.5924463380943044 31.959384567395318 10.346025177068439
leaf_count=750968 3608 57356 2994 328 5618 73840 4571 506 950 57107 3497 367 65 116 8499 18107 5145 7120 675 671 766 2374 92 199 670 382 1162 227 2096 63974
internal_value=0 -0.0240851 0.00750172 0.0112954 0.00962079 -0.0139092 0.00417392 -0.00256329 0.000965219 -0.00998618 -0.00313598 -0.0237307 0.00170812 0.00281996 -0.0181116 -0.00563436 0.00680989 -0.0106669 0.0155189 0.00308684 -0.0163169 0.0175905 0.0235159 -0.00674563 -0.0469569 0.0130854 0.0127278 -0.02625 -0.034273 -0.0146337
internal_weight=0 515.032 1653.56 1200.92 1119.42 356.445 581.975 452.649 368.926 299.54 275.652 72.0335 201.572 198.281 83.7232 227.506 65.5118 161.994 537.449 76.7643 74.0795 460.685 208.111 47.9352 158.586 93.2745 58.0245 48.0915 38.5518 11.7213
internal_count=1074050 1035816 38234 17937 17609 220204 10189 20297 8605 146364 7273 57723 3678 3613 11692 88641 24414 64227 7420 1346 3595 6074 2466 3193 815612 1332 19269 2829 2323 64644
is_linear=0
shrinkage=0.05


Tree=78
num_leaves=31
num_cat=0
split_feature=1 1 42 1 65 42 86 114 112 113 97 102 113 76 63 42 114 65 77 91 97 48 106 3 97 64 3 76 113 106
split_gain=148.169 43.6492 27.5654 16.2236 15.2483 13.67 12.6112 11.2295 13.3129 9.64543 10.1983 8.20971 7.89759 6.39968 6.26654 5.75925 5.38811 5.37214 5.33557 5.28783 5.21232 5.16253 5.09655 5.02523 6.23394 5.13611 4.82622 5.35454 5.21041 4.66052
threshold=0.043984350660107828 0.94875966535953815 1.0000000180025095e-35 0.0019437620776660012 1.0000000180025095e-35 29.500000000000004 22.100000000000005 0.045941500000000003 0.071906000000000012 1.1577337500000002 1245.5000000000002 12.500000000000002 0.27086400000000005 0.2023635 0.022496500000000006 1707.0000000000002 0.044777000000000004 1.0000000180025095e-35 0.031335500000000009 5.5000000000000009 9603.5000000000018 1.0000000180025095e-35 20.550000000000004 221919.50000000003 10300.500000000002 2.0833333333350006 84103.500000000015 0.015317500000000003 0.1948835833335 10.775000000000002
decision_type=2 2 2 2 2 2 2 2 2 2 2 2 2 2 2 2 2 2 2 2 2 2 2 2 2 2 2 2 2 2
left_child=3 2 6 -1 7 23 12 8 9 10 26 -5 -2 15 17 -6 19 21 22 -13 -11 -14 -7 24 -3 29 -4 -28 -29 -25
right_child=1 5 4 11 13 18 -8 -9 -10 20 -12 16 14 -15 -16 -17 -18 -19 -20 -21 -22 -23 -24 25 -26 -27 27 28 -30 -31
leaf_value=-0.049798218511376641 -0.014298554750818027 0.015592969183745363 0.010537793688945864 -0.0062002025253757344 0.017074658247156753 0.010716818732402073 -0.026458748428163793 0.011102603467513844 0.043961186251134737 0.029606341112637602 -0.031159628524126189 -0.043822866066892806 -0.0089528243402298962 -0.075520384332583582 0.045020916519301638 0.044032088517547439 -0.0038129974849714235 0.0055847367176634086 0.047733310645580958 0.033722413836220481 -0.015492166066097178 0.017874488332405843 0.044856846500307829 0.0070432042841565654 -0.048850534802906187 0.0037449277970636064 0.029286037084082048 -0.041764682235521239 -0.0068694794723660807 0.053920077212957357
leaf_weight=124.6058752831309 178.68876441615794 411.12639135151403 32.962763497169362 42.355562289269074 137.03783318041678 32.272651738254353 83.070868111775781 160.19093911676464 12.042044688656459 20.531432040297663 61.516385303950301 54.173913209097918 227.55839268399723 1.736978034256025 7.0773600737593361 23.161666136234999 12.023547141014204 134.33936562659801 35.618006741628051 2.2913862867735579 9.3130432704310788 19.466885260757408 16.531426096335053 11.084022626280786 3.7872755047865203 223.84576092497446 6.3056122972775475 17.041705628304044 28.73506874512168 10.164610699983312
leaf_count=697189 24586 2317 4414 84503 2440 172 32125 4070 149 1287 24759 144833 14626 22 192 98 14330 5977 116 1680 4132 1116 57 69 28 1283 436 4329 2682 33
internal_value=0 0.00462437 -0.00143635 -0.0374193 0.00725869 0.0140748 -0.00826419 0.00136978 -0.00690365 -0.0103758 -0.0156517 -0.0235036 -0.00559913 0.0199372 -0.00159728 0.0209722 -0.0342046 -0.00246242 0.0330195 -0.040676 0.0155332 -0.00683869 0.0222811 0.0116515 0.0150047 0.00597496 -0.00443429 -0.0139101 -0.0198602 0.0294675
internal_weight=0 1905.21 1160.78 235.45 510.575 744.43 650.202 348.639 188.448 176.406 146.562 110.844 567.131 161.936 388.442 160.199 68.4888 381.365 84.4221 56.4653 29.8445 247.025 48.8041 660.008 414.914 245.094 85.0452 52.0824 45.7768 21.2486
internal_count=1074050 131515 127440 942535 48818 4075 78622 46258 42188 42039 36620 245346 46497 2560 21911 2538 160843 21719 345 146513 5419 15742 229 3730 2345 1385 11861 7447 7011 102
is_linear=0
shrinkage=0.05


Tree=79
num_leaves=31
num_cat=0
split_feature=1 1 102 42 42 81 1 81 1 106 40 38 113 107 93 93 96 69 104 86 42 66 90 113 4 69 108 42 94 42
split_gain=141.258 47.9068 23.067 16.3839 13.8328 10.0182 9.68878 8.18292 8.17706 8.16074 8.10198 7.83152 6.27492 6.11641 5.77579 5.65146 5.64804 5.42221 5.58857 6.58083 5.94796 5.18147 6.12748 5.04405 5.55512 5.37357 6.9177 4.85699 4.71345 4.43799
threshold=0.016616566037286794 0.7740980979447657 12.500000000000002 98.500000000000014 4.5000000000000009 4.5000000000000009 0.94875966535953815 1594.5000000000002 0.0021075803230419543 9.3666666666650027 2.5000000000000004 1.5000000000000002 0.16520650000000001 0.029086500000000005 0.023076500000000003 0.055555000000000007 0.091939000000000007 8.5000000000000018 8.5000000000000018 9.1000000000000014 1.0000000180025095e-35 1.0000000180025095e-35 1.5000000000000002 0.49088075000000003 746738.00000000012 5.5000000000000009 0.039207000000000006 5589.0000000000009 5.5000000000000009 1.0000000180025095e-35
decision_type=2 2 2 2 2 2 2 2 2 2 2 2 2 2 2 2 2 2 2 2 2 2 2 2 2 2 2 2 2 2
left_child=5 2 3 9 6 8 23 17 -1 16 11 12 14 -11 -6 27 29 18 -4 20 -20 -14 -23 28 -25 26 -26 -12 -3 -2
right_child=1 4 7 -5 10 -7 -8 -9 -10 13 15 -13 21 -15 -16 -17 -18 -19 19 -21 -22 22 -24 24 25 -27 -28 -29 -30 -31
leaf_value=-0.04509686508817054 -0.019441491473536868 0.010272842462175103 -0.036882207692421808 0.027914359492798024 0.013661708363230213 -0.047996298453112762 0.010556187346657312 -0.043543644118618802 0.0081329077402560596 -0.00031481212053443989 0.0053793563259223447 -0.044105060238031346 0.029619813392676941 0.022638391057423865 -0.046141808158237374 -0.038100852148394648 0.02962292918584096 -0.035837257915907993 -0.010879679911178696 -0.019552017722458282 0.01209898663741628 -0.072956406308711197 0.014409322178404944 0.010395482293690875 -0.039341560642887852 -0.053458195176842416 0.037848492996180309 0.043482723503173303 -0.0086588514770222502 -0.00076029866449751936
leaf_weight=13.16252853391825 98.631406766793589 40.92542654951103 21.16377115594878 50.063347477280331 17.753565785707909 148.10676958953763 582.68913012481062 27.254923782843434 15.96688752949103 130.83531895098167 76.950959451874951 4.197182504925876 191.09350790735334 37.297247462214727 5.2257585637271395 6.7146599404513827 8.042547792880212 27.410242482736066 73.428976869847247 98.158653714021966 45.681574270660349 2.5588267445564243 9.305754812899977 138.15472713836061 5.4131476892653172 6.9608510592952362 6.2582313530147076 9.3831608181353641 167.19122439499188 46.913670014600939
leaf_count=106125 28429 643 4762 2149 123 747186 3336 27423 29926 18681 1003 33 874 1990 56 65 524 12536 13227 54952 3991 24 70 1726 210 122 45 44 4232 9543
internal_value=0 0.00391201 -0.00696267 0.00130635 0.00960174 -0.0427244 0.00655523 -0.0174516 -0.0159197 -0.00283416 0.0185343 0.0235682 0.0248254 0.00477695 6.17115e-05 0.0060841 -0.011166 -0.0147766 -0.0123555 -0.00996636 -0.00206684 0.0276292 -0.00443279 0.000166372 0.00693918 -0.0186887 0.002048 0.00952059 -0.004936 -0.01342
internal_weight=0 1935.66 664.882 371.784 1270.78 177.236 947.593 293.098 29.1294 321.72 323.183 230.135 225.937 168.133 22.9793 93.0488 153.588 265.843 238.433 217.269 119.111 202.958 11.8646 364.904 156.787 18.6322 11.6714 86.3341 208.117 145.545
internal_count=1074050 190813 178207 61316 12606 883237 10314 116891 136051 59167 2292 1180 1147 20671 179 1112 38496 89468 76932 72170 17218 968 94 6978 2103 377 255 1047 4875 37972
is_linear=0
shrinkage=0.05


Tree=80
num_leaves=31
num_cat=0
split_feature=1 1 102 42 102 4 59 111 42 113 45 113 77 64 78 53 4 92 106 82 4 3 64 97 109 106 44 44 93 102
split_gain=134.856 45.467 22.6679 15.6904 11.1631 9.41933 8.08216 7.45244 7.39001 7.48734 6.74642 7.00319 6.99393 6.53381 6.49966 6.19657 6.11502 5.93648 5.90656 5.58523 5.57203 8.02984 5.42482 5.27375 7.99103 6.52211 5.34372 5.23442 5.11453 4.96606
threshold=0.42569895731548962 0.0067794565405618597 15.500000000000002 1.0000000180025095e-35 6.5000000000000009 26107.500000000004 52.500000000000007 0.19023550000000003 3860.0000000000005 0.14063150000000005 1.0000000180025095e-35 1.1973990000000001 0.065703000000000025 557.20000000000016 0.048863000000000011 332.50000000000006 1807278.0000000002 0.060501000000000006 5.708333333335001 4.5000000000000009 156.50000000000003 393.00000000000006 2.0833333333350006 466.50000000000006 6.5000000000000009 4.4500000000000011 10.500000000000002 4.5000000000000009 0.012545500000000003 10.500000000000002
decision_type=2 2 2 2 2 2 2 2 2 2 2 2 2 2 2 2 2 2 2 2 2 2 2 2 2 2 2 2 2 2
left_child=1 -1 3 5 14 -2 8 10 9 -4 11 12 19 -6 -3 16 20 18 -7 23 21 -11 -18 26 28 -26 -5 -21 -25 -27
right_child=2 4 6 7 13 17 -8 -9 -10 15 -12 -13 -14 -15 -16 -17 22 -19 -20 27 -22 -23 -24 24 25 29 -28 -29 -30 -31
leaf_value=-0.046639304511209817 0.011647555046764313 -0.0062515097060206878 -0.020820653394074958 0.028976271630117695 -0.017406713615082722 -0.015115414172596365 -0.049162615394232466 -0.052699672561662164 0.039672369420850499 0.022323797145178695 0.037188037663458587 0.031406750756176896 0.028223422470908633 -0.042054295357677456 0.040228154715813175 -0.046148981476100144 0.038544821113048404 0.042663496333538067 0.0020786302020434143 -0.020782246059071231 0.004835416541530491 -0.047992458595527254 -0.02382319033605005 -0.049473744597362236 -0.024808087496405493 0.017026680909721877 -0.028365305293559996 0.011713323143870219 0.0024829841361863956 -0.028412064175496909
leaf_weight=139.89129868459804 343.41326368849695 171.22847045568142 49.947625904675078 64.228035130596254 158.32212439905561 62.254074281583598 9.1345487823709828 3.7304166620597234 10.561647545124286 6.1856451338389915 42.82288497913396 66.034565184178064 68.153609089902602 32.388531721076106 7.8670729657060283 7.173120422379724 3.8645787653513244 7.863143002614378 252.67841840451001 25.274061908494332 291.12102363150916 11.815382683926144 35.64756006161042 8.8128198469057697 10.885071929114927 150.75676375886542 4.3373506322968742 24.314671934960643 10.240355491172521 6.2629221052047788
leaf_count=815612 4821 69667 3423 533 104993 2522 2440 29 128 70 223 392 380 49542 85 3007 69 49 4064 491 6493 662 1329 102 778 1579 64 346 69 88
internal_value=0 -0.022359 0.00722424 0.0108665 -0.0131742 0.00588347 -0.0026386 0.0176994 -0.0016178 -0.00269257 0.0182441 0.0163974 0.0137421 -0.0215926 -0.00420981 -0.000147782 0.000798689 -0.00024877 -0.00132019 0.0105074 0.00316616 -0.0238299 -0.0177231 0.0134876 0.00913751 0.0126197 0.0253489 -0.00484881 -0.021549 0.0152143
internal_weight=0 509.697 1577.51 1152.06 369.806 666.209 425.451 485.854 416.317 405.755 482.123 439.3 373.266 190.711 179.096 355.807 348.634 322.796 314.932 305.112 309.122 18.001 39.5121 255.523 186.958 167.905 68.5654 49.5887 19.0532 157.02
internal_count=1074050 1039899 34151 16530 224287 11456 17621 5074 15181 15053 5045 4822 4430 154535 69752 11630 8623 6635 6586 4050 7225 732 1398 3213 2616 2445 597 837 171 1667
is_linear=0
shrinkage=0.05


Tree=81
num_leaves=31
num_cat=0
split_feature=1 1 42 110 45 81 42 73 107 102 100 1 113 113 69 77 113 97 73 85 96 4 100 113 97 114 4 79 94 79
split_gain=127.819 44.3248 23.2185 15.3061 12.1767 9.38141 8.65744 8.7951 8.54685 7.7745 7.68598 7.4796 6.19856 5.80437 5.46718 5.33077 6.6044 5.44439 8.21147 6.08391 5.25865 5.19438 6.2707 5.21528 5.1775 4.87851 4.9707 4.74541 7.38269 5.89739
threshold=0.016616566037286794 0.86620967868038068 92.500000000000014 6.5000000000000009 1.0000000180025095e-35 4.5000000000000009 1.0000000180025095e-35 33.500000000000007 0.029086500000000005 1.0000000180025095e-35 86.500000000000014 0.0021075803230419543 1.1973990000000001 1.5023625 8.5000000000000018 0.026711000000000002 0.21919400000000003 361.50000000000006 20.500000000000004 7.5000000000000009 0.088674500000000003 23453.500000000004 33.500000000000007 0.28957862500000003 104.50000000000001 0.080165000000000014 308749.50000000006 0.31096600000000002 6.5000000000000009 0.14319500000000004
decision_type=2 2 2 2 2 2 2 2 2 2 2 2 2 2 2 2 2 2 2 2 2 2 2 2 2 2 2 2 2 2
left_child=5 2 3 8 6 11 21 12 13 -4 14 -1 15 -2 -5 16 17 -8 19 -19 -18 23 -23 24 -3 26 -11 29 -29 -25
right_child=1 4 9 10 -6 -7 7 -9 -10 25 -12 -13 -14 -15 -16 -17 20 18 -20 -21 -22 22 -24 27 -26 -27 -28 28 -30 -31
leaf_value=-0.045933875710095079 -0.0076486033143060451 0.045330264237380284 0.030689615558658713 -0.0098279995693475869 0.040778358096986489 -0.047660269584491835 0.016024532650937735 -0.032141253702237665 0.012809553384237019 0.00275884297957146 -0.032671822121544979 0.0072135839136552929 0.032503549318480665 0.015701930605534004 -0.029985941329338225 0.0257870370144496 0.015705154007330132 -0.01737326643512532 0.044462241892844562 -0.077977805424854621 -0.041416545565025664 0.002612269910142526 -0.032769486137149327 0.0098881419756404448 -0.0049740346337872575 0.030124192151857739 -0.044277365056299221 -0.039077757936111256 0.0094606065524962396 0.026321645982084446
leaf_weight=11.540275703186127 251.22828467638828 5.5045781433582297 52.528626493587581 268.38253569854896 31.991284864023328 136.979207375236 17.975224254652858 9.4941929904744011 86.365564624582476 31.002864892489015 54.872391004550082 15.526513792608055 52.614697137265466 29.766769085294072 38.456288389465044 74.024115971988067 196.70173591759522 21.693142075091608 4.4409871648531398 5.1180783533491185 4.1133958622813216 282.77011396200396 13.102947882842271 144.66913191787899 72.282432087056804 12.628738733867065 6.8596248410794933 10.212480543181298 33.637183853890747 87.681270795408636
leaf_count=106125 45350 36 1567 52012 136 747186 113 172 6092 5424 51892 29926 242 2894 14156 366 1233 307 46 143 36 2569 272 1008 883 111 3014 60 182 497
internal_value=0 0.00365585 -0.00499599 -0.0081356 0.0103964 -0.0423452 0.00945828 0.0153875 -0.000946877 0.0172231 -0.0154366 -0.0154465 0.0165854 -0.005175 -0.0123544 0.014001 0.0105118 -0.0059007 -0.0185114 -0.0289423 0.0145351 0.0059349 0.00104536 0.0100217 -0.00141426 0.00321316 -0.0057628 0.0132425 -0.00184386 0.0160896
internal_weight=0 1900.12 832.092 729.072 1068.03 164.046 1036.04 386.176 367.361 103.02 361.711 27.0668 376.681 280.995 306.839 324.067 250.043 49.2274 31.2522 26.8112 200.815 649.86 295.873 353.987 77.787 50.4912 37.8625 276.2 43.8497 232.35
internal_count=1074050 190813 182512 172396 8301 883237 8165 2658 54336 10116 118060 136051 2486 48244 66168 2244 1878 609 496 450 1269 5507 2841 2666 919 8549 8438 1747 242 1505
is_linear=0
shrinkage=0.05


Tree=82
num_leaves=31
num_cat=0
split_feature=1 1 102 42 102 114 64 4 42 111 85 113 59 73 79 3 42 97 107 92 4 3 106 93 3 42 76 40 44 76
split_gain=122.287 40.3432 22.6898 13.8674 11.8543 8.46716 7.68058 7.40576 6.34133 6.7865 6.99052 6.00403 6.8074 5.89559 5.80596 7.44349 5.5837 5.3907 5.35608 5.29668 5.12447 5.67953 5.00485 4.99798 4.98704 4.9785 4.93306 4.91199 4.85775 4.76763
threshold=0.37969951586789719 0.0030842274181046617 15.500000000000002 1.0000000180025095e-35 6.5000000000000009 0.048313500000000002 447.16666666650002 26107.500000000004 469.50000000000006 0.073181500000000024 6.5000000000000009 0.12697687500000002 56.500000000000007 8.5000000000000018 0.14777350000000003 226479.50000000003 1368.0000000000002 227.50000000000003 0.039393500000000005 0.060501000000000006 12504.500000000002 68784.500000000015 8.2916666666650016 0.020818500000000004 284909.00000000006 330.00000000000006 0.015317500000000003 3.5000000000000004 5.5000000000000009 0.014508000000000002
decision_type=2 2 2 2 2 2 2 2 2 2 2 2 2 2 2 2 2 2 2 2 2 2 2 2 2 2 2 2 2 2
left_child=1 -1 3 7 16 11 -6 -2 9 25 -11 17 -13 23 20 27 -3 -4 -17 22 21 -7 -9 28 -22 -5 29 -16 -12 -19
right_child=2 4 5 8 6 14 -8 19 -10 10 13 12 -14 -15 15 18 -18 26 -20 -21 24 -23 -24 -25 -26 -27 -28 -29 -30 -31
leaf_value=-0.048375211361780843 0.010739148258153482 -0.0061542971271815261 0.0084858779697362021 0.0099362012575214195 -0.017911669747991011 0.0043084284703416983 -0.043911183201115644 -0.008945784755038268 0.029251052199475727 0.031727792021241714 0.0084225342768590433 -0.0044670589670024637 -0.048938973228545284 -0.014000522577693698 0.01515551029022739 -0.046363886413613921 0.044666869675795279 -0.035451955114913412 0.041589924453309904 0.0412774409787088 0.036946598250226496 -0.048657480634185589 0.0040391511564075661 0.031691669597827397 0.010247255096989779 -0.037747065844939587 -0.056870406923680873 -0.035629617400970197 -0.070050953561882248 0.057910599334291983
leaf_weight=114.54252747625969 343.63264522860845 159.05929313289289 6.8338280635071014 234.58663099398109 146.8151682271955 32.09931986941956 35.219870053066643 117.88693125524878 83.734123869464383 86.444182689185254 19.144251119520053 219.83122665889096 8.9555274081576481 18.18533487780951 24.552628621575426 14.870063208625654 5.5948200002421791 4.0812204286921796 1.9589504932519037 7.6695361882448188 24.695092817826662 6.008687861962243 200.28397746608243 31.428742026502732 59.942307966004591 5.6048115972662336 16.060839771835163 5.9067357754975083 2.1985846066381773 2.0563964825705625
leaf_count=744064 5178 90966 288 3726 132457 481 67719 4121 475 503 199 12015 2789 272 266 306 610 356 18 49 260 142 3115 214 1025 47 2188 135 38 28
internal_value=0 -0.0226486 0.0066172 0.0102722 -0.0141488 -0.00321373 -0.022942 0.00561828 0.0167454 0.0141116 0.0221812 -0.00892591 -0.00620785 0.0105508 0.00544754 -0.00943802 -0.00442743 -0.0303454 -0.0361258 0.000217791 0.0111823 -0.00404298 -0.000771956 0.0190114 0.0180375 0.00882352 -0.0422996 0.00530717 0.000338763 -0.00417101
internal_weight=0 461.232 1578.65 1150.8 346.689 427.853 182.035 669.473 481.327 397.593 157.401 257.819 228.787 70.9569 170.034 47.2884 164.654 29.0323 16.829 325.84 122.745 38.108 318.171 52.7716 84.6374 240.191 22.1985 30.4594 21.3428 6.13762
internal_count=1074050 1035816 38234 17937 291752 20297 200176 12463 5474 4999 1226 17664 14804 723 2633 725 91576 2860 324 7285 1908 623 7236 451 1285 3773 2572 401 237 384
is_linear=0
shrinkage=0.05


Tree=83
num_leaves=31
num_cat=0
split_feature=1 1 57 102 112 4 113 113 108 97 1 4 113 53 61 85 113 65 102 4 73 76 90 61 48 82 42 106 42 106
split_gain=116.277 44.4582 20.4408 13.8156 12.3819 10.2182 9.46027 9.15446 7.11853 7.05489 6.6714 6.66387 6.62351 6.56364 6.49484 7.97304 6.42125 6.37751 6.20413 5.73036 5.48491 5.16537 5.14856 5.96173 4.91204 4.64318 4.55405 4.50502 19.4543 37.6935
threshold=0.012339227772512141 0.7740980979447657 1.0000000180025095e-35 10.500000000000002 0.053537000000000008 593143.50000000012 1.5824105000000002 1.1973990000000001 0.049519500000000001 3677.5000000000005 0.94875966535953815 1954.5000000000002 0.27648950000000005 17.500000000000004 2.5000000000000004 5.5000000000000009 1.1222143333350003 1.0000000180025095e-35 1.0000000180025095e-35 728670.50000000012 6.5000000000000009 0.1406705 1.0000000180025095e-35 16.500000000000004 1.0000000180025095e-35 4.5000000000000009 1.0000000180025095e-35 14.083333333350001 11.500000000000002 14.366666666650003
decision_type=2 2 2 2 2 2 2 2 2 2 2 2 2 2 2 2 2 2 2 2 2 2 2 2 2 2 2 2 2 2
left_child=8 2 3 6 7 -4 13 10 -1 12 17 -9 -5 -2 15 18 -12 -3 -13 20 25 -21 23 -6 -14 26 -19 -10 -29 -30
right_child=1 4 5 9 22 -7 -8 11 27 -11 16 14 24 -15 -16 -17 -18 19 -20 21 -22 -23 -24 -25 -26 -27 -28 28 29 -31
leaf_value=-0.047666397705222976 -0.0044706060361856467 -0.0038822141017607684 0.024409168338890432 -0.025301067027341535 0.019810638217970397 -0.0055167562841160721 0.023309228018723639 0.034275203258630801 -0.025047030962303971 -0.037737645953752459 0.0096336484361267891 0.040887782840797922 -0.011578224711978662 -0.033625600981629158 0.025681707904861024 -0.023964439269522735 -0.036913539575867425 0.013561373582989811 -0.010849911538644683 0.00022879973702811846 -0.0039008499117521426 -0.054719754663063162 0.038254482112960231 -0.040950216409126244 0.019971318234289256 -0.0081571883745961381 0.038888197208744313 0.037210445006489248 6.1471320296279535 -0.050281527246471384
leaf_weight=126.51781334187081 230.0264509001754 267.6680431561399 66.924844991232021 99.661631965836023 76.382409568177536 49.71343515339322 28.861308322391778 48.449813395505771 9.7883676914507287 45.56173134094206 558.79851361556211 13.181498745398132 93.595000979119504 21.073013866081965 40.113941221963614 21.531550002517179 7.5087854079902163 37.706764797447249 10.339415847309281 17.083187575452033 31.344968598801643 5.7052467691246411 41.608767890371382 4.2623303490690878 14.210290819111831 11.982679181499405 33.534060103818774 3.0168494055119477 0.0038302856846711419 0.0068257213611104817
leaf_count=793431 40210 5430 6806 54686 480 10616 3174 210 61705 40558 3373 100 21994 18355 210 201 54 532 435 294 509 97 211 51 2559 236 183 7254 4 92
internal_value=0 0.00327167 -0.00730526 -0.0114543 0.00887063 0.0116542 -0.0038013 0.00720006 -0.0440694 -0.0199219 0.0055121 0.0194708 -0.0160094 -0.00691738 0.0110488 -0.00198016 0.00901647 0.000612288 0.0181447 0.00937075 0.0139255 -0.013528 0.0239696 0.0165992 -0.00741954 0.0206395 0.0254831 -0.00856041 0.0447432 2.17737
internal_weight=0 1876.83 649.628 532.989 1227.2 116.638 279.961 1104.95 139.334 253.029 971.332 133.616 207.467 251.099 85.1664 45.0525 566.307 405.025 23.5209 137.357 114.568 22.7884 122.254 80.6447 107.805 83.2235 71.2408 12.8159 3.02751 0.010656
internal_count=1074050 211564 198958 181536 12606 17422 61739 11864 862486 119797 10708 1156 79239 58565 946 736 3427 7281 535 1851 1460 391 742 531 24553 951 715 69055 7350 96
is_linear=0
shrinkage=0.05


Tree=84
num_leaves=31
num_cat=0
split_feature=1 1 102 45 114 4 112 97 42 97 40 64 113 112 113 93 60 4 4 82 3 96 97 85 85 0 113 0 97 97
split_gain=109.848 38.7009 19.3135 12.2399 10.0382 9.89486 10.2637 10.1862 7.96579 7.35898 7.05321 6.92218 6.76156 5.52908 6.54119 5.36541 5.17242 5.15618 7.05672 5.72247 6.08725 5.67308 7.82889 6.43381 5.71218 5.40781 5.14504 5.1273 5.00686 4.97822
threshold=0.42569895731548962 0.0067794565405618597 10.500000000000002 1.0000000180025095e-35 0.086234500000000006 105656.50000000001 0.029506500000000001 2062.5000000000005 23.500000000000004 18470.500000000004 6.5000000000000009 1921.5000000000002 0.20665250000000004 0.078881000000000021 0.26350812500000004 0.047882500000000008 0.025366500000000004 2826.5000000000005 175.00000000000003 1.5000000000000002 24717.000000000004 0.058940500000000007 801.50000000000011 8.5000000000000018 9.5000000000000018 0.019657000000000004 0.31599825000000009 0.043306000000000004 860.50000000000011 15506.500000000002
decision_type=2 2 2 2 2 2 2 2 2 2 2 2 2 2 2 2 2 2 2 2 2 2 2 2 2 2 2 2 2 2
left_child=1 15 3 5 11 6 7 16 9 12 -7 13 -4 14 -3 -1 17 18 -2 -19 -21 23 -23 -20 -25 -26 -9 -6 -10 -16
right_child=2 4 8 -5 27 10 -8 26 28 -11 -12 -13 -14 -15 29 -17 -18 19 21 20 -22 22 -24 24 25 -27 -28 -29 -30 -31
leaf_value=-0.04849420629587721 -0.0066479480662114503 -0.026311507606350395 -0.015814131224339056 0.036251884324320978 0.015113211597139957 0.0041865718833845956 0.027442198742032367 -0.024003022832902964 0.026922333501722559 -0.055784951861574353 -0.023479872436242097 -0.047150396165811917 -0.0002285650969293489 0.019984011410023077 -0.0080442566587569913 -0.005848900967903874 -0.045533799169638976 0.0098540708719117576 0.029203450767261274 -0.030459977213511971 -0.00028504582569960785 -0.039949398740094892 0.013867074184898121 -0.043599812025040714 -0.020288098750885188 0.033875107513938928 0.025052569453147072 -0.013273898464666393 0.00043812051725968925 -0.053961568474678569
leaf_weight=111.79753978090503 35.785710432479391 100.17113074623421 93.080689731454186 43.088833437883295 42.561391114722937 326.46851551032159 99.067529044463299 5.6000027296759063 34.13303864953923 7.0352357129904695 24.785659313383803 17.725126589200954 275.7335953934853 10.906708417811386 147.27042554844957 7.8966125972006003 4.7048831076826891 134.17560787771072 94.695006795998779 19.717819484823849 109.69514263916062 8.9368916848907229 27.716185622732155 5.6283950097567894 7.3806031449348692 12.269408566789933 117.40290162587189 25.399892222501876 37.398518557263742 6.1493151086833668
leaf_count=766009 898 98427 5623 261 6456 4531 871 330 480 3160 1435 33194 7767 2457 69124 49603 48 2035 1052 611 1795 171 255 81 120 150 1083 6464 1394 8165
internal_value=0 -0.0211365 0.00651465 0.0101416 -0.0127472 0.00905358 0.0125617 0.0100362 -0.00221768 -0.00512831 0.00223434 -0.0169014 -0.00416202 -0.0148742 -0.0163735 -0.0456808 0.00662332 0.00716147 0.0133844 0.00261887 -0.00488261 0.0179614 0.000745339 0.0232211 0.000810659 0.0135312 0.0228192 0.0045038 0.0130757 -0.0098847
internal_weight=0 469.878 1524.5 1077.12 350.184 1034.03 682.776 583.709 447.381 375.85 351.254 282.223 368.814 264.498 253.591 119.694 460.706 456.001 192.412 263.589 129.413 156.626 36.6531 119.973 25.2784 19.65 123.003 67.9613 71.5316 153.42
internal_count=1074050 1039899 34151 15727 224287 15466 9500 8629 18424 16550 5966 211367 13390 178173 175716 815612 7216 7168 2727 4441 2406 1829 426 1403 351 270 1413 12920 1874 77289
is_linear=0
shrinkage=0.05


Tree=85
num_leaves=31
num_cat=0
split_feature=1 1 65 42 112 42 108 81 40 113 3 106 97 113 106 1 94 106 40 97 53 113 105 99 61 66 92 42 106 97
split_gain=104.485 37.8689 21.8135 14.7145 11.1534 10.8395 9.55373 9.17065 7.23729 7.44975 7.13092 6.70469 5.67203 8.0516 5.65824 5.4896 5.3388 5.24706 5.26489 5.35012 5.10435 5.24508 6.33524 6.30499 4.8448 4.5991 4.57475 4.52727 4.45464 4.43675
threshold=0.016616566037286794 0.86620967868038068 1.0000000180025095e-35 1.0000000180025095e-35 0.023358 1.0000000180025095e-35 0.090877000000000013 4.5000000000000009 2072.5000000000005 0.27648950000000005 3321.0000000000005 11.550000000000002 11484.000000000002 2.4783155000000003 30.100000000000005 0.00066139307816875839 161.50000000000003 6.083333333335001 1.5000000000000002 236.50000000000003 2.5000000000000004 0.14406000000000002 0.029506000000000001 7.5000000000000009 12.500000000000002 2.5000000000000004 0.082319000000000017 610.50000000000011 34.775000000000006 403.50000000000006
decision_type=2 2 2 2 2 2 2 2 2 2 2 2 2 2 2 2 2 2 2 2 2 2 2 2 2 2 2 2 2 2
left_child=7 2 4 6 8 17 11 15 9 16 -5 -4 13 27 26 -1 25 18 19 -3 21 22 -7 -23 -14 -2 -6 -11 -29 -21
right_child=1 5 3 10 14 20 -8 -9 -10 12 -12 -13 24 -15 -16 -17 -18 -19 -20 29 -22 23 -24 -25 -26 -27 -28 28 -30 -31
leaf_value=-0.046701418419861973 -0.011653361436005004 0.030683157231623532 -0.02138907308775027 -0.033778398271187608 -0.0029612011644912731 -0.033315878381485503 0.03145386046979582 -0.047139329163584834 -0.045070972046470648 -0.0087488561209747816 0.027512028260601215 0.006695910835434471 -0.050093574993600322 0.031568850780172159 0.036818242017474918 0.0032083718694295516 -0.03468886838039608 0.0077235944851611884 -0.01301998618038327 -0.034718576247370916 0.0063377513435730658 0.023369457364264122 0.025210861071550267 -0.0030178159016158571 0.031345145638231105 -0.042042190753129934 0.032675424644939048 0.031332556401738133 -0.066853602197154888 0.0060607317635695953
leaf_weight=8.3072454823927746 119.92098066485414 17.360716830007732 51.883599211527326 5.0212388328109219 87.949631507774029 10.054588653612884 16.618797291812371 117.35543533003192 16.899641757881 254.73801215680396 86.482888979857307 35.99235038257757 12.041372139829035 14.03341895712583 12.1835729582599 16.358806334304973 45.168995083984555 508.41984362434596 68.623958789743483 8.4554561604745668 102.17931561806472 253.45360503252596 8.56034904764965 24.858111342415214 2.1527095844903661 13.892843213863669 10.032972284592686 11.639495570374491 1.2824671992530046 31.58719215169549
leaf_count=86284 34547 142 10889 635 9484 104 578 747186 25523 44903 1985 2811 9521 1225 424 49767 32543 3730 1189 114 1148 1328 68 131 787 5647 58 647 305 347
internal_value=0 0.0032037 -0.00497892 0.0095087 -0.00969629 0.00952093 -0.00331132 -0.0413144 -0.0129177 -0.0117734 0.0241487 -0.00988599 -0.00690265 -0.00534869 0.00468359 -0.0136007 -0.0198255 0.00545973 -0.00367318 0.00750064 0.0159769 0.019294 -0.00640151 0.0210126 -0.0377424 -0.0148084 0.000687827 -0.00728427 0.0215879 -0.00255028
internal_weight=0 1831.49 797.935 195.999 601.936 1033.55 104.495 142.021 491.77 474.87 91.5041 87.8759 295.887 281.693 110.166 24.6661 178.983 634.447 126.027 57.4034 399.106 296.927 18.6149 278.312 14.1941 133.814 97.9826 267.66 12.922 40.0426
internal_count=1074050 190813 182512 16898 165614 8301 14278 883237 155648 130125 2620 13700 57388 47080 9966 136051 72737 5522 1792 603 2779 1631 172 1459 10308 40194 9542 45855 952 461
is_linear=0
shrinkage=0.05


Tree=86
num_leaves=31
num_cat=0
split_feature=1 1 102 42 102 1 55 42 4 64 66 64 113 114 106 42 97 113 1 69 111 81 67 108 97 97 71 4 113 90
split_gain=98.8643 35.8413 18.7184 11.9111 11.1331 7.27768 7.23282 6.84589 6.6266 5.91054 5.87121 6.13466 5.52101 5.47755 6.34767 5.4583 5.45004 5.44046 5.08345 5.06395 5.45323 4.83476 5.0492 4.59944 4.52471 5.25814 5.98467 4.86252 4.85538 4.23999
threshold=0.42569895731548962 0.0030842274181046617 15.500000000000002 7.5000000000000009 6.5000000000000009 0.94875966535953815 1.0000000180025095e-35 1.0000000180025095e-35 8.9884656743000007e+307 557.20000000000016 1.0000000180025095e-35 7.083333333335001 0.11452482500000001 0.12070500000000002 27.083333333350001 98.500000000000014 3926.5000000000005 0.72474570000000005 0.7740980979447657 6.5000000000000009 0.16984450000000004 2.5000000000000004 0.085786000000000015 0.062989000000000003 533.50000000000011 1234.5000000000002 5.5000000000000009 625678.00000000012 0.156614 1.5000000000000002
decision_type=2 2 2 2 2 2 2 2 2 2 2 2 2 2 2 2 2 2 2 2 2 2 2 2 2 2 2 2 2 2
left_child=1 -1 3 5 15 13 16 12 10 -6 21 29 -8 19 -15 -3 17 -4 -14 20 -2 -5 23 -23 -20 -26 27 -27 -28 -12
right_child=2 4 6 8 9 -7 7 -9 -10 -11 11 -13 18 14 -16 -17 -18 -19 24 -21 -22 22 -24 -25 25 26 28 -29 -30 -31
leaf_value=-0.047356144779450202 0.003920810966864338 -0.0066203281230942787 -0.01902184835121902 0.030318345127304153 -0.017686579992166059 0.0107579326115541 -0.039558713088087311 0.0087085992379209269 -0.0061123211780010935 -0.041879812626991191 -0.043559977741834441 -0.06654394955942794 -0.019741680560426144 0.0078273599009657698 0.051163797520243193 0.025758086708161782 -0.04639897578940369 0.018590782637698335 0.017410416610424192 -0.011074005666008913 -0.063558849966780781 0.016687108658150856 0.04418360680726946 -0.012059756833064058 -0.015070481884101126 0.016461273985365146 0.059503640522559846 -0.056960802988200936 -0.048837274589029589 0.031774065873372961
leaf_weight=97.6279696702195 195.65397102319548 155.81140236303645 44.553001280139142 115.64958433969878 152.38960773350482 466.29827437011409 11.499661642388672 134.31437665929843 24.279648903415364 30.257801267051946 2.6176823358982784 3.64292206767277 39.539390367339365 62.826390726200771 9.7628931566141528 14.20273307226307 13.358390908288127 12.259576302545609 31.03104564466048 96.472277286666213 3.040503652766346 81.590920217597159 13.700344340875743 16.77519828104414 55.896332551026717 47.375544889946468 1.2116379807703177 2.3677079190965733 7.0591105176135898 6.5196655560284853
leaf_count=744064 6573 90201 4104 548 140356 2744 798 2308 285 62662 21 210 2810 1051 70 2616 5368 439 386 3772 65 953 52 138 766 442 14 64 122 48
internal_value=0 -0.0205455 0.00617051 0.00954321 -0.0131234 0.00661014 -0.00308379 1.34045e-05 0.0187825 -0.0216945 0.0212958 -0.0116808 -0.00594581 0.00135092 0.0136559 -0.00391548 -0.0176623 -0.0109054 -0.00385054 -0.0016752 0.00288821 0.0231466 0.0157455 0.0117847 0.000484494 -0.00412641 0.00641818 0.0129665 -0.0329657 0.0101922
internal_weight=0 450.29 1499.3 1098.83 352.662 834.054 400.466 330.295 264.776 182.647 240.496 12.7803 195.98 367.756 72.5893 170.014 70.171 56.8126 184.481 295.167 198.694 227.716 112.066 98.3661 144.941 113.91 58.014 49.7433 8.27075 9.13735
internal_count=1074050 1039899 34151 16530 295835 14275 17621 7710 2255 203018 1970 279 5402 11531 1121 92817 9911 4543 4604 10410 6638 1691 1143 1091 1794 1408 642 506 136 69
is_linear=0
shrinkage=0.05


Tree=87
num_leaves=31
num_cat=0
split_feature=1 1 42 1 53 114 64 110 4 85 4 97 93 48 3 112 113 38 114 90 4 4 48 93 107 60 112 0 0 42
split_gain=95.3833 34.1445 18.0654 14.7272 10.0603 8.8278 6.06385 5.82511 5.77059 6.09558 5.61279 5.55551 5.52809 5.21677 5.55684 5.10574 5.59807 4.94243 4.71232 9.7232 7.50663 6.05532 5.17228 4.71398 4.67434 5.21363 4.63873 4.56534 4.5612 4.48086
threshold=0.42569895731548962 0.0067794565405618597 1.0000000180025095e-35 0.94875966535953815 2.5000000000000004 0.086234500000000006 1921.5000000000002 10.500000000000002 728670.50000000012 6.5000000000000009 1807278.0000000002 914.50000000000011 0.047882500000000008 1.0000000180025095e-35 2646.5000000000005 0.078881000000000021 0.15080662500000003 1.0000000180025095e-35 0.11325100000000002 1.5000000000000002 5356.5000000000009 67.500000000000014 1.0000000180025095e-35 0.03427800000000001 0.029506500000000001 0.058467500000000006 0.049539500000000007 0.043306000000000004 0.095871500000000012 1.5000000000000002
decision_type=2 2 2 2 2 2 2 2 2 2 2 2 2 2 2 2 2 2 2 2 2 2 2 2 2 2 2 2 2 2
left_child=1 12 3 7 8 6 15 11 9 -4 -9 -2 -1 14 -6 16 -3 -10 20 -20 21 -11 -23 -22 28 -26 -5 -7 -13 -17
right_child=2 5 4 26 13 27 -8 10 17 18 -12 24 -14 -15 -16 29 -18 -19 19 -21 23 22 -24 -25 25 -27 -28 -29 -30 -31
leaf_value=-0.048185682713814328 -0.0068725884656018381 -0.033673271282700534 0.022656903780924532 0.0064390006411859007 -0.023901514167228195 0.013985666799328542 -0.046460755377212913 -0.0084920904950041669 0.007080789244743319 0.030836745394924127 -0.033335935328413939 0.0020122522078488609 -0.0034693531578201724 0.039442598668232728 0.0040382138680929904 -0.0090484942539773988 -0.012886764905905576 -0.041894710484143699 -0.0096106823131909078 0.051850765805914828 0.023040796438475845 -0.037373725828028302 0.057058582533277627 -0.030268568666569379 0.049767752991948633 -0.021467540602625547 0.028097901447677733 -0.013121809485642949 0.067616931385183668 0.056666310744702353
leaf_weight=98.944066787780685 141.66070979033248 38.469338564439568 284.80839688063134 426.39050105912611 20.181115876346666 41.334727708053833 15.966981350799413 144.15117588899011 55.355922520451713 4.866011114674623 26.991064498233754 87.541815773140115 7.4307388193383295 9.1727562862288305 150.5795037537282 6.0090248101296293 204.97220933588051 5.6799458696041247 11.324439791031182 14.903714908286929 29.457399138133042 20.658776400494393 1.5595032991259348 4.8262931399513027 11.708334508235565 3.2904018980916581 26.242515342310071 24.882254429823661 2.7320975431357502 4.5644560800501495
leaf_count=766009 5321 47332 2134 2598 2191 6456 33194 8683 558 66 2174 2944 49603 300 5847 2283 128384 74 74 66 290 428 8 84 97 46 142 6464 26 174
internal_value=0 -0.0203723 0.0060753 0.0014452 0.0126479 -0.0125604 -0.0165729 -0.0053209 0.0167737 0.0191093 -0.0124102 -0.00040749 -0.0450621 0.00270939 0.000736194 -0.0146942 -0.0161715 0.00252317 0.00757465 0.0253138 -6.90099e-06 -0.0196815 -0.0307455 0.0155362 0.00829231 0.0341403 0.00769473 0.00379953 0.00399775 0.0193199
internal_weight=0 442.574 1484.08 870.709 613.374 336.199 269.982 418.076 433.44 372.405 171.142 246.933 106.375 179.933 170.761 254.015 243.442 61.0359 87.5961 26.2282 61.368 27.0843 22.2183 34.2837 105.273 14.9987 452.633 66.217 90.2739 10.5735
internal_count=1074050 1039899 34151 22031 12120 224287 211367 19291 3782 3150 10857 8434 815612 8338 8038 178173 175716 632 1016 140 876 502 436 374 3113 143 2740 12920 2970 2457
is_linear=0
shrinkage=0.05


Tree=88
num_leaves=31
num_cat=0
split_feature=1 1 1 42 67 102 112 42 78 93 4 97 112 114 113 97 38 114 99 4 113 4 107 4 113 109 99 96 4 113
split_gain=90.3311 33.7631 17.4478 12.1974 11.8381 9.04983 8.52518 6.59557 5.66764 5.62076 5.40938 7.07021 5.85203 5.59258 9.14673 8.73998 5.50537 5.04577 5.73757 5.04239 4.99244 5.22359 4.97376 4.72061 4.45134 5.6217 5.01748 4.31755 4.29035 5.8025
threshold=0.42569895731548962 0.0067794565405618597 0.94875966535953815 1.5000000000000002 0.096819500000000017 15.500000000000002 0.027653 20.500000000000004 0.048863000000000011 0.047882500000000008 132018.50000000003 959.50000000000011 0.062803500000000012 0.045941500000000003 1.3045682500000002 1358.5000000000002 1.5000000000000002 0.081408500000000009 5.5000000000000009 37282.500000000007 0.5849255000000001 22518.000000000004 0.049804000000000008 642325.50000000012 0.18703762500000001 57.500000000000007 7.5000000000000009 0.055314000000000009 18557.000000000004 0.27349812500000009
decision_type=2 2 2 2 2 2 2 2 2 2 2 2 2 2 2 2 2 2 2 2 2 2 2 2 2 2 2 2 2 2
left_child=1 9 3 6 7 8 20 24 -3 -1 12 16 13 14 15 19 17 18 -12 27 21 28 -7 -9 25 26 -4 -5 29 -2
right_child=2 5 4 10 -6 22 -8 23 -10 -11 11 -13 -14 -15 -16 -17 -18 -19 -20 -21 -22 -23 -24 -25 -26 -27 -28 -29 -30 -31
leaf_value=-0.048264695815152935 -0.021524396173690206 -0.0064109995716638201 -0.0058558671603824441 0.019148112486352158 0.05441695062107707 -0.023138781582981098 0.01150568881829498 0.028783943482505861 0.038721007054698595 -0.0032527796370719255 0.0039973700799011318 -0.021411543994906718 0.035120712265272858 0.018134185492916191 0.034581851935312179 -0.032923887909858326 -0.039354961371476115 0.023951936264973966 -0.065342201684441145 -0.031811168627717712 0.00054280941377145145 -0.016959655774537837 0.018802890600103397 -0.017695641301422767 0.010381841572204094 -0.06601675184390926 0.045047366718933515 -0.046961898871847325 0.031038076349227624 0.0041071055945001867
leaf_weight=95.645231009752024 35.485995176888537 170.8450719426769 45.339541470631957 30.91426411359862 15.888847745954989 146.77685735106479 72.43814428159385 66.656910244142637 7.2514642072110282 7.4777727693904117 41.308284831131459 29.336781812422487 26.765032865805551 96.110418040421791 15.556551265373853 22.884971599485652 5.9816282703832249 37.122737035155296 3.2155957398936144 7.3664402693248112 137.95787349950115 157.06773837927176 7.4262355948139875 5.9504440240561953 540.7284299096209 3.4909207561286157 5.4196629086509338 2.6841226255637585 8.7458942351004207 58.449008278894325
leaf_count=766009 3277 78538 452 994 58 143794 1446 330 98 49603 843 1193 171 969 666 2908 119 262 38 220 5421 9127 1857 41 3093 77 24 105 277 2040
internal_value=0 -0.0200075 0.0059148 0.00085104 0.0117633 -0.0122513 -0.00427056 0.0107481 -0.00457338 -0.0450007 0.00839346 -0.000165697 0.0133426 0.0100216 0.000202444 -0.00817386 0.00694713 0.0103393 -0.00101046 0.00565273 -0.00714404 -0.0112267 -0.0211189 0.0249748 0.00901198 -0.00464183 -0.000420826 0.0138667 -0.00245715 -0.00557575
internal_weight=0 435.423 1472.87 789.391 683.475 332.3 470.145 667.586 178.097 103.123 319.247 116.965 202.282 175.517 79.4063 63.8498 87.6282 81.6466 44.5239 40.9648 397.707 259.749 154.203 72.6074 594.979 54.2501 50.7592 33.5984 102.681 93.935
internal_count=1074050 1039899 34151 30076 4075 224287 21588 4017 78636 815612 8488 2455 6033 5862 4893 4227 1262 1143 881 1319 20142 14721 145651 371 3646 553 476 1099 5594 5317
is_linear=0
shrinkage=0.05


Tree=89
num_leaves=31
num_cat=0
split_feature=1 1 102 107 4 102 42 96 97 113 97 113 45 106 93 108 1 42 106 93 114 108 108 64 105 0 114 113 4 4
split_gain=85.8067 32.4064 17.478 11.6651 10.2461 8.54508 7.60878 7.55749 7.30126 6.75485 6.34697 7.15384 6.28115 6.08008 5.90474 5.87436 5.81149 5.68823 5.17831 5.01458 5.58345 4.99949 4.99103 4.96524 5.8513 4.88974 4.75055 4.74416 4.84521 4.51165
threshold=0.42569895731548962 0.0067794565405618597 1.5000000000000002 0.019082500000000006 114529.50000000001 15.500000000000002 23.500000000000004 0.015082000000000002 729.50000000000011 0.15781066666650004 1542.5000000000002 0.16071250000000004 1.0000000180025095e-35 61.125000000000007 0.10455800000000003 0.049519500000000001 0.86620967868038068 4462.5000000000009 20.550000000000004 0.04883450000000001 0.019667500000000001 0.014694 0.061064500000000008 2.7083333333350006 0.052073500000000009 0.048258500000000003 0.16344850000000002 0.55448950000000008 1784685.5000000002 1954.5000000000002
decision_type=2 2 2 2 2 2 2 2 2 2 2 2 2 2 2 2 2 2 2 2 2 2 2 2 2 2 2 2 2 2
left_child=1 15 3 12 6 17 7 -4 26 -9 11 -6 14 -11 16 -1 -2 27 -18 20 -8 -7 -23 -20 25 -25 -5 -3 -29 -26
right_child=2 5 4 8 10 21 19 9 -10 13 -12 -13 -14 -15 -16 -17 18 -19 23 -21 -22 22 -24 24 29 -27 -28 28 -30 -31
leaf_value=-0.048605683479853584 -0.0017572095120124049 -0.012497272919824619 -0.0089686557124104786 0.0081106154059255049 -0.025144188614944826 -0.027204186496351951 0.0063391465451517809 -0.022783652368580248 0.031450234150303631 0.0077866429022684482 -0.028252643642494576 -0.00038137353914954452 0.040313109091323206 0.058884847720118018 -0.044148499037586802 -0.0068848854922682473 0.006521718138378152 0.058320560523740322 0.035215587329377837 -0.018113561670093488 0.037307372040550332 -0.0018949864700282906 -0.049165745638029001 -0.023081472918333869 0.035087123866351308 0.038452409923804179 0.051568547845747582 0.0095342332366298837 -0.031508298320395603 0.010378252232829442
leaf_weight=90.143400901550422 143.97559858681052 106.01345727739726 121.40958411079919 82.381923054170329 36.800134641889599 101.51125483186024 25.073260004588519 17.838553250679979 93.014734119642526 188.87372437248996 37.124947229458485 140.59751729201525 14.151637352420947 6.0066844310495062 5.6726701681036493 9.3083768446304003 361.47018025018042 3.5161496139699002 31.932199674774893 7.88195097062271 34.695605788729154 43.827757139881214 6.3993182983776924 16.64909808035009 27.65366512350738 4.0051164268515995 6.8081683199852696 58.709244642862814 8.1946343463750946 55.655958545394242
leaf_count=750968 6925 60393 6991 833 1928 122115 1070 1099 547 3152 3694 3440 121 54 42 64644 3149 277 134 86 239 20332 3204 130 119 29 31 14692 3274 338
internal_value=0 -0.0196973 0.0057705 0.0104476 -0.000629799 -0.0121201 0.004081 0.000984911 0.0216492 0.00666592 -0.00945265 -0.00551828 0.00736063 0.00936161 0.00663989 -0.0447007 0.00708911 -0.00463782 0.00964991 0.0193726 0.0243161 -0.0208201 -0.00791765 0.0179706 0.0126738 -0.0111493 0.0114279 -0.00591803 0.00450719 0.0185801
internal_weight=0 427.624 1459.67 843.371 616.302 328.172 401.779 334.129 182.205 212.719 214.523 177.398 661.166 194.88 647.014 99.4518 641.342 176.433 497.366 67.6508 59.7689 151.738 50.2271 135.896 103.964 20.6542 89.1901 172.917 66.9039 83.3096
internal_count=1074050 1039899 34151 12398 21753 224287 12691 11296 1411 4305 9062 5368 10987 3206 10866 815612 10824 78636 3899 1395 1309 145651 23536 750 616 159 864 78359 17966 457
is_linear=0
shrinkage=0.05


Tree=90
num_leaves=31
num_cat=0
split_feature=1 1 102 108 42 102 55 4 85 111 67 92 113 42 42 97 99 108 113 96 96 108 93 73 106 113 76 60 108 90
split_gain=79.9298 29.5341 15.7454 12.5785 11.0739 10.3194 7.10934 7.0196 6.68566 8.45281 8.8699 6.39006 6.33958 6.11938 5.94308 5.54495 5.04613 5.01554 4.47962 4.82924 4.67745 4.57035 7.59599 4.46405 4.36865 4.34313 4.29904 4.2633 4.19487 3.96732
threshold=0.42569895731548962 0.0030842274181046617 15.500000000000002 0.094543000000000002 1.0000000180025095e-35 15.500000000000002 1.0000000180025095e-35 23453.500000000004 6.5000000000000009 0.021159500000000001 0.13751950000000004 0.060501000000000006 0.14406000000000002 23.500000000000004 4462.5000000000009 3926.5000000000005 9.5000000000000018 0.014694 0.1036726666665 0.012433500000000002 0.10721050000000001 0.073195500000000011 0.057093500000000012 9.5000000000000018 5.708333333335001 0.55448950000000008 0.72778300000000018 0.029483500000000003 0.061064500000000008 1.0000000180025095e-35
decision_type=2 2 2 2 2 2 2 2 2 2 2 2 2 2 2 2 2 2 2 2 2 2 2 2 2 2 2 2 2 2
left_child=1 3 4 -1 7 14 15 29 9 10 -6 23 -8 -14 25 26 -11 27 -10 -20 21 22 -21 24 -9 -3 -4 -7 -19 -2
right_child=2 5 6 -5 8 17 12 11 18 16 -12 -13 13 -15 -16 -17 -18 28 19 20 -22 -23 -24 -25 -26 -27 -28 -29 -30 -31
leaf_value=-0.048352383324969134 0.0045251025660071557 -0.011858604347039057 -0.017027920195533661 0.06674765092276462 0.0081309895657701997 -0.031359210225879841 -0.018305185685806226 -0.012781341738857338 0.059248570443115205 0.028624326800594735 0.049868068875821653 0.043557404448333004 -0.00038980739711714607 0.020331834158671847 0.055539318551972951 -0.047309435254810392 -0.025254649078946846 -0.0033713308182420939 -0.031560981677161808 0.0046386690108278896 -0.078576366440132217 0.02727151044173777 -0.066507764049990134 -0.020811930641078818 0.0030496858893143326 0.0043594391913268976 0.021083611948561523 0.0017844343800625378 -0.045764355076304983 0.015713311451131095
leaf_weight=84.513537917883014 173.43651881086407 106.47235860575711 45.754146367275098 2.4422573437814199 177.03238146104559 95.018684281106289 41.05424019543716 54.471776890430192 3.4541630385210729 145.04788202582859 13.715843692421911 7.864879833534359 235.36123991708155 41.984084840572905 4.071731243776866 12.904146654007489 4.4799248129129401 44.565808936815301 10.012869109690653 58.828876271087211 1.6359606646001328 20.536450732965022 4.0071587058191644 28.812500081461621 217.90545414795633 67.420204839138933 8.826939156628212 10.805948148880814 6.7145928905210885 145.88045207264076
leaf_count=740601 2481 80437 4187 3463 2669 154677 2096 2264 32 1058 58 49 5233 381 324 5368 33 26988 113 871 7 164 69 838 3576 23820 356 5271 4318 2248
internal_value=0 -0.0191551 0.00556359 -0.0451197 0.00869352 -0.0124169 -0.00309191 0.0044374 0.0147891 0.0181094 0.0111321 -0.000934298 3.25453e-05 0.002747 -0.00417251 -0.0178333 0.0270101 -0.0217559 0.00331586 0.00128263 0.00515117 0.00679409 0.000101542 -0.0020961 -0.000116306 -0.00557068 -0.0108645 -0.0279749 -0.00892222 0.00963645
internal_weight=0 422.025 1453.01 86.9558 1067.12 335.069 385.885 628.372 438.752 340.276 190.748 309.055 318.4 277.345 177.964 67.4852 149.528 157.105 98.4755 95.0213 85.0084 83.3725 62.836 301.19 272.377 173.893 54.5811 105.825 51.2804 319.317
internal_count=1074050 1039899 34151 744064 16530 295835 17621 11456 5074 3818 2727 6727 7710 5614 104581 9911 1091 191254 1256 1224 1111 1104 940 6678 5840 104257 4543 159948 31306 4729
is_linear=0
shrinkage=0.05


Tree=91
num_leaves=31
num_cat=0
split_feature=1 1 42 71 67 53 86 1 85 97 82 113 69 42 54 66 59 113 76 73 4 97 79 4 97 64 106 64 99 93
split_gain=75.2908 25.4937 17.0688 16.4615 11.4028 9.40119 7.53303 7.24635 6.58918 6.40648 7.49657 6.17257 5.85278 5.49957 5.40466 5.25192 5.24852 5.01581 4.9972 4.99183 6.88056 4.98068 5.5848 5.09989 4.96185 4.60606 5.52636 6.63178 4.80705 4.56273
threshold=0.07939372682956107 0.94875966535953815 1.0000000180025095e-35 5.5000000000000009 0.096819500000000017 2.5000000000000004 22.100000000000005 0.01473053741135971 14.500000000000002 519.50000000000011 17.500000000000004 0.93300150000000015 7.5000000000000009 1.0000000180025095e-35 0.01306 1.0000000180025095e-35 1.5000000000000002 0.27086400000000005 0.021820500000000003 1.0000000180025095e-35 1288875.0000000002 1087.5000000000002 0.094852000000000006 37282.500000000007 1060.5000000000002 426.12500000000006 20.450000000000003 14.775000000000002 7.5000000000000009 0.094543000000000002
decision_type=2 2 2 2 2 2 2 2 2 2 2 2 2 2 2 2 2 2 2 2 2 2 2 2 2 2 2 2 2 2
left_child=3 2 6 14 8 12 17 -5 13 -7 11 21 15 -3 18 -4 -10 -2 -1 20 -19 22 23 -11 -20 26 27 28 -15 -26
right_child=1 4 5 7 -6 9 -8 -9 16 10 -12 -13 -14 25 -16 -17 -18 19 24 -21 -22 -23 -24 -25 29 -27 -28 -29 -30 -31
leaf_value=-0.045872372776563371 -0.013093546426760673 0.0075188733211243204 0.015172991197058417 -0.048672923038846037 0.054072252433486123 0.013685158107172531 -0.023613530721233622 -0.0225079767696338 -0.067244114652162998 0.021979964144993668 0.036627168618677201 0.0090166048888228236 -0.013849669480739563 0.0095517026699013536 0.069120795133215396 -0.013630289494432637 0.00081090310415686529 -0.0056159711619876681 -0.020157390864978784 0.0017338892043008672 -0.041906055183011326 -0.030313541685918828 -0.04224495861159823 -0.018484524921673729 0.0014067269373950128 -0.024574520487314525 0.031748728555234737 0.031199176213296643 -0.038583410297609512 0.078979117651330019
leaf_weight=10.369387466253555 146.01435077805218 434.11950785905356 242.67150079207568 82.81084949594333 15.054830690845845 38.684397110275313 64.190397948481404 38.888393682999777 4.8040277664549631 16.983520741061515 8.1343639589722425 24.62264612340914 21.503497006255202 102.23584731074516 2.0310068925032274 16.930251238954952 6.9053093576803803 72.913374689720513 40.438022620446418 243.05071948876866 15.911690820066722 47.268700409878875 8.5092204286629549 14.379450999116669 28.193528667076183 6.3502985780360168 57.864560155197978 38.885753760347143 5.4639435969293109 2.0322565554279199
leaf_count=63595 19112 2639 4627 637393 58 2539 24129 69018 60 1937 764 4858 1162 629 223 896 75 3962 142868 11859 1469 17701 377 2158 59205 84 242 255 33 123
internal_value=0 0.0035418 -0.00159354 -0.0285998 0.0110479 0.00572673 -0.0075311 -0.040312 0.0100614 -0.00400738 -0.00971578 -0.0130887 0.0112181 0.0107363 -0.0114399 0.0132945 -0.0271103 -0.0053709 -0.013459 -0.00197319 -0.0121168 -0.0193348 -0.00631949 0.0034276 -0.0087026 0.0173623 0.0186649 0.0135001 0.00710966 0.00662237
internal_weight=0 1653.45 981.768 204.763 671.684 439.688 542.081 121.699 656.629 158.582 119.898 111.764 281.105 644.92 83.0642 259.602 11.7093 477.89 81.0332 331.876 88.8251 87.1409 39.8722 31.363 70.6638 210.8 204.45 146.586 107.7 30.2258
internal_count=1074050 101625 97550 972425 4075 37019 60531 706411 4017 30334 27795 27031 6685 3882 266014 5523 135 36402 265791 17290 5431 22173 4472 4095 202196 1243 1159 917 662 59328
is_linear=0
shrinkage=0.05


Tree=92
num_leaves=31
num_cat=0
split_feature=1 1 65 71 67 114 112 45 3 48 42 1 42 79 81 113 69 111 113 42 64 106 82 4 113 76 97 111 94 113
split_gain=71.7865 23.0983 17.2634 15.614 10.1162 8.75805 8.74088 7.80083 7.42054 8.19498 7.29923 6.77148 6.44862 5.19341 5.07946 4.95526 4.89075 4.81456 6.04511 5.50128 4.78148 4.78033 4.67914 4.41261 7.05313 4.97761 4.93184 4.91161 4.78693 4.67937
threshold=0.07939372682956107 0.94875966535953815 1.0000000180025095e-35 5.5000000000000009 0.096819500000000017 0.045941500000000003 0.06117050000000001 1.0000000180025095e-35 38.500000000000007 1.0000000180025095e-35 188.50000000000003 0.01473053741135971 3.5000000000000004 0.14319500000000004 5620.0000000000009 0.29254737500000005 7.5000000000000009 0.039152000000000006 0.14406000000000002 4462.5000000000009 2.0833333333350006 35.708333333350005 2.5000000000000004 1741219.0000000002 0.12697687500000002 0.018106000000000001 217.50000000000003 0.093466000000000007 7.5000000000000009 2.7635395000000007
decision_type=2 2 2 2 2 2 2 2 2 2 2 2 2 2 2 2 2 2 2 2 2 2 2 2 2 2 2 2 2 2
left_child=3 2 5 15 12 6 8 16 -2 14 13 -5 -3 -7 20 -1 -4 18 -14 -20 -10 -15 -19 24 27 28 -26 -22 -25 -28
right_child=1 4 7 11 -6 10 -8 -9 9 -11 -12 -13 17 21 -16 -17 -18 22 19 -21 23 -23 -24 25 26 -27 29 -29 -30 -31
leaf_value=-0.025929909685807492 0.037332707599061828 0.0072060476652412511 0.0099057385635756695 -0.04831645755414643 0.051916779875614265 0.0033563357718746781 0.019192849312352461 0.042170362642683479 -0.046461681271308036 0.010805229445027801 0.022870821351362012 -0.022694492871363423 -0.044614290715259325 -0.015605140441519644 -0.053926686192210707 -0.00097108622421877345 -0.0072213290899119029 0.035821849093363049 0.0084968532485454659 0.060354758575565472 -0.04467673191915409 0.017476185859157112 0.0060349826281837788 0.045406521110943711 0.02748675706921826 -0.033350048896653932 -0.011820620425861463 0.068668570753438518 -0.045343181387900736 0.019846584905772537
leaf_weight=34.458820249457631 7.2897418993888996 521.6799795118568 223.69031291779538 79.46301481597834 14.500968920998274 162.36437163369555 22.959565699835366 16.440884552430362 11.592222031555137 31.33657716336711 32.993250543659087 38.175280369167467 4.8026709952391675 83.82479658369266 8.5781750524183717 47.025117355370185 51.22784586223861 53.285849745501764 49.257544387481175 5.7066467776894561 19.6171657933528 12.555953157716429 17.51891357533168 4.1778609104803754 9.0716456281224946 43.734668553508527 215.51153055942632 1.0047292795497913 2.228117399943585 12.333210121534647
leaf_count=154666 556 3263 7655 637393 58 7815 1202 79 1228 4677 319 69018 58 3917 8770 111348 3376 250 303 20 7696 172 123 116 610 10409 36194 32 589 2138
internal_value=0 0.00344352 -0.00147079 -0.028349 0.0106116 -0.00582758 -0.0107347 0.00871503 -0.0126096 -0.0136232 0.000722786 -0.0400018 0.00969329 -0.00210137 -0.0159581 -0.0115259 0.00671431 0.0196307 0.0091805 0.013881 -0.014938 -0.0112955 0.0284518 -0.0137503 -0.0111082 -0.0273208 -0.00866701 -0.0391544 0.0138421 -0.0101065
internal_weight=0 1639.29 972.533 199.122 666.753 681.174 389.435 291.359 366.476 359.186 291.738 117.638 652.252 258.745 327.849 81.4839 274.918 130.572 59.7669 54.9642 319.271 96.3807 70.8048 307.679 257.538 50.1406 236.916 20.6219 6.40598 227.845
internal_count=1074050 101625 97550 972425 4075 86440 74217 11110 73015 72459 12223 706411 4017 11904 67782 266014 11031 754 381 323 59012 4089 373 57784 46670 11114 38942 7728 705 38332
is_linear=0
shrinkage=0.05


Tree=93
num_leaves=31
num_cat=0
split_feature=1 1 42 1 102 65 108 113 64 92 42 114 79 4 42 113 114 108 105 76 48 4 59 93 73 67 101 105 76 113
split_gain=68.3789 26.4026 15.109 11.9931 9.59664 7.75694 7.42505 6.7467 5.91899 5.81707 5.27009 5.09238 7.8674 5.12915 4.77217 5.97117 4.66172 4.65945 4.55446 4.77133 4.45885 5.59101 4.41441 4.45607 4.26905 3.98957 3.97473 3.93926 6.12344 3.85469
threshold=0.37969951586789719 0.0030842274181046617 2.5000000000000004 0.94875966535953815 7.5000000000000009 1.0000000180025095e-35 0.094543000000000002 0.49088075000000003 478.58333333350009 0.086694000000000007 1368.0000000000002 0.039080000000000011 0.038165000000000011 440045.50000000006 1993.0000000000002 0.33305725000000003 0.095475500000000019 0.023937000000000003 0.049402000000000008 0.052243500000000005 1.0000000180025095e-35 746738.00000000012 2.5000000000000004 0.037523000000000008 4.5000000000000009 0.059215500000000011 4.5000000000000009 0.06679800000000001 0.038134500000000009 1.5824105000000002
decision_type=2 2 2 2 2 2 2 2 2 2 2 2 2 2 2 2 2 2 2 2 2 2 2 2 2 2 2 2 2 2
left_child=1 6 3 7 10 9 -1 25 -6 11 -3 12 17 22 15 -7 -15 29 20 27 21 -9 23 -13 -23 -2 -5 -20 -29 -4
right_child=2 4 5 26 8 14 -8 18 -10 -11 -12 13 -14 16 -16 -17 -18 -19 19 -21 -22 24 -24 -25 -26 -27 -28 28 -30 -31
leaf_value=-0.047741289864080411 -0.0098274971450707273 -0.0051392897757174642 -0.0070626457429836175 0.0059627681888102767 -0.016658624820346683 0.0020780626610727346 0.050197925886850729 -0.0037085498044057475 -0.042884815737500824 0.041667756294637398 0.043916823738986185 0.031598586164219532 -0.049775731254172756 -0.022318707014901365 0.041054954190517495 0.023667390910140043 0.019848721232841766 0.034489606822240032 0.055452653767914695 0.0046935203469689601 0.026957743683845473 -0.053744004055958687 -0.009158800372095004 0.0097932255333632139 0.011161722754596979 0.026713131167284951 0.026323996891587494 -0.042762069091878296 0.040279760403504623 0.023690941910850243
leaf_weight=74.747107093712202 282.08183772840857 141.5874693603123 71.768278797318999 490.22597937934916 123.95082081483588 45.035218116943724 1.9866341484494103 55.248440779443627 26.032150944713976 11.583087720442562 5.6950543312891559 46.504716485680547 8.29316866584122 18.268799641809895 24.775238834321499 110.88358383625746 10.221665574703364 9.3673234169254993 9.1205283739254828 114.63659543669201 8.7472418429097143 10.99954975464061 14.35866912442725 47.219338254653849 3.2915107274748143 7.6730832983739665 25.200574234127998 3.5299432766623777 5.9818920692196116 11.875082953945819
leaf_count=740601 17866 92354 5072 3036 133129 491 3463 4056 65648 50 621 345 287 307 116 669 87 144 81 2094 256 1323 121 558 188 70 176 64 69 708
internal_value=0 -0.0190577 0.00492614 0.00160277 -0.0123081 0.0127814 -0.0452056 -0.00390354 -0.0212106 0.00706699 -0.00324241 0.00538215 -0.00311208 0.0116828 0.0206706 0.0174316 -0.00719009 0.00104862 0.00288483 0.00850767 -0.00668704 -0.0109192 0.0166577 0.0206128 -0.0387949 -0.00885985 0.00695828 0.0319744 0.00946205 -0.00269647
internal_weight=0 373.999 1446.89 1016.74 297.265 430.154 76.7337 501.311 149.983 249.46 147.283 237.877 101.304 136.573 180.694 155.919 28.4905 93.0107 211.556 133.269 78.2867 69.5395 108.083 93.7241 14.2911 289.755 515.427 18.6324 9.51184 83.6434
internal_count=1074050 1035816 38234 29279 291752 8955 744064 26067 198777 7679 92975 7629 6211 1418 1276 1160 394 5924 8131 2308 5823 5567 1024 903 1511 17936 3212 214 133 5780
is_linear=0
shrinkage=0.05


Tree=94
num_leaves=31
num_cat=0
split_feature=1 1 71 65 42 42 108 112 1 45 71 3 3 40 54 42 40 4 113 76 38 97 96 76 60 0 4 4 96 61
split_gain=64.925 21.0506 14.8191 14.0768 8.95265 8.41339 7.45908 7.10087 6.23346 5.46777 5.36713 5.02924 4.968 8.23643 4.80493 4.54336 5.42237 4.72515 4.53791 4.40264 4.30793 4.27151 4.26892 4.52694 4.478 4.67565 4.22191 5.81242 7.57854 6.90404
threshold=0.07939372682956107 0.86620967868038068 5.5000000000000009 1.0000000180025095e-35 2.5000000000000004 1.0000000180025095e-35 0.090877000000000013 0.026069000000000005 0.01473053741135971 1.0000000180025095e-35 3.5000000000000004 2102.5000000000005 994244.00000000012 4.5000000000000009 0.01306 6.5000000000000009 2164.0000000000005 370.00000000000006 0.26132800000000006 0.018447000000000002 2.5000000000000004 1257.5000000000002 0.029867500000000002 0.095294000000000004 0.029691500000000003 0.029821000000000004 21207.500000000004 18557.000000000004 0.060240500000000009 1.5000000000000002
decision_type=2 2 2 2 2 2 2 2 2 2 2 2 2 2 2 2 2 2 2 2 2 2 2 2 2 2 2 2 2 2
left_child=2 3 14 7 9 6 10 15 -4 26 -5 -7 -6 -14 19 16 -2 -17 21 -1 -9 -19 23 24 -21 -26 27 -3 29 -29
right_child=1 4 8 5 12 11 -8 20 -10 -11 -12 -13 13 -15 -16 17 -18 18 -20 22 -22 -23 -24 -25 25 -27 -28 28 -30 -31
leaf_value=-0.047110642888493134 -0.012759990941998948 0.0067615954303849399 -0.047917200277529076 -0.0025912704697119626 0.020275255046666371 -0.037910319822726579 0.030737290970826267 0.0070438101826827736 -0.022738242763855311 0.067067595406546415 -0.03939007924137309 0.023039865185625154 0.01078763697595006 -0.042947815481695954 0.067944732955895565 -0.04910246331457728 -0.055658631175025619 -0.0055547327053629232 0.010587589191246851 -0.020591775206160845 -0.04984293204422708 -0.05750935030805019 -0.022661479543720595 0.030732822789974402 0.044991950563107945 -0.050436687065667285 0.00036937300862052475 -0.050164744510976314 0.07365910694963039 0.033481805971179175
leaf_weight=8.4637432209124182 297.56051840598047 374.58624227694236 73.566372854751535 59.826361874496797 184.70314107835293 3.5394633080577469 14.409518387343267 84.231193593863281 36.915084911606755 3.5348156318068495 11.875506453325213 77.296080190062639 63.623697937116958 8.0312820470426214 1.8740928244942541 4.8061320805163623 7.5531554220324315 24.738397641918713 53.36364649881034 19.997900265232378 3.4649219220955265 4.709258030046839 30.977776312586684 10.25520832863708 5.9718272034847351 1.6350146133386259 310.95487004265306 3.4194551496766534 7.6209317082539192 8.8552843271754664
leaf_count=58429 51932 3181 637393 5264 1370 433 338 4278 69018 18 2338 1411 381 84 223 2795 11278 3475 5590 79661 214 3978 104265 11783 6100 5553 3171 36 26 34
internal_value=0 0.00325433 -0.0276725 -0.00372132 0.00793238 0.00878612 -0.00208908 -0.00806762 -0.0395042 0.00503692 -0.00868601 0.0203711 0.0159399 0.00476482 -0.0111626 -0.0109401 -0.013822 -0.00090441 0.00189287 -0.0130804 0.00479618 -0.0138633 -0.00889634 0.00236658 -0.00817152 0.0244805 0.0047261 0.00816034 0.0344952 0.0101798
internal_weight=0 1612.7 189.657 647.374 965.33 166.947 86.1114 480.427 110.481 708.972 71.7019 80.8355 256.358 71.655 79.1756 392.731 305.114 87.6174 82.8113 77.3015 87.6961 29.4477 68.8377 37.86 27.6047 7.60684 705.437 394.482 19.8957 12.2747
internal_count=1074050 101625 972425 93324 8301 9784 7940 83540 706411 6466 7602 1844 1835 465 266014 79048 63210 15838 13043 265791 4492 7453 207362 103097 91314 11653 6448 3277 96 70
is_linear=0
shrinkage=0.05


Tree=95
num_leaves=31
num_cat=0
split_feature=1 1 102 102 77 113 93 93 113 4 55 42 114 97 93 60 81 108 113 42 97 97 106 70 4 85 96 106 106 105
split_gain=62.435 25.262 14.9623 9.60106 9.46439 11.233 6.88345 6.74958 6.96005 6.60876 6.30534 5.39199 5.06174 5.02798 4.9817 11.8982 5.148 4.8776 4.69026 5.70551 4.56291 6.70544 5.35998 4.55276 4.49558 4.39661 4.7346 4.35092 6.93114 5.59499
threshold=0.42569895731548962 0.0030842274181046617 15.500000000000002 13.500000000000002 0.020438000000000001 0.96289400000000003 0.047882500000000008 0.097248000000000015 0.90705800000000014 215462.50000000003 1.0000000180025095e-35 4462.5000000000009 0.095475500000000019 3926.5000000000005 0.048270000000000007 0.048838000000000006 2.5000000000000004 0.014694 0.14406000000000002 23.500000000000004 729.50000000000011 923.50000000000011 6.5500000000000007 7.5000000000000009 97406.000000000015 4.5000000000000009 0.029253000000000005 11.083333333350001 10.366666666650003 0.11225850000000001
decision_type=2 2 2 2 2 2 2 2 2 2 2 2 2 2 2 2 2 2 2 2 2 2 2 2 2 2 2 2 2 2
left_child=1 6 4 11 5 7 -1 8 27 20 13 -3 -10 -4 15 -8 -16 -5 -12 -20 -6 -22 -23 -11 -7 -19 -27 28 -2 -30
right_child=2 3 10 17 9 24 14 -9 12 23 18 -13 -14 -15 16 -17 -18 25 19 -21 21 22 -24 -25 -26 26 -28 -29 29 -31
leaf_value=-0.049652610092549239 0.0019739517206984122 -0.0049121007922365151 -0.011185752705859604 -0.027503025431380248 0.012460396809492024 0.020462320982897589 -0.050275023073282292 -0.051780455919048209 -0.0037324653037459905 0.0034386175722563106 -0.017073111597436904 0.053817295930138877 -0.071914483879792532 -0.046889834803553999 0.044132655374509056 1.6068129979222161 -0.046265412784643294 0.0068921606664467481 -0.0014049889397530857 0.019161067053796121 0.055870627435394074 -0.018414053003386995 0.028187510793231396 0.058469115753838008 -0.0012604490969999787 -0.0018126696753156463 -0.045153329347975689 0.0088079253785096501 -0.013521981507671905 -0.073777506703469095
leaf_weight=64.677028650001375 352.06881981590413 161.84097640490563 52.388067337120447 97.866164126507783 53.238763259432744 143.17074927531939 0.032026433507779895 5.6886357172043054 5.6333422873285581 79.112618776038289 38.343855754203105 4.0049276301792807 5.267249665223062 12.146742778926635 3.2994822448349623 0.01636919192969799 3.0132017935591193 24.36733090474354 229.30765753261221 39.538240388996201 20.705576026928611 6.9257580462726755 56.561725894687697 3.9459058986976734 28.570306689332938 12.958776116737683 12.265594595723995 244.89452250339673 18.028746579744624 4.8994890090543768
leaf_count=699523 8927 102072 4543 161444 692 1202 424 89 90 809 2096 314 55 5368 11636 1 32480 14338 5233 381 139 144 411 15 524 7958 9709 3079 301 53
internal_value=0 -0.0178511 0.00489913 -0.0117472 0.00800584 0.00550089 -0.0447715 0.00243895 0.00292791 0.0171879 -0.0036984 -0.00349387 -0.0366785 -0.017906 0.00485766 0.510213 0.000983399 -0.0210297 -0.000713659 0.00161959 0.0239174 0.0311621 0.0231038 0.00605298 0.0168486 -0.00825499 -0.0228875 0.00362438 0.00023923 -0.0263979
internal_weight=0 384.342 1400.44 313.304 1028.71 808.222 71.0381 636.481 630.792 220.49 371.725 165.846 10.9006 64.5348 6.36108 0.0483956 6.31268 147.458 307.19 268.846 137.432 84.1931 63.4875 83.0585 171.741 49.5917 25.2244 619.892 374.997 22.9282
internal_count=1074050 1039899 34151 295835 16530 14320 744064 12594 12505 2210 17621 102386 145 9911 44541 425 44116 193449 7710 5614 1386 694 555 824 1726 32005 17667 12360 9281 354
is_linear=0
shrinkage=0.05


Tree=96
num_leaves=31
num_cat=0
split_feature=1 1 102 42 42 93 76 81 4 106 66 42 83 92 69 44 82 105 90 93 113 102 99 64 97 79 82 79 97 93
split_gain=58.1033 28.9497 16.2821 10.4225 8.52628 7.78 6.93011 6.73724 6.68374 6.14606 5.90279 5.17601 5.13582 4.96323 4.88856 4.69107 8.47502 7.06488 6.13497 6.53273 6.47577 6.13167 5.84704 5.21017 4.989 5.1399 5.68695 5.4942 6.58228 7.25695
threshold=0.0067794565405618597 0.7740980979447657 12.500000000000002 1.0000000180025095e-35 5.5000000000000009 0.047882500000000008 0.080539500000000014 1594.5000000000002 173901.00000000003 11.708333333350001 1.0000000180025095e-35 4462.5000000000009 0.22500000000000003 0.059568000000000003 5.5000000000000009 2.5000000000000004 4.5000000000000009 0.085197500000000009 1.5000000000000002 0.0027325000000000001 0.19327975000000003 1.5000000000000002 11.500000000000002 2.5500000000000003 104.50000000000001 0.31096600000000002 3.5000000000000004 0.16701750000000001 182.50000000000003 0.068425000000000027
decision_type=2 2 2 2 2 2 2 2 2 2 2 2 2 2 2 2 2 2 2 2 2 2 2 2 2 2 2 2 2 2
left_child=5 2 3 9 12 -1 -5 11 10 -2 -6 -4 13 15 -10 16 21 -18 20 -20 -17 24 23 -21 -3 27 -27 28 -26 -30
right_child=1 4 7 6 8 -7 -8 -9 14 -11 -12 -13 -14 -15 -16 18 17 -19 19 22 -22 -23 -24 -25 25 26 -28 -29 29 -31
leaf_value=-0.047425085869503378 -0.015175772828853027 0.036615340069986235 -0.015367690419675593 -0.00098845616394887419 0.02227687586086384 0.0058148041143126945 0.021611560449530727 -0.043543985491216013 0.0042726279537155659 0.0029116770031517749 -0.011462371078778094 0.034976926061734491 0.043119722165442347 0.037218188108683901 -0.062930944650821566 -0.02195086034453278 -0.030727669911143729 0.0048801914785240978 -0.0421223887737543 0.064617972964564049 0.0055570613616095135 -0.0057134531388162383 -0.047375130314191834 0.017210485850596962 -0.04790594567348827 -0.023875181578008407 0.04553298842559788 0.022611960767704865 0.0070705491058525504 -0.060742190963381071
leaf_weight=70.273360834404002 108.07637311524149 13.522569946013389 223.96647716953134 65.05583673415731 170.08568581569125 7.6044592591797473 70.875480104049529 21.417892172438769 67.391958227177383 83.060969854169343 14.033224316968697 5.2244882021109325 8.4265421772724931 11.02724703773856 2.8192548477090886 24.232364582829177 37.228101998043712 22.258956661738921 4.7156902261776841 6.0650849340017876 182.73649137601024 142.97487038697727 3.3675356274470678 130.43463444331428 5.9228170940186819 23.626012045890096 3.372459606267511 49.759798612445593 184.93047360976925 4.0312206177040926
leaf_count=766009 45252 107 124488 8739 1296 49603 14050 36035 542 16314 272 954 70 68 28 578 775 292 74 28 1742 2820 36 1333 92 177 17 310 1902 47
internal_value=0 0.00194512 -0.00713651 0.00021136 0.0066589 -0.0422264 0.0107953 -0.0167262 0.0147 -0.00731566 0.0197053 -0.0142201 0.0042771 0.00389212 0.00157414 0.0034542 0.000280039 -0.0174039 0.00785699 0.0157597 0.00233637 0.00273709 0.0177112 0.0193169 0.00697399 0.00549842 -0.0152052 0.00778323 0.00399702 0.00562386
internal_weight=0 1690.64 577.678 327.069 1112.96 77.8778 135.931 250.609 254.33 191.137 184.119 229.191 858.633 850.206 70.2112 839.179 487.627 59.4871 351.552 144.583 206.969 428.14 139.867 136.5 285.165 271.643 26.9985 244.644 194.885 188.962
internal_count=1074050 258438 245832 84355 12606 815612 22789 161477 2138 61566 1568 125442 10468 10398 570 10330 6539 1067 3791 1471 2320 5472 1397 1361 2652 2545 194 2351 2041 1949
is_linear=0
shrinkage=0.05


Tree=97
num_leaves=31
num_cat=0
split_feature=1 1 42 1 102 53 93 42 44 110 64 113 69 114 83 4 4 99 111 109 113 97 3 76 90 108 45 3 100 4
split_gain=56.0066 23.3688 13.1698 10.6173 9.42818 7.14242 6.48284 5.98372 5.38963 5.07869 4.7892 4.77456 4.7418 5.73119 4.70482 4.54785 4.52896 4.63566 6.55829 4.7131 6.6069 8.12226 4.51797 4.43809 4.39745 4.3711 4.24501 4.1396 9.26717 6.29908
threshold=0.42569895731548962 0.0030842274181046617 1.0000000180025095e-35 0.7740980979447657 6.5000000000000009 2.5000000000000004 0.047882500000000008 2787.5000000000005 83.500000000000014 6.5000000000000009 557.20000000000016 0.29525100000000004 6.5000000000000009 0.11325100000000002 0.22500000000000003 5356.5000000000009 215462.50000000003 7.5000000000000009 0.094822500000000018 5.5000000000000009 0.88318150000000017 2033.5000000000002 1739.5000000000002 0.05467650000000001 1.5000000000000002 0.053408000000000004 1.0000000180025095e-35 6290.5000000000009 9.5000000000000018 23.500000000000004
decision_type=2 2 2 2 2 2 2 2 2 2 2 2 2 2 2 2 2 2 2 2 2 2 2 2 2 2 2 2 2 2
left_child=1 6 3 9 7 12 -1 -3 14 -2 -6 -8 16 15 26 22 17 19 -19 20 21 25 -14 -9 -15 -4 27 28 29 -5
right_child=2 4 5 8 10 -7 11 23 -10 -11 -12 -13 13 24 -16 -17 -18 18 -20 -21 -22 -23 -24 -25 -26 -27 -28 -29 -30 -31
leaf_value=-0.049405158171571872 -0.0028130008341827194 -0.0044226246425288253 0.011825999467402405 -0.034946678469083448 -0.016386831327943146 0.0018687638034314308 -0.055028660125725631 -0.046685517362405358 -0.080778717864286684 -0.021862660126172186 -0.040846687723905505 0.036197907883676127 0.0043046538259794171 -0.0014843243897762698 0.042722476640033334 0.0065111523672238174 0.0071254163189325426 0.011128944359665558 -0.064649599212064937 0.025231815717854652 0.038495895520798087 -0.086592023513264713 -0.042182046302150451 0.074014163424542589 0.043465159638227446 -0.065836352260623662 0.060524317790718041 0.00084185452008434317 -0.0086419043273180899 0.024266395752870491
leaf_weight=59.343757482570481 73.095170264765329 147.49086456960003 13.165698728756984 4.7723712595761745 130.43043039087524 167.09353404768717 2.2161911420228071 0.93826824735515302 1.9059023639420036 67.111677261018485 23.639260191543144 4.0651407888967697 8.6341026739100943 9.6596083361655474 7.5300746142456765 28.33343997556949 88.058703015442006 14.154489691369237 3.5766944698989382 189.54329503787449 8.8649096257286129 3.1894158329814664 13.243919064116197 4.0446518604021549 12.459443378495052 2.1009151469916096 3.1893949493241953 544.07989894760249 39.954441430483712 76.288844070746563
leaf_count=699523 5173 92414 134 35 140356 8338 23996 63 39 8525 62662 20545 164 74 62 391 854 109 20 1528 58 43 321 340 65 21 25 7005 604 563
internal_value=0 -0.0172136 0.00464227 0.000593154 -0.0114165 0.0105345 -0.0442924 -0.00260201 0.00318422 -0.0119313 -0.0201398 0.00401118 0.0142004 0.00262971 0.00342101 -0.00671172 0.0167943 0.0204236 -0.00415693 0.0224333 0.0030184 -0.0140224 -0.0238362 0.0512868 0.0238353 0.00113849 0.00297817 0.00270221 0.0110663 0.0207803
internal_weight=0 372.169 1380.01 817.928 306.543 562.078 65.6251 152.474 677.721 140.207 154.07 6.28133 394.985 72.3305 675.815 50.2115 322.654 234.595 17.7312 216.864 27.3209 18.456 21.878 4.98292 22.1191 15.2666 668.285 665.096 121.016 81.0612
internal_count=1074050 1039899 34151 22031 295835 12120 744064 92817 8333 13698 203018 44541 3782 1015 8294 876 2767 1913 129 1784 256 198 485 403 139 155 8232 8207 1202 598
is_linear=0
shrinkage=0.05


Tree=98
num_leaves=31
num_cat=0
split_feature=1 1 102 45 102 4 66 77 55 93 97 73 42 113 55 113 97 113 113 42 59 4 81 4 97 106 96 97 66 42
split_gain=54.0494 22.2132 13.4349 9.80872 8.52148 8.13183 7.50013 7.15354 6.48176 6.27716 6.13936 6.20132 5.11453 5.07962 4.85685 4.62852 4.49618 4.4263 4.22329 4.49391 4.07327 4.35594 6.64448 4.67985 5.99848 4.55283 4.4024 5.60112 5.4421 4.40497
threshold=0.42569895731548962 0.0030842274181046617 15.500000000000002 1.0000000180025095e-35 13.500000000000002 105656.50000000001 1.5000000000000002 0.039101000000000004 1.0000000180025095e-35 0.047882500000000008 2062.5000000000005 22.500000000000004 13.500000000000002 0.31599825000000009 1.0000000180025095e-35 0.55448950000000008 3926.5000000000005 0.29525100000000004 0.14634925000000001 23.500000000000004 11.500000000000002 2826.5000000000005 361.50000000000006 175.00000000000003 74.500000000000014 26.100000000000005 0.056499000000000001 887.50000000000011 3.5000000000000004 1.5000000000000002
decision_type=2 2 2 2 2 2 2 2 2 2 2 2 2 2 2 2 2 2 2 2 2 2 2 2 2 2 2 2 2 2
left_child=1 9 3 5 12 7 -7 10 16 -1 20 13 15 -12 -6 -3 -4 -11 -10 -20 21 22 23 24 -2 26 -25 29 -29 -28
right_child=2 4 8 -5 14 6 -8 -9 18 17 11 -13 -14 -15 -16 -17 -18 -19 19 -21 -22 -23 -24 25 -26 -27 27 28 -30 -31
leaf_value=-0.049254290515770134 0.052942293052786617 -0.01483325311520774 -0.011888795267629808 0.033214636300359049 -0.030761303695789312 0.0026860919031062311 -0.023048214506731238 0.023945258120784595 -0.01612023571582373 -0.054643864509407239 -0.028447186315830916 -0.040961900341588323 0.017499003224152068 0.022930780699617154 -0.012098645686552808 0.0038790712000556812 -0.046323714620213396 0.034789954149475187 -0.0010790393348339014 0.017321512143744413 0.045188855444243246 0.00038030101964942026 -0.020489736353751339 0.019643728306095832 -0.011844744084121069 0.040792520271618664 -0.049673764297365801 0.021894749459810153 -0.060916574496074849 0.028472637588121658
leaf_weight=56.878732912592341 4.0890029603615394 82.751685937588718 50.953640017491125 35.913698202784872 62.993989334067919 300.92941006243927 31.2533391685065 79.527682753978297 38.344795888078806 2.1097369768710896 5.042920425272313 4.2542774149624156 24.346175374469567 104.51674116955837 78.062039782008469 55.01770627858923 11.64618691016585 4.0190501716758718 224.57133042041096 38.934936720674159 6.2905752065707921 251.03739123040577 15.807231768703785 87.01066138013266 28.29950639946037 18.152426912682131 8.074901418876836 18.190706247813072 2.2267928060609838 2.3217878018040201
leaf_count=699523 18 72313 4543 268 126492 5134 1178 862 2157 23996 270 144 8049 1082 66957 22024 5368 20545 5175 378 148 4645 796 988 488 115 172 158 32 32
internal_value=0 -0.0170606 0.00456873 0.00755634 -0.0114465 0.00660343 0.000264885 0.00992009 -0.00365292 -0.0440738 0.00791152 0.018266 -0.0036272 0.0205659 -0.0204332 -0.00736055 -0.0182951 0.00400379 -0.000616319 0.00163977 0.00524224 0.00466485 0.0105049 0.0134149 -0.00366547 0.0174833 0.0138922 -0.00234862 0.0128631 -0.0322221
internal_weight=0 366.179 1367.39 1002.94 303.172 967.025 332.183 634.843 364.451 63.0075 555.315 113.814 162.116 109.56 141.056 137.769 62.5998 6.12879 301.851 263.506 441.501 435.21 184.173 168.366 32.3885 135.977 117.825 30.8142 20.4175 10.3967
internal_count=1074050 1039899 34151 16530 295835 16262 6312 9950 17621 744064 9088 1496 102386 1352 193449 94337 9911 44541 7710 5553 7592 7444 2799 2003 506 1497 1382 394 190 204
is_linear=0
shrinkage=0.05


Tree=99
num_leaves=31
num_cat=0
split_feature=1 1 1 110 67 102 69 82 100 79 93 3 99 48 64 42 42 61 106 99 1 114 44 73 106 97 97 0 73 81
split_gain=51.1352 20.3703 14.0061 11.2304 8.51365 8.06901 7.30637 7.71763 6.07349 6.16607 6.02151 5.59161 5.76531 5.54983 5.10817 4.71979 4.60074 4.5176 4.42537 4.18151 4.59726 7.89575 4.0391 5.2786 6.10684 5.95222 6.38685 5.66446 6.94524 6.26874
threshold=0.37969951586789719 0.0030842274181046617 0.94875966535953815 4.5000000000000009 0.096819500000000017 6.5000000000000009 5.5000000000000009 4.5000000000000009 21.500000000000004 0.38529200000000008 0.047882500000000008 557720.00000000012 5.5000000000000009 1.0000000180025095e-35 478.58333333350009 1.0000000180025095e-35 172.50000000000003 14.500000000000002 88.125000000000014 2.5000000000000004 0.7740980979447657 0.13428150000000003 2.5000000000000004 7.5000000000000009 6.2916666666650007 786.50000000000011 950.50000000000011 0.022536500000000004 4.5000000000000009 6.5000000000000009
decision_type=2 2 2 2 2 2 2 2 2 2 2 2 2 2 2 2 2 2 2 2 2 2 2 2 2 2 2 2 2 2
left_child=1 10 3 6 15 -3 7 18 9 16 -1 17 -13 -10 -7 22 -5 -8 -2 -9 -21 -22 -4 24 -24 -25 -27 28 29 -26
right_child=2 5 4 8 -6 14 11 19 13 -11 -12 12 -14 -15 -16 -17 -18 -19 -20 20 21 -23 23 25 27 26 -28 -29 -30 -31
leaf_value=-0.049097188456522292 0.012969804842557421 -0.0031693647262968612 0.001723113658316846 -0.0051562705216447041 0.049502038089991957 -0.016024116442417049 0.0072195081059386497 -0.02306048889651597 -0.024649321210266723 -0.075520251669566774 0.0036091481955720741 -0.010520786084997007 -0.061914460005420308 0.024848420927728661 -0.042020331836473045 0.015230181594713364 0.016864841826422599 -0.022415139746224329 0.061225160424619077 0.038797398921683483 -0.042148807812825123 0.071687751885017054 -0.017895195655469591 0.048694392413545673 -0.0077219760050724262 -0.04614315309928993 0.022268754139654335 0.023631148654378403 -0.044219324182140127 0.026875789305379483
leaf_weight=54.224150557567327 211.8900381615822 137.67955934774886 244.38327740074601 232.53339920819417 13.175909812562166 115.84938476900334 95.810807913600001 23.987413361115614 64.126369718480419 2.9572326496709129 6.0206994853469942 47.308905617828714 6.1683612404740407 6.2115733336904659 22.579736682408111 198.92643282783683 26.412732007709565 14.853978177183306 4.8601309047662644 7.402867682860232 6.4347024543676508 1.9956658743321893 21.153300305188168 18.116377314552665 29.996378794778138 4.0858078733435859 20.676334253745154 51.282270619354676 7.4322424277197561 23.233126780949533
leaf_count=699523 5426 91576 1596 9530 58 134333 2601 1126 11636 63 44541 1841 210 504 65843 1286 299 568 104 139 103 9 228 91 184 39 122 289 72 110
internal_value=0 -0.0174878 0.00424571 -0.000361859 0.00973108 -0.0117401 0.00506462 0.0103349 -0.00723334 -0.00372996 -0.0438299 -0.00317338 -0.0164488 -0.0202782 -0.0202645 0.00888492 -0.0029101 0.0032418 0.0140518 -0.00989687 0.0100461 -0.015201 0.00588215 0.0116579 0.00674277 0.0269149 0.0109806 0.0113984 0.00105715 0.00737894
internal_weight=0 336.354 1385.42 752.954 632.461 276.109 420.713 256.571 332.241 261.903 60.2449 164.142 53.4773 70.3379 138.429 619.286 258.946 110.665 216.75 39.8206 15.8332 8.43037 420.359 175.976 133.097 42.8785 24.7621 111.944 60.6617 53.2295
internal_count=1074050 1035816 38234 34159 4075 291752 12127 6907 22032 9892 744064 5220 2051 12140 200176 4017 9829 3169 5530 1377 251 112 2731 1135 883 252 161 655 366 294
is_linear=0
shrinkage=0.05


end of trees

feature_importances:
Column_1=405
Column_42=282
Column_113=268
Column_97=191
Column_114=144
Column_4=137
Column_102=121
Column_106=113
Column_86=88
Column_3=82
Column_112=72
Column_64=66
Column_53=55
Column_76=50
Column_0=48
Column_73=48
Column_77=43
Column_108=41
Column_69=36
Column_93=36
Column_100=35
Column_109=35
Column_67=33
Column_40=31
Column_79=30
Column_71=28
Column_85=28
Column_96=27
Column_110=27
Column_66=26
Column_81=26
Column_111=22
Column_104=21
Column_55=20
Column_92=20
Column_48=19
Column_45=18
Column_65=17
Column_105=17
Column_61=16
Column_60=15
Column_82=15
Column_99=15
Column_59=14
Column_90=14
Column_94=14
Column_107=14
Column_57=13
Column_44=11
Column_38=9
Column_84=8
Column_78=6
Column_54=4
Column_74=4
Column_91=3
Column_101=3
Column_70=2
Column_83=2
Column_98=2
Column_103=2
Column_36=1
Column_39=1
Column_43=1
Column_47=1
Column_63=1
Column_68=1
Column_89=1
Column_95=1

parameters:
[boosting: gbdt]
[objective: lambdarank]
[metric: ndcg]
[tree_learner: serial]
[device_type: cpu]
[data_sample_strategy: bagging]
[data: ]
[valid: ]
[num_iterations: 100]
[learning_rate: 0.05]
[num_leaves: 31]
[num_threads: 0]
[seed: 0]
[deterministic: 0]
[force_col_wise: 0]
[force_row_wise: 0]
[histogram_pool_size: -1]
[max_depth: -1]
[min_data_in_leaf: 20]
[min_sum_hessian_in_leaf: 0.001]
[bagging_fraction: 1]
[pos_bagging_fraction: 1]
[neg_bagging_fraction: 1]
[bagging_freq: 0]
[bagging_seed: 3]
[feature_fraction: 1]
[feature_fraction_bynode: 1]
[feature_fraction_seed: 2]
[extra_trees: 0]
[extra_seed: 6]
[early_stopping_round: 0]
[early_stopping_min_delta: 0]
[first_metric_only: 0]
[max_delta_step: 0]
[lambda_l1: 0]
[lambda_l2: 0]
[linear_lambda: 0]
[min_gain_to_split: 0]
[drop_rate: 0.1]
[max_drop: 50]
[skip_drop: 0.5]
[xgboost_dart_mode: 0]
[uniform_drop: 0]
[drop_seed: 4]
[top_rate: 0.2]
[other_rate: 0.1]
[min_data_per_group: 100]
[max_cat_threshold: 32]
[cat_l2: 10]
[cat_smooth: 10]
[max_cat_to_onehot: 4]
[top_k: 20]
[monotone_constraints: ]
[monotone_constraints_method: basic]
[monotone_penalty: 0]
[feature_contri: ]
[forcedsplits_filename: ]
[refit_decay_rate: 0.9]
[cegb_tradeoff: 1]
[cegb_penalty_split: 0]
[cegb_penalty_feature_lazy: ]
[cegb_penalty_feature_coupled: ]
[path_smooth: 0]
[interaction_constraints: ]
[verbosity: 0]
[saved_feature_importance_type: 0]
[use_quantized_grad: 0]
[num_grad_quant_bins: 4]
[quant_train_renew_leaf: 0]
[stochastic_rounding: 1]
[linear_tree: 0]
[max_bin: 255]
[max_bin_by_feature: ]
[min_data_in_bin: 3]
[bin_construct_sample_cnt: 200000]
[data_random_seed: 1]
[is_enable_sparse: 1]
[enable_bundle: 1]
[use_missing: 1]
[zero_as_missing: 0]
[feature_pre_filter: 1]
[pre_partition: 0]
[two_round: 0]
[header: 0]
[label_column: ]
[weight_column: ]
[group_column: ]
[ignore_column: ]
[categorical_feature: ]
[forcedbins_filename: ]
[precise_float_parser: 0]
[parser_config_file: ]
[objective_seed: 5]
[num_class: 1]
[is_unbalance: 0]
[scale_pos_weight: 1]
[sigmoid: 1]
[boost_from_average: 1]
[reg_sqrt: 0]
[alpha: 0.9]
[fair_c: 1]
[poisson_max_delta_step: 0.7]
[tweedie_variance_power: 1.5]
[lambdarank_truncation_level: 30]
[lambdarank_norm: 1]
[label_gain: ]
[lambdarank_position_bias_regularization: 0]
[eval_at: ]
[multi_error_top_k: 1]
[auc_mu_weights: ]
[num_machines: 1]
[local_listen_port: 12400]
[time_out: 120]
[machine_list_filename: ]
[machines: ]
[gpu_platform_id: -1]
[gpu_device_id: -1]
[gpu_use_dp: 0]
[num_gpu: 1]

end of parameters

pandas_categorical:null
