tree
version=v4
num_class=1
num_tree_per_iteration=1
label_index=0
max_feature_idx=203
objective=lambdarank
feature_names=Column_0 Column_1 Column_2 Column_3 Column_4 Column_5 Column_6 Column_7 Column_8 Column_9 Column_10 Column_11 Column_12 Column_13 Column_14 Column_15 Column_16 Column_17 Column_18 Column_19 Column_20 Column_21 Column_22 Column_23 Column_24 Column_25 Column_26 Column_27 Column_28 Column_29 Column_30 Column_31 Column_32 Column_33 Column_34 Column_35 Column_36 Column_37 Column_38 Column_39 Column_40 Column_41 Column_42 Column_43 Column_44 Column_45 Column_46 Column_47 Column_48 Column_49 Column_50 Column_51 Column_52 Column_53 Column_54 Column_55 Column_56 Column_57 Column_58 Column_59 Column_60 Column_61 Column_62 Column_63 Column_64 Column_65 Column_66 Column_67 Column_68 Column_69 Column_70 Column_71 Column_72 Column_73 Column_74 Column_75 Column_76 Column_77 Column_78 Column_79 Column_80 Column_81 Column_82 Column_83 Column_84 Column_85 Column_86 Column_87 Column_88 Column_89 Column_90 Column_91 Column_92 Column_93 Column_94 Column_95 Column_96 Column_97 Column_98 Column_99 Column_100 Column_101 Column_102 Column_103 Column_104 Column_105 Column_106 Column_107 Column_108 Column_109 Column_110 Column_111 Column_112 Column_113 Column_114 Column_115 Column_116 Column_117 Column_118 Column_119 Column_120 Column_121 Column_122 Column_123 Column_124 Column_125 Column_126 Column_127 Column_128 Column_129 Column_130 Column_131 Column_132 Column_133 Column_134 Column_135 Column_136 Column_137 Column_138 Column_139 Column_140 Column_141 Column_142 Column_143 Column_144 Column_145 Column_146 Column_147 Column_148 Column_149 Column_150 Column_151 Column_152 Column_153 Column_154 Column_155 Column_156 Column_157 Column_158 Column_159 Column_160 Column_161 Column_162 Column_163 Column_164 Column_165 Column_166 Column_167 Column_168 Column_169 Column_170 Column_171 Column_172 Column_173 Column_174 Column_175 Column_176 Column_177 Column_178 Column_179 Column_180 Column_181 Column_182 Column_183 Column_184 Column_185 Column_186 Column_187 Column_188 Column_189 Column_190 Column_191 Column_192 Column_193 Column_194 Column_195 Column_196 Column_197 Column_198 Column_199 Column_200 Column_201 Column_202 Column_203
feature_infos=[1.7307033847328553e-09:0.99975985096384834] [0:1] [1:1.7976931348599999e+308] [1:1.7976931348599999e+308] none none none none none none none none none none none none none none none none none none none [0:1] [0:1] none none none [0:1] [0:2] [0:33] [0:1] [0:1] [0:82] [0:1] [0:1] [0:342737] [0:36] [0:3] [0:1] [0:31591] [0:1] [0:70] [0:788] [0:114] [0:1] [0:17] [0:36] [1:441993] [0:1] [0:1] [0:1] [0:0.10625] [0:0.124639] [0:97] [0:1] [0:2] [1:320498] [0:0.189973] [0:0.13569000000000001] [0:2] [0:125] [0:951] [0:0.189973] [1:20421] [0:1] [0:65] [0:0.11750099999999999] [0:0.72638000000000003] [0:182] [1:441993] [0:2] [0:130] [0:21] [0:21] [0:4] [0:332847] [0:0.39139600000000002] [0:0.124639] [0:4] [0.00097599999999999998:316.228363] [0:2.3372090000000001] [0:97] [0:1] [0:1] [1:320498] [0:4] [0:182] [0:0.20475399999999999] [0:1] [0:441993] [0:3] [0:13] [0:0.17033599999999999] [0:1] [1:441993] [0:0.197407] [0:3] [0:53] [1:332847] [0:13] [0:16] [1:441993] [0:8] [0:0.58430199999999999] [1:20421] [0:0.19029199999999999] [1:332857] [0:0.197407] [0:16] [0:0.26976899999999998] [0:0.24151700000000001] [0.0180336:316.228363] [0:0.28700100000000001] [0:1] [0:2] [0:13] [0:1] [0:20421] [0:2] [0:4] [1:20421] [0:1] [0:4] [0:0.197407] [1:18111] [0:7] [0:1] [0:1] [0:7] [0:579.81079099999999] [0:7] [0:0.17033599999999999] [0.032515000000000002:579.81079099999999] [0:7] [0:6] [0:16] [0:2] [0.00097599999999999998:0.28700100000000001] [0:0.28700100000000001] [1:5024] [0:16] [0:0.50805800000000001] [2:20421] [1:101] [1:223] [2:20421] [0:12] [1:2098] [0:1] [0:0.197407] [0:316] [0:16] [0:7] [0.038323000000000003:579.86849900000004] [0.111111111111:1] [0:1] [1:8] [0:7] [0:130] [0:2] [0:20] [0:16] [0:130] [0:1] [0:112] [0:16] [0:1] [3:118] [0:41] [0:6] [0:1] [0.00097599999999999998:0.197407] [0.0132674:0.28700100000000001] [1:7] [1:8] [0.26666666666700001:1] [0:141] [0:26] [0.00085400000000000005:0.197407] [1:7] [0:16] [0.0051720000000000004:0.197407] [0:7] [1:7] [0:0.13467599999999999] [0:0.28700100000000001] [0:0.197407] [517:749] [0.50040700000000005:0.76747900000000002] [0.00085400000000000005:0.60714100000000004] [2:9] [0:9] [0:2] [0:1] [0:16] [0.00085400000000000005:0.15178525000000001] none [0:16] [1:2] [1:28] [0:100] [0.022613000000000001:0.28700100000000001] [0:7]
tree_sizes=3503 3512 3510 3503 3507 3502 3512 3500 3511 3514 3516 3511 3501 3509 3502 3510 3504 3524 3531 3500 3512 3504 3524 3511 3502 3493 3505 3489 3507 3482 3503 3521 3513 3513 3505 3502 3496 3509 3524 3507 3498 3519 3506 3490 3507 3534 3509 3489 3516 3509 3516 3505 3492 3518 3520 3516 3510 3515 3507 3526 3519 3509 3530 3516 3509 3515 3517 3502 3494 3509 3522 3522 3499 3516 3503 3513 3503 3529 3512 3481 3516 3527 3508 3509 3535 3501 3527 3539 3529 3539 3507 3544 3526 3484 3509 3506 3516 3506 3550 3559

Tree=0
num_leaves=31
num_cat=0
split_feature=0 189 0 200 0 154 3 0 189 3 188 36 189 3 36 148 135 168 36 130 0 48 3 168 189 0 140 40 66 139
split_gain=7090.3 346.45 167.36 134.818 124.643 56.4248 42.905 40.0232 23.6512 20.9634 20.7143 20.0039 19.0722 23.7426 17.1798 20.0177 15.2156 14.4903 14.1458 13.2036 13.1883 19.4212 18.2557 15.7196 12.8859 12.038 17.6696 12.7859 11.7074 11.177
threshold=0.15548050853772452 0.54061850000000011 0.030380062479932603 3.5000000000000004 0.48090646582193369 0.46032950000000006 8.9884656743000007e+307 0.86620967868038068 0.58000700000000005 1.5000000000000002 669.50000000000011 1024.5000000000002 0.56806750000000006 996929.50000000012 997.50000000000011 1.5000000000000002 1.5000000000000002 9.5000000000000018 1194.5000000000002 0.84649150000000006 0.0088049481694041625 3.5000000000000004 877486.50000000012 10.500000000000002 0.55406350000000015 0.7740980979447657 3.7750000000000004 1.0000000180025095e-35 5.5000000000000009 0.016747000000000001
decision_type=2 2 2 2 2 2 2 2 2 2 2 2 2 2 2 2 2 2 2 2 2 2 2 2 2 2 2 2 2 2
left_child=2 7 10 12 5 11 24 29 -8 -6 20 16 -4 -14 -7 -16 -3 -10 19 -17 -1 22 23 -22 -5 26 27 -11 -15 -2
right_child=1 4 3 6 9 14 8 -9 17 25 -12 -13 13 28 15 18 -18 -19 -20 -21 21 -23 -24 -25 -26 -27 -28 -29 -30 -31
leaf_value=-0.098955707293143791 -0.096535569119561099 -0.027450258704234683 -0.097781813627359881 -0.063897276178499718 -0.10000000000000001 0.081499584325258195 -0.071941771670820318 0.081252394217806834 0.04839822156252812 -0.038214938248051021 0.0074057167896379623 -0.083369399348524928 0.03174294170682556 -0.07918048182794088 -0.022232162279234528 -0.077823827881715324 0.070467957225973613 -0.031081007606943364 0.073501037997681026 0.039395000792297435 0.072127194433939043 -0.092447635625506897 -0.069641697379987585 -0.081327016172087416 0.081798580304878132 0.097332113422228916 0.087451758841104232 0.065581310515263655 0.096133533057391002 0.034657902390340466
leaf_weight=887.92945118060197 29.497356971225603 10.791928488115451 52.483054883936347 1.6307514463260329 1.3821920519694675 46.328734192749835 12.159854163968701 3.8650558869558145 13.265971715271009 4.7894020989187975 4.7790561334550139 9.0627844299815461 7.1225462396105312 23.368500475241493 10.421693366890393 3.1379612320743027 6.273742299177683 10.101419432452529 30.731211298048947 10.248030423477756 5.1280487088370164 82.778523628286166 18.789704533715849 2.4740311306959484 21.873509584722342 863.04420313731316 172.3752680461148 7.7970706620981218 0.99274104024516319 1.7180102378624713
leaf_count=835833 17676 5655 37913 3914 35 9281 4594 323 1758 1896 1190 3772 8226 7818 3185 421 1516 3089 4453 479 4870 62860 8287 8445 13245 11561 9581 1270 23 881
internal_value=0 0.0843155 -0.0892194 -0.0386185 0.0889328 0.0421482 0.019283 -0.0705224 -0.0153886 0.0945947 -0.0964417 -0.0233348 -0.0793253 -0.0485584 0.0591108 0.0400923 0.00854678 0.0140404 0.0548151 0.0119164 -0.0969394 -0.0805398 -0.0431907 0.0221868 0.07169 0.0948513 0.0832758 0.0260848 -0.0720363 -0.089315
internal_weight=0 1211.46 1144.88 142.998 1176.38 126.996 59.0315 35.0804 35.5272 1049.39 1001.88 26.1285 83.9668 31.4838 100.868 54.5389 17.0657 23.3674 44.1172 13.386 997.1 109.17 26.3918 7.60208 23.5043 1048.01 184.962 12.5865 24.3612 31.2154
internal_count=1074050 71985 1002065 80580 53105 28762 26600 18880 9441 24343 921485 10943 53980 16067 17819 8538 7171 4847 5353 900 920295 84462 21602 13315 17159 24308 12747 3166 7841 18557
is_linear=0
shrinkage=0.05


Tree=1
num_leaves=31
num_cat=0
split_feature=0 0 57 189 40 0 40 0 189 154 154 138 0 189 168 130 186 154 180 159 102 168 175 168 0 93 104 188 0 179
split_gain=17030.1 513.106 482.967 209.857 184.805 232.436 143.813 142.179 104.142 103.221 78.8645 64.5825 56.0296 51.2444 51.1381 49.9886 48.2718 42.6806 37.3334 34.6107 34.4074 34.1957 32.5155 28.0614 34.4597 30.4921 26.5662 26.4419 45.2577 30.8783
threshold=0.48090646582193369 0.043984350660107828 7.5000000000000009 0.57291350000000019 1.0000000180025095e-35 0.86620967868038068 13.500000000000002 0.94875966535953815 0.57231250000000011 0.92586500000000005 1.0507880000000003 0.10593350000000001 0.94875966535953815 0.57701950000000013 14.500000000000002 0.85877850000000011 0.20759250000000004 0.77380800000000016 1.2916666666650001 119.50000000000001 1773.5000000000002 9.5000000000000018 3.9000000000000004 12.500000000000002 0.86620967868038068 0.019934000000000004 0.026026500000000004 635.50000000000011 0.0088049481694041625 0.064552500000000013
decision_type=2 2 2 2 2 2 2 2 2 2 2 2 2 2 2 2 2 2 2 2 2 2 2 2 2 2 2 2 2 2
left_child=1 27 4 -3 5 9 10 8 11 13 22 18 15 -2 19 -7 -14 21 -4 -12 -20 -10 -5 -6 25 -25 -15 -1 -29 -30
right_child=2 3 7 6 23 12 -8 -9 17 -11 14 -13 16 26 -16 -17 -18 -19 20 -21 -22 -23 -24 24 -26 -27 -28 28 29 -31
leaf_value=-0.089871167880844441 -0.040146459283244784 -0.076486769738886601 -0.06015463741986822 -0.059125477336141707 0.085888541682804284 0.037915165385723357 0.055099615965952115 0.066699971384736073 0.022328341335161039 0.048492530822902898 -0.010299952041154727 -0.085313475591215868 0.079234664789368664 0.04313901216244987 -0.06393602649541387 0.069196528042718822 0.023135588777527857 0.04231515658289052 0.034181450813928073 0.047030024267479868 -0.089971565660278974 -0.047783389304770205 0.020666255053725626 -0.043099633737634084 0.075624466753275846 0.056769901873623185 -0.0037777978582579537 -0.086510408010709416 0.061880446932938038 -0.056736920855009955
leaf_weight=2827.2873225386284 51.198859494790668 296.28449883182475 24.430761402356438 200.39865227190603 1570.9144221391762 197.59807907103095 52.513759168650722 90.501646662363783 38.790951121103717 378.46991063223686 144.66903673898196 48.580499003641307 1141.5705916133593 60.011362412697054 37.802782236365601 361.11456393986009 39.679026298224926 94.713870813080575 39.070201308990363 32.182587312112446 6.5104774609208098 31.524780972336885 13.636563875013961 12.628761366009714 122.42161463957746 19.35910526686348 60.682869754964486 45.989165603503352 10.642484269221315 11.324791204155188
leaf_count=927335 2315 65161 2200 21942 3836 1180 1659 346 709 3994 8029 4034 2463 747 3510 1174 77 946 873 807 744 1174 532 750 577 280 1456 12985 352 1863
internal_value=0 -0.0794457 0.0664688 -0.0433816 0.071531 0.0622212 -0.0229983 0.0121339 -0.00527769 0.0338996 -0.0325652 -0.0410186 0.0711796 0.0017693 -0.0111505 0.0581334 0.0773503 0.0204061 -0.0102827 0.000132675 0.0164482 -0.00910498 -0.0540418 0.0838894 0.0635504 0.0173416 0.0195501 -0.0891304 -0.0583096 0.000729626
internal_weight=0 3672.73 4389.77 777.488 4015.65 2290.33 481.203 374.123 283.622 550.363 428.69 118.592 1739.96 171.893 214.654 558.713 1181.25 165.03 70.0114 176.852 45.5807 70.3157 214.035 1725.32 154.409 31.9879 120.694 2895.24 67.9564 21.9673
internal_count=1074050 1044175 29875 101640 18849 13406 36479 11026 10680 8512 34820 7851 4894 4518 12346 2354 2540 2829 3817 8836 1617 1883 22474 5443 1607 1030 2203 942535 15200 2215
is_linear=0
shrinkage=0.05


Tree=2
num_leaves=31
num_cat=0
split_feature=0 0 0 139 189 168 189 189 40 40 154 0 188 144 148 40 102 46 186 154 139 48 85 200 40 188 180 0 107 148
split_gain=15553.7 544.953 317.18 270.939 142.576 111.689 83.2973 62.2383 60.2713 56.4412 55.7996 44.5348 39.9974 38.3404 36.2362 33.35 31.4987 28.4594 28.2266 27.2816 23.7516 23.5204 22.7409 22.7289 22.0096 21.3005 20.9 19.8256 19.578 19.3951
threshold=0.23938287544958989 0.68981449621504665 0.043984350660107828 0.028813500000000002 0.57480350000000013 10.500000000000002 0.54336150000000016 0.52787650000000019 6.5000000000000009 5.5000000000000009 1.6372370000000001 0.94875966535953815 578.50000000000011 4.5000000000000009 3.5000000000000004 1.0000000180025095e-35 17.500000000000004 1.0000000180025095e-35 0.20759250000000004 0.73597050000000008 0.06060150000000001 20.500000000000004 8.9000000000000021 2.5000000000000004 336.50000000000006 669.50000000000011 3.7083333333350006 0.016616566037286794 177.50000000000003 101.50000000000001
decision_type=2 2 2 2 2 2 2 2 2 2 2 2 2 2 2 2 2 2 2 2 2 2 2 2 2 2 2 2 2 2
left_child=2 3 25 6 16 15 -2 -3 10 11 17 13 -7 23 28 19 24 -6 -13 -5 -15 -10 -14 -9 -4 29 -18 -27 -8 -1
right_child=1 7 4 5 8 12 14 9 21 -11 -12 18 22 20 -16 -17 26 -19 -20 -21 -22 -23 -24 -25 -26 27 -28 -29 -30 -31
leaf_value=-0.083843965213721644 -0.079656501892183262 -0.071114222895975188 -0.039705460669070158 -0.022220001184002951 -0.053968198087398958 -0.064683393162895106 -0.011101759410549725 0.030961226662647463 0.059713771008738918 0.078582909545684573 0.013005341184251363 0.071768447414838996 0.021491514825157685 -0.034033074075816024 0.032403575662939992 0.069241380670981553 -0.079084199596187052 0.0068141150075463732 0.025476340745051076 0.04555405165471374 0.038940287046652054 -0.055118470038127733 -0.056683021910688886 0.061634843961754504 0.078434643737131549 -0.070568212773210001 0.055471946979008625 0.051882332221818178 -0.060816320840353211 0.053583452487627005
leaf_weight=3110.3861857532756 56.709189981920645 7.8644231472862876 22.797934149391953 17.039933696039952 103.53497966902796 20.401395928347483 79.051513804122806 64.734000003547408 34.285318942274898 1214.8258134555072 69.674650486675091 1543.8207996462006 82.219426758820191 16.643317818874493 39.862540808739141 198.16892854007892 170.75550430768635 23.658628253848292 33.64718054048717 115.45797888643574 33.788685536012053 5.1258759073680258 10.489761995966544 900.66769492707681 4.7666426860960192 8.2268207010347378 2.9354939616750917 5.5258602125104508 26.422638802556321 2.5694654235849148
leaf_count=941069 12023 1209 5241 2099 17162 3397 6350 1434 820 2629 4863 3277 3278 1089 1432 1806 45269 2062 92 2705 501 658 1114 6678 154 1101 184 129 3989 236
internal_value=0 0.0622104 -0.0778766 0.0197347 -0.0380039 0.0415867 -0.0282614 0.069399 -0.0116619 0.0696892 -0.0229607 0.065523 -0.00130141 0.0573579 -0.00820749 0.0562574 -0.0689301 -0.0426624 0.070781 0.0368379 0.014858 0.0447785 0.0126463 0.0595781 -0.0192759 -0.0834562 -0.0768101 -0.0213673 -0.0235559 -0.0837305
internal_weight=0 4461.82 3564.24 645.823 437.535 443.777 202.046 3815.99 236.279 3808.13 196.868 2593.3 113.111 1015.83 145.337 330.667 201.256 127.194 1577.47 132.498 50.432 39.4112 92.7092 965.402 27.5646 3126.71 173.691 13.7527 105.474 3112.96
internal_count=1074050 55102 1018948 38193 76413 14399 23794 16909 25565 15700 24087 13071 7789 9702 11771 6610 50848 19224 3369 4804 1590 1478 4392 8112 5395 942535 45453 1230 10339 941305
is_linear=0
shrinkage=0.05


Tree=3
num_leaves=31
num_cat=0
split_feature=0 0 0 189 85 189 106 40 148 189 0 40 168 168 154 154 46 0 186 127 40 140 188 148 168 2 200 107 59 189
split_gain=13494 400.908 300.017 214.622 149.188 77.5992 77.1524 64.7043 58.7301 56.7511 50.5159 39.5629 38.4819 30.0665 44.6235 29.4085 27.9293 27.7676 23.5122 22.6286 21.188 19.6383 18.7384 17.958 17.8005 17.7305 17.446 15.985 15.7816 15.4415
threshold=0.23938287544958989 0.60678019017954943 0.035302874550316145 0.55108450000000009 6.9166666666650007 0.52787650000000019 0.014476500000000002 1.0000000180025095e-35 7.5000000000000009 0.58420850000000002 0.7740980979447657 31.500000000000004 13.500000000000002 13.500000000000002 0.59566550000000007 0.34887950000000006 1.0000000180025095e-35 0.12800136274409843 0.20759250000000004 0.45000000000000007 1.0000000180025095e-35 3.7750000000000004 669.50000000000011 3.5000000000000004 8.5000000000000018 22518.000000000004 4.5000000000000009 16.500000000000004 0.11689250000000002 0.55176750000000008
decision_type=2 2 2 2 2 2 2 2 2 2 2 2 2 2 2 2 2 2 2 2 2 2 2 2 2 2 2 2 2 2
left_child=2 3 22 -2 8 -3 12 10 11 -6 21 16 15 23 -15 -5 24 -11 25 -19 -17 -7 28 29 -4 -12 -8 -14 -1 -9
right_child=1 5 4 6 9 7 26 13 -10 17 18 -13 27 14 -16 20 -18 19 -20 -21 -22 -23 -24 -25 -26 -27 -28 -29 -30 -31
leaf_value=-0.079310367322779768 -0.072896481620060807 -0.070880542698481652 -0.01513522278807514 -0.033472506322543727 -0.073925708147151103 -0.04925772689109581 0.0078183767381017968 0.02017819251646787 0.037785113895565117 -0.049565735523519623 0.065281922020593283 0.053019835845625619 0.0054372363407452729 -0.042764302299204887 0.0561092291437063 0.013978836146011104 0.01774782126280312 -0.083065333008017508 0.026231461650820645 0.025801039845671087 0.047505926205935474 0.034415164258117546 -0.018828557509913458 0.074777709119215871 -0.061397207156888213 0.055259420371182158 0.066668538461400348 -0.053276711116936305 0.067875533673710853 0.065720907197482914
leaf_weight=3025.8680613500765 62.10180837858934 10.782911406829951 32.932637967169285 22.347992896917276 196.94080569705693 7.3345054668607181 14.236043278942814 19.231874190503731 62.55308123328723 48.382701082387939 913.90433477051556 15.688016881002111 19.958806752343662 12.732054108579176 110.0261953958543 121.03932369651739 22.714603625820018 5.6729601152474052 51.691555297933519 30.09486874344293 77.166271633352153 159.74050041579176 12.898605784401296 1263.8693312720861 56.409772200277075 853.27276282245293 109.13692642794922 27.654279097216204 1.8223043645266432 577.36321893869899
leaf_count=928917 13537 1944 5097 3258 52683 997 1010 665 3917 8261 3480 652 1570 1002 1077 6497 2138 984 142 2091 1929 3952 1209 2092 12972 4400 1400 4429 27 1721
internal_value=0 0.057993 -0.0732115 0.0134584 -0.0360959 0.0630691 0.0271551 0.063433 -0.00190942 -0.05924 0.0570535 -0.0213467 0.0121007 0.0698213 0.0458544 0.020901 -0.031758 -0.0248706 0.0594703 0.00853428 0.0270317 0.030742 -0.0789656 0.0714027 -0.0443445 0.0604426 0.0598778 -0.0286646 -0.0792218 0.0642528
internal_weight=0 4433.59 3511.98 453.641 471.389 3979.95 391.54 3969.17 190.298 281.091 1985.94 127.745 268.167 1983.22 122.758 220.554 112.057 84.1505 1818.87 35.7678 198.206 167.075 3040.59 1860.46 89.3424 1767.18 123.373 47.6131 3027.69 596.595
internal_count=1074050 55102 1018948 33630 88795 21472 20093 19528 24776 64019 12971 20859 17683 6557 2079 11684 20207 11336 8022 3075 8426 4949 930153 4478 18069 7880 2410 5999 928944 2386
is_linear=0
shrinkage=0.05


Tree=4
num_leaves=31
num_cat=0
split_feature=0 0 0 189 76 85 168 40 168 145 0 189 189 143 148 148 40 96 154 118 150 142 0 64 133 168 196 188 186 189
split_gain=12052.7 391.073 232.644 187.494 134.231 73.5978 69.2341 64.1078 57.6633 49.032 44.8167 39.278 33.7837 30.2646 28.778 23.0745 23.4683 21.0945 20.4133 19.4378 19.0969 18.1374 16.7529 16.3286 16.7807 17.1363 20.112 16.0828 16.0433 15.9771
threshold=0.21467259749339032 0.60678019017954943 0.030380062479932603 0.55108450000000009 5.5000000000000009 166.25000000000003 10.500000000000002 1.0000000180025095e-35 9.5000000000000018 10.000000000000002 0.86620967868038068 0.58772650000000015 0.55141850000000014 20.500000000000004 3.5000000000000004 6.5000000000000009 2.5000000000000004 0.037418500000000007 0.43055000000000004 18.500000000000004 0.083296000000000023 0.072542000000000009 0.86620967868038068 112.50000000000001 0.76296600000000014 7.5000000000000009 0.011260500000000001 669.50000000000011 0.20759250000000004 0.56713550000000013
decision_type=2 2 2 2 2 2 2 2 2 2 2 2 2 2 2 2 2 2 2 2 2 2 2 2 2 2 2 2 2 2
left_child=2 3 27 -2 8 7 9 10 15 18 23 -6 -7 20 -10 16 -4 -16 -5 -13 -8 22 -9 24 25 -3 -27 -1 -12 -15
right_child=1 5 4 6 11 12 13 21 14 -11 28 19 -14 29 17 -17 -18 -19 -20 -21 -22 -23 -24 -25 -26 26 -28 -29 -30 -31
leaf_value=-0.075488842931754493 -0.066009036202982749 0.048726311028800005 -0.020000601498988118 -0.044297480300348246 -0.071274506902444038 -0.071996936541942072 -0.059096115291369523 0.047078468103278981 -0.061230762611357459 0.049343587460056029 0.058205901569693456 -0.046902060627759534 0.02285897525759932 -0.054519642228589661 0.017880051606005559 0.051031600169876762 0.045806052566467678 -0.049929506008313612 0.016854761001598405 0.0093606944110809619 0.027371577218441929 0.069539823107621149 0.065236440420757394 -0.084377271264669484 0.04585076678237085 0.046386746358978569 -0.011777317571440141 -0.018926160096065181 0.026553581669605 0.019238073525509887
leaf_weight=2973.8336472043302 66.775068002112675 38.490500987158157 41.101267842459492 17.232242253201548 201.56977439642651 12.364310421166008 33.898421472054906 194.60524558811449 47.374989855568856 217.2991907610558 1535.1904635450337 43.832314235973172 38.979482577065937 8.3013996420195308 31.58879267773591 38.622386372066103 20.21007952245418 18.006913225515746 65.587495589745231 23.62558493274264 7.8675433595199129 1433.2515470790677 365.79620813787915 2.7190977367572478 244.05495060235262 21.936311763711274 46.08780644077342 12.620595322456209 41.105437068268657 63.539864148478955
leaf_count=920295 15292 770 6764 2902 55519 2262 6210 2250 11660 5032 5239 7676 1079 1557 3336 1489 1174 3439 2906 2269 389 2504 974 322 2842 479 2640 1190 111 3479
internal_value=0 0.0543406 -0.0701231 0.0117347 -0.0372627 0.0594914 0.0242825 0.0602698 -0.0058933 0.0368668 0.053773 -0.0602223 1.63322e-05 -0.00896178 -0.0333614 0.0207603 0.00169127 -0.00673984 0.00413086 -0.0271973 -0.042808 0.0665577 0.0589309 0.0376772 0.0386239 0.0220652 0.00697934 -0.0752498 0.0573805 0.0107152
internal_weight=0 4455.08 3452.39 480.501 465.932 3974.58 413.726 3923.24 196.904 300.119 1929.58 269.028 51.3438 113.607 96.9707 99.9337 61.3113 49.5957 82.8197 67.4579 41.766 1993.65 560.401 353.289 350.57 106.515 68.0241 2986.45 1576.3 71.8413
internal_count=1074050 59239 1014811 37767 93326 21472 22475 18131 27862 10840 12403 65464 3341 11635 18435 9427 7938 6775 5808 9945 6599 5728 3224 7053 6731 3889 3119 921485 5350 5036
is_linear=0
shrinkage=0.05


Tree=5
num_leaves=31
num_cat=0
split_feature=0 0 0 189 107 40 0 57 189 148 40 180 189 40 188 186 168 48 168 2 130 105 168 172 188 0 180 168 125 188
split_gain=10804 342.584 225.182 164.727 131.136 71.1381 65.7512 59.7865 51.206 47.3675 35.1175 33.0857 29.7924 28.5806 29.0263 22.157 20.4331 20.0189 19.7937 19.7505 19.1431 18.8863 17.7463 17.5217 16.1355 34.3408 14.4299 14.3997 18.9546 13.9586
threshold=0.21467259749339032 0.60678019017954943 0.030380062479932603 0.55108450000000009 24.500000000000004 6.5000000000000009 0.86620967868038068 4.5000000000000009 0.56680450000000004 6.5000000000000009 1.0000000180025095e-35 1.2250000000000003 0.58772650000000015 336.50000000000006 577.50000000000011 0.20759250000000004 12.500000000000002 1038.5000000000002 9.5000000000000018 201361.00000000003 1.2008335000000001 26.550000000000004 14.500000000000002 0.097700000000000009 635.50000000000011 0.0088049481694041625 3.7083333333350006 12.500000000000002 10.500000000000002 670.50000000000011
decision_type=2 2 2 2 2 2 2 2 2 2 2 2 2 2 2 2 2 2 2 2 2 2 2 2 2 2 2 2 2 2
left_child=2 3 24 -2 9 6 8 10 11 13 20 -3 26 14 -4 22 19 -13 -11 -9 -5 29 -8 -17 -1 -26 -6 -10 -29 -14
right_child=1 5 4 7 12 -7 15 16 27 18 -12 17 21 -15 -16 23 -18 -19 -20 -21 -22 -23 -24 -25 25 -27 -28 28 -30 -31
leaf_value=-0.072681692328456685 -0.062592751402389277 -0.063635660931142868 -0.057239172944254117 0.0023906194966473683 -0.070816742875760105 0.065654000819746192 0.058060404857056859 0.022851568396099892 0.045734467718865801 0.048691806142275348 0.053300131655126315 0.027077643687692644 -0.047253474008052791 0.056064885166655767 -0.0092503781471288474 -0.04210118842984454 -0.04719371550611276 -0.080523866722895507 -0.0052018854376609108 -0.025348219442721694 0.036991092076931645 0.035730185317282032 0.045390759845620653 0.035998237753864022 -0.068484247751857158 0.017162587866189915 0.042826570246706573 -0.025787176513014012 0.034223042222263501 0.061531820965668504
leaf_weight=2880.0715948968427 65.207248095888644 17.98786572390236 53.489341131760739 84.069381969515234 184.78582241584081 1306.4170859262813 1765.5090662618168 53.05338169366587 372.01185737818014 43.289217149140313 137.27458492422011 42.287570380955003 50.27103782305494 10.693254204816183 76.68487160501536 8.7470216657966358 25.579322693287395 4.8147467724047592 28.093397609191015 35.45798079459928 76.215329606784508 9.4738093919586372 327.68569757696241 40.128387655131519 46.508602670626715 15.63947379181627 2.8361538886092594 16.102841512998566 71.961973038502038 3.1325130201876155
leaf_count=906765 15292 2331 14330 6578 53198 3440 4992 2998 4033 1502 2487 1363 9115 374 10583 25 4666 842 3475 3543 2203 485 1811 109 12985 1735 216 1213 1313 48
internal_value=0 0.0512893 -0.0670384 0.0112442 -0.034616 0.0560949 0.0514129 0.0229403 0.0355581 -0.00570008 0.0347394 -0.00595057 -0.0591167 -0.0225143 -0.0289693 0.0552999 -0.0078326 0.0160787 0.0274814 0.00354255 0.0188431 -0.0293306 0.056077 0.0220211 -0.0721378 -0.0469313 -0.0690989 0.0414306 0.02325 -0.0408724
internal_weight=0 4450.51 3404.97 476.857 462.749 3973.65 2667.24 411.65 525.167 212.25 297.559 65.0902 250.499 140.867 130.174 2142.07 114.091 47.1023 71.3826 88.5114 160.285 62.8774 2093.19 48.8754 2942.22 62.1481 187.622 460.077 88.0648 53.4036
internal_count=1074050 59239 1014811 37767 93326 21472 18032 22475 11095 30264 11268 4536 63062 25287 24913 6937 11207 2205 4977 6541 8781 9648 6803 134 921485 14720 53414 6559 2526 9163
is_linear=0
shrinkage=0.05


Tree=6
num_leaves=31
num_cat=0
split_feature=0 0 0 189 85 40 0 40 168 57 189 57 153 107 154 189 40 188 135 140 0 168 81 168 188 0 179 154 136 159
split_gain=9787.58 344.39 180.796 167.109 115.693 67.2346 53.0033 49.6072 42.0777 38.5592 36.7542 35.6709 32.0775 31.9727 20.6522 20.6324 19.3904 18.7929 18.1186 16.8688 16.2168 16.1305 15.5929 15.2416 15.0011 25.7256 20.2421 14.3923 14.1267 14.0111
threshold=0.19204907757119541 0.60678019017954943 0.030380062479932603 0.56680450000000004 5.708333333335001 1.0000000180025095e-35 0.94875966535953815 16.500000000000004 9.5000000000000018 7.5000000000000009 0.58772650000000015 3.5000000000000004 1.5000000000000002 88.500000000000014 0.68387250000000022 0.57231250000000011 951.00000000000011 681.50000000000011 1.0000000180025095e-35 14.845238095200001 0.12800136274409843 9.5000000000000018 0.048253500000000012 15.500000000000002 635.50000000000011 0.0032200281855830795 0.064552500000000013 0.97910750000000013 0.87500000000000011 119.50000000000001
decision_type=2 2 2 2 2 2 2 2 2 2 2 2 2 2 2 2 2 2 2 2 2 2 2 2 2 2 2 2 2 2
left_child=2 3 24 12 8 6 13 11 14 -7 -6 27 -2 19 -4 16 28 -8 -15 -3 -12 -14 -10 -13 -1 -26 -27 -5 -11 -24
right_child=1 5 4 7 10 9 17 -9 22 15 20 23 21 18 -16 -17 -18 -19 -20 -21 -22 -23 29 -25 25 26 -28 -29 -30 -31
leaf_value=-0.069970383905065464 -0.052070268894028528 0.032006780526869151 -0.032635499055492269 0.0067359893219740702 -0.06649696136632173 0.061193554315831344 0.054369226401521337 0.058397036113419537 -0.052680825480622966 0.030110022210957866 -0.040642872512643535 -0.0022296603618643042 0.047107943413439012 -0.054938024703902667 0.030358368513601887 0.043232931521091561 0.064571770278644414 0.017599050541476972 0.016875697609334134 0.0475249538376456 0.010718481307803049 -0.069646565478837422 -0.023613400791705302 -0.064466803993545152 -0.070760830750355427 0.046165524295073174 -0.046571002020621144 0.036140566275214475 -0.062572616481913881 0.054176156888781996
leaf_weight=2833.7000595799764 104.09613489365438 404.57000861444976 15.579832613584584 58.50741988630034 193.38161211780971 1928.1806206856854 1156.6045309193432 89.063600205467083 38.213553168228827 5.8554788217879876 48.902584044961259 82.739920838386752 13.486589436652141 13.381586756324394 78.909203809103929 58.389637525426224 6.5140147171914569 35.82532125338912 25.559278144035488 308.78204887057655 22.411838273867033 3.789515701821073 24.943598555866629 11.164579603238961 37.407237797277048 10.836475534713829 12.876136539736761 144.12216619763058 13.802799560711719 7.5377907500369465
leaf_count=906765 22233 6380 3193 4273 56384 4418 2641 1040 8897 302 8987 6626 473 1317 5026 662 68 99 885 2694 1994 1006 4275 2246 11340 529 2851 4114 2006 326
internal_value=0 0.0483678 -0.0649486 0.00956797 -0.0346917 0.0533382 0.046708 0.0256734 -0.00185646 0.0597443 -0.0551826 0.0158448 -0.0415986 0.0363157 0.0199716 0.0266977 -0.010192 0.0532645 -0.00780227 0.038724 -0.0245016 0.0214978 -0.0310313 -0.00962922 -0.0694418 -0.0449339 -0.00419115 0.0276503 -0.0349659 -0.00556117
internal_weight=0 4464.44 3324.7 506.97 429.88 3957.47 1944.72 385.598 165.184 2012.74 264.696 296.534 121.372 752.293 94.489 84.5619 26.1723 1192.43 38.9409 713.352 71.3144 17.2761 70.6949 93.9045 2894.82 61.1198 23.7126 202.63 19.6583 32.4814
internal_count=1074050 63483 1010567 42011 89082 21472 14016 18299 21717 7456 67365 17259 23712 11276 8219 3038 2376 2740 2202 9074 10981 1479 13498 8872 921485 14720 3380 8387 2308 4601
is_linear=0
shrinkage=0.05


Tree=7
num_leaves=31
num_cat=0
split_feature=0 0 0 189 85 40 0 40 168 189 189 106 85 85 180 57 140 148 200 188 80 168 185 40 70 159 144 188 0 0
split_gain=8934.76 315.607 170.673 148.921 103.316 59.0914 52.9546 44.8723 34.9657 34.4785 31.2211 29.6867 25.5469 23.0271 21.818 21.3313 21.0436 18.0838 17.6243 15.3525 15.1329 15.0763 15.0024 14.7886 14.1969 14.0687 14.3626 13.8877 21.4756 13.5667
threshold=0.19204907757119541 0.60678019017954943 0.030380062479932603 0.56680450000000004 5.708333333335001 1.0000000180025095e-35 0.7740980979447657 1.0000000180025095e-35 9.5000000000000018 0.58818800000000004 0.54783550000000003 0.014476500000000002 8.7083333333350019 69.125000000000014 1.3666666666650003 151.50000000000003 14.535714285700001 5.5000000000000009 4.5000000000000009 686.50000000000011 0.0090610000000000013 16.500000000000004 0.014743000000000001 2.5000000000000004 814.37500000000011 101.50000000000001 3.5000000000000004 639.50000000000011 0.0032200281855830795 0.86620967868038068
decision_type=2 2 2 2 2 2 2 2 2 2 2 2 2 2 2 2 2 2 2 2 2 2 2 2 2 2 2 2 2 2
left_child=2 3 27 11 8 6 15 12 17 -6 14 -2 21 -9 -7 25 19 23 29 20 -8 -5 -11 -4 -16 26 -3 -1 -29 -12
right_child=1 5 4 7 9 10 16 13 -10 22 18 -13 -14 -15 24 -17 -18 -19 -20 -21 -22 -23 -24 -25 -26 -27 -28 28 -30 -31
leaf_value=-0.067616174879209442 -0.04877436513489572 0.018608387097196488 -0.020745511705205943 0.022708936124010721 -0.063914645765415737 -0.053401579486673012 -0.032051247140743887 0.04808014117079832 -0.029303542923693013 0.024158753344648162 0.037331420505046113 0.030380860831392128 -0.019829027385113523 -0.037038092958441009 0.049511932918255869 -0.064684137241993608 0.053110121078077978 0.040738159019526564 0.060441968961971342 -0.0022636379123108417 0.043600563718148799 -0.046061761977841398 -0.034267417258362874 0.036870638697630777 -0.070251095748998668 0.042992590530679151 -0.034563794567008969 -0.067970037287039861 -0.00091488713498254692 0.055245129605280802
leaf_weight=2793.0866841376992 105.58818581001833 92.652887219563127 35.760126329027116 157.5315616838634 190.3565180360456 9.8666139723500219 6.6590394722297779 157.11844274715986 69.841719700547401 13.627999461721627 156.03409117576666 13.341928224777801 55.990437905769795 8.3689695849316177 20.694749271962795 7.4885928686708203 818.70800669421442 44.098979339003563 1499.8516621403396 19.086225129663944 903.95522242574953 8.3941099816001934 56.698415340681095 16.174838975304738 2.8105725036002687 52.061983091756701 14.717322063981554 29.610915155149996 20.009012170135975 327.59270887239836
leaf_count=909798 22878 2620 5673 7072 56604 1405 91 2964 13498 960 1820 834 5811 1213 198 1068 2849 1564 2684 59 5334 1239 9801 982 457 802 1193 9055 2632 892
internal_value=0 0.0462012 -0.062725 0.00904569 -0.033233 0.0509856 0.0446959 0.02407 -0.00238482 -0.0528621 0.0569587 -0.0398945 0.00937512 0.0437756 0.00899853 0.0177888 0.0472647 0.0171921 0.0577656 0.0421171 0.0430473 0.0192299 -0.0229455 -0.0028013 0.0351917 0.0216626 0.01132 -0.0671504 -0.0409304 0.0494656
internal_weight=0 4438.51 3269.27 506.334 426.559 3932.18 1915.33 387.404 165.876 260.683 2016.85 118.93 221.916 165.487 33.3719 166.921 1748.41 96.0339 1983.48 929.7 910.614 165.926 70.3264 51.935 23.5053 159.432 107.37 2842.71 49.6199 483.627
internal_count=1074050 63483 1010567 42011 89082 21472 14016 18299 21717 67365 7456 23712 14122 4177 2060 5683 8333 8219 5396 5484 5425 8311 10761 6655 655 4615 3813 921485 11687 2712
is_linear=0
shrinkage=0.05


Tree=8
num_leaves=31
num_cat=0
split_feature=0 0 0 189 85 57 40 40 0 189 200 189 148 168 154 168 188 168 125 158 187 189 105 135 48 188 0 179 151 148
split_gain=8231.68 303.601 162.861 134.909 95.6103 60.2187 50.9404 50.258 39.4842 36.4174 35.8562 31.0887 29.6259 22.0743 24.884 21.329 19.9237 19.9101 17.9659 17.8357 16.426 15.3668 14.8789 14.0082 13.9242 13.7709 20.4197 15.4595 13.3482 12.7236
threshold=0.19204907757119541 0.60678019017954943 0.030380062479932603 0.55108450000000009 5.708333333335001 8.5000000000000018 2.5000000000000004 17.500000000000004 0.94875966535953815 0.53370050000000002 4.5000000000000009 0.58772650000000015 8.5000000000000018 9.5000000000000018 1.0807560000000003 13.500000000000002 577.50000000000011 6.5000000000000009 9.5000000000000018 2.5000000000000004 0.037673500000000006 0.56806750000000006 26.550000000000004 1.0000000180025095e-35 2164.0000000000005 635.50000000000011 0.0032200281855830795 0.064552500000000013 42.000000000000007 3.5000000000000004
decision_type=2 2 2 2 2 2 2 2 2 2 2 2 2 2 2 2 2 2 2 2 2 2 2 2 2 2 2 2 2 2
left_child=2 3 25 -2 12 6 8 10 13 -7 16 -6 17 -3 -15 -12 20 -4 -16 -19 -5 -20 -13 -18 28 -1 -27 -28 -11 -8
right_child=1 5 4 7 11 9 29 -9 -10 24 15 22 -14 14 18 -17 23 19 21 -21 -22 -23 -24 -25 -26 26 27 -29 -30 -31
leaf_value=-0.065714630866548357 -0.05648434771809268 0.044398231017266407 0.022936523413348963 0.01113972452342535 -0.061964918687583498 -0.063434174906916427 0.0501434543784718 0.049423342127606087 0.051027280194655439 -0.0029518529599578437 0.032354872180835721 -0.032821928609448117 0.028467270080579962 0.0068540644015473405 -0.049786699673226902 -0.018683818527323787 -0.027488296622266907 -0.038185398234264013 -0.013410460616424475 0.018427924523291835 -0.059159303118197996 0.040705500148231481 0.030669084265945962 0.011573856834251432 -0.070149539310400286 -0.065458933526151994 0.039604153233883048 -0.041073752876079388 0.035179197486644075 0.060507352618551148
leaf_weight=2731.7852213149308 69.992873788345605 480.00572782324161 24.785555738722906 11.812573026749304 185.68031030596467 11.712384844897313 407.10985492379405 99.954489769239444 1358.1124250194989 27.009962504147552 145.94601999688894 60.405227567825932 52.420259438455105 100.0528322175378 5.9706855793483546 23.80901390791405 30.150974635616876 74.314832598611247 13.833239740459247 17.116414741030894 28.019700493838172 253.78285037330352 10.891340957838109 96.117066356819123 3.5790121194440863 35.80467101756949 10.511391540756451 13.646847447031176 152.73339464864694 1086.5112068681046
leaf_count=906765 17099 3689 1996 1136 56384 2170 1348 1885 2985 1084 4732 10400 2886 3146 75 2788 2731 14889 391 1946 5724 1925 581 5916 450 11340 529 2851 2621 1588
internal_value=0 0.0443968 -0.060802 0.00795056 -0.031991 0.0491232 0.0505485 0.0182991 0.0457308 0.0220436 0.00903612 -0.0511885 -0.00273703 0.0373044 0.0281912 0.0251964 -0.00747976 -0.0168119 0.0359944 -0.0275871 -0.0383116 0.0379082 -0.023123 0.00224638 0.0275048 -0.0651944 -0.0414918 -0.00597032 0.0294493 0.0576825
internal_weight=0 4406.22 3217.36 505.803 425.614 3900.41 3705.38 435.81 2211.76 195.035 335.855 256.977 168.637 853.645 373.64 169.755 166.1 116.217 273.587 91.4312 39.8323 267.616 71.2966 126.268 183.322 2791.75 59.9629 24.1582 179.743 1493.62
internal_count=1074050 63483 1010567 42011 89082 21472 15147 24912 12211 6325 23027 67365 21717 9226 5537 7520 15507 18831 2391 16835 6860 2316 10981 8647 4155 921485 14720 3380 3705 2936
is_linear=0
shrinkage=0.05


Tree=9
num_leaves=31
num_cat=0
split_feature=0 0 0 139 189 40 168 189 40 143 0 148 40 188 168 154 189 189 187 148 130 48 143 190 132 176 180 188 59 187
split_gain=7618.05 238.821 212.825 130.21 98.1955 49.2624 46.6349 44.9848 40.0313 42.1585 27.2933 23.5925 23.0681 21.969 20.8418 21.9148 18.545 18.3934 18.2495 19.9827 17.9649 16.0115 15.4135 15.3666 17.3025 14.0976 13.7702 13.4143 13.0689 12.7583
threshold=0.23938287544958989 0.68981449621504665 0.030380062479932603 0.028813500000000002 0.56900050000000013 1.0000000180025095e-35 10.500000000000002 0.5425715000000001 4.5000000000000009 45.500000000000007 0.94875966535953815 3.5000000000000004 1.0000000180025095e-35 579.50000000000011 12.500000000000002 0.9651280000000001 0.54061850000000011 0.57048050000000006 0.09271900000000001 1.5000000000000002 0.72513300000000014 20.500000000000004 10.500000000000002 0.098061000000000009 0.031626500000000009 0.46547619047650007 3.7083333333350006 693.50000000000011 0.017750000000000005 0.093045000000000003
decision_type=2 2 2 2 2 2 2 2 2 2 2 2 2 2 2 2 2 2 2 2 2 2 2 2 2 2 2 2 2 2
left_child=2 3 -1 7 23 10 12 -2 9 18 16 -9 20 -8 25 17 -3 -16 -6 -20 -5 -10 29 26 -25 28 -4 -12 -7 -18
right_child=1 5 4 6 8 14 13 11 21 -11 27 -13 -14 -15 15 -17 22 -19 19 -21 -22 -23 -24 24 -26 -27 -28 -29 -30 -31
leaf_value=-0.063528523237902298 -0.061636167857260497 -0.035087057575511546 -0.060558415255384329 -0.010767252870484649 -0.039521641122472417 -0.078592856631307217 -0.049470967364222906 -0.018575791038857523 0.044157768153064568 0.016502800738237462 0.047792108294423929 0.028233597673312245 0.049042375759319357 0.010806484012888036 -0.051151552186754337 0.046902157090455539 -0.015803271756970338 0.025928859120180815 -0.053490390271681149 0.021267225074396802 0.032469729290254983 -0.044850619166085265 0.037555352804654663 0.029755819996663331 -0.069090176605226664 0.056019193709032501 0.04071000386598532 0.004015851860069336 0.040127870472049965 0.035621282418577281
leaf_weight=2737.5156620206544 48.864351988479029 9.4708434358471987 180.90789113246137 31.353859229246154 129.94227829721058 3.6718433592468482 18.57180315052392 97.256376025616191 41.347939519153442 66.97929056850262 1131.3099097656086 37.220005494076759 204.61699394846801 81.239159244985785 10.891473047318867 131.25003455742262 25.790006745606661 26.743585722055286 12.886011553695424 29.182213742518798 102.77366584003903 5.7558744870475484 605.52989052818157 10.827385991695339 7.489661938394419 1696.275685092085 3.4203300783410659 17.774641882628202 6.2872750754468143 22.657593821175396
leaf_count=921485 11790 962 54882 2587 26271 25 3516 10562 1594 5310 2681 1442 1806 4273 914 726 1157 399 2194 1988 2217 1474 6020 1063 2434 3703 253 59 22 241
internal_value=0 0.0434971 -0.0581024 0.0148351 -0.0277095 0.0483308 0.0296279 -0.0205496 -0.00884732 -0.0171507 0.0424528 -0.00562002 0.0384784 -0.000409328 0.0540125 0.0372574 0.0343781 0.00362202 -0.030255 -0.00163195 0.0223626 0.0332813 0.0353841 -0.054339 -0.0106613 0.0556709 -0.0586793 0.047115 -0.00364346 0.00824656
internal_weight=0 4309.55 3226.25 621.896 488.739 3687.65 438.555 183.341 286.094 238.99 1812.53 134.476 338.745 99.811 1875.12 168.885 663.448 37.6351 172.011 42.0682 134.128 47.1038 653.977 202.645 18.317 1706.23 184.328 1149.08 9.95912 48.4476
internal_count=1074050 55102 1018948 38193 97463 16909 14399 23794 38831 35763 11120 12004 6610 7789 5789 2039 8380 1313 30453 4182 4804 3068 7418 58632 3497 3750 55135 2740 47 1398
is_linear=0
shrinkage=0.05


Tree=10
num_leaves=31
num_cat=0
split_feature=0 0 0 189 85 40 40 99 143 189 168 0 135 168 57 189 180 188 0 173 143 154 107 2 185 111 188 0 179 109
split_gain=7055.06 271.225 149.931 135.082 83.3049 54.0019 49.0821 33.4189 28.0915 28.0754 27.2628 26.8301 21.2538 20.7754 20.2108 17.3902 17.3447 17.0846 14.4368 19.4959 19.2754 14.436 14.4318 14.2559 13.6795 12.5377 12.3636 18.2175 13.3424 11.935
threshold=0.19204907757119541 0.68981449621504665 0.030380062479932603 0.56680450000000004 5.708333333335001 2.5000000000000004 1.0000000180025095e-35 86.500000000000014 45.500000000000007 0.58772650000000015 9.5000000000000018 0.86620967868038068 1.0000000180025095e-35 7.5000000000000009 7.5000000000000009 0.5414135000000001 1.2250000000000003 603.50000000000011 0.94875966535953815 0.052843250000000008 25.500000000000004 0.68387250000000022 401.50000000000006 2826.5000000000005 0.014743000000000001 0.033014000000000009 635.50000000000011 0.0032200281855830795 0.064552500000000013 2.5000000000000004
decision_type=2 2 2 2 2 2 2 2 2 2 2 2 2 2 2 2 2 2 2 2 2 2 2 2 2 2 2 2 2 2
left_child=2 3 26 7 10 8 11 13 12 -6 21 15 -5 16 18 -3 -2 29 19 20 -8 -4 -16 -13 -11 -25 -1 -28 -29 -14
right_child=1 6 4 5 9 -7 14 -9 -10 24 -12 23 17 -15 22 -17 -18 -19 -20 -21 -22 -23 -24 25 -26 -27 27 28 -30 -31
leaf_value=-0.062546918342957558 -0.052298273381409514 -0.054746302317933739 -0.028434587943099717 -0.029539043764690798 -0.0587203992060428 0.044540934844400248 -0.055967215643857843 -0.059819381964322099 0.030963646957052011 0.021056899407220275 -0.026219812944357729 0.050449705756547197 -0.037018699762416001 -0.031373576663909865 0.033373228968277262 0.028436946214621152 0.037053533165250792 0.024674366761960834 0.057709711980951983 0.05054332036602624 0.03136065416049643 0.023040503605994689 -0.041867526845841267 0.037933879470656837 -0.032876630512163878 0.054580943520793804 -0.062708236007883986 0.036893310843665109 -0.03904559990809274 0.004496102731506922
leaf_weight=2617.5508032686776 6.7775281639769664 6.4281040885252869 16.366996852797456 45.249814134789631 179.79007018526318 196.23290709545836 7.4021620322018853 59.159629366418812 121.33809428173117 14.854686710285021 71.641772862232756 475.97104052337818 23.571776629658416 49.650416106742341 61.336000946117565 278.53534171613865 27.342543101171032 86.737469142884947 898.98672107467428 840.41969078499824 43.175741844344884 81.165956443641335 7.1121294364565975 910.50968482391909 56.376412212615833 129.14873335231096 33.299600797938183 10.448763843160124 12.956920811557209 65.19516347872559
leaf_count=906765 1403 869 3193 4334 56384 2789 156 14579 2836 998 13498 1355 3111 8787 1138 4729 1143 2869 1189 2077 359 5026 870 3851 9983 316 11340 529 2851 4723
internal_value=0 0.0411264 -0.0576839 0.0121594 -0.0299187 0.0236317 0.0465196 -0.0310496 0.0116377 -0.0481952 -0.00280017 0.0406364 0.00101508 -0.010732 0.0522197 0.0265605 0.0193049 0.00889277 0.0532394 0.0487289 0.0185801 0.0144025 0.0255553 0.0432829 -0.0216292 0.0400018 -0.0620465 -0.0389484 -0.00514496 -0.00652802
internal_weight=0 4340.28 3094.45 681.255 420.196 538.325 3659.03 142.93 342.092 251.021 169.175 1800.59 220.754 83.7705 1858.43 284.963 34.1201 175.504 1789.98 890.998 50.5779 97.533 68.4481 1515.63 71.2311 1039.66 2674.26 56.7053 23.4057 88.7669
internal_count=1074050 63483 1010567 46574 89082 20662 16909 25912 17873 67365 21717 11120 15037 11333 5789 5598 2546 10703 3781 2592 515 8219 2008 5522 10981 4167 921485 14720 3380 7834
is_linear=0
shrinkage=0.05


Tree=11
num_leaves=31
num_cat=0
split_feature=0 0 0 139 85 40 189 40 0 159 189 189 143 129 148 188 140 175 168 188 200 113 105 135 154 154 168 2 168 144
split_gain=6602.06 265.594 143.508 128.053 77.728 49.3407 46.0115 43.3965 39.9637 26.2511 25.1751 25.0947 21.4597 19.9494 18.5109 18.3476 18.0305 16.8384 15.1057 14.5891 13.367 13.3125 13.1253 12.4065 14.9505 12.061 14.2462 11.9412 11.2067 11.2027
threshold=0.19204907757119541 0.68981449621504665 0.030380062479932603 0.028813500000000002 5.708333333335001 5.5000000000000009 0.54336150000000016 1.0000000180025095e-35 0.86620967868038068 119.50000000000001 0.58772650000000015 0.55475950000000018 43.500000000000007 2.5000000000000004 3.5000000000000004 573.50000000000011 15.928571428550002 1.3666666666650003 7.5000000000000009 690.50000000000011 5.5000000000000009 0.03670700000000001 26.550000000000004 1.5000000000000002 1.6026545000000001 0.8242830000000001 11.500000000000002 625678.00000000012 7.5000000000000009 2.5000000000000004
decision_type=2 2 2 2 2 2 2 2 2 2 2 2 2 2 2 2 2 2 2 2 2 2 2 2 2 2 2 2 2 2
left_child=2 3 -1 6 9 8 -2 12 11 13 -6 29 15 18 21 -5 19 28 27 -10 -20 -8 -12 24 -7 26 -13 -4 -9 -3
right_child=1 5 4 7 10 23 14 17 16 -11 22 25 -14 -15 -16 -17 -18 -19 20 -21 -22 -23 -24 -25 -26 -27 -28 -29 -30 -31
leaf_value=-0.060773877427632017 -0.058991266399833257 0.0099502689387872944 0.020209641434023529 -0.052171437131093658 -0.057337220944894941 0.0094106041166203708 -0.024834142008057773 0.025377060416554867 0.040321266730079706 0.0369480900159826 -0.031497730201259871 0.023753702917722823 0.02819078941060843 0.029131432585211382 0.02195623960374446 0.0044300967534451003 0.049161590306343879 0.04588082518833813 -0.050935586574441707 -0.0074181671852786985 -0.009686024405851739 0.021241816713240498 0.026972906047426571 0.054870603845244219 0.050321480230215078 0.034834212056853039 -0.025074446614681119 -0.051943126325515669 -0.045283875994382175 -0.061743450414217554
leaf_weight=2618.6622901582159 57.983043760992587 11.010720952646809 28.476339696208015 16.294783496647142 176.41050194361014 33.757655137684196 94.49792607058771 17.920545294415209 1068.9341336374637 32.574946706066839 59.330981826467905 77.106366843683645 99.605365521158092 23.477752028265968 41.172491425415501 117.98218068480492 905.85379606229253 206.64611727918964 46.254488794365898 16.246666897088289 34.132510764873587 18.794376679463312 11.450098942499606 1130.3242384039331 65.977273531025276 282.82294632098638 18.527678492246196 7.1801871624775222 8.1690989803755638 10.786689291591754
leaf_count=921485 14898 518 2007 3290 56384 411 11780 327 4470 1682 10400 1366 2994 1583 1736 7006 2336 2683 10511 53 4628 1034 581 2311 137 2664 1174 1306 826 1469
internal_value=0 0.0398607 -0.0564254 0.0111659 -0.0292672 0.0452415 -0.0210124 0.0258165 0.0410557 -0.00346637 -0.0472299 0.0266392 0.0106058 -0.0129022 -0.00675594 -0.00243861 0.0439538 0.0411021 -0.0214064 0.0396065 -0.0334209 -0.0171905 -0.0220391 0.053379 0.0364742 0.0296438 0.014294 0.00568017 0.00325195 -0.0255282
internal_weight=0 4300.41 3037.95 679.066 419.288 3621.35 212.448 466.618 2391.29 172.096 247.192 400.254 233.882 139.521 154.465 134.277 1991.03 232.736 116.044 1085.18 80.387 113.292 70.7811 1230.06 99.7349 378.457 95.634 35.6565 26.0896 21.7974
internal_count=1074050 63483 1010567 46574 89082 16909 29448 17126 14050 21717 67365 7191 13290 20035 14550 10296 6859 3836 18452 4523 15139 12814 10981 2859 548 5204 2540 3313 1153 1987
is_linear=0
shrinkage=0.05


Tree=12
num_leaves=31
num_cat=0
split_feature=0 0 0 189 76 55 130 40 168 159 189 200 0 148 101 168 144 145 135 159 0 102 139 36 189 186 154 182 188 0
split_gain=6155.47 206.437 187.438 125.385 83.3962 73.9238 50.3058 46.6716 29.1474 21.8306 20.2057 18.8683 18.4073 17.9681 17.9183 17.0186 16.546 15.1661 14.702 21.0853 13.4329 12.9678 12.571 11.9731 11.7098 11.537 12.0058 12.4746 11.468 16.776
threshold=0.23938287544958989 0.7740980979447657 0.030380062479932603 0.55108450000000009 8.5000000000000018 1.0000000180025095e-35 0.7041805000000001 1.0000000180025095e-35 9.5000000000000018 118.50000000000001 0.5938595000000001 4.5000000000000009 0.94875966535953815 3.5000000000000004 7.5000000000000009 11.500000000000002 5.5000000000000009 8.5000000000000018 1.0000000180025095e-35 119.50000000000001 0.10563387865889716 157.50000000000003 0.03501400000000001 1131.5000000000002 0.58688250000000008 0.10318000000000001 1.0507880000000003 0.10529700000000002 635.50000000000011 0.0032200281855830795
decision_type=2 2 2 2 2 2 2 2 2 2 2 2 2 2 2 2 2 2 2 2 2 2 2 2 2 2 2 2 2 2
left_child=2 3 28 9 8 6 15 12 14 -2 -6 24 17 -10 -4 -5 -9 -3 19 -8 -15 -18 -16 -24 -7 -12 -27 -28 -1 -30
right_child=1 7 4 5 10 11 18 16 13 -11 25 -13 -14 20 22 -17 21 -19 -20 -21 -22 -23 23 -25 -26 26 27 -29 29 -31
leaf_value=-0.060119945044136661 -0.056004861420296065 0.018453685248239832 0.02441213308820853 0.0018344981230937986 -0.054817370825170991 -0.012463231473072142 -0.016549753127980595 0.051529261875371046 -0.042874109357184845 0.012653850023707423 0.062241412320903911 0.053434521778340141 0.042737052928636221 -0.029204792026009729 -0.059044704783505042 -0.03167410549056926 0.02844803888226996 0.036774941601157587 0.028009913348267204 0.048520807486828736 0.018263183468537111 -0.061021176030157755 -0.03163320901011632 0.028903067278045036 0.037908111034775892 -0.047812966627113679 -0.027413026232018779 0.056118119979018603 -0.060621939859579421 -0.0043282328241473983
leaf_weight=2499.9591231913073 62.876306467689574 157.25979844573885 84.947741292300634 116.61201793816872 182.714541056077 18.668402771814726 45.120652024401352 1626.2095114515396 59.179428306175396 14.190356888982931 4.0363701544702044 193.66271913936362 1114.3366498316173 28.090028911072295 11.772386657539753 56.13198829285102 23.50144031341188 400.93071687663905 311.40680915385019 17.193382943980396 31.75047448388068 4.8933193639386436 15.077424358343704 17.823864821228199 30.206525166518986 26.34396523446776 11.750488738995047 7.2134091835468999 31.390364667749964 22.881818182300776
leaf_count=906765 14486 2560 5112 6927 56578 1348 2363 3711 14718 1875 91 671 2740 5325 2692 7312 264 3033 6871 163 2759 298 2438 1058 480 4819 1772 101 11340 3380
internal_value=0 0.0392545 -0.0542358 0.01751 -0.0255929 0.0234558 0.0132597 0.0449147 -0.0054733 -0.0433627 -0.0471501 0.0464286 0.0390246 -0.0233386 0.0109309 -0.00905389 0.0508686 0.0316133 0.0235737 0.0014042 -0.004019 0.0130297 -0.014704 0.00116157 0.0186681 -0.0187594 -0.0259755 0.00436021 -0.0596263 -0.0368878
internal_weight=0 4193.2 3034.93 866.069 480.7 789.002 546.465 3327.13 248.641 77.0667 232.059 242.538 1672.53 119.02 129.621 172.744 1654.6 558.191 373.721 62.314 59.8405 28.3948 44.6737 32.9013 48.8749 49.3442 45.3079 18.9639 2554.23 54.2722
internal_count=1074050 55102 1018948 42496 97463 26135 23636 12606 34102 16361 63361 2499 8333 22802 11300 14239 4273 5593 9397 2526 8084 562 6188 3496 1828 6783 6692 1873 921485 14720
is_linear=0
shrinkage=0.05


Tree=13
num_leaves=31
num_cat=0
split_feature=0 0 0 57 85 40 0 68 203 189 189 159 154 168 168 140 129 48 74 188 187 196 168 188 0 200 80 70 112 135
split_gain=5738.02 240.868 136.375 91.7476 67.9605 57.1829 50.0975 33.302 32.4783 23.4698 23.2811 22.5185 18.7175 18.6311 18.6095 17.9024 17.6834 14.2227 14.583 13.2794 17.1475 12.079 11.677 11.6682 16.3089 11.2061 11.1604 10.9789 10.7981 13.5907
threshold=0.19204907757119541 0.60678019017954943 0.030380062479932603 6.5000000000000009 5.708333333335001 5.5000000000000009 0.86620967868038068 0.030666000000000002 6.5000000000000009 0.58772650000000015 0.54966050000000011 119.50000000000001 1.0967200000000001 17.500000000000004 8.5000000000000018 14.535714285700001 2.5000000000000004 5.5000000000000009 2.5000000000000004 576.50000000000011 0.046660000000000007 0.023964000000000003 7.5000000000000009 635.50000000000011 0.0032200281855830795 5.5000000000000009 0.22308250000000004 53.100000000000009 0.42879425000000004 3.5000000000000004
decision_type=2 2 2 2 2 2 2 2 2 2 2 2 2 2 2 2 2 2 2 2 2 2 2 2 2 2 2 2 2 2
left_child=2 3 23 7 11 6 8 13 27 -6 -5 16 14 19 -10 -8 22 -7 -19 20 -2 -11 -4 -1 -25 -24 -17 -3 29 -12
right_child=1 5 4 10 9 17 15 -9 12 21 28 -13 -14 -15 -16 26 -18 18 -20 -21 -22 -23 25 24 -26 -27 -28 -29 -30 -31
leaf_value=-0.059104250627055911 0.0066345473327138861 0.003491644387302362 0.0031389090187649705 -0.055372418140069206 -0.054917235343566288 0.05188143149679042 0.035918664023242695 0.053971522079649073 0.027468716013287698 0.017928288003086539 -0.037895982282101892 0.033347578410057518 0.033839902196091995 -0.044369145400023569 -0.0053163474790231873 0.046133703932682874 0.026407866644714725 0.036136964545367863 -0.062307136238295993 0.02043705982116727 -0.061352689801429598 -0.031705185470352518 -0.047692763260847253 -0.05965035934851818 -0.0042295604845706998 -0.0098806863365991128 2.5451372092369208e-06 -0.061696252998675573 0.0031437230551714305 0.061152320089861358
leaf_weight=2430.0490409165504 52.649113778257743 12.034329641610386 35.773973754723556 51.199400151032023 168.67849098722218 1165.4988221230451 952.05216022068635 56.254743781872094 98.897940072463825 15.831269514281301 44.958573094569147 33.222147929714993 286.65601621288806 13.932631689182015 76.970244783442467 979.11660082638264 24.204531631432474 97.086928744567558 3.9135486308950922 228.85947900637984 11.257462174049577 54.310746727453079 45.043562887585722 30.609297871007584 23.439711476443335 34.681273076334037 13.288790121674536 13.941810407559386 48.032603052677587 3.752345382468774
leaf_count=906765 4543 422 3313 14031 56384 2053 4276 299 1687 1084 7386 1682 2938 2561 3901 2447 1583 1302 318 7908 2134 9897 10511 11340 3380 4628 136 1992 3115 34
internal_value=0 0.0372615 -0.0541757 0.00508029 -0.0275243 0.0417058 0.0372207 0.0186079 0.0229062 -0.0448096 -0.0281076 -0.00365225 0.0259615 0.0121215 0.01312 0.0408169 -0.012451 0.0503216 0.0323225 0.0148099 -0.00534174 -0.0205028 -0.0205945 -0.0585932 -0.0356157 -0.0312441 0.045516 -0.0314957 -0.0136783 -0.030266
internal_weight=0 4210.35 2895.84 510.896 411.746 3699.46 2432.96 362.953 488.5 238.821 147.943 172.925 462.524 306.699 175.868 1944.46 139.703 1266.5 101 292.766 63.9066 70.142 115.499 2484.1 54.049 79.7248 992.405 25.9761 96.7435 48.7109
internal_count=1074050 63483 1010567 42011 89082 21472 17799 17445 10940 67365 24566 21717 8526 17146 5588 6859 20035 3673 1620 14585 6677 10981 18452 921485 14720 15139 2583 2414 10535 7420
is_linear=0
shrinkage=0.05


Tree=14
num_leaves=31
num_cat=0
split_feature=0 0 57 189 40 0 189 168 143 40 0 143 105 200 168 0 168 112 105 145 188 2 189 101 168 48 200 77 188 144
split_gain=5362.34 265.005 131.208 98.6554 71.2462 53.9752 48.0057 33.6494 25.7889 25.1045 24.5507 19.703 19.1535 19.0075 19.6462 18.1348 25.2895 17.7544 17.5795 16.2036 16.1941 13.9481 13.7987 15.4069 17.5894 13.6708 13.5326 13.1149 15.1459 11.8126
threshold=0.33581906297173442 0.035302874550316145 7.5000000000000009 0.57387650000000012 1.0000000180025095e-35 0.7740980979447657 0.53370050000000002 9.5000000000000018 25.500000000000004 1.0000000180025095e-35 0.86620967868038068 37.500000000000007 12.775000000000002 2.5000000000000004 8.5000000000000018 0.94875966535953815 13.500000000000002 0.11803075 6.083333333335001 140.50000000000003 570.50000000000011 2826.5000000000005 0.63917850000000009 1.0000000180025095e-35 10.500000000000002 1423.5000000000002 2.5000000000000004 0.017245000000000003 682.50000000000011 4.5000000000000009
decision_type=2 2 2 2 2 2 2 2 2 2 2 2 2 2 2 2 2 2 2 2 2 2 2 2 2 2 2 2 2 2
left_child=1 22 4 13 5 17 -4 9 -9 11 12 -5 -8 -3 -15 16 26 -2 27 -19 -18 -20 -1 -24 -25 -14 -6 28 -7 -12
right_child=2 3 6 7 15 18 10 8 -10 -11 29 -13 25 14 -16 -17 20 19 21 -21 -22 -23 23 24 -26 -27 -28 -29 -30 -31
leaf_value=-0.057951119338174997 -0.065965111157892137 -0.056925051658894034 -0.055215618891798636 -0.020253188216427166 0.0012992819961731403 0.022963338244358842 -0.019846297526293053 -0.040918671737625811 0.00086725796693079094 0.034328810775484921 0.035665830063136353 0.023286639767828712 0.023344267977538188 0.00060769451861135545 -0.044970715195207962 0.052813869158513306 -0.067067447723358861 0.0093816924448889265 0.047777885611826595 0.044156614394485816 0.018823515475844512 0.036279962807877569 -0.054768365752347517 0.04135274654957434 -0.059952957090521099 -0.054069594269705881 0.045528323053760679 0.045409590024651322 -0.05409252666805562 -0.016939713698047525
leaf_weight=2401.682974160125 6.9937311534304163 131.74149648164166 29.282076918811072 66.096418647095561 17.616487757768482 230.41328009730205 70.594114200852346 72.949988197709899 74.769654486444779 75.851090403040871 99.285338851856068 42.814687098492868 66.535486865439452 37.49148419755511 64.00684668374015 867.05608082935214 6.3251171310548662 215.63291658461094 381.09192501520738 39.658950254553929 41.457222678000107 856.73493020259775 25.92553712555673 11.89883386087604 6.6958933138521379 6.2375328835332757 946.18893113743979 70.394374814815819 6.5586399380117646 11.956572044640778
leaf_count=917140 1179 42631 6825 8537 426 1919 6850 14806 7175 2971 673 1677 2566 5130 18398 1189 893 9020 1000 472 718 3597 10461 697 1855 902 3659 330 31 323
internal_value=0 -0.0503075 0.0381667 -0.0194672 0.0406893 0.0336025 0.00541283 -0.0019789 -0.0197683 0.012244 0.0123856 -0.00313699 -0.00129088 -0.0443965 -0.0281349 0.0475077 0.0429596 0.0126308 0.0371623 0.0147839 0.00745383 0.0398198 -0.0574398 -0.0298581 0.00487293 0.016709 0.0447199 0.0264598 0.0208307 0.0300116
internal_weight=0 3011.92 3970.01 565.722 3686.12 1807.48 283.891 332.482 147.72 184.762 254.609 108.911 143.367 233.24 101.498 1878.64 1011.59 262.286 1545.19 255.292 47.7823 1237.83 2446.2 44.5203 18.5947 72.773 963.805 307.366 236.972 111.242
internal_count=1074050 1031478 42572 101325 24433 17548 18139 35166 21981 13185 11314 10214 10318 66159 23528 6885 5696 10671 6877 9492 1611 4597 930153 13013 2552 3468 4085 2280 1950 996
is_linear=0
shrinkage=0.05


Tree=15
num_leaves=31
num_cat=0
split_feature=0 0 0 189 85 148 40 57 40 148 0 0 57 158 142 189 69 168 189 101 168 144 112 64 40 200 46 142 168 138
split_gain=5045.9 225.218 132.313 80.2378 62.6569 55.3076 38.9362 38.7728 36.706 22.2304 20.9347 20.7998 20.3697 16.9143 16.836 16.1839 14.8188 14.4385 12.9703 13.4929 14.1532 12.4545 12.0151 11.9016 11.8058 14.1656 11.3601 11.0253 10.8572 10.3331
threshold=0.19204907757119541 0.60678019017954943 0.030380062479932603 0.56680450000000004 8.3666666666650027 2.5000000000000004 1.5000000000000002 157.50000000000003 16.500000000000004 8.5000000000000018 0.94875966535953815 0.86620967868038068 3.5000000000000004 1.5000000000000002 0.088099500000000011 0.59229250000000011 8.5000000000000018 9.5000000000000018 0.63917850000000009 1.0000000180025095e-35 10.500000000000002 3.5000000000000004 0.24668900000000002 34.500000000000007 2.5000000000000004 9.5000000000000018 1.0000000180025095e-35 0.046274500000000003 13.500000000000002 0.046762500000000005
decision_type=2 2 2 2 2 2 2 2 2 2 2 2 2 2 2 2 2 2 2 2 2 2 2 2 2 2 2 2 2 2
left_child=2 3 18 13 9 7 10 11 12 17 21 14 27 -2 16 -6 23 24 -1 -20 -21 -7 -23 -3 25 -4 -19 -5 -13 -29
right_child=1 5 4 8 15 6 -8 -9 -10 -11 -12 28 -14 -15 -16 -17 -18 26 19 20 -22 22 -24 -25 -26 -27 -28 29 -30 -31
leaf_value=-0.057366232617559035 -0.042975038933000836 0.017627815440746781 -0.023791695295481599 -0.015134866356687489 -0.053282242257643414 0.03257938890021319 0.049622015838700302 -0.031491108543497147 0.042636003558081198 0.019861992263975378 0.042038256013508357 0.0386250733923722 -0.012230697367931424 0.0059299515085239228 0.039389327217867767 -0.020056855718143654 -0.032240714947442004 -0.044066382516803365 -0.053392761089724988 0.037016295057394219 -0.056793486400793153 -0.053135507347405547 0.016680206790252096 -0.063881125077115394 0.028179921295679283 0.057861008557708794 0.0066793340159396336 0.039224769311224719 0.019481778074515729 0.012364394697384245
leaf_weight=2308.4275767477229 89.917153960093856 167.39016506425105 47.782245410955511 26.067228494212031 156.48268626915524 466.7801766556222 1235.9106997101335 26.088182782870717 90.082185689243488 58.11548150703311 960.23451795242727 488.14799567405134 99.724950687203091 22.007528783287853 71.53524575335905 47.86031764379004 17.995201332843862 53.624253114394378 24.454201795859262 11.421564521384427 6.2049554174300274 6.8667875425890079 60.088834873051383 4.6016569422790772 22.863015446579084 5.9760478042298919 13.884234527242368 49.112521312432364 87.315671129152179 132.14466626418289
leaf_count=908626 21369 3344 7322 1652 53617 4416 2668 2768 1040 3561 2366 1525 8872 2343 444 7371 1056 14000 10343 685 1831 517 1100 573 1364 83 1764 1032 695 5703
internal_value=0 0.0351587 -0.0523092 0.00403323 -0.0259733 0.0395686 0.0430567 0.0285359 0.0145716 -0.00624372 0.0376255 0.0304069 0.00633802 -0.0333589 0.0187147 -0.0455003 0.0109301 -0.01677 -0.0568648 -0.0293554 0.00399301 0.0296867 0.0095201 0.015447 -0.00191543 -0.0147148 -0.0336297 0.0152698 0.0357204 0.0196423
internal_weight=0 4102.01 2757.1 509.056 406.588 3592.96 2729.88 863.074 397.132 202.245 1493.97 836.986 307.049 111.925 261.522 204.343 189.987 144.13 2350.51 42.0807 17.6265 533.736 66.9556 171.992 76.6213 53.7583 67.5085 207.324 575.464 181.257
internal_count=1074050 63483 1010567 42011 89082 21472 11067 10405 18299 28094 8399 7637 17259 23712 5417 60988 4973 24533 921485 12859 2516 6033 1617 3917 8769 7405 15764 8387 2220 6735
is_linear=0
shrinkage=0.05


Tree=16
num_leaves=31
num_cat=0
split_feature=0 0 0 85 200 40 0 113 77 168 189 189 180 189 2 168 189 180 188 0 159 135 113 81 202 93 186 159 80 68
split_gain=4730.08 213.052 129.881 76.3342 58.7709 57.5652 51.0661 40.4639 38.5306 28.1922 26.0122 19.173 17.9772 15.9278 14.6801 14.4542 12.7875 19.3416 12.0117 13.8778 11.5966 11.549 11.3361 10.888 10.4241 10.3949 9.89342 9.97111 10.0417 9.8324
threshold=0.19204907757119541 0.60678019017954943 0.030380062479932603 69.125000000000014 3.5000000000000004 5.5000000000000009 0.94875966535953815 0.049373500000000008 0.029255500000000004 9.5000000000000018 0.57480350000000013 0.53855800000000009 1.2250000000000003 0.58772650000000015 1567682.0000000002 13.500000000000002 0.55341550000000017 1.2916666666650001 633.50000000000011 0.0019437620776660012 119.50000000000001 1.0000000180025095e-35 0.11228700000000001 0.14535850000000003 0.11236850000000001 0.043352500000000009 0.19278150000000002 45.500000000000007 0.23109150000000003 0.047535500000000001
decision_type=2 2 2 2 2 2 2 2 2 2 2 2 2 2 2 2 2 2 2 2 2 2 2 2 2 2 2 2 2 2
left_child=2 3 18 8 13 6 7 10 11 -6 12 -2 23 -4 24 21 17 -7 -1 -20 -9 -13 -11 -3 -14 -24 -8 -28 -29 -10
right_child=1 5 4 -5 9 16 26 20 29 22 -12 15 14 -15 -16 -17 -18 -19 19 -21 -22 -23 25 -25 -26 -27 27 28 -30 -31
leaf_value=-0.056737931128388999 -0.060929329019938833 -0.045273062861551583 -0.052932176347038486 -0.040303071352895382 0.012238479754118212 -0.050990978781298206 0.04105317124320703 0.030642655559242105 0.025190332793061172 -0.033039445438699688 0.02150792860785334 -0.014990607724419536 0.016527577882162369 -0.021408423775938105 -0.065672319154460715 -0.018232657285489881 0.048248338711259234 0.036783730944077227 -0.057136791972512008 -0.0078015596268679686 0.048770407327931836 0.01525619146182162 0.044118514955067641 0.057898798456123307 -0.055175679105394386 -0.036276374001390527 0.043399218550882863 0.015390972041808608 -0.054328988991443374 0.054796488716201713
leaf_weight=2220.9204697959649 11.327651495812459 30.825841123471037 147.18415242864285 82.31849896122003 102.1998730446212 7.8466301424195981 1296.8222463708371 433.98337547003757 73.831641777651384 81.143159787461627 319.31812886404805 37.347979846294038 77.713830977561884 55.059809567115735 6.5908251102082422 53.178334023919888 1164.9502947293222 31.357495426898822 29.772578543517739 27.347720577381551 110.73351320321672 203.61101671424694 10.098127023200506 2.7885430124588302 5.422405509511008 6.6807715533068395 25.08755668438971 25.568777166772634 6.4718047946225843 45.219621831551194
leaf_count=904116 3203 2985 51030 16996 8414 829 3187 3822 2399 19496 4318 3123 1802 8506 496 6897 2464 380 12445 4924 421 9239 343 11 566 1293 65 97 29 154
internal_value=0 0.0340846 -0.05153 0.00376202 -0.0253414 0.0384192 0.0338502 0.0252032 0.0123067 -0.00613123 0.013975 0.00290276 -0.00552714 -0.04435 0.00615647 0.00536102 0.0473031 0.0192158 -0.0561557 -0.0335164 0.0343278 0.010568 -0.0253034 -0.0367143 0.0118509 0.0121081 0.0401561 0.0197924 0.00130839 0.0364357
internal_weight=0 4052.32 2680.41 506.835 402.366 3545.48 2341.33 987.376 424.516 200.122 442.66 305.465 123.341 202.244 89.7271 294.137 1204.15 39.2041 2278.04 57.1203 544.717 240.959 97.9221 33.6144 83.1362 16.7789 1353.95 57.1281 32.0406 119.051
internal_count=1074050 63483 1010567 42011 89082 21472 17799 14421 25015 29546 10178 22462 5860 59536 2864 19259 3673 1209 921485 17369 4243 12362 21132 2996 2368 1636 3378 191 126 2553
is_linear=0
shrinkage=0.05


Tree=17
num_leaves=31
num_cat=0
split_feature=0 0 57 189 40 0 48 200 0 40 168 142 2 111 189 143 159 139 159 189 0 168 62 105 46 112 189 101 168 168
split_gain=4438.05 243.096 114.72 90.4219 67.9404 53.4633 40.3794 31.8185 23.7988 20.5665 18.131 17.3825 16.5854 16.5425 16.3884 17.4207 15.6887 16.1312 14.8487 16.7275 14.8265 13.3881 14.9442 12.9371 12.8714 12.3864 11.3857 11.6801 11.466 11.3125
threshold=0.33581906297173442 0.030380062479932603 7.5000000000000009 0.57387650000000012 1.0000000180025095e-35 0.7740980979447657 2072.5000000000005 5.5000000000000009 0.86620967868038068 1.0000000180025095e-35 10.500000000000002 0.072542000000000009 2826.5000000000005 0.033014000000000009 0.54296050000000007 274.50000000000006 119.50000000000001 0.046217000000000008 118.50000000000001 0.55441150000000017 0.86620967868038068 10.500000000000002 3.5000000000000004 12.775000000000002 1.0000000180025095e-35 0.10933500000000002 0.63917850000000009 1.0000000180025095e-35 10.500000000000002 13.500000000000002
decision_type=2 2 2 2 2 2 2 2 2 2 2 2 2 2 2 2 2 2 2 2 2 2 2 2 2 2 2 2 2 2
left_child=1 26 4 14 5 16 8 9 18 24 -9 20 29 25 -3 -16 17 -2 19 -4 21 -6 -23 -21 -5 -14 -1 -28 -29 -7
right_child=2 3 6 7 11 12 -8 10 -10 -11 -12 -13 13 -15 15 -17 -18 -19 -20 23 -22 22 -24 -25 -26 -27 27 28 -30 -31
leaf_value=-0.056057570155308968 -0.021966598334587126 -0.05816593325425138 -0.049029047803363875 -0.032506687202915559 0.030347891469247507 0.046817222258297882 -0.060266114691663125 0.02868945788902575 0.027423965740155227 0.0087339984206302995 -0.0097079349439068499 0.047321132661202442 -0.023252645454487603 0.046316358672133233 -0.035776223902175018 0.046282254206565322 0.040277847611556422 0.011427603743529354 0.028420568985480399 -0.018525764755599066 0.04309289690624267 -0.060473849844191935 0.020340171813079427 0.018659582666229881 0.0056646529405253339 0.028820058629953151 -0.052221367901281096 0.032309242361480639 -0.054925754735510895 0.028376246413314068
leaf_weight=2162.7757414232474 45.221319206058979 102.24757750297431 23.465905649703927 120.10450242517982 158.99397727975156 333.61064435215667 22.344399458612315 90.778998886817135 109.86357944761403 62.569297440582886 46.487607153714634 1305.5020626799669 11.569140881998463 145.63153818389401 128.85358496854315 6.8096385160461059 36.005674967542291 180.53241840563715 29.492833731346764 52.211794588831253 298.11736680567265 9.0263570646639 15.619772224221377 42.372340349014848 27.060599822551012 885.89034316083416 22.972935687052086 11.078372963820586 5.7073834802140473 110.77822934696451
leaf_count=908626 3576 36183 5120 20171 1551 850 5018 3506 1004 5918 5921 2993 263 446 35254 350 538 6557 1407 4287 774 1019 548 1303 2690 4680 10343 685 1831 638
internal_value=0 -0.0479609 0.0350314 -0.0193078 0.0374696 0.0304645 0.00420862 -0.00302976 0.0098054 -0.0152785 0.0156855 0.0443257 0.0341314 0.0306853 -0.04305 -0.0316573 0.00962688 0.00473832 -0.00331376 -0.011242 0.0362085 0.0250326 -0.00925702 -0.00186726 -0.0254878 0.0281488 -0.0555702 -0.029056 0.00264817 0.0422202
internal_weight=0 2787.45 3816.25 584.912 3536.5 1749.24 279.751 347.001 257.406 209.734 137.267 1787.26 1487.48 1043.09 237.911 135.663 261.759 225.754 147.543 118.05 481.757 183.64 24.6461 94.5841 147.165 897.459 2202.53 39.7587 16.7858 444.389
internal_count=1074050 1031478 42572 109993 24433 17548 18139 38206 13121 28779 9427 6885 6877 5389 71787 35604 10671 10133 12117 10710 3892 3118 1567 5590 22861 4943 921485 12859 2516 1488
is_linear=0
shrinkage=0.05


Tree=18
num_leaves=31
num_cat=0
split_feature=0 0 0 145 107 40 0 189 168 113 159 189 200 180 189 185 74 189 180 40 189 143 112 187 139 188 0 168 130 93
split_gain=4178.94 180.213 143.536 81.3324 58.7443 45.5855 38.3223 34.1849 33.7096 26.679 22.9297 18.5302 17.66 17.1714 15.9431 15.393 13.9203 13.0053 14.6225 12.7986 16.2148 12.658 12.5841 12.4863 11.8816 11.0861 12.207 10.589 14.6002 11.7684
threshold=0.21467259749339032 0.68981449621504665 0.030380062479932603 14.000000000000002 28.500000000000004 5.5000000000000009 0.94875966535953815 0.5425715000000001 10.500000000000002 0.042338000000000008 119.50000000000001 0.57480350000000013 6.5000000000000009 1.3666666666650003 0.61064700000000005 0.0067470000000000004 1.0000000180025095e-35 0.62505750000000015 2.0833333333350006 5.5000000000000009 0.56989650000000014 45.500000000000007 0.42879425000000004 0.050228000000000009 0.054287500000000009 633.50000000000011 0.0019437620776660012 11.500000000000002 0.51832050000000007 0.10649100000000002
decision_type=2 2 2 2 2 2 2 2 2 2 2 2 2 2 2 2 2 2 2 2 2 2 2 2 2 2 2 2 2 2
left_child=2 3 25 7 10 6 9 -2 12 11 13 23 -5 -4 15 -9 -7 18 -6 20 -15 -22 -17 -3 -18 -1 -27 29 -29 -11
right_child=1 5 4 8 17 16 -8 14 -10 27 -12 -13 -14 19 -16 22 24 -19 -20 -21 21 -23 -24 -25 -26 26 -28 28 -30 -31
leaf_value=-0.055568651414594675 -0.05596030700431668 0.0030683858253136359 -0.031006015789256342 0.018530872458572788 -0.051924823653935241 0.046783808770726666 0.038424656800603918 0.019061659090527993 -0.0052603849945823001 0.037357742445957021 0.027015279633623563 0.021110792214728849 0.042666144414688779 -0.054292236004635674 0.016503026253739957 -0.037661591697415953 -0.02789410257791829 0.0028730657238318258 -0.0014969741659112902 0.039651977038219585 -0.017309144441321329 0.023143336067716309 -0.0046887238657417904 -0.04737519691044377 0.032026238412996434 -0.055850472034859315 -0.0084063618238941068 -0.042359765671148505 0.02443552297292579 -0.047952010600594556
leaf_weight=2078.1742680394964 41.660721154185012 77.624468639842235 82.284438985923771 159.37511325883679 161.18085656425683 1046.7662000631681 1307.5143900483381 26.996255545411259 87.186614052508958 375.96515268692747 42.091104206105229 265.81494973227382 144.52068715263158 15.731215686188078 55.859799374477006 64.314997265581042 10.140638510696588 13.856730390456503 15.783078487962483 16.594789392198436 41.888740916852839 35.921391525189392 52.604626712505706 14.570334820309652 44.921287112403661 27.754630441777408 26.504845695744734 8.7633183647412789 123.1171722272411 4.0865182718262067
leaf_count=904116 12310 2529 17279 4871 55487 2406 3378 1289 6935 2133 2698 3172 1496 4323 2027 9791 338 1427 3108 868 6173 1963 3611 1267 115 12445 4924 396 1152 23
internal_value=0 0.0324943 -0.0496962 0.00805844 -0.023175 0.0372076 0.0330141 -0.0147606 0.0221459 0.0248821 -0.0064133 0.0144115 0.0300086 -0.0137256 -0.00616894 -0.0149689 0.0454949 -0.0437746 -0.0474273 -0.00081521 -0.00799433 0.00136592 -0.0228264 -0.00490365 0.0209908 -0.0549861 -0.0326748 0.0322044 0.019997 0.0364404
internal_weight=0 3911.8 2557.77 632.519 425.332 3279.28 2177.46 241.436 391.082 869.942 234.512 358.01 303.896 192.421 199.776 143.916 1101.83 190.821 176.964 110.136 93.5413 77.8101 116.92 92.1948 55.0619 2132.43 54.2595 511.932 131.88 380.052
internal_count=1074050 59239 1014811 42330 93326 16909 14050 29028 13302 10672 33304 6968 6367 30606 16718 14691 2859 60022 58595 13327 12459 8136 13402 3796 453 921485 17369 3704 1548 2156
is_linear=0
shrinkage=0.05


Tree=19
num_leaves=31
num_cat=0
split_feature=0 0 0 189 40 85 0 40 57 143 159 57 129 40 0 200 189 189 40 168 189 113 188 0 0 168 64 189 202 69
split_gain=3918.38 190.13 124.645 66.4957 55.0167 51.9406 37.7463 33.2409 26.304 23.8303 18.4318 16.0519 15.5487 15.3167 15.8695 15.3676 14.7626 14.0186 14.5251 13.8261 13.0545 12.5567 11.1807 11.7112 10.9521 10.774 10.3901 9.99426 9.83227 9.64442
threshold=0.19204907757119541 0.60678019017954943 0.030380062479932603 0.56680450000000004 1.0000000180025095e-35 8.3666666666650027 0.94875966535953815 14.500000000000002 7.5000000000000009 11.500000000000002 119.50000000000001 3.5000000000000004 2.5000000000000004 1758.5000000000002 0.94875966535953815 2.5000000000000004 0.59229250000000011 0.59229250000000011 951.00000000000011 13.500000000000002 0.53855800000000009 0.061500500000000007 633.50000000000011 0.0019437620776660012 0.53809039466125175 7.5000000000000009 100.50000000000001 0.61494000000000015 0.099020500000000011 8.5000000000000018
decision_type=2 2 2 2 2 2 2 2 2 2 2 2 2 2 2 2 2 2 2 2 2 2 2 2 2 2 2 2 2 2
left_child=2 3 22 20 6 10 9 11 13 27 12 -5 25 14 15 -6 -7 18 28 -17 -2 26 -1 -24 -22 -4 29 -3 -10 -11
right_child=1 4 5 7 8 16 -8 -9 17 21 -12 -13 -14 -15 -16 19 -18 -19 -20 -21 24 -23 23 -25 -26 -27 -28 -29 -30 -31
leaf_value=-0.055030668808192768 -0.055450581022566406 -0.025806814387320715 0.0014450017101130131 0.012138185162136982 -0.029259905625274564 -0.050452504464806251 0.035200101061816161 0.038928553439989709 0.0018256501024409095 0.020492212999108125 0.025543450209707483 -0.012373362855455913 0.02112199248986138 0.056524312000857502 0.046693387423982498 0.03859624378605897 -0.018072868551992066 0.035973022506920978 0.047512990680218664 0.0069054990913675332 -0.029999926951753159 0.030019209212799203 -0.055314829447973224 -0.0083351190135262151 0.01759679773938606 -0.029286580180457086 -0.063887833784249434 0.013646908819333371 -0.05409309289583622 -0.005258009332545133
leaf_weight=2007.0790689021524 38.951990864501568 37.036689397646114 40.620447584835347 204.23367425845936 8.872014753520487 142.36843540938571 1014.7805849364959 88.626581555465236 18.025382452644411 256.76863053091802 37.726010127225891 99.250523731403518 27.435953017207794 190.10922357067466 711.67132255109027 666.45510884700343 46.76373524137307 36.949387834407389 9.6208450794219953 36.291267899330705 53.570628678251524 315.50951544591226 26.477569871873129 26.584362511057407 15.607068358396644 95.73913303448353 4.0390571844764045 28.329125181538984 13.940654291771351 42.361604197649285
leaf_count=904116 12258 2299 3923 8359 212 53617 2740 1097 1098 4118 2224 8843 1894 251 1118 2063 7371 306 89 774 10374 2628 12445 4924 1080 20053 564 440 1545 1227
internal_value=0 0.0311917 -0.0495215 0.00241619 0.035437 -0.0236271 0.029081 0.0119891 0.0418189 0.0200033 -0.00596473 0.00412201 -0.0132218 0.0431944 0.0414139 0.0361341 -0.0424465 0.013562 -0.00634984 0.0369597 -0.0322982 0.0230367 -0.0544318 -0.0317777 -0.0192617 -0.0201319 0.01577 -0.00870782 -0.022561 0.0168456
internal_weight=0 3891 2450.79 500.24 3390.76 390.654 1698.83 392.111 1691.94 684.045 201.522 303.484 163.796 1613.4 1423.29 711.618 189.132 78.5363 41.5869 702.746 108.13 618.679 2060.14 53.0619 69.1777 136.36 303.169 65.3658 31.966 299.13
internal_count=1074050 63483 1010567 42011 21472 89082 14016 18299 7456 11276 28094 17202 25870 4418 4167 3049 60988 3038 2732 2837 23712 8537 921485 17369 11454 23976 5909 2739 2643 5345
is_linear=0
shrinkage=0.05


Tree=20
num_leaves=31
num_cat=0
split_feature=0 0 0 145 189 55 40 189 143 133 188 168 40 130 200 168 158 189 154 159 85 185 148 40 189 2 173 0 188 0
split_gain=3690.39 169.338 139.417 93.4485 53.5768 49.6307 45.7051 37.5703 19.6951 19.5045 17.8511 17.0891 16.8038 14.0342 13.8047 14.5355 13.5504 13.2852 13.244 12.9316 12.3973 12.0487 14.6397 11.6206 11.3402 11.0829 10.9777 10.9594 10.7118 10.8716
threshold=0.21467259749339032 0.7740980979447657 0.030380062479932603 14.000000000000002 0.57480350000000013 1.0000000180025095e-35 1.0000000180025095e-35 0.57964650000000006 25.500000000000004 1.4713530000000004 577.50000000000011 12.500000000000002 1.0000000180025095e-35 0.95778900000000011 2.5000000000000004 8.5000000000000018 2.5000000000000004 0.54217850000000012 0.60288700000000006 119.50000000000001 22.100000000000005 0.0067470000000000004 2.5000000000000004 2.5000000000000004 0.57048050000000006 114529.50000000001 0.084852000000000011 0.94875966535953815 633.50000000000011 0.01473053741135971
decision_type=2 2 2 2 2 2 2 2 2 2 2 2 2 2 2 2 2 2 2 2 2 2 2 2 2 2 2 2 2 2
left_child=2 3 28 7 14 10 9 17 12 20 16 27 -6 24 -4 26 -5 -2 -7 23 -3 -19 -23 -12 -13 -22 -16 -8 -1 -30
right_child=1 6 4 5 8 18 11 -9 -10 -11 19 13 -14 -15 15 -17 -18 21 -20 -21 25 22 -24 -25 -26 -27 -28 -29 29 -31
leaf_value=-0.054552539071472533 -0.053275310504129425 0.026851726629219946 -0.05534298856745852 -0.026811793508588366 -0.031791532847016447 0.0065372775896518345 0.03953149054637202 0.0046841428430423162 0.0084025189657056971 0.03696682940029427 0.005929697838566542 -0.047650792774311133 0.011129777504556609 0.037385020591202876 -0.018885533798898606 -0.04382143732206973 0.021471498920338779 0.012556689677742306 0.047032893431796945 0.038756166126103803 0.015050357765394408 -0.047140942604015794 0.00044844423408500289 0.034111828954079153 0.015552308402929815 -0.041031488885768602 0.047132242823640744 0.048774954900347833 -0.042760698074363584 0.015131147081173064
leaf_weight=1939.1227628337801 44.360014800797217 841.34633256075904 97.078279551089508 45.85718126129359 87.605625489202794 22.672981841373257 592.86020709748846 164.73428466165205 115.44138861703686 636.61069861112628 175.33236689295154 8.7302006129175407 30.828039731713943 92.107135985279456 23.540285466588102 53.157617021002807 21.271479740389623 21.750073915231042 184.39003093610518 55.718042317777872 32.265456027118489 44.959193549293559 25.228683940717019 46.220456069917418 37.940799464471638 12.118101189960724 8.5964159157010709 698.44769073743373 41.768147541035432 10.063480313692706
leaf_count=904116 13110 5085 39406 5056 17876 865 1878 7644 9589 2362 6076 604 3866 458 4195 17804 910 1191 833 637 507 7751 1955 605 407 379 590 926 16242 1127
internal_value=0 0.0306527 -0.048451 0.0110229 -0.0221346 0.0232538 0.0363208 -0.011383 -0.006294 0.0302912 0.011623 0.0427393 -0.0206192 0.0260667 -0.0424485 -0.0277726 -0.011512 -0.0308023 0.0425987 0.0172241 0.0254931 -0.0199591 -0.0300352 0.0118091 0.00372964 -0.000261743 -0.00122609 0.0445311 -0.0539529 -0.0315206
internal_weight=0 3804.92 2407.2 852.495 416.248 551.463 2952.43 301.032 233.875 1522.34 344.4 1430.09 118.434 138.778 182.373 85.2943 67.1287 136.298 207.063 277.271 885.73 91.938 70.1879 221.553 46.671 44.3836 32.1367 1291.31 1990.95 51.8316
internal_count=1074050 59239 1014811 46633 93326 14982 12606 31651 31331 8333 13284 4273 21742 1469 61995 22589 5966 24007 1698 7318 5971 10897 9706 6681 1011 886 4785 2804 921485 17369
is_linear=0
shrinkage=0.05


Tree=21
num_leaves=31
num_cat=0
split_feature=0 0 0 40 189 0 85 40 107 200 189 189 168 143 111 168 2 117 150 148 3 151 144 144 188 0 36 142 186 159
split_gain=3472.98 188.641 106.967 60.0933 59.0211 52.935 47.0427 28.2738 23.3598 22.6197 22.2984 21.3858 18.4629 17.8994 15.9291 15.8385 17.5568 18.4878 14.8012 14.5195 13.4901 12.1229 11.5271 11.0677 11.0622 11.0012 10.8243 11.9329 11.3082 10.5378
threshold=0.17215690376152604 0.53809039466125175 0.030380062479932603 2.5000000000000004 0.56680450000000004 0.86620967868038068 4.2916666666650007 19.500000000000004 48.500000000000007 4.5000000000000009 0.57077500000000014 0.58730450000000012 10.500000000000002 20.500000000000004 0.032480000000000002 14.500000000000002 21926.000000000004 0.18333333333350002 0.083296000000000023 3.5000000000000004 935132.00000000012 292.50000000000006 2.5000000000000004 4.5000000000000009 633.50000000000011 0.0019437620776660012 923.50000000000011 0.058646500000000011 0.14443500000000004 119.50000000000001
decision_type=2 2 2 2 2 2 2 2 2 2 2 2 2 2 2 2 2 2 2 2 2 2 2 2 2 2 2 2 2 2
left_child=2 4 24 5 -2 8 19 13 14 10 12 -8 20 18 -3 16 -7 23 -6 -4 21 -5 -10 -18 -1 -26 28 -28 -17 -15
right_child=1 3 6 9 7 15 11 -9 22 -11 -12 -13 -14 29 -16 26 17 -19 -20 -21 -22 -23 -24 -25 25 -27 27 -29 -30 -31
leaf_value=-0.054114594209812884 -0.036671499623508762 0.012923487305838356 -0.018782697153830463 0.033331043457295838 -0.025345902733767092 0.039505705801161729 -0.048994673682684661 0.036830718225789726 0.0038090611459001842 0.045410598616240992 0.036165551912372022 -0.01656129642677143 -0.063745730587639701 0.0048979862521908758 0.038972375213778852 0.015279274096645102 0.024384363496918676 0.043980689792899638 0.021551458273315328 0.014414819201380805 -0.054787693886626014 -0.0618882565440666 -0.039822465330892391 -0.030177977925081541 -0.054712028834440478 -0.0079902234497048821 -0.00054247409828416806 0.035471142836501539 -0.030752143425536393 0.037673156568879554
leaf_weight=1870.5217064429889 95.218703143793391 335.41274890641216 58.927710821852088 36.477042744518258 81.853689986339305 751.09738363348879 146.11878528713714 67.587908075249288 33.967218024889007 980.68208616855554 257.67075818951707 77.933372094703373 9.1358212616469228 134.72006740694633 71.135320130037144 83.204098721034825 456.19702789373696 140.24316805228591 21.177199371508323 74.675183431769256 6.1729165703873141 3.6799210419412693 27.307201887655538 9.4874404305592162 24.207397742022295 26.273671624076087 28.021680895471945 128.38353357184678 15.890253521036355 29.982588367071003
leaf_count=904116 24018 8002 9802 669 9450 2140 57022 897 1496 2016 1169 12366 1381 6346 652 600 2132 403 728 5582 379 271 3302 109 12445 4924 354 567 161 551
internal_value=0 0.0292367 -0.0488169 0.0332137 -0.00193097 0.0279514 -0.0237103 0.00793403 0.0131438 0.0416748 0.0299751 -0.0377132 0.00121705 0.000639216 0.0174814 0.0322474 0.0343976 0.0280657 -0.0157065 -0.000227481 0.0140271 0.0246053 -0.0156355 0.0232728 -0.0534913 -0.0303949 0.0208272 0.0290189 0.00789792 0.0108644
internal_weight=0 3804.71 2278.66 3374.17 430.54 2080.35 357.655 335.321 467.822 1293.82 313.136 224.052 55.4657 267.734 406.548 1612.52 1357.03 605.928 103.031 133.603 46.3299 40.157 61.2744 465.684 1921 50.4811 255.5 156.405 99.0944 164.703
internal_count=1074050 67793 1006257 25803 41990 19918 84772 17972 13452 5885 3869 69388 2700 17075 8654 6466 4784 2644 10178 15384 1319 940 4798 2241 921485 17369 1682 921 761 6897
is_linear=0
shrinkage=0.05


Tree=22
num_leaves=31
num_cat=0
split_feature=0 0 0 200 40 200 189 40 0 85 168 168 40 189 130 187 190 188 70 189 188 188 168 0 188 113 107 148 189 154
split_gain=3279.93 181.369 105.313 72.8774 49.4019 43.9838 38.6483 33.8429 30.6175 19.6543 19.1253 19.0156 18.8971 17.3415 15.0833 12.8758 12.1692 11.9447 11.3435 11.0927 10.9453 10.8686 10.3402 10.2952 10.065 9.73742 9.70992 9.5952 9.48073 9.19476
threshold=0.17215690376152604 0.68981449621504665 0.030380062479932603 4.5000000000000009 1.0000000180025095e-35 3.5000000000000004 0.5425715000000001 38.500000000000007 0.94875966535953815 7.083333333335001 9.5000000000000018 8.5000000000000018 412.50000000000006 0.61064700000000005 0.75316150000000015 0.04683650000000001 0.094646000000000022 578.50000000000011 814.37500000000011 0.54296050000000007 577.50000000000011 633.50000000000011 8.5000000000000018 0.0019437620776660012 541.50000000000011 0.11228700000000001 40.500000000000007 6.5000000000000009 0.57572950000000012 0.75338700000000014
decision_type=2 2 2 2 2 2 2 2 2 2 2 2 2 2 2 2 2 2 2 2 2 2 2 2 2 2 2 2 2 2
left_child=2 3 21 6 8 16 -2 11 14 27 -7 29 18 15 22 28 -4 -13 -11 -16 24 -1 -3 -23 -17 -12 -24 -6 -8 -5
right_child=1 4 5 7 9 10 13 -9 -10 12 25 17 -14 -15 19 20 -18 -19 -20 -21 -22 23 26 -25 -26 -27 -28 -29 -30 -31
leaf_value=-0.053716961876624163 -0.053439022582341511 0.019858316662825223 -0.048246740585716257 -0.0050225031114022687 0.038174654005848539 0.0092768286781778134 -0.01109203129307587 0.049610627303380624 0.032921702363110851 0.02178288264601504 -0.030709135167339564 -0.031100406781103141 0.05002406469684019 0.015492516712785188 -0.050771866459441976 0.043395760004293737 -0.014266201675520871 0.006685311121797404 -0.034645702070050702 0.024771905385329369 -0.013293291752964329 -0.054233591978412668 0.0030493390110435635 -0.0086429905992048261 -0.054740649224152865 0.011938597505944707 -0.038065300922777462 0.046899519415911216 0.024153088040197192 0.032321749016590032
leaf_weight=1805.9917713906907 47.440714901429601 83.494062054203823 136.85551059947466 19.553397323703393 618.94616527599283 94.558866655919701 45.042088621587027 80.507620370015502 966.65397047065198 172.06528747687116 73.466644557571271 26.076567636104301 66.472138935234398 77.454303755541332 4.9177756890421724 2.8552104779519132 32.629447986488231 105.66431346227182 9.3922851227689517 409.04603294562548 96.845072035095654 23.316183972929139 86.32354502636008 26.407577381236479 30.763995261106174 16.365698570967652 17.22585702710785 641.95496123097837 33.102965524652973 104.96414973703213
leaf_count=904116 15830 1268 50453 1027 1789 7933 5533 394 2740 1758 18580 3743 185 2825 558 125 6255 4390 872 3434 7788 12445 2036 4924 6734 1551 1084 1185 1027 1468
internal_value=0 0.0284931 -0.0483153 0.00492494 0.0336279 -0.0233184 -0.0116425 0.0213319 0.0274119 0.0400862 -0.00641846 0.0124477 0.0272169 -0.00471096 0.0185501 -0.0122123 -0.0417048 -0.00079393 0.0188621 0.0238745 -0.0218261 -0.053082 0.0067662 -0.0300211 -0.0464061 -0.0229396 -0.00379025 0.0426167 0.00383813 0.0264575
internal_weight=0 3746.76 2209.59 670.27 3076.49 353.876 333.504 336.766 1567.66 1508.83 184.391 256.258 247.93 286.064 601.007 208.609 169.485 131.741 181.458 413.964 130.464 1855.72 187.043 49.7238 33.6192 89.8323 103.549 1260.9 78.1451 124.518
internal_count=1074050 67793 1006257 50884 16909 84772 39862 11022 11120 5789 28064 10628 2815 24032 8380 21207 56708 8133 2630 3992 14647 921485 4388 17369 6859 20131 3120 2974 6560 2495
is_linear=0
shrinkage=0.05


Tree=23
num_leaves=31
num_cat=0
split_feature=0 0 0 189 40 189 40 159 168 135 157 180 154 0 189 165 200 118 70 189 143 148 92 168 90 0 154 168 99 168
split_gain=3091.22 232.736 82.6545 66.81 65.0496 50.4465 40.8034 25.5618 21.3631 17.3413 17.6313 16.4069 15.2701 14.6367 21.5059 14.6993 14.5729 13.8143 13.6744 12.6863 13.318 12.2186 11.4845 10.7362 10.5573 10.1762 9.91926 9.62526 9.36447 9.17576
threshold=0.37969951586789719 0.035302874550316145 0.86620967868038068 0.56713550000000013 31.500000000000004 0.56680450000000004 1.0000000180025095e-35 119.50000000000001 8.5000000000000018 1.0000000180025095e-35 4.5000000000000009 1.2916666666650001 0.78406500000000012 0.0088049481694041625 0.58688250000000008 46.500000000000007 5.5000000000000009 13.500000000000002 1054.7083333350004 0.54296050000000007 274.50000000000006 9.5000000000000018 5.5000000000000009 10.500000000000002 4.5000000000000009 0.94875966535953815 0.78406500000000012 13.500000000000002 146.50000000000003 7.5000000000000009
decision_type=2 2 2 2 2 2 2 2 2 2 2 2 2 2 2 2 2 2 2 2 2 2 2 2 2 2 2 2 2 2
left_child=1 13 4 19 5 11 21 9 26 10 -5 -2 28 -1 22 -16 -11 -10 -13 -3 -21 25 -15 -8 -9 -4 -7 -18 -6 -17
right_child=2 3 6 7 12 8 23 24 17 16 -12 18 -14 14 15 29 27 -19 -20 20 -22 -23 -24 -25 -26 -27 -28 -29 -30 -31
leaf_value=-0.053992383184599417 -0.044135145459520492 -0.055359948571483353 0.017092539276758537 -0.039750273090516472 0.021879638208209304 0.010568432093007243 0.044546811358744887 0.041817534846234621 -0.011389670472785845 -0.013849931072442338 0.06062996289443328 0.005914041190690735 0.046241816798633067 -0.052482522382934917 -0.033920176625918085 0.060464417667780095 0.017429723259240231 0.012960373191845115 -0.052593444064181094 -0.03371881318089321 0.041697337785003383 0.036377504643469998 0.039354554074003956 0.032033938513457254 0.00061649857095259905 0.029212996893735434 0.030510011325998638 -0.020784589184416356 -0.065012387868877045 -0.0062568422418183669
leaf_weight=1619.4035174961027 43.621837942919228 84.977572544215946 237.90426160790958 62.571675596234854 52.669926347560249 84.295155137195252 931.88801813824102 36.9717944264994 76.818530239746906 159.74872278640396 4.7033197275595731 54.844249171961565 204.36943405243801 136.59700786645408 35.6447180841933 8.058954373700546 85.517357190343319 240.92123926035129 12.210159382608252 86.058223585801898 6.2812391459010533 409.89034341229126 3.4912269712076514 210.07037169905379 26.831842405314092 636.4918079986237 239.6320721693337 20.410654458304634 3.2946880701347245 14.28999310947256
leaf_count=836838 7664 34975 2239 10741 911 2240 1640 815 4734 22460 41 2788 711 71494 15403 645 4487 5134 2787 26231 315 1371 695 1139 2402 1912 2110 3196 854 5078
internal_value=0 -0.0436569 0.0303607 -0.0159037 0.0183623 0.0109079 0.0353687 -0.00450066 0.016285 -0.0100563 -0.0327325 -0.020267 0.039905 -0.0524231 -0.0395935 -0.0139878 -0.00431424 0.00707337 -0.00473978 -0.0414186 -0.0285888 0.0292544 -0.0501938 0.042245 0.0244909 0.0259153 0.0253206 0.0100664 0.0167642 0.0178026
internal_weight=0 2391.56 3438.92 574.072 1012.68 752.343 2426.24 396.755 641.667 332.952 67.275 110.676 260.334 1817.49 198.082 57.9937 265.677 317.74 67.0544 177.317 92.3395 1284.29 140.088 1141.96 63.8036 874.396 323.927 105.928 55.9646 22.3489
internal_count=1074050 1035816 38234 105663 29933 27457 8301 44142 14218 40925 10782 13239 2476 930153 93315 21126 30143 9868 5575 61521 26546 5522 72189 2779 3217 4151 4350 7683 1765 5723
is_linear=0
shrinkage=0.05


Tree=24
num_leaves=31
num_cat=0
split_feature=0 0 0 40 85 0 85 168 189 140 188 68 77 189 180 107 200 154 166 188 2 168 135 143 0 80 154 0 187 172
split_gain=2919.22 176.475 93.1485 57.7334 52.5361 51.338 41.3836 32.3021 26.2667 20.493 15.9396 15.4095 13.1785 13.0306 12.8684 12.8645 12.7816 10.873 13.56 10.8429 10.7797 10.6713 9.91129 9.79349 9.53749 9.3739 9.22741 9.10047 8.89443 8.88755
threshold=0.15548050853772452 0.60678019017954943 0.030380062479932603 29.500000000000004 69.125000000000014 0.86620967868038068 4.7750000000000012 8.5000000000000018 0.56680450000000004 14.845238095200001 577.50000000000011 0.047535500000000001 0.033014000000000009 0.58730450000000012 1.9166666666650001 76.500000000000014 6.5000000000000009 0.34887950000000006 1.0000000180025095e-35 633.50000000000011 1741219.0000000002 11.500000000000002 1.5000000000000002 85.500000000000014 0.0019437620776660012 0.22308250000000004 0.19277600000000003 0.94875966535953815 0.03842700000000001 0.050450500000000002
decision_type=2 2 2 2 2 2 2 2 2 2 2 2 2 2 2 2 2 2 2 2 2 2 2 2 2 2 2 2 2 2
left_child=2 4 19 5 7 8 12 11 15 17 28 20 14 -8 -4 26 -10 18 -7 -1 -2 -19 23 -5 -21 -11 -3 -23 -9 -14
right_child=1 3 6 22 -6 9 13 10 16 25 -12 -13 29 -15 -16 -17 -18 21 -20 24 -22 27 -24 -25 -26 -27 -28 -29 -30 -31
leaf_value=-0.053134297719553691 0.020396931466033823 0.04451100349903777 -0.030142446373928895 -0.020928392087435719 -0.0361317322197095 0.051352042451951935 -0.048044315790523463 -0.011181641147783212 0.012076528496036883 0.037153169193017165 0.0010499139880067521 0.048007192789450322 0.035617400954905593 -0.02022022766392343 0.0065866412919591277 -0.058013631765435163 0.029508504751723716 0.031266454573630156 -0.014776115576081631 -0.053341809693071653 -0.008543341362963093 0.0036268560790288203 0.04573748171693922 0.0535020880359404 -0.0081893163074479025 -0.0064622391114004529 -0.012637091905375148 0.024458233320007097 -0.051448813301189202 -0.016009606634487222
leaf_weight=1673.9151235804311 147.19654140324565 8.3211771402275172 49.85497794568073 11.15017742442433 83.979374247108353 10.272485590539871 123.13824942466454 29.316472309117671 293.92483638960402 981.52380431909114 164.81187266408233 40.672015252988786 29.841953585390002 63.922231033153366 45.714749381761067 13.783242149918804 163.73232026956975 617.61527653457597 31.597443297738209 21.532204104179982 41.178316144912969 67.554842815734446 623.03066793608014 7.3215075989719471 25.60001004091464 12.475719997659324 46.731525990646333 234.14840263035148 25.767207647440955 11.567540726740843
leaf_count=904116 5937 152 9417 172 20539 41 52883 4626 5421 2678 9867 168 1311 11126 4258 2660 1495 2192 552 12445 2880 1016 1612 17 4924 147 2374 943 6496 1585
internal_value=0 0.0267588 -0.0478381 0.0312965 0.000165739 0.0278402 -0.0232458 0.00695556 0.0139818 0.031572 -0.00673256 0.0200968 -0.00236491 -0.0385363 -0.0125735 -0.0148147 0.018313 0.0263665 0.00144795 -0.0524684 0.0140707 0.0275014 0.0446674 0.00857316 -0.0288171 0.0366058 -0.0039992 0.0197938 -0.0300179 0.0211956
internal_weight=0 3656.11 2045.09 3123.18 532.922 2481.68 324.04 448.942 526.493 1955.19 219.896 229.047 136.979 187.06 95.5697 68.8359 457.657 961.188 41.8699 1721.05 188.375 919.319 641.502 18.4717 47.1322 994 55.0527 301.703 55.0837 41.4095
internal_count=1074050 71985 1002065 21472 50513 19671 80580 29974 12102 7569 20989 8985 16571 64009 13675 5186 6916 4744 593 921485 8817 4151 1801 189 17369 2825 2526 1959 11122 2896
is_linear=0
shrinkage=0.05


Tree=25
num_leaves=31
num_cat=0
split_feature=0 0 0 200 40 85 189 40 0 154 148 168 189 168 189 159 159 189 187 129 188 188 169 98 36 201 105 187 77 187
split_gain=2750.45 171.947 95.1285 62.303 55.8516 37.7988 34.9826 33.0429 31.5887 22.6606 16.5077 16.0484 14.7091 14.4172 13.846 12.1811 11.8611 11.6109 10.9712 10.8876 10.5193 10.2553 10.2281 9.87838 9.77045 9.56954 11.3833 10.753 9.56024 9.34725
threshold=0.15548050853772452 0.68981449621504665 0.030380062479932603 4.5000000000000009 2.5000000000000004 4.7750000000000012 0.5425715000000001 38.500000000000007 0.94875966535953815 2.1083045000000005 2.5000000000000004 13.500000000000002 0.60871550000000008 8.5000000000000018 0.58730450000000012 119.50000000000001 101.50000000000001 0.55341550000000017 0.04683650000000001 2.5000000000000004 633.50000000000011 577.50000000000011 6.5000000000000009 6.5000000000000009 18470.500000000004 54.500000000000007 7.3666666666650009 0.12035550000000002 0.034378000000000006 0.030374000000000002
decision_type=2 2 2 2 2 2 2 2 2 2 2 2 2 2 2 2 2 2 2 2 2 2 2 2 2 2 2 2 2 2
left_child=2 3 20 6 8 15 -2 11 9 13 17 16 18 -3 -7 19 23 29 -8 28 -1 -20 -12 -5 -11 26 -10 -27 -4 -6
right_child=1 4 5 7 10 14 12 -9 25 24 22 -13 -14 -15 -16 -17 -18 -19 21 -21 -22 -23 -24 -25 -26 27 -28 -29 -30 -31
leaf_value=-0.052828606773497322 -0.052053087028274783 0.021603998499720427 -0.02854315506461071 0.010321834292955925 0.019556105893470368 -0.047283777524703918 0.0021071681899157602 0.046568102619535208 0.032132929087657018 0.03161622934240612 0.049819291962657823 -0.01964366341209961 0.012354135571986819 0.0040764733147963129 -0.018544773452058586 0.027234604070492992 0.031538182928657975 0.031007889416804813 -0.045381754109659708 0.021841644285507111 -0.028671825496136963 -0.013181791545019 0.038824779391777753 -0.041954479332432855 -0.050095191526486331 0.03272242069950234 -0.048191114319491191 0.003762497258856998 0.0076692623029812976 -0.060896132673997475
leaf_weight=1612.7717547985376 46.561510749859735 204.12719627248589 61.573256903153379 135.59691334067611 8.4141606227494758 119.37527273467276 79.818617444718257 80.183436757302843 9.494225116446616 236.14633465348743 356.50555432098918 39.202388368663378 83.456715358886868 275.88933830172755 64.584653783531394 27.54697290743934 73.036692578345537 201.76977466279641 33.2875426109822 21.565406953101046 46.361475087760482 96.155315162788611 520.20443096710369 9.6820871906820667 3.7159483020659527 1057.712887535803 8.2379424422979337 33.055087765678763 25.889599391550291 6.3237049848539746
leaf_count=904116 17195 2231 11497 4971 154 52883 7103 419 43 1476 642 4478 3281 5896 11126 1252 1481 951 7430 1257 17369 8173 1261 545 356 3031 33 105 2565 730
internal_value=0 0.0260407 -0.047336 0.00333564 0.0313019 -0.0223998 -0.0117973 0.0185393 0.0259563 0.0178009 0.0402423 0.009812 -0.00539399 0.0115301 -0.0371941 -0.00247253 0.0151013 0.0278785 -0.0124722 -0.0099783 -0.0521536 -0.0214623 0.0432956 0.00683789 0.0303504 0.0312525 -0.00518371 0.0318448 -0.017824 -0.0149642
internal_weight=0 3598.58 1979.67 676.981 2921.6 320.535 339.28 337.702 1828.38 719.879 1093.22 257.518 292.718 480.017 183.96 136.575 218.316 216.508 209.261 109.028 1659.13 129.443 876.71 145.279 239.862 1108.5 17.7322 1090.77 87.4629 14.7379
internal_count=1074050 71985 1002065 55076 16909 80580 43182 11894 13171 9959 3738 11475 25987 8127 64009 16571 6997 1835 22706 15319 921485 15603 1903 5516 1832 3212 76 3136 14062 884
is_linear=0
shrinkage=0.05


Tree=26
num_leaves=31
num_cat=0
split_feature=0 0 0 40 189 0 85 130 40 148 189 189 143 168 77 148 36 168 143 111 159 158 189 159 102 168 132 150 168 113
split_gain=2591.82 192.593 68.665 66.9072 61.8854 44.8912 43.1589 27.936 27.1676 22.0105 25.6849 18.6052 13.9466 13.5378 11.3243 11.8257 11.2471 10.9922 10.0116 10.0097 12.5438 11.2555 11.835 9.60351 9.3905 9.07049 11.2002 8.98851 8.71735 8.6647
threshold=0.11665055024126079 0.53809039466125175 0.012339227772512141 2.5000000000000004 0.56680450000000004 0.94875966535953815 4.2916666666650007 1.5520470000000002 44.500000000000007 4.5000000000000009 0.55341550000000017 0.58688250000000008 20.500000000000004 8.5000000000000018 0.030463500000000001 8.5000000000000018 18470.500000000004 11.500000000000002 10.500000000000002 0.060056500000000006 120.50000000000001 1.5000000000000002 0.58611250000000015 37.500000000000007 16.500000000000004 10.500000000000002 0.03810800000000001 0.08230750000000002 10.500000000000002 0.089521000000000003
decision_type=2 2 2 2 2 2 2 2 2 2 2 2 2 2 2 2 2 2 2 2 2 2 2 2 2 2 2 2 2 2
left_child=2 4 -1 5 -2 7 14 13 12 10 -5 -8 27 -3 15 -4 -9 -16 -15 20 21 22 24 -11 -12 -25 -27 -6 -13 -28
right_child=1 3 6 9 8 -7 11 16 -10 23 19 28 -14 18 17 -17 -18 -19 -20 -21 -22 -23 -24 25 -26 26 29 -29 -30 -31
leaf_value=-0.052771656208744626 -0.037059958901255734 0.01725600610468269 -0.026958610652395111 -0.021333465659274298 -0.019111655589663486 0.030347992705748911 -0.05005888109413003 0.02780388696687823 0.03767206326552449 0.031797735748972288 -0.067641783676504794 -0.0047326148392741307 0.0082244891082602876 -0.023776135760344264 0.028782721968792169 0.013653418853233576 -0.039434094830395207 -0.052910010176693639 0.0042751319909069552 0.050872692216294424 0.044755411954059562 0.031607872007926911 0.0247276214377289 0.049017272222047013 -0.00058733535588931793 0.043497172571667631 -0.043293972744588308 0.014405098421606114 -0.038482935395118475 0.023112083914848078
leaf_weight=1489.3049867461086 111.19961943873204 218.46211927977856 58.289213233045302 23.092651461949572 106.4226253212255 1091.5019439198077 167.64347020763671 318.32236926583573 55.445833048957866 129.43942775030155 6.2406436885939902 41.315302976436215 197.56260676344391 36.167106304783374 32.857861254276941 25.884870378708001 6.3433629142818964 4.7077094601991112 263.92754135228461 64.966125267092139 97.818624703679234 163.46951765799895 54.697052387986332 530.59717880468816 31.963644561474212 46.120881542214192 7.5588963755872127 24.633572349441238 35.633705923333764 14.029291954124345
leaf_count=862486 33652 3461 15636 2115 13284 3212 85545 2745 802 395 151 7847 9608 2687 2601 2454 841 1772 6972 125 306 476 357 867 695 192 129 1076 11484 77
internal_value=0 0.0247427 -0.0480015 0.0293617 -0.00421292 0.0236538 -0.0286084 0.0149885 0.00529741 0.0388004 0.0300031 -0.0407161 -0.000164969 0.00778737 -0.0042823 -0.0144698 0.0264902 0.018545 0.000894421 0.0328314 0.0295222 0.02371 0.00981284 0.0441465 -0.0115406 0.0468181 0.0295842 -0.0128118 -0.0203618 -0.000139358
internal_weight=0 3599.98 1855.64 3104.72 495.264 1934.72 366.332 843.222 384.065 1169.99 442.248 244.592 328.619 518.557 121.74 84.1741 324.666 37.5656 300.095 419.156 354.189 256.371 92.9013 727.746 38.2043 598.306 67.7091 131.056 76.949 21.5882
internal_count=1074050 84225 989825 25803 58422 19918 127339 16706 24770 5885 4225 104876 23968 13120 22463 18090 3586 4373 9659 2110 1985 1679 1203 1660 846 1265 398 14360 19331 206
is_linear=0
shrinkage=0.05


Tree=27
num_leaves=31
num_cat=0
split_feature=0 0 0 40 189 85 0 68 85 142 135 189 154 147 168 189 168 188 168 2 151 2 85 105 120 85 136 82 168 69
split_gain=2451.46 184.961 67.1847 65.5522 54.2396 40.7392 37.1287 28.0934 20.2726 18.1024 18.0446 14.9943 14.9023 14.4391 13.5481 13.0694 12.8657 12.0474 12.032 14.5212 11.6735 9.96401 9.82137 9.79161 9.77303 9.68181 9.18266 14.0394 9.12106 8.86125
threshold=0.11665055024126079 0.60678019017954943 0.010406240774075972 2.5000000000000004 0.56680450000000004 5.708333333335001 0.86620967868038068 0.029202500000000003 6.2916666666650007 0.09480050000000001 2.5000000000000004 0.58688250000000008 2.1664360000000005 2.5000000000000004 9.5000000000000018 0.53855800000000009 12.500000000000002 575.50000000000011 14.500000000000002 6044.0000000000009 213.50000000000003 182686.50000000003 152.58333333350001 25.550000000000004 1.5000000000000002 10.100000000000001 15.63333333335 4.5000000000000009 15.500000000000002 5.5000000000000009
decision_type=2 2 2 2 2 2 2 2 2 2 2 2 2 2 2 2 2 2 2 2 2 2 2 2 2 2 2 2 2 2
left_child=2 4 -1 6 15 14 9 13 21 22 20 -7 18 16 17 -2 -6 -4 19 -8 -10 -5 28 -13 -21 -11 -20 -28 -3 -23
right_child=1 3 5 8 7 11 12 -9 10 25 -12 23 -14 -15 -16 -17 -18 -19 26 24 -22 29 -24 -25 -26 -27 27 -29 -30 -31
leaf_value=-0.052689565009315521 -0.052493579006409823 0.0071092179480918387 -0.028312275362651646 0.045214054692395041 0.002393697249248229 -0.050707681745430722 0.035346351182282743 0.042995383414494298 -0.010622845858224168 0.025560711434933176 0.043237406941833818 -0.030978971779306835 0.033615608939506929 0.019933137923468111 -0.025776534372017403 -0.018888380037780837 -0.022117236200562232 0.015081025026579195 0.017749591591418527 0.019180140485277532 0.022670445692183381 0.035342212033896335 -0.039168948355070565 0.020785075544377321 0.051185104530051297 -0.039241524706596288 -0.038158406348605595 0.019907681238046003 -0.025069849324978962 -0.016455334836283576
leaf_weight=1411.8463447305548 44.461198089324171 195.47897450218443 21.335296428558649 649.18297538743354 246.41398719925201 160.52468716871226 263.94211999326944 46.833632813417353 37.620586014701985 146.28901160089299 78.591654419666156 56.059184976824326 538.05835475493222 88.445307256886736 67.411424497608095 82.837485317664687 68.397537969838595 63.905403452867176 131.65823817928322 467.56695886864327 87.715864673024043 252.66459679137915 14.376939922221935 10.914235157193614 25.134774699807167 6.0003205339889965 20.865380096482113 20.774245428619906 24.81672035169322 8.5358417956158501
leaf_count=849956 18417 4684 5448 1478 14453 87934 928 259 993 1678 361 17477 1595 3324 21464 17451 8849 6409 973 2439 1333 618 2017 1137 63 238 304 164 1545 61
internal_value=0 0.0240838 -0.0476659 0.0291189 -0.00180969 -0.0290084 0.0233609 0.00634028 0.0387041 0.00958288 0.0244548 -0.0424163 0.0269927 0.00208321 -0.00902657 -0.0306256 -0.00293167 0.00421991 0.0231608 0.0258826 0.0126772 0.041896 0.000871093 -0.0225433 0.0208128 0.0230075 0.0112769 -0.00918891 0.00348419 0.0336495
internal_weight=0 3546.66 1792 2969.27 577.389 380.15 1854.96 450.09 1114.31 386.962 203.928 227.498 1468 403.257 152.652 127.299 314.812 85.2407 929.942 756.644 125.336 910.383 234.673 66.9734 492.702 152.289 173.298 41.6396 220.296 261.2
internal_count=1074050 84225 989825 21472 62753 139869 16628 26885 4844 10162 2687 106548 6466 26626 33321 35868 23302 11857 4871 3430 2326 2157 8246 18614 2502 1916 1441 468 6229 679
is_linear=0
shrinkage=0.05


Tree=28
num_leaves=31
num_cat=0
split_feature=0 0 148 0 135 40 85 189 168 159 0 118 189 122 168 196 189 139 85 189 94 189 177 0 144 188 163 169 159 183
split_gain=2312.03 178.332 81.4408 66.1353 48.2684 46.1359 36.9909 33.7194 22.0715 20.9868 18.4148 17.4686 17.3319 14.2393 14.2266 13.2275 19.2211 12.7257 12.5925 12.1756 11.814 11.5002 11.3915 10.506 10.9981 10.3128 10.2509 10.0949 10.4129 9.82834
threshold=0.11665055024126079 0.7740980979447657 2.5000000000000004 0.012339227772512141 1.5000000000000002 5.5000000000000009 4.2916666666650007 0.5425715000000001 6.5000000000000009 116.50000000000001 0.94875966535953815 33.500000000000007 0.58688250000000008 0.58571428571450013 8.5000000000000018 0.010063625000000001 0.57796250000000005 0.036694000000000011 8.0833333333350019 0.59284850000000011 0.58333333333350013 0.5683895000000001 30.500000000000004 0.94875966535953815 3.5000000000000004 663.50000000000011 105.50000000000001 9.5000000000000018 119.50000000000001 3.5000000000000004
decision_type=2 2 2 2 2 2 2 2 2 2 2 2 2 2 2 2 2 2 2 2 2 2 2 2 2 2 2 2 2 2
left_child=3 2 7 -1 11 9 27 -2 17 10 13 -4 -8 21 -13 -10 -17 19 -18 -9 22 -3 -6 24 -7 -20 -16 28 -5 -26
right_child=1 5 4 6 20 23 12 8 15 -11 -12 14 -14 -15 26 16 18 -19 25 -21 -22 -23 -24 -25 29 -27 -28 -29 -30 -31
leaf_value=-0.052275261559672839 -0.049275297056712596 -0.016613704134462608 -0.0058152749922205484 -0.0057653283526510647 -0.019806020900901763 0.036044572804468482 -0.04912211522586088 -0.029851843684933002 0.0099250752257481478 0.035542636436827639 0.027201385220308533 0.033020608408758638 -0.019841527520852158 0.024615647409480329 -0.013653751928064096 -0.042996477024421276 0.0016372894044027139 0.026540275968869848 -0.037202859477751024 0.023813203224787399 0.055825064587118257 0.011910841337431375 0.033028719573991908 0.045550877983067582 -0.022243832762490371 0.067178115948324804 0.021174338536411458 -0.029963262446567513 0.035927952790826022 0.06367707082581589
leaf_weight=1376.2643447726732 53.937096675363136 41.211879261420108 166.39003457102808 69.542931278934702 11.04041905683698 363.99185784510337 156.01379322572029 26.554704925685655 42.687124546035193 410.78223496262217 840.14974577492103 75.904580832866486 74.755149478674866 225.11034937715158 43.647494487464428 64.969450460426742 84.757345035672188 62.866938662191387 41.70032098289812 17.557560018845834 57.288269534707069 247.79823850351386 134.32978307708981 420.60825855447911 14.783520949073138 2.5086755827069274 40.947614322940353 30.931586272199638 19.085330883273855 4.295333892107009
leaf_count=862486 20745 1670 11403 12697 804 1090 85545 3794 2905 1578 2715 1289 19331 1718 3180 13267 3782 1168 4952 530 88 2787 2395 697 347 12 1305 8844 922 4
internal_value=0 0.0233804 0.00458249 -0.0473381 0.0174226 0.0301648 -0.0279424 -0.0125213 -0.00675186 0.0256432 0.0226404 0.00553672 -0.039637 0.0151872 0.0173053 -0.0152726 -0.0208189 0.0120949 -0.00964648 -0.00849209 0.0365945 0.00784334 0.0290161 0.0400952 0.0341049 -0.0312797 0.00320452 -0.00537013 0.00321296 -0.00289996
internal_weight=0 3495.82 927.087 1726.59 529.548 2568.73 350.329 397.539 343.602 1765.05 1354.27 326.89 230.769 514.12 160.5 236.623 193.936 106.979 128.966 44.1123 202.658 289.01 145.37 803.679 383.071 44.209 84.5951 119.56 88.6283 19.0789
internal_count=1074050 84225 71619 989825 20464 12606 127339 51155 30410 10468 8890 17177 104876 6175 5774 24918 22013 5492 8746 4324 3287 4457 3199 2138 1441 4964 4485 22463 13619 351
is_linear=0
shrinkage=0.05


Tree=29
num_leaves=31
num_cat=0
split_feature=0 0 0 40 189 0 85 40 148 140 189 145 188 0 143 188 40 40 140 159 187 142 85 57 99 169 102 0 168 111
split_gain=2181.05 170.831 67.8458 65.3185 50.4459 41.4585 36.0279 22.97 22.5296 19.266 15.5808 14.419 14.3252 13.7005 12.0063 11.7035 12.0191 10.9494 10.0744 9.91244 9.42896 9.29187 9.07872 9.04813 8.9455 8.70623 8.53038 8.95692 8.52485 8.21796
threshold=0.11665055024126079 0.53809039466125175 0.012339227772512141 2.5000000000000004 0.56680450000000004 0.7740980979447657 5.708333333335001 44.500000000000007 2.5000000000000004 14.845238095200001 0.55341550000000017 142.00000000000003 652.50000000000011 0.94875966535953815 20.500000000000004 562.50000000000011 4.5000000000000009 1825.0000000000002 4.267857142855001 119.50000000000001 0.12035550000000002 0.088099500000000011 7.083333333335001 16.500000000000004 17.500000000000004 4.5000000000000009 184.50000000000003 0.86620967868038068 15.500000000000002 0.045190500000000008
decision_type=2 2 2 2 2 2 2 2 2 2 2 2 2 2 2 2 2 2 2 2 2 2 2 2 2 2 2 2 2 2
left_child=2 4 -1 5 -2 11 15 14 10 13 -5 18 -8 28 -6 -4 19 22 -3 -17 -15 -9 25 29 -24 -10 -12 -28 -7 -11
right_child=1 3 6 8 7 9 12 21 17 23 26 -13 -14 20 -16 16 -18 -19 -20 -21 -22 -23 24 -25 -26 -27 27 -29 -30 -31
leaf_value=-0.052077759223198718 -0.03545408355293847 -0.033386483803723908 -0.046691668164151448 -0.021480851806955397 -0.013092886475698704 0.013912690170226047 -0.043605894585589194 0.0097507991142696676 0.050149758992759176 0.028956283716562687 0.031334771463162797 0.033915370577644648 0.028529968485175163 0.025485946288137881 0.0065442229659522164 -0.016052021703593572 0.034077453761792449 0.053095693378996917 0.0012495318868740802 0.024429823009087213 -0.0093129462872962102 0.052204662386112266 -0.02177017038303845 -0.025407221758709492 0.028493326837747409 0.036690789038998244 -0.027915901676306927 0.023655325230934592 -0.011734240916982233 0.047025595118359804
leaf_weight=1322.8070100089244 105.17881494874018 23.707843881915323 17.47652606619522 18.175557076698169 129.32375685666921 282.13249866844853 191.77413778062328 22.310953639011132 159.10642374109011 702.06729217804968 174.96737772156484 30.869725165539421 7.1385363211738868 500.04105580411851 195.51737204776146 91.703292506455909 18.609643601957941 145.03520748834126 183.43395544029772 18.107574132940499 20.254295243881643 30.519077575649135 10.180506438948212 7.2856776149710631 67.831579177756794 490.8234089333564 13.325510777067391 22.868338309461251 36.604571643227246 69.119715785607696
leaf_count=862486 33652 2732 7055 1942 14360 3471 96494 679 268 2848 935 328 469 1821 9608 20792 1146 214 7021 1383 73 123 134 333 570 1261 438 123 1115 176
internal_value=0 0.0227453 -0.0469287 0.0272467 -0.00482954 0.0215198 -0.0271753 0.00369919 0.0368868 0.0243867 0.0229405 0.00203622 -0.0410171 0.0191305 -0.00127358 -0.00830378 -0.00307964 0.0405506 -0.00271464 -0.00937665 0.0241313 0.0342757 0.0380511 0.0300519 0.021934 0.0399856 0.026764 0.00466832 0.0109673 0.0305758
internal_weight=0 3440.68 1667.62 2957.83 482.85 1855.52 344.81 377.671 1102.31 1617.51 229.337 238.012 198.913 839.032 324.841 145.897 128.421 872.977 207.142 109.811 520.295 52.83 727.942 778.473 78.0121 649.93 211.161 36.1938 318.737 771.187
internal_count=1074050 84225 989825 25803 58422 19918 127339 24770 5885 9837 3438 10081 96963 6480 23968 30376 23321 2447 9753 22175 1894 802 2233 3357 704 1529 1496 561 4586 3024
is_linear=0
shrinkage=0.05


Tree=30
num_leaves=31
num_cat=0
split_feature=0 0 0 40 142 0 85 189 40 130 148 189 189 168 168 118 188 105 142 64 168 3 0 190 0 189 196 201 169 159
split_gain=2053.93 163.16 69.8757 63.6922 46.541 36.97 35.9573 25.9218 23.0954 22.0368 21.1591 20.8037 17.4088 12.2363 11.3557 11.2176 10.2982 10.2606 10.2021 10.1785 10.1749 11.2066 9.98763 10.6705 9.91968 11.2699 12.027 9.88794 9.88021 10.5128
threshold=0.11665055024126079 0.60678019017954943 0.012339227772512141 2.5000000000000004 0.058646500000000011 0.94875966535953815 4.2916666666650007 0.5425715000000001 14.500000000000002 1.5939485000000002 4.5000000000000009 0.55341550000000017 0.58688250000000008 10.500000000000002 7.5000000000000009 49.500000000000007 681.50000000000011 23.900000000000002 0.19747350000000002 99.500000000000014 19.500000000000004 68784.500000000015 0.7740980979447657 0.0033510000000000002 0.86620967868038068 0.58948950000000011 0.033136500000000006 72.500000000000014 9.5000000000000018 119.50000000000001
decision_type=2 2 2 2 2 2 2 2 2 2 2 2 2 2 2 2 2 2 2 2 2 2 2 2 2 2 2 2 2 2
left_child=2 4 -1 5 7 9 28 -2 15 14 11 -5 -8 -9 -3 -6 20 -15 -18 -11 21 -7 23 -16 25 26 -13 -23 29 -4
right_child=1 3 6 10 8 16 12 13 -10 19 -12 24 -14 17 22 -17 18 -19 -20 -21 -22 27 -24 -25 -26 -27 -28 -29 -30 -31
leaf_value=-0.051893221222042311 -0.051377775456142673 0.018001000355333568 -0.0052368531323779928 -0.022699396279230694 -0.0022642994638314069 0.034542035714573378 -0.048358991739935242 -0.0020503695968126143 0.039739616614891178 0.025004225666477326 0.042221990446639761 0.014415747057654173 -0.018426432514686921 -0.036249436212038695 0.050325360910855189 0.023243882722839559 -0.058422454446174957 0.0048468457505325769 0.013211266482560919 -0.047498705312094588 0.0032272288713648591 0.0025971638431275821 0.0060807298574053889 -0.019090379363979136 0.035787844493676023 0.031737354747329492 -0.041795069417683309 0.026247301567476851 -0.029034234157126762 0.035740735399788851
leaf_weight=1270.5789876529889 45.37029860081384 140.7804375080741 69.545153321145335 19.578412057308014 161.2726140061277 494.72782866889611 146.04313550588267 157.93832794940681 59.172039016266353 280.55514205887448 657.95613883819897 38.872246985789388 72.785358532157261 60.665223108051578 5.9692576146917409 58.820026167086326 6.1318683288991442 20.260701674968004 26.241712097078562 4.9257466951385132 38.879069366492331 49.54665607586503 244.96356872789329 76.306025515543297 252.50971283460967 67.285614302381873 12.600751475547439 409.2128122174181 30.30489335861057 20.197399076016154
leaf_count=862486 20697 1891 12697 1522 11448 1396 85545 13813 529 2301 1540 388 19331 12530 95 1765 26 1971 85 564 269 180 4137 4428 697 315 382 1256 8844 922
internal_value=0 0.0220792 -0.0465128 0.0269761 -0.00248843 0.0212124 -0.0263397 -0.0167317 0.0120084 0.012805 0.0367483 0.0275339 -0.038403 -0.010151 0.00612676 0.00455279 0.0273945 -0.0259605 -0.000356851 0.0237532 0.0282998 0.0293222 0.00101837 -0.0140541 0.0301829 0.0182655 0.000655163 0.0236931 -0.00435001 0.00398554
internal_weight=0 3390.54 1609.45 2827.04 563.499 1778.24 338.876 284.235 279.265 753.5 1048.8 390.847 218.828 238.864 468.019 220.093 1024.74 80.9259 32.3736 285.481 992.366 953.487 327.239 82.2753 371.268 118.759 51.473 458.759 120.047 89.7426
internal_count=1074050 84225 989825 21472 62753 16628 127339 49011 13742 13416 4844 3304 104876 28314 10551 13213 3212 14501 111 2865 3101 2832 8660 4523 1782 1085 770 1436 22463 13619
is_linear=0
shrinkage=0.05


Tree=31
num_leaves=31
num_cat=0
split_feature=0 0 0 40 142 0 189 189 154 113 40 148 189 180 85 168 155 179 108 186 159 135 168 112 77 95 186 151 3 173
split_gain=1932.74 158.036 74.9481 59.5957 43.665 37.6475 35.4506 22.8975 21.8036 20.8663 20.3219 19.2515 14.8794 16.2683 14.6687 14.6352 11.459 11.2029 10.5219 10.2294 9.69547 12.0322 9.43664 10.7521 9.34446 9.25782 8.95461 8.97748 11.4844 10.4794
threshold=0.11665055024126079 0.60678019017954943 0.012339227772512141 2.5000000000000004 0.054103000000000005 0.94875966535953815 0.55406350000000015 0.5425715000000001 0.72798000000000007 0.049373500000000008 40.500000000000007 6.5000000000000009 0.5903695000000001 1.2916666666650001 4.2916666666650007 9.5000000000000018 0.46428571428550008 0.091563000000000019 0.05971400000000001 0.087428500000000006 119.50000000000001 1.0000000180025095e-35 10.500000000000002 0.61766125000000016 0.056311000000000007 2155.5000000000005 0.20759250000000004 47.500000000000007 43454.500000000007 0.052843250000000008
decision_type=2 2 2 2 2 2 2 2 2 2 2 2 2 2 2 2 2 2 2 2 2 2 2 2 2 2 2 2 2 2
left_child=2 4 -1 5 7 9 -4 -2 17 14 16 12 13 -5 19 -10 -6 -8 -15 -3 21 -11 -9 -24 -23 -16 27 -7 29 -29
right_child=1 3 6 11 10 26 8 22 15 20 -12 -13 -14 18 25 -17 -18 -19 -20 -21 -22 24 23 -25 -26 -27 -28 28 -30 -31
leaf_value=-0.051758620942124883 -0.050839476219097957 -0.01605875801001402 -0.052023219705591317 0.00076826099543391693 0.021239218486863363 0.018907702964431693 -0.038706523741931211 -0.0036450861401296723 0.011500382011370505 -0.0085578446453966599 0.040505241772253286 0.042879336089109862 0.036974620944538149 0.030465186538466183 -0.0042350023889379312 -0.019930153325830157 -0.0023335181303672683 0.023832841641133341 -0.064900802742972885 0.018592148187855911 0.03723670103200287 0.017201205094098278 -0.038426524073556817 0.0025674946459882599 0.047595168988648316 -0.058921710677013663 -0.0025254855000032398 0.0015498344302350775 0.024464993112978683 0.038815056049057745
leaf_weight=1220.9087161270581 43.443418659997405 24.826592840952799 89.442373437603237 75.085117031645495 73.242284456326161 220.26790404645726 89.307472422369756 144.36303416249575 79.024344969438971 41.631958290934563 47.021877754945308 503.71763409045525 283.63875472056679 164.21622836554889 169.77558805281296 69.707291142331087 174.10680175799644 7.7850660083349785 2.9441696242429307 149.90807629283518 68.523650472518057 252.13165485172067 51.016587335267104 23.300689473398961 28.107421688735485 8.1086294053238799 24.972204431891441 19.958766810130328 394.80134207708761 344.44500004220754
leaf_count=862486 20662 763 54030 1736 2786 829 41479 13243 9693 663 381 1128 821 1144 5365 21114 11949 1023 15 1973 365 2838 11597 2135 120 1329 91 85 1298 909
internal_value=0 0.0214778 -0.0460085 0.0263512 -0.00284183 0.0207288 -0.025069 -0.0176841 -0.0152618 0.0121959 0.0103745 0.0358935 0.0292021 0.0201014 0.00337944 -0.00323043 0.00464658 -0.033692 0.0287855 0.0136689 0.0201592 0.0165236 -0.0110974 -0.0255737 0.0202497 -0.00672783 0.0270409 0.0277947 0.0303731 0.036774
internal_weight=0 3333.56 1556.18 2777.06 556.495 1747.46 335.267 262.124 245.824 743.014 294.371 1029.6 525.884 242.246 352.619 148.732 247.349 97.0925 167.16 174.735 390.395 321.871 218.68 74.3173 280.239 177.884 1004.45 979.473 759.205 364.404
internal_count=1074050 84225 989825 21472 62753 16628 127339 47637 73309 13416 15116 4844 3716 2895 9430 30807 14735 42502 1159 2736 3986 3621 26975 13732 2958 6694 3212 3121 2292 994
is_linear=0
shrinkage=0.05


Tree=32
num_leaves=31
num_cat=0
split_feature=0 0 0 148 40 40 189 189 168 154 105 135 168 2 154 77 0 85 145 159 168 168 201 188 173 102 159 168 142 68
split_gain=1825.57 152.887 73.1589 69.4719 45.4805 44.2318 34.1223 26.9278 22.1205 19.5249 18.9153 18.3009 15.6442 13.892 13.7995 13.5926 13.1449 12.9443 12.8098 12.4824 12.4524 12.332 11.5953 11.243 10.8778 10.7397 10.5413 10.4795 9.53403 9.16426
threshold=0.11665055024126079 0.7740980979447657 0.012339227772512141 2.5000000000000004 1.0000000180025095e-35 38.500000000000007 0.55406350000000015 0.57572950000000012 13.500000000000002 0.72798000000000007 6.083333333335001 1.0000000180025095e-35 12.500000000000002 2826.5000000000005 0.59566550000000007 0.017245000000000003 0.94875966535953815 5.3666666666650009 140.50000000000003 23.500000000000004 8.5000000000000018 9.5000000000000018 94.500000000000014 682.50000000000011 0.052284133333350004 17.500000000000004 119.50000000000001 10.500000000000002 0.081542500000000018 0.096819500000000017
decision_type=2 2 2 2 2 2 2 2 2 2 2 2 2 2 2 2 2 2 2 2 2 2 2 2 2 2 2 2 2 2
left_child=2 3 -1 7 10 12 -4 19 16 25 15 26 18 27 -10 23 17 24 -5 -2 -21 -11 -16 -3 -6 -8 -9 -12 -15 -18
right_child=1 4 6 5 8 -7 9 11 14 21 13 -13 -14 28 22 -17 29 -19 -20 20 -22 -23 -24 -25 -26 -27 -28 -29 -30 -31
leaf_value=-0.051541506556577105 -0.049986620386017977 0.0056226537982070821 -0.051940394314841633 0.0074212854481517238 -0.0077219761944476275 0.042000435421966881 -0.0080117381725901306 -0.047281371942431649 -0.047785490467242231 0.0097024989268520868 0.041559993079647056 0.0051948670646050276 -0.012046870072913453 0.012213124379018418 0.0027456146971052871 0.031177101546155279 0.040138888296488533 0.015735190105403234 0.0337021614769056 -0.0033832373049837469 -0.035529623546885422 -0.019289516079075565 0.041396079582450417 -0.063140295372675445 0.037029035165744892 -0.044306528335752215 0.030483649211009697 0.022955299456851291 0.024476830361193521 0.061806289288205529
leaf_weight=1172.2892585434747 46.889614585525123 211.29776660067728 85.663857125749928 249.16199861449422 14.107795781921594 118.02655241795583 29.683723123205709 28.116242795542348 8.9414874609792587 78.537112420308404 166.36627557082102 176.64700849127257 84.001883217948489 239.24046062014531 50.386622650548816 56.697658809833229 481.44615037553012 108.26234412286431 56.967158149112947 59.785288631086587 60.722343214045395 68.819147466143477 31.559101825696416 6.1165633378550401 362.48152440460399 65.042565306386678 5.1570685665938063 138.86785963503644 469.46760604996234 54.304917618632317
leaf_count=862486 14563 2479 54030 10825 122 1116 8022 3283 562 9693 399 8507 7921 2247 528 330 932 942 602 8081 16608 21114 205 34 933 34480 113 726 2118 49
internal_value=0 0.0208693 -0.045703 0.00311262 0.0274218 0.0151808 -0.0248196 -0.0131403 0.0348321 -0.0152225 0.0210274 -0.00121241 0.00706701 0.0241778 0.0111951 0.00937398 0.036937 0.0309722 0.0123119 -0.0280982 -0.0195814 -0.00383751 0.0176308 0.00368813 0.0353526 -0.0329331 -0.0352285 0.0330957 0.0203369 0.0423351
internal_weight=0 3285.02 1500.04 885.475 2399.54 508.158 327.746 377.318 1111.49 242.083 1288.05 209.92 390.131 1013.94 90.8872 274.112 1020.6 484.852 306.129 167.397 120.508 147.356 81.9457 217.414 376.589 94.7263 33.2733 305.234 708.708 535.751
internal_count=1074050 84225 989825 71619 12606 20464 127339 51155 4273 73309 8333 11903 19348 5490 1295 2843 2978 1997 11427 39252 24689 30807 733 2513 1055 42502 3396 1125 4365 981
is_linear=0
shrinkage=0.05


Tree=33
num_leaves=31
num_cat=0
split_feature=0 0 135 0 189 154 57 106 189 143 68 2 40 163 163 111 158 163 168 177 40 85 36 201 163 113 130 189 189 187
split_gain=1735.54 183.466 73.5569 66.8422 54.4491 34.8603 26.9249 20.6935 20.0085 19.6937 18.0657 16.7407 13.3122 12.2941 17.5884 12.3686 11.566 11.5185 11.3606 11.239 10.5251 10.2386 10.23 10.0712 9.96584 9.89658 9.84303 9.37876 9.21756 9.18005
threshold=0.37969951586789719 0.012339227772512141 1.5000000000000002 0.94875966535953815 0.57387650000000012 0.92586500000000005 7.5000000000000009 0.029506500000000001 0.54966050000000011 20.500000000000004 0.086694000000000007 182686.50000000003 764.50000000000011 106.50000000000001 99.500000000000014 0.027653 1.5000000000000002 100.50000000000001 10.500000000000002 50.000000000000007 1.0000000180025095e-35 6.2916666666650007 3102.5000000000005 76.500000000000014 117.50000000000001 0.086234500000000006 3.3147230000000003 0.54296050000000007 0.58688250000000008 0.03842700000000001
decision_type=2 2 2 2 2 2 2 2 2 2 2 2 2 2 2 2 2 2 2 2 2 2 2 2 2 2 2 2 2 2
left_child=1 -1 3 5 7 22 10 27 -7 18 11 21 28 14 15 -10 -13 -16 20 -11 -6 -4 -2 -18 -5 -21 -15 -3 -8 -29
right_child=2 4 6 24 9 8 12 -9 13 19 -12 16 -14 26 17 -17 23 -19 -20 25 -22 -23 -24 -25 -26 -27 -28 29 -30 -31
leaf_value=-0.051362477917003796 -0.0044606528375693436 -0.053035258780012799 0.040295231537323367 0.023118093038432458 -0.02007564224376391 -0.037916498496342044 -0.031989289034291581 0.015189299907245858 0.0088777545564396477 -0.030146061999994506 0.051976882383567548 -0.0059200238595933791 0.041931999140519337 0.018417511570968079 -0.050187760096785175 0.032126249654272403 -0.0010713795231123739 0.0089083508500794346 -0.036507512855987391 -0.00047328696550210427 0.013874961926418053 0.021458094304512086 -0.054752621220145341 0.031518861090613373 0.033682380049580685 0.02312002276242154 0.040617270658818413 -0.015114821838196844 0.012580696329105232 -0.042379128365409788
leaf_weight=1127.1042954654404 280.09090343143907 90.100842795989593 516.12149811501149 637.6132581140846 71.898771493957611 17.568365622370038 24.584735114709474 17.962750173028326 262.59834771149326 22.308251440932509 156.29747999273241 32.993340134969912 15.981156512512824 166.47024551336654 18.666992111713625 73.145487445173785 28.198823822662234 14.769391271518542 60.318930965542677 135.71615840856975 33.447882542488514 83.856140841089655 10.490284659492316 148.76576048857532 343.51067171152681 66.093330182033242 71.324316883925349 49.585143929463811 21.964197606430389 81.818730076687643
leaf_count=862486 12721 55307 1735 2208 14328 3027 3529 2853 4191 3816 225 466 309 2114 790 552 144 196 19643 15654 3379 800 2930 492 1007 4017 401 14296 397 40037
internal_value=0 -0.0392879 0.0235908 0.0177506 -0.0176601 0.00803057 0.0343557 -0.0364248 0.0146871 -0.00613182 0.0364134 0.0334101 0.00255874 0.0162097 0.0104986 0.0139427 0.0212585 -0.0240841 -0.0192039 0.00353091 -0.00929622 0.0376625 -0.00627625 0.0263257 0.0268169 0.00725361 0.0250761 -0.0406104 -0.0109589 -0.032091
internal_weight=0 1756.36 2925.01 1896.25 629.251 915.124 1028.76 239.467 624.543 389.783 966.233 809.936 62.5301 606.975 369.18 335.744 209.958 33.4364 165.666 224.118 105.347 599.978 290.581 176.965 981.124 201.809 237.795 221.505 46.5489 131.404
internal_count=1074050 1035816 38234 30137 173330 26922 8097 112493 11271 60837 3862 3637 4235 8244 5729 4743 1102 986 37350 23487 17707 2535 15651 636 3215 19671 2515 109640 3926 54333
is_linear=0
shrinkage=0.05


Tree=34
num_leaves=31
num_cat=0
split_feature=0 0 148 40 189 0 144 143 159 57 59 196 135 0 142 168 40 72 113 36 159 169 80 142 188 159 2 36 59 112
split_gain=1635.9 179.687 72.6051 52.7904 50.9425 39.6652 23.2427 21.6582 19.9217 18.0885 15.9375 14.3466 14.3546 13.745 13.1162 13.0928 12.5721 15.0058 12.4126 11.8607 11.297 11.1339 11.1215 10.7692 9.78746 9.61168 9.46021 10.2478 10.1998 9.48371
threshold=0.37969951586789719 0.012339227772512141 2.5000000000000004 1.0000000180025095e-35 0.56713550000000013 0.86620967868038068 1.5000000000000002 24.500000000000004 119.50000000000001 2.5000000000000004 0.029483500000000003 0.011061625000000002 1.0000000180025095e-35 0.94875966535953815 0.090103500000000017 12.500000000000002 147.50000000000003 33.500000000000007 0.077111000000000013 1542.5000000000002 35.500000000000007 10.500000000000002 0.073181500000000024 0.049805000000000009 669.50000000000011 119.50000000000001 21207.500000000004 2340.5000000000005 0.017750000000000005 0.12202700000000001
decision_type=2 2 2 2 2 2 2 2 2 2 2 2 2 2 2 2 2 2 2 2 2 2 2 2 2 2 2 2 2 2
left_child=1 -1 5 7 10 6 23 -4 11 16 -3 -6 24 25 -10 26 17 21 20 -8 -14 -5 -20 -2 -13 -9 27 -7 29 -28
right_child=2 4 3 9 8 15 19 13 14 -11 -12 12 18 -15 -16 -17 -18 -19 22 -21 -22 -23 -24 -25 -26 -27 28 -29 -30 -31
leaf_value=-0.051181470571666846 -0.0049627478411888607 -0.04240738262259186 0.0072237034224764719 0.039431493714098063 0.017514460519371316 0.036589757263122573 -0.0078104168654791091 0.012071936679997428 -0.0038635587407313829 0.022600208103163016 0.019007627043108606 -0.041289314553623717 0.001484552088500078 0.02893684350281089 0.041118566550537181 0.0030248198112288885 0.048658449351855496 -0.024067337594030694 0.028106861550153281 -0.036641605357268119 -0.025635462861982473 0.021202533551694824 -0.010176836529604992 0.022588090853312745 0.038933589377082189 0.034706551241598549 -0.042831314007913714 -0.016689585243143821 0.039168747969785811 0.013058088824617738
leaf_weight=1081.3937367946201 60.934036577586085 180.5705617878557 253.99600060295779 471.06016190093942 36.161568375537172 145.65809547901154 127.29802127298899 275.96374987042509 33.795363243058091 208.66706616285956 11.219979011453686 62.456757951353211 54.912141451612115 519.75492737581953 31.136399097871617 92.170791812124662 242.00838112691417 10.521644474822095 33.504346109242761 49.559811876650201 127.69321844157821 101.88201521977317 43.730827049657819 84.875057703815401 4.0484587119426569 56.505804244312458 8.0889038243330997 9.6212288313545269 37.54213634505868 123.14049491914921
leaf_count=862486 3130 98337 4799 1483 3458 480 6701 4663 4397 2155 1740 16298 8796 1513 936 1022 426 96 2229 8657 30587 608 6458 1037 94 423 140 103 119 679
internal_value=0 -0.0388828 0.0229661 0.0276312 -0.017405 0.00945255 -0.00370486 0.0200389 -0.00779855 0.0357526 -0.0388145 -0.012367 -0.0156781 0.0238583 0.0177065 0.0196526 0.0390774 0.0351033 -0.0103729 -0.0158896 -0.0174801 0.03619 0.0064305 0.0110745 -0.0364058 0.0159189 0.024382 0.0332885 0.0161876 0.0096131
internal_weight=0 1700.62 2879.25 2140.36 619.23 738.889 322.667 1106.22 427.439 1034.14 191.791 362.507 326.346 852.224 64.9318 416.222 825.472 583.464 259.841 176.858 182.605 572.942 77.2352 145.809 66.5052 332.47 324.051 155.279 168.772 131.229
internal_count=1074050 1035816 38234 16166 173330 22068 19525 11398 73253 4768 100077 67920 64462 6599 5333 2543 2613 2187 48070 15358 39383 2091 8687 4167 16392 5086 1521 583 938 819
is_linear=0
shrinkage=0.05


Tree=35
num_leaves=31
num_cat=0
split_feature=0 0 0 40 200 107 0 40 189 113 188 74 168 85 0 168 168 188 188 40 62 189 62 70 40 144 118 2 173 187
split_gain=1546.31 142.214 71.4894 51.6705 46.8227 36.4332 30.9412 29.595 23.4802 17.4435 17.0847 17.0008 14.7507 13.3352 11.957 11.5922 11.4122 11.1995 10.9907 10.8589 11.8759 12.4288 10.4996 10.1099 9.4518 9.38344 9.22333 9.07681 8.9526 8.72461
threshold=0.11665055024126079 0.68981449621504665 0.0088049481694041625 5.5000000000000009 4.5000000000000009 27.500000000000004 0.94875966535953815 38.500000000000007 0.5425715000000001 0.061500500000000007 575.50000000000011 1.0000000180025095e-35 8.5000000000000018 4.2916666666650007 0.94875966535953815 4.5000000000000009 9.5000000000000018 633.50000000000011 618.50000000000011 188.50000000000003 30.500000000000004 0.58200600000000013 51.500000000000007 545.16666666650019 1.5000000000000002 4.5000000000000009 76.500000000000014 322947.00000000006 0.07155750000000001 0.04683650000000001
decision_type=2 2 2 2 2 2 2 2 2 2 2 2 2 2 2 2 2 2 2 2 2 2 2 2 2 2 2 2 2 2
left_child=2 4 -1 6 8 10 9 12 -2 13 -4 14 -6 27 19 -13 24 -7 23 20 21 28 -18 29 -12 -15 -8 -3 -5 -10
right_child=1 3 5 11 7 17 26 -9 18 -11 16 15 -14 25 -16 -17 22 -19 -20 -21 -22 -23 -24 -25 -26 -27 -28 -29 -30 -31
leaf_value=-0.051439250234929158 -0.049448407504620567 0.020410921738381313 -0.033114518049170212 0.018804530360713875 0.017152281752619385 -0.046146316501078741 0.023109560998559812 0.040536278532564328 0.0030147258303691508 0.020263776406383195 0.0024206880927056078 -0.0634439284242517 -0.00673408699220649 -0.0011666437747572228 0.044478597429677358 0.014683254337966897 -0.022050294790987583 0.0026670820415600656 0.0099325847151014186 0.041616804591944501 -0.027902832752183554 0.034096822252314168 0.077313981067932525 -0.045119504453685566 0.043211841252300251 -0.037051343522921394 0.034698542124100312 -0.0039460888629596581 -0.026005521841048769 -0.018067211276305971
leaf_weight=1006.412511694929 41.382216446407256 138.62439492112026 54.787015184381744 43.134817187441513 120.79225147387479 149.46529135861783 774.4764068047516 72.3149060496944 75.721422728500329 334.61954919155687 53.756131311296485 5.5103177102282634 139.01694305110141 158.54717370512662 328.10104625998065 34.314420791342854 52.071762289415346 12.753279381227911 59.68232090753736 159.32191672339104 10.262493597692808 165.37766247242689 2.8016325851931461 23.603886840050109 19.299637174000964 20.582192475791089 220.58685963880271 52.825032130582258 15.030556137440724 139.46107163891429
leaf_count=836838 21110 1620 25978 344 3157 98643 2841 491 7464 2886 8135 68 10676 3858 612 385 17530 1810 2515 442 82 487 76 5352 815 1460 537 848 439 16551
internal_value=0 0.0192814 -0.0447066 0.0248472 -0.00110538 -0.0250627 0.0200004 0.0122457 -0.0141529 0.0119882 -0.0097514 0.0356755 0.00437133 0.00451573 0.0374315 0.00387325 0.000254104 -0.0423087 -0.00925923 0.0315501 0.0246904 0.0271049 -0.0169771 -0.014056 0.0131968 -0.00528984 0.0256786 0.0136903 0.00722513 -0.0106486
internal_weight=0 3133.29 1351.35 2461.31 671.975 344.935 1700.26 332.124 339.851 705.198 182.716 761.053 259.809 370.579 721.228 39.8247 127.929 162.219 298.469 393.127 233.806 223.543 54.8734 238.786 73.0558 179.129 995.063 191.449 58.1654 215.182
internal_count=1074050 84225 989825 16909 67316 152987 14050 14324 52992 10672 52534 2859 13833 7786 2406 453 26556 100453 31882 1794 1352 1270 17606 29367 8950 5318 3378 2468 783 24015
is_linear=0
shrinkage=0.05


Tree=36
num_leaves=31
num_cat=0
split_feature=0 0 0 88 40 189 189 40 0 154 136 189 130 185 143 154 135 168 179 189 187 2 40 70 143 3 186 159 168 159
split_gain=1464.51 137.774 70.2007 61.6135 46.3879 36.935 30.5966 22.0908 19.3927 16.1803 15.5268 15.3577 15.2737 15.2304 14.498 11.4217 14.1169 10.4866 10.1269 9.85126 11.8384 9.2827 8.88054 8.7135 8.43153 8.16879 8.16876 8.80174 8.11374 8.11349
threshold=0.11665055024126079 0.7740980979447657 0.012339227772512141 0.019188000000000004 5.5000000000000009 0.57261050000000002 0.55406350000000015 1.0000000180025095e-35 0.94875966535953815 0.72798000000000007 9.9000000000000021 0.53855800000000009 1.5939485000000002 0.0081185000000000025 44.500000000000007 1.2728575000000004 1.5000000000000002 9.5000000000000018 0.091563000000000019 0.58611250000000015 0.050228000000000009 114529.50000000001 54.500000000000007 309.12500000000006 4.5000000000000009 996929.50000000012 0.20759250000000004 57.500000000000007 15.500000000000002 89.500000000000014
decision_type=2 2 2 2 2 2 2 2 2 2 2 2 2 2 2 2 2 2 2 2 2 2 2 2 2 2 2 2 2 2
left_child=2 3 -1 5 8 11 -4 14 12 18 -5 -2 28 -13 -7 16 -6 -11 -8 20 21 -9 -15 -17 -21 -18 -10 -28 -3 -25
right_child=1 4 6 10 15 7 9 19 26 17 -12 13 -14 22 -16 23 25 -19 -20 24 -22 -23 -24 29 -26 -27 27 -29 -30 -31
leaf_value=-0.050854778947324354 -0.04877670058898724 0.0098716875060872004 -0.051186225686553538 0.051466466160348258 -0.015888707492656771 -0.011115339012488991 -0.036489228323617853 0.032234258766582397 0.025653594591373743 0.00855962293737309 0.011296702001843703 0.0058986141302848037 0.023514552811683756 -0.03315358766138872 0.010597478367761287 0.043576762275115921 0.038216488395162146 -0.018614317365629112 0.02430139481395497 -0.060594925125284319 -0.039652477071387152 -0.024382830228996441 0.0081114219309552562 -0.041706098399790066 0.024827778752404016 0.01935693924223534 0.021824039555279232 -0.038541779502498381 -0.012496779100798249 0.028191487478189604
leaf_weight=997.63613732736849 41.985866666102083 309.34996066475287 75.134038127202075 68.744888902874663 16.890341585618444 240.66185558604775 80.491308336873772 22.282663243298884 956.54990434227511 76.483713147521485 37.005388098245021 56.873642285878304 228.03555734606925 82.480457347730407 112.96881284180563 376.09794732066803 157.76805305993184 66.26124331880419 7.4881359377177423 2.9473464974435037 15.063950424402718 10.723895351227837 15.486109206249237 5.3796870778314796 145.12731158424867 90.267062315484509 14.452243953943254 10.372194956056772 46.654585794080049 18.187730636447668
leaf_count=862486 20407 4050 54030 152 253 18007 41479 446 3286 9693 481 4763 1639 17004 3360 761 714 21114 1023 388 1563 312 1825 45 2911 314 48 44 1401 51
internal_value=0 0.0187889 -0.04443 0.00169054 0.0253243 -0.00336881 -0.0234738 0.00328535 0.0206255 -0.0144494 0.0374098 -0.0219552 0.0134116 -0.0146824 -0.00417909 0.036392 0.0283411 -0.00405434 -0.0313152 0.016743 -0.00292355 0.0138393 -0.0266306 0.0417287 0.0231275 0.031353 0.0249187 -0.00339812 0.00694029 0.0122361
internal_weight=0 3082.36 1303.49 852.352 2230.01 746.602 305.858 549.776 1565.41 230.724 105.75 196.826 584.04 154.84 353.631 664.591 264.925 142.745 87.9794 196.145 48.0705 33.0066 97.9666 399.665 148.075 248.035 981.374 24.8244 356.005 23.5674
internal_count=1074050 84225 989825 71619 12606 70986 127339 26987 10468 73309 633 43999 7090 23592 21367 2138 1281 30807 42502 5620 2321 758 18829 857 3299 1028 3378 92 5451 96
is_linear=0
shrinkage=0.05


Tree=37
num_leaves=31
num_cat=0
split_feature=0 0 40 0 0 189 189 40 200 74 59 140 147 154 189 113 105 196 40 70 156 136 48 173 179 159 159 76 161 111
split_gain=1384.58 158.603 61.4796 43.1451 40.4735 34.1627 25.6816 22.5082 18.0514 15.7086 14.9522 14.8509 12.8954 12.5968 12.5226 11.3835 11.2515 10.5316 9.93943 9.84341 9.66275 10.3855 9.33335 9.2495 11.6895 9.38155 12.0365 11.9622 9.31101 9.20478
threshold=0.072661120000328969 0.53809039466125175 6.5000000000000009 0.0088049481694041625 0.86620967868038068 0.56680450000000004 0.58688250000000008 13.500000000000002 6.5000000000000009 1.0000000180025095e-35 0.029691500000000003 14.845238095200001 2.5000000000000004 0.77380800000000016 0.58948950000000011 0.093043500000000015 7.7750000000000012 0.031756625000000004 1758.5000000000002 6.708333333335001 0.63333333333350017 3.9000000000000004 15.500000000000002 0.050109500000000008 0.018465000000000002 111.50000000000001 74.500000000000014 4.5000000000000009 2.5000000000000004 0.029506500000000001
decision_type=2 2 2 2 2 2 2 2 2 2 2 2 2 2 2 2 2 2 2 2 2 2 2 2 2 2 2 2 2 2
left_child=3 5 4 -1 8 -2 10 12 14 13 -5 23 15 20 -3 -7 -8 -12 -15 -11 21 -4 -13 24 -6 26 27 -25 -28 -10
right_child=1 2 9 6 11 7 16 -9 29 19 17 22 -14 18 -16 -17 -18 -19 -20 -21 -22 -23 -24 25 -26 -27 28 -29 -30 -31
leaf_value=-0.051170066046816703 -0.031623557452136505 -0.013480380038495591 0.046133424058339333 -0.045968362176042964 0.011427911545161385 -0.016665029157409611 -0.027054396172706253 0.024617975078325964 0.011492969680389261 0.02296901916886053 0.037327561281923431 0.027633667126385687 0.011983884546100282 0.036041345593784573 0.006897017189527949 0.0096788059726965869 0.0065410601461133693 -0.052638920435651472 0.052456473449752551 -0.03000695394280193 0.033769828058752178 -0.0035675019570108736 -0.033484105026094835 0.022447339608047442 -0.061059772917487681 0.029241308283108752 -0.082555533647430707 0.0002489735046484652 0.0023819475022318201 0.040002563702661337
leaf_weight=925.11611187813105 115.61312369292136 138.91102052605129 13.534099206910467 137.41805621795356 16.238503622822467 209.78993801592151 44.716335041666753 71.624137684062589 108.4982336544781 22.838178539648652 9.7239382569969148 672.17874514544383 75.218379584053764 475.083741778275 164.88603435037658 50.969648221624084 56.302109822587227 4.8881494298839234 114.42890482454095 14.2333207479096 83.422430618433282 47.053621921222657 6.305180706549435 343.70771670760587 8.4588258373551053 140.41937408992089 3.3300217827782026 73.702668509446084 103.8366143880412 38.308439633343369
leaf_count=836838 46232 8943 193 97790 120 25118 18178 1888 1981 126 1366 2440 3920 1556 3516 2899 11485 2533 190 562 284 1273 133 1734 160 661 24 738 927 242
internal_value=0 0.0174745 0.022548 -0.0461658 0.0175331 -0.0076341 -0.027871 -0.000829683 0.00453625 0.0343843 -0.0408552 0.0218136 -0.00625464 0.0359892 -0.00242054 -0.0115157 -0.00833014 0.00723127 0.0392276 0.0026293 0.0227322 0.0075347 0.0270657 0.0166468 -0.0133991 0.0177627 0.0146901 0.0185277 -0.000257341 0.0189324
internal_weight=0 3112.59 2589.38 1178.16 1818.78 523.215 253.049 407.602 450.604 770.594 152.03 1368.18 335.978 733.523 303.797 260.76 101.018 14.6121 589.513 37.0715 144.01 60.5877 678.484 689.694 24.6973 664.996 524.577 417.41 107.167 146.807
internal_count=1074050 105860 25803 968190 21619 80057 131352 33825 14682 4184 101689 6937 31937 3496 12459 28017 29663 3899 1746 688 1750 1466 2573 4364 280 4084 3423 2472 951 2223
is_linear=0
shrinkage=0.05


Tree=38
num_leaves=31
num_cat=0
split_feature=0 0 40 0 189 0 111 189 159 111 189 200 148 59 189 107 105 94 196 40 161 177 130 186 159 135 112 0 40 151
split_gain=1309.73 151.17 57.0445 42.324 35.7568 34.0215 25.7956 23.9556 21.3999 19.7691 16.6068 16.3574 14.8888 13.7948 12.7432 10.4714 10.1809 10.1188 9.48273 9.25097 8.97559 8.86438 8.80114 9.85221 8.51162 11.093 8.47575 8.21614 8.02374 7.9987
threshold=0.072661120000328969 0.60678019017954943 6.5000000000000009 0.0088049481694041625 0.54296050000000007 0.94875966535953815 0.029091500000000003 0.58688250000000008 119.50000000000001 0.023543000000000005 0.5683895000000001 8.5000000000000018 3.5000000000000004 0.029691500000000003 0.55341550000000017 36.500000000000007 7.7750000000000012 0.58333333333350013 0.031756625000000004 1.0000000180025095e-35 16.500000000000004 32.500000000000007 0.74519500000000016 0.15741000000000002 119.50000000000001 1.0000000180025095e-35 0.42879425000000004 0.86620967868038068 1758.5000000000002 309.50000000000006
decision_type=2 2 2 2 2 2 2 2 2 2 2 2 2 2 2 2 2 2 2 2 2 2 2 2 2 2 2 2 2 2
left_child=3 4 5 -1 -2 8 15 13 9 10 11 -3 14 -5 -4 19 -9 21 -15 24 28 -8 23 -12 25 -6 -17 -16 -14 -24
right_child=1 2 12 7 6 -7 17 16 -10 -11 22 -13 20 18 27 26 -18 -19 -20 -21 -22 -23 29 -25 -26 -27 -28 -29 -30 -31
leaf_value=-0.051034019476453397 -0.047500060748268007 -0.031004113071752548 -0.022517272916915496 -0.045485817107637827 -0.034740900583867765 0.023747894910604337 -0.028155245217419356 -0.026803005761778444 0.028716179287932637 0.02534381962638127 0.00018477702284286899 0.024588603776023239 0.037709172687552084 0.034786108254133717 0.012266795625873159 -0.032105252129761987 0.0053915680953359208 0.050784109800780214 -0.052106653175542542 0.010708328661181836 0.01976488604610073 0.017626656318573006 0.01310140194114291 -0.042093146299198581 0.019096302101605928 -0.0056521015982374245 -0.0055556016976138671 0.03357904709015927 0.054253620633055416 -0.016034278851862451
leaf_weight=886.34370951735764 47.047435945525649 61.93782306133653 14.325265623338053 132.55893976702646 41.82987134999712 963.69660492893308 12.064829102775546 43.689996432964108 123.78580924580456 110.03060085617471 139.62340279622003 16.826448929496109 372.30761586141307 9.574722259087137 68.71433241001796 66.992920209726435 56.071431418400607 20.27649333619047 4.6718707076215642 89.229083103185985 55.947677727555856 85.51056278226315 279.45785913197324 15.288806366035713 24.925774859264493 151.40072811345453 54.528656828479143 132.272255303571 91.245088939554989 25.724828419741243
leaf_count=836838 28187 4814 1028 97790 6103 3413 1643 18178 1062 992 3467 218 985 1366 678 17827 11485 65 2533 5619 201 3404 3089 558 1059 14026 6455 411 137 419
internal_value=0 0.0169796 0.0224228 -0.0459368 -0.00567302 0.017481 -0.00207389 -0.0276137 0.00966475 0.0060304 0.00208676 -0.0191278 0.0341006 -0.0404611 0.0230452 -0.00776676 -0.00870788 0.0186446 0.00629145 -0.00285458 0.0386825 0.0119659 0.00571851 -0.00398777 -0.008402 -0.0119491 -0.020192 0.0262927 0.0409658 0.0106455
internal_weight=0 3064.99 2471.18 1132.91 593.806 1736.37 546.759 246.567 772.676 648.89 538.859 78.7643 734.812 146.806 215.312 428.907 99.7614 117.852 14.2466 307.385 519.5 97.5754 460.095 154.912 218.156 193.231 121.522 200.987 463.553 305.183
internal_count=1074050 105860 21472 968190 84388 18032 56201 131352 14619 13557 12565 5032 3440 101689 2117 51089 29663 5112 3899 26807 1323 5047 7533 4025 21188 20129 24282 1089 1122 3508
is_linear=0
shrinkage=0.05


Tree=39
num_leaves=31
num_cat=0
split_feature=0 0 40 0 0 200 147 189 163 130 168 189 163 189 107 40 72 44 2 159 151 120 168 69 168 154 189 143 55 98
split_gain=1232.93 142.105 63.6649 42.3076 36.0829 33.085 25.5937 22.9814 18.6328 18.4632 18.0044 17.7887 16.1375 16.0176 14.5553 12.8293 12.6075 12.5358 11.2487 10.94 10.8651 10.3475 9.87785 9.73801 9.47598 9.24501 9.11523 10.6919 8.81228 11.1171
threshold=0.072661120000328969 0.48090646582193369 1.0000000180025095e-35 0.0088049481694041625 0.94875966535953815 3.5000000000000004 1.5000000000000002 0.55406350000000015 106.50000000000001 0.85877850000000011 12.500000000000002 0.58993050000000002 98.500000000000014 0.5786285000000001 88.500000000000014 102.50000000000001 31.500000000000004 1.0000000180025095e-35 550920.50000000012 39.500000000000007 257.50000000000006 1.5000000000000002 14.500000000000002 4.5000000000000009 15.500000000000002 1.6372370000000001 0.61380900000000016 11.500000000000002 1.0000000180025095e-35 17.500000000000004
decision_type=2 2 2 2 2 2 2 2 2 2 2 2 2 2 2 2 2 2 2 2 2 2 2 2 2 2 2 2 2 2
left_child=3 6 4 -1 8 11 13 -5 12 -9 17 22 14 -2 21 -8 25 18 -7 -11 -13 26 -4 -20 -15 -12 27 -3 29 -6
right_child=1 2 5 7 28 10 15 9 -10 19 16 20 -14 24 -16 -17 -18 -19 23 -21 -22 -23 -24 -25 -26 -27 -28 -29 -30 -31
leaf_value=-0.050894277938102819 -0.033980023431242949 -0.03599069810621975 -0.0016928670631794929 -0.052651933692985591 0.020641275069552521 0.035737240804932 -0.00041937994289924013 -0.032925158995023185 0.01744981040944708 0.029531110796757729 0.00077512091124991268 0.033332181543531361 -0.032734169781064838 -0.004839531586962602 -0.034465747126694889 0.040713959460468782 -0.056883339421430604 0.051062388185290977 0.024016768241026699 -0.011564030227512602 -0.010254594973103617 0.03999368772296983 -0.056888762595934984 -0.026414727724081155 -0.053436614878797133 0.031959860263870453 0.0134796260510298 0.00015227848290248961 0.051661105553398361 -0.048500288960211704
leaf_weight=847.27100457687629 113.23111335808062 22.789918261521962 71.906901978349197 64.551584998291219 725.05385511508211 661.08492354792543 177.42358206244535 93.842200935796427 198.45456817236845 22.188972641568398 44.767567462986335 70.602543967776 36.8239305531024 128.07268612907501 25.708964925084729 21.22395890468033 6.087728028651326 108.11309893685393 139.16730336484034 59.949283087276854 17.928180993534625 19.398019657470286 9.1354568612005078 10.279090235359034 10.883400701684876 50.662105342140421 121.52598595037125 200.31653993477812 22.787458498030901 5.860696571879088
leaf_count=836838 45821 1668 3705 54889 2656 2252 15758 55293 3310 3439 925 455 1695 11469 3014 212 227 174 626 17731 168 188 1578 108 2725 300 1588 5154 63 21
internal_value=0 0.0164435 0.0209881 -0.0456404 0.0136755 0.0294623 -0.00944753 -0.0271337 0.00479301 -0.0177733 0.0328617 0.0090112 -0.00109545 -0.0200208 0.00189389 0.0039754 0.0128802 0.0350698 0.0329366 -0.000462517 0.0245055 0.00446172 -0.0079148 0.020548 -0.00864578 0.0173306 0.00246176 -0.00353966 0.0210415 0.0200869
internal_weight=0 3019.29 2568.45 1087.8 1378.72 1189.73 450.835 240.532 625.018 175.98 1020.16 169.573 426.563 252.187 389.739 198.648 101.517 918.644 810.531 82.1383 88.5307 364.03 81.0424 149.446 138.956 95.4297 344.632 223.106 753.702 730.915
internal_count=1074050 105860 29875 968190 19357 10518 75985 131352 16617 76463 4612 5906 13307 60015 11612 15970 1452 3160 2986 21170 623 8598 5283 734 14194 1225 8410 6822 2740 2677
is_linear=0
shrinkage=0.05


Tree=40
num_leaves=31
num_cat=0
split_feature=0 0 40 0 0 189 40 150 189 154 168 183 147 138 3 113 189 182 111 154 40 2 36 196 0 70 112 188 159 159
split_gain=1162.11 135.94 52.9705 42.6269 42.0175 32.867 26.1529 23.1559 19.0948 18.1342 12.6782 12.5184 12.4646 12.0358 11.9646 11.5535 11.3076 11.1309 10.7766 10.6893 10.2733 10.0665 10.422 9.86995 9.44899 10.9162 11.2271 9.39705 8.85567 10.5686
threshold=0.072661120000328969 0.60678019017954943 31.500000000000004 0.0088049481694041625 0.86620967868038068 0.54296050000000007 13.500000000000002 0.024628000000000001 0.57387650000000012 1.9376475000000002 11.500000000000002 1.5000000000000002 2.5000000000000004 0.023358 67315.000000000015 0.092087500000000003 0.60290350000000015 0.025347666666650004 0.029506500000000001 0.5806785000000001 1.0000000180025095e-35 2826.5000000000005 5681.5000000000009 0.028646000000000001 0.94875966535953815 59.125000000000007 0.26828987500000007 581.50000000000011 119.50000000000001 37.500000000000007
decision_type=2 2 2 2 2 2 2 2 2 2 2 2 2 2 2 2 2 2 2 2 2 2 2 2 2 2 2 2 2 2
left_child=3 5 4 -1 8 -2 12 16 11 10 14 -3 15 17 -6 -7 -5 -12 -10 -8 21 -11 -23 -15 25 -4 -27 -25 29 -9
right_child=1 2 24 7 9 6 19 28 18 20 13 -13 -14 23 -16 -17 -18 -19 -20 -21 -22 22 -24 27 -26 26 -28 -29 -30 -31
leaf_value=-0.050761754844374389 -0.047209265430272845 -0.044570520266828798 0.035160549806960525 -0.047994958372941564 0.030749463350089323 -0.016290377923976449 -0.011011808319342111 0.0082974097942652911 0.0048203668784036098 0.034167618805654582 0.011149204678866678 -0.0043095659430782149 0.0083949392710120137 0.019599655679573932 0.015607558477459926 0.0084242190921717131 -0.0060009279414398519 -0.056619650626171913 0.026031968705156366 0.029075214093688392 0.036421153512242163 0.019517843456966912 -0.033008960506352707 -0.037587627055606823 0.045701233476421764 -0.034372266465854576 0.02318040912032323 0.0058626493918003267 0.021650224246536176 -0.027810781508111157
leaf_weight=811.11742551119823 44.286883040476823 27.086928995471681 231.5355405259179 104.20790782353288 211.69495734013617 283.03369753208244 21.057120914236293 29.698750381256104 272.47433023678605 139.03210309613496 11.369935393799098 67.223769009171519 94.185050506144762 165.26088810758665 339.97562055522576 56.772465084737632 18.94425283720193 12.971938810776917 76.744693398708478 79.088950568548171 230.5229866001755 261.32318798964843 9.7974728634580952 14.085376374889163 175.58790933527052 11.563543042459058 31.712979998672381 106.75886810128577 18.349393204640364 63.795969441671332
leaf_count=836838 28187 3258 806 84286 829 41482 3786 8813 5286 411 104 2949 5858 981 1913 3178 5545 188 632 1897 647 1050 108 343 336 359 260 1012 2972 29736
internal_value=0 0.0159385 0.0211891 -0.0453291 0.0176133 -0.00581733 -0.0023854 -0.0265777 0.0040905 0.0216044 0.0168695 -0.0158729 -0.00770012 0.00878672 0.021418 -0.0121612 -0.0415351 -0.0249652 0.00948185 0.0206464 0.0279757 0.023229 0.0176197 0.0116583 0.0366411 0.0308523 0.00780226 0.000798167 -0.010108 -0.016341
internal_weight=0 2975.15 2396.72 1046.11 1946.32 578.424 534.137 234.996 443.53 1502.79 862.118 94.3107 433.991 310.447 551.671 339.806 123.152 24.3419 349.219 100.146 640.676 410.153 271.121 286.105 450.4 274.812 43.2765 120.844 111.844 93.4947
internal_count=1074050 105860 21472 968190 19711 84388 56201 131352 12125 7586 5370 6207 50518 2628 2742 44660 89831 292 5918 5683 2216 1569 1158 2336 1761 1425 619 1355 41521 38549
is_linear=0
shrinkage=0.05


Tree=41
num_leaves=31
num_cat=0
split_feature=0 0 40 0 0 57 189 189 40 163 200 141 76 59 68 189 147 40 36 113 111 105 112 196 143 201 159 159 136 135
split_gain=1098.58 131.153 54.423 42.8762 30.6119 29.1575 28.2221 22.4626 18.2875 15.7548 13.2902 13.1977 12.7966 12.6302 12.2536 11.8242 10.1136 9.98634 9.09902 8.78597 8.31135 9.27532 11.7005 8.29428 8.26403 8.24361 8.14314 7.91645 7.90837 7.81539
threshold=0.072661120000328969 0.53809039466125175 1.0000000180025095e-35 0.0088049481694041625 0.94875966535953815 2.5000000000000004 0.56680450000000004 0.58688250000000008 13.500000000000002 106.50000000000001 6.5000000000000009 2.5000000000000004 7.5000000000000009 0.029691500000000003 0.086694000000000007 0.57511450000000008 2.5000000000000004 764.50000000000011 766.50000000000011 0.093043500000000015 0.049833000000000009 5.7750000000000012 0.43965480000000007 0.031756625000000004 44.500000000000007 54.500000000000007 14.500000000000002 96.500000000000014 11.291666666650002 3.5000000000000004
decision_type=2 2 2 2 2 2 2 2 2 2 2 2 2 2 2 2 2 2 2 2 2 2 2 2 2 2 2 2 2 2
left_child=3 6 4 -1 9 11 26 13 16 10 15 -4 29 -5 -13 -3 19 -14 -19 -8 21 22 -6 -15 -9 -23 -2 -17 -10 -7
right_child=1 2 5 7 20 12 8 24 28 -11 -12 14 17 23 -16 27 -18 18 -20 -21 -22 25 -24 -25 -26 -27 -28 -29 -30 -31
leaf_value=-0.050677611331290055 -0.053411879646328687 -0.028609325220627303 0.039282887729601805 -0.044527732193091613 0.0096514524665799808 0.019377427085665654 -0.015984875187425068 -0.017244269680563789 0.037229758504907125 0.016689440593773808 0.011563139311476192 0.023852917536533208 -0.0074219967705292976 0.032528477723083031 0.054136406546315755 9.6751848175327508e-05 0.0098260776902837684 -0.042778654281049905 0.048743379248973123 0.0076416792826787113 0.041170074460859539 -0.035692700257049674 -0.056914420679205505 -0.051481995347510578 0.014764498048578316 0.021918533570729773 -0.022277211254518797 -0.046053295864137783 0.0027832702555145969 0.056555353782082131
leaf_weight=776.65251770476607 28.527078542800155 53.448952120001195 426.89754202659242 120.17519000510219 99.053172016981989 181.17325463774614 200.86840126014431 67.455134800045926 37.753170089708874 187.52255634166067 137.99907835200429 362.91239967008005 80.501911627492518 9.3795829495065828 36.789607064798474 191.09136174741434 72.761491866898723 3.2841859397012767 15.689081807213368 48.934440591721795 44.217150723561645 6.2773416861891738 7.072884948924183 4.2780186266027149 28.76314744388219 572.89314509835094 79.605366447474808 9.7673283107578737 29.826208115759073 15.33205853262916
leaf_count=836838 15122 4508 1219 97790 582 1300 25118 24962 746 2873 2012 1997 4199 1366 65 4248 3920 49 145 2899 138 35 50 2533 4701 1935 31110 416 1142 32
internal_value=0 0.0154814 0.0202696 -0.0450616 0.0133439 0.0283476 -0.00788814 -0.0261021 -0.0016235 0.00476844 -0.000929796 0.0331696 0.0148812 -0.0393496 0.0266403 -0.00770904 -0.00657839 0.000269021 0.0329013 -0.0113566 0.0201597 0.0188041 0.0052151 0.00621358 -0.00767568 0.0212941 -0.030491 -0.00214743 0.0220268 0.0222782
internal_weight=0 2930.2 2431.92 1006.7 1309.34 1122.58 498.276 230.051 390.144 579.829 392.307 826.6 295.98 133.833 399.702 254.308 322.564 99.4752 18.9733 249.803 729.514 685.297 106.126 13.6576 96.2183 579.17 108.132 200.859 67.5794 196.505
internal_count=1074050 105860 25803 968190 16797 9006 80057 131352 33825 14057 11184 3281 5725 101689 2062 9172 31937 4393 194 28017 2740 2602 632 3899 29663 1970 46232 4664 1888 1332
is_linear=0
shrinkage=0.05


Tree=42
num_leaves=31
num_cat=0
split_feature=0 0 40 200 0 40 154 189 189 0 135 154 59 0 74 168 77 175 168 2 106 130 85 112 169 3 93 188 101 2
split_gain=1037.94 124.742 44.2462 42.3086 41.4059 28.7436 23.6112 21.4332 21.0549 18.1717 14.2512 14.2997 12.048 11.8134 10.9062 9.71353 9.64224 9.66537 9.51316 10.5429 9.24762 9.14737 9.05197 8.73098 8.1918 11.6444 10.3843 11.7296 9.75429 11.3926
threshold=0.072661120000328969 0.68981449621504665 5.5000000000000009 4.5000000000000009 0.0088049481694041625 1.0000000180025095e-35 2.1664360000000005 0.58688250000000008 0.5425715000000001 0.94875966535953815 1.5000000000000002 1.6026545000000001 0.029691500000000003 0.94875966535953815 1.0000000180025095e-35 8.5000000000000018 0.091049500000000019 1.2916666666650001 10.500000000000002 182223.00000000003 0.037305000000000012 0.77612700000000012 23.083333333350001 0.27086400000000005 9.5000000000000018 72519.500000000015 0.0023410000000000006 631.50000000000011 7.5000000000000009 1074.5000000000002
decision_type=2 2 2 2 2 2 2 2 2 2 2 2 2 2 2 2 2 2 2 2 2 2 2 2 2 2 2 2 2 2
left_child=4 3 6 8 -1 21 9 12 -2 15 11 -4 -6 14 -12 -3 17 -7 19 -10 22 -5 -8 -17 25 -11 -26 28 -28 -30
right_child=1 2 10 5 7 16 20 -9 18 24 13 -13 -14 -15 -16 23 -18 -19 -20 -21 -22 -23 -24 -25 26 -27 27 -29 29 -31
leaf_value=-0.050549010580525203 -0.04883664907754879 0.012692472157835755 -0.027667169897878791 -0.019825462190682458 -0.044571518809464597 -0.040431611825876214 0.023238365466403066 -0.0080317719026118499 0.0060378194515530717 0.031888961556054973 0.029129707115932942 0.026453721245641961 0.0055046107030542269 0.04151589617891864 -0.022590622603264235 -0.014463779646627829 0.049715905368530766 0.022564941786983404 -0.023153622421702783 -0.016691805938089593 0.04218760877716158 0.0037408688468321093 -0.025335974887552321 0.0048116117741786799 -0.0084294869524169803 0.014088963087325299 0.030876373971454159 -0.029842024026434145 -0.054697886182091232 0.013484142896346996
leaf_weight=742.48445070306479 41.973581338133954 185.20918482495472 19.167869838303886 59.472929502575425 114.94939492074627 6.4591211408551308 458.78703301039059 95.224324974507908 107.12535626273893 164.24833182804286 316.37832178082317 33.598526159184985 13.413003142370142 275.67668204265647 10.532084365899207 93.906243139324943 32.914053750573657 106.17058851977345 107.58787249775196 97.405728394471225 66.196019169874489 133.84815146954497 9.7959099523141031 156.9166583053302 58.052095630671829 208.52943596430123 85.891936686821282 12.350356963463126 7.4176473701372734 35.200900830328465
leaf_count=836838 27897 2433 411 7572 97790 562 2215 29663 9347 557 1425 137 3899 600 286 3333 171 3133 21453 11804 227 7012 423 3008 424 812 358 76 51 133
internal_value=0 0.0149945 0.0208265 -0.00350297 -0.0448687 0.00912624 0.0162024 -0.0260054 -0.0155891 0.0116959 0.0317104 0.00679382 -0.0393389 0.0338923 0.0274634 0.00400784 0.0259093 0.0189522 -0.0111179 -0.00478692 0.0246942 -0.00350903 0.0222229 -0.00240495 0.0175597 0.0219318 0.00936614 0.0167001 0.021173 0.00161724
internal_weight=0 2890.81 2197.86 692.957 966.071 338.865 1542.5 223.587 354.093 1007.72 655.353 52.7664 128.362 602.587 326.91 436.032 145.544 112.63 312.119 204.531 534.779 193.321 468.583 250.823 571.691 372.778 198.913 140.861 128.51 42.6185
internal_count=1074050 105860 16909 88951 968190 18450 14050 131352 70501 11185 2859 548 101689 2311 1711 8774 3866 3695 42604 21151 2865 14584 2638 6341 2411 1369 1042 618 542 184
is_linear=0
shrinkage=0.05


Tree=43
num_leaves=31
num_cat=0
split_feature=0 0 40 0 189 40 189 170 200 130 2 85 144 180 99 189 2 68 85 169 159 107 169 40 72 143 130 36 154 36
split_gain=980.631 121.449 64.306 40.7107 38.7798 38.4178 20.7283 20.5991 20.244 15.831 13.6554 13.5588 12.8997 12.8562 11.7114 11.684 11.405 10.7461 10.6226 10.1027 10.0849 10.0506 9.76096 9.11341 10.8284 10.8564 9.07958 8.8127 8.56407 8.50634
threshold=0.072661120000328969 0.86620967868038068 38.500000000000007 0.0088049481694041625 0.56680450000000004 1.0000000180025095e-35 0.55406350000000015 1.5000000000000002 6.5000000000000009 0.85877850000000011 120938.00000000001 7.083333333335001 1.5000000000000002 1.3666666666650003 17.500000000000004 0.5414135000000001 2826.5000000000005 0.059568000000000003 12.100000000000001 4.5000000000000009 39.500000000000007 40.500000000000007 12.500000000000002 412.50000000000006 33.500000000000007 35.500000000000007 0.76547350000000003 959.50000000000011 0.33037400000000006 1033.5000000000002
decision_type=2 2 2 2 2 2 2 2 2 2 2 2 2 2 2 2 2 2 2 2 2 2 2 2 2 2 2 2 2 2
left_child=3 2 4 -1 13 16 -5 10 12 -8 21 19 -6 -2 29 -15 18 28 -3 -7 -11 -4 27 24 25 -21 -14 -10 -18 -13
right_child=1 5 7 6 8 11 9 -9 22 20 -12 14 26 15 -16 -17 17 -19 -20 23 -22 -23 -24 -25 -26 -27 -28 -29 -30 -31
leaf_value=-0.050390163902449547 -0.040275501248020935 0.028173399495612639 0.032199708001387613 -0.052203736071758877 0.0054582044942179594 0.045898199963327509 -0.031549347064781588 0.042486392644200177 0.0081129547307006496 0.028498725728267685 -0.013464552411016212 -0.067791083188246198 -0.020366373478059238 -0.04908891422781466 0.022901742749365239 -0.0030741852471085291 -0.031576262471619237 0.056716263788956403 -0.00039676933606523873 0.017893998645665665 -0.01164914433897761 -0.013826632361426755 -0.013517766190203413 0.047097760882461315 -0.027508127225297153 0.035292536512813867 -0.0034583194225810774 0.029161725306595616 0.012662072759352395 0.003387710405561207
leaf_weight=711.1484831347625 79.588285295307287 259.51218644855544 63.195815049533849 55.23436682450847 200.31521237874404 147.75595631077886 85.962659844910377 103.58774567572982 116.31553334361524 21.739898031781195 36.625490750331664 6.2473479693289873 138.5628544260253 17.284202255730634 97.586545247933827 68.347517907328438 11.127913500880821 13.662420082837341 37.197869185358286 138.19180520996451 55.763224835973233 14.601390693838765 29.829432835977059 73.672479192260653 8.6075493828393501 255.30704193422571 185.95732679616776 86.863347442995291 648.31196978222579 12.791958489688112
leaf_count=836838 29793 1064 1046 54889 8942 314 55293 427 3652 3439 3327 71 17055 9104 753 8887 237 40 291 598 17731 3305 1614 154 74 686 9040 1367 3890 129
internal_value=0 0.0145422 0.0019093 -0.0445884 -0.00385919 0.0229722 -0.0257226 0.0263332 0.000925995 -0.0167748 0.0117097 0.0315509 -0.00451906 -0.0258082 0.0159032 -0.012362 0.0164249 0.0128249 0.0245916 0.0344776 -0.000387526 0.0235612 0.0131906 0.0309309 0.0279689 0.0291824 -0.0106777 0.0171118 0.0119156 -0.0199681
internal_weight=0 2851.05 1141.07 929.849 923.064 1709.97 218.7 218.01 757.844 163.466 114.423 740.161 524.835 165.22 116.626 85.6317 969.812 673.102 296.71 623.535 77.5031 77.7972 233.008 475.779 402.106 393.499 324.52 203.179 659.44 19.0393
internal_count=1074050 105860 97559 968190 89454 8301 131352 8105 41670 76463 7678 2779 35037 47784 953 17991 5522 4167 1355 1826 21170 4351 6633 1512 1358 1284 26095 5019 4127 200
is_linear=0
shrinkage=0.05


Tree=44
num_leaves=31
num_cat=0
split_feature=0 0 40 0 0 200 200 99 168 44 189 148 148 72 189 40 2 142 151 151 182 189 113 164 80 151 189 80 159 0
split_gain=924.506 116.871 51.1339 41.9334 27.456 27.1478 25.17 21.5899 21.0959 16.5049 15.2046 15.0135 14.7144 11.7789 10.584 10.2458 10.2942 10.022 14.7854 9.43357 10.602 9.71568 13.411 12.1165 9.90608 9.2565 9.21844 9.03593 8.82385 8.73005
threshold=0.072661120000328969 0.53809039466125175 1.0000000180025095e-35 0.0088049481694041625 0.94875966535953815 3.5000000000000004 2.5000000000000004 8.5000000000000018 8.5000000000000018 1.0000000180025095e-35 0.58948950000000011 8.5000000000000018 16.500000000000004 33.500000000000007 0.58688250000000008 1.0000000180025095e-35 593143.50000000012 0.056362000000000009 301.50000000000006 42.000000000000007 0.10251600000000001 0.59831000000000012 0.042338000000000008 1.0000000180025095e-35 0.10250500000000003 257.50000000000006 0.57480350000000013 0.21500300000000003 113.50000000000001 0.7740980979447657
decision_type=2 2 2 2 2 2 2 2 2 2 2 2 2 2 2 2 2 2 2 2 2 2 2 2 2 2 2 2 2 2
left_child=3 6 4 -1 11 10 -2 -5 15 12 -4 29 13 19 -9 -8 -17 18 28 20 21 22 23 -7 -24 -12 -10 -19 -6 -3
right_child=1 2 5 7 17 9 8 14 26 -11 25 -13 -14 -15 -16 16 -18 27 -20 -21 -22 -23 24 -25 -26 -27 -28 -29 -30 -31
leaf_value=-0.050290419264710812 -0.027835280477607166 -0.012324395327297571 -0.0099360853755435935 -0.0058788990843354587 0.00037637553420554647 0.031611943428455198 -0.0015602891234745106 -0.048837386468570665 -0.033678416668448403 0.049881764775833087 0.030097962694927868 0.016745580788932644 0.040115070871672938 -0.020466548497655508 -0.018689389117980491 0.032998435301308124 -0.0056441279039460271 0.021802331871809286 -0.048275185164447849 0.0284878478614577 -0.060264196314359392 0.033143460520975464 0.023112580014180421 -0.054342588477202913 -0.053542056372213986 -0.015364922325196664 -0.0072071602717214134 -0.021216178718005445 0.035724855686563549 0.0035592239088222833
leaf_weight=681.36042462030309 122.55832009334699 125.80260891848593 69.911830430588452 87.739183007412066 58.918286649510264 5.7233194729196848 83.285996510647237 81.936658688384341 42.422755721810972 94.445226687472314 64.327021523495205 158.94430453976383 187.10118091851473 14.456588968867434 45.156185374420602 65.576257198175881 23.379089708148967 596.18483678996563 12.038636592216788 479.33242749463534 4.6958078173920503 51.400928266346455 54.822558087063953 14.454714792198502 4.5656885902862987 13.555651173926888 146.34394059126498 12.461965844035147 25.20798379718326 276.96014785184525
leaf_count=836838 42266 7570 4175 29451 300 81 6241 83449 14477 179 409 1942 518 262 18452 1817 1302 2221 87 2328 25 205 318 314 44 148 13954 53 79 4545
internal_value=0 0.0141078 0.0187588 -0.0442173 0.0119795 0.0268681 -0.00825717 -0.0249559 -0.00161062 0.0300929 0.00699066 0.00373315 0.0278041 0.0241447 -0.0381258 0.0110427 0.0228425 0.0185516 0.00355181 0.0251934 0.0135532 0.0161999 0.00525415 -0.0299624 0.0172195 0.022185 -0.0131562 0.0209215 0.0109684 -0.00140201
internal_weight=0 2808.88 2325.31 896.192 1266.52 1058.79 483.566 214.832 361.008 910.998 147.795 561.707 816.553 629.452 127.093 172.241 88.9553 704.812 96.1649 614.995 135.663 130.967 79.5663 20.178 59.3882 77.8827 188.767 608.647 84.1263 402.763
internal_count=1074050 105860 25803 968190 16797 9006 80057 131352 37791 4274 4732 14057 4095 3577 101901 9360 3119 2740 466 3315 987 962 757 395 362 557 28431 2274 379 12115
is_linear=0
shrinkage=0.05


Tree=45
num_leaves=31
num_cat=0
split_feature=0 0 78 0 40 107 189 40 133 130 136 189 0 62 85 159 135 161 189 105 0 159 2 85 168 188 186 144 117 171
split_gain=876.44 113.021 53.4153 41.6931 35.7537 30.3881 20.4573 17.8132 15.3483 14.6167 14.0933 14.0263 12.6391 13.8088 12.5334 10.8977 15.4834 10.2605 10.1391 10.7035 9.98874 9.87464 9.85411 11.3277 10.6059 9.4583 9.64862 8.7676 8.55335 8.76197
threshold=0.072661120000328969 0.7740980979447657 0.018857000000000002 0.0088049481694041625 3.5000000000000004 38.500000000000007 0.55406350000000015 1.0000000180025095e-35 0.84336450000000018 0.85877850000000011 9.9000000000000021 0.58309350000000004 0.94875966535953815 13.500000000000002 2.0833333333350006 119.50000000000001 1.0000000180025095e-35 13.500000000000002 0.5425715000000001 5.7750000000000012 0.86620967868038068 39.500000000000007 29531.000000000004 11.100000000000001 15.500000000000002 559.50000000000011 0.15041800000000002 3.5000000000000004 0.30952380952350006 1.0000000180025095e-35
decision_type=2 2 2 2 2 2 2 2 2 2 2 2 2 2 2 2 2 2 2 2 2 2 2 2 2 2 2 2 2 2
left_child=3 2 5 -1 8 7 -5 15 14 -8 -4 -9 13 27 -3 16 -2 20 -7 -20 -16 -11 24 28 -10 -19 -27 -6 29 -24
right_child=1 4 10 6 12 18 9 11 22 21 -12 -13 -14 -15 17 -17 -18 25 19 -21 -22 -23 23 -25 -26 26 -28 -29 -30 -31
leaf_value=-0.050183216265594056 -0.029902567397987346 0.030639405947318173 0.049105375352348352 -0.052117606396763674 0.029389427781641317 -0.047511994520967001 -0.030336833372989709 -0.0058110785929938978 0.026436365742807361 0.028173290816962251 0.0081523433313029411 0.021908543089335687 0.037588112352714392 -0.0062016525682262943 -0.014052650293884526 0.018191165213949489 -0.0037387039050885587 -0.05684556296949303 -0.036754412350434543 -0.0088004001722147129 0.013643859269388232 -0.011456113945621035 -0.023316678657177597 -0.023052960839505719 0.0053599702286158471 0.0019718140466068743 -0.048540503763984943 -0.010385806330948925 0.032242704384678453 0.013779691814484027
leaf_weight=653.6424221148045 73.691012050170684 54.145257528871298 58.790589713142253 51.129368713140138 242.00582209043205 34.893122610817954 82.774631373307784 71.231350742731593 475.12818511557998 22.086672736986657 32.68859332811553 127.00470865471289 308.44950568722561 35.395008821971714 37.635283538140357 38.978975338715827 243.04172093850502 9.2426763800904137 50.301350193796679 107.26673581231444 241.10094002867118 54.522815452713985 17.004411309026182 20.496716134366579 68.265019101439975 82.501528683817014 10.677421579777727 14.695973334310109 60.459509355947375 249.06249744724482
leaf_count=836838 9637 346 157 54889 1037 24556 55293 7848 2104 3439 545 2722 802 273 1236 1471 19327 253 12767 14224 1864 17731 139 424 630 1090 256 393 262 1497
internal_value=0 0.0137402 -0.00158946 -0.0439505 0.0204083 -0.00600905 -0.0245981 -6.24271e-05 0.0158235 -0.01577 0.0344715 0.0119482 0.0305294 0.0230755 0.00812913 -0.00675586 -0.00982599 0.00493144 -0.0231248 -0.0177243 0.00990424 -3.08752e-05 0.0195852 0.0130031 0.0237886 -0.00860184 -0.00381642 0.0271123 0.0152664 0.0114089
internal_weight=0 2764.15 837.888 864.156 1926.27 746.409 210.513 553.948 1325.72 159.384 91.4792 198.236 600.546 292.097 435.303 355.712 316.733 381.158 192.461 157.568 278.736 76.6095 890.416 347.023 543.393 102.422 93.179 256.702 326.526 266.067
internal_count=1074050 105860 93254 968190 12606 92552 131352 41005 10101 76463 702 10570 2505 1703 5045 30435 28964 4699 51547 26991 3100 21170 5056 2322 2734 1599 1346 1430 1898 1636
is_linear=0
shrinkage=0.05


Tree=46
num_leaves=31
num_cat=0
split_feature=0 0 40 0 0 147 189 113 40 135 154 189 130 148 159 0 36 2 159 130 36 69 200 135 111 36 151 130 188 151
split_gain=828.902 107.972 48.5266 39.9716 33.0701 23.8676 19.3292 17.9857 15.7659 15.4135 17.1226 13.7548 13.1482 11.9506 10.5974 10.2178 17.814 9.34522 9.11565 9.11385 8.82995 8.48147 8.29709 7.84523 7.82456 9.03564 9.31311 11.4387 8.28541 10.6303
threshold=0.072661120000328969 0.53809039466125175 6.5000000000000009 0.0088049481694041625 0.94875966535953815 1.5000000000000002 0.55406350000000015 0.049373500000000008 102.50000000000001 3.5000000000000004 0.77380800000000016 0.5786285000000001 0.85877850000000011 2.5000000000000004 119.50000000000001 0.94875966535953815 578.50000000000011 8.9884656743000007e+307 39.500000000000007 1.1800840000000001 104.50000000000001 9.5000000000000018 4.5000000000000009 1.5000000000000002 0.06117050000000001 1404.5000000000002 46.500000000000007 0.76547350000000003 681.50000000000011 46.500000000000007
decision_type=2 2 2 2 2 2 2 2 2 2 2 2 2 2 2 2 2 2 2 2 2 2 2 2 2 2 2 2 2 2
left_child=3 5 4 -1 7 11 -5 13 19 10 15 -2 -8 20 22 16 -4 21 -14 -7 -3 -12 -9 -13 25 28 27 -27 -6 -30
right_child=1 2 9 6 24 8 12 14 -10 -11 17 23 18 -15 -16 -17 -18 -19 -20 -21 -22 -23 -24 -25 -26 26 -28 -29 29 -31
leaf_value=-0.050023249728561293 -0.032080563288302257 0.03766799599721276 0.016239019589255485 -0.051992759539810307 0.016477533897035712 -0.011287193331704021 -0.029988613509111063 -0.007608656702982621 0.041879690471708093 0.050083982988569586 0.034591313281996515 -0.015433464179042339 0.026220269100948712 0.006051328956538809 0.029899522332364814 0.029792999982862584 -0.034002843946117099 0.0083330666194905961 -0.012087591839698875 0.010522970199201471 -0.014812264699854772 -0.015833189924089868 0.012955972627396528 0.011235733236672029 0.042178426091388575 -0.064927868481518061 0.031368404880897718 0.015219759280275916 0.037376665657520479 -0.047414492962657838
leaf_weight=625.24861382057134 110.15099720925355 8.4389820634387416 52.557744210062083 48.900252537947381 545.01725840708241 101.27269032948243 80.610767739308358 60.592772363859694 24.164144913258497 79.814719898975454 390.72287066295394 108.61866293812636 21.91816344500694 193.51533261087025 75.286204177187756 42.399588087340817 26.558173829500447 40.587907776352949 53.276089226565091 90.883883826885722 159.55265692571993 8.5211321206297708 257.43733605009038 36.958529551018728 37.974488561972976 4.9615113371983162 207.11782309878618 43.335090760141611 5.5301781520247486 11.147880631498991
leaf_count=836838 48101 142 423 54889 2266 12294 55293 1362 233 218 1477 13008 3439 4470 484 163 1587 194 17731 4455 8590 122 3158 1966 126 81 682 187 13 58
internal_value=0 0.0133325 0.0178918 -0.0437447 0.0132589 -0.00840917 -0.0245677 0.00563166 0.00381503 0.0295245 0.0266013 -0.0187496 -0.0159602 -0.00241885 0.0130311 0.00998756 -0.000626514 0.0311913 -0.00092134 -0.000971687 -0.0121759 0.0335151 0.00903789 -0.0086628 0.0199919 0.0189608 0.0267579 0.00698619 0.0154152 -0.0192991
internal_weight=0 2723.12 2251.07 829.954 1609.91 472.049 204.705 754.823 216.321 641.162 561.347 255.728 155.805 361.507 393.316 121.516 79.1159 439.832 75.1943 192.157 167.992 399.244 318.03 145.577 855.084 817.11 255.414 48.2966 561.695 16.6781
internal_count=1074050 105860 25803 968190 21619 80057 131352 18206 16982 4184 3966 63075 76463 13202 5004 2173 2010 1793 21170 16749 8732 1599 4520 14974 3413 3287 950 268 2337 71
is_linear=0
shrinkage=0.05


Tree=47
num_leaves=31
num_cat=0
split_feature=0 0 40 0 76 170 189 111 159 189 2 168 117 190 169 40 168 130 189 189 102 161 76 159 189 196 40 95 163 189
split_gain=778.351 126.302 53.8275 40.0429 35.2448 25.4092 21.6899 16.823 14.0685 13.7527 12.242 16.2899 13.7268 11.2283 11.1721 12.4731 10.591 10.1248 9.921 9.66578 9.65593 9.38295 9.58724 9.26072 8.98421 15.3984 9.25068 11.3797 8.42155 8.36018
threshold=0.37969951586789719 0.0088049481694041625 2.5000000000000004 0.86620967868038068 8.5000000000000018 1.5000000000000002 0.55278050000000012 0.029091500000000003 119.50000000000001 0.55108450000000009 21926.000000000004 13.500000000000002 0.18333333333350002 0.010929500000000002 6.5000000000000009 412.50000000000006 9.5000000000000018 4.8981075000000009 0.53219150000000004 0.60213600000000012 8.5000000000000018 17.500000000000004 2.5000000000000004 119.50000000000001 0.58572150000000012 0.026079750000000002 142.50000000000003 5.5000000000000009 101.50000000000001 0.56806750000000006
decision_type=2 2 2 2 2 2 2 2 2 2 2 2 2 2 2 2 2 2 2 2 2 2 2 2 2 2 2 2 2 2
left_child=1 -1 3 7 8 6 -4 18 16 -6 11 -5 -12 -11 -7 20 -3 28 -2 -15 -16 -22 -23 -20 25 -8 -27 -28 -13 -30
right_child=2 4 5 10 9 14 24 -9 -10 13 12 17 -14 19 15 -17 -18 -19 23 -21 21 22 -24 -25 -26 26 27 -29 29 -31
leaf_value=-0.049948164908288177 -0.056576747191671432 -0.0012078818368634152 -0.028529898017514068 0.025415533230642235 -0.051514214677164549 0.043854233415480851 0.0221735803900385 0.020699886538912998 0.017782694132784504 0.015138972759134029 0.0057680756643941908 -0.011417211307361964 0.027136339674582868 -0.038843195204240732 -0.010357653163526258 0.045293967203256957 -0.021109496379259754 0.058828947158799584 -0.0073046409256790623 -0.0096768665874335993 0.029241664524168987 0.012722289861749784 -0.072467096592882557 0.016990598745807099 0.026836340519673946 -0.032877829238968585 -0.083012366247195435 0.029083569173746767 -0.022987725714098232 0.019277689203137022
leaf_weight=597.94208152409556 9.3487639768136415 141.5339247284428 24.484819547709776 462.12572168908082 64.950502584397327 191.7115283946041 89.238730089971796 71.554096643638331 52.113209886323602 16.420316652263864 379.772889431566 56.711552949156612 93.700228130444884 82.66038889696938 21.770962225506082 73.436331154312938 126.6882620310862 8.841911191120742 331.89498069448746 43.279047439005808 144.05828661820851 12.220539940986784 4.5257545502390704 44.479736652981956 203.22134947788436 26.222253711719532 2.6376588803250369 15.985209165548438 13.728238139534367 79.191543940687552
leaf_count=836838 4095 20569 4019 1919 67332 498 849 1375 5562 4174 2715 706 440 47841 129 176 43547 30 16245 9953 681 59 36 1098 1196 1080 33 199 189 467
internal_value=0 -0.0342146 0.0163125 0.0108588 -0.016385 0.026764 0.0169096 -0.00156666 -0.00598925 -0.0324484 0.0160521 0.0206718 0.00999685 -0.0237498 0.034727 0.0278922 -0.0106079 0.00683851 -0.00569724 -0.0288202 0.0208928 0.0251237 -0.0103005 -0.00443344 0.020208 0.010162 -0.0137402 0.0132068 0.00376633 0.0130333
internal_weight=0 1125.59 2360.86 1551.35 527.646 809.513 361.79 457.278 320.335 207.31 1094.07 620.599 473.473 142.36 447.723 256.012 268.222 158.473 385.723 125.939 182.576 160.805 16.7463 376.375 337.305 134.084 44.8451 18.6229 149.631 92.9198
internal_count=1074050 1035816 38234 29279 198978 8955 7376 22813 69678 129300 6466 3311 3155 61968 1579 1081 64116 1392 21438 57794 905 776 95 17343 3357 2161 1312 232 1362 656
is_linear=0
shrinkage=0.05


Tree=48
num_leaves=31
num_cat=0
split_feature=0 0 68 0 142 40 189 150 154 40 168 105 200 76 168 2 168 196 107 148 111 192 187 145 62 62 188 36 168 190
split_gain=737.525 100.884 53.9182 40.7551 37.4421 34.279 24.1893 19.7538 14.9217 14.6743 12.0969 11.5046 13.1026 10.3445 9.93525 9.70943 9.69921 10.0075 9.11691 9.02206 9.93941 8.98568 10.5073 8.74963 8.60938 11.339 8.534 8.48074 7.93247 10.3674
threshold=0.072661120000328969 0.86620967868038068 0.062324500000000012 0.0088049481694041625 0.092032000000000017 1.0000000180025095e-35 0.53855800000000009 0.024628000000000001 0.79307250000000018 37.500000000000007 12.500000000000002 6.083333333335001 8.5000000000000018 3.5000000000000004 9.5000000000000018 2826.5000000000005 9.5000000000000018 0.027878375000000004 154.50000000000003 14.500000000000002 0.055269500000000006 3.5000000000000004 0.11621450000000001 154.00000000000003 24.500000000000004 44.500000000000007 652.50000000000011 296.50000000000006 11.500000000000002 0.0033510000000000002
decision_type=2 2 2 2 2 2 2 2 2 2 2 2 2 2 2 2 2 2 2 2 2 2 2 2 2 2 2 2 2 2
left_child=3 2 4 -1 6 11 -2 26 18 13 19 12 -3 -6 -10 24 -9 -18 28 20 -7 22 -16 -17 -13 -26 -5 -11 -8 -30
right_child=1 5 -4 7 9 10 8 16 14 27 -12 15 -14 -15 21 23 17 -19 -20 -21 -22 -23 -24 -25 25 -27 -28 -29 29 -31
leaf_value=-0.049800668921957739 -0.045768307307010959 -0.0012701546407394449 0.041199952172117707 -0.042589953228377109 0.010416772520434277 0.024161499985007301 -0.0065253134351369486 0.0072576523313324483 0.0074076474872791761 -0.037436688109262838 0.011676033297798439 0.029395194368298412 0.043895353105605682 -0.015976956732585198 -0.022951062840506919 0.012149317663239963 0.0029202631660991572 -0.042953246578101047 -0.038683960563131649 0.042174426902471272 0.043074444815610569 0.0068311132462102065 0.049024893871174841 0.054247701921851556 -0.037164234249307954 0.026448192586482257 0.032274174747928659 0.037853462915019537 0.048701965598682347 -0.033215662759416856
leaf_weight=573.09987392854964 42.709916991218051 166.15455148485489 76.2130859172903 93.20089554322476 229.55412732801051 338.79814922832884 172.24345338791318 51.426675311959116 196.57148167281412 3.996422139927744 85.878881899407133 197.95897281356156 17.775530319195241 44.285283220713609 90.007851157759433 489.6003733642865 20.378785452310694 28.537984987786331 37.090893825916282 153.56760718487203 87.385164624080062 52.685822135390481 5.3732640816597259 12.661556972190736 11.933122443035247 16.964363557286561 3.9687687099212772 58.343107427703217 4.1472965813882174 56.22144278921769
leaf_count=836838 27255 1708 283 89571 7587 1300 14993 12075 6703 29 913 755 84 3186 9593 2793 9160 20286 12207 356 210 2932 94 37 67 78 260 286 188 12223
internal_value=0 0.0125278 0.000670654 -0.0430503 -0.00243926 0.0205602 -0.00938327 -0.0234637 -0.00685373 0.0111326 0.0291893 0.0142694 0.00309477 0.00614838 3.97022e-05 0.0170883 -0.00790336 -0.0238423 -0.0156625 0.0317836 0.0280394 -0.00974187 -0.0188963 0.0132106 0.0256737 0.000179649 -0.0395322 0.0330268 -0.0119916 -0.027588
internal_weight=0 2648.12 1069.44 770.613 993.23 1578.68 657.051 197.513 614.342 336.179 665.63 913.048 183.93 273.839 344.638 729.118 100.343 48.9168 269.703 579.751 426.183 148.067 95.3811 502.262 226.856 28.8975 97.1697 62.3395 232.612 60.3687
internal_count=1074050 105860 97559 968190 97276 8301 86188 131352 58933 11088 2779 5522 1792 10773 19322 3730 41521 29446 39611 1866 1510 12619 9687 2830 900 145 89831 315 27404 12411
is_linear=0
shrinkage=0.05


Tree=49
num_leaves=31
num_cat=0
split_feature=0 0 0 40 40 189 85 142 200 133 168 85 99 188 0 2 189 187 200 162 81 188 105 202 128 169 0 133 168 93
split_gain=697.402 79.5192 58.3033 50.6609 32.9416 30.1749 23.2518 18.5641 14.8304 11.5782 11.1426 10.6908 10.7082 10.0444 9.77698 9.20619 9.20139 12.3718 9.15714 8.9579 8.92098 8.73644 8.73542 8.42122 8.65617 8.96733 8.48893 10.3174 8.28353 8.19131
threshold=0.11665055024126079 0.86620967868038068 0.0088049481694041625 38.500000000000007 1.0000000180025095e-35 0.56680450000000004 11.100000000000001 0.073181500000000024 6.5000000000000009 0.84336450000000018 9.5000000000000018 7.083333333335001 19.500000000000004 631.50000000000011 0.94875966535953815 2826.5000000000005 0.59951250000000011 0.038825500000000006 8.5000000000000018 1.0000000180025095e-35 0.13891050000000002 561.50000000000011 17.775000000000002 0.078147500000000023 0.30952380952350006 7.5000000000000009 0.94875966535953815 0.19715400000000002 9.5000000000000018 0.049929000000000008
decision_type=2 2 2 2 2 2 2 2 2 2 2 2 2 2 2 2 2 2 2 2 2 2 2 2 2 2 2 2 2 2
left_child=2 3 29 5 9 -2 10 -5 16 18 -4 21 -13 -8 -14 -11 17 -7 23 -16 -12 -6 -20 -3 26 -26 -25 -28 -10 -1
right_child=1 4 6 7 11 8 13 -9 28 15 20 12 14 -15 19 -17 -18 -19 22 -21 -22 -23 -24 24 25 -27 27 -29 -30 -31
leaf_value=-0.051076494646525618 -0.025586247547154106 -0.042978324980840504 0.004244080597527124 0.0055322928559341849 0.0054177714305759248 0.012992831028088354 -0.043862242156586531 0.037389758397812355 0.020684356411589163 0.026541516534131393 -0.033995337801609259 -0.015226374274250455 0.0019342994791402409 0.0067212444922458217 -0.018851189205402678 0.013395400259866609 0.0030256798505582478 -0.016447723989264511 0.026371486963443422 0.045440832642013623 0.0061253727246363861 0.032829002742882273 -0.042417482361251389 -0.0071855398250259359 0.0078923437866859295 -0.018439459764699496 -0.063356347260606308 0.032711630064530539 0.00044307739858890223 -0.022875835891284373
leaf_weight=522.14384040658479 132.20916407233744 10.611570718232541 81.768839384705643 75.368458694014407 30.80223698168993 43.529811981657986 96.275307195617643 116.28107961418573 114.54165726632345 196.10764985252172 50.462864017375978 24.274388370569795 33.637080363929272 10.927960045577491 6.2261472130194297 415.0000949637033 218.09254736552248 197.99935153423576 63.726429652888328 41.736353213433176 19.099234760229592 516.32757044956088 4.9754879232496014 26.941327904351056 64.507648444268852 64.82387180859223 2.9611504413187495 49.754313992569223 90.466331025934778 27.085612012400816
leaf_count=790630 36851 204 17113 5682 205 1645 96617 486 1779 770 32465 255 463 1809 41 2246 9176 16625 344 194 4983 1621 27 454 517 717 41 202 3680 46208
internal_value=0 0.0128654 -0.0404695 0.00178056 0.0199236 -0.00377067 -0.0208904 0.0248614 0.000568917 0.0137175 -0.00826981 0.0284715 0.013928 -0.0387059 0.022601 0.0176141 -0.00441925 -0.0111418 0.00545815 0.0370949 -0.0229796 0.0312858 0.0213897 0.000473957 0.00268029 -0.00530575 0.0156465 0.0273153 0.0117522 -0.0496858
internal_weight=0 2540.9 807.764 988.488 1552.41 796.839 258.534 191.65 664.63 899.41 151.331 653.004 105.874 107.203 81.5996 611.108 459.622 241.529 288.302 47.9625 69.5621 547.13 68.7019 219.6 208.988 129.332 79.6568 52.7155 205.008 549.229
internal_count=1074050 84225 989825 75924 8301 69756 152987 6168 32905 5522 54561 2779 953 98426 698 3016 27446 18270 2506 235 37448 1826 371 2135 1931 1234 697 243 5459 836838
is_linear=0
shrinkage=0.05


Tree=50
num_leaves=31
num_cat=0
split_feature=0 0 40 0 189 200 189 159 135 168 130 200 72 159 123 143 96 107 2 155 46 111 189 201 151 85 140 163 102 107
split_gain=660.19 116.102 49.708 35.5314 31.5644 23.665 30.3524 22.1849 21.2072 17.2675 14.8064 14.6932 13.1636 13.1592 12.1055 10.5934 9.38784 12.1742 9.32935 8.8815 8.76053 8.53011 8.21867 8.15363 7.97466 7.71332 8.49717 9.34582 7.4903 15.7287
threshold=0.37969951586789719 0.0088049481694041625 3.5000000000000004 0.94875966535953815 0.54296050000000007 5.5000000000000009 0.58572150000000012 119.50000000000001 1.0000000180025095e-35 10.500000000000002 1.6360310000000002 5.5000000000000009 1.0000000180025095e-35 120.50000000000001 1.5000000000000002 12.500000000000002 0.048689000000000003 76.500000000000014 8.9884656743000007e+307 0.22500000000000003 1.0000000180025095e-35 0.055653500000000009 0.61170350000000007 89.500000000000014 228.50000000000003 2.0833333333350006 38.550000000000004 34.500000000000007 329.50000000000006 18.500000000000004
decision_type=2 2 2 2 2 2 2 2 2 2 2 2 2 2 2 2 2 2 2 2 2 2 2 2 2 2 2 2 2 2
left_child=1 -1 3 7 -3 6 13 8 12 11 21 -6 16 14 23 -11 17 22 19 -7 -17 -10 -2 -4 -20 -5 28 -28 -27 -30
right_child=2 4 5 25 9 18 -8 -9 10 15 -12 -13 -14 -15 -16 20 -18 -19 24 -21 -22 -23 -24 -25 -26 26 27 -29 29 -31
leaf_value=-0.049608278946023827 -0.010346664486390652 -0.051371155124031925 -0.045794977032339791 0.032076969234173226 -0.012335335174118601 -0.019563983951856403 0.027209550528592127 0.023203192757795043 -0.0044180588896875197 -0.046536054777513727 0.015660922515730185 0.011743795471135092 -0.070656047141903822 0.020614588125803968 0.058934857572046744 -0.022329949675684625 -0.045149052781934658 -0.050263062708727581 -0.0094537912289116358 0.036862439609756201 0.016069798126476003 0.025237591979667545 0.023355148604250253 -0.010024544117588541 0.033460174897623339 0.015955760098301641 -0.022184694731350246 0.037509729135001821 -0.029967313890477743 0.019248570836437821
leaf_weight=525.59605637815912 65.551724667137023 56.128456118603935 26.623817858999246 83.500946159474552 182.43776291613176 7.1029137133155009 176.16835506365169 111.30879698047647 327.26909006551432 40.466821358786547 172.14244538848288 97.058938435722666 11.109083857794756 29.942434440687066 4.6655345112085334 110.98302533443348 20.12852261273656 14.589407961553659 22.295290787238628 383.25221143109957 17.14789946404926 26.188591268029995 24.984715168946423 39.666132630984066 21.04352810094133 543.40519095165655 7.2519953437149516 68.394521916285157 28.413048340473324 37.872421198058873
leaf_count=836838 3159 62920 1748 288 51980 33 1081 1722 13590 29744 2753 8878 931 786 12 41792 837 3196 141 1301 3664 357 343 2883 88 2408 36 212 134 195
internal_value=0 -0.0331648 0.0151601 0.0101179 -0.0160243 0.0260999 0.0146853 0.00255012 -0.000922685 -0.0115967 0.00363575 -0.00397354 -0.0184928 -0.0071821 -0.018912 -0.0242343 -0.0138663 -0.00787654 0.0333922 0.0358357 -0.0171909 -0.0022208 -0.00104621 -0.0243909 0.0113834 0.0177294 0.0159813 0.031787 0.0140202 -0.00184766
internal_weight=0 1029.82 2252.87 1542.11 504.223 710.76 277.066 773.272 661.964 448.094 525.6 279.497 136.363 100.898 70.9555 168.598 125.254 105.126 433.694 390.355 128.131 353.458 90.5364 66.29 43.3388 768.838 685.337 75.6465 609.691 66.2855
internal_count=1074050 1035816 38234 30161 198978 8073 6510 26888 25166 136058 16700 60858 8466 5429 4643 75200 7535 6698 1563 1334 45456 13947 3502 4631 229 3273 2985 248 2737 329
is_linear=0
shrinkage=0.05


Tree=51
num_leaves=31
num_cat=0
split_feature=0 0 142 0 40 40 40 189 189 154 130 130 135 180 180 168 111 101 163 196 187 196 125 77 3 169 159 125 163 135
split_gain=625.743 93.9729 47.6894 39.4826 30.354 24.2581 23.9082 22.937 17.9292 14.013 12.5831 12.4912 10.1091 11.5366 9.69477 9.32772 9.22002 9.1965 8.7075 8.44829 8.05397 10.026 9.92083 7.8033 8.68928 11.5076 8.54812 8.03066 7.65559 7.69617
threshold=0.072661120000328969 0.86620967868038068 0.092032000000000017 0.0088049481694041625 5.5000000000000009 37.500000000000007 742.50000000000011 0.53855800000000009 0.55406350000000015 2.1664360000000005 0.85877850000000011 0.7041805000000001 1.5000000000000002 1.2916666666650001 1.2250000000000003 11.500000000000002 0.027653 2.5000000000000004 41.500000000000007 0.085616400000000009 0.04683650000000001 0.084860750000000013 15.500000000000002 0.019517500000000004 84103.500000000015 8.5000000000000018 41.500000000000007 44.500000000000007 101.50000000000001 1.5000000000000002
decision_type=2 2 2 2 2 2 2 2 2 2 2 2 2 2 2 2 2 2 2 2 2 2 2 2 2 2 2 2 2 2
left_child=3 2 6 -1 9 16 7 -2 -5 14 -10 15 13 -6 -3 17 -4 -9 -12 23 22 -22 -13 24 25 27 -26 -16 -27 -30
right_child=1 4 5 8 12 -7 -8 11 10 -11 18 20 -14 -15 19 -17 -18 -19 -20 -21 21 -23 -24 -25 26 28 -28 -29 29 -31
leaf_value=-0.049454396455852839 -0.048702911607095382 -0.00035937086766903896 0.00098521281991567145 -0.051720542905530832 -0.053451601259439097 0.035887071549222015 0.028262482826194875 0.0062719084818523485 -0.028930148605654855 0.022718969239058535 0.028377839967640053 0.045637542159197415 0.033858431559311147 0.019916254291771608 0.034255471407862205 -0.031435400479623558 0.021126597760463731 -0.017754822079450405 -0.010295772438398068 -0.033838703513009834 -0.01222651438726473 0.033941108968665 0.0027288987198009484 0.030491521277958535 0.014843473909575475 -0.0037689240213150243 -0.0038465375141323224 -0.029866427770782689 0.026875652328289253 -0.041091554821312909
leaf_weight=503.9848354845999 37.406178179226117 148.04216016619466 200.74379926937399 41.003931901934266 6.7320185197750098 95.338723663124256 41.929750647082983 57.246268004128069 73.008422760496615 401.58984066639096 20.183990156088839 15.091538642649537 361.27798604639247 26.252486458281055 104.45496148057282 73.632279088255018 79.250009208204574 130.88226002650481 52.186736258714518 9.0588769502937776 158.82767474380671 12.699960733531041 125.44749400948058 69.513300604186952 129.62981270207092 60.009500788524747 115.85322061390616 5.1223603347316375 54.071152173331939 4.5126064631622276
leaf_count=836838 26468 1503 8665 54889 97 391 1937 5182 55293 1698 3061 367 1206 139 478 18583 2192 15681 18109 119 11094 326 6673 326 768 509 1008 39 341 70
internal_value=0 0.0115351 -9.96181e-05 -0.0421828 0.0195333 0.0141035 -0.00826124 -0.0107667 -0.0225204 0.0152731 -0.0142845 -0.00829377 0.0314393 0.00494214 0.0110031 -0.0163485 0.00668607 -0.0104436 0.000490188 0.0140492 -0.00153744 -0.00880825 0.00733657 0.0148478 0.012552 0.0195764 0.00602291 0.031258 0.00878293 0.0216403
internal_weight=0 2524.62 1028.5 690.368 1496.12 375.333 653.163 611.234 186.383 1101.86 145.379 573.827 394.262 32.9845 700.268 261.761 279.994 188.129 72.3707 552.226 312.067 171.528 140.539 543.167 473.654 228.171 245.483 109.577 118.593 58.5838
internal_count=1074050 105860 97559 968190 8301 11248 86311 84374 131352 6859 76463 57906 1442 236 5161 39446 10857 20863 21170 3658 18460 11420 7040 3539 3213 1437 1776 517 920 411
is_linear=0
shrinkage=0.05


Tree=52
num_leaves=31
num_cat=0
split_feature=0 0 148 40 189 0 40 189 168 200 189 159 2 136 143 0 118 40 55 118 168 168 3 2 168 169 46 186 159 150
split_gain=591.811 108.543 49.6362 30.2788 28.9082 27.5843 17.7058 17.1273 15.1067 13.2273 12.6087 11.0351 10.1315 9.50453 9.4537 9.06025 13.1349 8.96342 8.83702 8.8089 8.75334 8.54714 10.0038 8.50736 8.35144 7.92174 7.63824 7.58944 7.41334 7.38484
threshold=0.37969951586789719 0.0088049481694041625 5.5000000000000009 2.5000000000000004 0.54296050000000007 0.7740980979447657 542.50000000000011 0.58948950000000011 10.500000000000002 5.5000000000000009 0.55002050000000013 119.50000000000001 779250.50000000012 8.4500000000000011 14.500000000000002 0.94875966535953815 28.500000000000004 1.5000000000000002 1.0000000180025095e-35 167.50000000000003 19.500000000000004 13.500000000000002 42554.500000000007 2463.5000000000005 9.5000000000000018 9.5000000000000018 1.0000000180025095e-35 0.068772000000000014 118.50000000000001 0.09122050000000001
decision_type=2 2 2 2 2 2 2 2 2 2 2 2 2 2 2 2 2 2 2 2 2 2 2 2 2 2 2 2 2 2
left_child=1 29 5 15 -3 7 10 11 9 27 13 -2 24 -7 -10 16 -4 -9 20 21 23 22 28 -17 -5 -18 -16 -6 -12 -1
right_child=2 4 3 12 8 6 -8 17 14 -11 19 -13 -14 -15 26 18 25 -19 -20 -21 -22 -23 -24 -25 -26 -27 -28 -29 -30 -31
leaf_value=-0.049991351077393151 -0.02520385980199065 -0.051221377252517734 -0.0062145815654512234 0.03989381766110827 0.026116962578866594 0.039451905396645628 0.036426922307814746 -0.0047262244977675574 -0.043075277525200642 0.010490538120009885 0.015815152964440148 0.0087850361941860019 0.011312343765051426 -0.032497318116371611 -0.021359269871698578 0.030252557602354485 0.023077367114844823 0.021944722447128247 0.058494372448984866 0.042776302192330869 -0.015629558923407061 -0.0028806808463412038 0.0079190056466599389 0.01512110011110447 0.01958437522496714 0.00099165211014608039 0.015529292528730674 -0.015285405534467854 0.039079634070262909 0.0052410093257526519
leaf_weight=476.16678405998755 118.66165771908709 51.728799707700091 95.388949060317827 277.09852358140051 11.852550983792751 5.4908610562561071 65.466198053909466 74.629400332167279 45.581046643103036 95.501001207245281 119.16435724357143 29.897351083956892 46.570178842870519 27.978863814612851 101.43689137920592 144.97144168009982 135.44916617241688 54.512068393290974 14.701791580766438 20.795594373252243 17.433577984571457 111.97238902829122 396.66450493480079 258.5710394915659 61.931098836939782 57.980945818999317 16.286021979802172 167.38634285298031 48.05011421116069 6.1298392897733711
leaf_count=831129 15930 62920 2610 832 2317 129 228 3492 33816 8878 838 1619 274 1338 38093 507 1644 665 35 73 143 1844 3149 1073 555 1070 3291 49663 186 5709
internal_value=0 -0.0324524 0.0144482 0.021861 -0.0158725 0.0067812 0.011517 -0.00678625 -0.0116981 -0.00453942 0.00928339 -0.0183636 0.03318 -0.0206937 -0.0237418 0.0158367 0.0089693 0.00653188 0.0203892 0.0107236 0.0190585 0.00973737 0.012243 0.020557 0.0361839 0.0164571 -0.016256 -0.0125476 0.0225003 -0.0492894
internal_weight=0 972.069 2183.38 1110.1 489.773 1073.28 795.583 277.7 438.044 274.74 730.117 148.559 385.6 33.4697 163.304 724.497 288.819 129.141 435.678 696.647 420.976 675.851 563.879 403.542 339.03 193.43 117.723 179.239 167.214 482.297
internal_count=1074050 1035816 38234 8743 198978 29491 7785 21706 136058 60858 7557 17549 1661 1467 75200 7082 5324 4157 1758 6090 1723 6017 4173 1580 1387 2714 41384 51980 1024 836838
is_linear=0
shrinkage=0.05


Tree=53
num_leaves=31
num_cat=0
split_feature=0 0 68 159 147 200 0 168 182 59 168 2 144 186 3 40 189 150 40 189 196 189 2 188 136 168 189 40 201 82
split_gain=561.022 98.8212 38.1818 34.3752 28.1429 22.8725 21.0722 16.0826 15.499 13.9679 12.5014 13.7635 12.449 12.4429 12.3848 12.0619 11.1797 10.4628 10.1019 9.95532 9.32229 9.06161 9.0546 9.04449 8.76994 8.16614 7.77069 7.67887 9.12957 9.77442
threshold=0.043984350660107828 0.60678019017954943 0.063052000000000011 117.50000000000001 1.5000000000000002 2.5000000000000004 0.0083575017706393109 8.5000000000000018 0.10627750000000001 0.019906500000000004 18.500000000000004 2463.5000000000005 4.5000000000000009 0.079637000000000013 93830.500000000015 1.0000000180025095e-35 0.60772350000000019 0.09122050000000001 14.500000000000002 0.57480350000000013 0.019190800000000004 0.55108450000000009 117173.00000000001 577.50000000000011 4.9000000000000012 8.5000000000000018 0.5489710000000001 1.0000000180025095e-35 89.500000000000014 8.5000000000000018
decision_type=2 2 2 2 2 2 2 2 2 2 2 2 2 2 2 2 2 2 2 2 2 2 2 2 2 2 2 2 2 2
left_child=6 5 3 4 12 21 17 15 14 19 11 18 22 20 26 -7 -14 -1 -6 -8 -13 -2 24 -9 -3 -19 -5 -15 -29 -30
right_child=1 2 -4 8 10 7 9 23 -10 -11 -12 13 16 27 -16 -17 -18 25 -20 -21 -22 -23 -24 -25 -26 -27 -28 28 29 -31
leaf_value=-0.05001344489331469 -0.048103313288208618 0.03710034111643197 0.040735916266183059 -0.010007975350163418 0.020888289954799168 -0.0049447246830471451 -0.049684167262381791 -0.029778734732668982 -0.028603196755907046 0.010426173400122018 -0.012440596286159955 -0.0022275542714554385 -0.045190244426941216 0.0096088218139609716 0.016346962401804083 0.019536970281893728 0.018559705889693311 0.065607673170408151 0.048979980481946427 -0.017937058466951646 -0.058104760829024264 -0.018591430530644364 -0.011696357260717147 -0.0062507846003099464 0.0030299623229941754 -0.046906227087524975 0.035361932480865305 0.0088724675560807095 0.031015746482462171 -0.031546926775049826
leaf_weight=454.61811582920927 35.512545807549031 21.25616831977095 139.38163364445791 9.7901117697474529 186.13069336453918 98.725653952220455 48.942333364593651 54.052171150506183 12.818560967309166 21.953232865304017 43.87690381554421 45.14551721396856 28.91460854516481 466.97944298665971 164.46275568584679 102.59795019145531 9.0233375227544439 3.509587564127286 38.64788356050849 49.840783731215197 8.9430091078393144 97.213127315160818 100.86439134689863 167.19092863301194 169.52270183613291 2.9836715662822826 262.14622952311765 101.54846553481184 143.32804017420858 6.5274237544508642
leaf_count=827071 34680 450 362 314 1166 8531 68714 20769 101 8698 863 763 2487 4353 1300 4140 213 809 103 32394 220 23268 2922 18655 3435 4849 1233 545 589 53
internal_value=0 0.0102376 0.0155144 0.0135828 0.00964889 -0.00838117 -0.0442444 -0.00269401 0.0255863 -0.025649 0.0136799 0.0148291 -0.00308475 0.0116605 0.0271781 0.00753157 -0.0300277 -0.0491133 0.0257183 -0.0336662 -0.0114663 -0.0264877 0.000420077 -0.0119989 0.00682601 0.0139072 0.0337285 0.0134018 0.0204471 0.0282906
internal_weight=0 2514.6 1959.31 1819.93 1370.71 555.292 581.848 422.567 449.218 120.736 1041.13 997.25 329.581 772.472 436.399 201.324 37.9379 461.111 224.779 98.7831 54.0885 132.726 291.643 221.243 190.779 6.49326 271.936 718.383 251.404 149.855
internal_count=1074050 131515 21472 21110 18162 110043 942535 52095 2948 109806 8655 7792 9507 6523 2847 12671 2700 832729 1269 101108 983 57948 6807 39424 3885 5658 1547 5540 1187 642
is_linear=0
shrinkage=0.05


Tree=54
num_leaves=31
num_cat=0
split_feature=0 0 40 0 148 0 147 168 189 180 59 40 93 108 135 143 36 189 189 187 189 148 113 139 161 102 189 130 188 107
split_gain=529.08 92.354 42.3839 38.1851 22.2526 20.7073 16.7815 15.3613 15.1098 12.6795 12.4461 11.4787 10.0631 11.2863 9.86544 11.2139 14.2857 9.78157 9.55312 8.83859 9.36881 8.77997 8.87259 8.92644 8.74959 8.42702 8.26654 8.19088 8.11896 8.04861
threshold=0.043984350660107828 0.48090646582193369 37.500000000000007 0.94875966535953815 6.5000000000000009 0.0088049481694041625 1.5000000000000002 9.5000000000000018 0.57048050000000006 1.2250000000000003 0.019906500000000004 102.50000000000001 0.049929000000000008 0.049992500000000002 3.5000000000000004 22.500000000000004 170.50000000000003 0.54336150000000016 0.57480350000000013 0.038825500000000006 0.58104250000000002 12.500000000000002 0.11779750000000001 0.11888700000000001 18.500000000000004 282.50000000000006 0.5744815000000002 1.1800840000000001 580.50000000000011 36.500000000000007
decision_type=2 2 2 2 2 2 2 2 2 2 2 2 2 2 2 2 2 2 2 2 2 2 2 2 2 2 2 2 2 2
left_child=5 6 3 4 8 12 17 -6 9 -3 18 27 -1 -14 15 16 -4 -2 -7 -19 -21 -5 -23 -24 26 -17 -18 -8 -9 -10
right_child=1 2 14 21 7 10 11 28 29 -11 -12 -13 13 -15 -16 25 24 19 -20 20 -22 22 23 -25 -26 -27 -28 -29 -30 -31
leaf_value=-0.050742299782560209 -0.046324531110989969 -0.043512677638531519 0.042466185513894826 0.015491027904069267 0.023641926947343128 -0.049533243469986339 -0.014417429572552577 -0.03428939043342237 0.0048540088173784236 -0.0076263589946272683 0.0091250340509753704 0.036400280692199555 0.098677987051074376 -0.027371773480416885 0.046791022467401078 0.03644361914314187 -0.034874353108659752 0.0067137448669396848 -0.017616845974425397 -0.037983435092963216 -0.012901346378692969 0.034073818196534371 -0.046526881205189621 0.017995559780826825 -0.05714287137496013 0.007457335475995374 0.014989933635068604 0.0072234933899418098 0.005545388081344243 -0.013729151513781188
leaf_weight=418.61981779425332 30.582030184541509 35.691148219804745 23.018163614440709 632.80452460469678 179.57427342323354 45.392495784595667 92.481078445416642 14.301837235514538 345.11374773783609 79.309313888370525 21.500762854404456 19.342180658553843 1.9407362027013757 20.902680150131346 71.51099805632839 170.08706039612298 10.89469897582603 35.420764314985718 48.491411915274512 53.993663203666074 119.91677510361478 149.01596086192876 5.8076364025473586 69.606979904696345 6.9193400474614455 29.409914204501547 35.055769089318346 82.934092033901834 121.11103038926376 70.102594798372593
leaf_count=790630 33058 5743 85 2963 1529 66184 15024 589 6401 4704 8320 277 13 46195 240 638 718 6348 31193 24203 17104 519 16 263 101 263 246 5626 2008 2849
internal_value=0 0.00987473 0.0143149 0.011069 0.00352763 -0.0440495 -0.0110591 0.0140536 -0.00272553 -0.0187639 -0.0251897 -0.000155089 -0.0489789 -0.0166628 0.0302443 0.0259475 0.00958835 -0.0199107 -0.0330483 -0.0160518 -0.0206885 0.0185045 0.0270014 0.0130267 -0.00472581 0.0321705 0.00316728 -0.00418587 0.00133818 0.00171654
internal_weight=0 2484.01 2049.33 1702.44 845.204 556.848 434.671 314.987 530.217 115 115.385 194.757 441.463 22.8434 346.896 275.385 75.888 239.913 93.8839 209.331 173.91 857.235 224.431 75.4146 52.8698 199.497 45.9505 175.415 135.413 415.216
internal_count=1074050 131515 29875 27584 23823 942535 101640 4126 19697 10447 105697 20927 836838 46208 2291 2051 1150 80713 97377 47655 41307 3761 798 279 1065 901 964 20650 2597 9250
is_linear=0
shrinkage=0.05


Tree=55
num_leaves=31
num_cat=0
split_feature=0 0 148 97 40 0 142 168 2 77 148 111 144 159 151 72 154 189 187 189 150 189 200 120 176 2 107 130 168 118
split_gain=501.354 91.0484 46.7714 29.2651 28.5765 20.8506 17.4667 15.8257 17.5821 11.7457 10.9586 11.5342 10.6136 10.1975 11.1532 9.76813 9.76297 9.56424 9.92316 9.28748 8.9739 8.83259 11.6455 8.6261 8.62232 8.01031 10.6634 7.68469 12.0114 8.89168
threshold=0.043984350660107828 0.86620967868038068 2.5000000000000004 1.5000000000000002 1.0000000180025095e-35 0.0088049481694041625 0.048829500000000005 12.500000000000002 64565.000000000007 0.030463500000000001 14.500000000000002 0.055269500000000006 1.5000000000000002 119.50000000000001 309.50000000000006 33.500000000000007 0.33037400000000006 0.53370050000000002 0.038825500000000006 0.57480350000000013 0.09122050000000001 0.58904350000000016 8.5000000000000018 1.5000000000000002 0.44722222222200009 23453.500000000004 59.500000000000007 0.71484950000000014 10.500000000000002 20.500000000000004
decision_type=2 2 2 2 2 2 2 2 2 2 2 2 2 2 2 2 2 2 2 2 2 2 2 2 2 2 2 2 2 2
left_child=5 2 6 7 16 20 17 8 13 19 11 15 -8 14 -4 24 -3 -2 -19 -7 -1 22 -10 25 -6 27 -27 28 -18 -30
right_child=1 4 3 -5 10 9 12 -9 21 -11 -12 -13 -14 -15 -16 -17 23 18 -20 -21 -22 -23 -24 -25 -26 26 -28 -29 29 -31
leaf_value=-0.049810090636046869 -0.049881477293315164 -0.027862045179804135 0.01606350665431237 0.044031633736306447 -0.056647147484225092 -0.049081077920130417 0.010303533703351112 -0.013027263782113064 -0.026019517618427218 0.0092587802455806559 0.038211452544325841 0.039929113706364587 -0.014074386501967216 0.036380240880877539 -0.031230314346584222 -0.030577238443803525 0.026466709935964457 -0.0039990128299899714 -0.026451254240261901 -0.017241341501426897 0.013084215530640647 0.0053983722418534281 0.021807473390903553 0.041771339080859046 0.020800160886515196 0.0075543744482021924 -0.044430569564683192 0.019323182362687364 -0.00062388756184172944 -0.049179128414440845
leaf_weight=416.47260224601632 28.626733522396535 15.178102579433469 139.94790899184591 49.812634062138386 3.631265095435082 43.74005179042797 86.678915860815323 109.26493369199306 57.970088880101684 20.731733750471903 145.39077222533524 77.103134728968143 92.079718566754309 58.503938431902498 13.68518871157721 9.8124999166466278 31.244836203055456 72.69984717429179 152.3210753987878 48.07835163474374 5.7498108705549376 157.44861330153071 16.308433743222849 24.594242380000651 348.11902947770432 338.07363955804612 10.161094060167668 358.75619043363258 36.472906725481153 12.715909280814229
leaf_count=831129 26073 316 5870 150 24 66608 3200 13509 5949 7838 430 226 9246 1059 955 156 171 11791 39006 31251 5709 5851 555 100 1943 2409 178 1773 429 146
internal_value=0 0.00958599 -0.00167519 0.00732445 0.0178476 -0.0438562 -0.0142242 0.00401874 0.00821492 -0.0247338 0.026315 0.022372 -0.00225369 0.0186156 0.0118507 0.018628 0.0118691 -0.0226604 -0.0191974 -0.032409 -0.0489536 -0.00130646 -0.0155187 0.0126117 0.0200006 0.011701 0.00603751 0.0161915 0.00222339 -0.013176
internal_weight=0 2446.6 1035.35 602.942 1411.25 534.773 432.406 553.129 443.864 112.55 584.057 438.666 178.759 212.137 153.633 361.563 827.197 253.648 225.021 91.8184 422.222 231.727 74.2785 812.019 351.75 787.425 348.235 439.19 80.4337 49.1888
internal_count=1074050 131515 123214 33898 8301 942535 89316 33748 20239 105697 2779 2349 12446 7884 6825 2123 5522 76870 50797 97859 836838 12355 6504 5206 1967 5106 2587 2519 746 575
is_linear=0
shrinkage=0.05


Tree=56
num_leaves=31
num_cat=0
split_feature=0 0 40 0 113 0 189 159 200 135 168 2 136 105 159 70 107 99 148 93 168 2 174 68 104 143 70 46 125 80
split_gain=473.566 85.4406 39.7525 31.6279 20.7865 20.6464 18.4192 13.714 11.4917 11.1897 10.6817 11.5 10.5975 10.1463 9.39213 9.14705 8.9549 8.84146 8.79559 8.44492 8.90949 9.23178 8.28686 8.18025 10.3089 8.13459 8.11968 8.09074 8.07468 7.8555
threshold=0.043984350660107828 0.53809039466125175 37.500000000000007 0.94875966535953815 0.06221200000000001 0.0088049481694041625 0.56680450000000004 119.50000000000001 4.5000000000000009 1.0000000180025095e-35 8.5000000000000018 177674.50000000003 4.1000000000000005 25.100000000000005 117.50000000000001 121.08333333350002 20.500000000000004 84.500000000000014 2.5000000000000004 0.047882500000000008 8.5000000000000018 4745.5000000000009 3.5000000000000004 0.096819500000000017 0.022897500000000005 25.500000000000004 2.7083333333350006 1.0000000180025095e-35 14.500000000000002 0.13732050000000004
decision_type=2 2 2 2 2 2 2 2 2 2 2 2 2 2 2 2 2 2 2 2 2 2 2 2 2 2 2 2 2 2
left_child=5 6 3 4 10 19 -2 9 -7 22 11 18 -12 26 15 25 -17 27 -3 -1 21 -21 -8 24 -4 28 -6 -14 -5 -16
right_child=1 2 23 14 13 8 7 -9 -10 -11 12 -13 17 -15 29 16 -18 -19 -20 20 -22 -23 -24 -25 -26 -27 -28 -29 -30 -31
leaf_value=-0.050616101480189662 -0.02933762531621292 -0.0028203559159875485 0.018970754105672619 0.010326403296312212 0.024967924116565822 -0.035821923504666647 -0.032695662836584587 0.017330093445441411 -0.0014916842426209857 -0.004472856235151838 0.0085424034151014971 -0.0077780970524710478 -0.016744701611661663 0.031056373565414925 0.031179734834838546 -0.031089066682033623 0.012415324405874633 -0.049136166209482947 0.027866188424669605 0.073727801318130587 -0.041273138556124911 -0.037807407555498919 0.06035011448565572 0.047552038326001259 0.039481324791397501 0.02004333612807796 0.0045211764920757144 0.021705851657782341 -0.029566478813957395 0.0022281393151613476
leaf_weight=380.74163750806474 96.470098074871203 37.058563617581967 170.36854662309634 157.84806482796557 60.697895837714896 73.178053028343129 55.941791793899029 58.819375553401187 36.552765428605198 256.5505200598418 52.728784263046691 94.811249746533576 145.46676157572074 60.372599408961833 167.35197259869892 20.808894712477922 27.409082966856658 19.072968170890817 63.131028732692357 4.2595758139686977 15.25267518926921 3.2868062867673871 2.4999015319626769 54.85438696295023 95.661744711047504 419.19444529153407 242.69860071223229 15.101467619882895 13.792912824079393 27.244073708308861
leaf_count=785722 61005 1075 1462 990 511 84413 10928 3266 21284 30482 2139 2397 5786 402 595 131 192 3231 644 1569 41674 7873 31 125 385 1626 3507 378 105 122
internal_value=0 0.00926644 0.0138892 0.0107131 0.00355214 -0.0436169 -0.0098591 -0.00483226 -0.0243861 -0.00897069 -0.00392516 0.00470383 -0.0111665 0.0123368 0.0175089 0.0145803 -0.00635938 -0.0169515 0.0165157 -0.0488461 -0.0192877 0.0251489 -0.0287155 0.0299712 0.0263461 0.0162892 0.00861178 -0.0131284 0.00712065 0.0271264
internal_weight=0 2415.96 1945.67 1624.79 791.14 513.272 470.282 373.812 109.731 314.992 427.371 195.001 232.37 363.769 833.649 639.053 48.218 179.641 100.19 403.541 22.7991 7.54638 58.4417 320.885 266.03 590.835 303.396 160.568 171.641 194.596
internal_count=1074050 131515 25803 23831 20070 942535 105712 44707 105697 41441 15650 4116 11534 4420 3761 3044 323 9395 1719 836838 51116 9442 10959 1972 1847 2721 4018 6164 1095 717
is_linear=0
shrinkage=0.05


Tree=57
num_leaves=31
num_cat=0
split_feature=0 0 148 40 40 142 0 159 189 145 168 159 154 154 159 105 180 188 135 136 163 130 80 176 190 144 142 159 93 168
split_gain=446.968 82.7195 43.0581 26.5963 26.1035 20.7347 20.6778 15.4975 14.7105 11.2321 9.64772 10.28 9.60013 9.47264 9.44857 9.44813 9.36833 9.91201 8.68048 8.2604 13.4574 9.94372 7.8111 7.76532 10.8912 7.70929 7.64556 8.15182 7.63841 7.69753
threshold=0.043984350660107828 0.86620967868038068 4.5000000000000009 1.0000000180025095e-35 6.5000000000000009 0.088099500000000011 0.0088049481694041625 119.50000000000001 0.53855800000000009 10.000000000000002 10.500000000000002 50.500000000000007 1.8002620000000003 0.43961650000000002 39.500000000000007 5.708333333335001 1.3666666666650003 577.50000000000011 3.5000000000000004 15.708333333350001 8.5000000000000018 0.84649150000000006 0.12663700000000003 0.61507936507950012 0.096861500000000003 1.5000000000000002 0.015315500000000001 40.500000000000007 0.047882500000000008 8.5000000000000018
decision_type=2 2 2 2 2 2 2 2 2 2 2 2 2 2 2 2 2 2 2 2 2 2 2 2 2 2 2 2 2 2
left_child=6 2 5 15 7 8 28 12 -2 -8 11 -5 -4 -13 -11 -3 17 -10 -6 -17 -21 26 -23 24 -15 -7 -22 -28 -1 -30
right_child=1 3 4 10 18 25 9 -9 16 14 -12 13 -14 23 -16 19 -18 -19 -20 20 21 22 -24 -25 -26 -27 27 -29 29 -31
leaf_value=-0.050507712661106909 -0.04612547103288811 -0.00061465803000592973 -0.014071173427932591 0.016837495325877621 0.022108190366714697 0.01796937750131691 -0.039721768135806267 0.027046768388542891 -0.032694882267167234 0.022345161045988035 0.012848024125405156 -0.014678966144304346 0.0060625742357814224 -0.046905712484416884 -0.022569434880652356 0.016574342740439361 -0.0044841358802752591 -0.011684667410353964 0.054012134011872152 -0.047713945328012215 0.029408407689586399 0.019711144596070564 -0.050634384255713275 0.037484522790808252 0.028592789316252244 -0.006798236073009627 0.0072313772263594093 -0.04342009870868177 0.022061981813073055 -0.040967998372328548
leaf_weight=363.21626984169052 36.3078711501621 141.62084532878362 113.87825946069643 129.59924393892288 109.33499442812172 72.134035111463163 55.123730448987772 49.921279734728159 89.130809244481497 17.694605611461157 122.87386604468338 9.8493113475851697 123.32288477655675 6.5898773744702366 34.616759487136733 519.55615797755308 184.30975777549975 151.64277715493517 26.484961052978178 11.936069769784806 8.5959355719387514 90.371828775852919 4.1263845474459222 279.6877147257328 17.362418107688427 55.662945082251099 13.098122428171335 20.184591192053631 7.245842663945953 14.612588389052688
leaf_count=785722 33228 1600 10821 589 1890 1620 69419 1283 25186 6728 1139 100 5363 43 29550 2849 23876 15423 84 186 62 468 28 849 59 4440 87 242 9442 41674
internal_value=0 0.00894608 -0.00190315 0.0169295 0.0102689 -0.0106408 -0.0433687 0.00172561 -0.0155772 -0.0239726 0.0252447 0.0286824 -0.00360347 0.0335792 -0.00737683 0.0111159 -0.012968 -0.0194623 0.0283295 0.0136034 0.00319575 0.00765151 0.0166394 0.0351446 0.00782126 0.00718166 -0.0126295 -0.0234867 -0.0487802 -0.0200742
internal_weight=0 2387.58 1012.13 1375.45 422.942 589.188 492.51 287.122 461.391 107.435 565.962 443.089 237.201 313.489 52.3114 809.49 425.083 240.774 135.82 667.869 148.313 136.377 94.4982 303.64 23.9523 127.797 41.8786 33.2827 385.075 21.8584
internal_count=1074050 131515 123214 8301 19441 103773 942535 17467 97713 105697 2779 1640 16184 1051 36278 5522 64485 40609 1974 3922 1073 887 496 951 102 6060 391 329 836838 51116
is_linear=0
shrinkage=0.05


Tree=58
num_leaves=31
num_cat=0
split_feature=0 0 40 0 154 0 68 189 168 189 130 40 46 2 168 159 172 154 106 151 187 159 2 129 93 77 125 3 187 178
split_gain=423.809 78.0838 35.3926 28.4341 22.374 20.15 19.642 16.1252 14.0588 13.6723 10.7822 9.51846 9.21756 10.7143 11.63 8.71224 8.56979 8.50312 8.44166 8.39037 9.19512 8.26861 7.76235 7.23232 7.19267 7.08955 7.00656 6.90937 6.89774 6.89077
threshold=0.043984350660107828 0.60678019017954943 172.50000000000003 0.94875966535953815 0.78406500000000012 0.0088049481694041625 0.040668000000000003 0.55108450000000009 8.5000000000000018 0.57048050000000006 0.87225400000000008 3.5000000000000004 1.0000000180025095e-35 166361.50000000003 8.5000000000000018 118.50000000000001 0.015656000000000003 0.49356200000000006 0.066898000000000013 269.50000000000006 0.029875500000000003 39.500000000000007 746738.00000000012 1.5000000000000002 0.047882500000000008 0.039101000000000004 12.500000000000002 393.00000000000006 0.021818500000000001 4.5000000000000009
decision_type=2 2 2 2 2 2 2 2 2 2 2 2 2 2 2 2 2 2 2 2 2 2 2 2 2 2 2 2 2 2
left_child=5 6 3 4 -3 24 7 -2 15 28 -7 -5 13 14 -9 18 -13 -14 23 22 -21 -12 25 26 -1 -11 29 -26 -10 -6
right_child=1 2 -4 11 8 10 -8 12 9 19 21 16 17 -15 -16 -17 -18 -19 -20 20 -22 -23 -24 -25 27 -27 -28 -29 -30 -31
leaf_value=-0.050422586156913377 -0.038046189475088477 -0.010402700744692454 0.033722101788342736 0.014867685544153984 0.057963150512358147 -0.037919129016369166 0.031710823460329753 0.0098113047015712732 0.025562097220344256 0.0108776660949855 0.022377349472947842 -0.026495594955580418 -0.028221257783949086 -0.020462033581727376 -0.012844577910218417 0.031465176855036775 0.030641331287371606 0.022896295927917996 0.039471391323643308 0.06612576391562984 -0.013390345879101451 -0.021800328366440413 -0.015078252736042434 0.016277764660792626 0.081916405789235508 0.043610717321027753 -0.011692986799829009 -0.0283779949960698 -0.039484302044061149 -0.0036984283490013366
leaf_weight=347.09297921526741 48.904766546653264 195.29302458188613 193.6814672909095 690.92993149603717 8.131099588004874 59.164347519297735 28.760042980051367 95.729503157839645 4.8059021520894047 150.46311242762022 16.750408727370086 6.8481438336893907 10.228959138818025 157.3112426002117 138.73834209312918 75.935446247225627 157.39274641312659 39.748666724422947 24.461521764285862 3.8359671458601943 69.636411928106099 28.807375506912649 25.578520358540118 115.00377285038121 1.5305838460408292 18.58516800403595 59.984162309527164 19.643444457160513 26.823780395527137 10.232794067123903
leaf_count=785722 45055 8116 888 3273 40 78773 314 7014 91 1957 5650 30 2777 25627 26203 422 582 3053 117 18 1335 21274 447 844 89 121 965 51027 2080 146
internal_value=0 0.00866765 0.013506 0.0111242 0.00427729 -0.0431934 -0.00844964 -0.0108036 0.00910796 0.00148952 -0.0238406 0.0174396 -0.00778775 -0.0103674 -0.00359454 0.0168815 0.028259 0.012434 0.0117973 0.0051575 -0.00923884 -0.00555735 0.0105922 0.00829612 -0.0486967 0.0144763 -0.00341981 -0.0204053 -0.029601 0.0236039
internal_weight=0 2357.04 1837.62 1643.94 788.771 472.989 519.422 490.661 593.478 299.729 104.722 855.171 441.757 391.779 234.468 293.749 164.241 49.9776 217.813 268.099 73.4724 45.5578 194.627 193.352 368.267 169.048 78.3481 21.174 31.6297 18.3639
internal_count=1074050 131515 21472 20584 16699 942535 110043 109729 8583 6049 105697 3885 64674 58844 33217 2534 612 5830 2112 3878 1353 26924 2525 1995 836838 2078 1151 51116 2171 186
is_linear=0
shrinkage=0.05


Tree=59
num_leaves=31
num_cat=0
split_feature=0 0 40 0 0 159 113 90 135 117 168 142 145 72 2 88 130 3 175 168 107 124 85 189 187 96 189 150 126 112
split_gain=399.509 74.9832 37.1408 25.429 20.0864 15.8656 14.3454 14.2221 13.5364 11.817 11.6764 11.5704 10.3461 10.1879 10.0426 9.80754 9.73268 9.5046 10.7763 8.69498 8.63442 8.39232 8.30827 7.97844 8.02797 7.54655 9.52208 7.32557 7.018 6.93581
threshold=0.043984350660107828 0.48090646582193369 6.5000000000000009 0.94875966535953815 0.0088049481694041625 119.50000000000001 0.082366000000000009 2.5000000000000004 1.0000000180025095e-35 0.36666666666650011 17.500000000000004 0.15140300000000004 10.000000000000002 1.0000000180025095e-35 8.9884656743000007e+307 0.067069500000000018 0.72513300000000014 243696.00000000003 2.2916666666650003 9.5000000000000018 394.50000000000006 0.052073500000000009 2.7750000000000004 0.54296050000000007 0.038825500000000006 0.048689000000000003 0.61170350000000007 0.09122050000000001 1.5000000000000002 0.18703762500000001
decision_type=2 2 2 2 2 2 2 2 2 2 2 2 2 2 2 2 2 2 2 2 2 2 2 2 2 2 2 2 2 2
left_child=4 6 3 5 27 8 11 14 13 16 15 23 -6 25 -4 17 -10 20 -19 -14 -9 -8 -7 -2 -25 26 -3 -1 -16 -5
right_child=1 2 7 29 12 22 21 10 9 -11 -12 -13 19 -15 28 -17 -18 18 -20 -21 -22 -23 -24 24 -26 -27 -28 -29 -30 -31
leaf_value=-0.049476840550498592 -0.044101150003505965 -0.017125620016597811 0.035730700643724668 -0.00019046324238112939 -0.039085092851267128 0.03892710979004093 0.020277958544845251 0.025953196633425313 -0.01126485837838887 0.024934082805698088 -0.052878788203147099 0.02074312662519015 0.012653805405073782 -0.069101110596295284 -0.035811545610801604 0.042371697575788264 0.0047213445385128616 -0.014076498831125359 0.016945748526609326 -0.028926957289864549 -0.062331395218891188 -0.011402654557130019 0.0092710180376990494 -0.00037278487506752829 -0.020611540484146495 -0.044532520664627449 0.02038756661025401 0.0097125604216675848 0.026949681238105861 0.01646941060750514
leaf_weight=346.36042975267992 27.548721630413638 64.237982687467593 222.82958437677007 69.135559684131294 51.834777831343672 35.480980124208145 49.907381772616645 117.40290102913423 146.0058716968415 49.741039364773314 5.983081517435493 20.082673936412903 26.243131288851146 8.7974318885244411 8.5865032841684314 35.150422232225537 273.66692244682054 48.735014439807856 65.776123590068892 24.135280455149768 2.8364242896786882 35.971199219442497 70.629222563140502 63.994806715738378 209.08479541288762 16.072135719819926 22.963356825464871 5.3075967487311564 9.2554129571653885 648.28366109181661
leaf_count=831129 33852 4561 831 513 69419 245 3069 1210 7477 659 618 1309 10657 706 70 96 5651 789 609 25621 634 3572 1226 10769 49069 673 368 5709 39 2900
internal_value=0 0.00836598 0.0124936 0.00827867 -0.0429128 0.00140776 -0.0111413 0.0239579 -0.00183669 0.00189084 0.016209 -0.0160012 -0.0234026 -0.0174496 0.0328406 0.0177405 -0.00084032 0.0140523 0.00374293 -0.0072667 0.0238706 0.00700818 0.0191874 -0.0184558 -0.0158687 -0.0130496 -0.007247 -0.0485835 -0.00325444 0.0148639
internal_weight=0 2328.16 1921.57 1405.01 453.881 687.595 406.59 516.555 581.485 469.414 275.884 320.711 102.213 112.071 240.672 269.901 419.673 234.75 114.511 50.3784 120.239 85.8786 106.11 300.628 273.08 103.273 87.2013 351.668 17.8419 717.419
internal_count=1074050 131515 29875 24979 942535 21566 101640 4896 20095 13787 3956 94999 105697 6308 940 3338 13128 3242 1398 36278 1844 6641 1471 93690 59838 5602 4929 836838 109 3413
is_linear=0
shrinkage=0.05


Tree=60
num_leaves=31
num_cat=0
split_feature=0 0 40 148 0 148 0 169 40 189 46 130 201 154 85 40 85 124 188 168 3 159 161 101 185 163 175 93 159 43
split_gain=377.561 70.3721 32.2378 26.3263 19.3829 18.7797 16.2427 13.049 12.3034 11.2532 10.069 9.84713 9.77322 9.7674 9.65187 9.05863 9.01383 8.92595 8.66832 8.66041 8.49177 10.1012 8.73121 8.00739 7.82027 7.69991 7.65306 7.28491 7.16738 7.16389
threshold=0.043984350660107828 0.60678019017954943 172.50000000000003 6.5000000000000009 0.0088049481694041625 2.5000000000000004 0.86620967868038068 10.500000000000002 1.0000000180025095e-35 0.57048050000000006 1.0000000180025095e-35 0.87225400000000008 81.500000000000014 1.6372370000000001 8.7083333333350019 2.5000000000000004 6.3666666666650009 0.057365500000000007 622.50000000000011 14.500000000000002 42554.500000000007 112.50000000000001 13.500000000000002 14.500000000000002 0.0060935000000000008 104.50000000000001 1.4500000000000002 0.046282000000000011 39.500000000000007 10.500000000000002
decision_type=2 2 2 2 2 2 2 2 2 2 2 2 2 2 2 2 2 2 2 2 2 2 2 2 2 2 2 2 2 2
left_child=4 5 3 6 -1 14 9 15 10 24 13 -6 -11 -7 29 -5 -17 18 -14 20 21 22 23 26 -3 -9 -8 -24 -13 -2
right_child=1 2 -4 7 11 8 19 25 -10 12 -12 28 17 -15 -16 16 -18 -19 -20 -21 -22 -23 27 -25 -26 -27 -28 -29 -30 -31
leaf_value=-0.048431482530763681 -0.013207174575420692 -0.00090256169641862597 0.032370426786079286 0.017020990810205434 -0.037264160562316254 -0.02498519630359319 -0.025107998615759176 -0.0058418159058826295 0.015135447319217047 -0.021729276704014668 0.023285752052345756 0.020764215890809939 0.0060212364271914317 0.00096847555186414542 -0.029237397778724653 0.03489023903220978 -0.0057888090252625167 -0.01971228403046988 0.044385263259904058 -0.0057315702761811301 0.0066788509569971084 0.035861998566347746 -0.00056140666841838561 -0.0014798009739962045 -0.038840764955684698 0.015400652197082552 0.037756911432073804 -0.066677683658981038 -0.021082988002666628 0.025198407883845898
leaf_weight=335.89086494097864 116.32825448102813 21.166393574560061 186.92290993579081 419.35423531208653 55.825141980287299 73.648718943208223 5.380409804172813 82.477746877586469 95.691923934162332 41.994164261152036 23.170063669385854 16.230737599355052 108.10874065937242 71.390952322763042 111.82307681382372 143.86172669380903 15.041658168658612 28.603917652973905 17.045580290432554 86.425243075587787 337.80922053311951 65.093366426299326 29.476925398805179 28.114378275582567 37.915322144137463 88.363085794495419 48.313230134081095 4.852057051844894 27.685817524601589 13.557396806478208
leaf_count=836838 18777 1023 888 2929 78773 13123 67 957 7759 1303 1906 5650 2478 5801 61514 494 147 908 185 1281 2453 276 267 189 4683 665 225 54 21274 1163
internal_value=0 0.00807785 0.012716 0.0104332 -0.0426843 -0.00840029 0.00446589 0.0172863 0.000821841 -0.00612396 -0.00732095 -0.0233298 -0.00035162 -0.0122104 -0.0184692 0.0208733 0.0310396 0.00548701 0.0112463 0.00892305 0.0113632 0.0200947 0.0112573 0.0201382 -0.0252492 0.00514531 0.0314575 -0.00990628 -0.00561704 -0.00919842
internal_weight=0 2301.93 1796.32 1609.4 435.633 505.61 860.299 749.098 263.902 254.834 168.21 99.7417 195.752 145.04 241.709 578.258 158.903 153.758 125.154 605.465 519.04 181.23 116.137 81.808 59.0817 170.841 53.6936 34.329 43.9166 129.886
internal_count=1074050 131515 21472 20584 942535 110043 15392 5192 28589 10580 20830 105697 4874 18924 81454 3570 641 3571 2663 4812 3531 1078 802 481 5706 1622 292 321 26924 19940
is_linear=0
shrinkage=0.05


Tree=61
num_leaves=31
num_cat=0
split_feature=0 0 94 111 148 0 3 105 169 175 189 135 203 151 186 2 77 142 189 168 74 46 140 189 150 40 144 112 60 40
split_gain=357.888 68.3722 36.2508 23.1534 21.9906 19.065 17.2153 14.9479 14.1046 13.1002 11.1701 10.5773 10.5493 11.4602 13.4082 9.9275 9.89059 9.41491 8.41321 8.39697 7.98697 7.56333 7.44448 7.19649 7.181 7.10659 6.8139 6.68694 6.50014 6.31554
threshold=0.043984350660107828 0.7740980979447657 0.58333333333350013 0.053537000000000008 2.5000000000000004 0.0083575017706393109 68784.500000000015 6.2916666666650007 10.500000000000002 1.7083333333350004 0.53855800000000009 3.5000000000000004 6.5000000000000009 206.50000000000003 0.1894315 64565.000000000007 0.030463500000000001 0.086023500000000017 0.57480350000000013 10.500000000000002 1.5000000000000002 1.0000000180025095e-35 6.267857142855001 0.5683895000000001 0.09122050000000001 336.50000000000006 5.5000000000000009 0.10496958333350002 1.0000000180025095e-35 876.50000000000011
decision_type=2 2 2 2 2 2 2 2 2 2 2 2 2 2 2 2 2 2 2 2 2 2 2 2 2 2 2 2 2 2
left_child=5 2 4 6 10 24 8 22 12 -10 -2 15 -3 14 -14 19 18 27 -7 -6 -19 -17 23 -8 -1 -12 -11 -9 -5 -29
right_child=1 3 -4 28 11 16 7 17 9 26 25 -13 13 -15 -16 21 -18 20 -20 -21 -22 -23 -24 -25 -26 -27 -28 29 -30 -31
leaf_value=-0.049312754068492302 -0.047995793370509368 -0.051025527625713642 0.044938118493618173 0.023907335852307185 0.016473231451963485 -0.048127443121774804 -0.042677328052861632 -0.085726458355421753 -0.031882090493947336 0.014644378222521948 -0.01612513252764412 0.052154473022112117 0.013641685221177294 0.028055898726325607 -0.076635109301172621 -0.01183974051368175 0.0092497375926524437 0.018003335932768792 -0.015661797828327832 -0.0052155301944038527 -0.0056589947295953465 0.021233334871884384 -0.021518698990291255 0.0044674580954262256 0.00997131685607602 0.015801104949935103 -0.019339028760662791 0.00093237444720605488 0.044195859002938202 0.041312919172173355
leaf_weight=315.31801223848015 26.486682010112418 4.876203494553919 35.069616794353351 111.01842994522303 111.02725081665994 37.681836793050024 8.7769893577205931 2.1501873428933314 21.024147762684152 120.79127554118168 271.62735608555886 9.7973745576600759 134.50837560766377 323.80505216261372 4.2427192848408586 171.02143491437164 18.931604426008562 315.66260080761276 42.418592785581495 74.619127284757269 40.204210727708414 19.230099237523973 55.833031572867185 104.10702226147987 5.1920864058774887 18.625544247544894 16.802120310254395 198.56610817578621 61.264601089991629 10.179304267279802
leaf_count=827071 30586 351 130 531 5012 69174 348 34 537 1056 54729 104 959 1771 55 15802 8181 1674 32451 9584 348 1318 685 1274 5658 1644 359 2371 211 42
internal_value=0 0.00783695 -0.00467355 0.0138524 -0.00715045 -0.0424277 0.0116671 0.00647995 0.017761 0.00487766 -0.0169129 0.000866606 0.0221329 0.0229041 0.0108812 -0.000470157 -0.0232528 0.0103691 -0.0309347 0.0077556 0.0153301 -0.00849681 -0.00658463 0.000801843 -0.0483524 -0.0140764 0.0104945 0.00199789 0.031122 0.0029015
internal_weight=0 2271.32 737.504 1533.81 702.435 419.542 1361.53 735.479 626.05 158.618 316.74 385.695 467.432 462.556 138.751 375.898 99.032 566.762 80.1004 185.646 355.867 190.252 168.717 112.884 320.51 290.253 137.593 210.896 172.283 208.745
internal_count=1074050 131515 118909 12606 118779 942535 11864 6776 5088 1952 86959 31820 3136 2785 1014 31716 109806 4469 101625 14596 2022 17120 2307 1622 832729 56373 1415 2447 742 2413
is_linear=0
shrinkage=0.05


Tree=62
num_leaves=31
num_cat=0
split_feature=0 0 40 0 0 200 76 88 90 2 168 145 168 163 107 168 101 2 168 133 135 133 130 109 189 189 85 93 46 185
split_gain=338.463 64.9368 28.0001 20.4954 18.7451 16.5006 14.0944 13.2929 12.6881 10.5055 10.1342 9.31746 9.0439 8.86343 11.0733 8.79038 8.55703 8.20384 7.79845 7.48038 9.09326 8.08072 7.33544 7.03231 7.02402 10.0216 6.96295 6.84307 6.84055 6.79326
threshold=0.043984350660107828 0.60678019017954943 6.5000000000000009 0.94875966535953815 0.0088049481694041625 2.5000000000000004 1.5000000000000002 0.091047500000000017 2.5000000000000004 8.9884656743000007e+307 17.500000000000004 10.000000000000002 8.5000000000000018 121.50000000000001 22.500000000000004 11.500000000000002 12.500000000000002 155571.50000000003 9.5000000000000018 0.45652850000000006 1.0000000180025095e-35 0.089352000000000015 1.3482345000000002 1.0000000180025095e-35 0.58200600000000013 0.57668850000000005 8.7083333333350019 0.047882500000000008 1.0000000180025095e-35 0.071504500000000012
decision_type=2 2 2 2 2 2 2 2 2 2 2 2 2 2 2 2 2 2 2 2 2 2 2 2 2 2 2 2 2 2
left_child=4 5 3 6 27 16 15 12 9 24 13 -6 17 14 -10 -3 23 -7 -13 21 -21 -8 -17 -2 25 -4 -14 -1 -19 -16
right_child=1 2 8 -5 11 7 19 -9 10 -11 -12 18 26 -15 29 22 -18 28 -20 20 -22 -23 -24 -25 -26 -27 -28 -29 -30 -31
leaf_value=-0.050055563388833692 -0.032488709296720507 0.015791715385669262 0.026068217382149539 0.01409422084268841 -0.038449893490835378 0.013991131672787652 0.053977792503187384 0.045572335528826842 0.016356903599959095 -0.0071495244682221295 -0.056159411564703388 0.012067743213765018 -0.0079522821638359567 0.029129820153592757 -0.024082543534464058 -0.023523136954243889 -0.034245756276535276 -0.012863162060070616 -0.02845303957302997 -0.019678495850111027 0.0031507694665167175 -0.023631948347400129 0.011575002958421709 0.013435908511413547 0.039361239044911595 -0.044008200076200453 -0.031888008572273488 -0.018480222330896256 0.035096539209961738 0.039927144002346475
leaf_weight=289.64272415819687 13.701113974650069 188.80828029528493 40.181352924904786 695.2157930501271 47.561864758310548 86.613913157023489 3.5322627110290332 13.344170765485613 119.72327687410871 16.468044519424438 4.9370458624325684 25.020391106008901 158.97984428471682 85.544598181499168 30.704007011081558 30.230141151347198 79.078463351164828 74.09098793566227 22.598312727266602 54.462093425856438 219.0871567598515 66.442391335978755 29.330208785366267 21.28663950774353 158.3402005569078 5.8439439106732598 37.562473798680003 18.239664808130328 8.264262267664888 4.7919306271942324
leaf_count=785722 7981 2130 224 3413 69419 5219 80 56 679 86 401 10657 24182 580 916 1195 45835 6990 25621 2122 4504 4222 366 4132 468 42 15239 51116 409 44
internal_value=0 0.00756938 0.0120762 0.00827248 -0.0421897 -0.00846446 0.00143448 -0.00344482 0.0225703 0.0312679 0.014753 -0.0227967 -0.00523435 0.0162072 0.00908521 0.0105086 -0.0251365 0.0032481 -0.00716212 -0.0051261 -0.00139441 -0.0197143 -0.00623923 -0.00454805 0.0343636 0.0171704 -0.0125268 -0.048185 -0.00805046 -0.0154413
internal_weight=0 2246.56 1753.64 1287.11 403.063 492.922 591.893 378.856 466.534 220.834 245.701 95.1806 365.511 240.764 155.219 248.369 114.066 168.969 47.6187 343.524 273.549 69.9747 59.5603 34.9878 204.365 46.0253 196.542 307.882 82.3553 35.4959
internal_count=1074050 131515 21472 18032 942535 110043 14619 52095 3440 820 2620 105697 52039 2219 1639 3691 57948 12618 36278 10928 6626 4302 1561 12113 734 266 39421 836838 7399 960
is_linear=0
shrinkage=0.05


Tree=63
num_leaves=31
num_cat=0
split_feature=0 0 136 44 0 203 40 169 147 168 2 2 144 106 184 201 189 40 189 159 147 188 81 135 186 159 126 175 145 142
split_gain=318.357 59.7103 31.5475 24.5708 18.6592 17.1901 15.6642 14.7733 13.3317 11.655 11.8819 11.5525 11.2249 9.94516 9.89759 11.6711 9.62753 9.4149 9.11848 8.70343 8.38658 9.61188 10.0473 8.12929 7.74512 7.66274 7.4654 7.43397 7.27041 8.12968
threshold=0.043984350660107828 0.48090646582193369 15.708333333350001 1.0000000180025095e-35 0.0088049481694041625 3.5000000000000004 1.0000000180025095e-35 6.5000000000000009 1.5000000000000002 16.500000000000004 117173.00000000001 26107.500000000004 5.5000000000000009 0.065503500000000006 2.5000000000000004 96.500000000000014 0.54966050000000011 102.50000000000001 0.55671950000000014 39.500000000000007 3.5000000000000004 580.50000000000011 0.22447400000000003 2.5000000000000004 0.079637000000000013 119.50000000000001 4.5000000000000009 2.0833333333350006 70.000000000000014 0.22734350000000003
decision_type=2 2 2 2 2 2 2 2 2 2 2 2 2 2 2 2 2 2 2 2 2 2 2 2 2 2 2 2 2 2
left_child=4 8 3 6 -1 -4 11 -8 -2 10 16 26 13 14 15 -9 -7 -10 -6 23 21 -13 -23 -20 -12 -18 28 -26 29 -3
right_child=1 2 5 -5 18 9 7 12 17 -11 24 20 -14 -15 -16 -17 25 -19 19 -21 -22 22 -24 -25 27 -27 -28 -29 -30 -31
leaf_value=-0.048035742848142202 -0.01920184556873783 0.0062494002626775833 -0.039889225031544552 0.045463837060188646 -0.049747693628101261 -0.022824903504824245 0.030314361826441871 -0.0019263907945522682 -0.0042580331312297047 -0.024414118090606535 -0.042950558881379802 -0.026007665669421288 -0.042837695657361119 0.042120827204140801 0.023820176052204194 0.03008969720285707 0.0082874289274920705 0.035139644740700263 0.007097137632399427 -0.026673368521315018 0.015249013169326399 0.005696687219195749 -0.025297365291802456 0.28627972647799438 -0.016804478700720018 0.027906628318958335 -0.074136639832196122 0.0066425792075274484 0.019259372470764036 -0.074192555510119149
leaf_weight=293.90890969929933 208.37193647549429 96.765629623871064 25.418770226249762 63.010720200065407 22.854447902767788 19.56652953766752 211.23130904310528 139.53933237391175 158.13912211294519 37.405649116684799 13.274121153692247 36.556012846558588 8.6638292983407137 30.223409207770601 108.48755751096178 35.760150958856684 184.46213157870807 16.772330283361953 25.130821482955074 44.619013411793276 92.998944951337762 198.18184626567381 30.121820751344785 0.26347867673030023 57.353310195903759 68.159131772670662 2.348675300483591 82.335498264699709 291.85937588079832 3.2462260816246262
leaf_count=836838 80713 1912 4357 243 46902 1470 1272 1681 20650 2064 730 1564 486 119 599 254 2886 277 13786 44931 857 3094 358 78 1542 508 14 1375 2469 21
internal_value=0 0.00729261 0.011038 0.0149789 -0.0418625 0.000143532 0.0134852 0.0200347 -0.0106582 0.00234344 0.00469763 0.00883574 0.0133053 0.0148544 0.0119505 0.00460472 0.0109638 -0.000480174 -0.0223254 -0.0133739 0.0023316 -0.00220403 0.00160741 0.0099938 -0.00645257 0.0135808 0.01474 -0.00298429 0.0152726 0.00363838
internal_weight=0 2220.25 1836.97 1348.99 386.777 487.975 1285.98 533.906 383.283 462.556 425.151 752.079 322.674 314.01 283.787 175.299 272.188 174.911 92.8678 70.0133 357.859 264.86 228.304 25.3943 152.963 252.621 394.22 139.689 391.871 100.012
internal_count=1074050 131515 29875 14943 942535 14932 14700 4411 101640 10575 8511 10289 3139 2653 2534 1935 4864 20927 105697 58795 5873 5016 3452 13864 3647 3394 4416 2917 4402 1933
is_linear=0
shrinkage=0.05


Tree=64
num_leaves=31
num_cat=0
split_feature=0 0 142 40 0 40 189 68 2 148 143 126 3 85 149 182 135 189 81 74 189 159 130 139 142 159 154 148 169 200
split_gain=302.992 58.7235 35.9037 21.2157 18.392 16.3209 16.1846 14.6126 10.7786 12.2855 10.2896 9.90032 9.44457 9.20925 8.82875 9.59977 8.48852 8.42357 7.89078 7.77542 7.72353 7.5497 11.7575 9.32069 10.1846 7.52216 8.77995 7.49968 7.46362 7.57608
threshold=0.043984350660107828 0.86620967868038068 0.092032000000000017 2.5000000000000004 0.0083575017706393109 37.500000000000007 0.53855800000000009 0.086694000000000007 593143.50000000012 4.5000000000000009 43.500000000000007 1.5000000000000002 68784.500000000015 7.083333333335001 1.0000000180025095e-35 0.10627750000000001 2.5000000000000004 0.54783550000000003 0.16701750000000001 1.0000000180025095e-35 0.54931550000000018 41.500000000000007 1.9972560000000004 0.12959600000000002 0.082285500000000011 47.500000000000007 2.7392265000000005 5.5000000000000009 6.5000000000000009 4.5000000000000009
decision_type=2 2 2 2 2 2 2 2 2 2 2 2 2 2 2 2 2 2 2 2 2 2 2 2 2 2 2 2 2 2
left_child=4 2 6 12 -1 10 -2 8 9 -8 -4 -6 14 17 20 18 -15 -5 19 -16 -3 -14 23 24 -23 26 -19 -27 -21 -30
right_child=1 3 5 13 11 -7 7 -9 -10 -11 -12 -13 21 16 15 -17 -18 25 -20 28 -22 22 -24 -25 -26 27 -28 -29 29 -31
leaf_value=-0.047994793600184299 -0.044091407021399645 -0.058204332459445465 -0.0037289129026478341 -0.045349025518618712 -0.029186635042203014 0.030462424518366022 -0.010764251077025631 0.044840359448485093 -0.020943459650230405 0.0081544999964366146 0.016612775703895927 0.016503769747779673 0.012252697277170309 -0.0094613126850130996 0.026978784068533841 -0.024827798807489528 0.031129116698299372 0.021187319107372524 0.036159120232134467 0.028548799366017646 0.0078501604578270125 -0.016273345086922044 0.013307758029906795 -0.031664196821182329 0.011039059563693384 0.020336079956495987 -0.031531507244859411 0.039674394267379662 -0.040364833630449112 0.0050003469045244745
leaf_weight=281.05762761760707 32.673436530436447 4.5632469911361104 154.06401762563473 3.9339068136177948 78.377734380997936 78.898033234960167 279.06865570120863 12.838337631663306 142.5560325665756 123.91532420372823 104.22329835238634 13.969105719925208 209.6325869607972 35.378609015024267 90.943635779083706 10.918792638694866 20.254201691830531 81.448534436989576 78.727596044074744 24.365226119291037 146.48092275904492 67.652174155693501 99.069459330872633 34.254020947962999 68.88713918835856 75.54471523873508 8.7457389244809729 149.05928017944098 11.715582733508198 42.916081211762503
leaf_count=832729 34330 112 10199 44 102252 424 46545 67 21268 7402 2979 7554 1550 490 540 92 102 343 374 143 982 834 520 256 591 351 39 466 170 302
internal_value=0 0.00708995 -0.00246024 0.0141005 -0.0416341 0.0105591 -0.00988755 -0.00788612 -0.00912695 -0.00494684 0.0044793 -0.0222751 0.00990042 0.0240872 0.0154659 0.0210584 0.00531642 0.0273635 0.0230732 0.0170109 0.00585457 0.00513426 -0.000395429 -0.00834403 -0.00249363 0.0282722 0.0160754 0.03317 0.00553561 -0.00472807
internal_weight=0 2192.73 928.237 1264.49 373.404 337.185 591.052 558.378 545.54 402.984 258.287 92.3468 890.126 374.365 410.631 259.587 55.6328 318.732 248.668 169.941 151.044 479.495 269.863 170.793 136.539 314.798 90.1943 224.604 78.9969 54.6317
internal_count=1074050 131515 123214 8301 942535 13602 109612 75282 75215 53947 13178 109806 6466 1835 2715 1621 592 1243 1529 1155 1094 3751 2201 1681 1425 1199 382 817 615 472
is_linear=0
shrinkage=0.05


Tree=65
num_leaves=31
num_cat=0
split_feature=0 148 40 142 0 0 159 68 135 76 112 189 187 161 189 163 188 159 135 169 142 0 189 105 111 179 107 72 55 93
split_gain=287.324 56.5055 37.0147 26.4551 19.529 18.1637 15.702 13.3378 11.4778 11.1209 13.331 9.99804 10.4111 9.23684 9.21291 9.09072 8.38657 8.36921 8.36723 8.36386 10.7816 8.75927 8.07338 7.90725 7.74607 7.73287 7.65048 7.16911 7.0957 7.04314
threshold=0.043984350660107828 2.5000000000000004 2.5000000000000004 0.048431000000000009 0.94875966535953815 0.0088049481694041625 119.50000000000001 0.047535500000000001 3.5000000000000004 2.5000000000000004 0.1639245 0.62505750000000015 0.038825500000000006 1.5000000000000002 0.55671950000000014 128.50000000000003 699.50000000000011 39.500000000000007 1.0000000180025095e-35 7.5000000000000009 0.13801050000000001 0.86620967868038068 0.53370050000000002 11.550000000000002 0.027653 0.032046000000000005 5.5000000000000009 1.0000000180025095e-35 1.0000000180025095e-35 0.047882500000000008
decision_type=2 2 2 2 2 2 2 2 2 2 2 2 2 2 2 2 2 2 2 2 2 2 2 2 2 2 2 2 2 2
left_child=5 3 4 7 6 29 16 11 9 10 -4 12 22 -5 -7 -8 18 -16 27 21 25 -15 -2 -23 -20 -21 -22 -3 -6 -1
right_child=1 2 8 13 28 14 15 -9 -10 -11 -12 -13 -14 19 17 -17 -18 -19 24 20 26 23 -24 -25 -26 -27 -28 -29 -30 -31
leaf_value=-0.049865706751171204 -0.048303629382488729 -0.014037947197189047 -0.019475722591346622 -0.035612120747904624 0.012648856649569896 -0.050467573384991395 0.03717447539212388 0.047688478835015563 0.045834361877111623 0.0084676623436216198 0.028347491225961276 0.026133624582570809 -0.026973138492375971 0.0015225519962489414 0.009988187314081895 0.0032573026589658078 0.049649464323620107 -0.026297450707634895 -0.0046350487461315855 0.0051328186353633539 -0.0874952642656871 0.035774613758245741 -0.0028768003887379061 -0.00029574881358967678 0.014735134339608337 -0.017922398862920737 0.03691635267702998 -0.06415940983572288 0.047072706506360799 -0.016504905440649729
leaf_weight=254.0722062128807 10.865248170081029 76.627630811839481 15.333665981655939 13.877240875561254 499.00341986585408 21.32648925707872 40.179572778375586 7.9918695566302622 51.272908741069841 128.48379567530355 293.44747053184255 12.444223998085361 181.30241062055211 66.137552812186186 25.298828095565113 38.866239742055768 7.2497183205559841 42.733925072487182 289.91509084903373 71.787669589903089 1.3086768231587509 57.516351469559595 97.986454119080008 20.648259563371539 62.790739146556007 73.717634245302179 22.153934162721271 7.866842746094334 15.432787997648118 16.871570625560707
leaf_count=785722 9817 6622 207 818 2448 46902 669 60 216 4719 1858 761 55300 3889 13864 1381 34 44931 17886 2923 21 321 12093 114 2209 5274 468 1348 59 51116
internal_value=0 0.00688259 0.0121047 -0.0056168 0.00676298 -0.0413412 -3.58531e-05 -0.0160684 0.0234534 0.0208291 0.0259727 -0.0177522 -0.0196344 0.00430581 -0.0217929 0.0204977 -0.00368775 -0.0128042 -0.0045722 0.00607409 -0.00147593 0.0149147 -0.00741117 0.0262461 -0.00118666 -0.00654769 0.029977 -0.0187045 0.0136816 -0.0477883
internal_weight=0 2164.21 1526.47 637.738 1037.93 360.303 523.496 310.59 488.538 437.265 308.781 302.598 290.154 327.147 89.3592 79.0458 444.45 68.0328 437.2 313.27 168.968 144.302 108.852 78.1646 352.706 145.505 23.4626 84.4945 514.436 270.944
internal_count=1074050 131515 39656 91859 32656 942535 30149 78031 7000 6784 2065 77971 77210 13828 105697 2050 28099 58795 28065 13010 8686 4324 21910 435 20095 8197 489 7970 2507 836838
is_linear=0
shrinkage=0.05


Tree=66
num_leaves=31
num_cat=0
split_feature=0 0 40 200 0 200 159 44 72 168 189 148 110 130 135 189 60 189 2 103 162 144 93 98 110 113 40 40 113 163
split_gain=272.91 64.1664 30.9357 22.225 21.0623 18.4856 12.434 12.2559 12.1779 11.7151 9.95431 9.41986 9.92273 9.28343 8.46216 8.22612 7.72652 7.42376 9.60837 11.1884 8.82001 7.01468 6.8565 6.81191 8.94973 6.74705 7.45645 6.7389 6.60099 6.90373
threshold=0.33581906297173442 0.0088049481694041625 1.0000000180025095e-35 3.5000000000000004 0.94875966535953815 2.5000000000000004 119.50000000000001 1.0000000180025095e-35 33.500000000000007 9.5000000000000018 0.58948950000000011 25.500000000000004 0.19023550000000003 0.7041805000000001 1.0000000180025095e-35 0.58382850000000019 1.5000000000000002 0.5903695000000001 132018.50000000003 1.5000000000000002 1.0000000180025095e-35 5.5000000000000009 0.047882500000000008 7.5000000000000009 0.052685000000000003 0.11779750000000001 129.50000000000003 297.50000000000006 0.017858000000000002 98.500000000000014
decision_type=2 2 2 2 2 2 2 2 2 2 2 2 2 2 2 2 2 2 2 2 2 2 2 2 2 2 2 2 2 2
left_child=1 22 4 10 6 15 13 8 11 27 16 12 17 -2 -15 -3 -4 18 19 21 -20 28 -1 -19 -25 26 -12 -7 29 -5
right_child=2 5 3 7 -6 9 -8 -9 -10 -11 25 -13 -14 14 -16 -17 -18 23 20 -21 -22 -23 -24 24 -26 -27 -28 -29 -30 -31
leaf_value=-0.049773812801442455 -0.015390379289605616 -0.045218680758159775 -0.0040701809943600731 0.020516257334656646 0.011114459386339039 -0.001504828831211392 0.017373697247945696 0.042095184292837873 -0.031821681298009559 -0.019621599300107252 0.0065412442043172071 0.037528306554984507 -0.073393093023050957 -0.016340275861011725 0.0036853403468108392 -0.016114244924027295 -0.041067623524768046 0.025118940871792141 0.026850067968246794 0.048278610737158487 -0.01725860043969793 -0.043882600161112326 -0.016698318515688284 0.02455046069656305 -0.042021518670589841 -0.041813657788372371 0.047634971425964831 0.039844924578770716 0.020008719121490659 -0.028117752325881474
leaf_weight=242.83124801347185 163.40383465375635 59.400592451678676 45.949044033288374 13.00834754596872 531.55394834786421 131.95563522201337 66.300811231412808 61.184662795887562 11.738548039436862 119.90975739037094 41.294963421067223 65.229915630538017 2.9934490760788313 67.393192218289187 242.84361990973412 41.060423847746279 20.366692223862628 277.48814338946249 15.168789332848972 24.723110179736977 44.823549490014557 5.441281576655455 16.749328615618651 11.467421799898149 9.019324785564093 5.2352327071130267 15.066205285838803 10.648466586455468 103.24485739998636 16.619839532169863
leaf_count=785722 12983 86197 4422 198 2740 26477 1155 199 401 65611 728 249 22 4290 6123 15675 4320 1761 101 105 684 350 51116 55 83 45 94 680 1025 439
internal_value=0 -0.0286579 0.00958396 0.0170903 0.00404922 -0.0150831 -0.00290628 0.0207761 0.0186056 -0.00810283 -0.00198994 0.0196102 0.0173797 -0.00574509 -0.000664853 -0.0333231 -0.0154327 0.0179012 0.0110025 0.0172978 -0.00610592 0.0117601 -0.0476396 0.0230648 -0.00475797 0.0124828 0.0175262 0.00158282 0.0140387 -0.00676484
internal_weight=0 622.555 1861.56 790.063 1071.5 362.975 539.941 662.151 600.967 262.514 127.912 589.228 523.998 473.641 310.237 100.461 66.3157 521.005 223.03 163.037 59.9923 138.314 259.581 297.975 20.4867 61.5964 56.3612 142.604 132.873 29.6282
internal_count=1074050 1031478 42572 15281 27291 194640 24551 5672 5473 92768 9609 5072 4823 23396 10413 101872 8742 4801 2902 2117 785 2012 836838 1899 138 867 822 27157 1662 637
is_linear=0
shrinkage=0.05


Tree=67
num_leaves=31
num_cat=0
split_feature=0 0 136 78 40 139 139 168 0 107 133 68 169 130 36 2 125 2 190 159 135 111 159 190 2 188 180 62 145 105
split_gain=257.887 56.0846 28.3152 21.5581 19.9881 17.6026 13.2074 12.6047 11.7662 11.1979 9.51587 9.3679 8.9813 8.85543 8.74836 8.1251 8.09053 8.69317 8.83523 7.99754 10.2254 7.34716 7.22211 7.98663 7.17229 6.89674 9.18958 6.7775 6.75892 6.61482
threshold=0.043984350660107828 0.7740980979447657 10.63333333335 0.018857000000000002 1.0000000180025095e-35 0.049371500000000006 0.024284000000000003 9.5000000000000018 0.94875966535953815 38.500000000000007 0.61681150000000007 0.096819500000000017 7.5000000000000009 1.4084340000000002 104.50000000000001 2826.5000000000005 86.500000000000014 72.500000000000014 0.07211250000000001 119.50000000000001 1.0000000180025095e-35 0.049539500000000007 18.500000000000004 0.010191500000000001 435.50000000000006 578.50000000000011 1.7750000000000001 4.5000000000000009 28.000000000000004 20.550000000000004
decision_type=2 2 2 2 2 2 2 2 2 2 2 2 2 2 2 2 2 2 2 2 2 2 2 2 2 2 2 2 2 2
left_child=5 2 3 13 10 -1 22 -7 9 12 14 -10 25 -2 -3 16 17 18 -12 20 -8 -17 -4 -24 -22 26 27 -6 -21 -19
right_child=1 4 6 -5 8 7 19 -9 11 -11 15 -13 -14 -15 -16 21 -18 29 -20 28 24 -23 23 -25 -26 -27 -28 -29 -30 -31
leaf_value=-0.04645204896683592 -0.0063750692878754836 0.027195576599025179 -0.044819165383768962 0.041483164979636944 -0.060261059676260789 0.008541009142018826 -0.038138463636239829 -0.036134005215573209 0.023733998478945702 -0.014516804572780317 -0.072255906656189001 0.057949918752699371 0.0062374269881077717 0.013645630647613536 -0.0068448565813944698 0.0045708845760395892 -0.020054347945797992 0.017979360376088046 0.011507028158403189 -0.026011147523262404 -0.049146731804842241 0.027045078141615199 0.0093758454246073465 -0.026305204500277193 -0.0050335862957414943 0.031263792901089354 0.02607082797284458 0.030430163474959457 0.018329814486033262 0.039730518905970652
leaf_weight=269.20875645078195 140.39866563614669 21.36558896000497 37.874291208278009 39.462882265564986 7.3181090804282594 27.149730003913646 30.959218168478401 37.730274919436852 275.28510974964593 34.946040787064703 4.6757601089775553 21.571995258331299 125.06976732402109 91.050978359271539 161.88597644778201 429.06615054383292 12.544750171713529 111.65097311325371 9.6358696632087213 10.646804347969008 9.6939117483270802 39.733256358653307 19.667786366524524 77.406156685421593 186.23219190201053 98.465374586288817 15.939666600082999 2.8671637806110084 44.578725850995397 50.883400933351368
leaf_count=772428 24769 206 21801 173 132 40137 5764 129970 1286 1142 36 49 1076 4982 2905 3879 83 741 80 1029 2021 207 6734 32068 18161 454 105 29 1407 196
internal_value=0 0.00646024 -0.00526072 0.00732503 0.0121273 -0.0408178 -0.0134362 -0.0174393 0.0192561 0.0119921 0.00720104 0.0262204 0.0157027 0.00150096 -0.00287603 0.0100067 0.0187469 0.0214993 -0.0158592 -0.00728222 -0.0114356 0.00647569 -0.026301 -0.019076 -0.00721619 0.0252043 0.002366 -0.0347314 0.00978142 0.0247888
internal_weight=0 2110.88 687.972 270.913 1422.9 334.089 417.059 64.88 581.463 284.606 841.442 296.857 249.66 231.45 183.252 658.19 189.391 176.846 14.3116 282.111 226.885 468.799 134.948 97.0739 195.926 124.59 26.1249 10.1853 55.2255 162.534
internal_count=1074050 131515 118909 29924 12606 942535 88985 170107 4273 2938 8333 1335 1796 29751 3111 5222 1136 1053 116 28382 25946 4086 60603 38802 20182 720 266 161 2436 937
is_linear=0
shrinkage=0.05


Tree=68
num_leaves=31
num_cat=0
split_feature=0 0 136 78 139 40 142 169 168 40 143 48 159 175 159 151 168 159 151 190 3 112 179 140 140 168 140 128 195 95
split_gain=242.368 52.276 31.9341 21.1406 19.9027 19.5604 17.9523 11.3764 10.842 10.3347 12.6024 9.66094 9.65435 9.20446 8.6708 8.60724 8.4564 7.89587 7.74654 7.49437 7.34123 8.27029 7.26407 7.08323 9.80011 9.71772 7.4701 6.69353 10.4821 6.60106
threshold=0.043984350660107828 0.86620967868038068 10.63333333335 0.018857000000000002 0.049371500000000006 12.500000000000002 0.045605000000000007 11.500000000000002 8.5000000000000018 1.0000000180025095e-35 45.500000000000007 1.5000000000000002 19.500000000000004 1.7083333333350004 108.50000000000001 203.50000000000003 9.5000000000000018 113.50000000000001 46.500000000000007 0.0084830000000000027 42554.500000000007 0.26350812500000004 0.10617350000000002 39.550000000000004 32.071428571450006 9.5000000000000018 30.071428571450003 0.30952380952350006 1.0000000180025095e-35 2435.5000000000005
decision_type=2 2 2 2 2 2 2 2 2 2 2 2 2 2 2 2 2 2 2 2 2 2 2 2 2 2 2 2 2 2
left_child=4 2 3 7 -1 11 12 9 -6 10 22 17 -4 14 -13 -16 -8 -3 -11 -15 -19 -22 -2 24 26 -26 -21 28 -7 -18
right_child=1 5 6 -5 8 27 16 -9 -10 18 -12 13 -14 19 15 -17 29 20 -20 23 21 -23 -24 -25 25 -27 -28 -29 -30 -31
leaf_value=-0.046376309878825607 -0.013404929084455515 0.010967536918892566 -0.039746767278010513 0.037977356491861708 0.014915637104837495 0.045922010081579395 0.0038312059128642324 -0.016618265798725183 -0.029266161705119139 -0.0098772995167055958 0.019616667742385758 -0.021885816420403128 -0.015602580825435676 -0.045654409778223583 -0.054586897729676447 0.027105340631294262 -0.016448390789451615 0.035632613940688541 0.02762428799959242 0.0074427213417646411 -0.041320923435309125 0.018671695151180334 0.049898695155434519 0.027934818630474895 -0.069837608069288917 0.00044474200509284122 0.052646204275541647 0.036267337747585712 0.011504344112062165 0.044251887232798354
leaf_weight=259.98400223224962 95.179895932520594 324.31231759593356 53.919086478563258 52.100468981661834 20.310031917602828 28.176738779991865 186.3981214355299 57.04106330121067 43.896299938794982 16.690455715424832 53.838035096800013 53.363688067765906 178.37448124736875 6.3968523584771892 3.8300175296608385 20.38959375815466 102.47875392602873 76.104684241116047 78.711073338583446 355.76719955733279 6.427807272411882 54.053135107445996 4.7582695786841205 43.74365271627903 8.0186252947896737 12.720359129132701 9.3804893456399423 96.16690386692062 102.95064235990867 4.6836086550611062
leaf_count=772428 13949 2106 23709 227 26174 69 7377 8498 143933 1828 2278 779 48384 140 79 137 12257 332 4496 2910 65 315 61 227 40 76 37 400 589 150
internal_value=0 0.00625071 -0.00297743 0.00853393 -0.0402197 0.0130399 -0.0108213 0.00352438 -0.0152904 0.00813538 0.000114937 0.00995925 -0.0212068 0.00524326 -0.0106248 0.0141868 -0.00260329 0.0152146 0.0210634 0.00806671 0.0252989 0.0122958 -0.0103909 0.00886658 0.00670502 -0.0267296 0.00860398 0.026248 0.0189 -0.0137954
internal_weight=0 2085.98 884.173 358.319 324.19 1201.8 525.854 306.219 64.2063 249.178 153.776 974.508 232.294 513.61 77.5833 24.2196 293.56 460.898 95.4015 436.027 136.586 60.4809 99.9382 429.63 385.887 20.739 365.148 227.294 131.127 107.162
internal_count=1074050 131515 123214 31337 942535 8301 91877 31110 170107 22612 16288 7243 72093 4425 995 216 19784 2818 6324 3430 712 380 14010 3290 3063 116 2947 1058 658 12407
is_linear=0
shrinkage=0.05


Tree=69
num_leaves=31
num_cat=0
split_feature=0 0 148 40 189 189 135 0 113 36 127 77 2 143 159 57 151 168 143 189 104 169 151 107 201 76 138 36 161 40
split_gain=229.344 62.9894 29.5246 22.1093 18.5167 17.4129 12.9545 11.7351 11.2597 9.38532 8.33309 8.24967 9.36148 10.1993 7.84931 7.73315 7.72184 7.46132 7.15976 7.70243 7.13082 7.73647 8.98429 11.0373 7.8934 7.29656 12.2338 7.35418 7.22255 6.9181
threshold=0.37969951586789719 0.0088049481694041625 4.5000000000000009 2.5000000000000004 0.55278050000000012 0.54296050000000007 2.5000000000000004 0.94875966535953815 0.082366000000000009 997.50000000000011 1.0000000180025095e-35 0.049629500000000007 2826.5000000000005 266.50000000000006 119.50000000000001 7.5000000000000009 47.500000000000007 10.500000000000002 141.50000000000003 0.57048050000000006 0.089629000000000014 8.5000000000000018 38.500000000000007 26.500000000000004 91.500000000000014 1.5000000000000002 0.20152600000000001 182.50000000000003 3.5000000000000004 1707.0000000000002
decision_type=2 2 2 2 2 2 2 2 2 2 2 2 2 2 2 2 2 2 2 2 2 2 2 2 2 2 2 2 2 2
left_child=1 -1 4 11 9 -3 7 10 17 -2 -6 12 16 14 20 29 -4 -7 19 -12 -14 24 -23 28 25 27 -27 -22 -24 -5
right_child=2 5 3 15 6 8 -8 -9 -10 -11 18 -13 13 -15 -16 -17 -18 -19 -20 -21 21 22 23 -25 -26 26 -28 -29 -30 -31
leaf_value=-0.047073292038256886 0.009783833470601553 -0.049993510742894202 -0.00055743221766453826 0.023456347754586382 -0.018248228709111743 -0.0091593395220667378 0.02844986661154705 0.011048594218396719 0.0065584189575854769 -0.037780836942653592 -0.021743601058421477 0.026062908986720552 -0.0087658143872810235 0.041534068727061633 0.018362931108656815 -0.022263473233939825 0.022724034738949298 -0.026517173912072419 0.031070715667429579 0.0014429024956035454 -0.079947503028785394 0.03847826105737838 0.011683751490932134 0.019859192877024451 0.027833908363494315 -0.045415724842458871 0.062032705457296305 0.014633290077049785 -0.036955788015092424 0.044176000144871691
leaf_weight=231.42070030611831 13.736701670102773 30.635448679257024 47.304649252560921 273.24676634382922 74.820623105857521 171.64463963108756 49.304782421182608 224.68068513850449 74.426993797544128 42.327712865735521 41.068997567112092 68.182534420047887 155.28860220187926 17.125164789569681 63.501341206545476 8.337992064029093 144.13357380614616 96.839606817200547 17.782955415663309 280.11819560479489 2.1339429607614866 9.2847610539174621 9.6277852624189091 17.354436004359741 52.366078301914968 14.368119573453443 3.2479573991149655 55.746603583567776 36.822713310015388 47.253678856883198
leaf_count=836838 755 62920 586 1491 3473 56037 394 1308 12570 10239 3107 507 3357 189 549 357 1040 67451 186 8043 35 113 106 316 464 289 10 435 736 149
internal_value=0 -0.0265754 0.00908747 0.014589 0.00150398 -0.0138765 0.00375631 0.0018494 -0.0106498 -0.0261267 -0.0031456 0.00954404 0.00775144 0.0037113 0.00216816 0.0252745 0.0169712 -0.0154201 0.000187994 -0.00152187 -0.00071862 0.00549996 -0.00747598 -0.0141631 0.0129173 0.00257089 -0.025605 0.0111463 -0.0268743 0.0265112
internal_weight=0 604.967 1769.17 1025.33 743.841 373.547 687.776 638.471 342.911 56.0644 413.791 696.488 628.306 436.868 419.742 328.838 191.438 268.484 338.97 321.187 356.241 200.952 73.0897 63.8049 127.863 75.4966 17.6161 57.8805 46.4505 320.5
internal_count=1074050 1035816 38234 10729 27505 198978 16511 16117 136058 10994 14809 8732 8225 6599 6410 1997 1626 123488 11336 11150 5861 2504 1271 1158 1233 769 299 470 842 1640
is_linear=0
shrinkage=0.05


Tree=70
num_leaves=31
num_cat=0
split_feature=0 0 148 135 40 139 189 168 200 148 180 87 168 70 185 189 106 130 142 2 48 188 104 36 202 188 189 182 190 2
split_gain=218.187 55.3683 32.5545 18.6798 15.7246 14.1882 13.3221 12.0338 11.268 9.75059 9.38481 8.72263 8.51345 8.10581 8.0532 7.39149 7.03772 7.02661 6.98349 6.90545 6.85446 9.90023 8.97675 6.67413 6.65681 7.8812 7.61556 8.58649 8.2942 6.61188
threshold=0.022930786807012646 0.86620967868038068 2.5000000000000004 3.5000000000000004 1.0000000180025095e-35 0.055486000000000001 0.57387650000000012 9.5000000000000018 9.5000000000000018 21.500000000000004 1.3666666666650003 9.5000000000000018 8.5000000000000018 229.12500000000003 0.027299500000000001 0.63917850000000009 0.065255000000000021 1.3482345000000002 0.10043200000000001 152719.50000000003 1.5000000000000002 635.50000000000011 0.085197500000000009 5190.5000000000009 0.13341500000000003 605.50000000000011 0.60014550000000011 0.020358050000000006 0.10876700000000002 21207.500000000004
decision_type=2 2 2 2 2 2 2 2 2 2 2 2 2 2 2 2 2 2 2 2 2 2 2 2 2 2 2 2 2 2
left_child=5 2 6 7 17 15 10 8 19 11 -2 16 -7 -12 -8 -1 -6 20 -16 -4 -3 22 24 29 25 26 27 -22 -28 -19
right_child=1 4 3 -5 9 12 14 -9 -10 -11 13 -13 -14 -15 18 -17 -18 23 -20 -21 21 -23 -24 -25 -26 -27 28 -29 -30 -31
leaf_value=-0.048892752835126077 -0.038076344100761217 0.01089596377841846 0.011790837228655374 0.04841318838440338 0.016681769173578827 0.020942710996092725 0.0032268161308993352 -0.0074314662722795854 0.032640080675895966 0.036963539613668654 0.00048503870535511777 -0.0092967424420065288 -0.030461038778984158 -0.035033829043578844 -0.021455420410870979 0.018821470187434047 0.041225626231200622 0.020237454438106206 0.0088649107913174614 -0.0044434696336729035 0.039197043402636911 -0.04310268687029347 0.015995202537782301 -0.023951415665385375 0.013778820533597644 -0.074315720923774323 0.049794016432468613 -0.019460384178718749 -0.045530563972480703 0.005442096668356565
leaf_weight=221.18845290765057 81.89249273265159 165.38675354176667 147.24686874427425 22.787419579879497 330.59949248522753 11.689036113142718 99.121400916628772 199.24544690752191 41.318034181749681 70.059688245877624 42.396384297242548 29.785856757313013 25.907427652507977 25.860401684849421 102.40412596929309 4.1048546149722815 32.037293917033821 197.94120021210983 23.314535168836301 117.99351322201255 6.753815207630395 14.139904618728904 61.868875839980319 11.639133374905212 30.095830250997096 4.9730888921767464 9.4464317318052036 81.835530279669911 3.0087560312822452 122.08541451673955
leaf_count=762893 59632 1275 6639 153 2018 20864 8820 27637 457 246 7783 404 114462 21484 19502 6096 111 946 1296 8031 48 142 572 158 319 45 58 1127 49 783
internal_value=0 0.0054363 -0.00386371 0.00412987 0.0126085 -0.0429139 -0.0151316 0.00213482 0.00835236 0.0197813 -0.0266641 0.0167137 -0.0144792 -0.012972 -0.00743015 -0.047659 0.0188501 0.00793078 -0.0158325 0.00456892 0.00326577 -0.00268332 0.000203431 0.0132406 -0.00697455 -0.0128659 -0.00984156 -0.0149885 0.0267668 0.0145932
internal_weight=0 2075.24 903.581 528.591 1171.66 262.89 374.989 505.804 306.558 462.482 150.149 392.423 37.5965 68.2568 224.84 225.293 362.637 709.175 125.719 265.24 377.509 212.122 197.982 331.666 136.113 106.018 101.045 88.5893 12.4552 320.027
internal_count=1074050 169735 161434 42917 8301 904315 118517 42764 15127 2779 88899 2533 135326 29267 29618 768989 2129 5522 20798 14670 3635 2360 2218 1887 1646 1327 1282 1175 107 1729
is_linear=0
shrinkage=0.05


Tree=71
num_leaves=31
num_cat=0
split_feature=0 0 136 168 200 0 68 154 133 2 159 140 135 175 189 189 2 68 139 74 145 159 151 108 143 163 159 85 59 169
split_gain=206.825 50.1664 30.9228 21.5374 20.3593 18.3357 15.1725 13.383 11.6498 10.9139 10.8192 9.76244 9.70711 8.42139 8.80577 8.20719 7.82798 7.79579 7.70475 7.20218 7.09437 6.67979 6.88997 6.42931 7.96285 6.33967 6.33563 8.68117 6.22753 5.98614
threshold=0.043984350660107828 0.94875966535953815 11.550000000000002 9.5000000000000018 2.5000000000000004 0.0019437620776660012 0.096819500000000017 0.71906700000000001 1.4043205000000001 550920.50000000012 119.50000000000001 22.071428571450003 1.0000000180025095e-35 2.5500000000000003 0.56989650000000014 0.55671950000000014 103185.00000000001 0.019188000000000004 0.11888700000000001 4.5000000000000009 21.000000000000004 58.500000000000007 311.50000000000006 0.08230750000000002 93.500000000000014 98.500000000000014 119.50000000000001 1.1666666666650001 0.079052500000000012 10.500000000000002
decision_type=2 2 2 2 2 2 2 2 2 2 2 2 2 2 2 2 2 2 2 2 2 2 2 2 2 2 2 2 2 2
left_child=5 2 3 9 18 -1 11 -7 -5 17 12 19 25 14 -14 -9 -12 26 -4 -3 -11 22 23 24 -13 -6 -2 -28 -16 -22
right_child=1 6 4 8 10 7 -8 15 -10 20 16 21 13 -15 28 -17 -18 -19 -20 -21 29 -23 -24 -25 -26 -27 27 -29 -30 -31
leaf_value=-0.049520638528266707 0.011214025223372559 0.011373845309328223 -0.028385510762341006 -0.016335730910549968 -0.017119682989187358 -0.041775228794128094 0.055953218392249641 -0.049332036111550896 0.0073642535488226239 -0.018629432756435312 0.018596073245308258 0.029611893820623361 -0.028655468878863978 0.0089209250526468727 -0.0063532792835775554 0.00075917033020599675 -0.013950529797567515 0.038279217347533701 0.070950664512707637 -0.032102949370961226 0.018214319508458494 0.027232546684833676 0.053725968477625723 -0.060123182396312959 -0.014647519779239063 -0.055738990908848866 -0.083410861554560053 0.033885480475047101 0.037291263096980214 -0.01216618518328654
leaf_weight=176.68927138531672 165.95766874909896 513.98070808645571 118.29527268345373 111.11499703966911 43.992568170164304 54.202787662769879 22.59775073453784 9.7807484724471561 97.218236449509277 31.437537289124521 76.749051654103823 18.872312123887241 46.261379462805053 89.199185048404615 218.22487777141214 49.881335317224512 24.331809675262775 48.460030756075867 1.9847672609030258 9.7054002750664932 56.22592514049029 185.33217842597514 6.8262542486190787 4.0691572672221801 22.01962594082579 14.011166951080666 1.6237193203996856 55.329509677372698 8.491307277872691 22.78489799311501
leaf_count=697189 6754 2944 50604 18755 4936 158797 58 26858 4336 3992 2954 84 10830 4621 12260 59691 1174 161 22 86 1211 750 19 25 109 3022 14 997 180 617
internal_value=0 0.00568644 -0.000605283 0.00765487 -0.00820378 -0.0394375 0.0155785 -0.0237911 -0.00527619 0.0147105 -0.00392512 0.0143793 -0.00745823 -0.00441689 -0.0087752 -0.00745257 0.0107616 0.0201035 -0.0267463 0.0105681 0.00145994 0.0227964 0.00692077 -0.000185465 0.00577894 -0.0264484 0.0161521 0.0305414 -0.00471864 0.00945328
internal_weight=0 2015.1 1231.69 590.153 641.541 290.554 783.403 113.865 208.333 381.819 521.261 760.806 420.18 362.177 272.978 59.6621 101.081 271.371 120.28 523.686 110.448 237.12 51.7873 44.9611 40.8919 58.0037 222.911 56.9532 226.716 79.0108
internal_count=1074050 131515 127440 36837 90603 942535 4075 245346 23091 13746 39977 4017 35849 27891 23270 86549 4128 7926 50626 3030 5820 987 237 218 193 7958 7765 1011 12440 1828
is_linear=0
shrinkage=0.05


Tree=72
num_leaves=31
num_cat=0
split_feature=0 0 136 44 189 203 2 168 151 40 130 130 74 77 159 148 201 154 125 180 135 109 200 142 90 132 112 3 125 140
split_gain=197.96 56.3391 27.7521 18.1321 15.676 14.6559 12.9121 13.7457 10.925 10.602 11.398 10.5948 9.77933 9.10404 8.53201 9.22678 8.40317 7.95154 8.12776 7.93906 8.06089 7.46824 7.58563 8.37492 7.58082 7.43519 8.01172 8.591 7.38351 7.11413
threshold=0.37969951586789719 0.0088049481694041625 15.708333333350001 1.0000000180025095e-35 0.54296050000000007 3.5000000000000004 105656.50000000001 11.500000000000002 294.50000000000006 51.500000000000007 0.84649150000000006 0.65046950000000014 1.5000000000000002 0.056311000000000007 58.500000000000007 5.5000000000000009 76.500000000000014 1.8898980000000003 20.500000000000004 1.4142857142850003 2.5000000000000004 2.5000000000000004 9.5000000000000018 0.12419400000000001 2.5000000000000004 0.0072685000000000007 0.41852500000000009 262710.50000000006 20.500000000000004 8.5357142857150006
decision_type=2 2 2 2 2 2 2 2 2 2 2 2 2 2 2 2 2 2 2 2 2 2 2 2 2 2 2 2 2 2
left_child=1 -1 3 6 -3 -4 7 13 11 10 -6 28 16 14 25 -16 -8 18 -9 20 -5 22 23 -19 -24 -2 27 -27 -7 -13
right_child=2 4 5 19 9 8 12 17 -10 -11 -12 29 -14 -15 15 -17 -18 21 -20 -21 -22 -23 24 -25 -26 26 -28 -29 -30 -31
leaf_value=-0.046738000592728715 0.031957683879175879 -0.0497955104662633 -0.039434799685914956 -0.060689589447027514 -0.023100279580950341 -0.0038132722968127874 -0.0089563887089088925 0.0034059895140980722 -0.019297738713375732 0.020924868752030364 -0.003754307647591223 0.028433873756472685 -0.019325005168173485 0.036223514231680347 0.006053255539862439 0.025346112444642369 0.010097216284275123 -0.030311873019073191 -0.026334524247569803 0.051641024665259418 0.028557350263275758 0.041226080657309566 -0.00060114793797565506 0.011299934337269484 0.054481893514561043 0.024404657312536063 -0.015922387441760919 -0.02252322338070974 -0.044289372288565304 0.0058027494365103646
leaf_weight=204.01503675699405 21.416174520607456 27.882455267943442 24.774804926797515 3.2547710904473197 150.16900739136872 133.31347510409978 71.720915462385165 116.68841824745323 62.27925240091281 24.456267626259432 154.43174267874929 42.650145824300125 40.966675581250456 69.384039801778272 81.090296801747172 262.85874691966455 299.56575781962238 17.494312932220055 28.604217004001839 40.72418127754645 11.363464725669472 22.395274241425795 10.805356837576257 39.154423749540001 14.804073912324382 39.346488581795711 45.465032610431081 12.96661295625381 12.307058370552111 186.8931431261226
leaf_count=836838 334 62920 6086 46 94414 6757 1138 4033 2796 6380 35264 667 1316 440 1239 1626 4468 402 863 180 58 180 81 336 71 394 443 238 912 3130
internal_value=0 -0.0257787 0.00844523 0.0123159 -0.013799 -0.002023 0.0110199 0.0147928 9.58336e-05 -0.0107489 -0.0132919 0.00331527 0.00385864 0.019333 0.0168026 0.0207976 0.00641666 0.00511969 -0.00244912 0.0402949 0.00868639 0.0156276 0.00865829 -0.00155066 0.0312408 0.00527447 -0.000569905 0.0127729 -0.00723409 0.0100077
internal_weight=0 560.955 1712.29 1250.07 356.939 462.218 1194.73 782.473 437.443 329.057 304.601 375.164 412.253 532.527 463.143 343.949 371.287 249.946 145.293 55.3424 14.6182 104.653 82.2582 56.6487 25.6094 119.194 97.7781 52.3131 145.621 229.543
internal_count=1074050 1035816 38234 17886 198978 20348 17602 10680 14262 136058 129678 11466 6922 4714 4274 2865 5606 5966 4896 284 104 1070 890 738 152 1409 1075 632 7669 3797
is_linear=0
shrinkage=0.05


Tree=73
num_leaves=31
num_cat=0
split_feature=0 0 148 40 189 189 135 148 2 180 122 0 0 168 36 168 93 76 158 151 159 179 163 132 168 100 111 55 2 189
split_gain=187.557 54.2 26.3226 17.0211 14.8961 14.8944 12.4288 10.2561 9.59125 9.33957 8.31716 8.27877 7.36009 9.9923 7.12336 7.07916 6.59385 6.56247 6.55763 6.54026 9.06645 10.2406 7.83968 6.34809 6.14895 6.03352 6.82816 5.98183 5.95424 5.79758
threshold=0.37969951586789719 0.0088049481694041625 4.5000000000000009 2.5000000000000004 0.54296050000000007 0.55278050000000012 2.5000000000000004 13.500000000000002 8.9884656743000007e+307 1.5500000000000003 0.69047619047650011 0.7740980979447657 0.94875966535953815 9.5000000000000018 1185.5000000000002 15.500000000000002 0.047882500000000008 7.5000000000000009 2.5000000000000004 300.50000000000006 113.50000000000001 0.024799500000000006 37.500000000000007 0.010933500000000001 9.5000000000000018 5.5000000000000009 0.072794000000000011 1.0000000180025095e-35 728670.50000000012 0.58948950000000011
decision_type=2 2 2 2 2 2 2 2 2 2 2 2 2 2 2 2 2 2 2 2 2 2 2 2 2 2 2 2 2 2
left_child=1 16 5 12 -3 14 11 10 17 -10 15 29 13 23 -2 -6 -1 -5 24 25 21 22 -21 -4 -18 26 -13 -14 -15 -7
right_child=2 4 3 8 7 6 -8 -9 9 -11 -12 19 27 28 -16 -17 18 -19 -20 20 -22 -23 -24 -25 -26 -27 -28 -29 -30 -31
leaf_value=-0.049059293474003299 0.0036791588563301705 -0.049700246532787803 0.03387976823345417 0.027795456631487726 -0.01470634776776825 -0.018134913807553096 0.027864936342773334 0.013728139562700671 -0.068916783274607762 0.0085345263019798254 0.0046981253571700479 0.0061070035320275199 0.012376473164931928 -0.0032573723189279272 -0.036642283845256605 -0.041436176791892661 0.018995460173744778 -0.0023532116004852067 0.64702927494691453 0.05038887810896845 0.021683268595838669 -0.041285810746257 -0.027854741217879925 0.0068965045656947587 -0.048113468895118153 -0.05374182457217036 0.040270685661763533 0.049484986612933608 -0.036587278171792074 0.0006863187781488778
leaf_weight=181.9676732165326 15.56372354760242 26.577578691983945 26.954338282077515 267.52490004949505 209.86548379631131 80.417580918794556 46.568330066569615 37.766275655514619 4.8601950495503869 19.545510822266806 49.325833928269276 377.84622332791332 382.17747630539816 118.71274425921729 36.977964097350196 28.085055128685781 6.7592971599533449 19.355653904480278 0.037520113264691513 6.6781940582441148 14.923006813973187 27.289579201140441 6.1492357769748196 113.91660816431977 6.8954376591718756 4.0727996085770419 15.214546798728405 11.177553299814461 15.104753071354933 83.296169213019311
leaf_count=785722 1002 62920 431 1355 91307 7286 394 4535 68 137 11085 4210 1998 3803 9992 29131 13894 437 116 53 111 473 147 1802 37106 51 89 40 658 3697
internal_value=0 -0.0254478 0.00821985 0.0135449 -0.0137103 0.000926139 0.00295851 -0.0107675 0.0232014 -0.00688926 -0.0139878 0.00107529 0.00904526 0.00276495 -0.0246984 -0.0178612 -0.0465414 0.0257613 -0.0130797 0.00456342 -0.0115892 -0.0239662 0.0128803 0.0120595 -0.0148935 0.00680207 0.00742941 0.0134309 -0.00701951 -0.00855883
internal_weight=0 547.28 1694.33 979.33 351.62 714.997 662.456 325.043 311.286 24.4057 287.276 615.887 668.043 274.688 52.5417 237.951 195.66 286.881 13.6923 452.174 55.04 40.117 12.8274 140.871 13.6547 397.134 393.061 393.355 133.817 163.714
internal_count=1074050 1035816 38234 10729 198978 27505 16511 136058 1997 205 131523 16117 8732 6694 10994 120438 836838 1792 51116 5134 784 673 200 2233 51000 4350 4299 2038 4461 10983
is_linear=0
shrinkage=0.05


Tree=74
num_leaves=31
num_cat=0
split_feature=0 0 148 101 40 168 139 133 168 40 0 189 3 110 200 168 151 143 2 201 81 186 36 147 169 2 54 87 124 173
split_gain=177.235 48.4652 22.4764 15.3399 14.2745 13.5605 12.7066 12.5903 10.8291 9.74321 9.42281 9.03041 7.73562 7.793 7.41958 7.23496 6.8497 6.50109 6.4334 7.14126 6.96913 9.8506 6.49087 6.30289 6.50069 8.92728 8.55526 6.18598 5.83597 6.03796
threshold=0.021498946223343005 0.53809039466125175 6.5000000000000009 6.5000000000000009 6861.0000000000009 8.5000000000000018 0.055486000000000001 0.53722400000000003 13.500000000000002 4.5000000000000009 0.94875966535953815 0.54061850000000011 279065.50000000006 0.083233000000000015 2.5000000000000004 8.5000000000000018 33.500000000000007 45.500000000000007 130586.50000000001 63.500000000000007 0.31096600000000002 0.12346350000000002 1973.5000000000002 7.5000000000000009 7.5000000000000009 593143.50000000012 5.5000000000000009 4.5000000000000009 0.094769000000000006 0.049742125000000005
decision_type=2 2 2 2 2 2 2 2 2 2 2 2 2 2 2 2 2 2 2 2 2 2 2 2 2 2 2 2 2 2
left_child=6 3 4 9 8 18 -1 -7 10 17 11 -3 -9 -14 -5 -8 -12 -2 20 -20 -4 -22 -23 24 25 28 -27 -16 29 -13
right_child=1 2 5 14 -6 7 15 12 -10 -11 16 23 13 -15 27 -17 -18 -19 19 -21 21 22 -24 -25 -26 26 -28 -29 -30 -31
leaf_value=-0.047345916699875618 -0.013929511676840631 -0.048580331803015506 0.031104439294092314 -0.03303490051167423 0.040496041989711851 -0.055006401302659207 0.020621419459263483 0.015020747159341458 -0.010599038932308633 0.020289305582137013 -0.010769097555451947 -0.026772682094302391 -0.02229018843784724 0.0070208419465125323 -0.0023834848611212797 -0.029809651100949533 0.01443956355442215 0.0068376392801962824 -0.044857032427135478 0.015753763066423371 0.03841620617560268 -0.047587635321735884 0.023314278608507419 0.063569236880746768 -0.006873583067924665 -0.017216317918856219 0.060768393948988225 -0.023790132926265556 -0.041826020331118277 0.015716253852193246
leaf_weight=189.35950411372687 104.42951157237258 9.4124707780829322 189.78097197046736 72.313163949993395 24.940895351552172 7.5375983870471819 10.507751120532701 266.45627712123678 139.50330447118176 43.101746303144864 30.194903413765132 8.8452776274643821 30.023424039653037 92.673916238010861 66.864956716153756 22.005364686230678 250.52922058285912 58.963295697301874 5.0937543928157529 105.79133457905846 11.293208152055742 9.6482448456808907 4.8508796654641619 3.9808190460316828 174.391914269072 49.781866622593952 3.7841882706852621 68.14007591196787 4.9310600854805662 152.84310672446736
leaf_count=765713 31962 2870 1009 63122 144 223 20703 2316 6443 6726 179 252 558 874 15338 113855 1317 7421 45 744 43 77 23 12 3953 1714 51 23407 82 2874
internal_value=0 0.00472573 0.00872363 -0.010503 0.0032267 0.0152086 -0.0423878 0.00899737 0.00210435 -0.000857058 0.00467757 -0.000173884 0.0102371 -0.00015142 -0.0201106 -0.0135111 0.0117281 -0.0064353 0.0227562 0.0129695 0.0277902 0.00340411 -0.0238664 0.000969298 0.000337738 0.00604927 -0.0117071 -0.0131879 0.0117577 0.0133919
internal_weight=0 1990.1 1576.29 413.813 853.139 723.15 221.873 396.691 828.198 206.495 688.695 407.971 389.154 122.697 207.318 32.5131 280.724 163.393 326.458 110.885 215.573 25.7923 14.4991 398.558 394.577 220.185 53.5661 135.005 166.619 161.688
internal_count=1074050 173779 25803 147976 19891 5912 900271 3971 19747 46109 13304 11808 3748 1432 101867 134558 1496 39383 1941 789 1152 143 100 8938 8926 4973 1765 38745 3208 3126
is_linear=0
shrinkage=0.05


Tree=75
num_leaves=31
num_cat=0
split_feature=0 0 101 148 40 113 154 104 40 46 132 200 36 190 154 159 177 36 163 154 179 168 3 178 93 91 124 59 136 112
split_gain=167.076 52.3054 20.2069 17.7652 15.5604 13.1107 10.5569 9.69574 9.64141 10.5189 9.12957 8.54379 8.1655 8.03905 7.71827 7.21157 8.38983 7.28972 8.1606 7.07313 6.89916 6.79038 7.4685 6.57589 6.46364 6.41197 8.46453 7.90709 6.32212 6.1209
threshold=0.0088049481694041625 0.60678019017954943 15.500000000000002 2.5000000000000004 172.50000000000003 0.039526000000000013 1.0211580000000002 0.14725550000000001 1.0000000180025095e-35 1.0000000180025095e-35 0.015617000000000001 2.5000000000000004 74.500000000000014 0.0061820000000000009 1.5354940000000001 119.50000000000001 50.000000000000007 3677.5000000000005 49.500000000000007 2.0501815000000003 0.056986500000000009 8.5000000000000018 209844.00000000003 5.5000000000000009 0.047882500000000008 1.5000000000000002 0.025376500000000003 0.046282000000000011 11.225000000000001 0.21518929166650003
decision_type=2 2 2 2 2 2 2 2 2 2 2 2 2 2 2 2 2 2 2 2 2 2 2 2 2 2 2 2 2 2
left_child=24 3 4 11 6 15 10 19 9 14 13 -2 20 -3 -5 17 -17 18 -4 21 -12 22 -7 -14 -1 26 27 -6 -10 -20
right_child=1 2 5 8 25 7 -8 -9 28 -11 12 -13 23 -15 -16 16 -18 -19 29 -21 -22 -23 -24 -25 -26 -27 -28 -29 -30 -31
leaf_value=-0.048828053993264307 -0.03229879876316949 -0.075640084480718003 0.002403181831414726 -0.025319722068862738 0.016322084225541815 0.036999497835576427 0.013025161000652031 -0.084915493267410519 0.02311655141653703 0.023440607525008633 0.04825026607395129 -0.012628304725909449 -0.0035476726218190511 0.014693782001249146 -0.0020821749704988532 -0.067707258083933838 0.016698252005924893 -0.043879307376430081 -0.040551310640372505 0.026962812300276667 -0.043501847163589263 -0.0072325338353916553 0.0026467703389614541 -0.028175301113477987 -0.012214059782159364 0.049252053764953813 0.041218639403190704 -0.046744857717188983 -0.0045765218639654418 -0.011192415532027331
leaf_weight=166.7194457910291 87.074463127753916 2.5247271530679418 63.320183051320782 66.924957365532464 45.054212944349274 24.934286099625751 766.39153621619334 2.7404702017083755 54.356816594916381 23.100262458669022 10.607352434890343 150.81507818667887 91.823283980949782 100.5405792677775 76.671874736526661 3.2189017991768187 34.484966474628891 19.013105181453284 27.858867303511943 45.203054399462417 2.5392857126425943 66.711238034476992 43.291449240059592 38.456971683655865 12.993173758779447 30.224396962672472 35.459643466514535 5.5861801467835894 33.194851028230914 48.94093950241222
leaf_count=785722 100089 76 1610 23953 267 173 6243 24 5204 3992 80 62401 1728 2157 11865 170 508 2686 1437 311 43 1131 463 908 51116 84 146 26 8236 1201
internal_value=0 0.00414744 0.00876404 -0.0100073 0.0121193 -0.00121395 0.0101303 0.00842485 -0.000818317 -0.00787465 0.00112944 -0.0198283 -0.00702763 0.0124809 -0.0129123 -0.0101693 0.00949228 -0.0148278 -0.0108857 0.00984483 0.0305283 0.00411042 0.0152016 -0.0108174 -0.0461809 0.0294389 0.0224838 0.00936512 0.0126168 -0.0218423
internal_weight=0 2001.06 1508.93 492.138 1129.21 379.717 1012.88 182.88 254.249 166.697 246.492 237.89 143.427 103.065 143.597 196.837 37.7039 159.133 140.12 180.14 13.1466 134.937 68.2257 130.28 179.713 116.324 86.1 50.6404 87.5517 76.7998
internal_count=1074050 237212 21472 215740 11758 9714 11235 2102 53250 39810 4992 162490 2759 2233 35818 7612 678 6934 4248 2078 123 1767 636 2636 836838 523 439 293 13440 2638
is_linear=0
shrinkage=0.05


Tree=76
num_leaves=31
num_cat=0
split_feature=0 0 148 111 40 159 189 136 129 36 143 168 182 40 36 2 59 3 168 175 81 172 187 168 139 93 185 189 178 109
split_gain=159.107 50.2487 27.9105 16.8996 16.2842 12.789 11.8618 10.9121 10.7809 10.6545 10.5722 9.21384 8.2791 8.24028 7.53729 8.2795 7.53338 7.37618 7.13947 7.04822 6.77478 8.31751 11.2846 6.55607 6.52013 8.66382 6.45835 6.42769 6.35905 6.57429
threshold=0.0088049481694041625 0.7740980979447657 3.5000000000000004 0.053537000000000008 7.5000000000000009 117.50000000000001 0.53855800000000009 4.9000000000000012 1.5000000000000002 104.50000000000001 45.500000000000007 9.5000000000000018 0.10026900000000001 1183.5000000000002 1329.5000000000002 476758.00000000006 0.021795500000000006 80064.000000000015 15.500000000000002 4.2250000000000005 0.15037750000000003 0.062989000000000003 0.059312000000000011 11.500000000000002 0.059708000000000004 0.014727000000000002 0.07453750000000002 0.60515800000000008 5.5000000000000009 1.0000000180025095e-35
decision_type=2 2 2 2 2 2 2 2 2 2 2 2 2 2 2 2 2 2 2 2 2 2 2 2 2 2 2 2 2 2
left_child=27 2 6 5 10 7 -2 -3 9 -9 -4 16 17 -8 20 18 -12 -7 -16 -11 21 22 -10 28 -22 -26 -14 -1 29 -19
right_child=1 3 4 -5 -6 12 13 8 14 19 11 -13 26 -15 15 -17 -18 23 -20 -21 24 -23 -24 -25 25 -27 -28 -29 -30 -31
leaf_value=-0.049098112781078965 -0.047829709820318513 0.011710741565395933 -0.012544466996335064 0.026618706145663452 0.0230414830381333 0.025256263199918305 -0.015394335587414505 0.04489104183830895 0.0066765683350984706 -0.0079748934784586428 0.0086793356017687371 -0.0079706097573061518 -0.063893670717094439 0.022789677126089633 0.032829533467547127 -0.050450632828023638 0.045098307483709778 0.041428835095656147 -0.022887498901505533 -0.072124358215279058 -0.053103203523225756 -0.03840662728030194 0.051349497428128103 -0.017302667294314903 0.020776853577630514 -0.018292065018634021 0.006096027619790001 -0.015784320754436729 -0.011185886017361792 0.0083157952269979751
leaf_weight=156.76003889981348 27.579843042654829 348.46701502226642 127.72203520322 134.61476473603398 82.448812270087728 172.30742793850368 324.93610835762138 9.4853805266320688 106.01685558934696 239.67251469771145 41.711302433559467 48.035333939136763 5.3079400958376928 14.771553824684814 53.365780625259504 3.6793143246322861 21.528298228266067 26.003770100418478 6.4437344348989418 4.3597566504031411 7.7852489941287777 8.5392219692002964 16.311348611023277 20.149299675307702 21.872512249741703 40.400809987448156 8.695890309638342 15.952757159042447 18.376289072446525 35.389586576493457
leaf_count=754698 58106 3110 26308 742 3693 1009 123694 72 916 4475 2927 7845 58 1539 294 56 494 140 102 175 117 76 84 258 142 319 70 82140 139 252
internal_value=0 0.00402253 -0.00687797 0.00985478 0.00388116 0.00789694 -0.0162942 0.00486973 0.000267065 -0.00710009 -0.00272874 0.00853782 0.0170601 -0.013734 0.00733061 0.0223483 0.0210772 0.0189888 0.0268267 -0.00912096 0.00258529 0.00930289 0.0126333 0.0081807 -0.00996301 -0.00456973 -0.0204325 -0.0460211 0.0146176 0.0223412
internal_weight=0 1975.98 688.733 1287.24 321.446 1152.63 367.288 866.399 517.932 253.518 238.997 111.275 286.23 339.708 264.415 63.4888 63.2396 272.226 59.8095 244.032 200.926 130.867 122.328 99.9189 70.0586 62.2733 14.0038 172.713 79.7696 61.3934
internal_count=1074050 237212 224606 12606 41267 11864 183339 9938 6828 4722 37574 11266 1926 125233 2106 452 3421 1798 396 4650 1654 1076 1000 789 578 461 128 836838 531 392
is_linear=0
shrinkage=0.05


Tree=77
num_leaves=31
num_cat=0
split_feature=0 0 101 40 40 189 133 36 145 143 90 187 0 142 100 192 2 185 168 3 74 162 132 50 170 93 189 186 168 185
split_gain=151.281 49.1092 26.2663 17.1405 15.4074 10.8184 10.1745 10.0484 9.42422 9.28317 9.08513 7.1884 7.05126 7.62964 7.11622 6.94643 6.76271 6.50088 6.46282 7.49934 6.42913 7.03951 6.36965 6.96499 8.17481 6.35507 6.26845 6.18247 6.13743 5.97688
threshold=0.0088049481694041625 0.7740980979447657 7.5000000000000009 3.5000000000000004 6.5000000000000009 0.53855800000000009 0.52353250000000007 123.50000000000001 140.50000000000003 14.500000000000002 2.5000000000000004 0.091070500000000013 0.94875966535953815 0.11475500000000001 4.5000000000000009 2.5000000000000004 8.9884656743000007e+307 0.012433500000000002 10.500000000000002 340929.00000000006 1.0000000180025095e-35 1.0000000180025095e-35 0.016603500000000004 1.0000000180025095e-35 1.5000000000000002 0.047882500000000008 0.58200600000000013 0.20759250000000004 17.500000000000004 0.010933500000000001
decision_type=2 2 2 2 2 2 2 2 2 2 2 2 2 2 2 2 2 2 2 2 2 2 2 2 2 2 2 2 2 2
left_child=25 2 3 8 6 -4 7 -3 11 -7 16 15 13 -8 27 -2 20 29 19 -9 26 -22 23 24 -20 -1 -6 -14 -12 -17
right_child=1 4 5 -5 10 9 12 18 -10 -11 28 -13 14 -15 -16 17 -18 -19 22 -21 21 -23 -24 -25 -26 -27 -28 -29 -30 -31
leaf_value=-0.048676316407628567 -0.023576069937677958 0.021983782775663482 -0.047519053161081654 0.019235511048537157 0.013732981053436601 -0.028790274190918681 -0.0030924921491696771 0.017064525833032196 0.02087924018216851 -0.0090074195865856611 0.012583631130661958 0.0088629757616986958 0.012197114830074296 0.01331721451413217 0.038720179775347509 -0.0070438821322303313 -0.010194995153706024 0.0076693749448535024 -0.018779323959172617 -0.013923324237501958 0.03157912597912689 -0.057789010336802449 -0.042832538417093662 -0.076383628052265923 0.041683561294434332 -0.01172936017761724 0.040075828145147263 -0.021001800096210794 -0.053014671789400163 -0.05096969245774631
leaf_weight=153.12509631584089 82.606683261932631 28.927575358888134 27.228703394584954 105.67040632945191 29.175728698028252 82.509928420437063 193.60107179034094 32.340012839005794 31.471284145842219 210.81465826044951 151.37443600926781 47.637351170735201 463.62539667240344 111.70389626501128 24.690673655830324 27.864713306222257 10.573857584968207 53.533180120593897 17.382368881008013 49.270214431016939 4.746677665039897 4.1127656688913685 24.412614462547936 3.3121752513106903 8.2406429278198612 12.596047758074745 99.932669115252793 14.460825731977819 3.6516902543953611 10.724804909885277
leaf_count=785722 27870 279 55652 10974 166 48489 3453 463 2660 48729 1152 10821 2474 1069 121 5709 60 10235 791 905 16 44 818 57 82 51116 365 81 210 3467
internal_value=0 0.00388695 -0.0069644 0.00231438 0.00967244 -0.0173708 0.00660136 -0.00475808 -0.00472973 -0.0145722 0.0195054 -0.00835414 0.00890515 0.00291143 0.0125448 -0.0130481 0.0283421 -0.00360769 -0.0104901 -0.00164364 0.0312955 -0.0099077 -0.0240231 -0.00815359 0.000666206 -0.0458681 0.0341229 0.0111929 0.0110384 -0.0192518
internal_weight=0 1955.6 680.062 359.508 1275.54 320.553 971.967 163.886 253.838 293.325 303.568 222.367 808.082 305.305 502.777 174.729 148.542 92.1227 134.958 81.6102 137.968 8.85944 53.3478 28.9352 25.623 165.721 129.108 478.086 155.026 38.5895
internal_count=1074050 237212 224606 71736 12606 152870 10593 3395 60762 97218 2013 58102 7198 4522 2676 47281 651 19411 3116 1368 591 60 1748 930 873 836838 531 2555 1362 9176
is_linear=0
shrinkage=0.05


Tree=78
num_leaves=31
num_cat=0
split_feature=0 101 139 40 0 169 111 163 163 135 168 154 188 105 189 161 43 190 74 159 144 104 151 2 175 109 200 163 136 189
split_gain=143.501 46.7991 24.7851 22.0944 16.6869 14.1628 11.5609 11.4586 11.4002 9.86614 8.53519 8.83117 7.99775 7.76784 7.76298 7.74361 7.35486 7.3517 7.15852 9.15036 7.64934 6.69814 6.86586 6.55116 6.8302 6.49424 7.01875 6.42125 6.6175 6.31871
threshold=0.0088049481694041625 15.500000000000002 0.023358 1.0000000180025095e-35 0.94875966535953815 6.5000000000000009 0.027653 103.50000000000001 99.500000000000014 1.5000000000000002 16.500000000000004 0.78406500000000012 699.50000000000011 5.7750000000000012 0.53767650000000011 2.5000000000000004 12.500000000000002 0.0099635000000000019 1.0000000180025095e-35 112.50000000000001 5.5000000000000009 0.14635200000000004 294.50000000000006 1567682.0000000002 3.9000000000000004 12.500000000000002 8.5000000000000018 59.500000000000007 10.708333333350001 0.60515800000000008
decision_type=2 2 2 2 2 2 2 2 2 2 2 2 2 2 2 2 2 2 2 2 2 2 2 2 2 2 2 2 2 2
left_child=29 3 14 4 7 15 18 8 12 10 11 -4 -2 25 -3 -5 -9 -16 20 -20 -7 22 23 24 -13 26 -6 -8 -29 -1
right_child=1 2 9 5 13 6 27 16 -10 -11 -12 21 -14 -15 17 -17 -18 -19 19 -21 -22 -23 -24 -25 -26 -27 -28 28 -30 -31
leaf_value=-0.048882587286718182 -0.0075066778011523717 -0.04697983120307573 -0.016812826285694277 -0.028340802441967822 -0.017174899206598215 0.0083273538267316771 0.0040682513345938719 0.01253445255701232 -0.042679175672459588 0.011734536308071409 -0.031002190054819828 0.0092311088958769109 0.049117281103517631 0.014268554677645477 0.00587953692296785 0.027957348310272086 -0.025450388259837267 -0.024064912276118497 -0.045079960371153333 0.019650417528660549 -0.051852333994759706 -0.070739128866886811 -0.019156172103693837 -0.018923097328726626 0.056459132530562409 0.035651204175539485 0.039535378312209962 0.039746123403548307 0.0044890653509377315 -0.014845689404845156
leaf_weight=143.95699920851075 252.24218943186679 29.903141998440333 81.707226918031665 6.2869811977634518 49.839973510475829 197.69442973441346 29.60233468520164 121.66388822264707 23.221206143682139 106.82327957672533 30.574577799292456 128.01440458836441 6.3940969929099074 319.35430944379186 24.647392691213099 214.48168581950813 14.234644816171565 121.73071092243117 15.45378171691573 8.4420862541701336 5.42527762285681 3.0364057760161804 26.963304974189668 19.511853621977934 8.1424353150505322 8.6215515565127117 6.1267176303081206 57.466960808811564 17.320083367940242 15.062066300742115
leaf_count=754698 38083 53253 15008 520 453 9510 512 13257 7649 3964 7528 6578 31 1623 7001 6561 1936 52047 2482 880 1950 152 2608 1369 73 72 31 584 1497 82140
internal_value=0 0.00375239 -0.00811723 0.00884659 0.00354563 0.016543 0.0100073 -0.00336988 -0.00911986 -0.00130243 -0.00597653 -0.00311483 -0.0061068 0.0110702 -0.0237653 0.0263541 0.00855574 -0.0190228 0.00367461 -0.0222116 0.00671997 0.00291325 0.00413778 0.00817252 0.0120554 -0.00474399 -0.0109668 0.0237789 0.0315809 -0.0456587
internal_weight=0 1934.93 581.055 1353.87 801.699 552.174 331.405 417.756 281.857 404.773 297.95 267.376 258.636 383.943 176.281 220.769 135.899 146.378 227.016 23.8959 203.12 185.668 182.632 155.669 136.157 64.5882 55.9667 104.389 74.787 159.019
internal_count=1074050 237212 149581 87631 63135 24496 17415 60956 45763 37280 33316 25788 38114 2179 112301 7081 15193 59048 14822 3362 11460 10780 10628 8020 6651 556 484 2593 2081 836838
is_linear=0
shrinkage=0.05


Tree=79
num_leaves=31
num_cat=0
split_feature=0 0 0 154 76 40 40 159 163 111 142 101 168 151 151 189 36 102 62 90 176 92 55 175 186 190 72 48 40 201
split_gain=136.258 44.0424 21.0768 15.2575 14.4155 13.1092 12.2471 10.1849 9.79703 9.12364 8.13004 7.03895 9.34081 6.76478 6.79652 6.75425 6.72822 8.66374 6.74949 6.70368 6.42685 6.00023 5.95974 5.86983 6.48555 5.79657 5.5785 8.92269 8.38413 6.61802
threshold=0.37969951586789719 0.0044021329524748061 0.94875966535953815 0.78406500000000012 9.5000000000000018 15.500000000000002 1.5000000000000002 119.50000000000001 20.500000000000004 0.027653 0.090103500000000017 1.5000000000000002 11.500000000000002 309.50000000000006 45.500000000000007 0.55108450000000009 1404.5000000000002 271.50000000000006 2.5000000000000004 1.5000000000000002 0.56125000000000014 4.5000000000000009 1.0000000180025095e-35 2.4500000000000006 0.10441100000000002 0.010929500000000002 7.5000000000000009 1.5000000000000002 4.5000000000000009 90.500000000000014
decision_type=2 2 2 2 2 2 2 2 2 2 2 2 2 2 2 2 2 2 2 2 2 2 2 2 2 2 2 2 2 2
left_child=1 -1 3 11 7 16 9 -3 19 -5 -9 12 -2 14 21 -6 17 22 20 -8 -18 -10 26 -19 -25 -17 27 -4 29 -29
right_child=2 4 5 6 15 -7 8 10 13 -11 -12 -13 -14 -15 -16 25 18 23 -20 -21 -22 -23 -24 24 -26 -27 -28 28 -30 -31
leaf_value=-0.046782256505599695 0.011150478691774365 -0.011035780798152404 0.012698187955773153 -0.0035966769236257037 -0.049574816925717524 0.030009017774408571 0.035988578659750435 -0.0051048707452269367 0.0085114356125723864 0.016862301324593758 0.041047688068822266 -0.015661927834858702 -0.035855155602409143 -0.013241977553761816 0.023485781089100401 0.014161174886186477 -0.057796452148513082 0.0017610882049954734 0.02771362844388757 -0.035273128709491182 0.011434291861237261 -0.048025441509786243 0.032770248688034263 -0.005675899982133005 -0.066749592039598682 -0.025958703779781329 0.018496616182515219 -0.013619862055875193 -0.064834410156228317 0.0097565177956281564
leaf_weight=142.01199119569628 61.897599527492275 183.55970553282077 144.87751597061288 314.01724167037173 27.655397534669646 101.52807732054498 4.1986071203427882 19.618752656171637 42.82960815957631 65.934956364915706 18.577789943920834 150.1837020129351 12.74492130375438 17.519451217362075 179.06938500590331 10.235347644507781 3.4831275390461078 22.755951289960649 96.714846581686288 15.423235480768197 89.234544686449226 5.2704278111050362 25.577700867084786 8.524244970642032 8.8701765489531663 74.78110407810982 91.27733394515235 64.658082900801674 5.6778411325067273 56.940075711347163
leaf_count=777854 2163 85429 785 11049 84143 465 35 6332 651 980 1166 13740 2451 347 1717 5479 31 160 465 966 544 60 119 49 55 75413 544 473 30 355
internal_value=0 -0.0234536 0.00703132 0.00178985 -0.0135473 0.0133571 0.0057034 -0.00614774 0.0139688 -4.63307e-05 0.0173425 -0.00942483 0.00312445 0.0166947 0.0190035 -0.0281107 0.010624 0.00715955 0.0184728 -0.0200248 0.0088335 0.00231656 0.00944189 -0.0149535 -0.03682 -0.0211286 0.00780007 0.00421257 -0.00544656 -0.00267354
internal_weight=0 476.44 1589.21 869.089 334.428 720.12 644.263 221.756 264.311 379.952 38.1965 224.826 74.6425 244.689 227.169 112.672 618.591 429.159 189.433 19.6218 92.7177 48.1 389.009 40.1504 17.3944 85.0165 363.431 272.154 127.276 121.598
internal_count=1074050 1035816 38234 34159 257962 4075 15805 92927 3776 12029 7498 18354 4614 2775 2428 165035 3610 2570 1040 1001 575 711 2306 264 104 80892 2187 1643 858 828
is_linear=0
shrinkage=0.05


Tree=80
num_leaves=31
num_cat=0
split_feature=0 0 40 189 189 0 163 2 189 201 148 88 129 68 74 105 81 163 175 168 93 144 69 2 182 161 36 105 112 201
split_gain=129.84 44.1834 19.0125 15.1288 13.8922 12.7181 10.9939 10.4261 8.7882 8.36073 8.18415 9.41248 7.95845 8.51273 7.27845 7.08431 6.96413 6.55977 6.48652 6.21141 6.1544 6.01413 5.85064 5.79568 5.59758 5.5657 5.67119 5.5272 5.72265 5.71004
threshold=0.0088049481694041625 0.48090646582193369 1.0000000180025095e-35 0.55108450000000009 0.57480350000000013 0.94875966535953815 106.50000000000001 550920.50000000012 0.61380900000000016 76.500000000000014 16.500000000000004 0.063933000000000004 2.5000000000000004 0.092661500000000022 1.0000000180025095e-35 9.3666666666650027 0.078576500000000007 93.500000000000014 1.5500000000000003 13.500000000000002 0.047882500000000008 2.5000000000000004 5.5000000000000009 625678.00000000012 0.069679875000000016 2.5000000000000004 526.50000000000011 6.083333333335001 0.42879425000000004 54.500000000000007
decision_type=2 2 2 2 2 2 2 2 2 2 2 2 2 2 2 2 2 2 2 2 2 2 2 2 2 2 2 2 2 2
left_child=20 4 5 16 21 6 8 10 17 15 11 14 13 19 -5 -9 -4 24 -11 23 -1 -2 25 -6 -3 -20 -27 28 -7 -29
right_child=1 2 3 7 12 27 -8 9 -10 18 -12 -13 -14 -15 -16 -17 -18 -19 22 -21 -22 -23 -24 -25 -26 26 -28 29 -30 -31
leaf_value=-0.048359461311625544 -0.016695452921121786 -0.0091307868814260451 -0.034806057346269612 0.015347807391112928 -0.0013247915980007976 0.0010231154992441922 0.007921002309654205 -0.010080106725570713 0.0030719417848887563 -0.034698216724650663 0.030816010469799426 0.039657289121518849 0.017161117859887717 0.043538120204818148 -0.0070808485984118312 -0.083005194528552761 0.042367913303596953 -0.039719821562280655 -0.026232886764085202 -0.029042682695896743 -0.010127090975168417 -0.039950850751078681 -0.043717020338308717 -0.021151890787490229 -0.041960369763160699 0.030144615267265258 0.0017319427818709558 -0.043968126759483236 -0.043586271940012834 0.011660535854894474
leaf_weight=134.90240623189675 67.449925370925484 148.76222649538977 21.455517590587991 313.75622722743719 134.11704809215007 78.930203259864356 136.61542463931983 11.030297568999229 94.520747594768181 8.3995082961628196 107.37559476075694 35.816104704979807 33.934038954088464 7.5219645715405923 40.885531538704527 4.7706780243315725 3.3843502803792935 24.550632087353733 7.6055401219637124 37.695338074392566 11.416806733310294 47.295425090100252 4.5641724535962558 50.82509685855257 14.225663565404828 43.645646237302572 29.388236273429357 4.6714304536581031 7.9097111020237199 368.69872901093913
leaf_count=785722 61201 8272 3887 3627 30275 694 3310 152 2082 188 524 134 3387 55 1030 73 67 1708 103 22320 51116 75088 69 15011 1245 320 344 34 75 1937
internal_value=0 0.00351329 0.00734147 0.0139552 -0.011755 0.00258503 -0.00372099 0.0155197 -0.00935979 0.00154388 0.018591 0.0152291 -0.00544375 -0.00877655 0.0127621 -0.0320979 -0.0242914 -0.0156255 0.00722289 -0.010544 -0.0453763 -0.0262808 0.0113555 -0.0067736 -0.0119962 0.0144726 0.0187116 0.00832192 -0.00304008 0.0109645
internal_weight=0 1889.8 1510.96 632.077 378.839 878.885 418.675 607.238 282.059 109.404 497.833 390.458 264.093 230.159 354.642 15.801 24.8399 187.539 93.6031 222.637 146.319 114.745 85.2036 184.942 162.988 80.6394 73.0339 460.21 86.8399 373.37
internal_count=1074050 237212 29875 10518 207337 19357 16617 6564 13307 1249 5315 4791 71048 67661 4657 225 3954 11225 1024 67606 836838 136289 836 45286 9517 767 664 2740 769 1971
is_linear=0
shrinkage=0.05


Tree=81
num_leaves=31
num_cat=0
split_feature=0 142 40 0 159 0 101 161 118 189 44 69 154 76 172 177 150 2 151 150 151 185 148 151 139 132 106 154 143 163
split_gain=123.05 41.0496 22.0034 21.4831 12.3005 11.1985 8.95278 8.72911 8.2313 8.1322 8.04587 7.98922 7.53128 7.37941 7.23248 7.20784 8.57061 7.11988 6.92531 7.20941 9.49577 7.78178 6.57546 7.32865 6.54487 6.67874 6.81407 6.14224 11.7385 7.73818
threshold=0.0088049481694041625 0.073181500000000024 1.0000000180025095e-35 0.53809039466125175 119.50000000000001 0.94875966535953815 15.500000000000002 13.500000000000002 12.500000000000002 0.54296050000000007 1.0000000180025095e-35 7.5000000000000009 0.48845450000000007 6.5000000000000009 0.066182500000000019 50.000000000000007 0.029928000000000003 182686.50000000003 22.000000000000004 0.041378500000000006 297.50000000000006 0.039122000000000004 25.500000000000004 19.500000000000004 0.12483900000000002 0.0095415000000000014 0.029086500000000005 2.3529490000000002 35.500000000000007 113.50000000000001
decision_type=2 2 2 2 2 2 2 2 2 2 2 2 2 2 2 2 2 2 2 2 2 2 2 2 2 2 2 2 2 2
left_child=-1 3 5 9 6 8 7 17 -3 -2 13 15 -11 22 -7 16 -6 -5 -8 -20 21 -21 23 -4 25 -10 -27 29 -29 -16
right_child=1 2 10 4 11 14 18 -9 24 12 -12 -13 -14 -15 27 -17 -18 -19 19 20 -22 -23 -24 -25 -26 26 -28 28 -30 -31
leaf_value=-0.04516651775326555 -0.045177161920333934 -0.017873732853063772 -0.024120387052766801 0.018374331946500313 -0.074636486477026809 0.015010259896332135 -0.05506442322189236 -0.013970244606233972 0.016375054575961043 -0.029114277148712505 0.039498878713505603 -0.018188164695024222 -0.0089473340669613544 -0.012971927074017474 -0.023779646341432575 0.027146897932553239 0.022329856776698454 -0.0067094586145614692 -0.015195542762046583 0.024999677483797767 -0.057752291026186453 -0.024915020276418717 0.033778031130177529 0.016207329318082293 0.013203124801980763 -0.014023908733757902 0.011272279321039368 0.045743827136538774 -0.002762248411919653 0.013107621630474717
leaf_weight=140.27442785583116 24.551330579897694 71.630498916101715 11.669820144205003 93.157590652306681 4.0125211323465901 234.81940366257913 8.6141314598935406 48.676868638798624 33.300794686350855 65.500168594211573 39.319667036179453 14.531694636505561 157.88442277948889 21.106224447194109 40.803101456374861 74.526315517738112 5.274145535659045 40.626893965811178 136.61703268083875 35.723779827880207 5.1140912684204514 9.9925351151759951 52.861534437572118 325.29485620590094 79.789178301845823 118.42093671285329 34.342043164619099 17.634614466689527 42.610731389839202 21.820959301257972
leaf_count=836838 66905 13283 204 1753 244 1194 433 1643 1411 60112 159 300 53657 1084 357 978 58 1160 8252 554 218 418 304 4826 3462 11530 2266 69 229 149
internal_value=0 0.00338767 0.00928023 -0.00592449 0.000282481 0.00370306 -0.0038107 0.00416031 -0.0028302 -0.0178627 0.0178912 0.0160369 -0.0148606 0.0158236 0.00986727 0.0219709 -0.0195667 0.010757 -0.0112288 -0.00921433 0.00686141 0.0140895 0.0173827 0.0148107 0.00122307 -0.0039143 -0.00833717 3.83406e-05 0.0114361 -0.0109265
internal_weight=0 1870.23 1145.42 724.804 476.868 695.172 378.523 182.461 337.483 247.936 450.252 98.3447 223.385 410.932 357.689 83.813 9.28667 133.784 196.062 187.447 50.8304 45.7163 389.826 336.965 265.853 186.064 152.763 122.869 60.2453 62.6241
internal_count=1074050 237212 40527 196685 16011 33950 14431 4556 31952 180674 6577 1580 113769 6418 1998 1280 302 2913 9875 9442 1190 972 5334 5030 18669 15207 13796 804 298 506
is_linear=0
shrinkage=0.05


Tree=82
num_leaves=31
num_cat=0
split_feature=0 0 148 111 40 133 2 180 70 168 46 151 176 169 105 105 102 148 40 189 153 40 3 159 102 174 173 185 93 3
split_gain=116.712 38.9392 25.02 13.5928 13.0528 11.5166 9.18654 8.94435 8.63523 8.39544 7.77092 7.33845 7.24181 6.94011 7.00868 8.59007 6.83694 6.79102 6.88185 6.72328 9.69709 6.22263 6.4014 7.82935 7.76304 7.84718 7.18702 7.50589 6.13623 6.03893
threshold=0.0088049481694041625 0.7740980979447657 2.5000000000000004 0.053537000000000008 98.500000000000014 1.8210830000000002 746738.00000000012 1.2250000000000003 147.10000000000002 6.5000000000000009 1.0000000180025095e-35 309.50000000000006 0.57738095238100018 7.5000000000000009 4.7750000000000012 3.2916666666650003 9.5000000000000018 11.500000000000002 1.0000000180025095e-35 0.5903695000000001 1.5000000000000002 3.5000000000000004 65683.000000000015 43.500000000000007 11.500000000000002 3.5000000000000004 0.11935650000000002 0.019657000000000004 0.047882500000000008 138702.50000000003
decision_type=2 2 2 2 2 2 2 2 2 2 2 2 2 2 2 2 2 2 2 2 2 2 2 2 2 2 2 2 2 2
left_child=28 2 8 5 10 7 -7 -3 9 19 17 13 -6 21 15 -15 -8 18 29 20 -2 22 -9 -24 -25 26 27 -26 -1 -4
right_child=1 3 4 -5 12 6 16 11 -10 -11 -12 -13 -14 14 -16 -17 -18 -19 -20 -21 -22 -23 23 24 25 -27 -28 -29 -30 -31
leaf_value=-0.048118322781394607 -0.030101993947548113 -0.0070708835677163783 0.00075245332536605489 0.024173272396875389 -0.08070177151892366 0.016135825728505405 0.031914750041658946 0.023428278407461603 -0.032040428624842514 -0.018935295248111383 0.021150330131071423 -0.014071461781592631 0.029854137706348639 0.017117048531378826 0.0052866748778017973 -0.038350600932389296 -0.028837290479420033 0.0081325157266615104 0.0033401692064743195 0.023103530082843864 0.030327374453771812 0.029472256994317922 0.013176158300997163 -0.054998891614913184 -0.022346002368457255 0.069999683054423362 -0.05311458918151233 0.030954315308121285 -0.0091060595922531611 -0.022596221075574706
leaf_weight=123.708632836569 21.705984505369997 166.93206203423324 38.976915929802999 124.86824908014387 1.5303459277638456 341.26058781109168 6.0331813015509423 58.264996953541413 78.567774982674564 142.13471392342126 33.180642896317295 41.520041535259224 46.154556530094851 10.484108605771327 245.58068071468733 20.884016471914947 19.926844904344762 78.159487626769987 71.692866367737224 25.154962495762447 9.5638022632629163 51.626317332091276 75.954612413130235 8.8571636427659524 14.396433406975122 3.3560991026461116 7.5680372286296906 12.204730081488377 10.97361076638026 95.661264672535253
leaf_count=785722 9404 3278 7956 742 77 2291 40 497 89515 66937 5232 591 1680 266 2621 477 265 7038 10327 1637 520 294 710 96 215 13 86 124 51116 24283
internal_value=0 0.00326778 -0.00668011 0.00855111 0.00191328 0.00675297 0.0139546 0.00306778 -0.0180094 -0.0124574 -0.00174827 0.0061411 0.0263061 0.0077893 0.00244394 -0.0198118 -0.0147183 -0.00441897 -0.00917355 0.00386036 -0.0116198 0.014164 0.00978806 0.00329168 -0.0128949 -0.00295696 -0.0101228 0.00210842 -0.0449397 -0.0158369
internal_weight=0 1852.2 642.483 1209.72 365.356 1084.85 367.221 717.629 277.127 198.559 317.671 550.697 47.6849 509.177 276.949 31.3681 25.96 284.491 206.331 56.4247 31.2698 232.228 180.602 122.337 46.3825 37.5253 34.1692 26.6012 134.682 134.638
internal_count=1074050 237212 224606 12606 56593 11864 2596 9268 168013 78498 54836 5990 1757 5399 3364 743 305 49604 42566 11561 9924 2035 1741 1244 534 438 425 339 836838 32239
is_linear=0
shrinkage=0.05


Tree=83
num_leaves=31
num_cat=0
split_feature=0 0 136 40 142 40 143 139 2 72 168 159 168 2 2 99 168 36 171 130 44 62 98 189 124 202 196 169 113 189
split_gain=111.274 35.8145 24.1423 16.0341 12.0377 11.6273 11.3877 11.3392 7.90605 7.09019 6.79997 6.55878 6.20251 6.17002 5.84946 8.19458 7.48339 10.7232 9.6471 5.82218 7.00428 6.2179 6.95783 5.92933 5.6755 6.97854 5.63823 5.40571 5.8016 5.40144
threshold=0.021498946223343005 0.86620967868038068 10.450000000000001 1.0000000180025095e-35 0.045605000000000007 1.0000000180025095e-35 45.500000000000007 0.055486000000000001 370.00000000000006 33.500000000000007 9.5000000000000018 17.500000000000004 8.5000000000000018 550920.50000000012 23453.500000000004 33.500000000000007 13.500000000000002 914.50000000000011 1.0000000180025095e-35 1.7249155 1.0000000180025095e-35 14.500000000000002 10.500000000000002 0.59334950000000009 0.09271900000000001 0.14631650000000004 0.083051500000000014 10.500000000000002 0.039080000000000011 0.63917850000000009
decision_type=2 2 2 2 2 2 2 2 2 2 2 2 2 2 2 2 2 2 2 2 2 2 2 2 2 2 2 2 2 2
left_child=7 2 3 6 11 14 24 29 -5 19 -6 -4 -9 -10 16 -16 -3 18 -18 20 21 22 23 -7 -2 -26 -27 -21 -29 -1
right_child=1 5 4 8 10 9 -8 12 13 -11 -12 -13 -14 -15 15 -17 17 -19 -20 27 -22 -23 -24 -25 25 26 -28 28 -30 -31
leaf_value=-0.047474883415561629 -0.018196812616345842 0.014309679794214892 -0.037904511143079266 -0.046472870688304996 0.0015174128989143226 0.0053527075358594661 0.013437765870823556 0.024693882939629347 0.026584513354735086 -0.023245073451749629 -0.01518499667314121 -0.016124815635218403 -0.027459857707354388 0.0022011961923355983 0.0020100384165529033 -0.037874395383092174 0.048102069066955834 0.0096588898270808937 -0.03750526513503058 0.029102695988837385 0.043032298399338913 -0.0083713007947257469 -0.068941993248759201 0.023945500396871187 0.062131326259399537 -0.041539631575651909 0.028749101023867064 -0.046690950868779224 0.015097821765114575 0.020969697190385418
leaf_weight=130.45158046046754 95.808219561116857 249.73223021434387 44.028781068052922 4.5398880170232578 165.6434741609919 81.338297516864259 60.099993046031159 8.728428840950075 105.23593841012917 10.967894953384528 96.403868533227069 160.84829036978317 16.435028827394945 34.433186187873616 265.54020043544006 13.534749832702799 3.7598994374275234 60.674446409801021 26.38264065963449 130.66831665521022 17.316270258277655 37.981838758685626 2.4952369164675465 90.690912023419514 5.104290497183686 6.0102707886835542 5.4312800014740787 4.6127714030444649 21.534097274299711 2.9476439148384079
leaf_count=759637 24121 1613 27713 1842 9296 917 4247 20703 7314 179 17019 70331 113855 2792 2577 275 33 597 427 589 73 334 17 502 84 494 225 45 123 6076
internal_value=0 0.00353568 -0.00449829 0.00615885 -0.0117258 0.00972437 -0.00412967 -0.0401553 0.0184625 0.0163976 -0.00462719 -0.0208053 -0.00936933 0.0205732 0.00544222 7.56984e-05 0.00984001 -0.00245088 -0.0268268 0.0175222 0.0124539 0.00996222 0.0139522 0.0151545 -0.0135268 0.013515 -0.00817372 0.02495 0.00419719 -0.0459625
internal_weight=0 1800.82 783.587 316.663 466.924 1017.23 172.454 158.563 144.209 397.606 262.047 204.877 25.1635 139.669 619.624 279.075 340.549 90.817 30.1425 386.638 229.823 212.506 174.524 172.029 112.354 16.5458 11.4416 156.815 26.1469 133.399
internal_count=1074050 173779 165478 41119 124359 8301 29171 900271 11948 2779 26315 98044 134558 10106 5522 2852 2670 1057 460 2600 1843 1770 1436 1419 24924 803 719 757 168 765713
is_linear=0
shrinkage=0.05


Tree=84
num_leaves=31
num_cat=0
split_feature=0 0 148 168 142 40 2 2 68 200 40 130 189 189 46 169 189 161 2 159 185 201 36 104 132 96 112 3 149 151
split_gain=106.654 37.4984 26.1606 16.7594 15.0646 12.8868 9.1707 7.79815 7.16835 6.94573 6.46086 6.2887 5.97212 5.75865 5.71648 5.47806 7.32785 6.18757 5.95431 5.3955 7.0315 5.27914 5.10585 4.97667 4.92515 5.43851 4.91909 4.90218 6.24303 8.16093
threshold=0.0088049481694041625 0.94875966535953815 2.5000000000000004 9.5000000000000018 0.048829500000000005 20.500000000000004 114529.50000000001 1288875.0000000002 0.047535500000000001 9.5000000000000018 1454.0000000000002 0.57930100000000018 0.53370050000000002 0.60515800000000008 1.0000000180025095e-35 7.5000000000000009 0.5955275000000001 3.5000000000000004 31223.500000000004 118.50000000000001 0.010933500000000001 71.500000000000014 140.50000000000003 0.035057000000000012 0.043341500000000005 0.036812500000000005 0.099459666666650015 221919.50000000003 1.0000000180025095e-35 47.500000000000007
decision_type=2 2 2 2 2 2 2 2 2 2 2 2 2 2 2 2 2 2 2 2 2 2 2 2 2 2 2 2 2 2
left_child=13 2 4 6 8 27 10 11 12 21 19 -5 -2 -1 -14 16 -13 23 -19 20 -4 -8 -9 -17 25 -18 -6 28 29 -3
right_child=1 5 3 7 26 -7 9 22 -10 -11 -12 15 14 -15 -16 17 24 18 -20 -21 -22 -23 -24 -25 -26 -27 -28 -29 -30 -31
leaf_value=-0.048252444413103689 -0.048563390617733695 -0.021321252138319435 0.030030892252002318 -0.02520958326894724 0.032038941779386473 0.030225276671793429 -0.025420669855263523 0.045283202894131097 0.043488909701156764 0.020770785382009698 0.037805581440950989 -0.010594595873874455 -0.02248555859058133 -0.012358130352459702 0.0064819978453306741 0.05384160078731947 0.015265222756789362 -0.0032353890819704443 -0.027998899697235697 0.023692368591085505 0.0012996224264115285 0.00066906881836434318 -0.03850998723646383 4.8276416889557736e-05 0.004176068336017239 0.059868705932842395 -0.0039513494550448931 0.003766258092330721 0.017457654570783628 0.010648972507549204
leaf_weight=112.50686869385618 19.82050751697534 25.777150480076671 26.431302275988855 30.05492674767811 10.025348778639453 87.780362444929779 22.22120209377681 1.9622064093200631 4.2102662936376865 38.65448506091343 29.416708023105457 29.272182732962392 184.37187245614314 12.406188549431134 18.764529271486026 6.6755868732907429 15.372370296339797 68.962900183301826 37.459837016156598 73.552391125596841 109.58435699476831 152.14627626180663 24.734720376527548 12.079685211097965 24.092151839235157 12.304208626614125 179.16606305986352 219.42755788983777 260.11347568419296 88.472252271370962
leaf_count=754698 46803 218 1147 10125 1176 413 2020 213 64 381 273 4325 91881 82140 9701 503 898 7568 6999 1640 5883 9925 6711 960 1293 286 22362 1367 1552 525
internal_value=0 0.00307906 -0.00250241 0.00329969 -0.0124659 0.0123437 0.00913863 -0.00673655 -0.0211453 0.00159515 0.0158626 -0.00384231 -0.0223659 -0.0446875 -0.0198097 -0.000728184 0.00939998 -0.00728521 -0.0119519 0.0127825 0.00688284 -0.00265578 -0.0323512 0.019195 0.0207057 0.0350946 -0.00204421 0.00970027 0.0131784 0.00343579
internal_weight=0 1812.91 1131.34 714.977 416.359 681.571 452.007 262.971 227.167 213.022 238.985 236.274 222.957 124.913 203.136 206.219 81.0409 125.178 106.423 209.568 136.016 174.367 26.6969 18.7553 51.7687 27.6766 189.191 593.79 374.363 114.249
internal_count=1074050 237212 233137 61150 171987 4075 21269 39881 148449 12326 8943 32957 148385 836838 101582 22832 6802 16030 14567 8670 7030 11945 6924 1463 2477 1184 23538 3662 2295 743
is_linear=0
shrinkage=0.05


Tree=85
num_leaves=31
num_cat=0
split_feature=0 0 136 40 200 40 130 139 69 43 96 62 40 40 0 101 85 107 3 130 201 40 2 169 40 164 36 118 201 2
split_gain=101.325 33.842 23.3893 14.2919 11.8151 11.4242 8.63349 8.59371 7.87878 7.4325 7.87131 6.86956 12.8579 9.27271 6.48346 6.27637 6.13877 7.20846 6.9213 6.32462 6.13981 6.35149 6.01696 5.92767 7.83809 5.48179 5.43003 8.39018 5.42942 10.778
threshold=0.012339227772512141 0.86620967868038068 10.550000000000002 98.500000000000014 2.5000000000000004 1.0000000180025095e-35 2.8259265000000005 0.055486000000000001 6.5000000000000009 33.500000000000007 0.0181405 17.500000000000004 11.500000000000002 12.500000000000002 0.15548050853772452 1.0000000180025095e-35 7.083333333335001 52.500000000000007 994244.00000000012 0.38110500000000008 94.500000000000014 3860.0000000000005 2463.5000000000005 6.5000000000000009 1.0000000180025095e-35 1.0000000180025095e-35 1679.5000000000002 12.500000000000002 82.500000000000014 877998.50000000012
decision_type=2 2 2 2 2 2 2 2 2 2 2 2 2 2 2 2 2 2 2 2 2 2 2 2 2 2 2 2 2 2
left_child=7 2 3 6 14 9 23 -1 28 -3 -11 -9 -13 -14 -4 -5 22 18 20 -19 21 -18 -7 24 -2 -12 27 -16 29 -6
right_child=1 5 4 15 8 16 -8 11 -10 10 25 12 13 -15 26 -17 17 19 -20 -21 -22 -23 -24 -25 -26 -27 -28 -29 -30 -31
leaf_value=-0.047934390336047787 -0.0048607561555891864 0.0061149003880934735 -0.047191177279029023 0.036488699207823369 -0.0046562050445613399 0.02910182814648592 0.01924093419750739 -0.028721335800257371 -0.018933309387572018 -0.058266496842069151 0.066223066238285416 0.035495630808629178 1.9814345910530315 -0.050971206269310343 -0.027353445617355001 -0.026488630739357772 -0.031117902917575314 -0.030726844602184486 -0.062044744990416838 0.028472338272002514 0.024975179075757636 0.061065165743230877 0.014240287033409347 -0.010164403277228314 0.025671045633633177 -0.012761015648508962 -0.036330687298243722 0.016406400676267304 0.0016825303282513402 -0.051982746656925941
leaf_weight=111.10546336967855 55.636488356834889 586.34390907877241 28.396336244966733 44.029886092190281 58.759213740984706 98.833804327296093 53.718134622780781 14.013136667742858 108.44522058783514 9.2078068098053354 2.5732139358296999 4.617569728050511 0.014636476034865953 0.0091021841653855518 24.97610714485927 4.3467915899400387 16.838168486719958 5.3536169463186516 5.9685829048976293 28.690380911459215 11.871191669488324 2.1018334347754708 219.06429025088437 125.76070243349022 33.785431698914181 15.015803559683263 27.799011920324119 19.510154193918424 185.45058097282345 15.127092169273963
leaf_count=735075 12296 5249 58441 1471 9544 576 3164 115143 30723 123 11 12158 11 99 5885 478 232 258 61 288 101 13 1250 29436 3393 139 17456 1926 25919 3131
internal_value=0 0.00309678 -0.00467154 0.00581078 -0.0117709 0.00918931 0.00130969 -0.0426619 -0.00761631 0.00493805 -0.0208128 -0.0112593 0.0414626 1.20214 -0.0269474 0.03083 0.0158949 0.00258287 -0.0127639 0.0191629 -0.00321748 -0.020888 0.0188607 -0.00316666 0.00667478 -0.00120591 -0.0189949 -0.00816187 -0.00288396 -0.0143456
internal_weight=0 1787.6 785.741 317.277 468.464 1001.86 268.901 129.76 367.782 613.141 26.7968 18.6544 4.64131 0.0237387 100.682 48.3767 388.722 70.8238 36.7798 34.044 30.8112 18.94 317.898 215.183 89.4219 17.589 72.2853 44.4863 259.337 73.8863
internal_count=1074050 211564 203263 50238 153025 8301 48289 862486 69317 5522 273 127411 12268 110 83708 1949 2779 953 407 546 346 245 1826 45125 15689 150 25267 7811 38594 12675
is_linear=0
shrinkage=0.05


Tree=86
num_leaves=31
num_cat=0
split_feature=0 148 139 40 105 3 101 57 112 70 180 102 143 54 161 201 85 179 189 68 70 159 72 161 168 169 107 159 159 158
split_gain=95.6545 35.1029 18.1331 17.1417 9.84359 10.1321 9.57624 7.94633 8.64127 7.89144 7.31651 8.10928 8.092 7.17302 7.12416 7.26643 6.59471 6.00098 5.84716 5.72456 5.50969 5.44103 5.36903 5.26217 5.80188 5.16778 6.66043 4.96663 4.84657 4.94011
threshold=0.0083575017706393109 2.5000000000000004 0.054287500000000009 2.5000000000000004 8.2916666666650016 68784.500000000015 4.5000000000000009 2.5000000000000004 0.16290550000000001 36.583333333350005 1.4142857142850003 1542.5000000000002 12.500000000000002 12.500000000000002 10.500000000000002 95.500000000000014 81.125000000000014 0.098072500000000021 0.59493900000000011 0.062324500000000012 3.0833333333350006 119.50000000000001 73.500000000000014 1.5000000000000002 11.500000000000002 4.5000000000000009 2.5000000000000004 1.5000000000000002 118.50000000000001 2.5000000000000004
decision_type=2 2 2 2 2 2 2 2 2 2 2 2 2 2 2 2 2 2 2 2 2 2 2 2 2 2 2 2 2 2
left_child=18 2 6 4 5 13 9 8 -5 -2 21 12 -12 14 15 -3 19 -11 -1 -6 -14 -8 -7 -4 27 -10 -27 -25 -20 -30
right_child=1 3 23 7 16 22 10 -9 25 17 11 -13 20 -15 -16 -17 -18 -19 28 -21 -22 -23 -24 24 -26 26 -28 -29 29 -31
leaf_value=-0.049101297800768336 0.020411484864806227 0.030918522051299243 -0.033136667105801369 -0.015814799270652574 0.0075934115347347023 -0.01294567517845578 -0.031630594767953844 0.003000672911245362 0.034462655331404156 -0.020512961516657879 -0.048441777368775404 -0.049834147033810006 -0.052464418329124796 -0.053617934521514601 -0.0017877945100480204 -0.036359176676932697 -0.022929608244627933 0.065822614404681776 -0.029606637633078421 0.061188355623003669 0.0065219051961423018 -0.0067209090336081316 0.06095819602920808 0.047962093496286322 -0.0091284314984556858 -0.072502275343017869 0.019294483979828039 0.007313376796822201 0.030732274248377402 0.4761668294846918
leaf_weight=96.804038429120737 29.04836702450757 43.199278088857682 9.779688065971639 15.767516435676951 576.27024827621426 167.16697362418836 124.85706109868488 87.214980452165946 65.909507638385548 31.898859219908445 8.7305474689865132 10.638041739877734 4.2282070488690797 4.5515671895518599 54.64484320190968 4.4245233752008053 17.693578698110286 2.148266346564923 15.037238960707329 5.0258032828569403 62.133772063672041 26.591042860085508 2.4942103460452918 7.9137593698324045 58.132123510673409 1.9948103459355468 209.59636904213767 149.00306319854826 2.908949008942272 0.063606643770981353
leaf_count=697619 4035 1980 1091 347 23264 19481 85636 6902 537 24008 5679 12324 448 505 3444 252 5733 198 122621 25 12436 12901 56 228 8386 48 2713 8664 12241 248
internal_value=0 0.00285152 -0.00800441 0.00739028 0.00353943 -0.0042643 -0.0160443 0.0162509 0.0201914 0.00126768 -0.0206497 -0.00897767 -0.00318971 0.00779858 0.010532 0.024668 0.00714148 -0.0150655 -0.0442344 0.00805679 0.00276363 -0.027257 -0.0118592 0.00273344 0.00436468 0.0222372 0.0184291 0.00936341 -0.0180744 0.0402637
internal_weight=0 1781.06 525.103 1255.95 875.471 276.481 300.274 380.483 293.268 63.0955 237.179 85.7306 75.0925 106.82 102.269 47.6238 598.99 34.0471 114.814 581.296 66.362 151.448 169.661 224.829 215.049 277.501 211.591 156.917 18.0098 2.97256
internal_count=1074050 241321 176034 65287 54740 25718 157665 10547 3645 28241 129424 30887 18563 6181 5676 2232 29022 24206 832729 23289 12884 98537 19537 18369 17278 3298 2761 8892 135110 12489
is_linear=0
shrinkage=0.05


Tree=87
num_leaves=31
num_cat=0
split_feature=0 148 0 40 2 46 148 163 96 150 36 2 168 102 149 168 182 2 145 128 68 161 81 59 139 169 185 172 93 172
split_gain=90.8836 32.909 16.8766 15.8986 11.791 10.3168 11.7949 9.21257 8.74475 8.64061 8.58066 8.2034 8.51826 7.85152 7.36714 7.6397 8.47892 8.05004 7.31611 7.24806 7.47455 6.78777 6.6107 6.23498 6.21889 6.22222 6.03967 6.40349 6.0147 5.64631
threshold=0.0083575017706393109 2.5000000000000004 0.7740980979447657 1.0000000180025095e-35 5746.0000000000009 1.0000000180025095e-35 11.500000000000002 25.500000000000004 0.021953500000000004 0.084929500000000005 104.50000000000001 728670.50000000012 8.5000000000000018 1773.5000000000002 1.0000000180025095e-35 10.500000000000002 0.028577875000000006 175.00000000000003 10.000000000000002 0.53571428571450019 0.10448700000000001 11.500000000000002 0.11929650000000001 0.029483500000000003 0.054287500000000009 5.5000000000000009 0.0030910000000000004 0.044816500000000009 0.047882500000000008 0.012067000000000003
decision_type=2 2 2 2 2 2 2 2 2 2 2 2 2 2 2 2 2 2 2 2 2 2 2 2 2 2 2 2 2 2
left_child=28 2 18 4 14 6 -6 9 -9 22 -4 12 19 21 15 17 -17 -3 26 20 -5 -14 -7 -8 -12 -26 27 -2 -1 -20
right_child=1 3 10 11 5 7 23 8 -10 -11 24 -13 13 -15 -16 16 -18 -19 29 -21 -22 -23 -24 -25 25 -27 -28 -29 -30 -31
leaf_value=-0.047779223921146884 -0.025409588162511404 -0.026579375179324589 0.035633548012107434 0.014150579734418337 -0.0096541505501588146 -0.0066043972806581856 0.0027476730978560453 0.047954352781695263 -0.0022893711339967804 0.07396212268318092 -0.010009962775452713 -0.00086224500534932611 0.017397005610071029 -0.044362111623998675 0.018788248287081245 0.041827495233715282 -0.022863211215023268 0.02523498912408019 -0.042814706362037366 0.036610007868935791 0.045245058169615278 -0.0049132680874230906 -0.082716095458724839 0.029923528040577876 0.023165636530939459 -0.00076328001362667907 -0.029585893231026335 0.040652039492430368 -0.0069552391580699402 -0.0055457993510329056
leaf_weight=100.07199988006869 8.1264166579749126 9.3993253462449484 16.820756722008809 180.69624743039822 314.2938379574025 10.374801824204043 109.29977111606786 26.583241176653246 12.844523298957027 2.4569969214935545 111.49475544739835 78.695568446355537 102.0011220269771 6.9590515070904067 143.77185209914569 5.8369881461076139 38.308083729118152 37.021339752391214 11.100220210380938 65.52390130902495 21.641424287110567 51.207889445693581 3.9349196121620471 26.157157953462956 37.784681728342548 96.676296545949299 110.67334084705817 6.6865255419525047 9.9164837011667242 120.33249431801778
leaf_count=781913 6946 264 152 4176 31744 671 5243 2039 958 78 3255 3112 4311 1892 2896 136 2466 867 12352 352 84 3088 132 778 309 1166 115855 2048 50816 33951
internal_value=0 0.00274541 -0.00782533 0.00715081 0.00247989 -0.00181463 -0.00433842 0.0183844 0.0315863 -0.0126605 0.00108396 0.0139746 0.0167025 0.00758077 0.011752 0.000581961 -0.0143096 0.0147435 -0.0169378 0.0221568 0.0174764 0.00994012 -0.0275338 0.00799542 -0.00127886 0.00596095 -0.0255728 0.00441047 -0.0440986 -0.00869336
internal_weight=0 1766.7 519.695 1247.01 740.283 505.945 449.751 56.1945 39.4278 16.7667 262.776 506.725 428.03 160.168 234.338 90.5657 44.1451 46.4207 256.919 267.862 202.338 153.209 14.3097 135.457 245.956 134.461 125.486 14.8129 109.988 131.433
internal_count=1074050 241321 176034 65287 48272 41643 37765 3878 2997 881 4882 17015 13903 9291 6629 3733 2602 1131 171152 4612 4260 7399 803 6021 4730 1475 124849 8994 832729 46303
is_linear=0
shrinkage=0.05


Tree=88
num_leaves=31
num_cat=0
split_feature=0 142 0 44 2 168 40 0 81 151 189 107 200 159 129 42 201 173 182 118 145 152 159 104 189 93 168 172 148 110
split_gain=86.2007 32.8842 16.9195 15.719 10.7104 14.2556 9.60781 11.2133 9.24449 9.80668 8.02156 7.99173 7.63642 7.52494 7.42687 7.68693 7.15124 7.03833 7.14669 6.78406 6.5318 6.03033 7.35533 7.76347 5.94542 5.81401 5.66029 5.43072 5.24218 6.04708
threshold=0.0083575017706393109 0.073895500000000017 0.53809039466125175 1.0000000180025095e-35 182686.50000000003 12.500000000000002 1.0000000180025095e-35 0.94875966535953815 0.14259800000000003 310.50000000000006 0.59951250000000011 94.500000000000014 2.5000000000000004 119.50000000000001 3.5000000000000004 1.0000000180025095e-35 93.500000000000014 0.088266166666650006 0.054025700000000003 13.500000000000002 154.00000000000003 4.5000000000000009 23.500000000000004 0.055555000000000007 0.65861650000000005 0.047882500000000008 32.500000000000007 0.066182500000000019 25.500000000000004 0.19023550000000003
decision_type=2 2 2 2 2 2 2 2 2 2 2 2 2 2 2 2 2 2 2 2 2 2 2 2 2 2 2 2 2 2
left_child=25 2 10 6 5 8 7 13 9 21 12 17 -2 20 15 24 -10 19 -19 -6 -3 -4 23 -23 26 -1 -7 -9 29 -8
right_child=1 3 4 -5 11 14 28 27 16 -11 -12 -13 -14 -15 -16 -17 -18 18 -20 -21 -22 22 -24 -25 -26 -27 -28 -29 -30 -31
leaf_value=-0.047648527410400154 -0.036312237505895385 -0.0078874064046269791 0.038712541788385818 0.039797014528194459 -0.045277479312159946 -0.024942719089209645 0.011565986536574285 0.014367217818347117 -0.0020838128869618217 -0.034038919628104111 0.00030665778679420607 -0.052907341797673896 -0.014463175220883952 0.016034781155000101 0.034416160501558921 0.073732031315796712 -0.061145285186839253 0.040415381017896213 -0.0082769533090665069 -0.0093571744957523517 0.039427381595159988 -0.029467022206662669 0.0169346399767571 0.030181640915257754 0.062067578947001469 -0.0072118335083597987 0.059147498365830255 0.00074153750973800713 0.028507192328574984 -0.069112171303453304
leaf_weight=95.690166265550033 61.744416431340596 263.72463546178915 25.775861082103802 37.860684789920924 16.544062627537642 72.949334290482511 333.21968375209781 214.95614718366414 19.699843896494716 10.244922976235101 51.372651677680551 11.367211495051377 113.5111121723985 42.560760931326513 7.4969087429926722 2.2365952581167212 6.927527797757647 12.544749393375243 18.872539708856493 63.972236262270599 7.5017082951453622 18.321663489841743 159.13182214779226 7.7677108733914784 2.1305114867864168 9.7995727139632418 2.0576347805035757 110.83233483857475 49.025572272958016 2.3388981430325648
leaf_count=781913 103290 30162 420 184 872 5053 6070 1183 259 536 14833 1797 66639 1544 90 4 94 430 659 1590 181 1479 2676 78 16 50816 37 796 320 29
internal_value=0 0.00265083 -0.00589358 0.00815928 -0.000364805 0.00427553 0.00698971 0.00323438 0.010384 0.0137339 -0.0170678 -0.0129625 -0.0221608 -0.00351155 -0.0131539 -0.0176469 -0.0174496 -0.00890599 0.0111656 -0.0167379 -0.00657875 0.0160535 0.0129002 -0.0117075 -0.0202964 -0.0438921 -0.0226359 0.0097318 0.0132349 0.0110036
internal_weight=0 1746.69 684.669 1062.02 458.041 334.74 1024.16 639.576 247.869 221.242 226.628 123.301 175.256 313.787 86.871 79.3741 26.6274 111.934 31.4173 80.5163 271.226 210.997 185.221 26.0894 77.1375 105.49 75.007 325.788 384.584 335.559
internal_count=1074050 241321 200852 40469 16090 10742 40285 33866 5542 5189 184762 5348 169929 31887 5200 5110 353 3551 1089 2462 30343 4653 4233 1557 5106 832729 5090 1979 6419 6099
is_linear=0
shrinkage=0.05


Tree=89
num_leaves=31
num_cat=0
split_feature=0 148 40 142 2 101 2 168 46 159 163 127 161 143 0 104 183 121 102 59 72 70 136 3 59 189 98 175 189 96
split_gain=81.731 33.1498 14.8382 14.1107 10.363 8.43624 7.4893 8.03176 7.31334 8.76979 9.54383 7.25288 7.02193 6.94425 6.97462 8.05296 7.73518 6.551 6.44316 6.32771 6.02244 5.88509 5.85122 6.52875 5.69946 5.68716 5.59971 5.46195 5.42324 5.41572
threshold=0.0083575017706393109 2.5000000000000004 1.0000000180025095e-35 0.048431000000000009 25349.500000000004 4.5000000000000009 728670.50000000012 8.5000000000000018 1.0000000180025095e-35 119.50000000000001 42.500000000000007 1.0000000180025095e-35 1.5000000000000002 16.500000000000004 0.94875966535953815 0.081664500000000015 2.5000000000000004 5.5000000000000009 1773.5000000000002 0.074174000000000018 32.500000000000007 36.583333333350005 4.9000000000000012 87120.000000000015 0.045602500000000004 0.59493900000000011 6.5000000000000009 2.1833333333350002 0.53370050000000002 0.10371350000000001
decision_type=2 2 2 2 2 2 2 2 2 2 2 2 2 2 2 2 2 2 2 2 2 2 2 2 2 2 2 2 2 2
left_child=25 3 4 5 11 21 7 22 9 10 13 -3 -5 29 -15 16 -16 -13 20 26 -9 -2 -4 -24 -14 -1 27 -12 -7 -6
right_child=1 2 6 12 8 28 -8 18 -10 -11 19 17 24 14 15 -17 -18 -19 -20 -21 -22 -23 23 -25 -26 -27 -28 -29 -30 -31
leaf_value=-0.048841830704262776 0.019752935186418862 -0.053190807380562359 0.030052805034170384 -0.039026029613123632 -0.029462425367311387 -0.047914208448071448 -0.00049789031085325055 0.011674842598970512 0.015363652910515117 0.015029982291773389 -0.025791021020443301 -0.05278888985792151 -0.0008244029607503364 -0.0046715154706607536 0.023818073655353548 0.044858086005416277 -0.038625727664919729 0.010143379939171845 -0.041240350651819906 0.037642139052910563 -0.036245303573302828 -0.013890981929606097 0.02687137074736199 0.0055971362783265024 0.024213992003214137 -0.016611870840104636 -0.050227962815432486 -0.0063000786554761367 -0.018816887041743113 0.058857681901766969
leaf_weight=84.986069041781775 23.475220123558302 4.6923064547117965 116.14735168054267 11.042739735363282 22.053810248090489 17.587126742783767 78.623759379290277 144.06482751049589 45.396187156135056 42.722428704455524 72.268774273892632 4.1854311895367564 223.66896733873727 51.668610040404019 13.70710736140609 20.830053845071234 7.7711378298699847 344.83070132104876 6.5286895235494731 5.1000080761878044 6.8691887566747019 29.123810620316362 64.728880360378753 81.432081526736511 25.298677549293643 16.314772680495025 13.113395796546682 71.509775450260349 179.00056766278976 1.8839845078764472
leaf_count=697619 3314 594 1230 1387 3066 44157 3112 6817 3236 1836 12881 716 20806 5166 76 108 48 12837 1892 169 582 23641 1484 1898 2679 135110 1104 6399 80050 36
internal_value=0 0.00255701 0.00702912 -0.00815897 0.00244711 -0.0166612 0.0136644 0.016317 -0.00342654 -0.00607045 -0.00929103 0.00855851 -1.06368e-05 0.00153047 0.0076544 0.0227073 0.00122501 0.00938869 0.0073904 -0.0171681 0.00949394 0.00112447 0.0216756 0.0150186 0.00171986 -0.0436511 -0.0189497 -0.016097 -0.02142 -0.0225113
internal_weight=0 1729.33 1220.13 509.197 721.734 249.187 498.395 419.771 368.025 322.629 279.907 353.708 260.01 117.915 93.9769 42.3083 21.4782 349.016 157.463 161.992 150.934 52.599 262.308 146.161 248.968 101.301 156.892 143.779 196.588 23.9378
internal_count=1074050 241321 65287 176034 48272 151162 17015 13903 34125 30889 29053 14147 24872 8500 5398 232 124 13553 9291 20553 7399 26955 4612 3382 23485 832729 20384 19280 124207 3102
is_linear=0
shrinkage=0.05


Tree=90
num_leaves=31
num_cat=0
split_feature=0 148 0 40 0 168 36 2 55 188 153 91 3 178 159 118 177 77 189 54 93 186 185 138 105 90 57 46 196 36
split_gain=77.7521 31.4857 14.9864 14.2084 10.5452 10.9904 7.43958 7.07972 6.75214 6.20223 6.0741 6.03747 7.95459 8.40481 8.86354 6.42513 5.88534 7.3462 5.8589 5.68629 5.60868 5.56494 6.82993 5.53851 5.44037 5.5546 5.33246 5.8058 5.21597 5.18207
threshold=0.0083575017706393109 2.5000000000000004 0.7740980979447657 172.50000000000003 0.94875966535953815 9.5000000000000018 155.50000000000003 1288875.0000000002 1.0000000180025095e-35 621.50000000000011 1.5000000000000002 1.5000000000000002 542262.50000000012 5.5000000000000009 129.50000000000003 10.500000000000002 50.000000000000007 0.10372100000000002 0.59134650000000011 2.5000000000000004 0.047882500000000008 0.11173500000000001 0.043300500000000006 0.11531050000000002 6.2916666666650007 1341.5000000000002 1.5000000000000002 1.0000000180025095e-35 0.019635300000000005 140.50000000000003
decision_type=2 2 2 2 2 2 2 2 2 2 2 2 2 2 2 2 2 2 2 2 2 2 2 2 2 2 2 2 2 2
left_child=20 2 8 4 5 16 19 21 9 -2 18 12 -5 14 15 -14 17 -3 -10 -4 -1 -7 28 -17 -6 -26 -18 -28 -23 -9
right_child=1 3 6 11 24 7 -8 29 10 -11 -12 -13 13 -15 -16 23 26 -19 -20 -21 -22 22 -24 -25 25 -27 27 -29 -30 -31
leaf_value=-0.047378517927972263 -0.022696434586621031 -0.018265495635785729 0.038565568976777709 0.028785877582922354 -0.0010454075097866807 -0.013834377859036706 -0.0023287683212467858 0.047080608543586783 -0.02749155373352187 0.010694140170387044 0.037656120691556438 0.045285676080764753 -0.052738403084282959 -0.051592321821444721 -0.078564118743866831 0.039616713470857289 0.014798451718026163 0.047681070936391637 0.019153650504924138 -0.022650916701942206 -0.0069536673951711599 -0.013591379521922601 -0.0089262877431302672 -0.043308826185653806 0.013923782294949328 -0.020978262916043926 -0.00085278031958087178 0.038641804817465042 0.021812457050337752 -0.039030625543917508
leaf_weight=87.98079866198259 194.78995112215671 38.506458601478698 19.623561733402315 56.697510672647695 84.135056797589641 93.881849875167973 232.63981967985455 1.8888622846716341 16.871988441050238 14.976475878793279 9.346510818024397 25.117207693867385 2.6338082948641448 6.8255323565390418 2.4942044976305615 17.913102447233545 166.15256679904087 4.7431519187812219 11.201314225560052 4.7024638415314248 9.5075526113687356 13.258088260448856 66.43174366866424 2.2685154369901275 396.04233049345203 11.737480934709309 139.48804090491194 9.9703454827013029 48.31619787960517 23.282701997357435
leaf_count=781913 152792 4934 175 901 752 18968 4617 214 15143 2294 237 92 119 299 30 311 4449 148 686 90 50816 1150 9613 23 2180 83 9864 825 3498 6834
internal_value=0 0.00246775 -0.0080327 0.00683637 0.00509208 0.000676728 0.000422291 -0.00743908 -0.0168222 -0.0203125 0.00274353 0.0236415 0.0175217 -0.00235229 0.0109268 0.0207101 0.0062641 -0.0110332 -0.00888001 0.0267318 -0.0434361 -0.00458829 0.00219295 0.0302955 0.0105307 0.0129192 0.00863443 0.0017819 0.0141894 -0.0325689
internal_weight=0 1715.94 504.152 1211.78 1097.83 605.92 256.966 247.059 247.186 209.766 37.4198 113.95 88.8327 32.1352 25.3096 22.8154 358.861 43.2496 28.0733 24.326 97.4884 221.888 128.006 20.1816 491.915 407.78 315.611 149.458 61.5743 25.1716
internal_count=1074050 241321 176034 65287 63512 60497 4882 40277 171152 155086 16066 1775 1683 782 483 453 20220 5082 15829 265 832729 33229 14261 334 3015 2263 15138 10689 4648 7048
is_linear=0
shrinkage=0.05


Tree=91
num_leaves=31
num_cat=0
split_feature=0 136 44 139 169 200 40 135 140 188 130 159 0 3 124 133 151 202 110 3 201 140 90 189 159 148 77 150 36 177
split_gain=73.8445 29.6308 16.5827 15.8709 10.8928 12.4118 9.82798 8.7443 7.97048 7.84269 7.33887 7.18435 8.95905 7.08582 9.42453 6.50018 6.26115 6.6455 8.20036 6.17617 6.44208 5.92893 5.77492 5.55466 5.55158 5.50896 5.31425 7.02369 5.84741 5.21172
threshold=0.0083575017706393109 15.708333333350001 1.0000000180025095e-35 0.023358 6.5000000000000009 6.5000000000000009 1.0000000180025095e-35 1.5000000000000002 27.828571428550003 584.50000000000011 0.84649150000000006 17.500000000000004 0.11665055024126079 272900.50000000006 0.037719000000000009 0.90921550000000007 46.500000000000007 0.12995700000000002 0.033466000000000003 65683.000000000015 83.500000000000014 25.535714285700003 1890.5000000000002 0.60515800000000008 117.50000000000001 8.5000000000000018 0.031041000000000003 0.10990450000000002 1373.5000000000002 50.000000000000007
decision_type=2 2 2 2 2 2 2 2 2 2 2 2 2 2 2 2 2 2 2 2 2 2 2 2 2 2 2 2 2 2
left_child=23 2 4 11 6 9 19 10 21 -6 16 -3 -13 24 15 -15 -5 18 -18 -2 25 22 26 -1 -12 -21 28 -28 -7 -14
right_child=1 3 -4 7 5 8 -8 -9 -10 -11 13 12 29 14 -16 -17 17 -19 -20 20 -22 -23 -24 -25 -26 -27 27 -29 -30 -31
leaf_value=-0.04755121742314259 0.017636177343397709 -0.040281976365638419 0.03737128840559012 -0.038786862776525544 -0.018945496502440137 -0.0014732211729336182 0.02104913981345026 0.010891245630405024 0.020094100099609682 -0.00097215676940950286 0.001825136428690034 -0.041079532132438423 -0.049807567975600882 0.051067921810400124 -0.033312217767818793 -0.0043581614969589993 -0.0029360937105346839 0.010503716845068695 -0.037421468136183321 -0.023754701016433014 0.0074785962345533599 -0.031854166335586298 -0.080370901544801282 -0.0091283435177990438 0.030200641892988014 0.0062193722397333139 0.024384059705762195 -0.076803056909600945 0.021821477230701606 -0.0034096667951531642
leaf_weight=83.125450782226835 77.436790291645593 38.138538611341119 42.491416910386761 23.865504488399893 78.642174982052438 168.64970668972182 172.48472832565631 95.311906409449875 101.14388798410255 265.94329134429427 53.887102219061489 25.309953385301469 6.5739074980792784 6.3657059387114705 27.949459228111664 31.296556463976231 38.324246295970624 27.703913590048614 31.332155929465443 39.054046803746132 125.34146008667176 11.300650972547372 1.9577746803697653 10.606488381518828 25.344447104889696 25.233656096370396 46.807982711148725 1.7801855283323664 32.060743685361558 76.286615042129597
leaf_count=751004 3323 30677 711 6393 22101 8310 6852 4048 1968 24059 3191 63807 3521 278 2582 2763 7818 2862 7475 6832 10727 381 88 81725 692 1023 1440 39 1018 16342
internal_value=0 0.00238486 0.00669842 -0.00772871 0.00556295 0.00172588 0.011746 -0.00210367 0.00816845 -0.00507408 -0.00675875 -0.0216224 -0.0150435 0.000838143 -0.0113146 0.00501 -0.0158357 -0.0102098 -0.018448 0.00573749 0.000878549 0.00357438 0.00516783 -0.0432034 0.0109018 -0.0119895 0.00583958 0.0206767 0.00224779 -0.00709074
internal_weight=0 1698.02 1190.33 507.69 1147.84 708.286 439.551 361.381 363.701 344.585 266.069 146.309 108.17 144.843 65.6117 37.6623 121.226 97.3603 69.6564 267.066 189.629 262.557 251.256 93.7319 79.2315 64.2877 249.299 48.5882 200.71 82.8605
internal_count=1074050 241321 88872 152449 88161 59404 28757 38102 13244 46160 34054 114347 83670 9506 5623 3041 24548 18155 15293 21905 18582 11276 10895 832729 3883 7855 10807 1479 9328 19863
is_linear=0
shrinkage=0.05


Tree=92
num_leaves=31
num_cat=0
split_feature=0 0 148 159 189 175 40 3 139 189 159 40 40 111 74 74 81 169 145 64 2 113 196 132 103 95 44 81 36 43
split_gain=71.9156 28.0466 13.7686 12.113 10.9417 9.66722 9.53327 9.1395 9.13198 8.0484 7.87426 6.92036 6.79134 6.71428 6.35253 6.26233 6.08876 5.94081 6.52888 6.52555 5.75815 5.50391 5.58788 7.50648 5.43192 4.93385 4.85101 4.90272 7.59051 6.14468
threshold=0.37969951586789719 0.0019437620776660012 5.5000000000000009 119.50000000000001 0.57048050000000006 1.7750000000000001 7.5000000000000009 68784.500000000015 0.048805500000000009 0.54336150000000016 118.50000000000001 3860.0000000000005 54.500000000000007 0.073058500000000012 1.0000000180025095e-35 2.5000000000000004 0.087588500000000014 10.500000000000002 6.0000000000000009 29.500000000000004 8.9884656743000007e+307 0.10718500000000002 0.011061625000000002 0.026704000000000002 1.5000000000000002 1825.5000000000002 1.0000000180025095e-35 0.31096600000000002 1113.5000000000002 5.5000000000000009
decision_type=2 2 2 2 2 2 2 2 2 2 2 2 2 2 2 2 2 2 2 2 2 2 2 2 2 2 2 2 2 2
left_child=1 -1 4 9 5 -2 17 10 16 -3 15 24 21 -9 20 -6 -5 26 19 -19 -8 22 23 -11 25 -7 27 -4 29 -29
right_child=2 3 6 8 7 11 14 13 -10 12 -12 -13 -14 -15 -16 -17 -18 18 -20 -21 -22 -23 -24 -25 -26 -27 -28 28 -30 -31
leaf_value=-0.047075195096429365 -0.04102090305209543 -0.050216264255631637 0.011250033936046865 -0.030976880441738887 0.010201811992904757 -0.0081859422061727211 0.025394852292010425 -0.0029819608347539852 0.028471189167310153 -0.00047377668085840028 0.0300821785355131 0.051405486224636532 0.021396428350143094 0.02559062484430747 -0.023964445168258196 -0.024332940306440471 0.033966059215883575 -0.077568166272326503 0.00018462050530755644 0.050738393312342506 -0.0091734094947983798 0.0037604655424231925 -0.023581525460644844 0.5459892039544022 0.035836005050827187 -0.045823304468143582 0.060371805951755723 -0.039278342258641311 0.01392509381181526 0.017337647714394822
leaf_weight=74.643843709856355 24.142884953551402 17.220547958551833 361.24997443695611 15.309845287826194 115.41853476113465 99.906843213771936 146.59358830196288 337.53969994382351 28.236068213481758 27.618726944302583 47.359318548697047 4.9706902789257574 12.284325840795644 21.894509861012921 7.6924129200342568 14.811492196808102 4.7224164978151739 5.0036377269716459 132.0128262170183 1.2356965209764892 13.125294632394796 28.175603458837941 158.1645902788282 0.062986014840133886 6.4254988899629089 9.538736270142179 4.6856630155234589 18.757758622406985 25.386831252835691 6.4371370971202841
leaf_count=697189 2627 83055 4561 34123 2755 9035 885 8775 4592 23181 462 117 6982 238 96 685 1302 143 2409 24 116 9667 175712 13 79 4718 31 228 172 78
internal_value=0 -0.0197256 0.00514761 -0.0127293 5.2786e-05 -0.0121358 0.00995903 0.00334344 0.0101529 -0.0172647 0.0126232 -0.00636488 -0.0147573 -0.0012415 0.0204166 0.00627406 -0.0156672 0.00680327 -0.00217757 -0.0521571 0.0225541 -0.0168324 -0.0199544 0.000769626 -0.00884314 -0.0114662 0.00978423 0.00920866 -0.00537061 -0.0248133
internal_weight=0 366.439 1404.19 291.795 682.008 144.985 722.181 537.024 48.2683 243.527 177.589 120.842 226.306 359.434 167.411 130.23 20.0323 554.77 138.252 6.23933 159.719 214.022 185.846 27.6817 115.871 109.446 416.517 411.832 50.5817 25.1949
internal_count=1074050 1035816 38234 338627 29491 16576 8743 12915 40017 298610 3902 13949 215555 9013 1097 3440 35425 7646 2576 167 1001 208573 198906 23194 13832 13753 5070 5039 478 306
is_linear=0
shrinkage=0.05


Tree=93
num_leaves=31
num_cat=0
split_feature=0 0 0 101 101 68 159 133 189 200 135 3 151 163 95 143 187 143 201 140 3 3 173 113 168 40 163 176 175 2
split_gain=67.4877 27.0556 14.0927 11.9587 11.3915 8.82037 8.72669 7.46458 7.58526 7.27006 6.62727 6.34044 6.29869 5.96077 6.03318 10.178 6.59949 6.2368 9.17371 9.63177 7.05135 6.17653 5.98894 5.72462 6.24387 5.45996 5.42754 5.35871 5.30561 5.79125
threshold=0.37969951586789719 0.0019437620776660012 0.94875966535953815 6.5000000000000009 1.5000000000000002 0.096819500000000017 119.50000000000001 0.45109800000000005 0.55899450000000017 2.5000000000000004 3.5000000000000004 43454.500000000007 303.50000000000006 121.50000000000001 441.50000000000006 153.50000000000003 0.063912500000000011 26.500000000000004 73.500000000000014 27.828571428550003 15838.500000000002 67315.000000000015 0.12688225 0.12193150000000001 11.500000000000002 1.0000000180025095e-35 89.500000000000014 0.54583333333350015 2.5500000000000003 10859.000000000002
decision_type=2 2 2 2 2 2 2 2 2 2 2 2 2 2 2 2 2 2 2 2 2 2 2 2 2 2 2 2 2 2
left_child=1 -1 4 6 10 13 -3 -6 -9 -5 23 12 -10 14 17 16 27 -4 19 20 -19 22 -18 24 -2 -13 -22 -16 -27 -30
right_child=2 3 5 9 7 -7 -8 8 11 -11 -12 25 -14 -15 15 -17 21 18 -20 -21 26 -23 -24 -25 -26 28 -28 -29 29 -31
leaf_value=-0.04688508029586072 0.0056908706663435999 -0.0078164063423884801 0.00021079267561734802 -0.037396586860386376 -0.018512823071058008 0.048106783418030014 0.024928244413336773 -0.026386660079374763 0.017861674831729492 -0.01418507119346624 0.041151736680480951 -0.010529613564211235 -0.041139381361171325 0.020371609438011383 0.0046408693681582363 0.032591289154386451 0.013821027592126054 0.035463016570829974 0.015780704943164258 -0.054116072197463588 0.00045159035265072381 0.041386728429616285 -0.086870642493052819 0.017025878969855825 -0.01258796834075461 -0.0029566011494820119 -0.065352764405088373 -0.060064275002291216 -0.062378302079150932 0.030375313246473298
leaf_weight=71.46113970030774 230.88708065180253 114.91665086861076 142.64432460939861 52.370866347047922 87.17486639490744 15.238832665607331 24.72531913450257 28.545424244079186 64.610445896061719 94.796766771554303 13.339981252785945 120.23537970067991 4.8639910699275779 106.08547229034593 4.163987757638103 9.8277437556534988 3.2493966547772271 10.934208922320979 286.75052589399274 9.489847327815367 12.304916106164457 5.545743276248686 2.7069467287510633 81.053527669166215 58.571048539433832 52.407659690128639 4.2041434551065313 13.818820757034699 1.8020225244108612 25.451473718392663
leaf_count=697189 4871 97245 1279 139617 10277 58 9552 6172 1412 92213 84 4107 249 591 30 44 29 52 1596 62 76 37 44 1139 4730 823 38 139 40 255
internal_value=0 -0.0193583 0.00496847 -0.0124998 0.000432042 0.0105322 -0.00201857 -0.00564389 -0.00187825 -0.0224451 0.0065276 0.000718927 0.0137309 0.00959616 0.00733542 -0.0114751 -0.0261631 0.0089212 0.0127598 -0.0106947 0.00432035 0.00341468 -0.0319398 0.00528098 0.0019922 -0.00380342 -0.0163059 -0.0450816 0.00634865 0.0242424
internal_weight=0 358.271 1395.91 286.81 768.943 626.965 139.642 385.091 297.916 147.168 383.852 269.371 69.4744 611.726 505.641 39.3126 29.4849 466.328 323.684 36.9331 27.4433 11.5021 5.95634 370.512 289.458 199.897 16.5091 17.9828 79.6612 27.2535
internal_count=1074050 1035816 38234 338627 34159 4075 106797 23335 13058 231830 10824 6886 1661 4017 3426 323 279 3103 1824 228 166 110 73 10740 9601 5225 114 169 1118 295
is_linear=0
shrinkage=0.05


Tree=94
num_leaves=31
num_cat=0
split_feature=0 0 136 101 44 203 2 111 159 200 161 173 108 159 169 142 112 104 81 109 112 179 82 0 127 185 186 154 154 125
split_gain=63.7029 26.1916 13.5049 11.372 10.5781 10.2801 7.85875 9.19129 7.45378 6.87946 6.56836 10.6596 7.06178 6.29013 6.01981 8.28533 5.99484 6.80482 5.95097 5.68805 5.52884 5.73262 5.26467 5.17928 6.28743 5.58435 6.01845 5.5497 12.7674 6.80057
threshold=0.37969951586789719 0.0019437620776660012 15.708333333350001 6.5000000000000009 1.0000000180025095e-35 3.5000000000000004 105656.50000000001 0.029506500000000001 119.50000000000001 2.5000000000000004 13.500000000000002 0.10836300000000001 0.10251600000000001 67.500000000000014 14.500000000000002 0.20757000000000003 1.1973990000000001 0.19703200000000001 0.052713500000000003 13.500000000000002 0.14183375000000001 0.015617000000000001 3.5000000000000004 0.94875966535953815 0.18333333333350002 0.010348000000000001 0.10989700000000001 2.8591915000000001 1.8898980000000003 12.500000000000002
decision_type=2 2 2 2 2 2 2 2 2 2 2 2 2 2 2 2 2 2 2 2 2 2 2 2 2 2 2 2 2 2
left_child=1 -1 4 8 6 -4 7 10 -3 -5 16 18 13 -13 -8 -16 19 -18 -12 -2 21 -7 -9 -22 25 26 -25 28 29 -26
right_child=2 3 5 9 -6 20 14 22 -10 -11 11 12 -14 -15 15 -17 17 -19 -20 -21 23 -23 -24 24 27 -27 -28 -29 -30 -31
leaf_value=-0.046686899801829551 0.0064595167879447357 -0.0074259811371644837 -0.039548980430904442 -0.036838316113052216 0.033988773191684162 0.0064481390541313091 0.0020149470077909615 0.030290311926500658 0.022888087499573662 -0.014028460262647783 -0.030307900689922809 -0.0060145904564387854 -0.031871668738998223 0.025185812590469044 -0.057438292794694562 0.027581981892727932 0.027164674214767322 -0.037046349474264412 -0.002750288333279264 0.037660325730350962 -0.0037153993182717027 -0.032888635828555411 -0.0012330450805068897 0.023385154463971464 0.018867822008248509 0.045578001621291379 -0.060913222387008248 -0.039247912096154497 0.042130673110957612 -0.020470146604405909
leaf_weight=68.68190085664628 281.54896300785913 113.73550729265889 18.600101615880703 51.02656224028965 37.253451778818999 14.414468014747397 320.77471331039487 75.47271671591443 24.678050628988331 93.860481465039356 31.909158039536123 22.612023040128406 8.4265303156571445 56.560882415989909 9.5412888839382486 4.0955370073206714 74.322990993838175 4.368606356350937 50.745236046313948 15.406686081114456 207.38118758392557 25.909706900460151 16.063916520099156 7.7762306528165954 16.846660969313234 19.081672960426658 2.9095256325090304 7.2930767880752674 18.409235539846122 31.584195990581065
leaf_count=697189 4766 97245 6086 139617 284 917 6436 747 9552 92213 1442 567 85 1005 446 40 614 30 918 224 9808 2839 282 55 144 95 21 51 76 256
internal_value=0 -0.0189861 0.00484501 -0.0122704 0.00784168 -0.00332329 0.0068394 0.010096 -0.00202122 -0.0220617 0.00763748 -0.000509248 0.0116435 0.0162749 0.000631772 -0.0319042 0.0113298 0.0236 -0.013389 0.00807828 -0.00140693 -0.0188271 0.0247582 0.00084972 0.00996151 0.0293718 0.00043233 0.00216748 0.00668641 -0.00678644
internal_weight=0 351.983 1379.31 283.301 1009.1 370.206 971.849 637.438 138.414 144.887 545.901 170.254 87.5994 79.1729 334.412 13.6368 375.647 78.6916 82.6544 296.956 351.606 40.3242 91.5366 311.282 103.901 29.7674 10.6858 74.1332 66.8401 48.4309
internal_count=1074050 1035816 38234 338627 17886 20348 17602 10680 106797 231830 9651 4017 1657 1572 6922 486 5634 644 2360 4990 14262 3756 1029 10506 698 171 76 527 476 400
is_linear=0
shrinkage=0.05


Tree=95
num_leaves=31
num_cat=0
split_feature=0 0 136 78 139 40 169 154 151 36 180 112 80 130 57 177 168 189 190 2 151 175 189 201 159 151 202 48 90 93
split_gain=60.5959 29.311 20.7578 11.7773 9.40577 9.06096 6.78769 6.03175 7.30602 6.89466 6.82814 6.96377 8.05922 6.01439 5.67866 5.87402 5.62065 5.1725 7.28755 5.04238 7.67083 6.24982 5.38885 5.17012 4.9549 7.79987 7.43759 4.88262 4.66651 4.65201
threshold=0.0044021329524748061 0.86620967868038068 10.550000000000002 0.018857000000000002 0.023358 172.50000000000003 6.5000000000000009 1.9376475000000002 301.50000000000006 16836.000000000004 1.2250000000000003 0.41852500000000009 0.12847600000000003 4.8981075000000009 68.500000000000014 50.000000000000007 10.500000000000002 0.53370050000000002 0.010191500000000001 126565.50000000001 309.50000000000006 1.5500000000000003 0.5918095000000001 98.500000000000014 95.500000000000014 42.000000000000007 0.17810800000000002 13.500000000000002 4.5000000000000009 0.047882500000000008
decision_type=2 2 2 2 2 2 2 2 2 2 2 2 2 2 2 2 2 2 2 2 2 2 2 2 2 2 2 2 2 2
left_child=29 2 3 6 17 7 14 8 10 27 11 24 -13 -8 15 -2 19 -4 -19 20 -6 -21 -23 28 26 -26 -3 -9 -24 -1
right_child=1 5 4 -5 16 -7 13 9 -10 -11 -12 12 -14 -15 -16 -17 -18 18 -20 21 -22 22 23 -25 25 -27 -28 -29 -30 -31
leaf_value=-0.048215325285977051 -0.016461462399265762 -0.017742559114091172 -0.050460941019047328 0.031131340983048417 0.0074341694462762764 0.025544077032732121 -0.0090273388192245053 0.012985558757922393 -0.013961191388141451 -0.045160583081538225 0.0085731454605421052 -0.06923665191115512 0.00036274037229833481 0.025252429032909047 -0.020857422776846494 0.020014557646941857 -0.017893687511793554 0.0067043091454538298 -0.026479440469654104 -0.030934087046694536 -0.043106655174856109 -0.016472603381677151 -0.012559045082625314 -0.056841218911458151 -0.030958974073938328 0.029703547197748748 0.038820367777352066 -0.040102881171099801 0.029573945247868046 -0.0065650362153870413
leaf_weight=67.188110691575957 12.802579532999969 42.917406827502418 16.18704894258417 37.081698198476261 106.39204962303802 68.000222298433073 136.72538573040401 349.27914717022213 56.570440463721752 5.2936214247019953 330.51864975446369 8.6964846616610902 7.9722592575126319 14.116544938949117 12.543790417299077 80.04403432604704 95.343071106857678 20.45719911136166 86.519168904864728 29.263452190692988 8.0775311750085148 37.683587077135599 9.4531740601323708 2.5870072491670717 6.8895475490135167 22.951245778298471 6.722058836137875 4.3854258975479743 21.561144413446527 7.447273045203473
leaf_count=730909 3206 781 56733 243 11402 388 45684 2163 856 92 3252 105 114 834 11643 9573 40917 11766 79248 6655 1427 6754 636 93 178 258 50 64 1081 46945
internal_value=0 0.00200875 -0.0054782 0.00479445 -0.0124285 0.00798746 0.000983 0.00656991 0.00292299 0.0114795 0.0051616 -0.0065658 -0.0359489 -0.00581927 0.0107189 0.0149849 -0.00778901 -0.0241195 -0.0201337 -0.00330841 0.00386776 -0.0114781 -0.0034912 0.0110673 -0.000403518 0.015698 -0.0100829 0.0123273 0.0167318 -0.0440594
internal_weight=0 1637.03 726.838 293.314 433.524 910.197 256.232 842.196 483.238 358.958 426.668 96.149 16.6687 150.842 105.39 92.8466 310.361 123.163 106.976 215.018 114.47 100.548 71.2849 33.6013 79.4803 29.8408 49.6395 353.665 31.0143 74.6354
internal_count=1074050 296196 287895 71183 216712 8301 70940 7913 5594 2319 4738 1486 219 46518 24422 12779 68965 147747 91014 28048 12829 15219 8564 1810 1267 436 831 2227 1717 777854
is_linear=0
shrinkage=0.05


Tree=96
num_leaves=31
num_cat=0
split_feature=0 0 136 111 144 40 2 188 36 190 148 36 163 163 2 40 188 185 139 40 102 138 135 159 150 145 173 2 81 201
split_gain=57.6197 27.6211 18.2062 10.52 9.01462 8.6965 6.61275 6.5481 6.43602 7.74281 6.69136 6.1633 5.27512 6.42107 6.84935 6.82322 5.23173 5.10007 6.97226 5.03141 6.05152 4.97474 4.97354 4.8017 4.7536 5.14537 6.02702 4.71115 5.13984 5.80145
threshold=0.0044021329524748061 0.86620967868038068 10.550000000000002 0.027653 2.5000000000000004 7.5000000000000009 2463.5000000000005 658.50000000000011 2889.5000000000005 0.0033510000000000002 4.5000000000000009 18470.500000000004 17.500000000000004 49.500000000000007 120938.00000000001 27.500000000000004 573.50000000000011 0.037995500000000008 0.11562600000000002 1.0000000180025095e-35 230.50000000000003 0.035753000000000007 1.5000000000000002 115.50000000000001 0.017925500000000004 142.00000000000003 0.047292666666650003 97406.000000000015 0.15961450000000002 68.500000000000014
decision_type=2 2 2 2 2 2 2 2 2 2 2 2 2 2 2 2 2 2 2 2 2 2 2 2 2 2 2 2 2 2
left_child=-1 2 3 7 12 11 22 17 9 -6 -11 16 -4 -14 15 -15 24 18 27 -19 -21 -5 -7 -12 -3 26 -26 28 -2 -30
right_child=1 5 4 21 8 6 -8 -9 -10 10 23 -13 13 14 -16 -17 -18 19 -20 20 -22 -23 -24 -25 25 -27 -28 -29 29 -31
leaf_value=-0.043853596452134512 0.016660637885237868 0.018006035147043045 -0.028642829158324445 0.051939153436285329 0.046203656136908335 -0.01864632616844451 0.010887085187141501 0.02645875072595627 -0.044845148216239049 -0.026332788191900394 -0.013407509513952618 -0.057097279971634045 0.0079007505094381546 -0.0095184952316927016 -0.021581884869216635 0.017879543640336136 0.0072369865205584921 -0.02222953091290409 0.030970318263228738 0.011717735665700607 -0.042991508699932159 0.015227056834716701 0.035232161517108236 0.0325159715690276 -0.059517070508484565 0.020950325146216978 -0.011001428446382484 -0.01546084828616435 0.048498017244616928 -0.038498870658997562
leaf_weight=71.729797955114464 38.041610194398345 17.283888270816533 25.218564854340002 10.827290801217712 4.6202043882549324 4.6428534596343516 126.06573357607704 19.405093507288257 25.752772427884111 87.465042947498432 15.796471239818858 3.9412113567232145 72.824095860567468 82.057985534925592 72.783391080095953 31.427484904430457 623.09348431584658 54.851285367072251 18.845526497069841 28.674613877649335 6.1362054589167192 62.458961673625708 55.303231437224895 8.8984074608997599 7.2305588645394883 10.689518137369303 55.827217232901603 39.261548727449281 2.399717522125683 9.5132514650240392
leaf_count=777854 11048 309 12787 838 1930 89 821 962 40689 68051 3304 142 16935 33430 33156 5413 5415 27459 905 3007 6691 5458 373 1017 155 102 895 13511 149 1155
internal_value=0 0.00194013 -0.00538674 0.0042708 -0.0119575 0.00775298 0.017388 -0.00125788 -0.0222199 -0.0172305 -0.0198435 0.00525708 -0.0068127 -0.00468788 -0.00960956 -0.00193117 0.00560121 -0.00397806 0.00333666 -0.0127938 0.00207398 0.0206509 0.0310592 0.00314029 -0.00559542 -0.0111268 -0.0165645 -0.00250053 0.00768557 -0.0209744
internal_weight=0 1621.34 717.26 290.415 426.844 904.078 186.012 217.129 142.533 116.78 112.16 718.066 284.312 259.093 186.269 113.485 714.125 197.724 108.062 89.6621 34.8108 73.2863 59.9461 24.6949 91.0312 73.7473 63.0578 89.2161 49.9546 11.913
internal_count=1074050 296196 287895 71183 216712 8301 1283 64887 114991 74302 72372 7018 101721 88934 71999 38843 6876 63925 26768 37157 9698 6296 462 4321 1461 1152 1050 25863 12352 1304
is_linear=0
shrinkage=0.05


Tree=97
num_leaves=31
num_cat=0
split_feature=0 142 2 168 40 189 0 145 0 159 159 42 90 159 138 72 159 141 149 3 189 43 188 159 136 49 189 72 159 72
split_gain=56.5676 24.6299 14.0713 16.5008 12.0728 10.0733 8.34926 7.45969 6.92096 8.22728 8.0705 6.56234 5.70267 5.55993 7.31835 6.38059 6.36015 6.16434 6.08921 7.97239 5.82921 5.58943 5.50181 5.58965 5.47482 5.19346 5.16489 4.96214 4.95616 4.92569
threshold=0.0044021329524748061 0.073895500000000017 625678.00000000012 13.500000000000002 2.5000000000000004 0.54061850000000011 0.86620967868038068 142.00000000000003 0.94875966535953815 119.50000000000001 125.50000000000001 1.0000000180025095e-35 2.5000000000000004 39.500000000000007 0.13727000000000003 10.500000000000002 44.500000000000007 1.0000000180025095e-35 1.0000000180025095e-35 84103.500000000015 0.61380900000000016 1.5000000000000002 541.50000000000011 119.50000000000001 10.083333333350001 1.0000000180025095e-35 0.6232405000000002 29.500000000000004 119.50000000000001 3.5000000000000004
decision_type=2 2 2 2 2 2 2 2 2 2 2 2 2 2 2 2 2 2 2 2 2 2 2 2 2 2 2 2 2 2
left_child=-1 2 3 5 7 28 24 8 9 25 -11 26 27 29 16 17 -15 21 -18 20 -20 -16 -8 -24 -7 -3 -5 -6 -2 -10
right_child=1 4 -4 11 12 6 22 -9 13 10 -12 -13 -14 14 15 -17 18 -19 19 -21 -22 -23 23 -25 -26 -27 -28 -29 -30 -31
leaf_value=-0.043964656595087595 -0.054017666216008703 -0.0082462744028167952 -0.020767229792515666 -0.024572927579784659 0.023781712742596595 0.012794342040353561 0.075078439562941301 0.017394540044537176 0.0094126587916404415 0.031326694394855005 -0.01516882568171412 0.07141471633854761 0.0080466935733531555 -0.036756354385251343 -0.039987769041787892 0.016553932182258764 -0.010587621183357739 -0.064956261442840474 0.013311068559345683 -0.0012370514682130778 0.040481414268487496 0.0041369999571332873 0.0058182293678222486 0.02692864202105974 -0.0067491237792411465 0.054024286457347408 0.023659411077303294 -0.0316277428987655 0.0056370277907691353 0.034786527244521026
leaf_weight=70.112158011201245 11.386389805479213 253.3368355253956 126.57210213771486 94.358373616976223 145.29609167015678 45.995525426619452 3.4469391577877095 82.953704177696636 64.69442610401893 28.859435586355175 13.793731479617689 1.927067071199416 134.39474360967097 7.9428506242111316 12.490609855391083 12.257247661240397 32.334600953152403 7.6768003075849292 55.281020824797451 55.93954721163027 30.705244629643857 16.870849500905024 121.88523968358641 42.217964348383248 162.21946400076331 3.3932001767593638 5.8972926555552467 4.1561375578094149 5.0153298649438502 27.154415750643238
leaf_count=777854 31557 36448 60427 74223 1383 15838 17 3224 416 1120 870 4 2306 66 117 82 240 54 343 402 146 104 1229 265 56898 178 1018 65 7008 148
internal_value=0 0.00191403 -0.00589188 -0.00208323 0.00681217 0.00257969 0.00425389 0.00330952 0.00143326 -0.00404476 0.0162904 -0.0199791 0.0155202 0.00650529 0.00237546 -0.0147159 0.00699957 -0.0250642 0.00899398 0.0134552 0.0230135 -0.014634 0.0125623 0.0112492 -0.00243189 -0.00742324 -0.0217358 0.0222408 -0.0357764 0.0169143
internal_weight=0 1610.45 620.922 494.35 989.531 392.167 375.765 705.685 622.731 299.383 42.6532 102.183 283.847 323.348 231.499 49.2955 182.203 37.0383 174.26 141.926 85.9863 29.3615 167.55 164.103 208.215 256.73 100.256 149.452 16.4017 91.8488
internal_count=1074050 296196 248484 188057 47712 112812 74247 43958 40734 38616 1990 75245 3754 2118 1554 357 1197 275 1131 891 489 221 1511 1494 72736 36626 75241 1448 38565 564
is_linear=0
shrinkage=0.05


Tree=98
num_leaves=31
num_cat=0
split_feature=0 136 139 44 2 168 46 189 144 95 57 143 143 189 40 130 190 176 3 132 132 0 125 163 161 40 98 80 60 159
split_gain=53.8954 24.323 13.5998 12.1924 8.85365 7.7443 7.03175 6.65764 6.6532 6.75017 6.41766 6.15089 6.19002 6.41701 7.30276 5.86467 5.79193 5.56691 7.64075 5.53356 5.78138 5.47741 5.93169 5.4181 5.28601 5.20457 7.18825 5.16201 5.0761 6.61424
threshold=0.0044021329524748061 15.708333333350001 0.023358 1.0000000180025095e-35 64565.000000000007 11.500000000000002 1.0000000180025095e-35 0.5414135000000001 3.5000000000000004 24.500000000000004 3.5000000000000004 153.50000000000003 126.50000000000001 0.58536300000000019 4.5000000000000009 1.3796255000000002 0.0099635000000000019 0.75500000000000012 226479.50000000003 0.032046000000000005 0.05403800000000001 0.42569895731548962 20.500000000000004 120.50000000000001 13.500000000000002 1.0000000180025095e-35 7.5000000000000009 0.13111700000000001 1.0000000180025095e-35 2.5000000000000004
decision_type=2 2 2 2 2 2 2 2 2 2 2 2 2 2 2 2 2 2 2 2 2 2 2 2 2 2 2 2 2 2
left_child=-1 3 7 4 5 25 15 -3 10 -10 17 12 13 19 23 21 -9 -6 -19 -4 -21 -7 24 27 -23 28 -27 -15 29 -2
right_child=1 2 11 -5 8 6 -8 16 9 -11 -12 -13 -14 14 -16 -17 -18 18 -20 20 -22 22 -24 -25 -26 26 -28 -29 -30 -31
leaf_value=-0.043719372942604195 0.032217318961517992 -0.045315671563371983 -0.0042781338835031438 0.033822346116655203 -0.0055734554929018354 -0.044098613810001533 0.04001124868001641 0.0092849563163411308 -0.0058331524306200339 -0.049226690260407033 -0.012082449912543421 0.024857444879372786 -0.054709620056846257 0.002467351819633585 0.02282953321907448 0.0081854236824887936 -0.021111394877725828 -0.034781774005707249 0.010375869940638755 -0.03732389481431108 0.0025635387652953004 0.0097690709010642765 -0.032578521634313844 -0.038326200597523508 -0.016187921841088634 0.02102531264226673 -0.019332102674271972 -0.065175148429510971 0.016162678038753004 -0.002963631167693844
leaf_weight=67.626772500214202 15.092251485693849 23.399396405063499 100.01120479448764 37.666162446211274 99.4841795502889 10.082356541440957 10.89631465809998 18.849510594039202 28.303435818538674 13.114599849949625 72.092117188105476 19.643734874487564 5.9000091746420358 117.32436832131225 38.229824627347625 90.79925295282419 92.964072717634963 9.7694471681252235 227.54888671157551 30.895462305096771 12.868217658000502 52.148342229196714 16.768358346773311 9.5294359481822521 31.437904836871894 183.22001628400471 11.740600178727616 2.8899321570570455 96.76734044128807 116.3956125041891
leaf_count=777854 421 72828 16972 754 8788 18648 2491 7489 5456 7506 23805 1084 555 10916 575 5623 61016 1419 9671 11690 3780 1562 634 702 1533 6980 149 159 4831 8159
internal_value=0 0.0018527 -0.00766506 0.00585616 0.00488589 0.00868722 0.000890131 -0.0210627 -0.000477419 -0.0195733 0.00145685 -0.00229426 -0.00397335 -0.00301314 0.00362361 -0.00122816 -0.0159872 0.00435492 0.00851691 -0.0107669 -0.0255954 -0.00896783 -0.00543833 -0.00203554 6.29896e-06 0.0125954 0.018595 0.000841237 0.00747101 0.00107446
internal_weight=0 1595.83 472.505 1123.33 1085.66 635.348 212.133 135.213 450.313 41.418 408.895 337.292 317.648 311.748 167.974 201.236 111.814 336.803 237.318 143.775 43.7637 110.437 100.355 129.744 83.5862 423.216 194.961 120.214 228.255 131.488
internal_count=1074050 296196 187766 108430 107676 51031 30491 141333 56645 12962 43683 46433 45349 44794 12352 28000 68505 19878 11090 32442 15470 22377 3729 11777 3095 20540 7129 11075 13411 8580
is_linear=0
shrinkage=0.05


Tree=99
num_leaves=31
num_cat=0
split_feature=0 136 113 40 0 189 159 135 113 163 168 3 181 163 189 96 85 190 163 95 177 0 169 118 159 109 93 46 143 161
split_gain=51.2327 24.3045 13.0732 11.2478 9.40808 8.78791 7.04692 8.30633 7.83471 7.40404 6.35777 7.11661 6.21427 5.73636 5.56162 6.41057 6.81705 7.55991 5.46734 6.1345 5.45039 5.16497 4.79926 5.98855 5.51539 4.61306 4.45909 4.34438 4.23967 4.20083
threshold=0.0044021329524748061 15.708333333350001 0.014943000000000001 172.50000000000003 0.94875966535953815 0.54061850000000011 119.50000000000001 1.0000000180025095e-35 0.11497300000000001 1.5000000000000002 16.500000000000004 65683.000000000015 1.0000000180025095e-35 118.50000000000001 0.62032850000000017 0.035039500000000008 4.083333333335001 0.0099635000000000019 128.50000000000003 6.5000000000000009 50.000000000000007 0.21467259749339032 7.5000000000000009 29.500000000000004 21.500000000000004 14.500000000000002 0.047882500000000008 1.0000000180025095e-35 112.50000000000001 11.500000000000002
decision_type=2 2 2 2 2 2 2 2 2 2 2 2 2 2 2 2 2 2 2 2 2 2 2 2 2 2 2 2 2 2
left_child=26 3 5 4 6 -3 7 9 20 -2 11 -4 -5 -10 15 16 -7 -18 -8 -20 28 -19 -22 -24 -25 -6 -1 29 -9 -26
right_child=1 2 10 12 25 14 18 8 13 -11 -12 -13 -14 -15 -16 -17 17 21 19 -21 22 -23 23 24 27 -27 -28 -29 -30 -31
leaf_value=-0.047963977678487084 0.010141163330163842 -0.046674034281731828 0.014223539552065441 0.047262751428307818 0.0085680891914756835 0.0029609550514816236 0.028694724165731614 -0.029809594689193794 0.018288176872247208 -0.027330419592926959 -0.028193426087503554 -0.0041651239678280431 0.015688596097277512 -0.01792556509499612 0.011869208810453918 -0.036774986208341319 0.0093528370287085192 -0.049092984406418384 0.025393294098773805 -0.0082074623607933921 0.0055272231238726018 -0.019089324824462281 -0.018325295376436061 -0.043411162313444239 0.0089514014210022273 0.034880349110087881 -0.0050917203656552076 0.049171596227509988 0.030779265168517141 -0.02285871874539111
leaf_weight=58.249693719739753 17.398156630938502 21.990655873677952 81.236791552957584 19.264416099627852 435.89741051039891 51.112671059189779 33.292159533713857 27.682924281843956 77.512633853137231 54.408267143638113 18.44447416564617 149.33952070445184 81.559047427092537 12.731390523930711 19.67966283021633 31.065064902899849 18.138371049431044 19.075993802448011 20.780492174453684 39.223214947606266 132.28116593969025 57.818633493983725 68.811965370817916 6.1231232817353876 50.825021928196747 17.319482102524489 6.7699373771192759 5.3972072848778216 3.223466895429282 13.041957707237087
leaf_count=730909 3745 70559 6738 88 2944 8776 2189 12216 4303 18102 6689 19565 2725 944 1518 10076 7604 48163 614 6052 19309 8078 24788 775 5970 123 46945 553 314 2676
internal_value=0 0.00178482 -0.00778157 0.00579291 0.00421215 -0.0166961 -0.000105889 -0.00260026 0.000226101 -0.0182513 5.39882e-05 0.00231358 0.0217215 0.0131792 -0.0133479 -0.0161483 -0.0117638 -0.0196834 0.012445 0.00342916 -0.00357674 -0.0265326 -0.0013507 -0.00766016 0.00207475 0.0095736 -0.0435001 0.00609582 -0.0234903 0.00245562
internal_weight=0 1584.68 467.902 1116.77 1015.95 218.881 562.733 469.437 397.631 71.8064 249.021 230.576 100.823 90.244 196.89 177.211 146.146 95.033 93.2959 60.0037 307.387 76.8946 276.48 144.199 75.3873 453.217 65.0196 69.2642 30.9064 63.867
internal_count=1074050 296196 187766 108430 105617 154774 102550 93695 71848 21847 32992 26303 2813 5247 84215 82697 72621 63845 8855 6666 66601 56241 54071 34762 9974 3067 777854 9199 12530 8646
is_linear=0
shrinkage=0.05


end of trees

feature_importances:
Column_0=383
Column_189=257
Column_40=202
Column_168=181
Column_159=118
Column_2=92
Column_148=72
Column_188=72
Column_154=61
Column_200=57
Column_85=51
Column_135=48
Column_143=46
Column_130=45
Column_36=43
Column_3=40
Column_142=39
Column_151=37
Column_163=37
Column_169=34
Column_139=29
Column_105=28
Column_107=28
Column_111=28
Column_113=28
Column_136=28
Column_180=26
Column_187=26
Column_93=24
Column_201=24
Column_57=23
Column_112=23
Column_144=23
Column_68=22
Column_186=22
Column_101=20
Column_140=20
Column_145=20
Column_46=19
Column_161=19
Column_185=18
Column_175=17
Column_190=17
Column_196=17
Column_59=16
Column_72=16
Column_77=16
Column_102=16
Column_70=15
Column_150=15
Column_74=14
Column_81=14
Column_133=14
Column_48=13
Column_76=13
Column_118=13
Column_179=13
Column_44=12
Column_173=12
Column_80=11
Column_125=11
Column_132=11
Column_147=11
Column_62=10
Column_90=10
Column_104=10
Column_182=10
Column_177=9
Column_55=8
Column_69=8
Column_96=8
Column_99=8
Column_106=8
Column_129=8
Column_172=8
Column_95=7
Column_109=7
Column_138=7
Column_158=7
Column_176=7
Column_202=7
Column_98=6
Column_124=6
Column_43=5
Column_64=5
Column_110=5
Column_203=5
Column_78=4
Column_88=4
Column_108=4
Column_117=4
Column_127=4
Column_149=4
Column_178=4
Column_54=3
Column_60=3
Column_82=3
Column_94=3
Column_120=3
Column_126=3
Column_128=3
Column_153=3
Column_162=3
Column_170=3
Column_183=3
Column_42=2
Column_87=2
Column_91=2
Column_92=2
Column_100=2
Column_103=2
Column_122=2
Column_141=2
Column_155=2
Column_164=2
Column_171=2
Column_174=2
Column_192=2
Column_49=1
Column_50=1
Column_66=1
Column_97=1
Column_121=1
Column_123=1
Column_152=1
Column_156=1
Column_157=1
Column_165=1
Column_166=1
Column_181=1
Column_184=1
Column_195=1

parameters:
[boosting: gbdt]
[objective: lambdarank]
[metric: ndcg]
[tree_learner: serial]
[device_type: cpu]
[data_sample_strategy: bagging]
[data: ]
[valid: ]
[num_iterations: 100]
[learning_rate: 0.05]
[num_leaves: 31]
[num_threads: 0]
[seed: 0]
[deterministic: 0]
[force_col_wise: 0]
[force_row_wise: 0]
[histogram_pool_size: -1]
[max_depth: -1]
[min_data_in_leaf: 20]
[min_sum_hessian_in_leaf: 0.001]
[bagging_fraction: 1]
[pos_bagging_fraction: 1]
[neg_bagging_fraction: 1]
[bagging_freq: 0]
[bagging_seed: 3]
[feature_fraction: 1]
[feature_fraction_bynode: 1]
[feature_fraction_seed: 2]
[extra_trees: 0]
[extra_seed: 6]
[early_stopping_round: 0]
[early_stopping_min_delta: 0]
[first_metric_only: 0]
[max_delta_step: 0]
[lambda_l1: 0]
[lambda_l2: 0]
[linear_lambda: 0]
[min_gain_to_split: 0]
[drop_rate: 0.1]
[max_drop: 50]
[skip_drop: 0.5]
[xgboost_dart_mode: 0]
[uniform_drop: 0]
[drop_seed: 4]
[top_rate: 0.2]
[other_rate: 0.1]
[min_data_per_group: 100]
[max_cat_threshold: 32]
[cat_l2: 10]
[cat_smooth: 10]
[max_cat_to_onehot: 4]
[top_k: 20]
[monotone_constraints: ]
[monotone_constraints_method: basic]
[monotone_penalty: 0]
[feature_contri: ]
[forcedsplits_filename: ]
[refit_decay_rate: 0.9]
[cegb_tradeoff: 1]
[cegb_penalty_split: 0]
[cegb_penalty_feature_lazy: ]
[cegb_penalty_feature_coupled: ]
[path_smooth: 0]
[interaction_constraints: ]
[verbosity: 0]
[saved_feature_importance_type: 0]
[use_quantized_grad: 0]
[num_grad_quant_bins: 4]
[quant_train_renew_leaf: 0]
[stochastic_rounding: 1]
[linear_tree: 0]
[max_bin: 255]
[max_bin_by_feature: ]
[min_data_in_bin: 3]
[bin_construct_sample_cnt: 200000]
[data_random_seed: 1]
[is_enable_sparse: 1]
[enable_bundle: 1]
[use_missing: 1]
[zero_as_missing: 0]
[feature_pre_filter: 1]
[pre_partition: 0]
[two_round: 0]
[header: 0]
[label_column: ]
[weight_column: ]
[group_column: ]
[ignore_column: ]
[categorical_feature: ]
[forcedbins_filename: ]
[precise_float_parser: 0]
[parser_config_file: ]
[objective_seed: 5]
[num_class: 1]
[is_unbalance: 0]
[scale_pos_weight: 1]
[sigmoid: 1]
[boost_from_average: 1]
[reg_sqrt: 0]
[alpha: 0.9]
[fair_c: 1]
[poisson_max_delta_step: 0.7]
[tweedie_variance_power: 1.5]
[lambdarank_truncation_level: 30]
[lambdarank_norm: 1]
[label_gain: ]
[lambdarank_position_bias_regularization: 0]
[eval_at: ]
[multi_error_top_k: 1]
[auc_mu_weights: ]
[num_machines: 1]
[local_listen_port: 12400]
[time_out: 120]
[machine_list_filename: ]
[machines: ]
[gpu_platform_id: -1]
[gpu_device_id: -1]
[gpu_use_dp: 0]
[num_gpu: 1]

end of parameters

pandas_categorical:null
