tree
version=v4
num_class=1
num_tree_per_iteration=1
label_index=0
max_feature_idx=155
objective=lambdarank
feature_names=Column_0 Column_1 Column_2 Column_3 Column_4 Column_5 Column_6 Column_7 Column_8 Column_9 Column_10 Column_11 Column_12 Column_13 Column_14 Column_15 Column_16 Column_17 Column_18 Column_19 Column_20 Column_21 Column_22 Column_23 Column_24 Column_25 Column_26 Column_27 Column_28 Column_29 Column_30 Column_31 Column_32 Column_33 Column_34 Column_35 Column_36 Column_37 Column_38 Column_39 Column_40 Column_41 Column_42 Column_43 Column_44 Column_45 Column_46 Column_47 Column_48 Column_49 Column_50 Column_51 Column_52 Column_53 Column_54 Column_55 Column_56 Column_57 Column_58 Column_59 Column_60 Column_61 Column_62 Column_63 Column_64 Column_65 Column_66 Column_67 Column_68 Column_69 Column_70 Column_71 Column_72 Column_73 Column_74 Column_75 Column_76 Column_77 Column_78 Column_79 Column_80 Column_81 Column_82 Column_83 Column_84 Column_85 Column_86 Column_87 Column_88 Column_89 Column_90 Column_91 Column_92 Column_93 Column_94 Column_95 Column_96 Column_97 Column_98 Column_99 Column_100 Column_101 Column_102 Column_103 Column_104 Column_105 Column_106 Column_107 Column_108 Column_109 Column_110 Column_111 Column_112 Column_113 Column_114 Column_115 Column_116 Column_117 Column_118 Column_119 Column_120 Column_121 Column_122 Column_123 Column_124 Column_125 Column_126 Column_127 Column_128 Column_129 Column_130 Column_131 Column_132 Column_133 Column_134 Column_135 Column_136 Column_137 Column_138 Column_139 Column_140 Column_141 Column_142 Column_143 Column_144 Column_145 Column_146 Column_147 Column_148 Column_149 Column_150 Column_151 Column_152 Column_153 Column_154 Column_155
feature_infos=[1.7307033847328553e-09:0.99975985096384834] [0:1] [1:1.7976931348599999e+308] [0.00085400000000000005:0.126217] none none none none none none none none none none none none none none none none none none none [0:1] [0:1] none none none [0:1] [0:2] [0:1] [0:33] [0:1] [0:1] [1:1.7976931348599999e+308] [0:82] [0:1] [0:3] [0:1] [1:441993] [0:36] [0:1] [0:31591] [0:788] [0:114] [0:125] [0:1] [0:342737] [0:17] [0:1] [0:1] [0:1] [0:36] [0:2] [0:0.124639] [0:2] [0:1] [0:0.10625] [0:0.13569000000000001] [1:320498] [0:97] [0:70] [0:951] [0:0.189973] [0:1] [1:20421] [0:0.72638000000000003] [0:0.189973] [0:141] [0:65] [0:130] [0:0.11750099999999999] [0:6] [0:21] [1:441993] [0:2] [0:4] [0:182] [0:4] [0:332847] [0:1] [0:0.124639] [517:749] [0.50040700000000005:0.76747900000000002] [1:223] [0:4] [0:0.20475399999999999] [0:441993] [0:1] [2:9] [0:7] [0:20421] [0:1] [0:3] [0:9] [0:579.81079099999999] [0:0.13467599999999999] [0:3] [1:320498] [0:0.197407] [0:21] [0:0.39139600000000002] [0:0.28700100000000001] [1:441993] [0:2.3372090000000001] [0:97] [0:2] [0:16] [0:1] [0:13] [1:441993] [0:1] [0:7] [0:12] [0:7] [0:0.50805800000000001] [0:0.17033599999999999] [0:0.197407] [0:0.28700100000000001] [0:2] [0:16] [0:1] [0:7] [0:13] [0:7] [0:0.58430199999999999] [0:0.197407] [0:0.197407] [0:0.26976899999999998] [0:182] [0:2] [1:332847] [0:16] [0:1] [0:4] [0:8] [0:4] [0:0.19029199999999999] [0:0.24151700000000001] [0:13] [0:2] [1:332857] [0:16] [0:1] [0:16] none [0:16] [0:7] [0:53] [0:7] [0:0.17033599999999999] [0:0.197407] [0:0.28700100000000001] [0:2] [0:16] [0:1]
tree_sizes=3497 3503 3496 3491 3476 3492 3489 3495 3499 3502 3509 3495 3499 3505 3488 3508 3511 3491 3495 3508 3503 3497 3489 3492 3490 3497 3502 3487 3505 3497 3510 3502 3517 3492 3495 3501 3517 3499 3488 3505 3509 3501 3503 3490 3507 3492 3484 3487 3493 3504 3519 3486 3512 3506 3519 3517 3505 3516 3471 3508 3506 3511 3518 3488 3501 3505 3490 3503 3528 3508 3502 3506 3502 3511 3499 3521 3504 3493 3488 3482 3493 3510 3499 3508 3511 3500 3486 3519 3545 3517 3509 3515 3499 3503 3506 3508 3519 3478 3511 3509

Tree=0
num_leaves=31
num_cat=0
split_feature=0 83 0 0 118 83 34 0 83 34 131 34 82 34 59 2 47 114 0 39 34 129 0 118 42 118 83 0 148 127
split_gain=7090.3 346.45 167.36 124.643 124.062 52.2908 44.8703 40.0232 22.471 26.0208 21.1547 20.9634 20.7143 20.0993 18.9647 15.9559 15.0254 20.7692 13.1883 19.4212 18.2557 12.0607 12.038 13.149 11.6142 11.177 10.4544 9.9996 9.91191 9.88205
threshold=0.15548050853772452 0.54061850000000011 0.030380062479932603 0.48090646582193369 0.041174000000000009 0.57261050000000002 996929.50000000012 0.86620967868038068 0.55406350000000015 999189.50000000012 102.50000000000001 1.5000000000000002 669.50000000000011 975378.50000000012 7.5000000000000009 23.500000000000004 1316.5000000000002 2.5000000000000004 0.0088049481694041625 3.5000000000000004 877486.50000000012 6.5000000000000009 0.7740980979447657 0.031356500000000002 14.500000000000002 0.016747000000000001 0.57637450000000012 0.0048211075022283351 4.5000000000000009 0.035363500000000006
decision_type=2 2 2 2 2 2 2 2 2 2 2 2 2 2 2 2 2 2 2 2 2 2 2 2 2 2 2 2 2 2
left_child=2 7 12 5 8 10 -6 25 -4 15 21 -5 18 -7 29 -10 17 28 -1 20 -20 -3 23 -13 -11 -2 -19 -14 -8 -15
right_child=1 3 4 11 6 13 16 -9 9 24 -12 22 27 14 -16 -17 -18 26 19 -21 -22 -23 -24 -25 -26 -27 -28 -29 -30 -31
leaf_value=-0.098955707293143791 -0.096535569119561099 0.026378497066431545 -0.098496486497349878 -0.10000000000000001 0.084656707604689907 0.087687164219972122 -0.07673430090139316 0.081252394217806834 -0.10000000000000001 -0.082455748757699579 -0.088000568817079627 0.058660287505842623 -0.084522897431986654 0.075235669824183116 -0.0080141750936101718 0.037839215479933797 0.061395128948550454 -0.092533878861499566 0.022186848872005858 -0.092447635625506897 -0.069641697379987585 -0.080060051798964471 0.097332113422228916 0.090495880637572412 -0.0015569660912975979 0.034657902390340466 0.065807630065824629 0.064308022279059143 0.033167334409548319 0.028257876222565426
leaf_weight=887.92945118060197 29.497356971225603 16.269750659921563 43.792977707131286 1.3821920519694675 19.484671278391033 37.7966198175709 14.310698834360673 3.8650558869558145 2.6159423090284681 31.59987168268799 7.9126143676403435 41.948011930835492 1.8271694657596516 28.712544247928236 14.774723090311452 10.634717443317639 5.527233631197304 1.2521603798668355 7.6020798395329647 82.778523628286166 18.789704533715849 3.1819353438331737 863.04420313731316 143.01372887629623 5.1611900997922922 1.7180102378624713 6.2239665730157867 2.9518866676953621 2.3949190429848377 18.347898203310251
leaf_count=835833 17676 5660 34018 35 12687 8341 5350 323 205 10557 4584 5360 883 1869 2557 13656 1259 538 13315 62860 8287 3088 11561 7387 1143 881 787 307 380 2663
internal_value=0 0.0843155 -0.0892194 0.0889328 -0.0386185 0.0421482 0.025692 -0.0705224 -0.0723446 -0.0494446 -0.0190719 0.0945947 -0.0964417 0.0589626 0.0414048 0.010627 -0.0129801 -0.0299801 -0.0969394 -0.0805398 -0.0431907 0.00896712 0.0948513 0.0832758 -0.0710977 -0.089315 0.0392874 0.00740572 -0.0609788 0.05692
internal_weight=0 1211.46 1144.88 1176.38 142.998 126.996 49.1936 35.0804 93.8047 50.0117 27.3643 1049.39 1001.88 99.6318 61.8352 13.2507 29.709 24.1817 997.1 109.17 26.3918 19.4517 1048.01 184.962 36.7611 31.2154 7.47613 4.77906 16.7056 47.0604
internal_count=1074050 71985 1002065 53105 80580 28762 21001 18880 59579 25561 13332 24343 921485 15430 7089 13861 8314 7055 920295 84462 21602 8748 24308 12747 11700 18557 1325 1190 5730 4532
is_linear=0
shrinkage=0.05


Tree=1
num_leaves=31
num_cat=0
split_feature=0 0 59 0 42 113 0 95 83 98 0 95 42 42 83 0 95 95 83 102 56 98 3 116 0 90 150 138 58 83
split_gain=17072.8 541.691 430.513 195.482 202.141 151.354 139.823 116.503 93.0733 82.0213 73.3196 74.9184 71.8938 70.8822 60.1978 55.7615 51.7085 50.074 46.38 46.1878 43.6549 40.3234 38.5767 36.1833 33.5365 32.0431 29.6073 29.4405 29.2738 29.0311
threshold=0.48090646582193369 0.11665055024126079 7.5000000000000009 0.86620967868038068 1.0000000180025095e-35 1.5000000000000002 0.86620967868038068 0.69437950000000015 0.58104250000000002 152.58333333350001 0.012339227772512141 0.87225400000000008 8.5000000000000018 1.0000000180025095e-35 0.57701950000000013 0.94875966535953815 0.72513300000000014 0.85877850000000011 0.59889650000000005 0.20759250000000004 1.0000000180025095e-35 4.7750000000000012 0.010933500000000001 0.053324000000000003 0.94875966535953815 1.5000000000000002 0.0017535000000000003 0.026069000000000005 0.10380200000000002 0.57734750000000012
decision_type=2 2 2 2 2 2 2 2 2 2 2 2 2 2 2 2 2 2 2 2 2 2 2 2 2 2 2 2 2 2
left_child=1 10 3 4 7 8 9 14 -3 25 -1 28 16 15 -2 17 -7 -5 21 -17 22 -13 -10 -20 -8 29 -9 -18 -12 -4
right_child=2 5 6 13 -6 12 24 26 20 -11 11 18 -14 -15 -16 19 27 -19 23 -21 -22 -23 -24 -25 -26 -27 -28 -29 -30 -31
leaf_value=-0.090754254176043769 -0.049822848336639171 -0.079560163494207845 -0.071706833116661969 0.038139207250256192 0.075991124008442518 -0.049647274601288226 0.023082830067925358 0.025123575840960029 0.038011269566836321 -0.068465285959054406 -0.085686084253469824 -0.033879034281214929 0.07378949948058354 0.087128685262948161 0.016235186444346874 0.079423763675204373 -0.0049998577462250539 0.069463779333666306 0.010176152459943228 0.025002415661927648 0.047538913577826129 -0.088841254812096621 -0.04441116580172294 -0.058010814413285164 0.067567299282118506 0.024649388684403795 0.056227505581948084 0.05513109286031323 0.086375317380198213 0.0049339026073002192
leaf_weight=2568.0672870538401 47.165763640892692 159.69821994194353 20.646304438239895 197.1345072996337 499.65807403408689 53.967095440282719 79.8755600634031 105.56745179224527 16.051456578308716 53.27372479258338 384.84845200218115 57.794645924179349 30.662636601598933 1224.3676873365766 128.30913064541528 1145.2223682447802 79.514362717163749 361.59231389476918 47.473864636980579 40.36188168823719 18.165724758990109 78.966881188505795 122.82917479480966 32.965448184811976 90.227317786542699 80.81857893767301 277.94113092351472 27.360107722022804 2.4880050227511665 30.772740433400031
leaf_count=862486 2169 33464 1526 1180 3197 5825 815 1668 336 5454 93914 7019 607 2246 2280 2463 4568 1174 3700 77 699 18853 8189 3839 346 2134 2395 662 14 751
internal_value=0 -0.0793892 0.0666722 0.0713287 0.0528819 -0.0314665 0.0139371 0.0322252 -0.0526825 -0.0160849 -0.0870663 -0.0714001 0.00362443 0.0779069 -0.0015205 0.071434 -0.00975175 0.0584116 -0.0478948 0.0775711 -0.0253509 -0.0656145 -0.034885 -0.0177681 0.0466786 0.00501731 0.0476656 0.0103938 -0.0845809 -0.0258397
internal_weight=0 3680.85 4382.93 4027.32 1058.64 508.249 355.614 558.983 316.745 185.511 3172.6 604.537 191.504 2968.68 175.475 1744.31 160.842 558.727 217.201 1185.58 157.046 136.762 138.881 80.4393 170.103 132.238 383.509 106.874 387.336 51.419
internal_count=1074050 1044175 29875 18849 11709 54350 11026 8512 42688 9865 989825 127339 11662 7140 4449 4894 11055 2354 33411 2540 9224 25872 8525 7539 1161 4411 4063 5230 93928 2277
is_linear=0
shrinkage=0.05


Tree=2
num_leaves=31
num_cat=0
split_feature=0 0 0 118 83 83 42 42 83 42 91 102 82 0 83 99 101 77 39 91 84 83 82 102 110 91 115 74 58 90
split_gain=15619.3 561.847 282.313 263.554 179.686 79.8297 77.306 69.0163 67.3664 54.5245 47.7907 44.333 43.6236 42.7223 37.6978 33.2259 29.5447 29.4612 26.9208 26.3771 23.7706 22.9402 22.4736 21.5417 21.464 21.3939 20.5357 19.2545 17.8654 16.8002
threshold=0.23938287544958989 0.68981449621504665 0.040916356323413693 0.028813500000000002 0.56900050000000013 0.54336150000000016 23.500000000000004 4.5000000000000009 0.52787650000000019 5.5000000000000009 37.500000000000007 0.20759250000000004 568.50000000000011 0.94875966535953815 0.57019550000000019 0.098639000000000018 0.014462000000000001 7.5000000000000009 20.500000000000004 13.500000000000002 10.000000000000002 0.60515800000000008 669.50000000000011 0.11236850000000001 1542.5000000000002 4.5000000000000009 0.0090610000000000013 9.1000000000000014 0.11689250000000002 1.5000000000000002
decision_type=2 2 2 2 2 2 2 2 2 2 2 2 2 2 2 2 2 2 2 2 2 2 2 2 2 2 2 2 2 2
left_child=2 3 22 5 -4 -2 12 10 -3 11 15 13 16 14 23 -6 -5 20 -9 27 -14 -19 28 29 26 -17 -21 -7 -1 -10
right_child=1 8 4 6 7 19 -8 18 9 -11 -12 -13 17 -15 -16 25 -18 21 -20 24 -22 -23 -24 -25 -26 -27 -28 -29 -30 -31
leaf_value=-0.083903793332279486 -0.080551892098271322 -0.064219627862943635 -0.078828636679053696 -0.073865991080613355 -0.052389891099487378 0.032331789056889035 0.0765251909409293 0.05948448255266664 -0.0045539944007436219 0.078803685875801624 0.012378284274324462 0.025692058323537489 0.0074201918542846695 0.072090806947217298 0.062435722584320397 -0.059769430730663042 0.043653518273619907 -0.025790953703857533 -0.05510647809363433 0.028455231898732974 0.04866581400916617 0.031879089364439395 -0.017953338404802777 -0.032414770225807216 -0.084596447803072156 0.027153113730366669 -0.053355387927445957 -0.046659202394765946 0.067346638823578206 0.048266069033877666
leaf_weight=3092.3879949998809 56.310263984618359 9.378966731077524 183.29523272148799 16.692939024767842 122.52276728185825 9.1237118425779027 108.43437882023863 37.081183705246076 18.082454680465162 1193.6754499697126 59.847379601909779 66.777738561853766 42.48152001213748 1566.2740444869269 864.28861942864023 9.8355187383713183 7.8692539827898136 33.082946359296329 5.9474640665575853 59.785783794475719 196.56777590163983 36.017479030881077 13.009433860308489 11.552927766693754 5.5119603237835681 25.257296765223145 8.7996417543617991 49.953996031777933 1.9535863059572864 89.892227374366485
leaf_count=937285 12023 1209 48537 2784 22179 485 724 1383 811 2629 4639 171 2464 3277 6686 1210 379 2645 1235 2996 4361 1042 1226 691 853 1227 1016 6421 27 1435
internal_value=0 0.0624004 -0.0782048 0.0186772 -0.0409005 -0.0306425 0.0398615 -0.0142123 0.0696186 0.069948 -0.0256604 0.0659086 0.0279124 0.0669617 0.0587959 -0.0401039 -0.036215 0.0330239 0.0436456 -0.0095394 0.041336 0.00426862 -0.0835326 0.0324771 0.0103299 0.0027912 0.0179588 -0.0344602 -0.0838083 0.0394203
internal_weight=0 4450.55 3551.14 630.632 443.787 189.485 441.146 260.492 3819.92 3810.54 217.463 2616.87 332.712 2550.09 983.816 157.616 24.5622 308.15 43.0286 133.175 239.049 69.1004 3107.35 119.528 74.0974 35.0928 68.5854 59.0777 3094.34 107.975
internal_count=1074050 55102 1018948 38193 80410 23794 14399 31873 16909 15700 29255 13071 13675 12900 9623 24616 3163 10512 2618 11771 6825 3687 938538 2937 4865 2437 4012 6906 937312 2246
is_linear=0
shrinkage=0.05


Tree=3
num_leaves=31
num_cat=0
split_feature=0 0 0 83 79 59 137 72 0 83 42 95 72 82 95 102 96 82 95 0 83 98 113 77 82 0 126 118 82 59
split_gain=13521.1 450.938 235.105 229.371 156.962 83.0736 76.6426 66.0407 63.3693 54.4153 47.8057 42.3131 38.5834 38.1978 31.4499 29.2615 23.751 24.4199 21.4071 19.6737 19.2527 19.2294 19.1291 18.8572 18.2259 38.3499 17.8924 21.9401 20.9543 17.0902
threshold=0.21467259749339032 0.60678019017954943 0.030380062479932603 0.54966050000000011 5.5000000000000009 406.50000000000006 0.014476500000000002 1.5000000000000002 0.7740980979447657 0.58772650000000015 2.5000000000000004 0.78691250000000013 1.5000000000000002 576.50000000000011 0.75316150000000015 0.20759250000000004 0.014743000000000001 670.50000000000011 1.5520470000000002 0.94875966535953815 0.55373600000000012 85.166666666650016 1.5000000000000002 7.5000000000000009 635.50000000000011 0.0088049481694041625 0.04424200000000001 0.028170000000000004 659.50000000000011 3.5000000000000004
decision_type=2 2 2 2 2 2 2 2 2 2 2 2 2 2 2 2 2 2 2 2 2 2 2 2 2 2 2 2 2 2
left_child=2 3 24 -2 10 7 12 8 14 -6 11 -4 13 -5 23 18 -11 -18 19 -10 -16 -14 -9 -3 -1 -26 27 -13 -28 -15
right_child=1 5 4 6 9 -7 -8 22 15 16 -12 26 21 29 20 -17 17 -19 -20 -21 -22 -23 -24 -25 25 -27 28 -29 -30 -31
leaf_value=-0.079757057881812699 -0.075417165187919688 0.015790988698656066 -0.05244332714132928 -0.045183065732459948 -0.078500888228643692 -0.03588187979619626 0.056551586426253846 0.060183519474661711 0.049081916826264997 0.034441270270422951 0.041173389163789625 -0.075477531490704353 0.05015722798355407 0.023355244295981972 -0.045888602523154534 0.025731492871340789 -0.051547664482003243 0.063278056481353637 0.067930400010633288 0.062145482716286941 0.048237024369150422 -0.033738825773809218 0.07472345875148366 -0.054397825061647948 -0.075381248142048482 0.013295655378973842 -0.061654673459459498 0.023436369344606744 0.045199757108703567 -0.008642951169008593
leaf_weight=2938.2518276078044 64.966575815691613 48.822467543999664 59.61359051259933 38.486402373819146 203.5594116714783 21.091696737334132 135.11502830439713 278.81206068838947 426.28214329434559 12.783015808206981 41.150145393039566 6.1577836627839124 67.269126552098896 99.525662190746516 5.6454404927790156 57.130735768936574 50.872871847532224 5.0938844166230401 897.02036385750398 889.77046929392964 144.1741787904175 7.6018567011342375 1198.9782007220201 11.902201868942937 47.99764034722466 16.34383426560089 18.480429294984791 62.580660333973356 6.1032677710754788 71.856781519483775
leaf_count=906765 14806 2339 14420 6821 55519 2367 2726 1884 4722 727 2959 1522 2019 4396 649 142 9149 69 2515 2064 1912 1338 1903 975 12985 1735 3675 5078 208 5661
internal_value=0 0.057539 -0.0740505 0.0120114 -0.0410233 0.0630855 0.0255397 0.0636128 0.0586283 -0.0655115 -0.00666557 -0.0195375 0.010824 -0.000169354 0.0323874 0.0610619 -0.0270515 -0.0410967 0.061974 0.0579141 0.0446902 0.041639 0.0719802 0.00203379 -0.0791806 -0.0528558 0.00148251 0.0145754 -0.0351265 0.00993912
internal_weight=0 4464.45 3468.99 484.821 466.395 3979.63 419.855 3958.54 2480.75 272.309 194.086 152.936 284.74 209.869 210.544 2270.2 68.7498 55.9668 2213.07 1316.05 149.82 74.871 1477.79 60.7247 3002.59 64.3415 93.3221 68.7384 24.5837 171.382
internal_count=1074050 59239 1014811 37767 93326 21472 22961 19105 15318 65464 27862 24903 20235 16878 5875 9443 9945 9218 9301 6786 2561 3357 3787 3314 921485 14720 10483 6600 3883 10057
is_linear=0
shrinkage=0.05


Tree=4
num_leaves=31
num_cat=0
split_feature=0 0 83 0 98 59 42 95 42 83 74 0 98 42 95 3 83 129 2 113 102 95 2 141 2 82 82 0 3 114
split_gain=12026.2 434.944 211.224 191.791 133.222 77.824 73.2335 59.9726 59.522 58.1247 56.5706 38.4966 33.0814 29.7739 27.1952 22.1904 21.2507 19.4665 19.3832 18.0023 17.6143 17.1509 15.4816 15.3045 14.9958 21.0058 14.9573 31.7843 17.9324 12.4868
threshold=0.19204907757119541 0.60678019017954943 0.54966050000000011 0.030380062479932603 5.708333333335001 8.5000000000000018 17.500000000000004 0.7041805000000001 1.0000000180025095e-35 0.58772650000000015 2077.3333333350006 0.7740980979447657 6.3666666666650009 2.5000000000000004 0.97250900000000018 0.014743000000000001 0.53370050000000002 8.5000000000000018 2826.5000000000005 2.5000000000000004 0.14000000000000004 0.46287300000000003 1288875.0000000002 11.500000000000002 910.00000000000011 582.50000000000011 635.50000000000011 0.0088049481694041625 0.06463300000000001 2.5000000000000004
decision_type=2 2 2 2 2 2 2 2 2 2 2 2 2 2 2 2 2 2 2 2 2 2 2 2 2 2 2 2 2 2
left_child=3 2 -2 26 13 8 7 12 11 -6 16 21 23 14 -5 -11 -7 -10 -13 -9 -20 29 -16 -4 25 -19 -1 -28 -29 -3
right_child=1 5 6 4 9 10 -8 19 17 15 -12 18 -14 -15 22 -17 -18 24 20 -21 -22 -23 -24 -25 -26 -27 27 28 -30 -31
leaf_value=-0.075808581527697302 -0.070927999431305677 -0.056370395936021334 -0.020644745901652779 -0.040710219686943959 -0.074823542858811959 -0.061322234494651885 0.059466014966471727 0.018645607152959456 0.068683985905424114 0.028539082386226891 -0.077712078922905659 0.065072251661638963 -0.04091987166980661 0.037793052497355394 0.014639847373804766 -0.037484067509936457 0.038472945339224768 -0.063575938942107682 0.05719155530478779 0.050292938964220095 0.044082224500324535 0.035076477838590414 -0.06404598002593298 0.026882777085309735 0.056489294667342239 0.043231774817043232 -0.072726859706239808 0.05520117445330619 -0.048909064346340334 0.040171335003187029
leaf_weight=2915.6742431443417 68.808178596955258 9.4780900729820114 27.250335874618031 55.032384609861765 198.90201957442332 5.4993556758854529 106.04912499361672 139.94566663145088 1768.6277673577424 16.314202497247607 11.744487303774802 490.48761632153764 62.030113577027805 34.814106996986084 60.990851963229943 57.872534682508558 177.9658036759356 6.5134044897276935 867.18270583916456 66.188719810568728 363.70882947184145 118.56086019543 6.9650929307099423 44.760538688511588 125.21376749803312 15.69765675999224 45.267582463566214 9.122496770811269 7.5669191571651018 5.1797737001907072
leaf_count=906765 16552 1095 2892 12532 56384 933 1996 7137 3681 910 1714 1517 9119 2345 5405 10071 3678 192 4212 1569 1272 2348 1435 2746 532 107 12985 338 1397 191
internal_value=0 0.053841 0.010614 -0.0707802 -0.0396019 0.0594548 0.0231878 0.0118781 0.0610485 -0.0607358 0.0286715 0.0546632 -0.0141565 -0.00302808 -0.0145833 -0.0229651 0.0354816 0.0672289 0.0566672 0.0288074 0.053318 0.0287684 0.006575 0.00889742 0.049773 0.0119104 -0.075292 -0.0509819 0.00799798 -0.0222546
internal_weight=0 4480.89 515.033 3408.52 430.891 3965.86 446.224 340.175 3770.65 273.089 195.21 1854.6 134.041 157.802 122.988 74.1867 183.465 1916.05 1721.38 206.134 1230.89 133.219 67.9559 72.0109 147.425 22.2111 2977.63 61.957 16.6894 14.6579
internal_count=1074050 63483 42011 1010567 89082 21472 25459 23463 15147 67365 6325 10635 14757 21717 19372 10981 4611 4512 7001 8706 5484 3634 6840 5638 831 299 921485 14720 1735 1286
is_linear=0
shrinkage=0.05


Tree=5
num_leaves=31
num_cat=0
split_feature=0 0 83 0 98 59 59 42 83 83 42 0 42 82 42 107 95 82 82 0 3 115 131 39 34 82 0 0 2 126
split_gain=10847.4 385.675 176.547 173.073 120.384 69.3448 62.4373 54.6953 48.1493 47.2093 41.73 32.427 26.7088 27.856 25.3467 24.7544 24.0822 21.0138 20.0314 18.3446 16.8967 16.0003 15.7186 14.6119 14.3035 13.1666 13.2972 12.2659 18.1471 14.1581
threshold=0.19204907757119541 0.60678019017954943 0.54966050000000011 0.030380062479932603 5.708333333335001 7.5000000000000009 4.5000000000000009 1.0000000180025095e-35 0.53370050000000002 0.58772650000000015 1.0000000180025095e-35 0.86620967868038068 207.50000000000003 597.50000000000011 51.500000000000007 1.5000000000000002 1.2008335000000001 689.50000000000011 577.50000000000011 0.12800136274409843 0.028880000000000006 0.072542000000000009 9.5000000000000018 2164.0000000000005 943.50000000000011 669.50000000000011 0.016616566037286794 0.86620967868038068 642.50000000000011 0.044955000000000002
decision_type=2 2 2 2 2 2 2 2 2 2 2 2 2 2 2 2 2 2 2 2 2 2 2 2 2 2 2 2 2 2
left_child=3 2 -2 25 12 7 10 11 -7 -6 16 -3 13 15 18 20 -4 -13 -8 -11 -5 -9 -19 27 -12 -1 -27 28 -10 -30
right_child=1 5 6 4 9 8 14 21 23 19 24 17 -14 -15 -16 -17 -18 22 -20 -21 -22 -23 -24 -25 -26 26 -28 -29 29 -31
leaf_value=-0.072316869395272224 -0.064603713293094139 0.03686244819182169 -0.00081277657655056128 0.024363251955609937 -0.071551373705157822 -0.067861085440825003 -0.053751567956007384 0.055919268325823848 -0.070655284927834336 -0.041315651554424182 -0.066178681983723245 0.055582430724023073 0.066784506679274533 0.016666401694891923 0.043831340576427576 -0.050213105784968431 0.03668528423436869 -0.0079561614002900804 -0.0046230777152851494 0.012714572992155879 -0.051339688635387376 0.066413729801362856 0.061970675933140387 -0.074980432940492101 0.055459198641792266 -0.062841174190982632 0.048616401956328659 0.046924255526200387 0.031443613403905613 -0.084499071462741909
leaf_weight=2928.9404557138914 68.364825139346067 307.07240382104646 90.440044772345573 26.810771670541726 193.27693621761864 12.258666338399051 28.167701111407951 485.99027581419796 5.0191834947327143 49.966718176903669 2.4586139913881189 1484.9872336904518 12.385284118587149 59.789138449938037 19.946886129095219 50.855038277804852 81.314087458420545 22.930758409202099 78.771711400826462 22.914405197836459 10.165539635345338 1437.5163447204977 12.37267032265663 3.0134767326526335 142.17599989892915 6.6198468927759659 4.4916655535344034 110.20324867172167 75.721272474620491 2.7279037463013074
leaf_count=920295 16552 5499 7356 2543 56384 2192 5729 2068 592 8987 354 4809 231 4943 782 11668 2417 61 6388 1994 2332 2350 24 453 2433 1101 89 929 2237 258
internal_value=0 0.0510372 0.0101854 -0.0677943 -0.0380158 0.0563156 0.0217198 0.0578772 0.0282812 -0.0586204 0.0336035 0.0516826 -0.00374157 -0.00965867 -0.00791202 -0.0275788 0.01694 0.0546761 -0.0175635 -0.0243281 0.00355097 0.0637622 0.0165509 0.0342734 0.0533915 -0.0721108 -0.0177861 0.0359734 0.0215149 0.027412
internal_weight=0 4471.45 511.64 3366.22 426.164 3959.81 443.275 3750.87 208.944 266.158 316.389 1827.36 160.006 147.62 126.886 87.8313 171.754 1520.29 106.939 72.8811 36.9763 1923.51 35.3034 196.685 144.635 2940.05 11.1115 193.672 83.4684 78.4492
internal_count=1074050 63483 42011 1010567 89082 21472 25459 14811 6661 67365 12560 10393 21717 21486 12899 16543 9773 4894 12117 10981 4875 4418 85 4469 2787 921485 1190 4016 3087 2495
is_linear=0
shrinkage=0.05


Tree=6
num_leaves=31
num_cat=0
split_feature=0 0 0 83 98 118 42 42 83 83 114 0 98 152 98 95 91 82 42 70 70 129 86 95 82 0 90 83 83 0
split_gain=9802.09 346.483 163.419 155.373 107.67 65.5976 53.5055 51.7979 50.917 42.1725 34.7465 34.1738 30.1971 26.278 24.1129 23.1123 20.1993 19.4665 19.1702 17.4525 21.7031 16.3475 16.0548 15.5791 14.456 13.8246 14.3642 20.9541 13.1609 21.4587
threshold=0.19204907757119541 0.60678019017954943 0.030380062479932603 0.56680450000000004 5.708333333335001 0.015573000000000002 1.0000000180025095e-35 2.5000000000000004 0.5414135000000001 0.58772650000000015 1.5000000000000002 0.94875966535953815 8.7083333333350019 0.077796000000000018 69.125000000000014 1.5939485000000002 18.500000000000004 681.50000000000011 207.50000000000003 30.500000000000004 104.50000000000001 7.5000000000000009 0.063933000000000004 1.2008335000000001 670.50000000000011 0.86620967868038068 1.5000000000000002 0.56930650000000005 0.63917850000000009 0.0088049481694041625
decision_type=2 2 2 2 2 2 2 2 2 2 2 2 2 2 2 2 2 2 2 2 2 2 2 2 2 2 2 2 2 2
left_child=2 3 28 10 13 8 12 11 -3 -6 -2 15 23 18 -8 21 24 -13 19 -4 -21 -7 25 -5 -11 26 27 -10 -1 -30
right_child=1 5 4 6 9 7 14 -9 22 16 -12 17 -14 -15 -16 -17 -18 -19 -20 20 -22 -23 -24 -25 -26 -27 -28 -29 29 -31
leaf_value=-0.069834003452735702 -0.052545735257699858 -0.044831925656604543 0.01536855570477158 0.0048927681918549334 -0.068382016915495114 0.040985713603184711 0.05092067582557646 0.062473109536097075 -0.08455504218359175 -0.051876928045062304 0.015117870192576849 0.056147847722756911 -0.022464025610327953 0.028808616972242469 -0.036091389694686428 0.052189778482245944 0.010212732064456572 0.020352853752000313 0.056248989595063963 -0.056783066247745276 -0.0057541459445940475 0.02049373926887739 0.075633924037741468 0.035518047387488552 0.059566014367422641 0.042762770739798617 0.032324401138942561 0.011381264233810339 -0.063479438808745306 0.010992446759573718
leaf_weight=2840.4097328368807 98.526632097724359 21.316583269857801 24.170913656242192 85.087127221398987 188.27928851504112 347.79943216312677 158.46393802470993 1463.0850949673913 7.1215591847430906 41.929555845272262 23.498242683941498 1352.1386413564906 56.534507660311647 44.478256218018942 8.38339756708592 345.44648483977653 27.538328916707542 39.080224569886923 8.4269233979284746 44.456445644551422 39.2183251856477 135.14184519054834 22.888986622914672 81.113217751029879 3.1269339215941718 121.60807590954937 59.452334248227999 28.348362243268639 36.905994203058071 13.108724829857236
leaf_count=908626 21369 2933 2804 6127 56384 4274 2964 2838 808 8159 2343 2913 5811 3175 1213 1842 2787 108 210 10193 5335 2680 23 2184 35 768 1450 835 11402 1457
internal_value=0 0.048431 -0.0651445 0.00971823 -0.0360648 0.0534534 0.0251393 0.0551693 0.0292175 -0.055899 -0.0395158 0.050355 0.00910186 -0.00387685 0.0465487 0.0423149 -0.0235234 0.0551423 -0.0163802 -0.0220553 -0.0328658 0.0352514 0.0358105 0.0198393 -0.0441428 0.0316008 0.0173009 -0.00788058 -0.0693863 -0.0439606
internal_weight=0 4455.03 3312.05 511.607 421.625 3943.43 389.582 3682.69 260.736 260.874 122.025 2219.61 222.735 160.751 166.847 828.388 72.5948 1391.22 116.273 107.846 83.6748 482.941 239.419 166.2 45.0565 216.53 94.9223 35.4699 2890.42 50.0147
internal_count=1074050 63483 1010567 42011 89082 21472 18299 14655 6817 67365 23712 11817 14122 21717 4177 8796 10981 3021 18542 18332 15528 6954 3884 8311 8194 3861 3093 1643 921485 12859
is_linear=0
shrinkage=0.05


Tree=7
num_leaves=31
num_cat=0
split_feature=0 0 0 83 83 42 0 138 83 91 72 47 147 84 39 42 42 95 117 96 99 47 79 102 110 95 113 95 95 84
split_gain=8940.69 289.856 183.482 132.367 108.899 61.0857 62.5965 52.1051 47.6515 38.8487 25.0939 21.4019 21.6683 20.7273 20.6011 18.8838 18.4201 17.9495 17.8364 16.1224 24.3189 16.7959 16.1686 15.7774 15.696 15.6149 15.2636 15.1843 15.1018 16.02
threshold=0.21467259749339032 0.60678019017954943 0.030380062479932603 0.54966050000000011 0.57480350000000013 7.5000000000000009 0.86620967868038068 0.029091500000000003 0.55671950000000014 11.500000000000002 1.0000000180025095e-35 968.50000000000011 1.5000000000000002 8.5000000000000018 2.5000000000000004 336.50000000000006 14.500000000000002 1.3482345000000002 0.09122050000000001 0.014743000000000001 0.09271900000000001 1052.5000000000002 2.5000000000000004 0.20759250000000004 14.500000000000002 2.2745200000000003 2.5000000000000004 0.76547350000000003 0.43645450000000002 3.5000000000000004
decision_type=2 2 2 2 2 2 2 2 2 2 2 2 2 2 2 2 2 2 2 2 2 2 2 2 2 2 2 2 2 2
left_child=2 3 -1 -2 14 6 8 10 11 18 25 -3 -13 27 15 -4 19 23 -6 -11 21 -21 -23 -8 -25 26 -5 -10 29 -12
right_child=1 5 4 7 9 -7 17 -9 13 16 28 12 -14 -15 -16 -17 -18 -19 -20 20 -22 22 -24 24 -26 -27 -28 -29 -30 -31
leaf_value=-0.067081875543198194 -0.059310742180849418 0.038473025630260553 -0.039641214174637403 -0.053997486162822343 -0.046631527793438786 0.060182049951635869 0.046915620732913971 0.047690168485808551 0.00013089985086607003 0.020362149432931669 -0.039053362355040012 -0.065597185770952846 0.048251733506042851 0.041803023064729855 -0.065260789721515014 0.058188131457858221 0.054662696214056519 0.055200802553637934 0.03251095469185223 -0.05820888742600009 0.029398792147483466 0.024563690270136048 -0.049966901929330454 0.035221543725152814 -0.055332487748109227 0.025406326007511661 0.021455741874273744 0.034204791596784266 0.022908260885728102 0.012713895397700634
leaf_weight=2840.2018231020193 60.542810995422769 10.602951868437229 34.910427734663244 31.572436400107108 67.039680119312834 1241.359498455422 1081.8495071842335 119.5215555873001 60.277319824090227 55.608788745710626 22.731446760590188 22.986536833923314 5.1080507971346369 358.85552162269596 178.27722866210388 5.7444409198360509 17.030061887053307 1058.011683661025 7.9649867549305773 29.366927510302048 22.852476334781386 18.241976035351403 12.105972424091304 13.467614918947222 7.4228315679356447 12.82513541379012 8.5089541050838289 71.45394597412087 178.9409966255771 43.628932340245228
leaf_count=921485 14806 288 8206 4148 14523 3221 4509 2198 2494 4199 3703 3221 82 4055 53649 140 480 2443 487 6788 1132 1335 2387 33 33 511 462 1093 8527 3412
internal_value=0 0.0465361 -0.0623859 0.00978296 -0.0326901 0.0510073 0.0467734 0.0197969 0.0313626 -0.00868064 0.00861733 -0.0220544 -0.0448976 0.0355762 -0.0579364 -0.0258181 0.00559794 0.0505483 -0.0382271 -0.00044924 -0.0144656 -0.0312522 -0.00516699 0.0460845 0.00304572 -0.022614 -0.0379794 0.0186133 0.0153533 -0.00501874
internal_weight=0 4409.67 3289.34 478.272 449.143 3931.4 2690.04 417.729 529.284 230.211 298.208 38.6975 28.0946 490.587 218.932 40.6549 155.206 2160.75 75.0047 138.176 82.5674 59.7149 30.3479 1102.74 20.8904 52.9065 40.0814 131.731 245.301 66.3604
internal_count=1074050 59239 1014811 37767 93326 21472 18251 22961 11233 31331 20763 3591 3303 7642 61995 8346 16321 7018 15010 15841 11642 10510 3722 4575 66 5121 4610 3587 15642 7115
is_linear=0
shrinkage=0.05


Tree=8
num_leaves=31
num_cat=0
split_feature=0 0 0 83 83 42 0 42 83 141 95 102 42 91 59 131 0 131 137 91 98 70 0 100 82 0 3 99 96 110
split_gain=8210.37 269.596 174.683 119.266 101.323 60.4369 50.2571 48.1626 36.7269 33.0628 31.3499 26.1207 22.226 24.8898 22.0201 20.5655 19.8711 19.51 18.3981 17.1653 16.8873 16.3239 14.9165 14.8458 14.3674 22.825 13.3586 13.1796 13.319 12.4247
threshold=0.21467259749339032 0.60678019017954943 0.030380062479932603 0.54966050000000011 0.57480350000000013 1.0000000180025095e-35 0.7740980979447657 17.500000000000004 0.55176750000000008 28.500000000000004 0.7041805000000001 0.060856000000000007 2.5000000000000004 43.500000000000007 151.50000000000003 9.5000000000000018 0.94875966535953815 12.500000000000002 0.033969500000000007 18.500000000000004 22.100000000000005 108.50000000000001 0.94875966535953815 1.0000000180025095e-35 635.50000000000011 0.0088049481694041625 0.06463300000000001 0.09271900000000001 0.053324000000000003 17.500000000000004
decision_type=2 2 2 2 2 2 2 2 2 2 2 2 2 2 2 2 2 2 2 2 2 2 2 2 2 2 2 2 2 2
left_child=2 3 24 -2 18 6 14 10 11 12 17 -7 13 27 21 -13 20 -5 29 -11 -8 -3 23 -10 -1 -26 -27 -6 -29 -4
right_child=1 5 4 7 9 8 16 -9 22 19 -12 15 -14 -15 -16 -17 -18 -19 -20 -21 -22 -23 -24 -25 25 26 -28 28 -30 -31
leaf_value=-0.065642748125949418 -0.056864863559484197 0.008173511876384678 -0.028243371260462002 0.0060650643050961179 -0.032233438744740515 0.046929101094569395 0.039678188480210236 0.049179476843785333 0.053519069850568993 -0.053388667890942709 0.021796221762867107 0.020995531636210832 0.043490880385614626 0.02559385055038765 -0.065758035556276462 -0.07090614855721955 0.048840416884872666 -0.033985989137750972 0.012075522197530941 -0.0037619418958102905 0.0036934716256399299 0.041575867471960536 0.0607797679152422 0.028046530333064142 -0.059739997166578032 0.050854158286408671 -0.041180911406458597 0.056880146462109385 -0.027436352096321417 -0.064133571566801356
leaf_weight=2727.3559918889659 59.752303644723725 100.34129660250619 27.915585412993096 74.953130264184438 61.467622408003081 27.528931717970408 543.51833934499882 98.713333300547674 945.65443626535125 48.233602152962703 195.35372223646846 12.390275389654564 30.058555901283398 44.474865991331171 7.7910034565720698 11.966742348042315 1176.0062994451728 51.161665803403594 9.4592621679184941 27.279254104709253 34.684015939943492 57.558770980453119 922.67246740777045 60.882877338444814 42.614158932352439 8.9486765577457827 7.0479970044689244 9.580759410979228 9.1632103275042009 177.08828591112979
leaf_count=906765 14806 3707 6120 5763 12091 263 4581 1818 3155 10739 7907 176 1216 2665 1068 1884 2740 7473 1258 3419 1012 908 1256 722 12985 338 1397 219 982 54617
internal_value=0 0.0445941 -0.0604712 0.00923179 -0.0313713 0.0489447 0.0426228 0.0186311 0.0550713 -0.00833829 0.00925064 0.0135592 0.00489704 -0.00440689 0.0163007 -0.0241563 0.045109 -0.0101827 -0.0561006 -0.0354609 0.0375196 0.0203496 0.0561877 0.0519783 -0.0651164 -0.0406228 0.0103043 -0.0210414 0.015661 -0.0592464
internal_weight=0 4380.93 3230.69 479.934 444.721 3901 1919.9 420.182 1981.1 230.258 321.469 51.8859 154.745 124.686 165.691 24.357 1754.21 126.115 214.463 75.5129 578.202 157.9 1929.21 1006.54 2785.97 58.6108 15.9967 80.2116 18.744 205.004
internal_count=1074050 59239 1014811 37767 93326 21472 14016 22961 7456 31331 21143 2323 17173 15957 5683 2060 8333 13236 61995 14158 5593 4615 5133 3877 921485 14720 1735 13292 1201 60737
is_linear=0
shrinkage=0.05


Tree=9
num_leaves=31
num_cat=0
split_feature=0 0 0 83 98 42 0 42 83 83 0 95 98 83 101 98 82 113 100 95 2 143 126 82 0 0 42 48 129 95
split_gain=7591.93 292.688 143.216 120.048 84.8432 59.7327 52.8683 46.5515 34.1962 33.2312 23.0352 21.925 20.5248 19.4848 19.1784 18.5322 18.1877 17.8911 19.9024 16.6169 15.1811 18.589 14.5328 14.5051 21.1026 14.4371 13.3936 15.9134 13.1246 12.8219
threshold=0.19204907757119541 0.60678019017954943 0.030380062479932603 0.56680450000000004 5.708333333335001 3.5000000000000004 0.86620967868038068 1.0000000180025095e-35 0.58772650000000015 0.5414135000000001 0.53809039466125175 0.75316150000000015 8.7083333333350019 0.54966050000000011 0.033014000000000009 69.125000000000014 601.50000000000011 1.5000000000000002 1.0000000180025095e-35 0.65857850000000007 21926.000000000004 0.18333333333350002 0.051531500000000001 639.50000000000011 0.0032200281855830795 0.12800136274409843 14.500000000000002 1.0000000180025095e-35 7.5000000000000009 1.2008335000000001
decision_type=2 2 2 2 2 2 2 2 2 2 2 2 2 2 2 2 2 2 2 2 2 2 2 2 2 2 2 2 2 2
left_child=2 3 23 10 14 6 9 12 -6 -3 -2 28 29 -12 16 -9 26 18 -7 -20 -8 -22 -16 -1 -25 -10 27 -4 -11 -5
right_child=1 5 4 7 8 17 20 15 25 11 13 -13 -14 -15 22 -17 -18 -19 19 -21 21 -23 -24 24 -26 -27 -28 -29 -30 -31
leaf_value=-0.063896531078480312 -0.047500024475269825 -0.05227328674104284 -0.04885837784620975 0.00076808882524314888 -0.061763797710934598 0.046934346009194571 0.049852072889068212 0.044309162898250119 -0.036262654376573236 0.020191415033167369 -0.068279113451294574 0.037046454480540912 -0.020725960635069703 0.036082000944189722 0.035842918477076352 -0.031096025426194707 0.012080911247529809 0.0578714175553997 -0.079381941852958479 0.027250605967698002 0.037073925608018025 0.055123931308158805 -0.048952532118019129 -0.064121523197189126 0.0034938165876141161 0.012012759409779533 0.02497953716252381 0.013478298495150899 -0.020170503136356807 0.028331231982083149
leaf_weight=2685.7639796624426 96.847832152154297 12.773445935279595 53.462725507211871 86.404869668767788 178.67986868286971 245.19805056112818 1115.6334273208631 157.88132029527333 48.184380861872341 119.6641613796819 6.0970016118953962 307.42865418398287 55.903125590411946 16.787290394539014 38.020818769349717 8.591667475528082 42.508563875104301 1187.1971658612601 5.6755197381135067 10.254920801846309 661.88930506026372 181.82366100884974 5.8273830856196573 27.772609174135141 19.742450951715 22.822501923772506 10.069465318578294 12.662952749407848 24.217029155814089 82.456917945179157
leaf_count=909798 21496 2057 12628 6127 56384 1997 3429 2964 8987 3469 1533 3519 5811 683 2242 1213 3332 1754 467 133 2748 451 1285 9055 2632 1994 729 1501 1448 2184
internal_value=0 0.0425376 -0.0592687 0.00696987 -0.0317969 0.0472316 0.0424306 0.020377 -0.0500991 0.0272562 -0.0368393 0.0295071 0.0055339 0.00827734 -0.00368401 0.0404175 -0.0141222 0.0552651 0.0434159 -0.0107392 0.0460247 0.0409638 0.0245737 -0.0634121 -0.0360274 -0.0207463 -0.0287406 -0.036921 0.013398 0.0142275
internal_weight=0 4382.73 3145.52 510.97 412.239 3871.76 2423.43 391.238 249.687 464.083 119.732 451.31 224.765 22.8843 162.552 166.473 118.704 1448.33 261.128 15.9304 1959.35 843.713 43.8482 2733.28 47.5151 71.0069 76.1951 66.1257 143.881 168.862
internal_count=1074050 63483 1010567 42011 89082 21472 17121 18299 67365 10493 23712 8436 14122 2216 21717 4177 18190 4351 2597 600 6628 3199 3527 921485 11687 10981 14858 14129 4917 8311
is_linear=0
shrinkage=0.05


Tree=10
num_leaves=31
num_cat=0
split_feature=0 0 84 0 98 83 42 42 0 83 95 152 98 59 42 83 99 129 3 83 2 131 0 115 127 113 42 141 82 0
split_gain=7045.02 280.301 137.166 136.855 76.4786 55.7049 51.3154 43.6677 31.5691 25.709 25.2505 24.2419 21.53 21.0625 18.0599 15.1326 19.408 14.9997 14.4952 14.4823 13.9193 14.4969 13.1209 13.1141 13.0959 14.4433 15.2498 13.0801 12.7643 19.0441
threshold=0.19204907757119541 0.68981449621504665 10.000000000000002 0.030380062479932603 8.0833333333350019 0.57480350000000013 1.0000000180025095e-35 1.0000000180025095e-35 0.94875966535953815 0.59229250000000011 0.65857850000000007 0.077796000000000018 22.100000000000005 7.5000000000000009 15.500000000000002 0.61064700000000005 0.047076000000000014 8.5000000000000018 0.043306000000000004 0.5425715000000001 3185.5000000000005 6.5000000000000009 0.94875966535953815 0.073181500000000024 0.084804000000000018 2.5000000000000004 207.50000000000003 401.50000000000006 635.50000000000011 0.0032200281855830795
decision_type=2 2 2 2 2 2 2 2 2 2 2 2 2 2 2 2 2 2 2 2 2 2 2 2 2 2 2 2 2 2
left_child=3 2 5 28 11 19 8 10 12 -6 -4 17 -3 22 15 16 -7 24 -13 -2 21 -9 23 -8 25 26 -5 -15 -1 -30
right_child=1 6 7 4 9 14 13 20 -10 -11 -12 18 -14 27 -16 -17 -18 -19 -20 -21 -22 -23 -24 -25 -26 -27 -28 -29 29 -31
leaf_value=-0.062459552764522808 -0.062482515431149299 0.03423151540457383 -0.021507752578031569 -0.034878199851746713 -0.060219867210107053 0.018746613401204908 0.039335136208674085 0.040906563383989229 0.045493355132577178 -0.019357104452576372 0.021030515101216441 0.035560378945255364 -0.0017622111096778793 0.032277366514196625 0.042966258158707249 0.016546437522516867 -0.040162425867729876 -0.063752949055584832 -0.027269663020170604 -0.02698270257327666 0.047440076334164936 -0.033181875629983995 0.057498101548029382 0.052943932333592285 0.04318325902685665 0.012877573689465977 0.042021661610857602 -0.041941947690620894 -0.062743611585177272 -0.0036086291149535657
leaf_weight=2617.5082822437398 53.031878272420727 619.62667711626273 45.310644476674497 74.480699652514886 169.67228504118975 20.898594008991495 252.12029422866181 15.475888777989896 1157.5535425019916 49.786585832131095 151.63117865798995 40.571862783399411 44.531900671310723 62.259241422987543 24.360207870602608 48.16093862731941 42.243295619846322 16.242869125329889 11.864088240254203 62.6913303748006 210.12850058742333 11.515511978534049 928.25274571916088 594.35423020203598 9.686928498791529 28.971771899261512 7.0578306323150164 6.561969260685145 33.039863196201622 23.157226500799879
leaf_count=906765 13485 6544 5136 15210 53905 980 1352 376 2740 7470 5287 2266 1836 1138 384 2028 4913 4635 1694 9434 2949 1602 1189 1240 460 3197 245 870 11340 3380
internal_value=0 0.0409709 0.0116237 -0.0578359 -0.0308753 -0.0177671 0.0464592 0.0286453 0.0405077 -0.0509497 0.0112437 -0.00755036 0.0318181 0.0523402 0.00397119 -0.00456344 -0.0206648 -0.0186551 0.0213445 -0.043251 0.0430983 0.00929774 0.0533927 0.0488906 -0.0125608 -0.0174471 -0.0282219 0.0252007 -0.0619533 -0.0383758
internal_weight=0 4350.71 685.448 3082.04 408.335 251.386 3665.26 434.062 1821.71 219.459 196.942 188.876 664.159 1843.55 135.663 111.303 63.1419 136.44 52.436 115.723 237.12 26.9914 1774.73 846.475 120.197 110.51 81.5385 68.8212 2673.71 56.1971
internal_count=1074050 63483 46574 1010567 89082 31224 16909 15350 11120 61375 10423 27707 8380 5789 8305 7921 5893 23747 3960 22919 4927 1978 3781 2592 19112 18652 15455 2008 921485 14720
is_linear=0
shrinkage=0.05


Tree=11
num_leaves=31
num_cat=0
split_feature=0 0 0 84 83 42 83 42 0 42 91 83 95 83 137 83 96 91 99 82 39 3 0 83 96 100 117 82 0 3
split_gain=6564.24 210.833 183.268 109.74 91.894 52.2052 51.6935 32.7676 32.1898 31.6481 27.5029 26.6602 24.5021 22.541 19.7905 16.148 16.8948 15.4877 15.4599 14.7396 14.6019 14.6005 12.621 16.0182 23.5333 14.9671 12.3247 12.1873 17.2862 12.6996
threshold=0.23938287544958989 0.68981449621504665 0.030380062479932603 21.000000000000004 0.57387650000000012 2.5000000000000004 0.58104250000000002 4.5000000000000009 0.94875966535953815 38.500000000000007 37.500000000000007 0.56680450000000004 0.75316150000000015 0.54296050000000007 0.023390500000000005 0.5425715000000001 0.0067470000000000004 17.500000000000004 0.09271900000000001 693.50000000000011 20.500000000000004 0.053324000000000003 0.94875966535953815 0.57077500000000014 0.029658500000000004 1.0000000180025095e-35 0.083296000000000023 635.50000000000011 0.0032200281855830795 0.06463300000000001
decision_type=2 2 2 2 2 2 2 2 2 2 2 2 2 2 2 2 2 2 2 2 2 2 2 2 2 2 2 2 2 2
left_child=2 3 27 6 14 8 15 10 12 11 18 -5 -3 -14 -4 -2 -17 26 -6 -10 -9 -20 23 24 25 -7 -8 -1 -29 -30
right_child=1 5 4 9 7 22 17 20 19 -11 -12 -13 13 -15 -16 16 -18 -19 21 -21 -22 -23 -24 -25 -26 -27 -28 28 29 -31
leaf_value=-0.061170711617120732 -0.060413785445133067 0.019111140929936727 -0.055272864240068977 -0.030373512193276511 -0.036635380475948026 0.038993230556940289 -0.020935269873733682 0.042045670594139162 0.045449704269667192 0.054039337987566952 0.012075098639311305 0.026329620067118378 -0.058125979014040985 0.038962855442994528 0.0051852253360359663 0.019935123815218562 -0.035430396378773536 0.026076026904802818 0.037899023456793045 0.0050996849168640918 -0.061144543136282481 -0.02314821811942433 0.057160507759919904 0.05080057837510648 -0.06015738565842467 -0.088418336773343958 0.031765589529076259 -0.061379328779315283 0.034831923367858751 -0.038979326131099348
leaf_weight=2557.8615411721403 43.48115296009928 246.56961410748772 198.79331790370634 22.689569839509204 108.02873320376966 92.914041433483362 47.280661213793792 39.212167936726473 1365.8922807704657 103.82512775773648 66.221220019564498 239.96641987294424 6.0415923047112292 570.27655430324376 14.524902958713936 18.114008472766727 57.573923726100475 67.507992866216227 15.372117955586871 23.014112628996372 3.7566900530946432 26.992787797469646 706.8956365941558 607.97820570762269 6.8438240227987981 2.3635791845154008 14.4948352209758 31.981129145482555 10.837480156449603 12.60619101882912
leaf_count=906765 11101 5269 61721 3369 22463 758 4235 1316 3148 721 4924 6955 704 3986 1996 1048 8496 1836 728 64 1070 3245 863 1425 483 209 432 11340 626 2754
internal_value=0 0.0403506 -0.0554849 0.0132779 -0.0268425 0.0449384 -0.0123753 -0.00686211 0.0401382 0.0306693 -0.0147741 0.0214313 0.0323017 0.0379451 -0.0511563 -0.0361304 -0.02218 0.00952128 -0.0265963 0.0447811 0.0330239 -0.000997209 0.052431 0.0477228 0.0293996 0.0358325 -0.00856968 -0.0606681 -0.0374719 -0.00485805
internal_weight=0 4243.72 3086.19 614.934 472.902 3628.79 248.453 259.584 2211.79 366.481 216.615 262.656 822.888 576.318 213.318 119.169 75.6879 129.283 150.394 1388.91 42.9689 42.3649 1417 710.1 102.121 95.2776 61.7755 2613.29 55.4248 23.4437
internal_count=1074050 55102 1018948 38193 97463 16909 27148 33746 13171 11045 31360 10324 9959 4690 63717 20645 9544 6503 26436 3212 2386 3973 3738 2875 1450 967 4667 921485 14720 3380
is_linear=0
shrinkage=0.05


Tree=12
num_leaves=31
num_cat=0
split_feature=0 0 0 59 83 42 42 42 83 0 91 59 98 83 137 91 77 91 82 90 152 84 82 83 42 102 83 107 0 2
split_gain=6123.96 204.472 181.051 99.9425 85.1738 53.5501 43.7722 30.9628 27.6613 26.3963 24.295 21.8681 18.7689 18.7653 17.7096 15.602 14.8707 14.8116 14.6947 14.1123 12.2286 11.9421 11.84 11.8119 15.6306 12.1912 11.5365 13.8958 11.842 10.9217
threshold=0.23938287544958989 0.68981449621504665 0.030380062479932603 6.5000000000000009 0.57387650000000012 1.0000000180025095e-35 1.0000000180025095e-35 8.5000000000000018 0.5425715000000001 0.94875966535953815 20.500000000000004 7.5000000000000009 22.100000000000005 0.56212650000000008 0.023390500000000005 13.500000000000002 8.5000000000000018 35.500000000000007 607.50000000000011 1.5000000000000002 0.064897500000000011 8.5000000000000018 614.50000000000011 0.59284850000000011 951.00000000000011 0.10297100000000002 0.63917850000000009 1.0000000180025095e-35 0.0019437620776660012 3901.0000000000005
decision_type=2 2 2 2 2 2 2 2 2 2 2 2 2 2 2 2 2 2 2 2 2 2 2 2 2 2 2 2 2 2
left_child=2 3 26 6 14 9 13 10 -5 12 18 16 21 -2 -4 -10 -7 -15 -6 22 -18 -3 29 24 25 -13 -1 -28 -29 -8
right_child=1 5 4 8 7 11 19 -9 15 -11 -12 23 -14 17 -16 -17 20 -19 -20 -21 -22 -23 -24 -25 -26 -27 27 28 -30 -31
leaf_value=-0.06005668765723824 -0.048875248021952221 0.01981875075311134 -0.053527270323852322 -0.058505630047280599 -0.043563524659337383 0.052002557188447832 -0.061510047066740008 0.035829230512475274 -0.03016279640664293 0.042072727113044203 0.0033076069844344583 0.0060847406898822927 -0.0024844013731842268 0.0010376909065571182 0.0029297633542247452 0.0075686165980839619 0.014977563042116202 0.027200127588505714 -0.0068040267803017515 0.046477560054937639 0.048678638884069952 0.035832811182977223 0.052591620579640577 0.042723336709727354 0.058160453479028651 -0.067258453733186688 -0.057762418482249368 -0.060720737427098895 0.026226569874153123 0.013240469393676978
leaf_weight=2501.9176338090911 13.344264257117173 156.68687513750046 195.50745009805541 40.317674649704713 71.887366116163321 1617.0481007928029 5.7649927351158103 36.68886109063169 51.511330390174408 1141.9041733809281 108.1521403901279 16.53285394480918 42.938440370722674 127.0336433792254 14.952671058825215 58.526721819886006 50.77118802908808 94.224950390169397 43.722248142468743 172.9593642699765 57.290893097408116 452.97572610841598 16.514769867993891 34.065299056586809 8.8650642500724626 8.6199398152530176 26.041723721078597 5.6888898282777545 12.566727234167045 32.068352651782334
leaf_count=908626 2466 2605 61721 10705 16904 3143 853 1665 6994 2740 10115 798 1836 7481 1996 4034 468 2254 5062 2135 170 3939 102 236 55 919 10218 1791 850 1169
internal_value=0 0.0390372 -0.0543415 0.0123316 -0.0258607 0.0435947 0.023857 -0.0067456 -0.0230757 0.0374884 -0.0137263 0.0497056 0.0294668 0.00870641 -0.0495161 -0.0100943 0.0508025 0.0121792 -0.0296615 0.0394939 0.0328447 0.0317171 0.0172689 0.0219116 0.00107092 -0.0190502 -0.0596089 -0.0343155 -0.000868305 0.00185009
internal_weight=0 4199.96 3017.13 612.266 470.911 3587.7 461.91 260.451 150.356 1794.51 223.762 1793.19 652.601 234.603 210.46 110.038 1725.11 221.259 115.61 227.307 108.062 609.663 54.3481 68.0832 34.0179 25.1528 2546.21 44.2973 18.2556 37.8333
internal_count=1074050 55102 1018948 38193 97463 16909 16460 33746 21733 11120 32081 5789 8380 12201 63717 11028 3781 9735 21966 4259 638 6544 2124 2008 1772 1717 921485 12859 2641 2022
is_linear=0
shrinkage=0.05


Tree=13
num_leaves=31
num_cat=0
split_feature=0 0 0 83 98 42 0 56 83 83 91 91 112 59 42 70 83 82 117 3 82 83 107 138 110 0 0 83 102 116
split_gain=5719.16 242.552 130.021 87.9603 67.4321 61.5637 40.3185 37.713 29.4581 27.0624 22.1985 19.9864 18.2668 18.1273 16.3763 16.3001 16.329 14.672 12.9994 12.3896 11.773 11.682 13.533 11.5792 11.4727 10.8608 10.8597 12.1847 18.5188 10.6996
threshold=0.19204907757119541 0.60678019017954943 0.030380062479932603 0.56680450000000004 5.708333333335001 1.0000000180025095e-35 0.7740980979447657 1.0000000180025095e-35 0.54783550000000003 0.58772650000000015 17.500000000000004 18.500000000000004 1.5000000000000002 2.5000000000000004 6.5000000000000009 108.50000000000001 0.57387650000000012 682.50000000000011 0.08230750000000002 0.014743000000000001 575.50000000000011 0.63917850000000009 1.0000000180025095e-35 0.029091500000000003 1184.5000000000002 0.0019437620776660012 0.94875966535953815 0.57231250000000011 0.08823700000000001 0.0017535000000000003
decision_type=2 2 2 2 2 2 2 2 2 2 2 2 2 2 2 2 2 2 2 2 2 2 2 2 2 2 2 2 2 2
left_child=2 3 21 12 14 6 15 10 24 -6 18 17 -2 -10 20 16 -3 -8 -5 -11 -4 -1 -23 -12 -7 -24 27 28 -15 -13
right_child=1 5 4 7 9 8 11 -9 13 19 23 29 -14 26 -16 -17 -18 -19 -20 -21 -22 22 25 -25 -26 -27 -28 -29 -30 -31
leaf_value=-0.059157039001242008 -0.042028518520377339 -0.038592069135469836 -0.035735849735939705 -0.018643358552023832 -0.056261646620013185 0.014240918410458948 0.030297414996232765 0.043147061539399699 0.051482277742997844 0.019178139003930617 0.010481640650457525 0.01892747244378172 0.013845905592957009 0.028721028513557168 0.030742367450056186 0.032885951930174066 0.0097967698047240429 -0.015223380143741184 0.023092521428014524 -0.030676174650925876 -0.0021415640810896015 -0.056847408549935821 -0.059778629475221258 0.039030740547305653 -0.063978097503096631 0.024632933504977594 0.048672621280038769 0.037649846186551705 -0.047960411430144165 0.041694677887566235
leaf_weight=2428.7267650233989 98.119505287788343 21.874280287651345 35.084112591866869 91.209993095952086 165.25504009565338 26.13905815535691 445.09308535105083 96.290704448416363 1398.8697760987561 16.128624105709605 136.58942895790096 53.997843565419316 17.190435381839052 27.925698859384283 28.76515769213438 57.80241413472686 85.897694120765664 18.43464096263051 23.45484943385236 54.819945412396919 101.60800397308776 25.06546987418551 5.4080114063108367 47.997567741200328 5.7124513196758917 12.901050953427328 191.66858082357794 203.10693990206346 10.965183044550939 1164.3646739879623
leaf_count=908626 22233 2219 8504 9468 56384 1022 3514 1430 2787 910 5838 651 1479 389 1557 1024 2440 59 836 10071 11656 10218 1791 727 1038 850 404 1179 637 4109
internal_value=0 0.0370293 -0.0544108 0.00472758 -0.0280259 0.0414748 0.0350061 0.0159298 0.0478848 -0.0451723 0.007172 0.0373237 -0.0336987 0.0487134 -0.00354806 0.0114645 -2.46242e-05 0.028487 -0.0101062 -0.0193429 -0.010764 -0.0586977 -0.0329779 0.0179052 0.000212625 -0.000300003 0.039782 0.0327404 0.0071009 0.0406856
internal_weight=0 4222.7 2873.76 510.852 401.661 3711.85 1847.46 395.543 1864.39 236.204 299.252 1681.89 115.31 1832.54 165.457 165.574 107.772 463.528 114.665 70.9486 136.692 2472.1 43.3745 184.587 31.8515 18.3091 433.666 241.998 38.8909 1218.36
internal_count=1074050 63483 1010567 42011 89082 21472 14016 18299 7456 67365 16869 8333 23712 5396 21717 5683 4659 3573 10304 10981 20160 921485 12859 6565 2060 2641 2609 2205 1026 4760
is_linear=0
shrinkage=0.05


Tree=14
num_leaves=31
num_cat=0
split_feature=0 0 0 83 56 83 95 42 42 91 115 47 39 79 2 138 98 99 72 42 70 91 82 82 115 72 3 82 83 3
split_gain=5349.06 186.933 171.71 113.173 79.5637 73.5551 46.2545 45.9876 27.2967 21.5895 19.1929 18.1619 17.42 14.6507 13.9756 13.5743 12.3009 12.0718 11.6959 11.6561 11.576 11.5649 13.5063 12.2408 11.4385 11.2296 11.1401 10.4876 10.4587 11.2326
threshold=0.23938287544958989 0.7740980979447657 0.030380062479932603 0.55341550000000017 1.0000000180025095e-35 0.5732290000000001 0.7041805000000001 1.0000000180025095e-35 4.5000000000000009 37.500000000000007 0.041374500000000008 997.50000000000011 2.5000000000000004 12.500000000000002 2826.5000000000005 0.033014000000000009 7.083333333335001 0.09271900000000001 1.0000000180025095e-35 336.50000000000006 119.50000000000001 16.500000000000004 564.50000000000011 682.50000000000011 0.095544500000000018 2.5000000000000004 0.053324000000000003 705.50000000000011 0.63917850000000009 0.06463300000000001
decision_type=2 2 2 2 2 2 2 2 2 2 2 2 2 2 2 2 2 2 2 2 2 2 2 2 2 2 2 2 2 2
left_child=2 3 28 11 6 12 13 10 9 17 -3 -2 19 -5 -12 21 -9 -7 20 -4 -8 22 -16 -24 -6 -18 -19 -20 -1 -30
right_child=1 7 5 4 24 8 18 16 -10 -11 14 -13 -14 -15 15 -17 25 26 27 -21 -22 -23 23 -25 -26 -27 -28 -29 29 -31
leaf_value=-0.058259128354840373 0.011261232670745334 0.021064979945823584 -0.029040272771135141 -0.0010666494705031417 0.034486556399710454 -0.033832579024407887 -0.013365563053839753 0.049948670241397181 0.028402925788529695 0.008633457188740026 0.045496238456422457 -0.050109800518326301 -0.054900830836429548 -0.033404574590432272 -0.05944456186927493 0.049578618902993032 0.03090412955540538 0.031733716832478658 0.0257678530399023 0.048005574369577239 0.035187361205845889 0.035719145850784666 0.0270287286057826 -0.030014009760074841 0.056566332327855295 0.05472565586627836 -0.021870573298248555 -0.096937424290654203 0.0062837594308845016 -0.050078871355637003
leaf_weight=2358.5791844911873 14.596266530686988 185.86514944094233 34.240310828725342 119.59050576889422 112.60088507679757 109.5383823402226 42.053553285775706 1355.1127370093018 44.473923651385121 69.016539710457437 446.78165164822713 69.246913987095468 159.78181453672005 49.530812175828032 4.9569089356809846 136.49855808494613 172.99216480669565 15.294035882921888 302.96693409746513 5.7306368910940355 17.337574989185669 688.0213650749065 185.16387096839026 9.9080618396401388 122.43989111320116 69.287504500709474 26.462998621165752 1.7514329850673664 12.658492353861218 29.301384601392783
leaf_count=908626 1231 2144 7990 7811 2045 22935 2138 2466 2460 5024 1380 16049 54916 5892 171 402 1643 735 6722 143 303 2789 1408 39 300 164 3260 5 2280 10579
internal_value=0 0.0365813 -0.0524343 0.0157332 0.0217529 -0.0246088 0.0110701 0.0420397 -0.00732799 -0.0145409 0.0362044 -0.0394257 -0.0475157 -0.0105375 0.0381169 0.0348989 0.0480934 -0.0251124 0.0211063 -0.0179942 0.000808102 0.0326426 0.0220603 0.0241314 0.0459886 0.0377166 -0.00223733 0.0250626 -0.0578189 -0.0330753
internal_weight=0 4106.7 2865.08 852.115 768.272 464.539 533.231 3254.59 264.786 220.312 1657.2 83.8432 199.753 169.121 1471.33 1024.55 1597.39 151.295 364.109 39.9709 59.3911 888.05 200.029 195.072 235.041 242.28 41.757 304.718 2400.54 41.9599
internal_count=1074050 55102 1018948 42496 25216 97463 22871 12606 34414 31954 8333 17280 63049 13703 6189 4809 4273 26930 9168 8133 2441 4407 1618 1447 2345 1807 3995 6727 921485 12859
is_linear=0
shrinkage=0.05


Tree=15
num_leaves=31
num_cat=0
split_feature=0 0 59 83 42 0 83 79 115 42 0 95 142 77 0 101 138 131 82 70 66 114 129 82 72 2 42 91 47 48
split_gain=5032.86 286.552 104.747 102.537 65.3973 55.2511 41.6094 28.5804 19.922 17.7436 16.1696 15.2627 15.1515 15.0746 14.9228 29.3138 17.0109 14.7817 14.6517 14.0492 12.6717 13.9693 12.5042 12.0917 14.7185 13.3865 11.8673 11.8464 10.8601 10.1848
threshold=0.37969951586789719 0.043984350660107828 7.5000000000000009 0.57387650000000012 2.5000000000000004 0.86620967868038068 0.5414135000000001 6.5000000000000009 0.095544500000000018 1.0000000180025095e-35 0.86620967868038068 1.8222090000000002 1.0000000180025095e-35 8.5000000000000018 0.0088049481694041625 0.030463500000000001 0.035427000000000007 86.500000000000014 631.50000000000011 129.50000000000003 0.086694000000000007 1.5000000000000002 8.5000000000000018 576.50000000000011 1.5000000000000002 593143.50000000012 56.500000000000007 11.500000000000002 182.50000000000003 1.0000000180025095e-35
decision_type=2 2 2 2 2 2 2 2 2 2 2 2 2 2 2 2 2 2 2 2 2 2 2 2 2 2 2 2 2 2
left_child=1 14 4 17 5 8 19 9 13 -5 27 22 -9 -2 -1 18 -17 26 -16 -4 21 23 -7 24 -6 -26 29 28 -8 -3
right_child=2 3 6 7 20 11 10 12 -10 -11 -12 -13 -14 -15 15 16 -18 -19 -20 -21 -22 -23 -24 -25 25 -27 -28 -29 -30 -31
leaf_value=-0.057919591008404908 0.015490295741715615 -0.044630003145904401 -0.059016005579916611 0.00070885886027770241 -0.069402210427497876 0.038074457535153719 0.034530195504539514 0.056400521999697889 0.031256888696566919 0.030211310355013395 0.029015589445138247 0.044935169168333136 -0.025653928566474637 -0.01913534310597511 -0.054714205963805676 0.050610172166629198 -0.025815306111836901 -0.05875592305781005 -0.0064652779855115944 0.023185316518577522 0.059048862909233384 0.04871249254812917 0.025409510288750926 0.041869633507756833 0.031779708309924902 -0.044312580975747667 0.0086259220648496077 0.014908915001422808 -0.027825660351118581 0.0017317988037096452
leaf_weight=2116.8313011165883 252.84384045249317 87.575762761465739 28.285199325211579 161.18826776189962 4.6371490192832416 811.60616560699418 8.4722751597873849 5.9567053462378672 216.2013009537477 74.528638275747653 107.54790068231523 612.23525598272681 101.29745800851379 35.895955619751476 246.38310053374153 10.469987864722496 23.904625327122631 94.080188511667075 16.807919216982555 6.3682892427314064 220.94928575307131 966.47991155926138 256.47811803035438 178.98343377187848 51.186188206193037 6.5157521250657728 15.495600150956305 75.019118036958389 39.71417553036008 13.698996855237054
leaf_count=836838 7454 24080 6528 14662 334 3023 261 74 3178 2516 930 1435 15191 2171 95465 814 7024 32457 2394 702 225 1948 1167 749 657 190 2168 3178 4104 2133
internal_value=0 -0.0490052 0.0374949 -0.016568 0.0397213 0.0342828 0.00717715 0.000300757 0.0197796 0.0100369 0.0148492 0.0386411 -0.0210968 0.0111857 -0.0564458 -0.0459614 -0.00253726 -0.0440069 -0.0516329 -0.0439098 0.0480395 0.0460255 0.0350332 0.0352644 0.0162999 0.0231873 -0.0321239 0.00248308 -0.0168621 -0.0383588
internal_weight=0 2968.22 3879.42 553.822 3614.01 2185.26 265.407 342.971 504.941 235.717 230.753 1680.32 107.254 288.74 2414.4 297.566 34.3746 210.851 263.191 34.6535 1428.75 1207.8 1068.08 241.323 62.3391 57.7019 116.77 123.206 48.1865 101.275
internal_count=1074050 1035816 38234 93281 22531 18428 15703 32443 12803 17178 8473 5625 15265 9625 942535 105697 7838 60838 97859 7230 4103 3878 4190 1930 1181 847 28381 7543 4365 26213
is_linear=0
shrinkage=0.05


Tree=16
num_leaves=31
num_cat=0
split_feature=0 0 0 79 83 42 0 81 152 83 42 82 99 83 102 107 91 131 3 95 95 152 95 99 102 103 70 42 48 82
split_gain=4731.01 176.595 161.544 65.2429 64.716 61.1333 50.9517 40.7273 39.4653 30.6455 21.2875 20.1365 22.351 19.6864 17.606 15.8398 14.225 12.6414 12.4005 12.1685 11.8675 11.718 11.2231 10.7487 10.4759 11.3638 12.1894 10.2603 9.94658 9.84396
threshold=0.23938287544958989 0.60678019017954943 0.030380062479932603 8.5000000000000018 0.54966050000000011 5.5000000000000009 0.94875966535953815 0.019601000000000004 0.027510500000000004 0.57480350000000013 4.5000000000000009 576.50000000000011 0.046660000000000007 0.58420850000000002 0.10898100000000001 7.5000000000000009 39.500000000000007 220.50000000000003 0.012071500000000002 0.77612700000000012 1.4421790000000001 0.11497300000000001 1.5939485000000002 0.053835000000000008 0.19278150000000002 18.500000000000004 58.500000000000007 1.0000000180025095e-35 1.0000000180025095e-35 633.50000000000011
decision_type=2 2 2 2 2 2 2 2 2 2 2 2 2 2 2 2 2 2 2 2 2 2 2 2 2 2 2 2 2 2
left_child=2 4 29 10 -2 6 8 11 9 14 15 12 -6 -5 23 16 21 27 -12 -7 -11 -4 -10 -3 -8 26 -26 -13 -17 -1
right_child=1 5 3 13 7 19 24 -9 22 20 18 17 -14 -15 -16 28 -18 -19 -20 -21 -22 -23 -24 -25 25 -27 -28 -29 -30 -31
leaf_value=-0.056838258666769392 -0.051178847731824961 0.0029191013678806976 -0.030146120874769429 -0.053906047464101783 -0.00068187921229803617 0.04052067412446278 0.040806987298179047 0.050785449788565189 0.026459862180989498 0.01244703250283769 -0.045583227533714021 0.0070491228229272625 -0.060598100257981659 -0.020963818190568875 -0.056634494608122622 -0.037109819179883333 0.019056314632004343 -0.036090635677289797 0.033073462072027299 0.051197518854940706 0.034422858999414711 0.020304548372391731 0.039875069612303818 -0.074151492937378494 0.050594415082249627 -0.032447402624859532 0.00051778973705799986 0.028655517754620607 0.008742388908966026 -0.035567116391764284
leaf_weight=2209.4862812722567 46.069386357674375 69.392118247109465 44.609915074659511 148.7998368612607 54.992791457450949 404.18698848260101 1318.6834729923867 56.389959280379117 343.05180348304566 169.72163172159344 5.6821248024352817 172.5883484199876 21.709575747256167 65.235266941832379 18.490045502898283 71.256998601427767 49.53611183934845 13.295387782389296 42.41240258992184 785.48477142187767 96.287123674061149 15.511662009754216 285.78170540416613 4.8394850065233177 27.658061670139432 9.0189261594787222 21.675861434079707 80.608507007476874 14.181385923409833 55.763886442757212
leaf_count=904116 13096 2541 9160 53109 4559 2129 3187 288 3862 3228 1230 7993 4088 10252 2184 15709 3316 1665 1882 1544 680 1222 1450 476 59 54 78 1941 1583 17369
internal_value=0 0.0346051 -0.0508427 -0.0237329 0.00493565 0.0383253 0.033674 0.0114053 0.0250072 0.0117736 -0.00601389 0.00493475 -0.0176404 -0.0438657 -0.0129794 -0.0133587 -0.000783191 0.0114324 0.0237806 0.0475701 0.0204016 -0.0171296 0.0325566 -0.00210547 0.0398896 0.019158 0.0285922 0.0139278 -0.0294991 -0.0563146
internal_weight=0 3999.93 2722.48 457.226 445.654 3554.27 2364.6 399.585 987.564 358.73 243.191 343.195 76.7024 214.035 92.7216 195.096 109.658 266.492 48.0945 1189.67 266.009 60.1216 628.834 74.2316 1377.04 58.3528 49.3339 253.197 85.4384 2265.25
internal_count=1074050 55102 1018948 97463 33630 21472 17799 20534 14421 9109 34102 20246 8647 63361 5201 30990 13698 11599 3112 3673 3908 10382 5312 3017 3378 191 137 9934 17292 921485
is_linear=0
shrinkage=0.05


Tree=17
num_leaves=31
num_cat=0
split_feature=0 0 0 83 42 98 0 42 83 83 59 90 95 137 84 83 152 39 42 98 0 3 114 47 116 127 99 82 0 2
split_gain=4435.89 209.521 122.064 67.0042 58.4207 54.3236 53.549 36.1447 29.0773 23.8094 18.4664 17.2801 16.5617 15.3793 13.7356 12.8913 12.5981 11.9977 11.5237 12.517 11.4391 10.2642 9.86109 11.8081 11.7447 11.2969 9.7169 9.67683 12.1953 9.36279
threshold=0.19204907757119541 0.60678019017954943 0.030380062479932603 0.56680450000000004 6.5000000000000009 5.708333333335001 0.86620967868038068 14.500000000000002 0.56680450000000004 0.58772650000000015 3.5000000000000004 1.5000000000000002 1.5939485000000002 0.014476500000000002 10.000000000000002 0.54744950000000003 0.077796000000000018 1038.5000000000002 402.50000000000006 7.083333333335001 0.94875966535953815 0.014743000000000001 2.5000000000000004 1203.5000000000002 0.012392500000000002 0.089601000000000014 0.03842700000000001 633.50000000000011 0.0088049481694041625 10859.000000000002
decision_type=2 2 2 2 2 2 2 2 2 2 2 2 2 2 2 2 2 2 2 2 2 2 2 2 2 2 2 2 2 2
left_child=2 3 27 13 6 16 8 10 11 -7 -5 -3 20 -2 29 -6 22 -13 19 -17 -8 -11 23 25 -25 -4 -15 -1 -29 -10
right_child=1 4 5 7 15 9 12 -9 14 21 -12 17 -14 26 -16 18 -18 -19 -20 -21 -22 -23 -24 24 -26 -27 -28 28 -30 -31
leaf_value=-0.056210858809486966 -0.038298538929813802 -0.055643747423816906 -0.042301242691288585 0.012759689643995929 0.0055511153333784669 -0.052737381066279745 0.023968772395629862 0.039982101905092403 -0.02806269241967195 0.017159706807434023 -0.01351494210730269 0.011409300086375368 0.042054823038652503 0.041028807082060914 0.028224808023555682 0.0461705710106734 0.018161352117211937 -0.070016536069679988 0.05520640103880841 0.025565073965408348 0.035631948779419234 -0.028012300585687835 0.017542876276660874 -0.061626009208930778 0.011681940964700505 0.030295957917994939 -0.067651316003514594 -0.049661387242781969 0.0028716408103788517 0.013588191368870737
leaf_weight=2138.5462965382321 97.776852748444071 17.594477355713025 49.403087598853745 204.93616531149019 18.814719426445663 151.24040921684355 284.88053629151545 91.802079579560086 15.689821887761353 16.28952611819841 99.263182652066462 41.461099517182447 799.80726842954755 10.431317333015611 305.22616116353311 708.26497336290777 46.973929665284231 5.0779517202172419 325.34608037071303 82.261324109742418 802.31421854207292 55.156374273472466 22.422255570301786 6.4373735109111285 36.119964767887723 6.0106888688169411 2.5617747734067953 39.362541154667269 15.35802047542529 96.349368129041977
leaf_count=904116 22878 2332 10905 8359 924 56384 2638 1097 824 910 8843 1362 2009 354 3510 1241 3175 842 511 764 2290 10071 2150 1673 3489 325 480 15362 2007 2225
internal_value=0 0.0329183 -0.0510962 0.00286873 0.0372654 -0.0253236 0.0327961 0.0124844 0.017911 -0.0415003 0.00418602 -0.0134332 0.0365935 -0.031507 0.0227286 0.046594 -0.00380008 0.00252479 0.0472861 0.0440264 0.0325758 -0.0177132 -0.0123688 -0.0192145 0.000593121 -0.0344267 0.019601 -0.0556796 -0.0349173 0.00775546
internal_weight=0 4009.86 2583.32 506.771 3503.09 390.054 2368.4 396.001 481.399 222.686 304.199 64.1335 1887 110.77 417.265 1134.69 167.367 46.5391 1115.87 790.526 1087.19 71.4459 120.393 97.9711 42.5573 55.4138 12.9931 2193.27 54.7206 112.039
internal_count=1074050 63483 1010567 42011 21472 89082 18032 18299 11095 67365 17202 4536 6937 23712 6559 3440 21717 2204 2516 2005 4928 10981 18542 16392 5162 11230 834 921485 17369 3049
is_linear=0
shrinkage=0.05


Tree=18
num_leaves=31
num_cat=0
split_feature=0 0 59 83 42 0 83 42 98 42 0 95 82 95 0 58 0 3 83 82 152 115 2 70 91 101 3 83 99 2
split_gain=4176.42 258.32 92.5678 83.0991 72.3447 46.7245 35.324 23.559 18.3248 18.264 22.2805 17.0524 16.9075 15.7928 15.5656 25.8968 15.0887 14.9245 13.4244 12.7466 12.3887 14.3275 11.4685 11.1562 10.9542 10.9018 10.3631 10.3145 10.2858 9.93504
threshold=0.37969951586789719 0.043984350660107828 7.5000000000000009 0.57261050000000002 1.0000000180025095e-35 0.7740980979447657 0.5414135000000001 1.0000000180025095e-35 10.366666666650003 172.50000000000003 0.86620967868038068 0.45692650000000007 575.50000000000011 0.84649150000000006 0.0088049481694041625 0.023543000000000005 0.86620967868038068 0.026810000000000004 0.54296050000000007 628.50000000000011 0.077111000000000013 0.15140300000000004 2826.5000000000005 129.50000000000003 11.500000000000002 0.015326000000000001 0.028647500000000003 0.54822950000000004 0.03842700000000001 45560.000000000007
decision_type=2 2 2 2 2 2 2 2 2 2 2 2 2 2 2 2 2 2 2 2 2 2 2 2 2 2 2 2 2 2
left_child=1 14 4 18 5 11 23 8 -5 10 12 -2 17 25 -1 19 24 27 -3 -16 21 -9 -15 -4 -8 -7 -17 -6 -20 -21
right_child=2 3 6 7 9 13 16 20 -10 -11 -12 -13 -14 22 15 26 -18 -19 28 29 -22 -23 -24 -25 -26 -27 -28 -29 -30 -31
leaf_value=-0.05607898334051703 -0.022611867387540174 -0.057147361746288608 -0.056803047971681321 -0.0015707191818636172 -0.05628624085820691 0.021446968621467485 -0.018135779323451295 -0.0063017551614113132 -0.032612398480126419 0.052651459737029331 0.044810037258375124 0.014601398860535748 0.035540579922559053 0.043829303657701713 -0.052342298384933574 0.022746689357560926 0.026555891294408326 -0.055797147207589139 -0.010887146806909982 0.024715394619150389 0.038968419723759543 0.054347758247075967 0.032527453804488168 0.017547837937577745 0.012608461438493377 0.042062087442775183 -0.033717772321786188 0.022130804995819153 -0.042541963672006987 -0.047966293462319426
leaf_weight=1921.841775980487 36.166270842775702 84.412944147072267 26.649539032339817 172.6665787451202 4.5257649708073577 377.94239190313965 47.140896266559139 54.873770477308426 65.608467646408826 439.01780159701593 948.07905100286007 206.8702882793732 275.75509748479817 329.06216699583456 224.75333338239579 18.64555389538873 105.64795885235071 8.1060137629974616 41.2115648946492 9.9713697154657002 42.630795354023576 11.83850451314356 706.16552460286766 6.2234728805487967 75.177176657132804 77.236937530338764 14.40315341495443 57.098960140487179 68.01579829963157 8.8968209564336558
leaf_count=836838 3311 31068 6528 16005 586 2844 4365 5390 11019 794 1899 5952 1803 842 94945 2936 930 506 8161 900 1124 104 2813 702 3178 378 4856 803 20410 2060
internal_value=0 -0.0468649 0.0344523 -0.0159225 0.036614 0.0293921 0.00572744 -0.00130031 -0.010118 0.0438395 0.0408488 0.00906369 0.0299784 0.032707 -0.0544827 -0.0433943 0.0127146 0.00798235 -0.0421719 -0.0490285 0.0179147 0.00446087 0.0361199 -0.042727 0.000759754 0.024945 -0.00186142 0.0163718 -0.0305986 -0.00955583
internal_weight=0 2739.77 3726.87 541.258 3466.03 1733.44 260.839 347.618 238.275 1732.58 1293.56 243.037 345.486 1490.41 2198.51 276.67 227.966 69.7307 193.64 243.622 109.343 66.7123 1035.23 32.873 122.318 455.179 33.0487 61.6247 109.227 18.8682
internal_count=1074050 1035816 38234 93281 22531 16140 15703 33642 27024 6391 5597 9263 3698 6877 942535 105697 8473 1895 59639 97905 6618 5494 3655 7230 7543 3222 7792 1389 28571 2960
is_linear=0
shrinkage=0.05


Tree=19
num_leaves=31
num_cat=0
split_feature=0 0 0 83 42 98 0 66 95 95 83 83 83 90 42 82 99 138 42 98 101 118 102 62 113 83 107 72 90 125
split_gain=3944.65 220.694 89.524 66.7341 63.489 49.2012 48.3662 45.1405 30.1732 21.6916 19.5914 17.4658 16.884 16.458 14.8375 14.094 15.832 12.2399 11.9913 14.3919 11.6169 11.2235 12.4115 11.0816 9.91834 9.73549 11.0001 9.53481 11.0593 9.07174
threshold=0.15548050853772452 0.60678019017954943 0.030380062479932603 0.54296050000000007 2.5000000000000004 4.2916666666650007 0.94875966535953815 0.030666000000000002 0.75316150000000015 1.2008335000000001 0.55341550000000017 0.54296050000000007 0.58730450000000012 1.5000000000000002 46.500000000000007 576.50000000000011 0.037673500000000006 0.023543000000000005 542.50000000000011 6.2916666666650007 0.033014000000000009 0.05295600000000001 0.10606700000000001 7.5000000000000009 2.5000000000000004 0.63917850000000009 1.0000000180025095e-35 1.0000000180025095e-35 4.5000000000000009 0.15548650000000003
decision_type=2 2 2 2 2 2 2 2 2 2 2 2 2 2 2 2 2 2 2 2 2 2 2 2 2 2 2 2 2 2
left_child=2 3 25 -2 6 20 8 9 17 14 13 -10 -7 -6 15 16 -5 21 19 -12 -4 22 23 -3 -11 -1 -27 28 -17 -23
right_child=1 4 5 7 10 12 -8 -9 11 24 18 -13 -14 -15 -16 27 -18 -19 -20 -21 -22 29 -24 -25 -26 26 -28 -29 -30 -31
leaf_value=-0.055050364789394873 -0.052883139762979849 0.013803056156360061 -0.011659050529086397 -0.0028995714048904719 -0.047380303616404919 -0.051018299472468276 0.036403916277159519 0.049121097891551786 -0.045435498286370557 0.0077327345403670244 0.044882025169603074 0.028236480996966358 -0.021191855384909017 0.027526848371924557 0.023952907049181314 -0.035879036106406734 -0.048134175335909524 0.034475540161207539 0.053683764028433029 0.027278330653888086 0.02174333773335968 0.014802754060039719 -0.029855108661845181 -0.055750430378787491 0.034198920416635699 -0.052863144743077219 0.0011992042441111052 0.0030088360457745521 0.066576437700911692 -0.05777818758548723
leaf_weight=2019.3879341893771 51.380483194370754 49.329276264994405 81.97693973936839 34.073626836296171 9.5627626490313542 142.11207259827643 1226.4631519797258 56.323762963875197 8.15746165323071 113.1533793900162 823.75368134537712 583.23301184526645 71.229074934439268 31.445804047747515 34.301650822075317 30.231768758967519 44.744750637677498 35.079557458171621 312.14050309010781 135.15419484197628 38.140805259696208 127.35722066473681 43.6901382667711 6.478812091285362 51.515939361415803 21.899340629053768 16.497098012827337 133.97892702271929 2.8852705112658432 4.455739921424537
leaf_count=908626 16865 1348 11994 3628 1032 54181 3212 319 1096 5105 1667 5015 11810 580 1636 3466 9686 449 453 1112 2595 2606 2391 387 1071 10218 2641 8732 5 124
internal_value=0 0.0306902 -0.0506817 0.00138601 0.0354581 -0.0266487 0.0300341 0.00694931 0.0209264 0.00161024 0.0440742 0.0272203 -0.04106 0.0100593 -0.00685329 -0.0111503 -0.028579 0.00695409 0.0451717 0.0424009 -0.00105284 0.00278031 -0.00989641 0.00572853 0.0160125 -0.0545761 -0.0296352 -0.00292931 -0.0269528 0.0123493
internal_weight=0 3948.89 2391.24 552.59 3396.3 333.459 2084.24 501.209 857.781 444.885 1312.06 591.39 213.341 41.0086 280.216 245.914 78.8184 266.391 1271.05 958.908 120.118 231.311 99.4982 55.8081 164.669 2057.78 38.3964 167.096 33.117 131.813
internal_count=1074050 71985 1002065 50513 21472 80580 16628 33648 13416 33329 4844 6111 65991 1612 27153 25517 13314 7305 3232 2779 14589 6856 4126 1735 6176 921485 12859 12203 3471 2730
is_linear=0
shrinkage=0.05


Tree=20
num_leaves=31
num_cat=0
split_feature=0 0 0 42 83 0 98 83 42 138 141 0 83 113 83 95 2 143 141 95 117 89 82 72 129 42 82 0 3 2
split_gain=3714.55 213.315 88.6494 69.0906 65.1975 45.7195 44.5301 31.8597 31.1006 19.639 19.6233 18.7221 16.7104 15.4572 19.9669 14.3719 14.2651 14.6012 13.7214 12.1676 11.0983 11.3442 10.8495 10.7913 10.3465 10.1287 9.70386 11.02 10.1374 9.68315
threshold=0.15548050853772452 0.53809039466125175 0.030380062479932603 1.0000000180025095e-35 0.56680450000000004 0.86620967868038068 4.2916666666650007 0.54744950000000003 18.500000000000004 0.060056500000000006 76.500000000000014 0.94875966535953815 0.58730450000000012 1.5000000000000002 0.57138750000000005 1.2008335000000001 21926.000000000004 0.18333333333350002 59.500000000000007 0.57930100000000018 0.08230750000000002 3.5000000000000004 562.50000000000011 3.5000000000000004 7.5000000000000009 2.5000000000000004 633.50000000000011 0.0019437620776660012 0.06463300000000001 550920.50000000012
decision_type=2 2 2 2 2 2 2 2 2 2 2 2 2 2 2 2 2 2 2 2 2 2 2 2 2 2 2 2 2 2
left_child=2 4 26 5 -2 10 22 -5 15 11 19 13 -8 14 23 20 -7 18 -18 24 21 -6 -4 -9 -3 -24 -1 -28 -29 -16
right_child=1 3 6 7 8 16 12 9 -10 -11 -12 -13 -14 -15 29 -17 17 -19 -20 -21 -22 -23 25 -25 -26 -27 27 28 -30 -31
leaf_value=-0.054658832206574019 -0.037402209780938576 0.0067008331302234013 -0.049013126668182742 -0.010239710072848036 -0.022126592573551124 0.036073530555567619 -0.050214552438912735 -0.023974832146519451 0.03692696144839739 0.053232251389008479 -0.02588182705400098 0.04564435286520116 -0.020374895043418093 0.038557661301491603 0.03354403981763994 0.013963396038884402 0.023031677557537732 0.040497087546153075 -0.032747460353411605 0.02043551481817743 0.02315349054049665 0.010550011362797011 -0.0052340555258392919 0.057660326519419297 -0.039601991628500761 0.031442612185850947 -0.055285714870694329 0.025650769215320685 -0.038223106541955709 -0.0050084937875850633
leaf_weight=1937.1959259457071 102.30298429622781 68.846781228319742 11.110931599512694 29.474833573796786 108.9429105980671 744.02158941794187 137.95890369065455 29.44200460484717 73.238496829755604 324.83144671004266 31.568780786881689 647.4594219783321 71.097126785956789 494.51533476298209 146.61474507465027 115.02939467027318 468.87725069699809 131.99181901104748 11.29093496641144 269.28247008181643 23.127241937676445 35.123960163036827 85.535857807379216 4.693519885884597 14.628276659874244 24.135686823865399 26.16393564658938 11.494053802220153 13.516825435217468 18.322845190530643
leaf_count=904116 26513 2598 3148 2772 12031 2634 54181 1412 1000 464 2939 1153 11810 1777 1163 4093 2286 393 209 4576 816 1729 10526 21 1162 915 12445 1028 3896 244
internal_value=0 0.0298341 -0.0501088 0.0341058 -0.00222862 0.0271081 -0.0261023 0.0412899 0.00789445 0.0422016 0.0118854 0.0395297 -0.0400665 0.0338218 0.0220574 0.000360353 0.0314221 0.0257687 0.0217201 0.0152653 -0.00899853 -0.0141599 -0.00193233 -0.0127503 -0.00141333 0.00283747 -0.0540911 -0.0326003 -0.00886909 0.0292613
internal_weight=0 3893.63 2318.21 3435.86 457.765 1740.51 329.839 1695.35 355.462 1665.88 384.326 1341.05 209.056 693.588 199.073 282.224 1356.18 612.16 480.168 352.758 167.194 144.067 120.782 34.1355 83.4751 109.672 1988.37 51.1748 25.0109 164.938
internal_count=1074050 71985 1002065 25803 46182 16797 80580 9006 19669 6234 11275 5770 65991 4617 2840 18669 5522 2888 2495 8336 14576 13760 14589 1433 3760 11441 921485 17369 4924 1407
is_linear=0
shrinkage=0.05


Tree=21
num_leaves=31
num_cat=0
split_feature=0 0 0 42 59 0 98 56 83 83 83 90 95 91 100 2 95 126 66 95 72 83 39 118 82 116 82 0 42 126
split_gain=3507.6 190.795 99.8959 66.023 57.4549 47.0101 42.1313 30.0461 23.0883 22.2575 21.256 16.3109 13.6484 13.5812 13.2449 11.0152 10.7845 12.6381 10.0922 10.5737 14.9099 11.297 9.70046 9.26552 9.17043 9.1385 9.07267 9.99537 8.67674 8.62114
threshold=0.17215690376152604 0.60678019017954943 0.030380062479932603 6.5000000000000009 4.5000000000000009 0.86620967868038068 4.2916666666650007 1.0000000180025095e-35 0.5683895000000001 0.58730450000000012 0.54966050000000011 1.5000000000000002 1.2008335000000001 18.500000000000004 1.0000000180025095e-35 201361.00000000003 0.75316150000000015 0.063520000000000007 0.085786000000000015 1.7249155 1.5000000000000002 0.5977245000000001 1038.5000000000002 0.056394000000000007 562.50000000000011 0.012991000000000001 633.50000000000011 0.0019437620776660012 2.5000000000000004 0.091939000000000007
decision_type=2 2 2 2 2 2 2 2 2 2 2 2 2 2 2 2 2 2 2 2 2 2 2 2 2 2 2 2 2 2
left_child=2 4 26 5 7 8 24 12 11 29 -6 -3 -2 -7 18 -12 17 -10 19 20 21 -5 -13 25 -4 -16 -1 -28 -26 -8
right_child=1 3 6 14 10 13 9 -9 16 -11 15 22 -14 -15 23 -17 -18 -19 -20 -21 -22 -23 -24 -25 28 -27 27 -29 -30 -31
leaf_value=-0.054225902933314335 -0.0064469079297744189 -0.052934568779328062 -0.043493656163874711 -0.033447165783583997 -0.049628754130819096 0.02523666796341948 -0.050950274487702764 0.038612275294849605 0.011403164440152509 -0.016523725230566551 -0.00069254340955364924 0.0094545695732768595 0.016927834338693219 0.035218462429152886 0.0088942832485372891 -0.030588584082931754 0.024863377726080396 -0.051853368043743776 0.055837054679566192 0.050148312071892964 0.040394632003185188 0.034528217260215661 -0.064400106787181041 0.031190777996701214 -0.0046938885916774633 -0.08645447594156741 -0.054756654682942607 -0.0097806849176231524 0.02854636468699491 0.076251617239108491
leaf_weight=1872.4934773585119 131.57816088857362 17.873070182919037 11.995221498422323 12.291104556992652 48.495219572301721 460.37070226273499 139.92349591123639 87.988018163829111 111.40528347971849 78.438690483162645 88.750062145234551 46.922507629147731 118.86489763349527 1311.7052529505454 8.6472972491756064 47.195915190008236 277.61713251937181 8.4983992020133865 186.97939347475767 313.64574735204224 474.76008832931984 12.158638829365371 4.9114482135628341 38.589451960753649 91.79815165232867 3.5423965752124777 24.987232423620299 24.431630766601302 24.972920474363491 1.3448431197321031
leaf_count=904116 10964 2427 3320 363 16121 2787 57010 1128 2951 12366 8315 1468 3850 4150 338 5943 2906 496 181 583 1715 35 847 106 11095 119 12445 4924 969 12
internal_value=0 0.029298 -0.0492019 0.033757 0.00124197 0.0289054 -0.0245712 0.0134777 0.0147967 -0.0378809 -0.0212093 -0.0117459 0.00464718 0.0326253 0.044098 -0.0110715 0.0194511 0.00691974 0.0453631 0.0429539 0.0384337 0.000356385 0.00245658 0.0191868 -0.00186167 -0.0188146 -0.0536678 -0.0325215 0.00241495 -0.0497393
internal_weight=0 3812.79 2270.39 3289.92 522.872 2239.3 348.473 338.431 467.228 219.707 184.441 69.707 250.443 1772.08 1050.61 135.946 397.521 119.904 999.835 812.856 499.21 24.4497 51.834 50.7791 128.766 12.1897 1921.91 49.4189 116.771 141.268
internal_count=1074050 67793 1006257 21472 46321 18032 84772 15942 11095 69388 30379 4742 14814 6937 3440 14258 6353 3447 2877 2696 2113 398 2315 563 15384 457 921485 17369 12064 57022
is_linear=0
shrinkage=0.05


Tree=22
num_leaves=31
num_cat=0
split_feature=0 0 0 56 42 83 98 95 98 95 0 83 3 2 82 83 152 155 42 0 47 137 96 3 42 70 70 99 70 112
split_gain=3296.32 173.815 111.101 91.7223 54.8697 52.6014 41.1489 21.2951 20.2774 19.2797 21.1188 18.6734 21.5188 16.4499 20.4067 15.3182 13.7116 11.5169 11.1736 10.8312 10.7347 10.0984 10.0943 9.78447 9.5903 10.0811 10.5545 9.26447 10.5242 9.06785
threshold=0.19204907757119541 0.7740980979447657 0.030380062479932603 1.0000000180025095e-35 3.5000000000000004 0.57387650000000012 8.3666666666650027 0.7041805000000001 128.25000000000003 1.5939485000000002 0.94875966535953815 0.54061850000000011 0.0077455000000000006 227144.50000000003 564.50000000000011 0.59229250000000011 0.087068500000000007 0.58571428571450013 2.5000000000000004 0.94875966535953815 15506.500000000002 0.029086500000000005 0.026810000000000004 0.043306000000000004 207.50000000000003 30.500000000000004 103.50000000000001 0.12035550000000002 50.500000000000007 1.5000000000000002
decision_type=2 2 2 2 2 2 2 2 2 2 2 2 2 2 2 2 2 2 2 2 2 2 2 2 2 2 2 2 2 2
left_child=2 3 -1 5 9 11 16 22 13 10 17 -2 -13 -5 -15 -8 24 -3 21 -6 -11 -9 -7 -18 25 -4 -27 -12 -29 -28
right_child=1 4 6 8 19 7 15 18 -10 20 27 12 -14 14 -16 -17 23 -19 -20 -21 -22 -23 -24 -25 -26 26 29 28 -30 -31
leaf_value=-0.053250355647368068 -0.051997336315539322 0.0092105239539812169 0.0070221654506945706 0.050179626552586565 0.038571467519415169 0.0071105734246446313 -0.049698596283380282 0.005007237231841058 -0.04934387939749954 0.036356740063595197 0.031585282944422678 0.012540284786550684 -0.030039266421186796 -0.039949854924807772 0.030976642544129684 -0.016467452255244323 0.029989748428553217 0.02653825878760474 0.032285258493535501 0.04909440593067043 -0.021231059254015458 0.029604848736129355 -0.020432576152757943 -0.021988788162412131 0.03471297941790253 -0.040254245758619162 -0.0259114561406062 0.026775027165702067 -0.047835135583622193 0.017818672245191864
leaf_weight=1851.1050407944713 44.876469756592996 237.36260147753637 30.919631849654252 125.76213209470734 454.4300214771647 58.316930070985109 127.93607010509004 203.91661021881737 6.8720561497902954 757.48606563475914 685.30470163514838 46.693942629965022 81.399955445551313 11.28103690012358 100.38186839502305 47.573287049308419 34.476493992609903 160.89563684212044 72.391773956362158 529.43459401745349 8.1796246829908323 52.460718863178045 77.436981572536752 12.278066520404535 9.1746866662288067 56.257416667183861 29.966343062056694 11.753590520471336 7.9053999483585349 19.613434255385073
leaf_count=921485 13826 3880 3880 835 1703 2849 53617 6600 1847 2380 2144 2774 11466 1355 973 7371 1619 1371 779 802 263 824 6749 1557 299 13228 5817 32 31 1694
internal_value=0 0.0286797 -0.048261 0.00927782 0.0346769 -0.000704837 -0.023177 0.00805938 0.0353276 0.0296456 0.0254148 -0.0242417 -0.0145178 0.0377783 0.0238111 -0.040691 -0.0072243 0.0162109 0.0149386 0.044234 0.0357415 0.0100405 -0.00860064 0.0163398 -0.0147739 -0.0180939 -0.0254314 0.0306145 -0.00322769 -0.0086121
internal_weight=0 3734.54 2219.3 881.79 2852.75 637.493 368.195 464.523 244.297 1868.89 1103.22 172.97 128.094 237.425 111.663 175.509 192.686 398.258 328.769 983.865 765.666 256.377 135.754 46.7546 145.932 136.757 105.837 704.964 19.659 49.5798
internal_count=1074050 63483 1010567 50877 12606 45867 89082 17801 5010 10101 7458 28066 14240 3163 2328 60988 28094 5251 8203 2505 2643 7424 9598 3176 24918 24619 20739 2207 63 7511
is_linear=0
shrinkage=0.05


Tree=23
num_leaves=31
num_cat=0
split_feature=0 0 42 0 83 59 83 0 149 91 84 83 42 83 66 0 83 83 91 42 47 91 83 113 2 101 84 82 0 3
split_gain=3105.4 225.867 83.4191 81.5918 68.275 30.9422 23.2646 23.2631 21.3385 16.5456 16.2766 14.7895 17.4984 14.3329 14.2792 14.121 14.1682 14.0754 14.6408 13.9902 12.686 11.9196 11.5231 11.5284 11.2756 10.3086 9.64101 9.36764 9.73445 8.43788
threshold=0.37969951586789719 0.030380062479932603 2.5000000000000004 0.7740980979447657 0.57387650000000012 7.5000000000000009 0.54444850000000011 0.94875966535953815 1.5000000000000002 7.5000000000000009 140.50000000000003 0.58772650000000015 798.50000000000011 0.56680450000000004 0.063933000000000004 0.86620967868038068 0.55545100000000003 0.54296050000000007 269.50000000000006 706.50000000000011 270.50000000000006 17.500000000000004 0.60969050000000002 2.5000000000000004 1567682.0000000002 0.033014000000000009 26.000000000000004 633.50000000000011 0.0019437620776660012 0.06463300000000001
decision_type=2 2 2 2 2 2 2 2 2 2 2 2 2 2 2 2 2 2 2 2 2 2 2 2 2 2 2 2 2 2
left_child=1 27 3 6 17 14 -2 9 19 20 22 12 -7 24 15 16 -4 -3 -19 21 -5 -6 23 -8 -11 -10 -18 -1 -29 -30
right_child=2 4 5 7 8 11 10 -9 25 13 -12 -13 -14 -15 -16 -17 26 18 -20 -21 -22 -23 -24 -25 -26 -27 -28 28 29 -31
leaf_value=-0.053455382823538657 -0.049856921853691331 -0.055015288465550753 -0.032918976498520353 0.017322362038851038 -0.026215554359422993 -0.033914592229613127 -0.012605434957359106 0.032888905574022277 0.0044056575158737971 0.0057312019712870248 0.034353993779382662 0.032677685129049894 0.040155724585644315 0.026050683321508384 0.05236706735630782 0.043283649701542665 0.011233144305739021 -0.03287160999480656 0.044842841844226586 0.039332378039539213 -0.031740937523350464 -0.0037074293685797908 0.015179805651122306 0.014716879775139106 -0.083659902476222403 0.037751985646907883 0.036175207611989918 -0.053966166984862653 0.023318754488038093 -0.036281577808805553
leaf_weight=1737.7226109181938 19.880592550500296 87.391834633104736 8.6706359859090281 27.913120546378195 123.14866603817791 27.551667027117219 146.31518939166563 1153.1671134298667 95.278386147459969 55.044364891946316 43.518331665080041 34.062427317141555 11.220835840184007 517.31411102972925 268.76325231511146 672.51788531709462 46.560863312624861 123.11490157432854 6.3741491739638141 12.253211592091246 24.952879118034616 112.60163823017501 103.46678828122094 52.446755203534849 3.7692572685191399 30.625953121576458 230.75605183909647 23.083537809550762 11.151468481577469 12.703455437498631
leaf_count=904116 5153 37628 720 346 21334 4190 9610 3212 7623 1288 542 380 282 3866 326 1346 567 36534 369 187 899 9894 2479 1658 226 762 1144 12445 1028 3896
internal_value=0 -0.0439892 0.0303067 0.0242558 -0.0171923 0.0403028 0.00274032 0.0286699 -0.00424696 0.020935 0.00576468 0.00863952 -0.0124785 0.0233916 0.042182 0.0393261 0.0300196 -0.0395103 -0.0290461 -0.0127576 -0.00583563 -0.015465 0.00164806 -0.00539597 2.2899e-06 0.0125171 0.0319875 -0.05286 -0.0308189 -0.00842019
internal_weight=0 2375.45 3447.89 2147.79 590.789 1300.1 365.628 1782.16 373.908 628.994 345.747 72.8349 38.7725 576.128 1227.27 958.505 285.988 216.881 129.489 248.004 52.866 235.75 302.229 198.762 58.8136 125.904 277.317 1784.66 46.9385 23.8549
internal_count=1074050 1035816 38234 29279 114331 8955 19442 9837 39800 6625 14289 4852 4472 5380 4103 3777 2431 74531 36903 31415 1245 31228 13747 11268 1514 8385 1711 921485 17369 4924
is_linear=0
shrinkage=0.05


Tree=24
num_leaves=31
num_cat=0
split_feature=0 0 0 42 83 98 0 59 42 83 70 70 141 77 101 82 83 42 42 79 152 136 0 149 82 0 94 2 82 98
split_gain=2928.95 179.507 85.6329 70.9327 50.2746 47.7156 42.4607 30.9808 27.962 25.0807 23.1444 20.4118 19.3115 19.1507 15.2942 14.5378 13.1322 15.0469 12.9451 12.7227 12.6535 11.5558 11.3973 10.5918 10.267 10.1533 9.69701 9.43167 9.22648 9.11707
threshold=0.15548050853772452 0.53809039466125175 0.012339227772512141 1.0000000180025095e-35 0.56680450000000004 4.2916666666650007 0.94875966535953815 7.5000000000000009 18.500000000000004 0.58688250000000008 106.50000000000001 98.500000000000014 88.500000000000014 8.5000000000000018 0.027459500000000005 608.50000000000011 0.59229250000000011 798.50000000000011 172.50000000000003 3.5000000000000004 0.064897500000000011 1.5000000000000002 0.94875966535953815 1.5000000000000002 652.50000000000011 0.043984350660107828 3.5000000000000004 14290.000000000002 566.50000000000011 4.5500000000000007
decision_type=2 2 2 2 2 2 2 2 2 2 2 2 2 2 2 2 2 2 2 2 2 2 2 2 2 2 2 2 2 2
left_child=2 4 -1 6 -2 14 10 13 19 -7 11 12 21 18 25 -13 17 -9 22 -6 27 23 28 -3 -11 -4 -21 -15 -5 -12
right_child=1 3 5 7 8 9 -8 16 -10 24 29 15 -14 20 -16 -17 -18 -19 -20 26 -22 -23 -24 -25 -26 -27 -28 -29 -30 -31
leaf_value=-0.05345642855550245 -0.034914832035894038 0.0040442852677083415 -0.042830271166705874 0.01313288832498196 0.0073707764835318828 -0.050231247837786354 0.030521920068746551 -0.025364959311466637 0.034060584720547474 -0.02448011936804137 0.034850886854066697 -0.052892436239642515 -0.030093806628750337 -0.023766808411915641 0.018219540852533786 0.0082976755088385937 0.031231186416823428 0.041523061189674193 0.049502416122394144 -0.022412184938751106 0.035198919547364982 0.047897680133083376 0.044003851501865018 0.020609509383717209 0.02901868593795269 -0.0061151963487049823 0.013116529176521126 0.023522074433271385 0.035617128839813099 0.014004245537270183
leaf_weight=1602.1655502291396 96.752953561430331 206.55776298348792 26.166749300522497 50.665899025276303 168.59416480502114 194.72982271690853 950.34674773272127 34.808108060708037 70.048098461702466 83.57544738179422 147.05592754227109 22.374945467221551 26.624351328180637 22.902699180995114 48.432728838146431 17.144534189952537 35.686430534347892 11.085748295881784 377.11210959265009 85.772782029118389 49.574661200400442 23.49222797411494 500.62996745668352 181.10291932430118 10.045930644380858 67.162591096945107 24.746020639024209 19.540209122234955 458.75208068359643 81.521999286662322
leaf_count=862486 26513 5074 10980 756 8022 93686 2740 3536 1000 20561 1226 1169 2385 490 5045 262 350 146 659 9511 206 153 829 2141 545 8762 1136 157 1877 1647
internal_value=0 0.0267087 -0.0481386 0.0308296 -0.00302152 -0.0283297 0.0236223 0.0384779 0.00581616 -0.0400066 0.014333 0.00806754 0.0111742 0.0401322 -0.00457823 -0.0263466 0.00848168 -0.00920803 0.0415975 -0.00127226 0.018043 0.0138465 0.0386462 0.011783 -0.0187395 -0.016409 -0.014457 -0.00199557 0.0333809 0.027416
internal_weight=0 3662.89 2032.28 3216.98 445.914 430.113 1656.22 1560.76 349.161 288.351 705.875 477.297 437.777 1479.18 141.762 39.5195 81.5803 45.8939 1387.16 279.113 92.0176 411.153 1010.05 387.661 93.6214 93.3293 110.519 42.4429 509.418 228.578
internal_count=1074050 71985 1002065 25803 46182 139579 16797 9006 19669 114792 14057 11184 9753 4974 24787 1431 4032 3682 4121 18669 853 7368 3462 7215 21106 19742 10647 647 2633 2873
is_linear=0
shrinkage=0.05


Tree=25
num_leaves=31
num_cat=0
split_feature=0 0 0 42 98 98 0 66 83 152 83 95 82 99 101 39 129 90 53 0 66 0 42 118 83 83 82 126 102 42
split_gain=2763.8 174.846 86.0879 65.698 47.7929 44.6142 39.9241 32.7645 24.5484 19.1894 15.4407 15.3708 15.1025 15.8893 13.7003 13.0198 12.539 12.0336 9.78244 9.32038 9.26606 9.68333 14.5434 10.1584 9.2591 9.11729 9.02441 8.92152 8.91959 8.88025
threshold=0.15548050853772452 0.60678019017954943 0.012339227772512141 6.5000000000000009 69.125000000000014 4.2916666666650007 0.86620967868038068 0.030666000000000002 0.58688250000000008 0.053953500000000008 0.57480350000000013 1.5939485000000002 576.50000000000011 0.038825500000000006 0.027459500000000005 5.5000000000000009 8.5000000000000018 1.5000000000000002 1.5000000000000002 0.043984350660107828 0.085786000000000015 0.86620967868038068 100.50000000000001 0.033772000000000003 0.54296050000000007 0.59493900000000011 652.50000000000011 0.05707700000000001 0.18803900000000004 1.0000000180025095e-35
decision_type=2 2 2 2 2 2 2 2 2 2 2 2 2 2 2 2 2 2 2 2 2 2 2 2 2 2 2 2 2 2
left_child=2 4 -1 6 7 14 9 12 -7 10 17 16 13 24 19 20 -8 -3 -17 -4 21 22 23 -5 -2 -20 -10 -16 -13 -14
right_child=1 3 5 15 -6 8 11 -9 26 -11 -12 28 29 -15 27 18 -18 -19 25 -21 -22 -23 -24 -25 -26 -27 -28 -29 -30 -31
leaf_value=-0.053158656615389044 -0.049723051769803656 -0.047864770868815812 -0.041805006062154648 -0.052574901826535736 -0.035791275406257726 -0.049612462825522979 0.028288597913996596 0.0429364174173886 -0.02359347308380258 0.023094849075746028 0.011148520714532838 0.036387888135080843 0.0011193557714983321 -0.037529041631647247 0.023775662382978579 0.031566145436947399 0.014883563619492385 -0.0034656442560283165 -0.044304337210651967 -0.006383495983361802 0.053574340085482175 0.04410971758993687 0.042965292088228836 0.019481616035896807 0.0087937300594699477 0.026770916489654208 0.026838480186846838 -0.047092938124437281 0.014444442949098754 0.020075549642998586
leaf_weight=1543.3927781646926 7.7287908733123905 21.721526433480904 25.588620408001589 5.2322198171168557 81.089209002995631 188.40355802439444 735.08939636265859 52.738659438327886 82.868991008203011 215.14625652739778 157.32383630191907 652.84271217882633 202.73630358249648 45.355426849535434 43.85134878550889 59.815604834700935 228.73071657610126 51.311206645797938 9.4583848585607502 67.718577637395356 171.6430324241519 525.30583350779489 106.55297478288412 75.053741137729958 53.930904859094881 8.6277530780062062 9.9338180335471389 4.9413157495437181 49.845898859202862 88.862092096533161
leaf_count=862486 2757 2754 10980 176 20539 93686 3483 317 20561 2586 3312 1848 11370 8754 3913 743 1445 2443 691 8762 188 953 278 361 4136 50 545 1132 161 2640
internal_value=0 0.0260036 -0.0476802 0.0305858 -0.000449211 -0.0277053 0.0256531 0.00590029 -0.0392442 0.0123572 0.00232859 0.0292075 0.00100021 -0.0150651 -0.00487066 0.0414188 0.0251074 -0.0166709 0.0218233 -0.0160975 0.043146 0.0406325 0.0308563 0.0147857 0.00145889 -0.0103988 -0.0181951 0.0165987 0.0348313 0.00689609
internal_weight=0 3606.14 1966.7 3073.7 532.441 423.306 2112.01 451.352 281.206 445.503 230.357 1666.51 398.614 107.015 142.1 961.69 963.82 73.0327 77.9017 93.3072 883.788 712.145 186.839 80.286 61.6597 18.0861 92.8028 48.7927 702.689 291.598
internal_count=1074050 71985 1002065 21472 50513 139579 18032 29974 114792 11095 8509 6937 29657 15647 24787 3440 4928 5197 1484 19742 1956 1768 815 537 6893 741 21106 5045 2009 14010
is_linear=0
shrinkage=0.05


Tree=26
num_leaves=31
num_cat=0
split_feature=0 0 0 42 83 83 0 66 59 95 95 141 138 0 65 101 70 42 95 77 138 96 70 70 149 70 83 70 95 138
split_gain=2603.07 167.523 85.7473 68.5415 44.2051 42.3333 33.6753 32.5785 26.4872 22.9485 22.1271 17.1774 17.133 14.0077 12.678 11.8948 10.4142 10.3755 10.6285 14.2502 10.2932 13.9917 10.2923 12.1341 10.2183 11.4565 10.1089 9.91345 9.79295 9.4176
threshold=0.15548050853772452 0.60678019017954943 0.012339227772512141 1.0000000180025095e-35 0.54296050000000007 0.55406350000000015 0.94875966535953815 0.030666000000000002 7.5000000000000009 0.65046950000000014 0.75316150000000015 36.500000000000007 0.061428500000000004 0.94875966535953815 100.50000000000001 0.095136500000000013 106.50000000000001 856.00000000000011 1.9329845000000001 7.5000000000000009 0.049833000000000009 0.10433250000000001 98.500000000000014 100.50000000000001 2.5000000000000004 55.500000000000007 0.57231250000000011 117.50000000000001 0.42704700000000001 0.023543000000000005
decision_type=2 2 2 2 2 2 2 2 2 2 2 2 2 2 2 2 2 2 2 2 2 2 2 2 2 2 2 2 2 2
left_child=2 4 -1 6 -2 -4 10 11 12 15 29 -6 13 17 16 -7 22 18 19 -5 21 27 -12 -24 25 -11 -10 -8 -13 -3
right_child=1 3 5 8 7 9 20 -9 26 24 14 28 -14 -15 -16 -17 -18 -19 -20 -21 -22 -23 23 -25 -26 -27 -28 -29 -30 -31
leaf_value=-0.052864757255564158 -0.049356836740066176 -0.0042160729972878985 -0.053030767148325254 0.02608362017388512 0.0048282678395903207 -0.036127935072264521 0.024063867122401977 0.040740911765124253 -0.017096289239520859 0.011248465488950242 0.017710914385531722 -0.037923117469041444 0.050506467366731089 0.042123255448259095 -0.065063081859113067 0.029979256469137006 0.030320460791021554 0.045717189032229065 0.038538409573227891 -0.0089046422104790187 0.048656779256201182 -0.039533068312971271 -0.051498938791561116 0.020077259035619372 0.02529906215692572 -0.019488239173251071 0.021955505803380071 0.035416965732032561 -0.0067035492318134942 0.027608683246694927
leaf_weight=1483.8258857296605 42.892034016025718 173.71582440438215 114.5745015746943 274.39888191269711 324.43198653421132 127.93932711209345 566.14685845375061 52.634371704072692 25.500668828608468 43.931838806005544 242.06150252523366 39.746917687065434 270.33060118602589 549.90505906473845 4.3336495915427795 7.1867766909417687 175.70616161846556 97.110071963630617 152.04602218675427 32.554208509624004 60.444372581318021 7.7575248107314101 12.217459344887176 11.489714918425305 24.028349810338113 97.820083964281366 47.325994782382622 291.17170521756634 68.252134138019755 26.837384640239179
leaf_count=862486 16865 5687 59549 1576 18751 48775 1793 319 2376 6657 2753 8286 419 1063 544 701 1356 202 547 611 138 33 447 108 1982 21915 662 776 6292 381
internal_value=0 0.0252828 -0.0472431 0.0298241 -0.000702816 -0.0271661 0.0225928 0.00359943 0.0376677 -0.0173177 0.0138354 -0.000921335 0.0392226 0.0364647 0.0200403 -0.032612 0.0208757 0.0308692 0.0277278 0.0223729 0.0287087 0.0273148 0.0146316 -0.0168094 -0.00485149 -0.0099623 0.0082813 0.0279197 -0.0181933 4.26134e-05
internal_weight=0 3549.01 1899.31 3021.05 527.957 415.481 1571.88 485.065 1449.17 300.906 646.362 432.431 1376.34 1106.01 445.808 135.126 441.475 556.109 458.999 306.953 925.52 865.076 265.769 23.7072 165.78 141.752 72.8267 857.319 107.999 200.553
internal_count=1074050 71985 1002065 21472 50513 139579 14016 33648 7456 80030 11276 33329 4418 3999 5208 49476 4664 2936 2734 2187 2740 2602 3308 555 30554 28572 3038 2569 14578 6068
is_linear=0
shrinkage=0.05


Tree=27
num_leaves=31
num_cat=0
split_feature=0 0 42 0 83 115 83 42 98 91 90 95 83 131 138 138 91 113 0 83 2 113 2 98 152 115 135 109 3 143
split_gain=2461.4 204.96 79.0981 74.8712 53.8258 27.7298 20.3098 18.2524 16.6309 16.6022 16.1509 15.6396 14.5178 13.3425 13.178 12.6682 13.741 12.583 11.427 15.2091 10.5972 13.978 10.4452 10.2294 10.1675 12.4596 10.0781 8.22328 8.19124 8.16031
threshold=0.37969951586789719 0.030380062479932603 6.5000000000000009 0.86620967868038068 0.57261050000000002 0.045605000000000007 0.55341550000000017 1.0000000180025095e-35 9.1000000000000014 23.500000000000004 1.5000000000000002 0.75316150000000015 0.5414135000000001 8.5000000000000018 0.028651500000000003 0.072794000000000011 36.500000000000007 1.5000000000000002 0.0088049481694041625 0.62032850000000017 550920.50000000012 2.5000000000000004 21926.000000000004 14.100000000000001 0.077111000000000013 0.15140300000000004 1.5000000000000002 5.5000000000000009 0.06463300000000001 0.30952380952350006
decision_type=2 2 2 2 2 2 2 2 2 2 2 2 2 2 2 2 2 2 2 2 2 2 2 2 2 2 2 2 2 2
left_child=1 18 3 5 13 12 10 9 14 -6 -4 26 -2 -3 -7 16 17 -8 -1 27 -18 -22 -13 29 25 -9 -5 -20 -21 -24
right_child=2 4 6 11 7 8 15 24 -10 -11 -12 22 -14 -15 -16 -17 20 -19 19 28 21 -23 23 -25 -26 -27 -28 -29 -30 -31
leaf_value=-0.05295466777388607 -0.045460716414766199 -0.016502844964507084 -0.051129830048508774 0.017489948898275227 -0.023854915981502876 0.012517731539656091 0.015716116514324516 -0.0089179261696201873 -0.018939538906368684 0.0014143635045427356 0.02327175298895701 0.034643222350260086 -0.0031989964858509558 -0.045832047674052641 0.034292365391136607 0.05164666862603047 0.047449422217715094 0.036362346176267692 -0.046309830474535435 0.032923068752756073 -0.051585633265028186 0.032621682469298453 0.02312691111480867 -0.016802657382320906 0.031503597044183755 0.050250241496997208 0.046662230620383459 0.030344798720505408 -0.03617176995431063 0.040448638537742138
leaf_weight=1385.3880526168796 23.106156670313794 53.628093065315625 10.121643571677849 391.52718807104975 143.16512296296423 307.27410083031282 99.379381125734653 58.306244892737595 34.111012710083742 119.0554574233247 26.110268412594451 723.17253238009289 168.58727148722392 140.0297898689023 89.788940477534197 204.78200353495777 326.40177888725884 286.68982269242406 131.76559199992334 10.575626211881174 5.8836773447692385 30.345855719409883 365.74893898703158 14.168393359286709 41.260038291977253 10.499713148688896 32.027705715037882 3.5941454047861034 7.2163270110904696 83.519261000677943
leaf_count=836838 6073 10494 2068 2727 24272 7181 1497 6407 1694 9149 884 2274 8996 62543 979 278 699 798 79535 1441 60 90 1447 162 1341 125 111 880 2791 216
internal_value=0 -0.0420582 0.0274644 0.0222495 -0.0163306 0.00752916 0.0392305 -0.00520922 0.0145635 -0.012382 0.00248714 0.0279438 -0.0082931 -0.0377102 0.0174417 0.0406267 0.0376126 0.0310477 -0.051522 -0.0385619 0.0446018 0.0189464 0.0308879 0.0250278 0.0118791 0.000111071 0.0196959 -0.0442745 0.00489855 0.026347
internal_weight=0 2104.48 3222.75 2233.03 565.944 622.867 989.714 372.287 431.174 262.221 36.2319 1610.16 191.693 193.658 397.063 953.483 748.701 386.069 1538.54 153.152 362.631 36.2295 1186.61 463.437 110.066 68.806 423.555 135.36 17.792 449.268
internal_count=1074050 1035816 38234 31860 114331 24923 6374 41294 9854 33421 2952 6937 15069 73037 8160 3422 3144 2295 921485 84647 849 150 4099 1825 7873 6532 2838 80415 4232 1663
is_linear=0
shrinkage=0.05


Tree=28
num_leaves=31
num_cat=0
split_feature=0 0 0 42 84 83 42 0 83 155 95 83 83 83 96 101 100 95 138 77 42 44 95 72 83 99 129 95 70 149
split_gain=2324.29 161.044 85.991 59.2147 54.5393 40.1899 33.7164 29.5726 26.3146 22.4292 21.0257 19.7487 16.0599 14.9504 16.4208 12.0259 11.5859 11.2252 10.0794 9.87449 9.74872 9.71979 10.0897 10.435 10.3542 9.34259 9.13965 8.99179 8.84467 9.79131
threshold=0.15548050853772452 0.68981449621504665 0.012339227772512141 7.5000000000000009 21.000000000000004 0.55406350000000015 40.500000000000007 0.94875966535953815 0.5425715000000001 0.58571428571450013 0.63268900000000017 0.5677525000000001 0.56615650000000006 0.61064700000000005 0.0067470000000000004 0.095136500000000013 1.0000000180025095e-35 0.45160350000000005 0.043744500000000013 7.5000000000000009 13.500000000000002 1.0000000180025095e-35 0.92613850000000009 1.5000000000000002 0.59831000000000012 0.04725250000000001 8.5000000000000018 3.8531275000000007 55.500000000000007 2.5000000000000004
decision_type=2 2 2 2 2 2 2 2 2 2 2 2 2 2 2 2 2 2 2 2 2 2 2 2 2 2 2 2 2 2
left_child=2 4 -1 7 8 -4 12 9 -2 11 15 25 -6 14 -10 -7 21 -16 -13 -14 28 22 23 24 -5 -3 -19 -11 -12 -30
right_child=1 3 5 16 6 10 -8 -9 13 27 20 18 19 -15 17 -17 -18 26 -20 -21 -22 -23 -24 -25 -26 -27 -28 -29 29 -31
leaf_value=-0.052371683741919986 -0.052354008772670574 -0.006662559892878628 -0.052307756495330975 -0.051975561925989733 -0.03134274676097961 -0.035688919097534334 0.040000758799081465 0.029746012387424876 0.015798675307155872 0.022912496834023893 0.0085701220406976825 0.01080239350842559 0.014491685915403058 0.011519775091013644 -0.040955284516940971 0.029729208465956322 0.011951079413308049 -0.0071931141836224788 0.034889961030752467 -0.0098529070621538924 0.031188469113743147 0.054954253535823554 0.044437781599331344 0.034079789640710755 0.034625911323572157 -0.054993616073390428 -0.05947670341023728 0.04391606029059638 -0.023601583225216553 0.020668605041096123
leaf_weight=1374.3268044243305 39.375519223482115 51.219171278644353 107.44644773546315 7.2316248539136705 26.418240664730547 120.50069982775312 96.368695516197477 1165.7749989130534 33.323430435732007 299.7611340910662 48.655882243634551 324.14509775768965 206.58742971968604 68.518220317899249 54.989551782491617 7.4601635954459189 33.363759092753753 83.33954951679334 50.148734957911074 52.172697523317765 16.776512444237596 122.60219350503758 403.38984237425029 228.00397136923857 6.602922610938549 12.424446149147114 9.2905150564620254 61.392772517167032 87.973263847656199 14.55651439601206
leaf_count=862486 16239 2037 59549 197 4942 47990 998 3454 1789 2618 7229 4388 6598 2935 10603 700 382 6418 354 3172 1427 173 826 914 21 1310 1382 235 21316 1368
internal_value=0 0.0240103 -0.046414 0.029339 0.00202378 -0.0261157 0.0144322 0.0246675 -0.0143674 0.0172585 -0.0166056 0.00965141 0.00579191 -0.00837153 -0.0159038 -0.031875 0.0407955 -0.0230603 0.0140297 0.00958319 -0.0049727 0.0420488 0.0395966 0.0315214 -0.0106426 -0.0160977 -0.012437 0.0264829 -0.00898537 -0.0173164
internal_weight=0 3436.44 1777.7 2766.06 670.384 403.369 381.547 1964.87 288.837 799.091 295.923 437.937 285.178 249.461 180.943 127.961 801.194 147.62 374.294 258.76 167.962 767.831 645.228 241.839 13.8345 63.6436 92.6301 361.154 151.186 102.53
internal_count=1074050 71985 1002065 16909 55076 139579 15710 14396 39366 10942 80030 8089 14712 23127 20192 48690 2513 18403 4742 9770 31340 2131 1958 1132 218 3347 7800 2853 29913 22684
is_linear=0
shrinkage=0.05


Tree=29
num_leaves=31
num_cat=0
split_feature=0 0 0 42 83 115 0 42 95 83 59 115 95 136 110 141 102 149 59 83 70 34 131 83 95 77 98 70 139 120
split_gain=2187.29 152.568 87.8788 69.1197 40.2499 38.9623 32.1759 22.302 20.7742 20.2577 16.2718 16.1009 14.1396 13.4769 12.3108 11.5758 10.7453 10.5383 10.412 10.2405 10.1934 9.67329 9.45855 13.0426 11.1106 9.29603 9.10577 8.68975 8.11645 7.86434
threshold=0.15548050853772452 0.60678019017954943 0.012339227772512141 3.5000000000000004 0.55406350000000015 0.045952000000000007 0.86620967868038068 40.500000000000007 0.65046950000000014 0.5425715000000001 2.5000000000000004 0.093755500000000019 1.8222090000000002 1.5000000000000002 17.500000000000004 394.50000000000006 0.15741000000000002 2.5000000000000004 3.5000000000000004 0.53219150000000004 55.500000000000007 43454.500000000007 10.500000000000002 0.55074600000000007 0.67681900000000017 8.5000000000000018 10.100000000000001 100.50000000000001 2.5000000000000004 1.5000000000000002
decision_type=2 2 2 2 2 2 2 2 2 2 2 2 2 2 2 2 2 2 2 2 2 2 2 2 2 2 2 2 2 2
left_child=2 5 -1 6 -4 9 11 18 14 -2 29 19 13 16 -6 -12 21 20 -7 -3 -10 22 -8 -24 -25 -21 28 -22 -13 -5
right_child=1 3 4 10 8 7 12 -9 17 -11 15 26 -14 -15 -16 -17 -18 -19 -20 25 27 -23 23 24 -26 -27 -28 -29 -30 -31
leaf_value=-0.052154737549054503 -0.05153689800061937 -0.060028874733864562 -0.05220832604904594 0.047100331924710435 -0.0090052234813065568 0.0084407451765049317 0.035026229993717017 0.040251155306221489 0.010085635646065544 -0.010970877325538853 0.028591768403760334 0.01782936541103388 0.032107020829978773 0.050496761617833577 -0.04189323171669624 -0.045318622226065204 0.005881238952521229 0.025537009571579769 -0.018575114535857636 0.0070653929088880275 -0.037192722918193089 0.018021530073186801 -0.066407889082824065 -0.0044093786312257915 0.031196872058513361 -0.022374250059656091 -0.036165697826510898 -0.0063825287744945156 0.044610614387062708 0.036921645619569891
leaf_weight=1320.7031970597745 37.233847744893865 6.5891674022423095 103.02731494192267 382.94809073954821 42.585495998035185 206.30272726231487 225.31514054583386 50.351807357859798 44.954572592163458 177.42709730326897 223.01991763326805 115.21410362177994 533.63810744509101 39.569255841895938 85.751693960599368 5.4265345410676664 107.96623089117929 25.287754797638627 43.11881174982409 202.949114789546 38.352599346282659 465.44242830807343 4.4818553002551189 31.088640433736145 74.199756293091923 30.896918266196735 6.4675297281937665 56.746848475711886 37.498487926553935 376.17662650020793
leaf_count=862486 16536 1570 59549 678 10483 9577 832 390 6657 19811 1770 1538 1608 117 38993 763 642 1982 4199 5457 10847 2693 98 327 311 1456 247 11068 225 1140
internal_value=0 0.0233277 -0.0459559 0.0278238 -0.0253191 -0.00174622 0.0222009 0.00989791 -0.0158859 -0.0180072 0.0385356 0.00960975 0.0255967 0.0219322 -0.0309802 0.0268361 0.0206881 -0.00416989 0.00377037 0.00144355 -0.00953368 0.022685 0.0291628 0.0171275 0.0206834 0.00317568 0.0219445 -0.018808 0.0244055 0.0420564
internal_weight=0 3383.32 1717.41 2868.89 396.706 514.434 1881.32 299.773 293.679 214.661 987.571 399.615 1481.7 948.063 128.337 228.446 908.494 165.342 249.422 240.435 140.054 800.528 335.085 109.77 105.288 233.846 159.18 95.0994 152.713 759.125
internal_count=1074050 71985 1002065 21472 139579 50513 17121 14166 80030 36347 4351 10493 6628 5020 49476 2533 4903 30554 13776 8483 28572 4261 1568 736 638 6913 2010 21915 1763 1818
is_linear=0
shrinkage=0.05


Tree=30
num_leaves=31
num_cat=0
split_feature=0 0 0 42 86 98 83 0 83 95 152 98 70 77 70 138 95 131 42 118 87 101 152 91 121 102 74 2 34 95
split_gain=2065.36 149.717 87.0993 59.3186 49.8366 38.9093 34.3565 28.2541 22.5258 21.5259 20.0019 16.3739 12.9268 14.0771 12.1563 11.7149 12.3658 10.6342 10.6845 10.6111 10.0652 9.81356 9.23337 9.09995 9.0558 8.62532 8.58555 8.13933 7.7471 7.63987
threshold=0.15548050853772452 0.68981449621504665 0.012339227772512141 5.5000000000000009 0.019188000000000004 4.2916666666650007 0.5425715000000001 0.94875966535953815 0.58688250000000008 1.6797010000000003 0.061500500000000007 4.2916666666650007 1.5000000000000002 7.5000000000000009 104.50000000000001 0.067008500000000012 0.77612700000000012 126.50000000000001 1.0000000180025095e-35 0.044931500000000006 2182.5000000000005 0.030463500000000001 0.10806150000000002 8.5000000000000018 0.63333333333350017 0.20759250000000004 118.10000000000001 823894.50000000012 3646.0000000000005 1.6797010000000003
decision_type=2 2 2 2 2 2 2 2 2 2 2 2 2 2 2 2 2 2 2 2 2 2 2 2 2 2 2 2 2 2
left_child=2 4 -1 7 6 21 -2 10 -7 12 11 27 -8 17 -11 16 19 18 -14 -5 -13 22 -4 -12 -6 29 -18 -3 -23 -9
right_child=1 3 5 15 24 8 9 25 -10 14 23 20 13 -15 -16 -17 26 -19 -20 -21 -22 28 -24 -25 -26 -27 -28 -29 -30 -31
leaf_value=-0.051943437668368009 -0.047113607593282134 0.02205177582171583 -0.020042598629366845 0.0059052991431866493 0.012494014335123607 -0.047683659969008065 -0.047657671645054703 0.025349668395215026 -0.016305353321945004 0.0015104723375209753 -0.0078567596525467662 -0.00085436030069879407 -0.0048109631932964246 -0.024998954725931735 0.03025493699889616 0.05006161018293951 0.043771235666797158 -0.026683009581774886 0.015291670126084815 0.032182671754834857 -0.063431025745487465 -0.048988711264278027 0.021998925089761746 0.025918622455666736 0.05057839057477357 -0.0013318339761143364 0.02351398993152283 -0.004126861761844668 0.022018861839909292 0.033997052477414066
leaf_weight=1268.8026414477354 42.17295424414624 167.88783108210191 77.311515462439274 49.794540401315317 22.018189500202425 162.69147152989171 18.085849697003141 645.49765292787924 88.204453925660346 72.696123650588561 21.176448462763801 178.98693164112046 161.4905914364499 67.758332853729371 74.451832451624796 187.54449257254601 361.59495278866962 32.871683441422647 111.89757469756296 168.15326695935801 6.6652630695607504 4.2358841773821032 15.714637158904223 342.23174103512429 53.622435033554211 24.337314989417791 61.151104505988769 36.070948474807665 41.228002541378373 422.66980897355825
leaf_count=862486 17881 1823 18748 971 350 93686 2767 2274 21106 2829 454 4365 11610 7223 1524 270 812 5922 4838 501 953 1132 1248 2432 132 92 305 645 3659 1012
internal_value=0 0.0226987 -0.0455952 0.0279537 0.00131478 -0.0249096 -0.00365195 0.0229646 -0.0366524 -0.000252973 0.0155128 0.00764265 -0.00637269 -0.00437633 0.0160542 0.0390707 0.0358534 0.000186313 0.00341703 0.0261791 -0.00310098 -0.0036359 -0.0129406 0.0239505 0.0394924 0.0281008 0.040841 0.017422 0.0154031 0.0287714
internal_weight=0 3330.83 1658.19 2673.76 657.066 389.386 581.425 1845.52 250.896 539.252 753.019 389.611 392.104 374.018 147.148 828.238 640.694 306.26 273.388 217.948 185.652 138.49 93.0262 363.408 75.6406 1092.5 422.746 203.959 45.4639 1068.17
internal_count=1074050 71985 1002065 16909 55076 139579 54594 14050 114792 36713 10672 7786 32360 29593 4353 2859 2589 22370 16448 1472 5318 24787 19996 2886 482 3378 1117 2468 4791 3286
is_linear=0
shrinkage=0.05


Tree=31
num_leaves=31
num_cat=0
split_feature=0 0 42 0 83 83 114 82 149 95 0 138 113 91 83 107 74 91 42 83 96 47 131 83 126 98 107 42 83 3
split_gain=1947.15 187.039 78.9275 64.1334 50.7016 27.9203 18.7501 16.7348 16.4653 16.391 17.8726 16.2388 16.5376 13.209 12.7709 12.4402 11.735 11.3994 10.3158 10.2797 10.2304 9.87416 9.81054 9.62102 11.7538 9.50801 8.89902 8.01945 7.99549 7.94945
threshold=0.37969951586789719 0.022930786807012646 2.5000000000000004 0.7740980979447657 0.57387650000000012 0.55341550000000017 2.5000000000000004 577.50000000000011 1.5000000000000002 1.5520470000000002 0.94875966535953815 0.062803500000000012 1.5000000000000002 15.500000000000002 0.54296050000000007 14.500000000000002 380.12500000000006 269.50000000000006 706.50000000000011 0.63917850000000009 0.0067470000000000004 15506.500000000002 4.5000000000000009 0.57734750000000012 0.063520000000000007 178.25000000000003 1.0000000180025095e-35 54.500000000000007 0.56680450000000004 0.017175500000000003
decision_type=2 2 2 2 2 2 2 2 2 2 2 2 2 2 2 2 2 2 2 2 2 2 2 2 2 2 2 2 2 2
left_child=1 19 3 6 14 15 7 20 18 10 28 12 13 23 -3 29 -12 27 -6 -1 -2 -11 -10 -7 -25 -9 -21 -16 -5 -4
right_child=2 4 5 9 8 11 -8 25 22 21 16 -13 -14 -15 17 -17 -18 -19 -20 26 -22 -23 -24 24 -26 -27 -28 -29 -30 -31
leaf_value=-0.051497673465660636 0.00013393656204659085 -0.052998315819385501 0.039641555846344143 -0.010679923481954595 -0.015058872805259256 -0.032849704643115062 0.021822334739007184 0.0029198567348675715 0.036836121913310753 0.029584476091449121 0.024728173315450075 0.048329012294270834 0.037478699712392254 0.030469845896658111 -0.035314697636692302 -0.027668955766241322 -0.033259002787284934 0.037930327488939937 0.036347391768426343 -0.047758597869993306 -0.042544883825863494 -0.030687094857117066 0.0022580942083605371 0.020322968558402262 -0.066964983576279932 -0.040137925588267266 0.011000571145128198 0.0035117086658127054 0.012355116001860086 -0.059002842719783691
leaf_weight=1261.9265064788051 20.59261298389174 74.547350132837892 15.9048186748405 43.356784160423558 232.43234091547492 15.112085498753002 72.657956139883026 196.42245409556199 25.958620241784956 654.58141499722842 580.86478287773207 246.90777102624997 625.49451829493046 112.46324263839051 104.67838305865007 24.267187208024552 8.857959693297742 6.4347022363217539 10.186812948872101 13.459752852824751 44.135880789952353 6.866690282477065 97.786798398912651 44.704526543966495 4.2207520317751905 13.716453786124474 12.361510819231624 15.234929869984624 287.26033349824138 2.3432605004200004
leaf_count=891740 1713 42946 185 1454 35962 898 1721 6784 746 2396 2065 429 1868 942 38835 3548 73 403 203 10017 6608 260 8868 612 69 2616 2558 3538 3589 404
internal_value=0 -0.0403211 0.0247609 0.018682 -0.0163997 0.0355066 -0.000766724 -0.00673788 -0.00533042 0.022955 0.0186401 0.0371166 0.0336647 0.0201484 -0.0365862 -0.00421531 0.0238572 -0.0269028 -0.0129005 -0.0508587 -0.0289671 0.0289588 0.00951168 0.00202161 0.0127927 0.000109334 -0.0196286 -0.0303818 0.00933432 0.0269745
internal_weight=0 1855.01 3020.73 1929.31 567.26 1091.42 347.525 274.867 366.365 1581.79 920.34 1048.9 801.995 176.501 200.895 42.5153 589.723 126.348 242.619 1287.75 64.7285 661.448 123.745 64.0374 48.9253 210.139 25.8213 119.913 330.617 18.2481
internal_count=1074050 1035816 38234 29279 131501 8955 19442 17721 45779 9837 7181 4818 4389 2521 85722 4137 2138 42776 36165 904315 8321 2656 9614 1579 681 9400 12575 42373 5043 589
is_linear=0
shrinkage=0.05


Tree=32
num_leaves=31
num_cat=0
split_feature=0 0 42 0 83 0 98 59 95 42 42 147 98 43 82 113 42 83 2 70 72 47 58 126 82 95 98 115 125 138
split_gain=1840.22 156.391 69.3437 66.9139 40.3763 35.9986 35.9732 31.597 20.9661 20.3179 17.5362 14.0303 13.4689 13.9555 12.2847 11.5236 11.1359 12.2954 9.9092 9.78158 11.3748 8.82208 10.245 8.70503 10.1177 8.69074 8.68429 8.67364 8.62236 8.47947
threshold=0.11665055024126079 0.53809039466125175 1.0000000180025095e-35 0.0088049481694041625 0.56680450000000004 0.94875966535953815 8.0833333333350019 7.5000000000000009 0.75316150000000015 18.500000000000004 50.500000000000007 1.5000000000000002 2.7750000000000004 3.5000000000000004 631.50000000000011 1.5000000000000002 764.50000000000011 0.59284850000000011 16722.500000000004 106.50000000000001 1.0000000180025095e-35 959.50000000000011 0.030651500000000002 0.051815000000000007 581.50000000000011 2.2098750000000007 13.083333333350001 0.088099500000000011 0.047732000000000004 0.023543000000000005
decision_type=2 2 2 2 2 2 2 2 2 2 2 2 2 2 2 2 2 2 2 2 2 2 2 2 2 2 2 2 2 2
left_child=3 4 5 -1 -2 8 11 10 29 15 12 21 -4 -14 -8 -6 17 -9 -7 20 23 -5 28 24 -10 -15 -20 -11 -23 -3
right_child=1 2 7 6 9 18 14 16 19 27 -12 -13 13 25 -16 -17 -18 -19 26 -21 -22 22 -24 -25 -26 -27 -28 -29 -30 -31
leaf_value=-0.051968752138167679 -0.034292380947995499 -0.0077351863720297219 0.039058131301494908 -0.031874042557191166 -0.013786165910626173 0.029688689815871295 -0.045963557080932492 -0.028052879103036402 -0.043423568158417046 0.0085950593469869743 0.043719759845105899 0.014119939667968456 0.015726982565376822 0.02695990271762233 0.0012883991738529893 0.005771621687106601 0.042825867918948955 0.017023876023606166 0.020275682848663504 0.024684757934358162 0.015826531841739631 -0.036192868311037213 0.028869784340335564 -0.044239790844583932 0.010059708976561778 0.045921041829129761 -0.020255746845278474 0.045040123568537559 0.0064366193752415342 0.021875771368015953
leaf_weight=1131.8245826939819 98.499609810562106 181.93272908579092 328.95778909826186 65.182255043793702 146.24738877775962 470.59528199583292 175.41768628775026 32.409364660241408 10.717740461230276 32.246716950117843 439.86772399675101 42.751947130309418 197.12515875964891 184.65789433405735 14.925520191376561 155.28918498448911 13.742697123612741 28.370497560244985 361.14431862533092 172.64997981116176 192.48335154511733 26.754708617780125 16.026516361511312 13.073699111118911 50.544486291182693 89.830553900916129 13.717698578722773 33.065155307296664 21.309005532209994 27.882386069977656
leaf_count=836838 33652 7267 1059 23710 14656 1462 103813 3538 809 1032 1053 6929 1561 1072 2054 8901 167 327 1184 1635 2502 10797 1582 255 1099 229 94 181 4102 490
internal_value=0 0.0209785 0.025425 -0.0459817 -0.00586934 0.0180576 -0.0272818 0.0337998 0.00920323 0.00176231 0.0356995 -0.0107104 0.0312928 0.0258764 -0.0422584 -0.00371404 0.00217844 -0.00701219 0.0248575 0.0154114 0.00941096 -0.0189221 -0.00574954 -0.00720133 0.000702885 0.0331652 0.0187925 0.0270459 -0.0172931 -0.00380018
internal_weight=0 3275.05 2809.7 1494.19 465.348 1494.74 362.368 1314.96 649.284 366.848 1240.44 172.024 800.571 471.614 190.343 301.537 74.5226 60.7799 845.457 439.469 266.819 129.272 64.0902 74.3359 61.2622 274.488 374.862 65.3119 48.0637 209.815
internal_count=1074050 84225 25803 989825 58422 16797 152987 9006 14057 24770 4974 47120 3921 2862 105867 23557 4032 3865 2740 6300 4665 40191 16481 2163 1908 1301 1278 1213 14899 7757
is_linear=0
shrinkage=0.05


Tree=33
num_leaves=31
num_cat=0
split_feature=0 0 0 86 42 83 141 95 2 138 98 72 42 82 42 141 113 131 82 62 83 99 82 96 91 86 114 42 3 131
split_gain=1739.67 153.697 66.6975 65.4476 53.579 42.9269 31.0128 24.1068 15.9747 19.2932 15.6155 16.7382 14.7978 13.8289 12.279 12.1239 10.8757 10.6399 10.5853 10.0366 9.90597 9.29565 9.06904 12.5169 8.45807 8.30643 10.3215 8.10318 7.99526 7.87389
threshold=0.11665055024126079 0.7740980979447657 0.012339227772512141 0.019188000000000004 1.0000000180025095e-35 0.5425715000000001 24.500000000000004 0.65046950000000014 2826.5000000000005 0.033014000000000009 7.083333333335001 2.5000000000000004 2.5000000000000004 575.50000000000011 6.5000000000000009 152.50000000000003 2.5000000000000004 7.5000000000000009 589.50000000000011 4.5000000000000009 0.58688250000000008 0.091070500000000013 561.50000000000011 0.021196500000000004 8.5000000000000018 0.086694000000000007 1.5000000000000002 28.500000000000004 0.042397000000000011 20.500000000000004
decision_type=2 2 2 2 2 2 2 2 2 2 2 2 2 2 2 2 2 2 2 2 2 2 2 2 2 2 2 2 2 2
left_child=2 3 -1 5 8 -2 13 15 17 19 22 29 16 -4 -15 27 21 -3 -19 -10 -8 28 23 -6 -20 26 -5 -7 -9 -12
right_child=1 4 6 25 10 7 20 12 9 -11 11 -13 -14 14 -16 -17 -18 18 24 -21 -22 -23 -24 -25 -26 -27 -28 -29 -30 -31
leaf_value=-0.051402310953270081 -0.046875487038746347 0.036894022023850531 -0.032929229216983609 -0.0070722618655351017 0.025590128761272396 -0.011559644896629629 -0.049772462176133285 -0.0025802064518437233 0.0098999479770567594 0.03565825444315935 -0.0089011910433713353 0.046335246525674799 0.022622350452902503 -0.007340419773752254 0.039824627265083637 -0.040864449966441979 0.016325628407941776 0.0010840271472379534 -0.020616408899474862 0.021862995033285964 -0.022783080555570295 0.014855500330811256 0.039452950332124086 -0.061764438627512554 0.03137292008980333 0.05301158727269311 0.037980284549656726 0.014447552261966659 -0.025999602077722408 0.019549466389802116
leaf_weight=1121.7409453555592 51.24852541925793 198.22779549425468 47.05000995536102 17.350687408645172 50.92707704519853 196.65492280718172 108.02163909630326 132.91845802261378 528.12285679107299 116.60179569199681 33.358731566462666 49.229292328935117 119.30250438861549 98.498110940985498 16.047816253994824 31.056331542742555 95.420785053516738 52.047568480717018 8.3828375888988358 262.45398594578728 49.612458885530941 52.547669706400484 829.67244007624686 4.4598777720239005 117.17832188960165 50.27161824144423 47.560078837559558 35.331905221450143 50.210230713069905 89.742142037430312
leaf_count=862486 22985 665 19824 381 237 20306 72569 7648 4423 446 382 164 2861 20027 724 7575 2828 496 115 1706 14195 1560 2149 80 482 104 148 1355 3868 1261
internal_value=0 0.0204331 -0.0456638 0.00261781 0.0271307 -0.00267464 -0.0254991 0.000500425 0.0202628 0.0166717 0.0354641 0.021694 0.00752426 -0.0101069 -0.000732625 -0.0115263 0.00208405 0.0289308 0.0200431 0.0138714 -0.041278 -0.00368209 0.0381452 0.0185561 0.027902 0.0377542 0.0259377 -0.00759871 -0.00900134 0.0118397
internal_weight=0 3220.28 1440.97 879.874 2340.4 764.691 319.23 713.443 1283.02 907.179 1057.39 172.33 450.4 161.596 114.546 263.043 331.097 375.837 177.609 790.577 157.634 235.676 885.059 55.387 125.561 115.182 64.9108 231.987 183.129 123.101
internal_count=1074050 84225 989825 71619 12606 70986 127339 48001 8333 6575 4273 1807 18765 40575 20751 29236 15904 1758 1093 6129 86764 13076 2466 317 597 633 529 21661 11516 1643
is_linear=0
shrinkage=0.05


Tree=34
num_leaves=31
num_cat=0
split_feature=0 0 0 86 42 83 83 113 42 115 98 70 98 91 42 62 82 34 83 47 91 129 34 77 82 95 2 104 107 42
split_gain=1647 133.771 82.9831 61.5503 50.8042 35.472 34.7054 23.8459 19.029 16.7321 16.3817 15.8285 15.0622 13.2029 13.0481 13.5341 11.7067 11.11 12.9133 10.4509 10.423 10.2928 9.82577 9.2973 9.01486 9.00474 8.96019 9.98419 8.14274 8.03682
threshold=0.15548050853772452 0.7740980979447657 0.012339227772512141 0.019188000000000004 1.0000000180025095e-35 0.58948950000000011 0.55406350000000015 2.5000000000000004 1.0000000180025095e-35 0.041374500000000008 4.2916666666650007 24.500000000000004 2.9166666666650003 18.500000000000004 20.500000000000004 3.5000000000000004 567.50000000000011 3321.0000000000005 0.59663550000000021 1888.5000000000002 37.500000000000007 8.5000000000000018 647.50000000000011 3.5000000000000004 577.50000000000011 1.7729355000000002 2826.5000000000005 0.58335850000000011 2.5000000000000004 1.0000000180025095e-35
decision_type=2 2 2 2 2 2 2 2 2 2 2 2 2 2 2 2 2 2 2 2 2 2 2 2 2 2 2 2 2 2
left_child=2 3 -1 5 9 7 -4 11 20 -3 19 -2 16 23 15 17 -6 18 -14 -8 -7 22 -13 -11 -12 -17 -15 -28 -5 -26
right_child=1 4 6 28 12 8 10 -9 -10 13 24 21 14 26 -16 25 -18 -19 -20 -21 -22 -23 -24 -25 29 -27 27 -29 -30 -31
leaf_value=-0.051218141196911697 -0.042271399141916063 0.0039761837329981287 -0.050996553418724902 0.045781699326962723 0.015117866959923031 -0.0072490465377110227 -0.0081559262393358853 0.011257845443196947 0.023874714277026015 0.025544029268517555 -0.045075841377954708 -0.060314028596398964 -0.070983472329996952 0.032985577368426354 0.038625146958115586 0.022127459567601673 0.043671195534628421 0.016161293106877542 0.013740257220236515 0.029566969193438236 0.015998528333234199 -0.043556178320513644 -0.007190327745158146 0.0063506978751811469 -0.025572789250462687 0.043068284709317117 0.022535813816413064 -0.029634607378861724 0.015387772237230391 0.0072356272048575768
leaf_weight=1077.4082117941289 63.843525547214085 146.70836452615913 87.125896804878721 81.527160733938217 39.10920256562531 155.98946669918951 102.13724478730001 75.556852744310163 131.29628810571739 94.059000096749514 43.570567180737271 9.1530363779456803 8.5081024342216569 252.56738981418312 223.10183585388586 124.12361795688048 437.08681756164879 108.7471061598626 9.5408184409607184 22.384309425207903 69.78410611290019 25.681701133726165 177.51378604672209 191.66464268648997 81.334748126784689 87.543004789855331 567.41984670609236 9.3213915470987541 30.198688541306183 24.225890358531615
leaf_count=862486 15191 2144 59549 240 173 9017 19516 3178 2428 721 27599 2546 431 843 814 707 896 947 90 1729 1602 4445 20380 1770 25232 215 2809 46 352 5954
internal_value=0 0.0204054 -0.0442681 0.00307392 0.0265899 -0.00236288 -0.0235129 -0.0136324 0.00873871 0.0198498 -0.0147626 -0.0204415 0.0347847 0.0219383 0.0292377 0.0230499 0.0413262 0.0101316 -0.0261978 -0.00137476 -6.34791e-05 -0.0138783 -0.0097952 0.0126691 -0.0259412 0.0307884 0.0251319 0.0216926 0.0375664 -0.0180433
internal_weight=0 3120.05 1438.19 820.545 2299.5 708.819 360.779 351.749 357.07 1261.74 273.653 276.192 1037.76 1115.03 561.564 338.463 476.196 126.796 18.0489 124.522 225.774 212.349 186.667 285.724 149.131 211.667 829.309 576.741 111.726 105.561
internal_count=1074050 71985 1002065 59379 12606 58787 139579 45740 13047 8333 80030 42562 4273 6189 3204 2390 1069 1468 521 21245 10619 27371 22926 2491 58785 922 3698 2855 592 31186
is_linear=0
shrinkage=0.05


Tree=35
num_leaves=31
num_cat=0
split_feature=0 0 0 86 42 83 98 72 95 0 83 70 83 3 95 0 83 77 99 147 2 47 137 82 116 102 47 86 114 2
split_gain=1555.68 143.604 65.698 59.7274 48.4469 40.4932 31.5202 22.0317 21.3681 18.3182 17.6193 14.539 13.0806 13.4564 12.9333 10.9585 10.6747 10.541 10.823 10.3375 9.31923 8.95101 8.34306 8.15921 9.30489 7.79321 7.7762 7.44935 9.14462 7.36032
threshold=0.11665055024126079 0.7740980979447657 0.0088049481694041625 0.023609000000000005 5.5000000000000009 0.56869850000000011 4.7750000000000012 1.0000000180025095e-35 1.6360310000000002 0.94875966535953815 0.58688250000000008 108.50000000000001 0.53855800000000009 0.0054360000000000007 1.4421790000000001 0.94875966535953815 0.56680450000000004 7.5000000000000009 0.052374500000000004 1.5000000000000002 3901.0000000000005 959.50000000000011 0.030706000000000001 567.50000000000011 0.025220500000000003 0.11756050000000003 15506.500000000002 0.086694000000000007 1.5000000000000002 1455534.0000000002
decision_type=2 2 2 2 2 2 2 2 2 2 2 2 2 2 2 2 2 2 2 2 2 2 2 2 2 2 2 2 2 2
left_child=2 3 -1 5 8 12 19 11 9 16 -8 -7 -2 -14 17 23 -3 18 -9 21 -20 -4 -23 24 -6 -22 29 28 -5 -10
right_child=1 4 6 27 15 7 10 14 26 -11 -12 -13 13 -15 -16 -17 -18 -19 20 -21 25 22 -24 -25 -26 -27 -28 -29 -30 -31
leaf_value=-0.051480461753328967 -0.048773570854475673 -0.014749457410493131 -0.030457016741129102 -0.0068069220927624826 0.020578461958997579 -0.028938144140114266 -0.048192537057872846 0.017667112915979954 0.030351108513725907 0.021909960156711948 -0.017684644368151464 0.018587413565623077 0.010242987937245311 -0.026576388267906793 0.018408132830206016 0.043561124678819271 0.010940144397354846 -0.017882676523116016 -0.034876884751662181 0.016724044550957457 -0.021984656182306491 -0.014133341711607177 0.031365298179808175 0.03389432314569521 -0.042797760786625137 0.0084226460462618422 -0.027932810063208399 0.051154643969013515 0.03685449088437065 0.0092822857592518449
leaf_weight=1001.1182425423904 42.228659964224789 46.406197622651234 47.294395924502169 16.553840558452066 37.582532039377838 75.157677792187314 140.26268619328039 109.20412952627521 589.48536558693741 596.15325583564118 71.427110467120656 20.476718432793859 34.026496701058932 91.667013861559099 174.11840549457702 342.12519160378724 314.3714043176733 57.763075182941975 19.98656009498518 34.897258135461016 26.832839509472251 31.356603670006734 14.845815409527857 276.83628603920806 6.8466999256052068 98.143874167581089 6.083054667687974 48.584452083217911 43.522841173689812 44.588540759170428
leaf_count=836838 20409 1638 16241 357 413 6924 100101 4072 2165 2296 22203 726 2474 18319 3998 697 3858 4796 2467 4869 2202 8431 1142 911 117 4634 266 104 137 245
internal_value=0 0.0193652 -0.0450306 0.00195308 0.0259763 -0.0030688 -0.026044 0.00317509 0.0212587 0.0165284 -0.0378987 -0.0187622 -0.0246977 -0.016609 0.00749145 0.0373338 0.00763574 0.00139779 0.00577955 -0.00649838 -0.00317562 -0.015166 0.000486335 0.0307022 0.010812 0.00189412 0.0283298 0.0365968 0.0248238 0.0288695
internal_weight=0 3118.75 1341.2 858.267 2260.48 749.605 340.084 581.683 1597.09 956.931 211.69 95.6344 167.922 125.694 486.049 663.391 360.778 311.93 254.167 128.394 144.963 93.4968 46.2024 321.266 44.4292 124.977 640.157 108.661 60.0767 634.074
internal_count=1074050 84225 989825 71619 12606 71021 152987 29819 10468 7792 122304 7650 41202 20793 22169 2138 5496 18171 13375 30683 9303 25814 9573 1441 530 6836 2676 598 494 2410
is_linear=0
shrinkage=0.05


Tree=36
num_leaves=31
num_cat=0
split_feature=0 0 42 0 115 0 155 83 42 83 83 100 58 42 0 83 96 155 89 117 95 95 110 95 58 138 70 70 95 87
split_gain=1466.9 165.787 58.1285 38.953 38.2905 35.2483 23.5771 23.0258 21.1476 19.6506 18.7318 14.5214 13.0808 11.2941 14.5404 10.8659 11.3677 10.6701 10.5331 15.1501 9.97208 9.43264 10.1162 9.34806 9.23871 9.09168 9.26721 12.2333 9.03936 8.53645
threshold=0.072661120000328969 0.60678019017954943 7.5000000000000009 0.0088049481694041625 0.045952000000000007 0.94875966535953815 0.58571428571450013 0.58688250000000008 40.500000000000007 0.54296050000000007 0.57480350000000013 1.0000000180025095e-35 0.029691500000000003 1758.5000000000002 0.86620967868038068 0.56745050000000019 0.0081185000000000025 0.77500000000000013 2.5000000000000004 0.08230750000000002 1.6797010000000003 0.44125000000000009 36.500000000000007 3.8531275000000007 0.035545500000000001 0.043744500000000013 106.50000000000001 99.500000000000014 0.85877850000000011 3.5000000000000004
decision_type=2 2 2 2 2 2 2 2 2 2 2 2 2 2 2 2 2 2 2 2 2 2 2 2 2 2 2 2 2 2
left_child=3 4 5 -1 9 6 10 12 18 -2 -3 13 -5 14 15 16 -4 -13 19 -6 -7 22 -11 -8 -14 26 27 -12 -9 -21
right_child=1 2 11 7 8 20 23 28 -10 21 25 17 24 -15 -16 -17 -18 -19 -20 29 -22 -23 -24 -25 -26 -27 -28 -29 -30 -31
leaf_value=-0.051316888553741606 -0.049396115549478481 -0.014693114343225134 0.016812965514974149 -0.046269287849008994 -0.024622428802323064 0.021027887586647004 0.017079022337074368 -0.028415622704133926 0.035405815740235512 -0.0040849036918085098 0.0027779338409128643 -0.023509083057254514 0.040769716995437869 0.049672348216396101 0.039100416425355805 0.026175357308714155 -0.059214520523492409 0.035030603928386181 0.0088060245995778465 0.021368286950866747 0.031134166100819417 -0.005248834742039821 -0.040212662011778831 0.038893064870154967 -0.038013710653153336 0.029435889363223489 0.018586629323643227 -0.050996694441240935 0.0018419914154137196 -0.024357183193071244
leaf_weight=958.41426388102991 46.647762709195376 107.91799919994082 12.662222972605379 139.48855036540772 76.419648002076428 615.52081283181906 297.49231223686365 42.49832752229122 50.21578082072665 30.839414097281406 188.5879154271679 17.536823512520641 7.7625252611178421 143.0892579870997 385.62466733087786 136.08338543795981 8.0376967496704292 13.997020289767535 162.01792822749121 40.731705041602254 404.48615988064557 131.34283572345157 52.129453254718101 58.823149606119841 7.1475909444707213 47.714997122529894 97.181693778606132 11.204578679171389 58.884516839549178 13.620178039476739
leaf_count=836838 27942 6006 165 97790 10133 2373 3234 17682 529 4235 3312 463 907 297 981 602 662 51 9573 1174 1081 14208 15445 266 2992 429 1086 464 11981 1149
internal_value=0 0.0179977 0.0235846 -0.0466904 -0.00555365 0.0188541 0.0110596 -0.0293548 0.00542745 -0.0199872 0.00348569 0.0356507 -0.0415112 0.0371769 0.0338805 0.0210416 -0.0127082 0.0024751 0.000285919 -0.01027 0.0250356 -0.013586 -0.026784 0.0206802 0.00300263 0.00917726 0.00592229 -0.000237805 -0.0108416 0.00990982
internal_weight=0 3149.93 2545.96 1214.2 603.965 1828.93 808.923 255.782 343.005 260.959 452.607 717.031 154.399 685.497 542.408 156.783 20.6999 31.5338 292.789 130.772 1020.01 214.312 82.9689 356.315 14.9101 344.689 296.974 199.792 101.383 54.3519
internal_count=1074050 105860 21472 968190 84388 18251 14797 131352 22558 61830 11297 3221 101689 2707 2410 1429 827 514 22029 12456 3454 33888 19680 3500 3899 5291 4862 3776 29663 2323
is_linear=0
shrinkage=0.05


Tree=37
num_leaves=31
num_cat=0
split_feature=0 0 42 0 83 0 59 42 83 95 95 66 0 113 42 72 83 91 83 83 70 99 149 82 83 135 113 84 95 3
split_gain=1385.54 157.026 62.9184 38.6435 34.299 31.086 28.1033 23.0034 21.403 19.0767 18.9569 16.2106 15.6271 11.3092 11.0847 10.6993 10.8985 12.5819 9.49136 9.22228 8.96897 8.94789 9.52997 8.90835 8.6623 8.10743 8.92912 11.655 8.06699 10.0342
threshold=0.072661120000328969 0.53809039466125175 1.0000000180025095e-35 0.0088049481694041625 0.56680450000000004 0.94875966535953815 7.5000000000000009 13.500000000000002 0.55406350000000015 0.85877850000000011 0.75316150000000015 0.086694000000000007 0.94875966535953815 2.5000000000000004 764.50000000000011 3.5000000000000004 0.58068350000000002 135.50000000000003 0.59284850000000011 0.5977245000000001 41.500000000000007 0.038825500000000006 2.5000000000000004 689.50000000000011 0.53219150000000004 1.5000000000000002 1.5000000000000002 134.00000000000003 0.81108300000000011 0.0017535000000000003
decision_type=2 2 2 2 2 2 2 2 2 2 2 2 2 2 2 2 2 2 2 2 2 2 2 2 2 2 2 2 2 2
left_child=3 4 5 -1 -2 10 11 13 -5 -10 -3 12 15 19 18 16 17 25 -8 21 -11 -6 -23 28 -12 26 27 -4 29 -7
right_child=1 2 6 8 7 23 14 -9 9 20 24 -13 -14 -15 -16 -17 -18 -19 -20 -21 -22 22 -24 -25 -26 -27 -28 -29 -30 -31
leaf_value=-0.051171896047397303 -0.031836838959501748 -0.005658944583040137 -0.055263606274588574 -0.052735245489153183 0.0091661514416087417 -0.047862776170659094 -0.027797984296707625 0.024542141686251948 -0.035121887601684908 0.025512550468303915 -0.061737494545532123 0.048762330127607362 0.037400401336888829 0.010876414143398495 0.04162456585858066 0.049812388703451421 0.027388488819918219 0.040965873060747837 0.012963667769979993 -0.0021657988008752359 -0.012041251903353173 -0.031189728306221676 0.028084311617726173 -0.013968757417536091 0.013727262750976089 0.036686189797474004 0.0080995459818383447 0.0073272076422405468 0.026037735423595887 0.016543561464591704
leaf_weight=918.12149928058352 114.39041599875782 201.48204421173432 15.414064532786144 68.674596042998019 20.385509483021451 6.2200052589178076 31.109245328218094 73.196565783189726 96.466299386287574 21.275744291793671 3.8380923143704413 140.87735520862043 453.85511344205588 73.313601279282011 13.261324122489894 39.251209586393088 345.53545408835635 27.421509654785041 26.401011883630417 131.75622823758749 62.9151445744792 97.099653035926167 7.2902639916865146 16.899373274296522 411.65236323443241 15.402190725784747 63.726346121518873 14.372626428608781 540.81753797456622 217.90181046444923
leaf_count=836838 46232 7757 666 54889 1510 28 3538 1888 55293 3061 900 224 1125 3920 167 84 1721 158 327 10098 18109 16067 342 69 5400 67 642 287 1652 991
internal_value=0 0.0174698 0.0225017 -0.0464314 -0.0076731 0.0153176 0.0309703 -0.000815005 -0.0289752 -0.0199431 0.00692694 0.0329082 0.0306174 -0.00644206 0.000416502 0.0247099 0.0226652 0.0106943 -0.00908569 -0.0113915 -0.00255109 -0.0211333 -0.0270502 0.021939 0.0130302 0.00307282 -0.00246352 -0.0250624 0.0227323 0.0147561
internal_weight=0 3102.87 2585.44 1167.45 517.432 1398.81 1186.63 403.042 249.332 180.657 616.972 1115.86 974.979 329.845 70.7716 521.123 481.872 136.337 57.5103 256.532 84.1909 124.775 104.39 781.839 415.49 108.915 93.513 29.7867 764.939 224.122
internal_count=1074050 105860 25803 968190 80057 16797 9006 33825 131352 76463 14057 4974 4750 31937 4032 3625 3541 1820 3865 28017 21170 17919 16409 2740 6300 1662 1595 953 2671 1019
is_linear=0
shrinkage=0.05


Tree=38
num_leaves=31
num_cat=0
split_feature=0 0 42 0 138 0 83 83 115 95 58 83 77 82 99 42 74 70 102 90 42 96 107 72 70 95 139 3 95 83
split_gain=1312.1 150.073 58.6589 38.1723 34.3196 32.578 25.4777 20.9542 16.8228 13.2112 12.6341 12.5564 12.2288 12.0739 12.5037 10.8148 12.8766 11.4851 12.0539 10.6851 10.271 10.243 9.568 9.26789 9.81853 9.01025 8.85421 8.78665 8.46658 9.92491
threshold=0.072661120000328969 0.60678019017954943 6.5000000000000009 0.0088049481694041625 0.029091500000000003 0.86620967868038068 0.54707550000000016 0.58688250000000008 0.09480050000000001 1.8222090000000002 0.029691500000000003 0.55341550000000017 8.5000000000000018 575.50000000000011 0.038825500000000006 172.50000000000003 6.083333333335001 16.500000000000004 0.10482900000000002 1.5000000000000002 102.50000000000001 0.076850500000000016 4.5000000000000009 1.0000000180025095e-35 108.50000000000001 3.5522430000000003 2.5000000000000004 0.0085455000000000027 0.76547350000000003 0.55373600000000012
decision_type=2 2 2 2 2 2 2 2 2 2 2 2 2 2 2 2 2 2 2 2 2 2 2 2 2 2 2 2 2 2
left_child=3 4 5 -1 6 8 -2 10 28 12 -5 22 19 14 -8 16 17 18 -13 27 -6 -21 -4 24 -15 -24 -10 -7 -3 -30
right_child=1 2 11 7 20 9 13 -9 26 -11 -12 15 -14 23 -16 -17 -18 -19 -20 21 -22 -23 25 -25 -26 -27 -28 -29 29 -31
leaf_value=-0.051020094326709647 -0.044141436410215243 -0.014209028382245709 0.033912447341539975 -0.045690068393153198 0.010021930967507321 -0.043331301299142623 -0.0043362052108433004 -0.010851115223007258 0.011131803165642624 0.027718838475749564 0.0031524977411955461 -0.053765632148131674 0.0058187367581298728 -0.031045193330401285 -0.039210575572604545 0.043481454066871039 0.019904189472789619 0.041541039209698385 0.02578954857808945 0.025132286721482558 0.044329112898371582 -0.017678758515400749 -0.047822524265548005 0.001495551881961152 0.018163880291903956 0.042682514037654273 0.039765913752972643 0.011907280008374051 -0.044355719826475987 0.0084924511223944191
leaf_weight=880.72723742164817 53.729487781936768 104.10505166414077 12.222543918760493 130.45349212125438 88.886100581323262 7.5429450403898946 49.584013295243494 98.44823465187801 115.02180504542775 488.7438487270847 14.735559583874418 6.3140508886426714 179.49613559013233 46.821816100331489 53.362347910617245 274.70932138361968 165.95302707620431 222.7818760368973 19.361953438259661 510.53295426699333 28.912666028481908 14.364977509714661 11.280200468434485 253.68025414581643 12.937614681053672 3.6365415015025073 35.277669152710587 157.92617902741767 9.5593823170056549 125.73597586946562
leaf_count=836838 31410 5543 152 97790 4984 83 6253 29663 1790 1695 3899 38 1380 6324 15642 674 970 596 51 2527 206 144 892 18825 744 67 232 1108 1451 2079
internal_value=0 0.0170081 0.0224229 -0.0461746 -0.00569095 0.0174856 -0.0117381 -0.0286584 0.00474162 0.0211411 -0.0407329 0.0344744 0.0174452 -0.00755688 -0.0224134 0.0357882 0.0306884 0.0378915 0.00622593 0.0204681 0.0184423 0.0239607 0.00111519 -0.0026774 -0.0203917 -0.0257584 0.0178527 0.00938922 -0.00348971 0.00475843
internal_weight=0 3052.48 2464.57 1124.36 587.914 1748.31 470.116 243.637 389.7 1358.61 145.189 716.26 869.863 416.386 102.946 689.12 414.411 248.458 25.676 690.367 117.799 524.898 27.1393 313.44 59.7594 14.9167 150.299 165.469 239.4 135.295
internal_count=1074050 105860 21472 968190 84388 18032 79198 131352 11095 6937 101689 3440 5242 47788 21895 2329 1655 685 89 3862 5190 2671 1111 25893 7068 959 2022 1191 9073 3530
is_linear=0
shrinkage=0.05


Tree=39
num_leaves=31
num_cat=0
split_feature=0 0 42 0 0 83 42 83 155 95 83 82 59 141 115 48 68 95 99 100 155 2 115 79 74 138 2 70 70 82
split_gain=1240.64 140.283 55.8461 38.2206 34.7859 31.9042 25.0486 20.4191 20.2567 17.1462 15.2933 14.0428 12.787 11.7523 10.7256 9.95623 9.73536 9.57538 9.21965 9.14065 14.701 10.4251 10.382 8.34872 8.11983 7.94102 8.46882 8.07621 10.3313 8.80014
threshold=0.072661120000328969 0.60678019017954943 6.5000000000000009 0.0088049481694041625 0.94875966535953815 0.54296050000000007 13.500000000000002 0.55406350000000015 0.58571428571450013 0.85877850000000011 0.57480350000000013 575.50000000000011 2.5000000000000004 23.500000000000004 0.088099500000000011 1.0000000180025095e-35 50.000000000000007 1.5939485000000002 0.03842700000000001 1.0000000180025095e-35 0.73214285714300009 173901.00000000003 0.075039000000000008 3.5000000000000004 124.77500000000002 0.043744500000000013 910.00000000000011 106.50000000000001 99.500000000000014 701.50000000000011
decision_type=2 2 2 2 2 2 2 2 2 2 2 2 2 2 2 2 2 2 2 2 2 2 2 2 2 2 2 2 2 2
left_child=3 5 4 -1 8 -2 11 -5 10 -9 -3 18 19 -14 -8 23 -15 -10 -7 21 -21 24 -23 -13 -4 27 -27 28 29 -12
right_child=1 2 12 7 -6 6 14 9 17 -11 25 15 13 16 -16 -17 -18 -19 -20 20 -22 22 -24 -25 -26 26 -28 -29 -30 -31
leaf_value=-0.050891854601895575 -0.046354766604919884 -0.014830166088018494 0.045466097899203167 -0.052450670464135589 0.023346015293394605 -0.0079704238607349147 0.0071773285855338004 -0.034185646647697181 0.010023568374476764 -0.0027994223551617648 -0.00067072241083617867 0.0010577583527067364 0.032519170289757995 -0.064667574460550228 0.040179985165014455 0.021267013210340246 0.010503563487816579 0.026858727406863705 -0.039346773402432866 -0.052751770074241679 0.034482288634399838 -0.0032548639111374326 0.033249229849405239 -0.015918058295288438 0.01882738384012457 -0.067232263655488886 0.031752510094056045 0.016358241265498986 -0.050085342471496409 0.0753567040961345
leaf_weight=844.02781114284153 44.182949859008659 104.39896705985302 339.84295244491659 63.68840230236674 954.80893535912037 44.311879611021141 63.925569018494571 92.225135929598764 174.24564055673545 82.385304283947335 173.93416995997541 180.23560940744937 97.793414036044851 4.6300962546956717 40.037450765201356 38.407613821298582 61.751423980051186 163.91802183678374 49.640774789062561 7.1974047308322051 14.680757347494364 23.182436260860413 121.88332406803966 121.08341981710691 31.235440046293661 2.2765647284686557 42.51505136420019 89.999198875622824 10.483288112678563 3.8913312107324591
leaf_count=836838 28187 5899 763 54889 3413 6685 5347 55293 2441 21170 3281 10486 447 462 336 2333 1043 1038 15083 107 45 144 312 15931 117 76 346 1070 459 9
internal_value=0 0.0165346 0.0218292 -0.0458993 0.0169794 -0.00551181 -0.00215538 -0.0282163 0.00904 -0.0193769 0.00180677 -0.00743946 0.0337119 0.0214975 0.0198871 -0.00270792 0.00526039 0.0181841 -0.0245484 0.037439 0.00578432 0.0387808 0.0274156 -0.00576388 0.0432238 0.00718245 0.0267215 0.00403778 -0.00185059 0.000992975
internal_weight=0 3004.49 2422.67 1082.33 1720.47 581.825 537.642 238.299 765.662 174.61 427.499 433.679 702.197 164.175 103.963 339.727 66.3815 338.164 93.9527 538.022 21.8782 516.144 145.066 301.319 371.078 323.1 44.7916 278.308 188.309 177.826
internal_count=1074050 105860 21472 968190 18032 84388 56201 131352 14619 76463 11140 50518 3440 1952 5683 28750 1505 3479 21768 1488 152 1336 456 26417 880 5241 422 4819 3749 3290
is_linear=0
shrinkage=0.05


Tree=40
num_leaves=31
num_cat=0
split_feature=0 0 86 141 42 0 152 131 82 129 83 77 34 2 66 83 69 107 2 95 48 62 2 44 91 131 150 91 107 114
split_gain=1168.87 133.394 66.661 48.6819 43.259 38.9684 22.9797 20.4757 16.4563 14.2393 13.3617 12.4472 11.9056 11.5269 12.6542 11.3743 10.9676 10.1793 10.0173 8.57997 8.53466 8.6075 8.41037 8.16337 9.14768 7.98874 8.7926 7.48689 7.46158 7.38164
threshold=0.072661120000328969 0.86620967868038068 0.019188000000000004 41.500000000000007 1.0000000180025095e-35 0.0088049481694041625 0.045941500000000003 8.5000000000000018 577.50000000000011 8.5000000000000018 0.5414135000000001 5.5000000000000009 409014.00000000006 2826.5000000000005 0.059568000000000003 0.58688250000000008 1.0000000180025095e-35 7.5000000000000009 981904.50000000012 0.49007150000000005 1.0000000180025095e-35 10.500000000000002 1567682.0000000002 1.0000000180025095e-35 36.500000000000007 7.5000000000000009 0.018047000000000004 102.50000000000001 7.5000000000000009 1.5000000000000002
decision_type=2 2 2 2 2 2 2 2 2 2 2 2 2 2 2 2 2 2 2 2 2 2 2 2 2 2 2 2 2 2
left_child=5 2 3 6 13 -1 8 22 16 23 -5 -8 -13 25 -15 -9 -2 -4 -19 -12 21 -10 -7 24 -6 -3 -27 -11 -14 -18
right_child=1 4 17 10 9 7 11 15 20 27 19 12 28 14 -16 -17 29 18 -20 -21 -22 -23 -24 -25 -26 26 -28 -29 -30 -31
leaf_value=-0.050760422155542217 -0.024285016585037657 0.033148852582059907 0.043052093072996095 -0.0483942038108547 0.027936630567578169 -0.0030417891751820182 0.020709796469135001 -0.049468306026331545 -0.0027911398623758914 0.0038185458400816739 -0.029251679931378012 0.012841235272951963 -0.0034025692533946484 0.013311238230382575 0.060205137136823343 -0.019797173244777349 -0.022226064764485659 0.029492917782776948 -0.033703839878652157 -0.0072680085905091106 0.025718107334847758 0.037581421210557846 -0.049157167821533031 0.05226704206024383 0.03999618052567161 0.004384841791418956 0.028737501855673666 0.04346287740437927 -0.040712278986317886 0.033981203159505112
leaf_weight=807.96277503681631 116.72110449441243 170.36633527418599 106.40544304659124 39.772813876617874 313.28940128046088 78.550947395400726 221.10039512056392 94.155469244389678 217.05202122840274 55.898493826156482 76.005162973175175 114.92957278119866 48.849063616828062 686.57265159953386 14.69400881230831 49.165448421721521 9.4836673996469489 20.026267887616999 9.128866907063637 106.68148001702502 36.381668575806543 14.057175082998581 11.31060402071307 67.663546653464437 315.71746664843522 69.934844153234735 78.860809285193682 15.133233664557336 18.46661138892523 15.208913679874966
leaf_count=836838 18312 540 385 24114 1333 23446 4696 83449 11767 479 17520 3617 2191 4127 40 18452 1399 160 270 10032 1313 253 6005 120 798 463 352 49 1339 191
internal_value=0 0.0160352 0.00291118 -0.00140819 0.0246244 -0.0455638 0.00426758 -0.0275577 -0.00408508 0.0335905 -0.0221317 0.0127354 0.00306075 0.0178789 0.0142938 -0.0392898 -0.0178805 0.0358801 0.00970516 -0.0164141 0.00320809 -0.000335486 -0.00884619 0.0357649 0.0339897 0.0257561 0.0172916 0.0122647 -0.0136377 0.0123937
internal_weight=0 2958.4 1170.27 1034.71 1788.13 1041.15 812.25 233.182 408.905 767.702 222.459 403.346 182.245 1020.43 701.267 143.321 141.414 135.561 29.1551 182.687 267.491 231.109 89.8616 696.67 629.007 319.162 148.796 71.0317 67.3157 24.6926
internal_count=1074050 105860 97559 96744 8301 968190 45078 131352 33235 2779 51666 11843 7147 5522 4167 101901 19902 815 430 27552 13333 12020 29451 2251 2131 1355 815 528 3530 1590
is_linear=0
shrinkage=0.05


Tree=41
num_leaves=31
num_cat=0
split_feature=0 0 81 42 0 83 95 83 72 59 0 95 77 70 82 87 128 138 34 100 98 83 70 70 138 91 77 95 113 82
split_gain=1102.51 129.362 53.3319 42.9818 38.8796 34.0925 20.625 20.0967 18.3315 16.6696 16.2907 16.1303 13.8146 13.3853 11.315 10.2375 9.33878 9.19351 9.77303 9.16235 8.90535 9.12779 8.74857 8.40567 8.16649 8.23096 17.811 9.38477 8.08213 7.9544
threshold=0.072661120000328969 0.7740980979447657 0.018857000000000002 1.0000000180025095e-35 0.0088049481694041625 0.5425715000000001 0.44125000000000009 0.55406350000000015 1.0000000180025095e-35 2.5000000000000004 0.94875966535953815 0.85877850000000011 7.5000000000000009 108.50000000000001 599.50000000000011 144.50000000000003 0.19023550000000003 0.059564000000000006 38.500000000000007 1.0000000180025095e-35 4.2916666666650007 0.58536300000000019 106.50000000000001 41.500000000000007 0.049833000000000009 77.500000000000014 4.5000000000000009 4.4348825000000014 2.5000000000000004 552.50000000000011
decision_type=2 2 2 2 2 2 2 2 2 2 2 2 2 2 2 2 2 2 2 2 2 2 2 2 2 2 2 2 2 2
left_child=4 2 5 10 -1 -2 15 -6 13 17 20 -9 19 -8 -14 -7 -11 18 -5 28 22 -22 -3 -13 25 -12 27 -27 -10 -20
right_child=1 3 -4 9 7 6 8 11 12 16 24 23 14 -15 -16 -17 -18 -19 29 -21 21 -23 -24 -25 -26 26 -28 -29 -30 -31
leaf_value=-0.050616138381077147 -0.045041019009688169 0.0072128574464398881 0.034028466736842559 0.054918080126696182 -0.05231538085191894 -0.010802619876953874 -0.029336415105014835 -0.033216617567571174 0.0090704820083466232 0.019694016400937306 0.016205852578802863 0.024983159798728265 -0.032407781181844099 0.015060125690383225 0.0039366251129429944 -0.039962494583115724 -0.086489120412943446 0.045751862338767164 -0.0134421293623221 -0.007576978187540548 -0.015786502422683282 0.0079227752826916392 0.027309672093973471 -0.011782658330370106 0.040649887035134023 -0.074460468574797878 0.034233243167173376 0.020111708371383596 0.026941717834778306 0.03046556048929961
leaf_weight=773.36682443459722 49.868376861646539 150.1623850192409 98.416692417260492 41.05230535985902 58.709826941005304 132.35379997891141 67.478983071050607 87.810733680060366 224.31125855349819 219.37008905963739 538.28862156718969 20.945809704251587 36.903573705378221 22.684636442048941 51.02399290149333 38.960173172206851 2.0904407352209082 143.04708634968847 10.540329627692698 57.690843273507198 62.357090575387701 116.31805187789723 84.697382897138596 60.30568608106114 46.916777277365327 5.9643861679360253 139.04640756174922 4.682810865342617 88.115991640515858 482.34105467516929
leaf_count=836838 30079 1777 702 83 54889 17327 7430 55293 11785 2078 2192 3061 4885 1022 2385 11509 8 294 110 3964 1776 1455 585 18109 138 28 362 20 2166 1700
internal_value=0 0.015549 -0.000628526 0.0224077 -0.0452688 -0.00506167 -0.0022908 -0.0271125 0.00244145 0.0305994 0.0159992 -0.0183604 0.00649801 -0.0181665 -0.0113173 -0.0174341 0.0186917 0.0344948 0.0314789 0.0107303 0.00806055 -0.000351692 0.0144604 -0.0023048 0.0204663 0.0190899 0.0294607 -0.0328661 0.0141108 0.0295266
internal_weight=0 2914.68 867.808 2046.88 1001.14 769.392 719.523 227.772 548.209 898.441 1148.43 169.062 458.046 90.1636 87.9276 171.314 221.461 676.981 533.934 370.118 413.535 178.675 234.86 81.2515 734.899 687.982 149.694 10.6472 312.427 492.881
internal_count=1074050 105860 93254 12606 968190 92552 62473 131352 33637 4273 8333 76463 25185 8452 7270 28836 2086 2187 1893 17915 5593 3231 2362 21170 2740 2602 410 48 13951 1810
is_linear=0
shrinkage=0.05


Tree=42
num_leaves=31
num_cat=0
split_feature=0 0 42 0 0 113 95 98 59 83 42 131 42 83 149 2 129 83 83 118 83 91 72 44 115 102 74 117 82 3
split_gain=1041.39 124.453 56.4055 39.5864 39.3068 23.1437 20.9383 20.2697 18.1765 14.8852 13.9343 11.9744 15.6123 11.8375 11.7812 11.7203 11.32 11.8871 9.47898 9.44606 9.14222 8.96293 8.46348 8.32938 8.48891 8.41099 7.88925 7.53289 7.30275 7.29839
threshold=0.072661120000328969 0.48090646582193369 5.5000000000000009 0.0088049481694041625 0.94875966535953815 1.5000000000000002 1.5939485000000002 4.7750000000000012 2.5000000000000004 0.5786285000000001 102.50000000000001 7.5000000000000009 764.50000000000011 0.58688250000000008 2.5000000000000004 155571.50000000003 7.5000000000000009 0.5414135000000001 0.59493900000000011 0.079485000000000014 0.55441150000000017 17.500000000000004 1.5000000000000002 1.0000000180025095e-35 0.072542000000000009 0.088075000000000014 124.77500000000002 0.09122050000000001 562.50000000000011 0.028880000000000006
decision_type=2 2 2 2 2 2 2 2 2 2 2 2 2 2 2 2 2 2 2 2 2 2 2 2 2 2 2 2 2 2
left_child=3 5 4 27 6 9 16 28 15 -2 -7 -10 18 -9 20 26 17 -3 -13 -20 -8 -6 -11 24 25 -17 -4 -1 -5 -30
right_child=1 2 8 7 21 10 14 13 11 22 -12 12 -14 -15 -16 23 -18 -19 19 -21 -22 -23 -24 -25 -26 -27 -28 -29 29 -31
leaf_value=-0.051028639594142444 -0.034338359777282022 -0.052766429957644856 0.042535935808679079 -0.052185670391236942 0.012963752466759727 -0.0015117055232761851 -0.037115895431126276 -0.048875338815833669 0.032669502519211281 -0.016483406294879818 0.041031581790556881 -0.025349835880679811 0.03563008358441587 -0.018451254588333302 0.033235748182274233 -0.05116506633566488 -0.012307121788722276 0.0061412466774576875 0.033369071641224282 -0.020084695613711439 0.013187856822975637 0.024613721314250964 0.01203395489004549 0.05386061979320958 0.025043079807280402 0.014139059375293087 0.017282297270068202 -0.0010641343637856945 0.011077737271261908 -0.020457647630897031
leaf_weight=733.24594172198704 103.13006463764032 8.7644742638221924 357.06954504118767 8.0735641116043535 217.82460255781189 170.29534358270757 9.4278714778192789 90.522204923043319 71.960186912619974 101.38403688775725 21.6995348574128 35.312039198543062 30.707580717047676 49.430094981304137 81.835158193251118 7.6883471786277395 129.49333693625522 374.27999928651843 20.27141480112914 13.9540046621114 215.1860890192911 682.04481412936002 34.999580662028166 20.386125976219773 112.70608735550195 13.746600789716465 33.858870042837225 7.6220069436531039 43.742389214632567 31.602607993154379
leaf_count=831129 45821 2675 1029 5872 1157 15758 1535 85955 375 12345 212 2553 274 19162 471 124 4542 9663 146 86 2352 2221 1849 32 364 89 187 5709 9520 10843
internal_value=0 0.0151129 0.0194961 -0.0449518 0.0145804 -0.00963679 0.00665476 -0.0265013 0.0312696 -0.0200042 0.0032966 0.0171077 0.00593681 -0.0381298 0.0169939 0.0357407 0.000472912 0.00479337 -0.00717567 0.0115755 0.0110764 0.0217937 -0.00916511 0.0240832 0.0195577 -0.00928441 0.0403487 -0.0505146 -0.00699212 -0.00214942
internal_weight=0 2868.03 2436.52 964.239 1718.86 431.509 818.987 223.371 717.661 239.514 191.995 172.205 100.245 139.952 306.449 545.456 512.538 383.044 69.5375 34.2254 224.614 899.869 136.384 154.527 134.141 21.4349 390.928 740.868 83.4186 75.345
internal_count=1074050 105860 29875 968190 24616 75985 21238 131352 5259 60015 15970 3434 3059 105117 4358 1825 16880 12338 2785 232 3887 3378 14194 609 577 213 1216 836838 26235 20363
is_linear=0
shrinkage=0.05


Tree=43
num_leaves=31
num_cat=0
split_feature=0 0 86 42 0 83 42 59 83 95 0 83 91 83 138 34 3 43 2 95 0 70 92 82 53 72 95 104 2 152
split_gain=984.956 121.002 48.3163 41.0407 39.7319 30.9326 22.5336 19.7317 19.6481 14.4232 13.3038 12.5816 11.3189 11.2164 10.0551 12.8865 9.29865 8.97444 13.8075 9.37904 8.54753 8.51328 8.43485 8.243 8.25521 8.01678 7.93924 8.41835 7.76459 8.70752
threshold=0.072661120000328969 0.7740980979447657 0.019188000000000004 13.500000000000002 0.0088049481694041625 0.57261050000000002 1.0000000180025095e-35 1.5000000000000002 0.55406350000000015 0.85877850000000011 0.94875966535953815 0.53855800000000009 35.500000000000007 0.57019550000000019 0.040995500000000011 43454.500000000007 0.0077455000000000006 3.5000000000000004 3620.0000000000005 3.1377315000000006 0.94875966535953815 41.500000000000007 0.58333333333350013 562.50000000000011 1.0000000180025095e-35 1.0000000180025095e-35 1.3210715000000002 0.12747550000000005 72.500000000000014 0.055400500000000005
decision_type=2 2 2 2 2 2 2 2 2 2 2 2 2 2 2 2 2 2 2 2 2 2 2 2 2 2 2 2 2 2
left_child=4 2 5 7 -1 11 12 14 -6 -10 13 -2 -7 -9 15 28 -13 18 26 -20 23 -11 -4 24 -5 -15 27 -12 29 -3
right_child=1 3 22 20 8 6 -8 10 9 21 17 16 -14 25 -16 -17 -18 -19 19 -21 -22 -23 -24 -25 -26 -27 -28 -29 -30 -31
leaf_value=-0.05050116400943272 -0.047130155481491659 -0.042637930221777254 0.016783237611664878 0.017241245298986685 -0.05224835637387433 -0.012994219618365457 0.014487537517722344 -0.018726381995599041 -0.032003768546983766 0.024760513430427476 0.017768327913577468 0.00087453667366192082 0.0056653575582421151 -0.011192531344957192 0.038191379574336617 0.014998473554336526 -0.024763807495861559 0.025343497209005767 0.0039200029129974221 -0.047551414744104924 0.042001664131214825 -0.012128482209717633 0.046284855799468748 0.03089502425018896 -0.057520956147304764 0.011833460506413648 0.039788359947839656 -0.053145231253618211 0.03054699744124317 0.022947938041865019
leaf_weight=707.8862685469212 40.795515853766119 7.8041004072874811 46.735234946507262 12.687054808717223 54.100336670519027 240.41930508318183 192.11309021402849 47.288733322289772 83.98220761246921 21.258823261174257 40.733047417365015 53.858595983561827 122.7749511654547 45.943295755889267 95.062898953445256 406.94624789874069 102.99721838330152 191.57488998584449 121.79469669004902 9.5440041469410044 217.08208196843043 59.177421477128519 50.310269207984675 201.15242630429566 5.2080907820491111 213.29427354619838 47.073872104287148 4.6643675938248625 297.18385078618303 14.396384200081227
leaf_count=836838 26613 81 572 114 54889 22843 7057 1999 55293 3061 249 6197 4781 752 333 2471 25064 752 531 52 504 18109 127 707 181 2356 121 25 1316 62
internal_value=0 0.0146513 -0.00112762 0.021427 -0.0447481 -0.00540727 0.000638832 0.0175997 -0.026111 -0.0175108 0.0115691 -0.022394 -0.0066865 0.00366768 0.0228999 0.0208986 -0.0159605 0.0173999 0.0106004 0.000179724 0.0349703 -0.00237894 0.0320774 0.028002 -0.00451708 0.00775269 0.025401 0.0104823 0.0284162 -0.000107356
internal_weight=0 2829.44 850.004 1979.43 926.405 752.959 555.307 1543.3 218.519 164.418 721.911 197.651 363.194 306.526 821.393 726.331 156.856 415.385 223.81 131.339 436.13 80.4362 97.0455 219.048 17.8951 259.238 92.4713 45.3974 319.384 22.2005
internal_count=1074050 105860 93254 12606 968190 92555 34681 11100 131352 76463 6837 57874 27624 5107 4263 3930 31261 1730 978 583 1506 21170 699 1002 295 3108 395 274 1459 143
is_linear=0
shrinkage=0.05


Tree=44
num_leaves=31
num_cat=0
split_feature=0 0 0 42 42 83 83 115 91 95 91 129 56 95 141 110 107 70 70 42 148 77 113 150 82 96 39 152 148 2
split_gain=929.1 99.3907 61.5222 55.4958 34.9632 33.9978 25.5276 18.6186 15.4945 15.23 12.3191 11.5697 10.3631 10.2919 10.0277 9.57185 9.53084 16.8317 9.25846 8.53155 9.24329 8.41411 7.9772 7.53479 7.5093 15.5323 7.20423 7.15373 8.06667 6.98996
threshold=0.11665055024126079 0.86620967868038068 0.0088049481694041625 38.500000000000007 1.0000000180025095e-35 0.56680450000000004 0.55406350000000015 0.073181500000000024 46.500000000000007 0.69437950000000015 16.500000000000004 9.5000000000000018 1.0000000180025095e-35 0.92613850000000009 76.500000000000014 17.500000000000004 11.500000000000002 8.5000000000000018 41.500000000000007 2.5000000000000004 4.5000000000000009 7.5000000000000009 3.5000000000000004 0.055314000000000009 599.50000000000011 0.027299500000000001 128.50000000000003 0.093043500000000015 6.5000000000000009 46659.500000000007
decision_type=2 2 2 2 2 2 2 2 2 2 2 2 2 2 2 2 2 2 2 2 2 2 2 2 2 2 2 2 2 2
left_child=2 3 -1 5 10 14 -4 26 12 15 22 13 24 23 21 19 -12 -18 -11 20 -8 -2 -3 -6 25 -7 -5 -10 -29 -25
right_child=1 4 6 7 11 8 9 -9 27 18 16 -13 -14 -15 -16 -17 17 -19 -20 -21 -22 -23 -24 29 -26 -27 -28 28 -30 -31
leaf_value=-0.050424689119772687 -0.0094622223300593038 0.0031119639325118708 -0.050590786750777383 0.012222035863021743 0.026634646645098205 -0.0010108220384391173 -0.035795306162581177 0.03845729641778433 0.0074229878974938924 0.019989822547155665 0.022773056761220149 0.0060392559620726129 0.01571036510081222 0.037203389769526682 -0.045028912302490134 -0.041506814073767967 -0.045568954197409278 0.013779639931031316 -0.011145873487360026 0.038070612290983859 0.044164823717252243 -0.047690647519233985 0.03808911035569848 -0.039497123475672212 0.0010260820936168287 -0.027744945227339869 -0.040087132569208851 0.037219074849675342 -0.010656194594779619 0.026618103263138487
leaf_weight=677.94317275402136 81.003797949189902 202.6955477304291 63.475421844050288 72.695569255563896 222.75838210782968 131.87491312038037 21.057716055809582 123.49165243818425 132.62203821106232 32.109990030279732 545.51377146551386 43.806824208702892 65.447978268784937 428.23146832175553 43.717161578737432 61.096070323546883 12.794721600599585 180.24981577787548 93.108971278787067 7.6777383887238093 4.3631333631492444 17.50415225175675 17.726926599629223 8.6136663462966698 216.72880499553867 92.396919107384747 7.2375377569551338 47.785536821582355 10.784218310960567 7.4599873013794413
leaf_count=836838 11458 1886 64370 2641 1096 7834 10833 486 3591 4813 2455 421 1625 1182 21200 45258 171 919 26472 806 435 4193 91 50 8917 10198 3041 525 215 30
internal_value=0 0.0149631 -0.0422518 0.00285589 0.0225274 -0.00281948 -0.0226656 0.0262874 0.00172268 -0.014587 0.0162983 0.0309306 -0.00285568 0.0325653 -0.0250996 -0.0297753 0.0193942 0.0098461 -0.00316172 -0.00812041 -0.0220713 -0.0162551 0.00592491 0.024249 -0.00561103 -0.0120249 0.00748571 0.0138503 0.028404 -0.0088122
internal_weight=0 2713.14 960.832 1043.29 1669.85 839.866 282.889 203.425 697.64 219.414 958.981 710.87 506.449 667.064 142.225 94.1947 738.558 193.045 125.219 33.0986 25.4208 98.508 220.422 238.832 441.001 224.272 79.9331 191.192 58.5698 16.0737
internal_count=1074050 84225 989825 75924 8301 69756 152987 6168 32905 88617 5522 2779 28574 2358 36851 57332 3545 1090 31285 12074 11268 15651 1977 1176 26949 18032 5682 4331 740 80
is_linear=0
shrinkage=0.05


Tree=45
num_leaves=31
num_cat=0
split_feature=0 0 0 42 83 42 98 95 120 113 152 147 34 79 82 102 83 96 82 96 70 84 2 113 117 117 74 3 128 138
split_gain=876.122 93.7283 61.6411 52.9604 34.9242 33.4293 25.0778 16.0134 13.6853 13.5368 12.4834 11.4307 11.1777 9.92531 9.91259 9.80741 9.6887 8.90726 11.604 8.52084 8.36365 8.35641 8.26609 8.194 8.71642 10.6921 8.95445 8.45964 8.25005 7.92122
threshold=0.11665055024126079 0.86620967868038068 0.0088049481694041625 92.500000000000014 0.56680450000000004 13.500000000000002 11.100000000000001 0.75316150000000015 5.5000000000000009 2.5000000000000004 0.092087500000000003 1.5000000000000002 100931.00000000001 5.5000000000000009 631.50000000000011 0.1894315 0.53940450000000018 0.028017500000000004 606.50000000000011 0.0067470000000000004 101.50000000000001 134.00000000000003 1288875.0000000002 3.5000000000000004 0.041471500000000008 0.030758500000000005 3.0833333333350006 0.0017535000000000003 0.14995450000000002 0.045190500000000008
decision_type=2 2 2 2 2 2 2 2 2 2 2 2 2 2 2 2 2 2 2 2 2 2 2 2 2 2 2 2 2 2
left_child=2 3 -1 4 16 7 11 23 -5 10 17 -4 15 29 -8 20 -2 -6 -19 -18 21 -9 -10 24 25 -3 -27 -25 -26 -14
right_child=1 5 6 8 9 -7 14 12 22 -11 -12 -13 13 -15 -16 -17 19 18 -20 -21 -22 -23 -24 27 28 26 -28 -29 -30 -31
leaf_value=-0.050300615949635932 -0.047764803051700978 0.005403142125216134 -0.016947976836693395 0.047119997245617329 0.0027630935898220765 0.035863642470131123 -0.044183821717167865 0.0012349873722707981 0.021641361964919781 0.013802001003558655 0.012295641818907197 0.013888983993118241 0.015204534291264993 -0.0094867431484605882 0.0039451347928183651 -0.0084165918008014384 0.0013544063390649921 -0.022704342150954133 -0.00066019931794230778 -0.02751081707833844 0.033386675920554991 0.025430518491071127 -0.032124362214318483 -0.04984137025389393 0.015595737258256798 0.017357728446379637 -0.041198899057652713 0.03027108416018506 -0.026177233073630402 0.036500746474854566
leaf_weight=649.89879644067696 34.103189508066862 75.995889725862071 117.2378070142513 64.397675663232803 173.00890336188604 341.33107283792924 107.74029245296697 45.009834898635745 84.88023788612918 190.722108859336 122.57477145780285 40.410230739740655 340.22781464317814 36.038217941299081 11.877708412619539 19.364149328321218 39.508372862677788 124.45378585049184 114.7333601215505 72.450835473253392 290.61513918591663 172.25410560378805 7.8061816592671667 3.4942318424582473 162.49425382562913 8.5172039549797756 27.963954799808562 57.874596334062517 12.746883164159952 50.093262689188123
leaf_count=836838 19946 919 46672 185 8266 1030 96617 341 3141 4588 3395 7889 1600 332 1809 98 3286 12113 4989 15150 1051 682 865 24 1275 65 356 263 92 173
internal_value=0 0.0145284 -0.0418798 0.00269103 -0.00212548 0.0219349 -0.0221419 0.0182853 0.0294146 0.00236547 -0.00171328 -0.00904348 0.0216394 0.0156196 -0.0394048 0.0265073 -0.024432 -0.00587912 -0.0121302 -0.0173248 0.0278389 0.020418 0.0171131 0.00912289 0.00558502 -0.00527777 -0.0275278 0.0257096 0.0125572 0.0179377
internal_weight=0 2672.66 927.165 1028.64 871.555 1644.02 277.266 1302.69 157.084 725.493 534.771 157.648 953.603 426.359 119.618 527.243 146.062 412.196 239.187 111.959 507.879 217.264 92.6864 349.087 287.718 112.477 36.4812 61.3688 175.241 390.321
internal_count=1074050 84225 989825 75924 71733 8301 152987 7271 4191 33351 28763 54561 4277 2105 98426 2172 38382 25368 17102 18436 2074 1023 4006 2994 2707 1340 421 287 1367 1773
is_linear=0
shrinkage=0.05


Tree=46
num_leaves=31
num_cat=0
split_feature=0 0 42 0 0 83 83 113 95 72 0 95 42 95 62 47 107 83 70 138 138 95 79 133 72 47 98 39 83 102
split_gain=828.856 104.415 52.3675 41.8951 35.3939 21.9113 19.5228 18.2674 18.093 14.9777 15.2557 14.2077 13.2204 12.5142 12.4792 11.6627 11.0303 10.4234 9.28702 8.93502 8.51985 7.93929 7.81621 7.80532 7.7432 7.5354 7.03561 6.90045 9.57341 6.89857
threshold=0.072661120000328969 0.48090646582193369 2.5000000000000004 0.0088049481694041625 0.94875966535953815 0.55341550000000017 0.55406350000000015 1.5000000000000002 1.5939485000000002 3.5000000000000004 0.94875966535953815 0.85877850000000011 102.50000000000001 0.65046950000000014 13.500000000000002 914.50000000000011 4.5000000000000009 0.5786285000000001 41.500000000000007 0.027653 0.023543000000000005 0.45692650000000007 3.5000000000000004 0.77500000000000013 1.5000000000000002 997.50000000000011 85.166666666650016 1.5000000000000002 0.55176750000000008 0.19278150000000002
decision_type=2 2 2 2 2 2 2 2 2 2 2 2 2 2 2 2 2 2 2 2 2 2 2 2 2 2 2 2 2 2
left_child=3 7 4 -1 8 16 -5 17 20 10 13 -8 -9 14 15 -7 -4 -2 -13 26 21 25 -21 -12 -19 27 -10 -3 -29 -6
right_child=1 2 5 6 29 9 11 12 19 -11 23 18 -14 -15 -16 -17 -18 24 -20 22 -22 -23 -24 -25 -26 -27 -28 28 -30 -31
leaf_value=-0.050228397116566653 -0.03160754707750188 0.0097980564501535892 0.023716079102646899 -0.052087263678883333 0.020462336298238043 0.020259750961585419 -0.030889135215075438 -0.0028449013386908566 0.011673825024051294 0.050414824275375796 0.031010351862062014 0.026088380544743463 0.039312242581200814 0.026762130242529415 -0.035783114946543911 -0.030733112794644454 -0.036372280652336726 -0.017120388904081688 -0.011662576456909178 0.040312757076671792 0.014507035891159401 -0.00030265782974096096 -0.030749804587825471 0.04952199809338656 0.010780116379405257 -0.045278729711362334 -0.041854701696446714 0.033630019982722567 -0.026576149348994174 -0.00031298410818169883
leaf_weight=622.44975341828103 97.25471460269182 29.163993867288809 12.68483359902166 48.093705488521664 759.26365974755026 84.658007362508215 77.857272509529139 163.616450986985 209.77296340814792 79.258277964661829 191.60892227292061 22.817797603005602 20.981805777119007 280.91775793861598 14.788068925496189 12.924917919561265 19.193831928583677 97.315126151850563 56.959443133615423 43.545010031200945 66.074922203726601 270.14247127406998 4.2468828525161362 81.02115342579782 33.403664987155935 18.522056510613766 6.3236770074581719 7.4758115250151596 56.537616950285155 42.177673776168376
leaf_count=836838 45821 816 380 54889 3027 799 55293 15758 2853 177 556 3061 212 1516 252 546 2447 12345 18109 247 1069 7713 84 198 1849 2756 836 192 3226 185
internal_value=0 0.0134093 0.0175803 -0.0437632 0.0121625 0.0281311 -0.024202 -0.00974519 0.00404851 0.0298677 0.0274221 -0.0156943 0.00194676 0.0211212 0.00701928 0.0135057 -0.0124625 -0.0192126 -0.00086509 0.0144341 -0.00207015 -0.00493871 0.033998 0.0365117 -0.00999074 -0.0161509 0.0101074 -0.0103608 -0.019545 0.019369
internal_weight=0 2702.87 2290.3 828.178 1513.25 777.056 205.728 412.572 711.805 745.177 665.919 157.635 184.598 393.289 112.371 97.5829 31.8787 227.974 79.7772 263.889 447.917 381.842 47.7919 272.63 130.719 111.699 216.097 93.1774 64.0134 801.441
internal_count=1074050 105860 29875 968190 23004 6871 131352 75985 19792 4044 3867 76463 15970 3113 1597 1345 2827 60015 21170 4020 15772 14703 331 754 14194 6990 3689 4234 3418 3212
is_linear=0
shrinkage=0.05


Tree=47
num_leaves=31
num_cat=0
split_feature=0 0 42 0 0 117 113 138 59 95 42 83 83 2 131 83 72 42 102 95 70 70 72 136 83 72 118 113 129 126
split_gain=776.768 101.493 51.241 41.1702 32.6503 19.0051 17.7556 17.0909 16.2307 13.5355 12.6209 10.8792 10.6386 10.4727 9.43544 8.62208 8.28523 8.02663 10.4035 7.82799 7.50667 16.7913 7.42072 7.34842 7.42835 9.82634 8.24451 7.33874 7.19747 8.61187
threshold=0.072661120000328969 0.48090646582193369 5.5000000000000009 0.0088049481694041625 0.94875966535953815 0.024628000000000001 1.5000000000000002 0.033014000000000009 2.5000000000000004 0.72513300000000014 102.50000000000001 0.5786285000000001 0.54931550000000018 155571.50000000003 8.5000000000000018 0.58688250000000008 2.5000000000000004 106.50000000000001 0.10061500000000001 1.8222090000000002 100.50000000000001 99.500000000000014 1.5000000000000002 1.5000000000000002 0.5683895000000001 1.5000000000000002 0.029447500000000005 3.5000000000000004 8.5000000000000018 0.10030700000000002
decision_type=2 2 2 2 2 2 2 2 2 2 2 2 2 2 2 2 2 2 2 2 2 2 2 2 2 2 2 2 2 2
left_child=3 6 4 -1 7 15 11 9 13 -3 -8 -2 -11 23 -10 -5 -16 18 -15 27 21 -14 -13 24 25 -4 -27 28 29 -6
right_child=1 2 8 5 19 -7 10 -9 14 12 -12 22 20 17 16 -17 -18 -19 -20 -21 -22 -23 -24 -25 -26 26 -28 -29 -30 -31
leaf_value=-0.050038256835984521 -0.032525868252069622 -0.0082431032035805273 -0.057826828612835585 -0.048725171429413267 0.016926867830917174 -0.0085435719188024003 -0.0032214549286979166 0.023220517732283903 0.027870302186807163 -0.038878552663331914 0.038341127760647437 -0.017196722817419748 0.0055683516631231311 -0.011906678114365188 -0.0077494640666866781 -0.016297918886733181 0.025886466546957105 0.037545469902992325 0.02461573068921602 0.02567300091864215 0.015711869744338018 -0.052269537304993001 0.01023298034653013 0.053206901320674384 0.037697034827860791 -0.063158325452774139 0.029921829540946129 0.025300404055077431 -0.00013557349526805614 -0.044117412482046869
leaf_weight=593.1885987504138 93.787244625440508 221.63774975511478 4.2238251983071669 70.738646390946087 302.34809043211862 100.94680522390263 162.00096845613734 108.77139575959882 74.168736048100982 12.332055000442777 20.586312982835807 96.036532764017466 226.84627391747199 28.961391722783446 55.6145023603749 28.863009032880655 27.292273113387637 51.218338917475194 59.675565296784043 294.68684033118188 187.88606285990681 13.283507007756269 33.17474135113298 64.531039392575622 250.18590406514704 2.5708198429201721 31.880112931365147 142.44738731672987 92.605312082916498 5.8901556935161343
leaf_count=836838 45821 11115 82 78301 1369 41521 15758 1237 426 2440 212 12345 3646 214 2500 11530 508 181 214 942 2197 603 1849 107 786 87 154 436 606 25
internal_value=0 0.012933 0.0170677 -0.0434171 0.0122799 -0.0238327 -0.0100968 0.00485259 0.0289115 0.00183455 0.00146463 -0.0195631 0.00690687 0.0333691 0.014914 -0.0393283 0.00332323 0.0217878 0.0126823 0.0191113 0.00822605 0.00236887 -0.0101542 0.0379524 0.0345445 0.0141511 0.0229759 0.0155522 0.012088 0.0157604
internal_weight=0 2664.64 2259.06 793.737 1608.73 200.548 405.586 770.757 650.323 661.986 182.587 222.999 440.348 493.247 157.076 99.6017 82.9068 139.855 88.637 837.978 428.016 240.13 129.211 353.392 288.861 38.6748 34.4509 543.291 400.844 308.238
internal_count=1074050 105860 29875 968190 24616 131352 75985 21238 5259 20001 15970 60015 8886 1825 3434 89831 3008 609 428 3378 6446 4249 14194 1216 1109 323 241 2436 2000 1394
is_linear=0
shrinkage=0.05


Tree=48
num_leaves=31
num_cat=0
split_feature=0 0 92 0 42 83 42 83 83 99 115 95 91 91 70 91 72 77 83 138 70 2 86 47 148 116 70 104 70 2
split_gain=735.013 97.6699 43.6432 40.4976 36.9173 26.1981 22.7921 18.1863 16.7013 16.2318 15.4288 12.7122 12.2722 10.7224 9.93823 9.64556 12.698 9.17637 8.84028 8.82173 8.70162 8.23107 8.15512 8.5594 7.80345 10.6366 7.76836 7.47557 7.88612 7.38973
threshold=0.072661120000328969 0.7740980979447657 0.58333333333350013 0.0088049481694041625 5.5000000000000009 0.5425715000000001 1.0000000180025095e-35 0.55406350000000015 0.58730450000000012 0.046660000000000007 0.083152000000000018 0.85877850000000011 35.500000000000007 69.500000000000014 104.50000000000001 43.500000000000007 1.5000000000000002 8.5000000000000018 0.62505750000000015 0.072794000000000011 99.500000000000014 580687.00000000012 0.059568000000000003 1404.5000000000002 1.5000000000000002 0.019517500000000004 41.500000000000007 0.045607500000000002 108.50000000000001 368116.50000000006
decision_type=2 2 2 2 2 2 2 2 2 2 2 2 2 2 2 2 2 2 2 2 2 2 2 2 2 2 2 2 2 2
left_child=3 2 5 -1 10 -2 12 -5 9 29 13 -9 -7 17 20 16 -6 -3 27 -18 -14 -17 23 -12 25 -25 -13 -19 -29 -8
right_child=1 4 -4 7 15 6 8 11 -10 -11 22 26 14 -15 -16 21 19 18 -20 -21 -22 -23 -24 24 -26 -27 -28 28 -30 -31
leaf_value=-0.049905099183899918 -0.043385774186746162 0.0067586671479412637 0.045265331669238844 -0.051830381312781386 -0.011036557737509698 -0.016346770929558711 0.017309475068174204 -0.030121657017421227 0.019683557264626325 -0.028640371531254316 0.014801143626104794 0.023734292474426585 -0.0031880881216971679 0.01979791873446295 0.015819194006466381 0.04241740262986729 0.02320194400079377 -0.039721310211108751 0.04108053856452229 0.044513215900300433 -0.04735209495247969 0.0057999245306266291 0.051333000361830597 -0.044702755818426691 0.03207383593674714 0.018859812472754086 -0.011242380243368606 -0.030352944151154949 0.018557536274117763 -0.016105708679768151
leaf_weight=568.22031679220891 41.869705355005863 284.02769647433888 45.909081147168763 44.165070817238302 22.664381299575325 272.41642533903359 61.410782442049822 74.706128618876392 151.05511940130964 45.99176064288622 611.18746192823164 22.233916171157034 75.194264130666852 127.19548274390399 66.824880889966153 176.58535573282279 222.66594203165732 26.57146944035776 6.5848641525953999 62.103233724832535 13.095744689402634 16.807589842006564 18.601155236363411 7.482096347026526 160.56586113059893 54.693792965263128 55.506237368761504 15.367191509343682 17.772948509315029 22.647242746315897
leaf_count=836838 30110 3496 127 54889 288 34469 4373 55293 3986 9024 3688 3061 4707 1030 2977 522 1121 676 38 131 1525 76 56 59 660 308 18109 285 172 1956
internal_value=0 0.0125577 -0.00205922 -0.0431373 0.0189159 -0.0049541 -0.00268337 -0.0235779 0.00837523 -0.00475958 0.0145592 -0.0153929 -0.00995448 0.00736366 0.00127182 0.0304863 0.0249828 0.00284904 -0.0139006 0.0278496 -0.00973878 0.039235 0.0185895 0.0178592 0.0262502 0.0112108 -0.00123895 -0.0199638 -0.00412241 0.00830663
internal_weight=0 2627.29 796.415 764.832 1830.88 750.506 708.636 196.611 281.105 130.05 1330.05 152.446 427.531 477.52 155.115 500.827 307.434 350.324 66.2965 284.769 88.29 193.393 852.53 833.929 222.742 62.1759 77.7402 59.7116 33.1401 84.058
internal_count=1074050 105860 93254 968190 12606 93127 63017 131352 19339 15353 10468 76463 43678 5697 9209 2138 1540 4667 1171 1252 6232 598 4771 4715 1027 367 21170 1133 457 6329
is_linear=0
shrinkage=0.05


Tree=49
num_leaves=31
num_cat=0
split_feature=0 0 42 0 0 120 83 83 95 84 42 70 110 70 152 99 83 42 83 117 70 47 98 129 62 91 44 150 151 91
split_gain=694.896 107.408 48.1792 32.0241 21.8649 19.917 19.2843 18.5915 14.7117 14.0344 13.4865 12.8484 11.5201 10.2311 9.86343 8.69293 11.0339 8.48193 12.5752 12.4172 12.3568 8.45903 8.17578 7.69986 7.48152 13.9187 9.59955 6.82714 12.8084 6.80703
threshold=0.043984350660107828 0.48090646582193369 2.5000000000000004 0.94875966535953815 0.0088049481694041625 1.5000000000000002 0.56713550000000013 0.55278050000000012 1.5939485000000002 10.000000000000002 821.00000000000011 43.500000000000007 3.5000000000000004 121.50000000000001 0.093043500000000015 0.04683650000000001 0.59831000000000012 423.50000000000006 0.5823505000000001 0.046790000000000005 81.500000000000014 3800.5000000000005 85.166666666650016 7.5000000000000009 9.5000000000000018 43.500000000000007 1.0000000180025095e-35 0.049929000000000008 0.049992500000000002 5.5000000000000009
decision_type=2 2 2 2 2 2 2 2 2 2 2 2 2 2 2 2 2 2 2 2 2 2 2 2 2 2 2 2 2 2
left_child=4 6 3 8 27 24 -2 -7 21 -6 14 -11 -9 17 15 -8 -17 18 19 20 -14 23 -10 29 -4 26 -26 -1 -29 -3
right_child=1 2 5 -5 9 7 10 12 22 11 -12 -13 13 -15 -16 16 -18 -19 -20 -21 -22 -23 -24 -25 25 -27 -28 28 -30 -31
leaf_value=-0.051060657002760614 -0.029651984326007172 -0.01922306317376769 0.039135503896729554 0.017793847147708357 -0.042566684985327508 -0.024503172143549048 0.0024464954743223443 -0.056713628912519458 0.014014517093520047 0.022871943888594207 0.039830196591854335 -0.025735720213351843 0.017392407979016294 0.033917939937360128 0.0094315014413023576 -0.030140494376360794 -0.0060463140664638306 0.034891820291344411 0.019986764417907615 -0.080203738436173067 -0.03492963427599264 -0.050192172578427785 -0.043259140918036634 -0.012963291181993439 -0.025312503295861394 0.047280707593405094 0.060775487449639558 0.10004713201129208 -0.034686207548105419 0.0049061717183495421
leaf_weight=517.17293435425381 102.10268048284706 32.624834799353266 270.91358092997689 775.94751217751764 67.786615705917939 22.765279328981705 79.19558954409149 4.6007000794634214 245.6989088083792 20.391145959845744 16.015069104571012 40.790494675362424 33.687730577890761 136.87840239767684 71.252874301208067 88.859086328833655 102.12923090986442 52.776680917362683 149.62486587825697 5.3537554730428374 16.968131501838798 9.1514804977632576 6.3931575513270209 110.34961646932061 18.603745877742771 19.616142914630473 3.9206559956073752 1.9014604540352618 24.389013132469699 280.79283765118453
leaf_count=790630 59167 2038 875 3212 69419 2756 7825 39 3182 6372 287 29906 449 758 4666 18769 10926 239 945 140 483 2383 838 4205 130 50 7 13 46195 7146
internal_value=0 0.0114944 0.0160932 0.0108384 -0.045405 0.026528 -0.0104877 0.0194478 0.00295971 -0.0268968 -0.00501356 -0.00953534 0.0219498 0.0228654 -0.00711695 -0.0114811 -0.0172564 0.017011 0.0124218 -0.00778743 -0.000133842 -0.00263181 0.012562 -0.00160471 0.036087 0.0164886 -0.0103278 -0.0497971 -0.0249416 0.00239447
internal_weight=0 2656.22 2196.67 1460.96 672.432 735.71 459.555 422.656 685.011 128.968 357.452 61.1816 399.89 395.29 341.437 270.184 190.988 258.411 205.634 56.0096 50.6559 432.919 252.092 423.767 313.054 42.1405 22.5244 543.463 26.2905 313.418
internal_count=1074050 131515 29875 23004 942535 6871 101640 5809 19792 105697 42473 36278 3053 3014 42186 37520 29695 2256 2017 1072 932 15772 4020 13389 1062 187 137 836838 46208 9184
is_linear=0
shrinkage=0.05


Tree=50
num_leaves=31
num_cat=0
split_feature=0 0 115 0 42 42 83 83 77 72 95 117 2 95 143 95 115 132 74 96 98 128 73 59 2 2 70 95 95 148
split_gain=655.391 89.6091 48.4941 38.3145 32.9043 29.204 21.0689 16.7262 16.3908 13.4001 12.511 11.4023 11.2191 11.1978 10.1684 9.54751 8.87014 8.99437 8.67794 8.67006 8.42316 7.55925 9.0646 7.41615 6.99427 6.67873 7.54063 6.65695 6.55624 6.40452
threshold=0.072661120000328969 0.86620967868038068 0.092032000000000017 0.0088049481694041625 7.5000000000000009 37.500000000000007 0.54061850000000011 0.55406350000000015 8.5000000000000018 1.0000000180025095e-35 0.44643900000000009 0.09122050000000001 21926.000000000004 0.85877850000000011 0.18333333333350002 0.71484950000000014 0.046274500000000003 9.5000000000000018 69.083333333350012 0.0090165000000000019 10.100000000000001 0.055297500000000006 2.5000000000000004 3.5000000000000004 156.50000000000003 1567682.0000000002 41.500000000000007 2.8259265000000005 0.27669050000000006 4.5000000000000009
decision_type=2 2 2 2 2 2 2 2 2 2 2 2 2 2 2 2 2 2 2 2 2 2 2 2 2 2 2 2 2 2
left_child=3 2 6 11 12 20 -2 -5 9 19 18 -1 15 29 16 -3 17 -14 28 -8 27 22 -6 -16 -17 26 -15 -4 -11 -9
right_child=1 4 5 7 21 -7 8 13 -10 10 -12 -13 14 25 23 24 -18 -19 -20 -21 -22 -23 -24 -25 -26 -27 -28 -29 -30 -31
leaf_value=-0.05036859877016743 -0.042124583801444182 0.0076929310893824494 0.0043505433369485438 -0.051506533665430544 0.024006820119703488 0.038819939671283603 0.0040211328294592176 -0.034158880185194328 -0.029019047193638937 0.0069491876230520239 0.0061500132841362182 0.015817498690803438 0.044872609092555492 0.029323012597681011 0.026746842549521907 0.0036613813656933198 0.0087734329059295964 -0.022861042003947986 -0.033180103047393196 -0.029264809624387864 -0.030691588988342552 0.042481349830971508 0.056298779309918716 -0.033595368313327968 0.024355482214724625 -0.046146413450577892 -0.0074886373098357467 0.023055922196969184 -0.020370299031107431 0.018355981479722019
leaf_weight=514.70510827145699 41.943642637455923 134.05065992218442 207.28002304246183 40.719696833417402 211.39907468226738 93.957337240222842 27.475844240223523 64.967673065733834 66.067704338216572 54.036514265550068 324.54256266527227 6.5905828425238715 5.5808024648576966 19.608440981595777 98.700283035635948 44.561850279569626 351.81889977958053 40.247441239887848 35.905848442096612 67.931394975297735 14.335641333454985 126.43828927353024 24.222049593925476 5.3688283916562787 487.68266912200488 7.630067091624368 47.883618137188023 61.729507003212348 36.996623170256498 6.3755471235126597
leaf_count=831129 29068 1311 8573 54889 902 391 2060 53258 9342 4755 16455 5709 45 2146 436 246 2212 586 10903 9694 1267 344 37 45 2137 3877 15147 1017 4034 2035
internal_value=0 0.0117692 0.000384914 -0.0425643 0.0194492 0.0146632 -0.0078411 -0.0231601 -0.00549513 -0.00265329 0.000944577 -0.0495318 0.0153669 -0.0152794 0.00971972 0.0196192 0.00607822 -0.0146127 -0.0123641 -0.019679 0.00665276 0.0326188 0.0273265 0.0236338 0.0226229 -0.00180645 0.00320624 0.00864286 -0.00415368 -0.0294659
internal_weight=0 2562.27 1032.2 708.481 1530.07 377.303 654.9 187.185 612.956 546.889 451.482 521.296 1168.01 146.465 501.716 666.295 397.647 45.8282 126.939 95.4072 283.345 362.059 235.621 104.069 532.245 75.1221 67.4921 269.01 91.0331 71.3432
internal_count=1074050 105860 97559 968190 8301 11248 86311 131352 57243 47901 36147 836838 7018 76463 3324 3694 2843 631 19692 11754 10857 1283 939 481 2383 21170 17293 9590 8789 55293
is_linear=0
shrinkage=0.05


Tree=51
num_leaves=31
num_cat=0
split_feature=0 0 92 0 42 83 42 83 0 155 83 112 95 117 34 91 2 77 47 103 104 127 99 72 83 2 99 95 141 82
split_gain=617.674 82.7994 40.8185 38.0297 32.5354 23.1123 20.054 16.2443 15.4628 12.747 10.7326 10.3055 10.111 9.47013 9.40828 8.81107 8.79496 8.72556 8.34127 9.14064 8.55185 8.85161 8.18857 8.04061 8.73907 8.44994 10.6208 7.75538 7.44455 7.2216
threshold=0.072661120000328969 0.7740980979447657 0.58333333333350013 0.0088049481694041625 13.500000000000002 0.57261050000000002 1.0000000180025095e-35 0.55406350000000015 0.94875966535953815 0.58571428571450013 0.5677525000000001 1.5000000000000002 0.85877850000000011 0.09122050000000001 393.00000000000006 35.500000000000007 1159668.5000000002 9.5000000000000018 1404.5000000000002 424.50000000000006 0.18637850000000003 0.10617350000000002 0.062804500000000013 3.5000000000000004 0.58730450000000012 219020.50000000003 0.050883000000000005 0.36598800000000004 44.500000000000007 682.50000000000011
decision_type=2 2 2 2 2 2 2 2 2 2 2 2 2 2 2 2 2 2 2 2 2 2 2 2 2 2 2 2 2 2
left_child=3 2 5 13 8 11 15 -5 9 10 -3 -2 -9 -1 -12 -7 17 -6 19 29 21 27 -21 24 25 26 -8 -20 -16 -10
right_child=1 4 -4 7 16 6 23 12 18 -11 14 -13 -14 -15 28 -17 -18 -19 20 22 -22 -23 -24 -25 -26 -27 -28 -29 -30 -31
leaf_value=-0.050220129205808428 -0.027155078385688869 -0.023032307072982011 0.044026303112302628 -0.05140840417135234 0.034340326159768113 -0.01338234984331683 0.025392419906152826 -0.028695762281029089 0.017220874682582966 0.015415478152326119 0.052524992576156018 0.0009748408498356858 -0.0021575848755599845 0.010919557749785022 0.0052836540793147176 0.0036476984046994662 0.0087768565176853681 -0.027782697039120847 -0.048198047127416398 -0.032869358479299088 0.04131871552034859 -0.04639878217034385 0.020807141952507168 0.047725728939423104 0.016232136308200352 -0.038764256200531588 -0.028832137589436802 0.023409305315522204 -0.022667344203758447 -0.014112337432119398
leaf_weight=491.710076951269 139.50669260408176 43.155380075564608 44.767938534030691 38.935277067790594 323.31472803349607 220.68121046559827 24.02936482676887 69.543623339563055 545.0001516288612 249.63403110718355 9.6073779077269119 42.471575795701938 74.170993801846635 6.4162279476731774 204.64906992390752 115.80962663001264 41.304362046183087 5.7529147854074827 3.8582244371063998 18.421069170814011 64.076884768903255 4.85172115266323 11.566684132441877 14.850271988601888 137.29246218674234 15.444014539854832 14.467262247402685 189.37074668891728 26.960683989222161 19.031390896998346
leaf_count=831129 53989 2012 127 54889 1205 22879 648 55293 2315 2196 50 4163 21170 5709 2579 4790 206 95 55 105 197 33 56 65 3958 981 1654 738 692 72
internal_value=0 0.0113764 -0.00230734 -0.0422766 0.0173559 -0.00517016 1.58749e-06 -0.0227607 0.0138475 0.00717043 -6.74212e-05 -0.0205899 -0.0149994 -0.0494326 0.00404115 -0.00752114 0.0305245 0.0332543 0.0180121 0.0147335 0.025441 0.0203047 -0.0121656 0.0122846 0.00953243 -0.00752001 0.00501451 0.0219795 0.00203 0.0161636
internal_weight=0 2529.88 769.32 680.776 1760.56 724.552 542.574 182.65 1390.18 534.007 284.373 181.978 143.715 498.126 241.217 336.491 370.372 329.068 856.177 594.019 262.158 198.081 29.9878 206.083 191.233 53.9406 38.4966 193.229 231.61 564.032
internal_count=1074050 105860 93254 968190 12606 93127 34975 131352 11100 7529 5333 58152 76463 836838 3321 27669 1506 1300 3571 2548 1023 826 161 7306 7241 3283 2302 793 3271 2387
is_linear=0
shrinkage=0.05


Tree=52
num_leaves=31
num_cat=0
split_feature=0 0 42 0 59 0 113 42 95 147 44 83 95 141 37 39 99 150 151 70 83 115 91 99 83 155 129 70 70 141
split_gain=586.141 95.0325 43.7443 27.3854 26.838 21.1538 17.2739 12.901 12.8067 12.794 11.5948 11.0346 10.9895 10.9838 9.78858 9.64913 9.15161 8.86393 9.55984 8.6413 8.50046 8.48248 7.94601 7.92294 7.64285 12.7958 8.86931 7.5708 9.10812 7.50087
threshold=0.043984350660107828 0.48090646582193369 1.0000000180025095e-35 0.94875966535953815 2.5000000000000004 0.0088049481694041625 1.5000000000000002 102.50000000000001 0.45692650000000007 1.5000000000000002 1.0000000180025095e-35 0.55341550000000017 1.9972560000000004 418.50000000000006 2.5000000000000004 1.5000000000000002 0.038825500000000006 0.049929000000000008 0.049992500000000002 47.500000000000007 0.59493900000000011 0.10681250000000002 17.500000000000004 0.044228500000000011 0.58904350000000016 0.77500000000000013 8.5000000000000018 104.50000000000001 99.500000000000014 38.500000000000007
decision_type=2 2 2 2 2 2 2 2 2 2 2 2 2 2 2 2 2 2 2 2 2 2 2 2 2 2 2 2 2 2
left_child=5 6 3 8 10 17 11 -8 15 -7 12 -2 14 24 20 -3 -13 -1 -19 -14 23 27 -5 -4 25 26 -6 28 -10 -23
right_child=1 2 4 22 13 9 7 -9 21 -11 -12 16 19 -15 -16 -17 -18 18 -20 -21 -22 29 -24 -25 -26 -27 -28 -29 -30 -31
leaf_value=-0.050884134254715455 -0.041344840801302039 0.0068432193946301846 0.022709841627687102 0.0055402494665265376 -0.00052466270933758917 -0.032704892011653233 -0.0040609227472683104 0.037325055442042537 -0.0043645122836242075 0.012948525595945868 0.047392585795657742 0.011980885275823392 0.0019545510278064287 -0.04193781356570294 -0.032238647667892945 -0.026861415471252162 -0.01873977606373604 0.092984510687595834 -0.028530798415725707 0.037360559061855834 0.030051105783098404 0.014822326985002431 0.018677710725878531 0.0019888665823229535 0.019451816569606307 0.036907045409245762 -0.04701176754926692 0.0093585206352713099 -0.045288922969983381 -0.032912406015994523
leaf_weight=453.2676249167198 46.831192553658184 31.207350424025208 120.04100528830895 150.91673870198429 78.494339438970201 101.75750122272439 175.64600155707012 21.091445876372745 162.32028304005507 18.071552621888259 70.289969820994884 28.272703331851517 18.751495183561929 10.158503850107079 8.5549800470471364 66.450972890103003 170.06336283267592 1.7458158657755145 22.204845223815937 212.83219095226377 169.69951543956995 167.02273414470255 484.93969771265984 74.927361061330885 128.41989084240049 20.789925128745381 11.803290138166629 101.04410648721387 14.838639285822863 8.656183888029771
leaf_count=790630 41616 958 867 925 2927 98438 20650 277 5496 7259 171 3975 131 2355 69 5139 35122 13 46195 732 759 1995 1815 797 966 159 585 1935 876 218
internal_value=0 0.0104262 0.0148378 0.00848763 0.0229914 -0.0446016 -0.0106595 0.000375905 0.000334535 -0.0258198 0.0281714 -0.019515 0.0259375 0.00898478 0.0206284 -0.0160909 -0.0143606 -0.0493177 -0.0196733 0.0344937 0.0218686 0.00386867 0.0155596 0.0147467 0.0111446 0.00154129 -0.00660124 -0.00156307 -0.0077923 0.0124703
internal_weight=0 2554.06 2112.16 1187.4 924.762 597.047 441.905 196.737 551.54 119.829 675.097 245.167 604.807 249.666 373.223 97.6583 198.336 477.218 23.9507 231.584 364.668 453.882 635.856 194.968 239.507 111.088 90.2976 278.203 177.159 175.679
internal_count=1074050 131515 29875 19357 10518 942535 101640 20927 16617 105697 3526 80713 3355 6992 2492 6097 39097 836838 46208 863 2423 10520 2740 1664 4637 3671 3512 8307 6372 2213
is_linear=0
shrinkage=0.05


Tree=53
num_leaves=31
num_cat=0
split_feature=0 0 42 0 0 154 59 138 83 84 95 47 70 70 70 141 68 77 117 42 48 47 2 86 150 95 101 91 72 83
split_gain=554.942 90.2613 42.1621 28.6782 21.1527 17.4287 15.249 14.8959 12.6744 12.6349 12.4817 12.1122 11.2825 11.1867 13.9565 10.6991 8.72992 8.49461 8.43336 8.41868 8.28559 7.64194 7.57099 7.53147 7.48585 7.44329 7.33537 7.52666 9.37766 7.26463
threshold=0.043984350660107828 0.48090646582193369 7.5000000000000009 0.94875966535953815 0.0083575017706393109 3.5000000000000004 2.5000000000000004 0.033014000000000009 0.53855800000000009 10.000000000000002 0.44643900000000009 635.50000000000011 43.500000000000007 100.50000000000001 99.500000000000014 22.500000000000004 50.000000000000007 7.5000000000000009 0.09122050000000001 3.5000000000000004 1.0000000180025095e-35 15506.500000000002 173901.00000000003 0.090133000000000005 0.032893500000000006 2.8259265000000005 0.061159000000000005 42.500000000000007 1.5000000000000002 0.55278050000000012
decision_type=2 2 2 2 2 2 2 2 2 2 2 2 2 2 2 2 2 2 2 2 2 2 2 2 2 2 2 2 2 2
left_child=4 5 3 7 18 19 22 10 -7 -6 11 -3 -11 14 21 -8 -17 -15 -1 -2 23 -12 26 25 -19 -10 27 28 -4 -5
right_child=1 2 6 29 9 8 15 -9 20 12 13 -13 -14 17 -16 16 -18 24 -20 -21 -22 -23 -24 -25 -26 -27 -28 -29 -30 -31
leaf_value=-0.050168830061149021 0.001384059497132769 -0.0033988402030450046 -0.035381126402837193 -0.010850843411527375 -0.041489790889483624 -0.047385682133819169 0.024433322837057098 0.020448502143450786 -0.019028442413673002 0.021485438835655245 0.0012070255036158431 -0.038214427162134565 -0.024966552691647537 0.018193314687117199 -0.047505331814497266 -0.069248926331088922 0.0012988965538325238 -0.021097292483625626 0.0086005107020488743 0.040926414111569921 0.0084273587563213764 -0.052055022647463603 0.020184423584826059 0.043886405801018151 0.014977427022627707 0.0050154746669574674 0.048189613496776994 0.039919580603722998 0.025047679725073782 0.017627259634600021
leaf_weight=447.09592287380292 42.537453860059031 76.961819968011696 6.8627618558530221 23.057463157922029 61.421227692149841 27.451425653798651 71.197486474906327 107.11878837406402 260.91674267048438 19.968717228883179 285.67952555845841 36.987336834412417 37.847140139532712 159.53195439695264 16.358628183952533 4.7845814167085328 52.525396343284228 30.677468397945631 6.1888405006102394 19.691576368088135 43.082360817476001 6.897128498327219 112.16471888194792 5.3330255054752334 27.070017821475631 36.717745079949964 81.663487562327646 107.24743185774423 99.549923239566851 778.26086083962582
leaf_count=827071 4424 3165 97 155 72032 29403 560 1269 58485 6632 6324 4497 31142 2187 1039 731 1668 949 5658 398 5920 1973 543 24 425 2986 215 354 425 3299
internal_value=0 0.0100944 0.0144205 0.0102371 -0.0444372 -0.0106019 0.0265072 0.00319116 -0.0146837 -0.0256986 0.000303488 -0.0146998 -0.00892274 0.00355238 -0.00256147 0.0114895 -0.00459086 0.0122453 -0.0493664 0.0138967 -0.0120895 -4.85606e-05 0.0312433 -0.015007 -0.00418672 -0.0160623 0.0354434 0.0305717 0.0211505 0.0168078
internal_weight=0 2520.33 2084.6 1548.6 572.522 435.73 535.996 747.283 373.501 119.237 640.164 113.949 57.8159 526.215 308.935 128.507 57.31 217.279 453.285 62.229 346.05 292.577 407.488 302.968 57.7475 297.634 295.324 213.66 106.413 801.318
internal_count=1074050 131515 29875 25282 942535 101640 4593 21828 96818 109806 20559 7662 37774 12897 9336 2959 2399 3561 832729 4822 67415 8297 1634 61495 1374 61471 1091 876 522 3454
is_linear=0
shrinkage=0.05


Tree=54
num_leaves=31
num_cat=0
split_feature=0 0 42 0 66 0 83 83 90 84 42 70 70 48 42 115 115 86 141 53 128 150 34 116 34 102 70 95 83 43
split_gain=523.254 85.563 37.6071 29.0946 24.7483 21.7152 20.0721 18.5911 12.9095 12.7318 12.4081 12.2729 10.3348 9.45779 9.52249 9.09139 8.43047 7.95362 7.94977 8.48709 7.69534 7.67437 7.77621 7.52769 7.23125 8.90907 8.44496 13.1966 8.32698 17.3432
threshold=0.043984350660107828 0.60678019017954943 172.50000000000003 0.94875966535953815 0.040668000000000003 0.0088049481694041625 0.57048050000000006 0.55108450000000009 1.5000000000000002 10.000000000000002 3.5000000000000004 104.50000000000001 43.500000000000007 1.0000000180025095e-35 1.0000000180025095e-35 0.086886500000000019 0.077270500000000006 0.062555500000000014 11.500000000000002 1.0000000180025095e-35 0.031246000000000006 0.047882500000000008 393.00000000000006 0.089355500000000018 68784.500000000015 0.19278150000000002 42.500000000000007 4.8981075000000009 0.5744815000000002 9.5000000000000018
decision_type=2 2 2 2 2 2 2 2 2 2 2 2 2 2 2 2 2 2 2 2 2 2 2 2 2 2 2 2 2 2
left_child=5 4 3 6 7 21 8 -2 20 -7 24 15 -11 14 -9 -8 -16 -4 -13 23 -3 -1 -23 -20 25 28 -26 -28 29 -5
right_child=1 2 17 10 -6 9 11 13 -10 12 -12 18 -14 -15 16 -17 -18 -19 19 -21 -22 22 -24 -25 26 -27 27 -29 -30 -31
leaf_value=-0.050835200619897193 -0.038810589622513915 -0.057999414270166971 0.028373298885356925 0.016585386585647822 0.035606455072534536 -0.041190894526592685 -0.0048753590394569031 -0.015074724744611079 -0.0035216209397733659 0.021107107799030259 0.030367470847487029 0.028770141739819489 -0.023644796448966287 0.012640474407105444 -0.0081379118599633447 0.0097348922101224821 0.01838973850957875 0.049749132473120544 0.0022486774614448048 0.022200323234497308 -0.0072087167359312868 0.084836806357702341 -0.029357959377598344 -0.070635458237621171 0.018839385780091981 -0.023433460484246396 -0.00071765966706820031 0.043651560900075999 0.025112770940461757 -0.052760186817098986
leaf_weight=411.29135235684953 51.845257711938757 21.099717843841063 146.355291171727 58.684162841411307 30.964128595107468 58.239196980910492 181.8496744116419 276.23409251407429 93.494976946240058 19.915396830736427 173.77605063747615 96.839621993131004 36.627788292105834 53.000132131113787 84.095208042308514 256.89273152954411 46.516142576918355 61.931638829410076 73.025970513466746 77.09749358141562 11.534391290944766 1.5968230479338696 22.450176512120379 3.7233426137827328 163.20237181801349 11.321037711109964 178.21415859973058 18.498150927945971 307.46160150854848 10.653155875392256
leaf_count=785722 45055 3161 768 306 314 69419 3928 43010 3426 6372 612 693 29906 5830 13726 3130 2108 120 1025 755 531 89 51027 50 640 72 892 61 1209 93
internal_value=0 0.00975615 0.0146527 0.0122458 -0.00780011 -0.0441291 0.00536683 -0.0104268 -0.0129722 -0.0247828 0.0183319 0.0087219 -0.00788247 -0.00722666 -0.00981477 0.00367924 0.00130969 0.0347291 0.0175474 0.0104832 -0.0400477 -0.04923 -0.0217749 -0.00128715 0.0155359 0.0202699 0.0104308 0.00345467 0.021583 0.00593096
internal_weight=0 2488.31 1945.66 1737.37 542.655 550.121 815.558 511.691 126.129 114.782 921.811 689.429 56.5432 459.846 406.845 438.742 130.611 208.287 250.686 153.847 32.6341 435.338 24.047 76.7493 748.035 388.12 359.915 196.712 376.799 69.3373
internal_count=1074050 131515 21472 20584 110043 942535 16699 109729 7118 105697 3885 9581 36278 64674 58844 7058 15834 888 2523 1830 3692 836838 51116 1075 3273 1680 1593 953 1608 399
is_linear=0
shrinkage=0.05


Tree=55
num_leaves=31
num_cat=0
split_feature=0 0 42 95 66 0 90 83 101 47 0 2 115 74 95 83 83 129 117 101 42 48 77 96 110 95 84 103 0 68
split_gain=495.794 82.7567 35.6406 25.2167 23.5667 21.0952 18.9242 17.2448 11.9987 11.1592 10.8448 10.2381 9.95263 9.88315 9.78856 9.23316 8.95894 7.92796 7.75859 7.65622 7.17498 7.97274 7.14418 7.12841 7.09188 7.06989 7.65899 6.95628 6.80448 6.68552
threshold=0.043984350660107828 0.60678019017954943 34.500000000000007 1.6360310000000002 0.040668000000000003 0.0088049481694041625 1.5000000000000002 0.55108450000000009 0.030463500000000001 18470.500000000004 0.94875966535953815 746738.00000000012 0.057768500000000007 59.125000000000007 1.2008335000000001 0.57480350000000013 0.55990050000000002 7.5000000000000009 0.09122050000000001 0.098647000000000012 856.00000000000011 1.0000000180025095e-35 5.5000000000000009 0.076850500000000016 564.50000000000011 0.87225400000000008 21.000000000000004 6.5000000000000009 0.86620967868038068 50.000000000000007
decision_type=2 2 2 2 2 2 2 2 2 2 2 2 2 2 2 2 2 2 2 2 2 2 2 2 2 2 2 2 2 2
left_child=5 4 3 6 7 18 16 -2 15 11 17 -5 -13 25 20 -7 27 -8 -1 23 21 24 -14 -12 -9 26 -4 -3 -15 -16
right_child=1 2 13 9 -6 8 10 14 -10 -11 19 12 22 28 29 -17 -18 -19 -20 -21 -22 -23 -24 -25 -26 -27 -28 -29 -30 -31
leaf_value=-0.049962242468418426 -0.038285906845084164 0.0024489394756042424 -0.0053748519782946631 0.021966911129538667 0.034635762606059488 -0.048923481562717995 0.0078972745675386005 -0.015323000254423541 0.0089238016237512818 -0.036486482806081237 0.015711804030606479 -0.060540189067961804 0.021591102995183506 -0.014217038409207917 -0.026084588550729565 -0.016930389927364821 -0.0023981289789867417 -0.010979408482681911 0.0069598981100278583 0.054688827512456767 0.028895387151235491 0.007481295595234274 -0.015492910278646169 -0.030054596544560625 -0.046130367714311588 0.040047040427306758 0.029688309942376458 -0.055970534463825265 0.024078862041103429 0.0054521787201598287
leaf_weight=410.17876094372696 50.350114890930854 7.8500841246568624 18.965069750905968 561.70503741968423 30.64542594939121 44.353499089131219 235.65793695395405 216.74221821576066 21.480177433462813 8.9125689172069524 378.99192092008889 6.0450634228764093 33.187489679548889 19.214800641697366 18.884940954012563 45.878841433001071 241.29655431277934 72.807197753048968 6.074990879649703 12.340877342969177 9.7870437236560957 35.330573486426147 21.33722243597731 8.7036267234943789 20.442572906773421 160.89319894445362 87.109930378035642 14.522738923435098 29.26611535041593 152.58956422121264
leaf_count=831129 45055 193 198 3170 314 66608 4579 39770 7838 811 1747 186 187 502 2220 31251 4273 2070 5709 27 594 5066 195 114 7341 467 372 2224 157 9683
internal_value=0 0.00945808 0.0143058 0.0112833 -0.00793604 -0.0439539 0.00623076 -0.0105239 -0.0246614 0.0190653 0.0104864 0.0198609 0.000330355 0.0296689 -0.00744354 -0.0326565 -0.00520455 0.0034418 -0.0491315 0.0159185 -0.0131669 -0.0146775 0.00707897 0.0146844 -0.0179782 0.0334403 0.0234194 -0.0354725 0.00890076 0.00197895
internal_weight=0 2453.58 1918.81 1603.36 534.772 527.966 972.171 504.127 111.713 631.187 708.502 622.275 60.5698 315.449 453.777 90.2323 263.669 308.465 416.254 400.036 282.302 272.515 54.5247 387.696 237.185 266.968 106.075 22.3728 48.4809 171.475
internal_count=1074050 131515 21472 19776 110043 942535 15227 109729 105697 4549 8537 3738 568 1696 64674 97859 6690 6649 836838 1888 52771 52177 382 1861 47111 1037 570 2417 659 11903
is_linear=0
shrinkage=0.05


Tree=56
num_leaves=31
num_cat=0
split_feature=0 0 86 141 42 0 115 147 2 70 129 77 66 98 34 83 2 95 69 82 150 91 110 125 125 95 37 118 42 104
split_gain=466.496 80.7875 43.1468 32.2491 27.9261 20.9214 17.1029 11.9011 11.7146 10.4776 10.2317 9.98541 9.5987 9.28401 8.56658 8.3237 7.94419 7.57679 7.38347 9.95179 7.11201 7.02634 8.60761 7.02 8.97019 8.08517 7.28657 7.14386 6.95653 6.81976
threshold=0.043984350660107828 0.86620967868038068 0.062555500000000014 41.500000000000007 1.0000000180025095e-35 0.0088049481694041625 0.092032000000000017 1.5000000000000002 2826.5000000000005 126.50000000000001 9.5000000000000018 8.5000000000000018 0.059568000000000003 3.7750000000000004 27365.500000000004 0.5414135000000001 289274.50000000006 0.92613850000000009 2.5000000000000004 574.50000000000011 0.047882500000000008 82.500000000000014 282.50000000000006 0.081664500000000015 0.078344000000000011 0.18837750000000003 1.0000000180025095e-35 0.081408500000000009 7753.0000000000009 0.16077600000000003
decision_type=2 2 2 2 2 2 2 2 2 2 2 2 2 2 2 2 2 2 2 2 2 2 2 2 2 2 2 2 2 2
left_child=5 2 3 6 8 20 11 -7 13 -8 17 16 23 21 -15 -5 18 28 19 -2 -1 22 -3 24 25 -10 -27 -26 -6 -21
right_child=1 4 -4 15 10 7 9 -9 12 -11 -12 -13 -14 14 -16 -17 -18 -19 -20 29 -22 -23 -24 -25 27 26 -28 -29 -30 -31
leaf_value=-0.050626988170935083 -0.016846681395274669 0.02669637972238198 0.039364037844551975 -0.046872897032337379 0.016263040333889169 -0.031446564823911637 0.0055063274578026795 0.013726606544839971 -0.051396742183568503 0.0306871068124457 0.00042755625463371943 -0.027184237104215532 0.052913962645993844 0.0047195119452750917 0.03943542078927452 -0.017921179934638147 -0.013210511967332137 0.031534981373888347 0.029606615630042528 0.0092249475755745887 -0.021610809739713736 0.048793351328265962 -0.032015386076661982 0.01139577383902704 -0.071395427241845402 0.0054928098882338593 -0.036369641254959985 0.015173364021358139 0.050854648574354705 -0.022054022767503879
leaf_weight=374.67720794900015 68.367437387911195 84.107279368909076 60.281890167156234 29.067704909492022 175.36469445284456 91.595935127337725 259.98997009883169 17.340639777536126 6.851298425346612 49.114848312179674 38.488383401883766 48.654792694636853 11.216754127293823 106.58963934122585 21.325391949154437 170.13165558885521 131.65115063921985 345.52231572160963 21.93241225474776 153.72074623704975 22.379329841998697 34.680568065028638 6.7431958205997935 304.43465066305362 7.5101975006982666 237.75844010477886 10.869985026307402 3.4908674014732242 15.847660541534422 19.654335543978959
leaf_count=785722 12345 375 237 30439 1134 98438 11460 7259 150 686 421 8662 40 747 93 36136 13409 1182 508 8364 51116 93 47 1765 80 1982 122 28 42 968
internal_value=0 0.00911738 -0.00165852 -0.00425534 0.0168515 -0.0436661 0.000476903 -0.0242559 0.0110148 0.0095074 0.02533 -0.00581024 0.00710845 0.0199872 0.0105072 -0.0221459 -0.00317963 0.0271157 0.00182872 -0.000691462 -0.0489915 0.0296473 0.0223386 0.00620851 0.000282439 0.00218604 0.00366259 -0.0439253 0.01913 0.00567907
internal_weight=0 2423.37 1012.57 952.285 1410.8 505.993 753.086 108.937 835.578 309.105 575.223 443.981 582.132 253.446 127.915 199.199 395.326 536.735 263.675 241.743 397.057 125.531 90.8505 570.915 266.481 255.48 248.628 11.0011 191.212 173.375
internal_count=1074050 131515 123214 122977 8301 942535 56402 105697 5522 12146 2779 44256 4167 1355 840 66575 35594 2358 22185 21677 836838 515 422 4127 2362 2254 2104 108 1176 9332
is_linear=0
shrinkage=0.05


Tree=57
num_leaves=31
num_cat=0
split_feature=0 0 42 0 0 66 83 155 101 59 83 83 42 115 48 2 82 95 100 154 104 103 141 154 117 89 83 154 68 74
split_gain=442.072 77.6024 31.2351 21.2715 21.082 19.4198 15.6458 13.8978 12.1585 11.7765 10.3162 8.64548 8.56522 8.93577 8.63655 8.52489 8.26066 8.04849 7.91269 10.064 7.76284 8.44157 7.66345 7.42714 7.11006 6.83225 7.60384 6.74661 6.59277 6.55224
threshold=0.043984350660107828 0.60678019017954943 6.5000000000000009 0.94875966535953815 0.0088049481694041625 0.040668000000000003 0.55108450000000009 0.58571428571450013 0.030463500000000001 2.5000000000000004 0.57480350000000013 0.57480350000000013 1.0000000180025095e-35 0.077270500000000006 1.0000000180025095e-35 728670.50000000012 701.50000000000011 1.8222090000000002 1.0000000180025095e-35 1.0000000180025095e-35 0.29804200000000008 6.5000000000000009 23.500000000000004 1.5000000000000002 0.09122050000000001 4.5000000000000009 0.59889650000000005 14.500000000000002 50.000000000000007 88.100000000000009
decision_type=2 2 2 2 2 2 2 2 2 2 2 2 2 2 2 2 2 2 2 2 2 2 2 2 2 2 2 2 2 2
left_child=4 5 3 7 24 6 -2 10 11 15 -3 -6 14 27 -8 18 -12 -5 -4 -20 -19 -22 25 -23 -1 26 -11 -14 -24 -9
right_child=1 2 9 17 8 -7 12 29 -10 22 16 -13 13 -15 -16 -17 -18 20 19 -21 21 23 28 -25 -26 -27 -28 -29 -30 -31
leaf_value=-0.049791772272548107 -0.037765520954546244 -0.018866233099745652 0.033517640886033408 0.011577244847217682 -0.048549415771797041 0.030665035368139387 -0.015578646666954936 0.0081097128040752212 0.010136701004635056 -0.00090756779685123665 -6.4369371818677338e-06 -0.016781804106272658 0.034804570375389879 0.019874454748754978 0.0094470303097191274 0.01041210860142908 0.070239079778114263 0.026808875096332448 0.034316886137795453 -0.050037760617635478 -0.028662926386484273 0.032227224833507859 -0.06820120456464808 -0.013616414534745625 0.0054754916452018059 0.064494581058658199 0.033874133958050529 -0.011340085528802895 0.001326321117345459 0.030177379020059115
leaf_weight=374.30321570824526 47.879260256133421 85.528563329105964 306.43532523408066 490.39232981891837 41.559384602565842 30.249771013797726 266.29649180211709 234.08791278247372 21.166007680498296 32.242489571333863 257.55847229552455 44.189506889924814 8.7925032154307683 48.784051585374982 39.602364120437414 54.35951665462926 4.2543421089649192 207.91891046054661 7.658844942227006 6.5680893041426298 13.545385191217063 26.643636697903272 3.6641259230091228 13.217968918383123 5.9112923695283817 8.2278891978785378 30.65149606578052 79.91971474085949 49.069932725775288 39.281512480694801
leaf_count=831129 45055 5899 1077 2462 66608 314 43010 3083 7838 298 5229 31251 448 2244 4527 278 12 767 23 110 57 84 462 43 5709 30 119 14445 1043 396
internal_value=0 0.00883872 0.0135923 0.00969758 -0.0434167 -0.00821766 -0.0106118 0.00284732 -0.0238013 0.0243066 -0.00379004 -0.0321784 -0.00767969 0.00268574 -0.0123388 0.0287214 0.00113502 0.015354 0.0318253 -0.00462677 0.0224413 0.00543784 0.0109391 0.0170256 -0.0489325 0.0216485 0.0160434 -0.00676657 -0.00350467 0.0112807
internal_weight=0 2392.83 1871.31 1372.43 487.129 521.524 491.274 620.711 106.915 498.878 347.341 85.7489 443.395 137.496 305.899 375.022 261.813 751.718 320.662 14.2269 261.326 53.407 123.856 39.8616 380.215 71.1219 62.894 88.7122 52.7341 273.369
internal_count=1074050 131515 21472 18032 942535 110043 109729 14619 105697 3440 11140 97859 64674 17137 47537 1488 5241 3413 1210 133 951 184 1952 127 836838 447 417 14893 1505 3479
is_linear=0
shrinkage=0.05


Tree=58
num_leaves=31
num_cat=0
split_feature=0 0 42 0 42 83 120 83 34 95 98 70 83 102 66 95 95 83 116 90 2 150 115 91 138 42 137 94 62 39
split_gain=419.478 68.362 35.5998 33.4773 25.5242 22.6755 15.5847 13.2626 12.0625 11.3654 9.97993 11.9852 9.41372 9.08596 8.51764 8.42635 8.02632 8.02354 10.1194 7.35415 7.1182 6.82356 6.72671 6.71709 6.4869 9.37136 7.38172 6.40458 6.37765 8.14888
threshold=0.072661120000328969 0.86620967868038068 38.500000000000007 0.0088049481694041625 2.5000000000000004 0.56680450000000004 5.5000000000000009 0.55406350000000015 68784.500000000015 0.72513300000000014 7.083333333335001 121.50000000000001 0.54217850000000012 0.1894315 0.059568000000000003 0.85877850000000011 1.9329845000000001 0.5823505000000001 0.041157000000000006 1.5000000000000002 370.00000000000006 0.047882500000000008 0.041374500000000008 42.500000000000007 0.027653 28.500000000000004 0.10580350000000001 3.5000000000000004 6.5000000000000009 3.5000000000000004
decision_type=2 2 2 2 2 2 2 2 2 2 2 2 2 2 2 2 2 2 2 2 2 2 2 2 2 2 2 2 2 2
left_child=3 2 5 21 8 19 -4 -5 12 -7 17 23 -3 -14 22 -9 -8 18 -6 -2 -11 -1 -10 -12 -22 26 -26 -23 29 -24
right_child=1 4 6 7 10 9 16 15 14 20 11 -13 13 -15 -16 -17 -18 -19 -20 -21 24 27 28 -25 25 -27 -28 -29 -30 -31
leaf_value=-0.050482060027031206 -0.040044172527093982 -0.055913109067839285 0.038476170297024978 -0.050744816274348563 0.021271272139696523 -0.01098340435865261 -0.00065416851281630277 -0.027735144388471286 -0.012318386889817887 -0.039017960182328774 -0.02723012663793252 0.030598699419947424 0.019824711845847953 -0.020625259368366445 0.051140585779538797 -0.0020917024953662731 0.032214655291523502 0.034506774052420301 -0.050784693869056055 -0.015466766169446117 0.00067367555578216713 -0.028731028384403445 0.007405721475473412 0.025423521791324528 0.021827170120476799 -0.071966886602307045 -0.065209994480824637 0.07928380711369859 0.017433624770736667 -0.013774400420872621
leaf_weight=342.88389578816896 49.807330128292961 4.2884291850496075 66.236775051424047 30.848653874236334 83.251963045913726 226.19954206173134 76.857724151865114 60.858331411833205 47.089881139923818 9.8577695440326334 23.153321981895719 30.412799138808623 431.26622844708618 14.344472044846041 10.516172954812644 67.640183292794973 24.491937869825051 257.95996160246432 5.175454178126528 78.262651817563892 316.72598396356625 19.59057933789882 282.90878897788934 8.2030933317728323 80.967964398150798 2.9167705102008759 2.5116274813190094 1.4757237422163587 119.88600024371408 54.096829932648689
leaf_count=785722 27093 100 291 54889 363 24697 7361 55293 665 643 341 193 2500 115 44 21170 453 826 54 20691 14262 51060 1786 58 1998 31 39 56 766 490
internal_value=0 0.00916627 -0.00126204 -0.0404171 0.0162689 -0.00582217 0.0196153 -0.0213045 0.0118332 -0.00197455 0.0267497 0.0082351 0.0178131 0.0185226 0.00660406 -0.0142367 0.00728884 0.0300513 0.017054 -0.0250251 0.00295982 -0.0487851 0.00567475 -0.0134555 0.00398633 0.0161304 0.0192085 -0.0211644 0.00752923 0.00400585
internal_weight=0 2307.39 934.836 523.297 1372.55 767.25 167.586 159.347 964.397 639.18 408.157 61.7692 449.899 445.611 514.498 128.499 101.35 346.387 88.4274 128.07 412.98 363.95 503.982 31.3564 403.122 86.3964 83.4796 21.0663 456.892 337.006
internal_count=1074050 105860 97559 968190 8301 89454 8105 131352 6466 41670 1835 592 2715 2615 3751 76463 7814 1243 417 47784 16973 836838 3707 399 16330 2068 2037 51116 3042 2276
is_linear=0
shrinkage=0.05


Tree=59
num_leaves=31
num_cat=0
split_feature=0 0 86 95 0 92 118 34 98 72 126 70 101 82 132 107 98 103 42 83 60 91 47 83 118 96 2 48 95 70
split_gain=395.521 72.8049 32.9715 27.306 20.3842 18.1076 16.6727 16.2313 15.8491 12.9112 11.4954 13.4702 11.0532 10.7768 9.86516 9.33385 9.28495 8.80583 9.06904 8.79025 8.73161 9.51377 8.69573 7.90574 7.68786 7.37032 7.26831 7.10386 7.35635 7.03415
threshold=0.043984350660107828 0.60678019017954943 0.062555500000000014 0.75316150000000015 0.0088049481694041625 0.58333333333350013 0.047732000000000004 100931.00000000001 8.7083333333350019 3.5000000000000004 0.0055640000000000004 115.50000000000001 0.030463500000000001 681.50000000000011 2.5000000000000004 7.5000000000000009 2.0833333333350006 6.5000000000000009 1.5000000000000002 0.55108450000000009 3.5000000000000004 20.500000000000004 74.500000000000014 0.57480350000000013 0.027281500000000004 0.087805500000000022 5746.0000000000009 1.0000000180025095e-35 0.25646000000000008 103.50000000000001
decision_type=2 2 2 2 2 2 2 2 2 2 2 2 2 2 2 2 2 2 2 2 2 2 2 2 2 2 2 2 2 2
left_child=4 5 3 6 -1 8 14 10 29 22 11 25 23 17 -3 20 -17 18 -12 -10 21 -9 -8 -6 -19 26 -5 28 -16 -2
right_child=1 2 -4 7 12 -7 9 15 19 -11 13 -13 -14 -15 27 16 -18 24 -20 -21 -22 -23 -24 -25 -26 -27 -28 -29 -30 -31
leaf_value=-0.048697660513064324 -0.0089441705013715567 0.039383895539897129 0.039456158308637773 -0.0055669892053204304 -0.048078952337883618 0.044963178212627242 0.033066608666105925 -0.0040713340713468124 -0.045248816075865839 0.0581940054254571 0.023645839177518266 0.021092224282093477 0.009188932121632817 -0.024317369834877096 -0.03700728937205517 0.029992201226181864 -0.0050273580405899212 -0.020310141151140552 0.050312304230605509 -0.016794193894199751 -0.0058446825796771452 0.019474361420750957 0.0034334100862126039 -0.01686309843991262 0.022522377325811541 0.051472759868808005 -0.050132652924625432 0.028606239363445231 -0.010957949185732618 0.0066078392980324979
leaf_weight=347.59871918850877 211.40241390504525 8.7310057970462349 110.23331350646913 24.964045145665295 38.466390421042888 15.386172053636981 26.812794953817502 49.824414267903194 33.866585841307824 12.122399223968385 66.199943524086848 60.07107728504343 20.843732374312822 11.258952246978877 37.440416781202657 21.720377723453566 147.21336636779597 10.784943547419969 61.507709962315857 136.68314559938881 51.337387755629607 308.74895396907232 322.80754061846528 42.907978865550831 365.78736406855751 3.7481838493258683 14.441654136346186 8.6411965271399804 98.155630998327979 110.8224287775447
leaf_count=836838 25893 125 328 353 66608 71 214 530 39558 35 402 384 7838 62 2460 135 2353 207 187 33942 575 1995 4524 31251 2264 20 678 248 3393 10579
internal_value=0 0.00828446 0.0129507 0.0112444 -0.0429257 -0.0084513 0.00161312 0.0153837 -0.0101191 0.00746495 0.0210137 0.00578338 -0.0232978 0.0240632 -0.0122254 0.00936544 -0.000524776 0.0251434 0.0364892 -0.0224445 0.0134414 0.0162026 0.00570601 -0.0316191 0.0212957 -0.0155268 -0.0218997 -0.0153494 -0.0181506 -0.00359539
internal_weight=0 2330.71 1822.55 1712.32 449.817 508.161 514.711 1197.61 492.775 361.743 618.764 103.225 102.218 515.539 152.968 578.845 168.934 504.28 127.708 170.55 409.911 358.573 349.62 81.3744 376.572 43.1539 39.4057 144.237 135.596 322.225
internal_count=1074050 131515 21472 21144 942535 110043 10999 10145 109972 4773 4557 1435 105697 3122 6226 5588 2488 3060 589 73500 3100 2525 4738 97859 2471 1051 1031 6101 5853 36472
is_linear=0
shrinkage=0.05


Tree=60
num_leaves=31
num_cat=0
split_feature=0 0 115 42 42 0 83 1 95 147 95 82 91 99 136 39 91 72 0 154 117 70 44 98 98 141 42 42 83 2
split_gain=376.289 71.8294 36.8248 24.8705 20.2709 19.6948 16.8931 14.6208 11.7518 10.4484 10.2324 9.12525 8.95566 8.55824 8.06691 7.59713 7.54811 11.432 7.34373 7.01293 6.91346 6.8958 6.5842 6.39325 9.53967 6.29852 6.3716 6.18137 6.18122 6.79946
threshold=0.043984350660107828 0.86620967868038068 0.091351000000000016 7.5000000000000009 37.500000000000007 0.0088049481694041625 0.54061850000000011 1.0000000180025095e-35 0.65046950000000014 1.5000000000000002 1.8222090000000002 670.50000000000011 35.500000000000007 0.047076000000000014 1.5000000000000002 14.500000000000002 47.500000000000007 1.5000000000000002 0.94875966535953815 1.5000000000000002 0.09122050000000001 43.500000000000007 1.0000000180025095e-35 7.083333333335001 17.916666666650006 18.500000000000004 856.00000000000011 6861.0000000000009 0.58818800000000004 126565.50000000001
decision_type=2 2 2 2 2 2 2 2 2 2 2 2 2 2 2 2 2 2 2 2 2 2 2 2 2 2 2 2 2 2
left_child=5 2 6 10 12 20 -2 8 25 21 14 13 -4 -10 18 -12 17 -5 -3 -15 -1 27 23 -19 -25 26 -8 -7 29 -21
right_child=1 3 4 16 -6 9 7 -9 11 -11 15 -13 -14 19 -16 -17 -18 22 -20 28 -22 -23 -24 24 -26 -27 -28 -29 -30 -31
leaf_value=-0.049500687625323864 -0.042424624266526621 -0.0014040938540748483 -0.0034729373340623582 -0.025508417415184084 0.032231158141920666 -0.010265282937517268 -0.011313239740025972 0.053509602656318767 0.0054063650388176017 0.013131715425002169 0.019441181854444215 0.057437823235525598 0.015155678647836058 0.024337199166547925 0.036882334089354325 -0.041811266566006866 0.038603403339804936 0.025169277539545162 0.010482945191319986 -0.016968313286795208 0.0060931031470332414 -0.040169175238400003 0.046315674719829045 -0.04236915690291021 0.025809287321678177 -0.024373578810784106 0.038095957896670828 0.54269988231773769 -0.0074541916528973367 -0.058276029430693321
leaf_weight=328.08026148413046 37.141514477003511 180.45226402173284 162.79045841660263 11.788700336241162 82.514656881714473 26.158030173701267 105.13504787995771 9.6139282285002974 143.9692335970758 16.482479285037698 363.15913401218131 6.2456616070703594 106.87362456924166 12.910202524857594 23.65849053952843 5.1338047832250586 110.9641791745089 124.85226733563468 464.07452498143539 34.690324311835866 5.6891744011372785 57.178686655091951 30.886040057986975 9.3133725144434738 11.424458926310761 131.6626733395824 6.9566317647695533 0.050637144217033803 110.83411873524892 13.975526763773813
leaf_count=831129 36711 2750 10370 135 432 20959 12536 31 9337 7259 1627 93 2986 548 125 93 357 471 2423 4549 5709 77422 78 96 146 35568 145 57 7110 2798
internal_value=0 0.00805162 -0.00233998 0.0155616 0.0105456 -0.0427243 -0.00974131 -0.0076338 -0.00867167 -0.0232444 0.0118957 -0.00241137 0.00390998 -0.00359285 0.00820742 0.0185874 0.0282596 0.0221629 0.00715486 -0.0111076 -0.0485531 -0.0304346 0.0253474 0.0208991 -0.00480969 -0.0169576 -0.00824681 -0.00919691 -0.0139765 -0.0288308
internal_weight=0 2301.02 965.314 1335.71 352.179 433.639 613.135 575.993 566.379 99.8698 1036.48 322.625 269.664 316.379 668.185 368.293 299.229 188.265 644.527 172.41 333.769 83.3874 176.476 145.59 20.7378 243.754 112.092 26.2087 159.5 48.6659
internal_count=1074050 131515 123214 8301 13788 942535 109426 72715 72684 105697 7018 24435 13356 24342 5298 1720 1283 926 5173 15005 836838 98438 791 713 242 48249 12681 21016 14457 7347
is_linear=0
shrinkage=0.05


Tree=61
num_leaves=31
num_cat=0
split_feature=0 0 86 0 0 95 42 154 42 101 113 138 107 74 126 83 70 150 42 82 128 77 95 70 34 42 99 83 83 47
split_gain=355.812 67.1394 34.9425 28.425 19.3303 17.9636 14.798 13.9206 13.7938 9.62581 8.94665 8.57747 8.54395 8.20652 7.74751 7.52001 6.99094 6.56333 6.55359 6.5439 6.3829 8.18583 6.3738 6.06878 6.10775 6.08904 5.77264 7.44943 6.60898 5.76608
threshold=0.043984350660107828 0.48090646582193369 0.062555500000000014 0.94875966535953815 0.0088049481694041625 0.65046950000000014 1.5000000000000002 2.5000000000000004 3.5000000000000004 0.030463500000000001 1.5000000000000002 0.029506500000000001 3.5000000000000004 2.2916666666650003 0.057109500000000007 0.57964650000000006 21.500000000000004 0.047882500000000008 98.500000000000014 554.50000000000011 0.03239100000000001 6.5000000000000009 4.1027810000000011 103.50000000000001 999189.50000000012 3.5000000000000004 0.038825500000000006 0.58730450000000012 0.54336150000000016 1471.5000000000002
decision_type=2 2 2 2 2 2 2 2 2 2 2 2 2 2 2 2 2 2 2 2 2 2 2 2 2 2 2 2 2 2
left_child=4 7 3 5 17 12 11 18 22 15 19 -7 13 -3 -15 -6 -8 -1 -2 -9 -10 -22 -5 24 25 -12 28 -28 -21 -24
right_child=1 2 -4 8 9 6 16 10 20 -11 23 -13 -14 14 -16 -17 -18 -19 -20 26 21 -23 29 -25 -26 -27 27 -29 -30 -31
leaf_value=-0.050257737899251136 0.0049778589684467351 0.035007719303578308 0.038609989628647229 0.011461695951996229 -0.046116028136190507 -0.00054137407453204401 -0.017793138835387405 -0.052538909516358062 0.017277648956842695 0.007731541653568862 -0.036349259816903672 0.020159884002572265 -0.01413576653977321 0.0021920418757222682 -0.051779199495195875 -0.014899860152284797 0.020444841961226173 -0.020004692817307813 0.052626723024929524 -0.05292182137690557 0.045399680280689997 0.016202067022451215 0.0048949679849615863 0.0091726154814436005 -0.00081842882461841029 0.019341615664613891 -0.034910646627807261 -0.013033729805975001 0.011185336719943824 0.03588518978490416
leaf_weight=299.82459653043406 45.054439871841168 17.797550330753438 113.4212136156857 605.07672204647679 39.94305804528085 337.96303725118923 12.635765681348856 15.586167824705624 75.253185336478055 20.194696652375569 32.065653305711749 58.734928729943931 164.41471001844911 82.417711981695902 7.2328602745837989 37.317999265436811 221.29165597941028 19.067909602863438 8.5925516646238957 4.7684400551224853 75.731935877352953 35.145763152744621 21.001298495102674 49.31162167135335 46.832225948484847 5.7952449559670631 69.532826903208843 88.363515272023506 25.625440322161012 52.610693666152656
leaf_count=785722 4577 230 365 2987 71512 8464 766 18687 329 7838 6359 644 9425 3506 419 26347 2088 51116 85 5295 217 172 81 4763 5795 303 38877 13043 3856 182
internal_value=0 0.00778603 0.0117075 0.00998096 -0.0424929 0.00377361 0.00840526 -0.011051 0.0164587 -0.0230044 -0.0148077 0.00252365 -0.00697015 0.00399451 -0.00216227 -0.0310383 0.0183794 -0.0484488 0.0126097 -0.0214039 0.0285167 0.0361447 0.0131518 -0.00477211 -0.0128913 -0.0278248 -0.0188266 -0.0226677 0.00112768 0.0270438
internal_weight=0 2272.26 1880.73 1767.31 416.348 902.488 630.625 391.528 864.82 97.4558 337.881 396.698 271.863 107.448 89.6506 77.2611 233.927 318.893 53.647 203.876 186.131 110.878 678.689 134.005 84.6931 37.8609 188.29 157.896 30.3939 73.612
internal_count=1074050 131515 29875 29510 942535 25542 11962 101640 3968 105697 96978 9108 13580 4155 3925 97859 2854 836838 4662 79758 718 389 3250 17220 12457 6662 61071 51920 9151 263
is_linear=0
shrinkage=0.05


Tree=62
num_leaves=31
num_cat=0
split_feature=0 0 107 56 42 0 141 95 95 147 2 95 95 66 44 42 141 72 82 109 125 60 83 127 89 62 3 107 96 150
split_gain=337.137 63.4238 35.4045 25.5223 22.6143 18.8101 13.8017 10.959 10.8195 9.40251 9.35885 9.61637 9.80871 9.57644 9.3034 8.85649 8.76522 8.55945 8.43039 7.96678 7.93469 7.52506 8.40599 7.15913 7.59852 6.93124 6.89865 6.53398 6.47772 6.41074
threshold=0.043984350660107828 0.86620967868038068 7.5000000000000009 1.0000000180025095e-35 1.0000000180025095e-35 0.0088049481694041625 42.500000000000007 1.3482345000000002 3.1377315000000006 1.5000000000000002 23453.500000000004 0.71484950000000014 0.40105350000000006 0.059568000000000003 1.0000000180025095e-35 1758.5000000000002 59.500000000000007 3.5000000000000004 577.50000000000011 4.5000000000000009 0.11933450000000002 7.5000000000000009 0.5425715000000001 0.09271900000000001 2.5000000000000004 13.500000000000002 0.012433500000000002 15.500000000000002 0.029658500000000004 0.047882500000000008
decision_type=2 2 2 2 2 2 2 2 2 2 2 2 2 2 2 2 2 2 2 2 2 2 2 2 2 2 2 2 2 2
left_child=5 2 3 7 10 29 15 23 14 -7 11 12 -3 16 21 18 25 -5 28 -13 -20 22 -6 24 -2 -12 -26 -23 -4 -1
right_child=1 4 6 17 8 9 -8 -9 -10 -11 13 19 -14 -15 -16 -17 -18 -19 20 -21 -22 27 -24 -25 26 -27 -28 -29 -30 -31
leaf_value=-0.050163714527189235 -0.020774712598163547 0.019036758262896299 -0.01607892346429483 0.020658288210298716 -0.057365597890266087 -0.029915415137425357 -0.02699441932136365 0.0095523337541936135 0.037116500685935937 0.012114145984940582 0.00043040275035657487 0.016480430020020548 -0.015302493397051198 0.053845107202850587 0.043886271798266874 0.026391178803886556 -0.043766346291485986 0.055243504594026306 -0.00055069541154452104 0.056499321643448119 -0.047006824255135263 -0.038239566641183463 0.01931662438567161 0.024231302158390585 -0.017299940473833257 0.021154457244257081 0.010888991414689147 0.01795407319958002 -0.05626168811572288 -0.019993169459957109
leaf_weight=286.58716147836276 90.181425094046062 36.036421146709472 103.63939994426619 97.547445434191104 3.6097450880333772 79.137900106396046 120.68705383876659 174.70480366699485 104.33425935520791 15.996591502338559 288.46053085708991 330.5317387371324 49.170221345731989 9.1215029247105104 34.774940650910139 18.500214666775719 10.179657242493702 21.907525104819797 184.22174989616178 12.922554939985273 9.6741176281648205 11.229722233489156 359.66188092867378 16.166492289863527 35.947699130279943 46.906828926876187 54.777949322779023 9.5912701750639826 11.104176368400656 18.759377534910527
leaf_count=785722 18135 404 19088 2996 168 98438 49951 8342 354 7259 2271 1737 478 39 98 313 220 131 10853 51 650 143 1910 556 4264 322 4938 106 2997 51116
internal_value=0 0.00753699 -0.00237462 0.00689504 0.0146609 -0.0422617 -0.0125428 0.00043484 0.0227098 -0.0228483 0.00928482 0.014256 -0.000779403 0.00327648 0.0191213 -0.00721131 0.00194161 0.0270011 -0.00922549 0.0179862 -0.00286855 0.0168792 0.0185547 -0.00764778 -0.0104966 0.00332901 -0.000280146 -0.0123538 -0.0199676 -0.0483101
internal_weight=0 2245.59 939.06 491.233 1306.53 400.481 447.827 371.778 523.202 95.1345 783.329 428.661 85.2066 354.669 418.868 327.14 345.547 119.455 308.639 343.454 193.896 384.093 363.272 197.074 180.907 335.367 90.7256 20.821 114.744 305.347
internal_count=1074050 131515 123214 39362 8301 942535 83852 36235 2779 105697 5522 2670 882 2852 2425 33901 2813 3127 33588 1788 11503 2327 2078 27893 27337 2593 9202 249 22085 836838
is_linear=0
shrinkage=0.05


Tree=63
num_leaves=31
num_cat=0
split_feature=0 0 138 95 0 42 118 154 42 120 2 83 83 70 132 115 83 91 91 141 60 47 99 129 83 34 118 89 99 42
split_gain=320.145 60.3502 32.4127 22.8353 18.078 17.4203 13.855 12.6111 12.233 11.9637 10.0543 8.84337 8.83643 8.7749 8.7631 8.59444 7.65859 7.87755 10.1892 9.60307 7.4331 7.41166 8.05905 7.0191 8.46323 6.71941 7.3568 6.60481 13.8381 6.5835
threshold=0.043984350660107828 0.48090646582193369 0.053537000000000008 0.75316150000000015 0.0088049481694041625 2.5000000000000004 0.047732000000000004 2.5000000000000004 542.50000000000011 5.5000000000000009 29531.000000000004 0.55671950000000014 0.56713550000000013 43.500000000000007 2.5000000000000004 0.19747350000000002 0.55705450000000012 71.500000000000014 65.500000000000014 27.500000000000004 4.5000000000000009 737.50000000000011 0.12035550000000002 7.5000000000000009 0.5414135000000001 209844.00000000003 0.097296000000000007 3.5000000000000004 0.041795000000000006 98.500000000000014
decision_type=2 2 2 2 2 2 2 2 2 2 2 2 2 2 2 2 2 2 2 2 2 2 2 2 2 2 2 2 2 2
left_child=4 7 3 6 -1 10 14 29 20 15 16 -6 -9 -13 -3 -7 -5 18 -18 -20 27 22 -4 24 -16 -11 -27 28 -8 -2
right_child=1 2 21 5 11 9 8 12 -10 25 -12 13 -14 -15 23 -17 17 -19 19 -21 -22 -23 -24 -25 -26 26 -28 -29 -30 -31
leaf_value=-0.048174337055789954 0.0041776333312550018 0.035750531888906548 0.022587032887898439 -0.01935674028471502 -0.050472180111771708 0.036457574559614597 -0.03941127024358046 -0.02943774368599783 0.0390463943617212 0.021556470611379594 0.0023426014946598957 0.0088477624520290343 -0.0099578603220904661 -0.027663663208657732 -0.057730856851013229 -0.010619733904856973 0.012195722827187085 0.023863612786133345 -0.050740035412575907 0.04244589324598997 -0.014648143872829353 0.038882813790034006 -0.060282034044510047 -0.040403026947656101 -0.0070980907850369179 0.0067009392079443279 -0.04598236751169326 0.018002348287562541 0.0055768333831966816 0.052297453942015043
leaf_weight=292.43655600773491 44.082416976139939 8.9268794084200618 111.00232375029009 17.053308886162995 22.083147601913879 136.5058532494586 19.083141992334276 75.62624010962827 25.099765372462571 91.405864178661432 345.00087095679191 26.036684862840048 252.88207676216916 44.721226469875546 8.8692910743047815 10.435860157478599 287.7346464106231 156.84048325731419 12.011281146667896 3.5913500646129242 51.252140064359992 103.38739102432737 3.0135054262354961 23.403976472094655 118.77512790579931 51.547432447405299 7.6039751674979916 81.437066083890386 163.91395120043308 8.4744870478170906
leaf_count=836838 4577 169 860 1100 46902 542 576 58565 110 1157 5467 13189 38413 45606 2969 71 2679 934 103 29 1705 517 24 1525 5274 602 40 760 2662 85
internal_value=0 0.00730491 0.0110596 0.00862753 -0.0420718 0.0125968 -0.000247951 -0.0108041 0.00545033 0.0229648 0.00884544 -0.0228495 -0.0144423 -0.0142286 -0.0123867 0.0331141 0.0135465 0.0147658 0.0100618 -0.0292909 0.00277915 0.0291879 0.0203968 -0.0152315 -0.0106163 0.0130592 -7.15548e-05 0.00615688 0.000885424 0.0119367
internal_weight=0 2218.96 1837.9 1620.49 385.278 1119.73 500.761 381.065 340.786 297.499 822.232 92.8411 328.508 70.7579 159.975 146.942 477.231 460.178 303.337 15.6026 315.686 217.403 114.016 151.048 127.644 150.557 59.1514 264.434 182.997 52.5569
internal_count=1074050 131515 29875 28474 942535 12724 15750 101640 5813 2412 10312 105697 96978 58795 9937 613 4845 3745 2811 132 5703 1401 884 9768 8243 1799 642 3998 3238 4662
is_linear=0
shrinkage=0.05


Tree=64
num_leaves=31
num_cat=0
split_feature=0 0 115 42 0 42 83 66 82 141 77 2 95 84 90 70 70 70 104 152 128 91 82 62 2 74 127 70 91 60
split_gain=301.926 60.8001 31.7795 21.1685 18.2375 17.6081 15.1504 13.1262 11.6935 9.82135 11.4741 9.90758 9.32506 8.85227 8.46557 8.51977 8.00672 8.71333 8.816 8.77724 8.74853 7.97496 7.74341 7.63843 7.55171 7.14178 10.0098 6.89457 6.76218 6.66528
threshold=0.043984350660107828 0.86620967868038068 0.092032000000000017 11.500000000000002 0.0088049481694041625 38.500000000000007 0.53219150000000004 0.086694000000000007 670.50000000000011 239.50000000000003 8.5000000000000018 593143.50000000012 1.6797010000000003 10.000000000000002 1.5000000000000002 43.500000000000007 119.50000000000001 99.500000000000014 0.15961450000000002 0.051535500000000005 0.11887800000000001 35.500000000000007 562.50000000000011 12.500000000000002 1455534.0000000002 3.3666666666650005 0.063265500000000016 43.500000000000007 269.50000000000006 5.5000000000000009
decision_type=2 2 2 2 2 2 2 2 2 2 2 2 2 2 2 2 2 2 2 2 2 2 2 2 2 2 2 2 2 2
left_child=4 2 6 12 -1 21 -2 8 9 10 11 28 14 -6 -3 -16 17 18 20 -19 -17 -4 -5 -18 -14 -26 -27 -15 -8 -13
right_child=1 3 5 22 13 -7 7 -9 -10 -11 -12 29 24 27 15 16 23 19 -20 -21 -22 -23 -24 -25 25 26 -28 -29 -30 -31
leaf_value=-0.048047425211647871 -0.049025973562718567 -0.0034299703263702911 -0.0038702898283314263 -0.0011874643644647618 -0.038466935107703923 0.030755093455767782 -0.0027332051694385598 0.041104834081977834 0.057180132078285498 -0.035383260007820445 -0.029267679781201358 -0.022437695222612422 0.018725217950825154 0.01777002889528816 0.018745534692281234 0.015741835629769753 0.0204621948104933 -0.050687689208824466 -0.022286964722307238 -0.00086137328713504265 -0.025329604754619595 0.014104574465654399 0.030023980569764915 -0.012179807879702641 0.02008859388161106 -0.066685761099394711 0.014459995396515655 -0.02185907292915085 0.029125475278958347 0.0098869863521896875
leaf_weight=279.93535279999196 23.588659399742028 145.58892609435134 153.99783682321868 21.798448132816702 43.744685230120012 75.805273994163144 306.08345070311771 13.222768176812677 6.5341202087583943 35.895549890930852 57.890289396720618 106.09918066961836 376.88310322863981 17.393967679232446 184.98480405262671 93.946067376993597 102.08425285108387 16.50285346666351 26.083628368796781 19.031209495151415 15.04160390794277 102.96638001533574 224.8753468823852 21.738651680061594 12.312987914308907 8.636189306387676 6.78723738528788 29.742473588488792 17.614531264902325 18.768428787174344
leaf_count=836838 27251 1657 10244 223 69419 421 34923 67 96 18361 12205 14395 1797 6372 1131 772 677 269 221 181 126 2937 871 197 60 83 36 29906 689 1625
internal_value=0 0.0070504 -0.00275967 0.0141101 -0.0417294 0.00957924 -0.00977015 -0.00812279 -0.0093087 -0.0101097 -0.00831845 -0.00561482 0.0109582 -0.0222684 0.00712965 0.0103364 0.00505309 -0.00197135 0.00382436 -0.0240019 0.0100735 0.0033323 0.0272658 0.0147315 0.0168722 -0.00830738 -0.0309767 -0.00723541 -0.000999565 -0.0175791
internal_weight=0 2194.76 918.466 1276.3 370.816 332.769 585.697 562.108 548.886 542.351 506.456 448.566 1029.62 90.8811 625.002 479.413 294.428 170.605 135.071 35.5341 108.988 256.964 246.674 123.823 404.62 27.7364 15.4234 47.1364 323.698 124.868
internal_count=1074050 131515 123214 8301 942535 13602 109612 82361 82294 82198 63837 51632 7207 105697 5231 3574 2443 1569 1119 450 898 13181 1094 874 1976 179 119 36278 35612 16020
is_linear=0
shrinkage=0.05


Tree=65
num_leaves=31
num_cat=0
split_feature=0 0 138 0 0 83 42 121 154 53 86 149 47 83 83 34 34 47 141 47 102 34 150 70 114 100 99 118 34 70
split_gain=287.299 56.9032 29.2968 21.5132 17.0076 16.6402 21.7261 13.0926 11.3713 11.053 10.1572 8.46005 8.42113 8.34633 8.0007 7.70869 11.2775 7.55539 7.54195 7.53004 7.26575 7.25613 6.73936 6.62265 6.39206 6.30265 7.94389 7.32203 6.14113 6.45456
threshold=0.043984350660107828 0.48090646582193369 0.029506500000000001 0.94875966535953815 0.0088049481694041625 0.56521750000000004 1.5000000000000002 0.73214285714300009 2.5000000000000004 1.5000000000000002 0.072493000000000016 2.5000000000000004 1404.5000000000002 0.55671950000000014 0.56713550000000013 3321.0000000000005 38.500000000000007 1113.5000000000002 7.5000000000000009 737.50000000000011 0.080153500000000003 2635.5000000000005 0.047882500000000008 43.500000000000007 2.5000000000000004 1.5000000000000002 0.10135950000000001 0.083224000000000006 8.9884656743000007e+307 9.5000000000000018
decision_type=2 2 2 2 2 2 2 2 2 2 2 2 2 2 2 2 2 2 2 2 2 2 2 2 2 2 2 2 2 2
left_child=4 8 3 5 22 9 17 10 -2 -3 18 -11 25 -6 -10 16 -14 -7 -4 -9 -17 -18 -1 -15 -24 -5 27 -27 -22 -30
right_child=1 2 7 12 13 6 -8 19 14 11 -12 -13 15 23 -16 20 21 -19 -20 -21 28 -23 24 -25 -26 26 -28 -29 29 -31
leaf_value=-0.049932900415332736 0.010776973851784367 -0.0052728332990334779 0.045934041760558993 0.012535423965583048 -0.050465372716610384 -0.0077831043063313777 0.016701062568288797 0.021950455650842825 -0.029080043157256086 -0.05092769283303971 0.041095068197006375 0.01339670145369224 0.03911397939206205 0.0062043619860233743 -0.010208330084572127 -0.0063586329529035385 6.9944897669481371e-05 0.0063465372360340631 -0.0013761858241411041 0.041000586677528018 0.032727221704648091 -0.067083764453054223 -0.019083214549939324 -0.026116092768437307 0.6008441848910675 -0.019970649261198525 -0.046397460420773522 0.012510017724284089 0.039635246819482717 -0.029347532159789115
leaf_weight=250.96135277034136 51.681019144009042 67.9266416339633 9.3681682999012974 397.46527081844397 20.592862782423254 252.07610992435366 232.80164141656132 101.70594189525582 72.705265427133781 29.294377146303304 22.113971248734742 6.1921339957625596 19.320116851478815 25.195281324999087 246.83110414036855 15.261956261936573 44.071774698677473 151.45288591907592 83.574993263348006 105.86957565974444 148.24912584898993 4.4266190598718813 17.159113809791965 42.728963548461252 0.041682383342048435 24.669161285273731 9.0729468599893135 58.488099876558408 5.6496620681136838 8.4819020684808475
leaf_count=785722 4662 5702 84 1904 46902 7950 2467 663 58565 4765 75 133 56 13189 38413 104 266 2879 1087 452 565 58 51000 45606 116 208 68 309 21 59
internal_value=0 0.00683917 0.0105197 0.00753421 -0.0415849 0.0015143 0.00453742 0.0241677 -0.0109829 -0.0170878 0.0106389 -0.0397036 0.0135917 -0.0225812 -0.0145023 0.0211502 0.00680957 -0.00247995 0.00339243 0.0316666 0.026625 -0.00605941 -0.0478577 -0.0141274 -0.017581 0.00980295 -0.0019726 0.00287441 0.0297251 -0.00176889
internal_weight=0 2168.75 1797.53 1474.9 356.679 739.744 636.331 322.633 371.217 103.413 115.057 35.4865 735.157 88.5171 319.536 245.461 67.8185 403.529 92.9432 207.576 177.643 48.4984 268.162 67.9242 17.2008 489.695 92.2302 83.1573 162.381 14.1316
internal_count=1074050 131515 29875 27514 942535 23896 13296 2361 101640 10600 1246 4898 3618 105697 96978 1129 380 10829 1171 1115 749 324 836838 58795 51116 2489 585 517 645 80
is_linear=0
shrinkage=0.05


Tree=66
num_leaves=31
num_cat=0
split_feature=0 0 42 0 107 0 152 66 98 79 129 74 2 83 70 102 132 112 109 2 37 44 105 91 56 83 136 95 95 90
split_gain=273.343 54 28.298 22.6215 16.5627 16.4292 12.0099 10.9249 10.8253 10.7869 10.3444 8.5652 9.72663 7.67041 7.46797 9.09368 7.77909 7.65505 10.2663 7.68765 7.26544 7.11417 7.09115 7.56865 6.70789 6.53982 6.57265 6.27038 6.13435 6.10764
threshold=0.043984350660107828 0.48090646582193369 31.500000000000004 0.94875966535953815 4.5000000000000009 0.0019437620776660012 0.045546500000000011 0.091866000000000017 8.7083333333350019 82.500000000000014 6.5000000000000009 57.100000000000009 155571.50000000003 0.61752600000000013 118.50000000000001 0.19278150000000002 4.5000000000000009 1.5000000000000002 4.5000000000000009 72.500000000000014 1.0000000180025095e-35 1.0000000180025095e-35 11.500000000000002 117.50000000000001 1.0000000180025095e-35 0.5677525000000001 1.5000000000000002 0.47910650000000005 0.37661550000000005 3.5000000000000004
decision_type=2 2 2 2 2 2 2 2 2 2 2 2 2 2 2 2 2 2 2 2 2 2 2 2 2 2 2 2 2 2
left_child=5 7 3 4 10 -1 13 8 -2 25 22 12 -4 -7 16 -16 -5 19 24 -18 -21 28 23 -3 -19 26 -6 -27 -14 -10
right_child=1 2 11 14 9 6 -8 -9 29 -11 -12 -13 21 -15 15 -17 17 18 -20 20 -22 -23 -24 -25 -26 27 -28 -29 -30 -31
leaf_value=-0.049891654399668722 -0.0057788007552399372 0.012323809882828782 0.034963935492900271 0.017604578754655455 -0.023050003299707397 -0.040699751650052657 -0.00041804886278356114 0.044194337260540721 -0.025926216218906312 -0.03689301303003311 -0.0028416796095828136 0.0056037853337565901 -0.030874507373669785 0.0055167022957289822 0.021984901521812872 -0.033368439047399744 -0.064439000917146924 0.0039270187342419893 0.051392833002983723 0.000213735812624915 -0.069690388389997707 0.049621567489941718 -0.033001782181128279 0.039745867427076434 0.035927521390433426 -0.0158649484826336 0.047244740490967496 0.0035507737213953811 0.01282384565619768 0.038555581172222311
leaf_weight=214.44513900585025 232.5709391411292 227.7157235158229 169.88731754161199 197.20076317456551 57.181386746044154 87.617447257678577 31.407796857405629 8.8083213177742419 122.01923734758748 27.616003088922298 141.3234214871627 48.696515792624268 9.7526159486442321 10.00261693532593 255.82026534585748 7.6414298596791914 5.1435595839284352 132.40147638216149 14.895521178841589 116.4186280509457 3.8396225823089472 10.718416575313311 7.8129745492769862 28.288705341801688 18.687549695372581 53.019888393755537 3.5306544121121979 192.79535391455283 45.499176765995799 3.7862591809098367
leaf_count=697189 33160 5099 831 896 4165 201115 35799 54 67969 5163 3391 1175 145 8432 1182 54 68 672 56 704 29 34 242 213 78 2151 29 3223 275 457
internal_value=0 0.00663672 0.0102457 0.0074887 0.00127772 -0.0414093 -0.0273116 -0.010818 -0.0121702 -0.00696303 0.00807434 0.0246949 0.0286366 -0.0359642 0.0135943 0.0203794 0.00993549 0.0047453 0.0117894 -0.00457847 -0.00201817 0.0123424 0.0139219 0.015354 0.00788502 -0.00426654 -0.0189621 -0.000637003 0.00511055 -0.0239856
internal_weight=0 2143.07 1775.89 1491.33 739.284 343.473 129.028 367.185 358.376 334.143 405.141 284.554 235.858 97.6201 752.049 263.462 488.587 291.386 165.985 125.402 120.258 65.9702 263.817 256.004 151.089 306.527 60.712 245.815 55.2518 125.805
internal_count=1074050 131515 29875 27415 23676 942535 245346 101640 101586 14731 8945 2460 1285 209547 3739 1236 2503 1607 806 801 733 454 5554 5312 750 9568 4194 5374 420 68426
is_linear=0
shrinkage=0.05


Tree=67
num_leaves=31
num_cat=0
split_feature=0 0 115 42 0 83 42 42 83 82 96 82 34 126 2 138 95 42 83 83 136 77 128 95 129 118 2 118 82 2
split_gain=258.229 51.0791 30.3099 19.7676 16.9785 13.9651 13.8684 12.0768 11.8561 10.3088 9.80959 11.7402 8.65763 8.37408 8.46432 8.32084 8.26745 8.19995 7.31329 7.15331 6.93885 6.91792 6.86686 6.83568 7.14822 6.61032 6.39928 6.21011 6.1492 9.61942
threshold=0.043984350660107828 0.86620967868038068 0.092032000000000017 8.5000000000000018 0.0019437620776660012 0.54061850000000011 100.50000000000001 742.50000000000011 0.55671950000000014 670.50000000000011 0.027299500000000001 575.50000000000011 43454.500000000007 0.089792000000000025 175.00000000000003 0.027653 0.65046950000000014 2.5000000000000004 0.59831000000000012 0.55176750000000008 1.5000000000000002 12.500000000000002 0.12967500000000001 0.61858450000000009 7.5000000000000009 0.050202500000000004 910.00000000000011 0.088257000000000016 572.50000000000011 53544.000000000007
decision_type=2 2 2 2 2 2 2 2 2 2 2 2 2 2 2 2 2 2 2 2 2 2 2 2 2 2 2 2 2 2
left_child=4 2 5 12 -1 -2 15 9 -6 10 11 27 13 14 21 -4 22 -13 -12 25 28 -3 -10 24 -16 -5 -17 -7 29 -14
right_child=1 3 6 19 8 7 -8 -9 16 -11 18 17 20 -15 23 26 -18 -19 -20 -21 -22 -23 -24 -25 -26 -27 -28 -29 -30 -31
leaf_value=-0.049856987900315092 -0.041982846935051242 0.0047182440200504022 -0.0010505654956089136 -0.052322710203727502 -0.050388781070118072 -0.017285452159072619 0.03150155274336866 0.021922169966998046 -0.039334255051256463 0.055581323616691172 -0.027799803259434298 -0.0019862865459204975 0.010540775501338272 -0.024251776330783514 0.014384414229439788 -0.05209162620694513 -0.0030243991294769575 0.024317662401318801 -0.0088319277016005709 0.026973233203134613 0.032517488118993937 -0.054439091959959697 0.049819556011062298 0.022752118856364911 -0.028152566266045287 0.038208563440122995 0.021381418532177114 0.064178471709002857 0.0064835898103864503 -0.030254239781045647
leaf_weight=206.65515106281418 31.678390683246107 54.452997170970775 188.73062194290833 5.5087923933751863 36.579279536573267 127.28448866081817 58.461747748049675 32.091590872831148 35.929622502530947 5.9717009995365506 108.39996169121878 121.22019905738125 27.693356169154868 12.922752751968799 35.556986803887412 3.0871251671487689 49.533457161473052 39.212789968412835 95.665665487176739 246.3213622396579 23.307374959811568 5.435227350331842 2.2979602759078253 283.68818402197212 13.674985616700722 3.1804735939949751 74.045913623820525 2.3832244398072353 489.69653179415036 30.217572842957452
leaf_count=697189 36711 464 10573 161 104481 25811 278 1327 86371 95 26107 9184 282 103 353 604 53245 1007 9306 1042 104 96 1249 1501 241 15 2147 64 3435 504
internal_value=0 0.00641306 -0.00272632 0.0130041 -0.041073 -0.00973095 0.00945271 -0.00781131 -0.0264739 -0.00971917 -0.0105083 -0.0045999 0.00976732 0.0153516 0.0166545 0.00460431 -0.0165061 0.00444289 -0.0189077 0.0254004 0.00579874 -0.000650651 -0.033975 0.0197675 0.00256907 -0.0191862 0.0184408 -0.0157882 0.00466153 -0.0107458
internal_weight=0 2119.89 888.233 1231.66 330.995 563.908 324.325 532.23 124.34 500.138 494.166 290.101 976.646 405.731 392.808 265.864 87.761 160.433 204.066 255.011 570.915 59.8882 38.2276 332.92 49.232 8.68927 77.133 129.668 547.607 57.9109
internal_count=1074050 131515 123214 8301 942535 109612 13602 72901 245346 71574 71479 36066 7083 2758 2655 13324 140865 10191 35413 1218 4325 560 87620 2095 594 176 2751 25875 4221 786
is_linear=0
shrinkage=0.05


Tree=68
num_leaves=31
num_cat=0
split_feature=0 0 42 83 42 0 70 70 147 83 2 83 95 34 138 95 47 100 98 151 53 90 2 83 99 138 120 90 138 66
split_gain=245.04 51.8101 30.8966 19.24 18.2009 16.053 15.979 18.2825 13.0256 11.1707 10.4997 10.4823 9.57782 12.1225 9.07003 8.29316 7.85576 7.47015 7.35619 7.07135 6.94913 6.69762 6.52597 6.42297 6.42422 6.17033 6.26922 6.15563 6.03797 5.9738
threshold=0.043984350660107828 0.94875966535953815 1.0000000180025095e-35 0.5677525000000001 3.5000000000000004 0.0019437620776660012 103.50000000000001 99.500000000000014 1.5000000000000002 0.55671950000000014 593143.50000000012 0.57387650000000012 3.8531275000000007 93830.500000000015 0.065253500000000006 0.65046950000000014 526.50000000000011 1.0000000180025095e-35 22.100000000000005 0.050967000000000005 1.5000000000000002 2.5000000000000004 999530.00000000012 0.60290350000000015 0.08256200000000001 0.055269500000000006 3.5000000000000004 1.5000000000000002 0.031335500000000009 0.096819500000000017
decision_type=2 2 2 2 2 2 2 2 2 2 2 2 2 2 2 2 2 2 2 2 2 2 2 2 2 2 2 2 2 2
left_child=5 2 6 8 25 -1 7 11 20 -7 14 27 13 -8 17 -11 -12 21 -13 22 -4 23 -18 24 -5 -3 -27 -2 -22 -6
right_child=1 4 3 10 29 9 12 -9 -10 15 16 18 -14 -15 -16 -17 19 -19 -20 -21 28 -23 -24 -25 -26 26 -28 -29 -30 -31
leaf_value=-0.049667711643167169 -0.043850727981019029 0.010656350796360049 -0.010866512948612095 0.006667649040934899 0.026206828691179088 -0.050282238853065535 0.014616469628518095 -0.043667251528500234 0.022454498824031596 -0.034769308690711202 0.011150533208280002 -0.0030297915469774711 0.027031706431444577 -0.01122419021416971 0.034584030197656462 -0.0033454121462934295 -0.046402380529301922 -0.0092141076610618468 -0.026953242629434333 -0.046708540194998843 -0.050987064699730439 0.030159866018102124 0.0083648468697490857 0.021983130865365557 -0.047485809996530501 0.045987461943263121 -0.0044342224961609446 -0.015409956194340156 0.036951116975019904 0.054486075263278401
leaf_weight=197.36774447359585 28.653577744858922 605.18724010523874 46.867808271814283 111.81792816378584 174.64821758819744 35.117405466693526 76.540290734446899 42.235577352112159 21.095647087859106 36.721620452663956 55.824023102286446 318.7633161466656 37.292746139115479 111.50772233672615 59.959887569362763 49.029613938974762 6.9913612025266074 32.856888924521627 35.734746374306269 13.807161610107867 22.905646724646434 63.981419451403781 24.501751346811943 86.204546908469638 5.7586034034611648 24.061752108857036 8.2883253097534162 56.618148314937571 2.1338258313407996 20.91068341769278
leaf_count=697189 14279 3133 18920 4149 754 104481 5002 9039 709 87620 1280 19056 1126 12474 830 53245 208 1918 6300 451 16467 722 990 1284 766 72 68 11346 124 48
internal_value=0 0.0062093 -0.000178908 0.00865536 0.0158867 -0.0408797 -0.00710681 -0.0122452 -0.0120925 -0.0265296 0.0128347 -0.00922737 0.00388412 -0.000706389 0.0168277 -0.0168022 -0.00140329 0.0132862 -0.00544137 -0.0168735 -0.0222277 0.0160472 -0.00379329 0.0116162 0.00401535 0.0117936 0.0330691 -0.0249668 -0.0434931 0.0292307
internal_weight=0 2095.15 1262.05 554.706 833.096 318.236 707.346 482.005 93.0029 120.869 461.704 439.77 225.341 188.048 360.579 85.7512 101.124 300.619 354.498 45.3003 71.9073 267.762 31.4931 203.781 117.577 637.537 32.3501 85.2717 25.0395 195.559
internal_count=1074050 131515 127440 48818 4075 942535 78622 60020 36220 245346 12598 50981 18602 17476 9669 140865 2929 8839 25356 1649 35511 6921 1198 6199 4915 3273 140 25625 16591 802
is_linear=0
shrinkage=0.05


Tree=69
num_leaves=31
num_cat=0
split_feature=0 0 138 0 0 42 83 154 120 83 144 155 95 95 83 2 70 70 37 113 126 91 42 137 39 150 96 90 103 104
split_gain=231.428 47.8125 24.982 19.1927 15.6106 14.5524 14.8584 11.2517 11.0231 10.6856 8.05029 7.65655 7.6308 7.55167 7.28086 7.23929 6.79908 10.172 6.71826 6.66129 6.58507 6.33605 6.16601 6.00805 8.25215 5.8567 5.76464 7.65421 6.52743 5.68102
threshold=0.043984350660107828 0.48090646582193369 0.029506500000000001 0.94875966535953815 0.0019437620776660012 1.5000000000000002 0.5683895000000001 14.500000000000002 11.500000000000002 0.55671950000000014 1.0000000180025095e-35 0.77500000000000013 0.65046950000000014 1.7729355000000002 0.54296050000000007 126565.50000000001 100.50000000000001 99.500000000000014 2.5000000000000004 1.5000000000000002 0.088674500000000003 258.50000000000006 98.500000000000014 0.030333500000000003 1.5000000000000002 0.094543000000000002 0.093947500000000017 1.5000000000000002 14.500000000000002 0.22447400000000003
decision_type=2 2 2 2 2 2 2 2 2 2 2 2 2 2 2 2 2 2 2 2 2 2 2 2 2 2 2 2 2 2
left_child=4 7 3 5 25 16 11 22 18 -6 -10 21 -11 20 -9 -8 17 26 -4 -17 -5 -7 -2 -12 -25 -1 27 28 -3 -21
right_child=1 2 8 13 9 6 15 14 10 12 23 -13 -14 -15 -16 19 -18 -19 -20 29 -22 -23 -24 24 -26 -27 -28 -29 -30 -31
leaf_value=-0.050438744083445564 0.0025780040280926923 -0.012573807244466171 0.032585634881282168 0.0095495370724416884 -0.050188356068630785 -0.037429439962298028 0.022038146201697736 -0.043143072284459655 0.04990921581050338 -0.034402492167413611 0.039707889425180096 0.025266515503925585 -0.003935168506305587 0.019235106423307727 -0.012561915088910483 -0.026552199521838123 0.0036534618190150834 -0.048273520551184633 -0.012025393495488928 0.0027193143556668016 -0.027018740873472131 0.020080325465068462 0.048447660610520749 0.017296483951918028 -0.011099007803126656 0.036461604924036051 0.035336828469258959 -0.0028725360410969962 -0.045427435708445929 0.042241299429686581
leaf_weight=186.18676046119435 48.567566481731774 54.446384558541467 170.11088164732791 435.92136990942527 33.53755631725835 27.9707279587019 143.76465677499073 20.951795869808848 12.096251463517545 35.602854577360631 12.528545134700833 8.5996594827447534 48.612476590781625 259.34210550202988 273.94663210092767 15.367049285967367 159.04979773413652 15.761537316022439 8.8799558747559768 46.132291985210031 12.668725257739423 5.7788235971383974 8.6279811162094102 50.908632954990026 51.439552657015156 1.9592774912453013 7.8232240434736005 190.43487737498072 20.930828003802162 11.32469040667638
leaf_count=695700 5366 2224 867 2475 104481 3743 1509 33826 30 87620 72 94 53245 1043 62342 353 4107 1396 47 343 100 388 106 407 938 1489 83 6298 3301 57
internal_value=0 0.00598971 0.00942375 0.00662305 -0.0405981 0.000798283 0.010236 -0.0107983 0.0223791 -0.0263205 0.0111111 -0.0168505 -0.0168155 0.0124433 -0.0147346 0.0155322 -0.00465116 -0.0092153 0.0303724 0.00268852 0.0085168 -0.0275822 0.00949747 0.00702574 0.00302509 -0.0495338 -0.00696553 -0.00821055 -0.0216966 0.010509
internal_weight=0 2073.37 1721.28 1415.32 305.899 707.385 258.938 352.094 305.964 117.753 126.973 42.3492 84.2153 707.932 294.898 216.589 448.447 289.397 178.991 72.824 448.59 33.7496 57.1955 114.877 102.348 188.146 273.635 265.812 75.3772 57.457
internal_count=1074050 131515 29875 27514 942535 23896 6487 101640 2361 245346 1447 4225 140865 3618 96168 2262 17409 13302 914 753 2575 4131 5472 1417 1345 697189 11906 11823 5525 400
is_linear=0
shrinkage=0.05


Tree=70
num_leaves=31
num_cat=0
split_feature=0 0 42 59 0 0 82 107 83 70 83 141 92 148 95 72 95 116 2 37 126 77 152 118 83 131 56 83 115 128
split_gain=217.691 45.848 23.3254 17.3778 16.2756 15.7622 10.9796 10.951 10.5591 8.94094 9.50541 7.83758 7.61943 7.31678 7.17378 6.54632 6.48778 6.38002 6.19178 6.41515 6.18611 6.01346 9.48695 5.96045 5.95338 7.78336 6.42267 5.9527 5.9288 8.2071
threshold=0.043984350660107828 0.48090646582193369 1.0000000180025095e-35 2.5000000000000004 0.94875966535953815 0.0019437620776660012 572.50000000000011 6.5000000000000009 0.55671950000000014 106.50000000000001 0.61380900000000016 418.50000000000006 0.87500000000000011 7.5000000000000009 0.63268900000000017 3.5000000000000004 3.8531275000000007 0.022560000000000004 580687.00000000012 1.0000000180025095e-35 0.055991500000000007 6.5000000000000009 0.11325100000000002 0.13804100000000002 0.55607750000000011 11.500000000000002 1.0000000180025095e-35 0.54783550000000003 0.075039000000000008 0.089768500000000015
decision_type=2 2 2 2 2 2 2 2 2 2 2 2 2 2 2 2 2 2 2 2 2 2 2 2 2 2 2 2 2 2
left_child=5 7 4 6 9 -1 17 12 -7 10 20 15 -2 18 -10 -5 -11 27 21 23 -3 -8 -23 -20 25 -6 -26 -4 -15 -30
right_child=1 2 3 11 24 8 13 -9 14 16 -12 -13 -14 28 -16 -17 -18 -19 19 -21 -22 22 -24 -25 26 -27 -28 -29 29 -31
leaf_value=-0.049425313458497121 -0.0037468358193103882 -0.011515184596478474 -0.040195885440232441 0.0033746467051936364 0.00050533656037853611 -0.050096976928956184 0.031723973680448818 -0.019204188977605865 -0.033907414500990066 0.0022548144967029357 0.0048401614351462783 -0.043955323086330676 0.048343553897506567 -0.061807359761784857 -0.0039863749347306843 0.041964639733450701 0.028705590974801267 -0.01967833950446779 0.0077916844683761921 -0.041291065382067435 -0.047442515750465417 0.0014661212495103899 0.040684214578525162 0.047673814648308208 0.010256829516868933 -0.073835345293917151 0.044981290211212048 0.017941764578628658 0.024179468064028261 -0.034828514111048307
leaf_weight=179.87906479785761 156.67709468749217 194.31589896799414 4.8514733284682725 183.63049468855024 15.099464636761697 32.008065250530308 274.76202127608121 182.97623611701783 34.000923225108636 120.56686782035104 103.26819292426808 8.2893157372309343 7.3494659117422989 3.3315101247280827 48.761564439414542 11.689327915781176 28.701031646720367 21.679089077981189 44.569064048468135 5.3138512857258311 12.768713803670833 44.313759027631022 23.650110824033618 11.861627040430902 495.77229461446404 4.5915641700848928 13.683872479945419 47.618972630298231 22.147035985719416 8.0288284644484502
leaf_count=697189 30952 10416 186 4554 102 104481 1350 70650 86339 3050 2082 2355 38 33 54526 83 260 439 299 49 809 440 113 45 2527 58 53 408 110 54
internal_value=0 0.00577203 0.0091446 0.0160193 0.00416821 -0.0401879 0.0209318 -0.0107943 -0.0257102 -0.00271483 -0.00755118 0.00366323 -0.00141284 0.0239441 -0.0162787 0.00568415 0.00734073 0.00313894 0.0258042 0.0112292 -0.0137304 0.02843 0.0151133 0.0161748 0.0101469 -0.0168295 0.0111895 0.0125663 0.001491 0.00847934
internal_weight=0 2051.51 1704.5 715.736 988.768 294.65 512.127 347.003 114.771 459.621 310.353 203.609 164.027 437.978 82.7625 195.32 149.268 74.1495 404.47 61.7445 207.085 342.726 67.9639 56.4307 529.147 19.691 509.456 52.4704 33.5074 30.1759
internal_count=1074050 131515 29875 10518 19357 942535 3526 101640 245346 16617 13307 6992 30990 2493 140865 4637 3310 1033 2296 393 11225 1903 553 344 2740 160 2580 594 197 164
is_linear=0
shrinkage=0.05


Tree=71
num_leaves=31
num_cat=0
split_feature=0 0 42 0 83 59 155 42 2 72 90 95 118 82 117 100 53 62 95 117 91 122 34 101 64 59 112 152 150 118
split_gain=206.039 55.9112 24.5705 18.1971 15.4961 13.7521 11.5047 10.7317 10.0235 8.67462 8.48265 8.28285 8.2174 7.65971 7.34025 7.06983 8.25204 6.80042 5.95741 8.39608 5.7367 6.23109 8.35982 6.70695 5.83584 6.44006 5.56669 5.53397 8.93417 5.40794
threshold=0.37969951586789719 0.0088049481694041625 5.5000000000000009 0.94875966535953815 0.54296050000000007 2.5000000000000004 0.58571428571450013 54.500000000000007 166361.50000000003 3.5000000000000004 2.5000000000000004 0.84649150000000006 0.079138500000000014 577.50000000000011 0.09122050000000001 1.0000000180025095e-35 1.5000000000000002 95.500000000000014 0.46779550000000009 0.048257500000000002 102.50000000000001 1.5000000000000002 113174.00000000001 0.055653500000000009 1.0000000180025095e-35 1.5000000000000002 1.5000000000000002 0.12193150000000001 0.009020000000000002 0.083224000000000006
decision_type=2 2 2 2 2 2 2 2 2 2 2 2 2 2 2 2 2 2 2 2 2 2 2 2 2 2 2 2 2 2
left_child=1 14 3 6 -3 8 13 11 15 10 -7 -6 18 -2 -1 -4 -17 -5 -10 -20 21 23 -23 24 -8 -26 -13 28 -22 -9
right_child=2 4 5 17 7 9 20 29 12 -11 -12 26 -14 -15 -16 16 -18 -19 19 -21 27 22 -24 -25 25 -27 -28 -29 -30 -31
leaf_value=-0.048359157986985014 -0.01874251894203301 -0.050194895593466987 0.031482669243851062 0.011391425534464813 -0.022267275690242484 -0.0074053228434208494 -0.0025433994481578641 0.0045331823797096849 -0.045623079573891195 0.043310285038494295 0.02754531804907915 -0.013310004828916403 0.020121039748724309 -0.0024149599069407759 0.014971884744258927 -0.076275199376279634 0.014947297391551852 -0.042568694218660608 0.018594699867537725 -0.059267455189395649 0.039589420847016096 0.010591716112479827 -0.020369121352665664 0.038053950542565579 0.035073896437603877 -0.0081543580904169591 0.0060758170305700134 0.053850412819245103 -0.0093479249483887812 0.054560145276943008
leaf_weight=202.20342361617259 96.43678247508069 27.733986613724483 222.64827927720034 641.54599166288972 149.91641915183754 87.264298829682957 73.310657547554001 17.433719910187396 8.9658624487929064 12.637261197029146 21.671904369148251 95.755088007921586 64.536438653245568 281.51975325922103 4.6812039830074346 3.1178918486693847 12.100768612435786 5.8925149217247954 17.167784480523554 4.3369389270665115 17.434181490825722 38.954923351935577 49.517099582590163 18.818968151463196 26.981037454097532 12.65775248344289 60.383197867075069 10.925069181248544 20.054510228976142 7.8276219294566536
leaf_count=831129 10952 62920 1183 3348 94535 4338 2065 6146 158 168 281 25833 322 11731 5709 32 168 30 156 41 136 743 1237 160 350 332 9451 69 234 93
internal_value=0 -0.0262224 0.00848738 0.00497492 -0.0142929 0.0184892 -0.000958065 -0.0112876 0.0237456 0.0040968 -0.000452199 -0.0138729 0.0100169 -0.00658099 -0.0469262 0.029229 -0.00374172 0.0109003 -0.0113834 0.00289194 0.00695255 0.00352693 -0.00673682 0.0104182 0.00581372 0.0212699 -0.00581295 0.0225362 0.0134105 0.0200348
internal_weight=0 565.935 1748.5 1294.05 359.05 454.447 646.611 331.316 332.874 121.573 108.936 306.055 95.007 377.957 206.885 237.867 15.2187 647.439 30.4706 21.5047 268.654 220.24 88.472 131.768 112.949 39.6388 156.138 48.4138 37.4887 25.2613
internal_count=1074050 1035816 38234 31387 198978 6847 28009 136058 2060 4787 4619 129819 677 22683 836838 1383 200 3378 355 197 5326 4887 1980 2907 2747 682 35284 439 370 6239
is_linear=0
shrinkage=0.05


Tree=72
num_leaves=31
num_cat=0
split_feature=0 0 66 95 83 2 131 43 115 42 90 42 150 82 95 104 96 62 79 122 91 152 117 103 95 77 87 2 70 103
split_gain=197.023 53.3972 24.8698 22.2588 14.5411 13.2567 16.5544 13.4876 12.7745 12.3604 10.4254 9.461 8.99515 8.86653 8.77692 8.65463 8.33328 8.30114 7.55261 7.37642 7.08956 6.70448 6.69279 6.61584 6.58284 6.48571 9.26865 6.29042 6.49143 6.21572
threshold=0.37969951586789719 0.0088049481694041625 0.062324500000000012 0.75316150000000015 0.54296050000000007 2826.5000000000005 7.5000000000000009 5.5000000000000009 0.090103500000000017 5589.0000000000009 1.5000000000000002 297.50000000000006 0.019934000000000004 607.50000000000011 1.7729355000000002 0.38529200000000008 0.081320000000000017 11.500000000000002 8.5000000000000018 1.5000000000000002 48.500000000000007 0.10759950000000001 0.09122050000000001 86.500000000000014 0.7350350000000001 8.5000000000000018 1064.5000000000002 156.50000000000003 119.50000000000001 10.500000000000002
decision_type=2 2 2 2 2 2 2 2 2 2 2 2 2 2 2 2 2 2 2 2 2 2 2 2 2 2 2 2 2 2
left_child=1 22 3 9 -3 6 27 8 16 10 13 20 23 19 17 18 -7 -9 -10 -2 21 -6 -1 -8 -15 26 -12 28 -5 -17
right_child=2 4 -4 5 11 7 12 14 15 -11 25 -13 -14 24 -16 29 -18 -19 -20 -21 -22 -23 -24 -25 -26 -27 -28 -29 -30 -31
leaf_value=-0.048204947673601589 -0.021569205392204693 -0.049971170832413703 0.0319267720792226 -0.030443346114482156 -0.020979771713372626 -0.0078767994057686325 0.0037196392224132652 0.022284852837926541 0.012273621547653112 0.045383164441662238 0.0066437821873770652 0.02737808016486841 0.017738424526693188 0.015735113432929798 0.029173471501627048 -0.038492322431164787 0.041439593530965872 -0.0060338082031138468 -0.045855047852239254 0.028682327690824669 -0.00018927403284374868 0.003835791790594921 0.012663704366636934 -0.030818092265217104 -0.084855634149630252 -0.015580105567431279 -0.046121273463154422 0.03205968536874787 0.023526825073308284 0.0081527321499074452
leaf_weight=193.63205636875227 130.62597160197038 26.523978766927939 104.64544700132683 8.4717409031582083 203.42291854458108 216.25737055388163 38.621810160599125 52.375103197293356 341.35101314983331 13.399508135044014 263.27563435503544 14.94997671826877 69.258549448568374 30.487552513928676 97.933492194992141 15.651512529235335 8.9191905601619492 51.151797220518347 5.6809995305375187 7.735202000825665 77.148920410123537 31.422356866314658 4.6239044829235345 21.631429068482248 1.7180927061708633 44.679204490006668 8.5943719102870073 167.29145394117222 16.274722472968278 13.136258919956161
leaf_count=831129 11060 62920 432 104 110731 7528 557 629 2812 155 6063 2740 603 662 818 140 139 913 125 193 17468 5119 5709 754 25 1756 1621 927 112 106
internal_value=0 -0.0260156 0.00830078 0.00677889 -0.0143661 0.0106844 0.0192625 0.00724715 0.00349409 -0.00199181 -0.00329499 -0.0114776 0.00544782 -0.0132599 0.0184433 0.00913668 -0.00592339 0.00829283 0.011322 -0.0187598 -0.0133395 -0.0176594 -0.0467853 -0.0086797 0.0103688 0.00207442 0.00497577 0.0285792 0.0050506 -0.0172075
internal_weight=0 551.724 1729.17 1624.52 353.468 1124.01 321.55 802.457 600.996 500.516 487.116 326.944 129.512 170.567 201.46 375.82 225.177 103.527 347.032 138.361 311.994 234.845 198.256 60.2532 32.2056 316.549 271.87 192.038 24.7465 28.7878
internal_count=1074050 1035816 38234 37802 198978 16267 3057 13210 10850 21535 21380 136058 1914 11940 2360 3183 7667 1542 2937 11253 133318 115850 836838 1311 687 9440 7684 1143 216 246
is_linear=0
shrinkage=0.05


Tree=73
num_leaves=31
num_cat=0
split_feature=0 0 107 118 42 84 42 115 0 34 70 77 42 62 103 117 72 112 138 34 0 2 43 141 104 152 152 2 117 42
split_gain=183.645 41.5641 26.0344 17.5876 16.6604 15.5052 11.0327 9.83435 9.53011 9.4004 8.63802 8.22091 7.53155 7.51965 7.36762 7.28775 6.69451 6.68075 6.49828 6.20563 6.03485 5.70985 5.64984 9.51888 6.61998 7.65869 5.77213 5.64323 5.59443 5.51516
threshold=0.043984350660107828 0.7740980979447657 6.5000000000000009 0.049371500000000006 5.5000000000000009 140.50000000000003 1.0000000180025095e-35 0.083836000000000008 0.94875966535953815 393.00000000000006 18.500000000000004 8.5000000000000018 2.5000000000000004 13.500000000000002 13.500000000000002 0.052374500000000004 1.5000000000000002 1.5000000000000002 0.040995500000000011 397.00000000000006 0.012339227772512141 3800.5000000000005 4.5000000000000009 59.500000000000007 0.13891050000000002 0.027510500000000004 0.06346350000000002 26107.500000000004 0.09122050000000001 1183.5000000000002
decision_type=2 2 2 2 2 2 2 2 2 2 2 2 2 2 2 2 2 2 2 2 2 2 2 2 2 2 2 2 2 2
left_child=3 2 5 20 7 6 -2 9 13 -3 14 29 28 -6 -4 -15 17 -10 27 -11 -1 -8 -21 24 25 -24 -25 -9 -5 -12
right_child=1 4 10 12 8 -7 21 18 16 19 11 -13 -14 15 -16 -17 -18 -19 -20 22 -22 -23 23 26 -26 -27 -28 -29 -30 -31
leaf_value=-0.049563661363789868 -0.0086815449371919449 0.033267725181863154 -0.0072770905511197054 -0.026298173128167186 0.015706340171067767 0.027550580844423078 -0.015342129420920655 0.013176791472711811 -0.057513753803348493 -0.081209477752328216 -0.011039231299140931 -0.037655030234485264 0.056295018102201416 0.0045926074582689482 -0.048784508807678532 -0.057560526644342663 0.031937268894841143 0.018006256810767507 0.024845270545041823 -0.0054913072294361905 -0.027454384876468247 0.01753576573249219 -0.02370636965310894 -0.070461064552942154 -0.012783929474194534 0.025273485728919156 -0.0040364428766367358 0.0032528391440679559 0.016982410606591183 0.020216641180463304
leaf_weight=172.74182863978604 162.39962214844127 20.586163940140978 15.954150150944768 43.48237993616749 147.52534519907204 59.957456800184445 15.645620631152267 336.0635896610911 4.1396102427970609 2.4255950921215108 218.81874776421137 28.080256639899744 3.5589431595426495 14.149893724825235 32.406938340751367 7.074354736134409 145.50593384797685 10.00937415473163 72.192419470055029 227.71483692084439 37.578705761527999 84.67405774652525 8.9832022693008167 5.5306389904581001 19.316219272790477 71.540537828928791 8.0032103264238668 249.68089329719078 9.0142046321561775 15.086565318248175
leaf_count=709869 24987 133 2165 159089 1226 1482 4154 2223 46 103 49178 8866 4343 156 20268 59 600 51 394 4130 62559 6375 185 184 229 650 137 2100 6675 1434
internal_value=0 0.00523503 -0.00533667 -0.0389806 0.0101905 0.00460762 -0.000628398 0.00704246 0.0199878 0.000449339 -0.0156761 -0.0120921 -0.0140945 0.0117029 -0.0350914 -0.0161239 0.0287446 -0.00408886 0.0106911 -0.0015174 -0.0456133 0.0124082 -0.000950688 0.00816929 0.0135034 0.0198093 -0.031181 0.00894658 -0.0188665 -0.00902327
internal_weight=0 1983.47 633.023 266.376 1350.44 322.677 262.719 1022.04 328.405 364.1 310.347 261.986 56.0555 168.75 48.3611 21.2242 159.655 14.149 657.937 343.514 210.321 100.32 341.089 113.374 99.84 80.5237 13.5338 585.744 52.4966 233.905
internal_count=1074050 131515 118909 942535 12606 36998 35516 10468 2138 5751 81911 59478 170107 1441 22433 215 697 97 4717 5618 772428 10529 5515 1385 1064 835 321 4323 165764 50612
is_linear=0
shrinkage=0.05


Tree=74
num_leaves=31
num_cat=0
split_feature=0 0 42 0 83 83 138 107 86 144 70 70 83 2 43 79 70 70 90 113 91 150 83 47 95 72 3 129 96 2
split_gain=174.804 51.3033 22.4927 17.0698 15.7321 14.8181 10.2787 10.0589 9.21371 8.94063 8.82692 8.72766 8.32385 7.86948 7.46536 7.12064 7.07596 8.16347 6.97734 6.94814 6.93725 6.85658 6.64721 6.4724 6.19328 6.60764 6.46141 6.00215 5.87702 5.8318
threshold=0.37969951586789719 0.0067794565405618597 2.5000000000000004 0.94875966535953815 0.58948950000000011 0.54336150000000016 0.027653 1.0000000180025095e-35 0.082319000000000017 1.0000000180025095e-35 120.50000000000001 119.50000000000001 0.61752600000000013 567261.00000000012 11.500000000000002 8.5000000000000018 103.50000000000001 99.500000000000014 3.5000000000000004 1.5000000000000002 20.500000000000004 0.047882500000000008 0.55341550000000017 1388.5000000000002 1.7729355000000002 1.5000000000000002 0.0027325000000000001 7.5000000000000009 0.010933500000000001 114529.50000000001
decision_type=2 2 2 2 2 2 2 2 2 2 2 2 2 2 2 2 2 2 2 2 2 2 2 2 2 2 2 2 2 2
left_child=1 21 3 6 7 -3 12 24 15 -9 11 20 18 -6 23 16 17 -7 -2 -18 -11 -1 -22 -15 25 -4 -27 -21 -17 -12
right_child=2 5 4 -5 13 8 -8 9 -10 10 29 -13 -14 14 -16 28 19 -19 -20 27 22 -23 -24 -25 -26 26 -28 -29 -30 -31
leaf_value=-0.049628775622810213 -0.01071664592467874 -0.049750598419866107 -0.041135754740110449 0.0098878434137849684 0.027680945172789601 -0.0094942006745414708 0.013558395616459794 0.059843104547473915 0.053345103698493074 -0.030042194039188549 0.017531036317246961 -0.059342280427563225 0.0059585875328452302 0.018037290097693122 -0.044376415497531074 0.0016966553482720766 -0.015344880351625532 -0.047843311089544371 0.018148600389289223 0.024715293674467016 -0.054894799985289559 -0.011236008843941318 0.012835109153530991 -0.049030840873466652 0.03652755593205028 -0.058584832095349718 0.019169264198445168 -0.019301015686189419 -0.029301246941676257 -0.031191151866738057
leaf_weight=166.0368002730761 336.50733206528821 26.735765602745232 5.9074084113817653 598.79345488292165 246.42207071720622 126.21878305367954 87.874649885052349 5.3675166722387067 5.4669148244684029 25.003299733423773 41.176839554136677 10.58634661301039 127.35045644157799 54.009332375600934 6.1488350697327396 18.951923194163101 26.850044885868556 15.591511357164562 22.324178502749419 40.124627217844136 4.1212654721748541 12.505021666353967 29.938354390440509 3.853963993722572 31.72404433862539 2.8319566890131673 47.276722763708676 9.5975127495166799 79.155370321541341 7.2183526317530768
leaf_count=766009 21266 69648 355 3212 1492 40660 1711 13 45 1963 1041 990 2662 363 69 11594 10689 8204 428 5508 1021 49603 364 41 152 22 777 3439 70417 292
internal_value=0 -0.025143 0.0078234 0.00398173 0.0164619 -0.0139823 -0.0021789 0.00593285 -0.0110121 -0.00326883 -0.00613855 -0.0175357 -0.00502332 0.0236235 0.00800404 -0.0121238 -0.00709698 -0.0137105 -0.00892084 0.00515121 -0.0100423 -0.0469398 0.00463969 0.0135702 0.0188756 0.0088786 0.0147749 0.0162191 -0.0233132 0.0102639
internal_weight=0 527.234 1694.44 1172.85 521.586 348.692 574.057 211.152 321.957 123.412 118.044 69.6493 486.182 310.434 64.0121 316.49 218.382 141.81 358.832 76.5722 59.0629 178.542 34.0596 57.8633 87.7401 56.0161 50.1087 49.7221 98.1073 48.3952
internal_count=1074050 1035816 38234 29279 8955 220204 26067 6990 150556 5684 5671 4338 24356 1965 473 150511 68500 48864 21694 19636 3348 815612 1385 404 1306 1154 799 8947 82011 1333
is_linear=0
shrinkage=0.05


Tree=75
num_leaves=31
num_cat=0
split_feature=0 0 44 95 83 34 83 131 90 68 42 112 42 95 83 3 99 39 155 105 107 91 116 83 47 150 82 120 101 72
split_gain=166.333 49.3396 22.6708 19.9529 14.111 12.5617 11.7791 10.6618 9.75792 8.33479 7.93411 7.91699 7.90175 7.87121 7.23296 7.39417 7.32708 6.85146 6.81726 6.72395 7.19811 9.09559 6.70756 8.78441 7.81978 6.45469 6.03152 5.99541 6.47578 5.9019
threshold=0.37969951586789719 0.0067794565405618597 1.0000000180025095e-35 0.65046950000000014 0.54336150000000016 72519.500000000015 0.56806750000000006 4.5000000000000009 2.5000000000000004 1.0000000180025095e-35 51.500000000000007 1.5000000000000002 6.5000000000000009 0.69437950000000015 0.61064700000000005 0.023330500000000001 0.080819500000000002 1128.5000000000002 0.53571428571450019 3.5000000000000004 11.500000000000002 21.500000000000004 0.017925500000000004 0.57480350000000013 1024.5000000000002 0.047882500000000008 699.50000000000011 2.5000000000000004 0.12960100000000002 3.5000000000000004
decision_type=2 2 2 2 2 2 2 2 2 2 2 2 2 2 2 2 2 2 2 2 2 2 2 2 2 2 2 2 2 2
left_child=1 25 3 7 -3 6 8 -2 18 -9 13 -4 26 -6 16 -16 22 19 29 20 21 -7 -11 -24 -25 -1 -8 28 -17 -5
right_child=2 4 11 5 10 17 12 9 -10 14 -12 -13 -14 -15 15 27 -18 -19 -20 -21 -22 -23 23 24 -26 -27 -28 -29 -30 -31
leaf_value=-0.049526052745319231 0.011683501081714497 -0.049535410716591143 0.015058005164539779 -0.053989682863762101 -0.023136968007739588 -0.0041801369883286855 0.015260563611265763 0.027982720124565982 0.016187314482783328 -0.0030668603097461864 0.016375407606342748 0.052199628848552608 0.030742023904075811 -0.0064742115262961435 0.05201866902385606 -0.031965857313827319 -0.048169694679657454 -0.049957899216228591 0.0061214714368884463 -0.0033309270109235737 -0.0020234609022078561 0.015421090206780747 -0.042955931384776457 -0.018613702875908633 0.023025002635884702 -0.011960595385487091 -0.069749268568555498 0.013100978801386807 0.073236136273562485 0.06601871843283999
leaf_weight=158.7274252820057 96.252696345880395 25.752505113063307 23.507418167402648 16.317355045448501 120.43521921222964 72.538030060532037 368.13449819671223 15.91591234563384 23.613086254874361 128.17115705235847 24.346485077718626 36.820894713047892 98.051173827087041 172.2266011052161 7.8253332873573518 16.872486182022843 13.857453858392544 5.5612157622090299 9.545973981585119 155.98894172589644 123.45426521808986 321.48254410961817 30.041870109336742 61.466270719276508 13.808734733902382 12.322802645228874 2.0984428711235514 31.174203742062673 1.6016571349464346 1.0931235253810871
leaf_count=766009 1790 69648 498 2083 95083 1181 3551 306 353 9468 6830 127 526 48643 96 342 1815 1763 162 2510 3205 2868 2418 2051 264 49603 17 834 4 2
internal_value=0 -0.0248867 0.00763317 0.00650892 -0.0139413 0.00978806 0.0156455 -0.00291104 -0.00727976 -0.00729086 -0.0110497 0.0377271 0.0181212 -0.0133312 -0.00913265 0.00684542 -0.0128453 0.00531228 -0.0278363 0.00576868 0.00851169 0.0118126 -0.0107489 -0.0200979 -0.0109753 -0.0468198 0.0147787 -0.000274566 -0.0228451 -0.0464549
internal_weight=0 513.811 1675.19 1614.87 342.761 1197.88 518.854 416.988 50.5695 320.735 317.008 60.3283 468.284 292.662 304.819 57.4737 247.345 679.025 26.9565 673.464 517.475 394.021 233.488 105.317 75.275 171.05 370.233 49.6483 18.4741 17.4105
internal_count=1074050 1035816 38234 37609 220204 18221 6694 19388 2600 17598 150556 625 4094 143726 17292 1276 16016 11527 2247 9764 7254 4049 14201 4733 2315 815612 3568 1180 346 2085
is_linear=0
shrinkage=0.05


Tree=76
num_leaves=31
num_cat=0
split_feature=0 0 42 107 83 0 95 2 86 152 41 47 126 125 0 151 91 82 122 66 90 135 44 90 79 70 70 70 100 126
split_gain=155.971 47.7936 21.7058 20.2913 13.4918 11.2046 10.056 8.81649 8.16952 7.26877 9.88407 7.15186 6.80698 8.518 8.11794 8.24172 7.00376 11.9024 10.9672 6.79922 6.77722 6.75656 6.81801 6.59604 8.92508 6.84012 6.53281 6.24515 7.27898 6.40364
threshold=0.37969951586789719 0.0067794565405618597 24.500000000000004 7.5000000000000009 0.54336150000000016 0.86620967868038068 3.3147230000000003 8.9884656743000007e+307 0.082319000000000017 0.041886500000000007 1.0000000180025095e-35 1329.5000000000002 0.023359500000000002 0.098955500000000016 0.94875966535953815 0.024189500000000003 27.500000000000004 604.50000000000011 1.5000000000000002 0.13751950000000004 1.5000000000000002 1.5000000000000002 1.0000000180025095e-35 2.5000000000000004 6.5000000000000009 104.50000000000001 16.500000000000004 119.50000000000001 1.5000000000000002 0.075217500000000007
decision_type=2 2 2 2 2 2 2 2 2 2 2 2 2 2 2 2 2 2 2 2 2 2 2 2 2 2 2 2 2 2
left_child=1 -1 3 6 -3 26 21 19 23 10 -7 12 13 14 15 -11 17 -14 -18 -4 -16 22 27 24 25 -6 -5 28 -2 -30
right_child=2 4 7 5 8 9 -8 -9 -10 11 -12 -13 16 -15 20 -17 18 -19 -20 -21 -22 -23 -24 -25 -26 -27 -28 -29 29 -31
leaf_value=-0.046646388346678239 0.0045483619736681365 -0.049410052081537287 0.020111600025049969 -0.032880068932431554 -0.015998860888171238 -0.0098238033849733786 0.020040035172235796 -0.01152093934348351 0.051124920869994511 0.050829579086728943 0.050858154513301723 0.025691185797584299 -0.041422480834208408 -0.075021928629787585 -0.039675768854865956 -0.048555106803308275 0.045524898708407417 0.028054190112642222 -0.025730455369386587 0.048818154622502434 0.021198676457284901 0.024039214183979533 0.063606368721181292 0.0039725481438687557 -0.028019207659477425 0.0053260073953438625 -0.0086196386029363664 0.012379496849294302 -0.0076438916172476296 -0.058092673192531419
leaf_weight=163.58069380972483 402.92121994315676 24.52914686310487 234.66980461239291 33.57390081651829 105.3681411522175 115.97037956374697 172.78586181932769 20.390623823943315 5.2203013563157574 2.4691479783505192 7.1226750747300676 49.29302309686318 11.840557305142285 4.6281777741387478 5.5352427456527975 13.443923162529243 25.099538290640343 12.859476139768956 6.8803888307884327 22.614857751410455 26.278140945360065 51.852819283609279 4.9806424255220909 53.652616312012469 89.544558448013959 58.470755447779993 159.93277007899451 197.56347609467048 72.320164513272175 6.8894416803377672
leaf_count=815612 7357 69648 3012 6935 38971 1594 1294 472 45 17 41 284 166 34 38 167 107 89 40 75 129 418 55 17282 79195 15063 10575 3053 2094 188
internal_value=0 -0.0244735 0.00736844 0.00480917 -0.0137039 -0.00356733 0.00918415 0.0201267 -0.010899 0.00280098 -0.00631249 0.00988632 0.00274117 -0.0102576 -0.00397722 -0.0331341 0.014748 -0.00525113 0.0301945 0.0226349 0.0106071 0.00663741 0.00531951 -0.0119536 -0.0153259 -0.00838845 -0.0128289 0.0048924 0.0018244 -0.0120318
internal_weight=0 500.366 1661.92 1384.24 336.786 474.927 909.314 277.675 312.256 281.421 123.093 158.328 109.035 52.3546 47.7265 15.9131 56.68 24.7 31.9799 257.285 31.8134 736.528 684.675 307.036 253.383 163.839 193.507 679.694 482.131 79.2096
internal_count=1074050 1035816 38234 34675 220204 20216 14459 3559 150556 2706 1635 1071 787 385 351 184 402 255 147 3087 167 13165 12747 150511 133229 54034 17510 12692 9639 2282
is_linear=0
shrinkage=0.05


Tree=77
num_leaves=31
num_cat=0
split_feature=0 0 42 0 83 83 1 138 87 113 107 42 150 115 152 82 70 43 45 0 91 95 2 151 43 83 70 77 125 98
split_gain=149.216 45.998 21.2983 16.1942 12.8698 12.5658 10.7836 9.64785 8.98417 8.2286 7.66704 6.52367 6.38131 6.25984 6.67753 6.13821 6.06802 5.83959 6.03909 5.83556 5.79006 5.51163 5.50363 5.48072 5.20635 5.37426 5.20531 5.15034 8.18586 5.1172
threshold=0.37969951586789719 0.0067794565405618597 2.5000000000000004 0.94875966535953815 0.54296050000000007 0.58068350000000002 1.0000000180025095e-35 0.027653 2.5000000000000004 1.5000000000000002 7.5000000000000009 51.500000000000007 0.047882500000000008 0.18086400000000005 0.067332000000000017 618.50000000000011 103.50000000000001 19.500000000000004 2.5000000000000004 0.68981449621504665 84.500000000000014 5.9725990000000007 1807278.0000000002 0.049992500000000002 14.500000000000002 0.60772350000000019 87.500000000000014 9.5000000000000018 0.15900700000000004 2.0833333333350006
decision_type=2 2 2 2 2 2 2 2 2 2 2 2 2 2 2 2 2 2 2 2 2 2 2 2 2 2 2 2 2 2
left_child=1 12 3 7 -3 6 9 15 22 21 11 16 -1 24 -15 19 26 18 23 -2 -17 -4 -7 -11 27 -26 -6 -10 -29 -5
right_child=2 4 5 29 10 8 -8 -9 13 17 -12 -13 -14 14 -16 20 -18 -19 -20 -21 -22 -23 -24 -25 25 -27 -28 28 -30 -31
leaf_value=-0.049334316095739961 -0.019431188385866369 -0.049599967528693251 -0.024589537089824545 0.022872310507911258 -0.0078137844652288856 0.031244630632785111 0.055442828700404838 0.012757670196805926 0.020351343156096661 0.0086049443553772708 -0.018714585266293229 0.032201664067880803 -0.01116649089287618 0.038889331002290813 -0.03716244343285717 -0.00031119566784282266 0.0085114006765230066 0.040787955857095708 -0.069072552425746864 -0.0048990095578007927 0.030665479784605931 0.037253241825110764 -0.0042780745834715382 -0.060972969289372528 0.0064435772986009485 -0.057792321523820828 -0.038357451676971049 -0.057186372739314317 0.074762450583054349 0.0076445033380404875
leaf_weight=145.83662269140177 95.217078802299511 23.183290500313888 38.659274268466106 61.686544382595457 74.962988276440228 161.91302111931145 9.0997151993215066 85.913225462078117 155.15518593287561 67.760668832823285 157.11496517863907 12.139059433704459 11.840115446279922 3.8804165022447696 11.265909921377895 108.24562105478253 47.454906673356163 11.761686455312882 2.8077085143304421 251.67553120105731 17.528016068579745 3.973080657880927 11.691094890236853 2.9536899845115832 12.01462063053623 4.4666762589476994 17.138074301630695 4.8712916782824314 1.5492475358769295 522.19080203119665
leaf_count=766009 13783 68817 5168 283 30827 775 26 1711 1264 707 90404 2079 49603 24 88 2480 17093 105 41 7884 209 259 91 33 158 68 10984 140 8 2929
internal_value=0 -0.0242316 0.00720747 0.00343079 -0.0136706 0.0157714 0.00285143 -0.00265543 0.0205974 -0.000889821 -0.0109733 -0.00295535 -0.0464683 0.0131798 -0.0176783 -0.00545696 -0.00601343 0.00807635 0.00284331 -0.00888789 0.00400576 -0.0188262 0.0288524 0.00569872 0.0158048 -0.0109653 -0.0134973 0.0185354 -0.0253477 0.00925332
internal_weight=0 489.67 1646.28 1142.46 331.993 503.823 137.016 558.579 366.807 127.916 308.81 151.695 157.677 193.203 15.1463 472.666 139.556 85.2838 73.5221 346.893 125.774 42.6324 173.604 70.7144 178.057 16.4813 92.1011 161.576 6.42054 583.877
internal_count=1074050 1035816 38234 29279 220204 8955 6339 26067 2616 6313 151387 60983 815612 1750 112 24356 58904 886 781 21667 2689 5427 866 740 1638 226 41811 1412 148 3212
is_linear=0
shrinkage=0.05


Tree=78
num_leaves=31
num_cat=0
split_feature=0 0 107 83 44 42 95 83 0 84 155 70 84 70 150 125 42 150 34 149 132 98 125 129 77 39 83 116 3 3
split_gain=139.996 44.6255 19.8292 14.8628 14.2361 13.3325 13.3132 12.3932 10.1786 8.96145 7.8923 7.59373 8.59638 7.54837 7.32621 6.83186 6.5449 6.27763 6.22527 5.83646 7.3674 6.6616 5.83427 5.82563 5.84304 5.77549 6.96652 6.878 8.35541 6.71474
threshold=0.37969951586789719 0.0067794565405618597 7.5000000000000009 0.55278050000000012 1.0000000180025095e-35 23.500000000000004 3.3147230000000003 0.54296050000000007 0.7740980979447657 140.50000000000003 0.69047619047650011 33.500000000000007 4.5000000000000009 115.50000000000001 0.10030700000000002 0.24139200000000002 1145.5000000000002 0.047882500000000008 279065.50000000006 1.5000000000000002 3.5000000000000004 4.083333333335001 0.066432000000000019 10.500000000000002 7.5000000000000009 1.5000000000000002 0.5720225000000001 0.010057500000000002 0.012071500000000002 0.013525500000000001
decision_type=2 2 2 2 2 2 2 2 2 2 2 2 2 2 2 2 2 2 2 2 2 2 2 2 2 2 2 2 2 2
left_child=1 17 4 -4 6 8 9 -3 -5 14 -9 12 -8 16 25 -13 23 -1 -7 20 -10 -22 -12 24 -11 27 -27 -2 -29 -30
right_child=2 7 3 5 -6 18 11 10 19 13 22 15 -14 -15 -16 -17 -18 -19 -20 -21 21 -23 -24 -25 -26 26 -28 28 29 -31
leaf_value=-0.04922317263988811 0.024605253400412416 -0.049486698436015844 -0.02736135137868714 -0.015042548243155918 0.03921213256618309 0.03252759239456994 0.035733827953243917 -0.014915524404717388 0.040679891108513035 0.018626299285357691 0.019636278382557829 0.025550232499193387 -0.041369704474573776 0.037381909954686175 -0.055094874065002311 -0.041574990156227815 -0.062746165024098813 -0.011166289967499177 0.0049990206266752558 0.0096333870086474441 0.0052482361577030692 -0.015969887864581964 -0.010679898925501806 -0.046924352603337827 -0.056438666544817176 -0.019840398557070718 0.0031124382076081359 -0.021418181422510396 0.034267758320569476 0.0064982020645029965
leaf_weight=139.42019591511553 64.08836241379322 22.192768258602882 47.908517381732963 108.25363014884351 42.627926215296611 45.514406053393031 5.7915820193738901 241.18994447990463 8.71831221366301 82.545097057358362 32.633797934670838 180.67382627165352 9.6189472451806051 39.108862283232156 5.0773474281886584 3.8718262119218698 2.9013512991368762 11.749180548580624 37.421983024803922 155.1646940256469 66.244895917596295 83.769155390444212 30.893971170129589 3.8101116824545889 2.6764686052920288 36.803486137869186 324.87915543696727 24.547312437440269 24.050032248545904 229.4799061792437
leaf_count=766009 467 68817 10164 7689 253 417 81 136632 83 573 7178 1187 107 217 62 26 14 49603 518 1219 773 1593 7577 38 49 2769 6432 320 213 2970
internal_value=0 -0.023801 0.00695716 -0.000745754 0.010892 0.00177879 0.00973112 -0.013413 -0.00182187 0.00697088 -0.0107858 0.0213262 -0.0123927 0.0189831 0.00475048 0.0241419 0.0111561 -0.0462653 0.0201063 0.00273754 -0.00400331 -0.00660015 0.00489332 0.0135645 0.0162688 0.00518218 0.000776843 0.0098388 0.00643558 0.00913244
internal_weight=0 478.08 1635.55 552.996 1082.55 505.087 1039.92 326.91 422.151 839.967 304.718 199.956 15.4105 131.042 708.926 184.546 91.933 151.169 82.9364 313.897 158.732 150.014 63.5278 89.0317 85.2216 703.848 361.683 342.166 278.077 253.53
internal_count=1074050 1035816 38234 22456 15778 12292 15525 220204 11357 14124 151387 1401 188 891 13233 1213 674 815612 935 3668 2449 2366 14755 660 622 13171 9201 3970 3503 3183
is_linear=0
shrinkage=0.05


Tree=79
num_leaves=31
num_cat=0
split_feature=0 0 107 118 42 72 84 70 82 34 77 91 70 104 95 98 42 47 104 3 115 120 91 141 74 2 66 103 83 102
split_gain=133.295 34.3573 23.712 16.627 13.9116 13.4979 9.15153 9.12539 8.46192 8.31038 7.89171 7.65612 7.15639 8.77597 9.47545 7.45008 7.14208 6.99975 6.90686 6.78464 8.41957 7.48095 7.15745 8.40574 7.76229 6.7118 6.40114 6.25236 6.17035 6.06336
threshold=0.043984350660107828 0.86620967868038068 7.5000000000000009 0.049371500000000006 2.5000000000000004 3.5000000000000004 138.00000000000003 16.500000000000004 657.50000000000011 68784.500000000015 8.5000000000000018 47.500000000000007 42.500000000000007 0.31096600000000002 1.9972560000000004 9.3666666666650027 1.5000000000000002 5190.5000000000009 0.17426350000000004 0.043306000000000004 0.086023500000000017 9.5000000000000018 40.500000000000007 10.500000000000002 6.708333333335001 342787.50000000006 0.083035500000000012 107.50000000000001 0.5489710000000001 0.14815300000000003
decision_type=2 2 2 2 2 2 2 2 2 2 2 2 2 2 2 2 2 2 2 2 2 2 2 2 2 2 2 2 2 2
left_child=3 2 5 -1 9 6 8 -4 26 28 -9 -6 18 14 15 19 -5 -16 27 20 29 -22 23 -23 -25 -13 -2 -11 -3 -14
right_child=1 4 7 16 11 -7 -8 10 -10 12 -12 25 13 -15 17 -17 -18 -19 -20 -21 21 22 -24 24 -26 -27 -28 -29 -30 -31
leaf_value=-0.044501909302688596 -0.0049409249741495485 -0.029103726982528545 -0.032136462703938218 -0.017363841357954487 0.012878730817406007 0.047978406272730686 0.018157390338621848 -0.0069699869609642987 0.024877401606112719 0.0087069706556421687 -0.032517704051390699 0.033271718556934601 -0.026377570512061195 -0.037837065105044088 0.016279981458922604 0.016817937517708402 0.049318512778758664 -0.060340395053794009 0.030838243809611476 -0.03604381972772959 -0.008491835280495472 -0.075629526278171849 0.061343135234650695 0.061443371452608114 -0.035243129938549181 -0.0072180816011085912 0.041519052362089193 -0.022756525980453815 0.013086993135589309 0.073075614392156041
leaf_weight=168.59842096469356 281.97515645143812 8.8812893260619585 53.691385142343279 44.148090720109849 185.94720940780826 17.066265061948798 75.907851247884537 273.3423723764754 28.406180657031655 131.24956096918322 33.98622293238077 103.86300032644067 45.290218987036496 17.502401341334917 73.963314619846642 24.76635217492003 4.4173087047738582 3.105982609326019 31.060127113712952 25.819569747895002 34.925405974499881 2.6372812986373928 9.5166038796305639 5.6560241458937508 3.2794943265616894 11.353849025443195 7.6139597985893479 17.948825306259096 357.39959123043809 1.5862306817434717
leaf_count=772428 36380 182 22592 163131 1322 151 2071 52050 711 1014 9210 447 601 150 423 315 6976 38 181 307 317 38 34 35 31 66 49 256 2533 11
internal_value=0 0.00431092 -0.00376834 -0.0370765 0.010003 0.00444481 0.00255867 -0.0131178 -0.00116487 0.00653456 -0.00979521 0.0191541 0.00180589 -0.00370369 -0.00111238 -0.00829544 -0.0112987 0.0131921 0.00938748 -0.0131277 -0.00737715 0.00570718 0.0292217 0.00280738 0.0259577 0.0292817 -0.00371939 0.00492186 0.012064 -0.0230122
internal_weight=0 1867.74 771.989 217.164 1095.75 410.969 393.903 361.02 317.995 794.588 307.329 301.164 428.307 248.049 230.546 153.477 48.5654 77.0693 180.259 128.711 102.891 56.0148 21.0894 11.5728 8.93552 115.217 289.589 149.198 366.281 46.8764
internal_count=1074050 131515 123214 942535 8301 39362 39211 83852 37140 6466 61260 1835 3751 2300 2150 1689 170107 461 1451 1374 1067 455 138 104 66 513 36429 1270 2715 612
is_linear=0
shrinkage=0.05


Tree=80
num_leaves=31
num_cat=0
split_feature=0 0 107 95 42 42 42 47 115 34 126 34 72 95 107 150 152 72 112 113 127 82 62 43 107 115 131 126 2 95
split_gain=127.203 44.9849 17.0181 16.0514 12.7823 9.69609 9.33692 9.50873 7.97512 6.52903 7.45499 6.47578 6.34686 6.5248 6.26138 6.12581 6.09451 7.68031 6.49893 5.96509 5.95336 6.19773 5.87851 8.41072 8.10171 6.62099 6.20326 6.18466 5.78635 5.71226
threshold=0.0067794565405618597 0.60678019017954943 6.5000000000000009 0.65046950000000014 5.5000000000000009 13.500000000000002 6861.0000000000009 74.500000000000014 0.023358 72519.500000000015 0.0055640000000000004 877486.50000000012 1.5000000000000002 1.2971235000000003 14.500000000000002 0.047882500000000008 0.10522350000000001 1.0000000180025095e-35 2.5000000000000004 5.5000000000000009 0.03207200000000001 603.50000000000011 6.5000000000000009 31.500000000000004 1.5000000000000002 0.13595250000000003 8.5000000000000018 0.019945500000000001 14585.500000000002 0.89919100000000018
decision_type=2 2 2 2 2 2 2 2 2 2 2 2 2 2 2 2 2 2 2 2 2 2 2 2 2 2 2 2 2 2
left_child=15 2 5 6 9 -2 7 -3 -4 10 14 12 13 -6 19 -1 -9 18 -18 -5 -10 -22 24 -24 -11 26 27 28 -26 -28
right_child=1 3 8 4 11 -7 -8 16 20 22 -12 -13 -14 -15 -16 -17 17 -19 -20 -21 21 -23 23 -25 25 -27 29 -29 -30 -31
leaf_value=-0.049032568723508752 -0.0048459554740606231 0.024627969565680689 -0.029472535287337405 0.011594025986026065 -0.057102949234299309 0.023376133679903561 0.039664011352335299 -0.0083609177901768222 -0.0020142491986587887 0.0063419629462445979 0.015268981968271709 0.0085695628053477583 0.028698911404850098 0.01406147983253161 -0.032097570649385697 -0.01107366942916512 -0.071665546466007299 0.018971788696009486 0.035374487649338426 -0.080906865987080356 -0.035860571050737727 -0.0027726095112954922 0.017921506231014277 -0.027836393235504332 -0.07643049604615812 -0.039792954764005489 0.0097853439862476219 0.013904737600898543 -0.0072772397547442302 -0.036440001493502183
leaf_weight=129.00910023324059 178.15372077308439 28.577342276228592 107.92169821166453 31.489345417256118 4.2089818127860807 36.704124260398657 13.30591552244732 272.95716321553482 76.287168219672822 214.00469714455539 326.59179177472834 80.884311929781688 162.85376735206955 13.720799524482571 15.373680053187853 11.582871615391012 4.6246276341844341 41.390777081833221 2.0451411064714193 1.8449882436543692 36.676817826648403 23.044760192087779 103.19065668055555 11.125181216280906 3.368532129272352 15.845134339760987 9.2871691031323262 46.98599272640422 29.657653877977282 23.836484610001207
leaf_count=766009 65951 319 121876 385 114 5942 84 9087 21870 2082 2680 535 962 125 676 49603 72 423 10 8 18253 3074 1005 198 67 151 307 556 484 1142
internal_value=0 0.0033685 -0.0102855 0.00766744 0.0106895 -2.47814e-05 -0.0014451 -0.00300975 -0.0193233 0.00766001 0.0125475 0.020329 0.0255904 -0.00264423 -0.00570012 -0.0459053 -0.00547009 0.0109482 -0.038844 0.00647429 -0.0112699 -0.0230929 0.00364891 0.0134684 0.000376124 -0.00952237 -0.00528285 0.0022502 -0.0143306 -0.0234794
internal_weight=0 1915.96 458.788 1457.17 1094.27 214.858 362.901 349.595 243.93 832.601 375.3 261.668 180.784 17.9298 48.708 140.592 321.018 48.0605 6.66977 33.3343 136.009 59.7216 457.302 114.316 342.986 128.981 113.136 80.0122 33.0262 33.1237
internal_count=1074050 258438 236966 21472 11477 71893 9995 9911 165073 9741 3749 1736 1201 239 1069 815612 9592 505 82 393 43197 21327 5992 1203 4789 2707 2556 1107 551 1449
is_linear=0
shrinkage=0.05


Tree=81
num_leaves=31
num_cat=0
split_feature=0 0 83 42 107 79 0 2 83 77 127 118 135 99 150 128 83 95 2 66 102 47 155 42 53 43 100 95 82 2
split_gain=121.059 40.2855 18.9838 17.2462 15.8448 12.7441 9.99293 9.00095 11.4377 9.83961 10.0445 8.39475 7.65469 7.5491 6.84013 6.67254 6.64495 6.60081 6.57457 6.18214 6.17184 6.91457 6.17528 6.12876 5.96614 7.32799 7.25078 5.76304 5.41103 5.3707
threshold=0.37969951586789719 0.0044021329524748061 0.58536300000000019 1.0000000180025095e-35 1.0000000180025095e-35 9.5000000000000018 0.94875966535953815 126565.50000000001 0.55278050000000012 8.5000000000000018 0.027244000000000001 0.085120000000000015 1.5000000000000002 0.07875550000000002 0.0075560000000000011 0.19023550000000003 0.55108450000000009 8.0278315000000031 8.9884656743000007e+307 0.13751950000000004 0.10240300000000001 801.50000000000011 0.73214285714300009 297.50000000000006 1.0000000180025095e-35 36.500000000000007 4.5000000000000009 1.3482345000000002 575.50000000000011 5746.0000000000009
decision_type=2 2 2 2 2 2 2 2 2 2 2 2 2 2 2 2 2 2 2 2 2 2 2 2 2 2 2 2 2 2
left_child=1 -1 4 6 12 23 27 8 17 11 -11 13 -2 -10 -13 18 -7 -6 19 -5 21 -8 -23 28 25 29 -26 -4 -3 -22
right_child=2 5 3 15 7 16 20 -9 9 10 -12 14 -14 -15 -16 -17 -18 -19 -20 -21 24 22 -24 -25 26 -27 -28 -29 -30 -31
leaf_value=-0.046592642393030043 0.0071334364482450209 -0.023327918510946229 -0.0087836678093328978 0.019185912463714681 -0.036430540505928415 -0.050432399013002366 0.045936144692768459 -0.019755442721175007 0.012643568712674412 0.019536844522438892 -0.040794298555392933 -0.068724133677322108 0.040292604234718359 -0.059066100990117512 0.003818637357945374 -0.047574823479814593 -0.020738022995421757 0.031993327321713956 0.00019463039509778302 0.047093455771981603 0.016306354218326699 0.034743152968047926 -0.034786353412240165 0.030642559877334708 0.019470408166594025 -0.055559643561930355 -0.049454377138526739 0.0053488938380156781 -0.0038423248318664935 -0.001068539272939458
leaf_weight=128.55059819544749 149.03211908286539 46.215719772058947 146.72311707210611 359.61613692191895 30.836406383688882 24.429817801604258 23.917815558612347 106.85504790076811 146.41427800478414 9.8910684204020054 22.806050393570331 6.2501454290468228 19.705751018598676 3.7644802646536837 6.7684844704344869 3.8411862505599847 82.340490140717066 3.979579570965142 43.442414017103147 21.003286937251687 66.919909009709954 6.4605291839688999 6.314886037260294 10.632353267372308 117.37388041068334 5.1656642891466609 3.9439067724160841 141.90007173689082 155.51943926462354 132.6127517959103
leaf_count=777854 4405 44262 6135 2945 6203 84143 107 7779 3507 256 1158 137 127 300 98 30 80892 380 447 76 323 24 33 697 618 40 33 2367 47968 706
internal_value=0 -0.0229602 0.00648298 0.0102303 -0.00150481 -0.0134409 0.00510724 -0.00775848 -0.00220201 0.00249134 -0.0225438 0.00750721 0.0110059 0.010846 -0.0310086 0.0180284 -0.0275323 -0.0286095 0.0186226 0.0207259 0.0106318 0.0300731 0.000374727 -0.00635629 0.00844372 0.00323654 0.0172297 -0.00183547 -0.0083063 0.00475871
internal_weight=0 447.688 1585.54 1079.24 506.303 319.138 651.333 337.566 230.71 195.895 32.6971 163.197 168.738 150.179 13.0186 427.903 106.77 34.816 424.062 380.619 362.709 36.6932 12.7754 212.368 326.016 204.698 121.318 288.623 201.735 199.533
internal_count=1074050 1035816 38234 13884 24350 257962 10386 19818 12039 5456 1414 4042 4532 3807 235 3498 165035 6583 3468 3021 1884 164 57 92927 1720 1069 651 8502 92230 1029
is_linear=0
shrinkage=0.05


Tree=82
num_leaves=31
num_cat=0
split_feature=0 0 101 107 83 47 90 2 42 42 74 151 84 149 125 42 0 150 90 47 2 96 82 3 70 0 101 115 127 125
split_gain=114.799 41.792 15.4081 14.909 14.1102 14.8575 14.3609 9.56156 8.51718 8.41965 8.41288 8.39392 7.35076 6.69607 10.4189 7.47692 6.65325 6.06982 5.95716 6.63421 5.87997 5.47568 5.44234 7.08105 5.76221 5.38003 5.32154 5.13761 5.38353 5.08545
threshold=0.0067794565405618597 0.60678019017954943 0.053591500000000007 6.5000000000000009 0.57048050000000006 1234.5000000000002 2.5000000000000004 109478.50000000001 3.5000000000000004 120.50000000000001 26.100000000000005 0.063459000000000015 10.000000000000002 2.5000000000000004 0.13194800000000004 6.5000000000000009 0.11665055024126079 0.047882500000000008 1.5000000000000002 1149.5000000000002 1567682.0000000002 0.034297500000000009 607.50000000000011 0.055261500000000005 121.50000000000001 0.94875966535953815 0.062288000000000003 0.023358 0.029255500000000004 0.044811000000000011
decision_type=2 2 2 2 2 2 2 2 2 2 2 2 2 2 2 2 2 2 2 2 2 2 2 2 2 2 2 2 2 2
left_child=17 3 4 8 6 9 20 13 -2 18 25 -11 16 15 -15 -7 -5 -1 19 22 21 -3 23 24 -6 -4 -12 -14 -29 -17
right_child=1 2 10 12 5 7 -8 -9 -10 11 26 -13 27 14 -16 29 -18 -19 -20 -21 -22 -23 -24 -25 -26 -27 -28 28 -30 -31
leaf_value=-0.04884846457409997 -0.0060396260596198952 -0.010091266041837145 0.01724041652760799 -0.044363180209310737 -0.013204704185391106 0.0098343449100628273 0.010736606610415091 -0.0041055713170680391 0.017864981341782594 0.031494343352108538 -0.057030920475890673 -0.027844185262925793 -0.030334961685082353 0.038798920910194323 -0.017471991533166375 0.011874844108357978 -0.01894341153321082 -0.010027133436289463 0.0044182518776997503 -0.058585541392761592 -0.052255991320819865 -0.045133134699066851 0.006580585692222779 -0.058772063808128751 0.033102186862844288 0.036317412186293009 0.0048076282617394916 0.0056069963384727736 -0.017728991996937671 0.041890439732535173
leaf_weight=118.42570907882737 161.74591217114266 95.299303535670333 86.249850433785468 40.456299182563725 65.767475092376117 180.19170463323826 70.236825871746987 52.062897478463128 48.416636260123141 42.711906497599557 4.5001740083098438 6.9262487869709721 25.945308814428245 67.102622976992279 9.3754116119816882 23.016134678269736 70.771231599533166 11.004351091071838 508.98359117712243 5.9807632346637538 11.19757110026694 12.625056359585868 60.090953049599193 7.7366165748098856 7.4822654325398608 64.667294803541154 15.332152071350718 52.658790865452829 46.573071803384664 36.474973950069398
leaf_count=766009 61111 4348 759 84930 1725 1714 1071 709 10782 239 49 40 22786 336 47 184 31330 49603 5783 98 1070 1540 705 378 87 254 156 11619 14408 180
internal_value=0 0.00313481 0.00729428 -0.010222 0.00538882 0.00760778 -0.00719552 0.0157494 -0.000532552 0.00335951 0.0213915 0.0232146 -0.0188359 0.0190189 0.0319007 0.0149086 -0.0281892 -0.0455478 0.00185721 -0.00700683 -0.0177687 -0.0141905 -0.00482022 -0.0132795 -0.00847458 0.0254148 -0.00922422 -0.010525 -0.00534542 0.0302779
internal_weight=0 1880.58 1434.01 446.567 1263.26 1073.9 189.359 368.224 210.163 705.68 170.749 49.6382 236.405 316.161 76.478 239.683 111.228 129.43 656.042 147.058 119.122 107.924 141.077 80.9864 73.2497 150.917 19.8323 125.177 99.2319 59.4911
internal_count=1074050 258438 21472 236966 20254 12225 8029 3170 71893 9055 1218 279 165073 2461 383 2078 116260 815612 8776 2993 6958 5888 2895 2190 1812 1013 205 48813 26027 364
is_linear=0
shrinkage=0.05


Tree=83
num_leaves=31
num_cat=0
split_feature=0 0 107 138 84 42 34 83 70 70 82 90 90 72 90 95 91 82 132 33 2 103 2 82 70 47 48 150 82 96
split_gain=109.659 41.2431 21.634 12.1917 11.0132 10.591 10.5438 9.90425 8.44155 13.8084 6.84783 6.82769 6.73351 6.72236 6.71714 7.32564 6.59962 6.49655 6.45615 6.35665 6.2882 6.17265 6.1832 6.08976 6.97895 6.32847 6.14952 5.96175 5.85262 5.593
threshold=0.0067794565405618597 0.7740980979447657 6.5000000000000009 0.053537000000000008 8.5000000000000018 6.5000000000000009 227.00000000000003 0.56806750000000006 100.50000000000001 99.500000000000014 689.50000000000011 2.5000000000000004 2.5000000000000004 1.5000000000000002 1.5000000000000002 4.1027810000000011 262.50000000000006 621.50000000000011 3.5000000000000004 1.0000000180025095e-35 1807278.0000000002 25.500000000000004 175.00000000000003 658.50000000000011 100.50000000000001 526.50000000000011 1.0000000180025095e-35 0.047882500000000008 628.50000000000011 0.0030910000000000004
decision_type=2 2 2 2 2 2 2 2 2 2 2 2 2 2 2 2 2 2 2 2 2 2 2 2 2 2 2 2 2 2
left_child=27 2 5 6 12 16 -3 11 9 14 20 21 28 -6 15 18 23 -15 -9 -11 -10 -8 -23 24 25 -2 -26 -1 29 -4
right_child=1 3 4 -5 13 -7 7 8 10 19 -12 -13 -14 17 -16 -17 -18 -19 -20 -21 -22 22 -24 -25 26 -27 -28 -29 -30 -31
leaf_value=-0.048765469180452187 -0.0037397836608421687 0.028147418820560106 -0.0034654840283148388 0.022984800798270814 -0.014854471972971848 0.017363178482491783 -0.03228452081069362 0.018070084748391248 0.014761809534390193 -0.048484197766438655 -0.04588015920674305 0.0069378364004532055 0.0087161887820648588 0.00012555143957633709 0.0077147563229619676 0.040330277417285176 0.043341345825688063 0.05501382637331536 -0.015348784612740071 0.072606572268177128 -0.035926663383963685 -0.072782610562415181 0.001960575738206924 0.021074982643032425 0.00021489917258223513 -0.024969060833400815 0.047713236952294909 -0.010115438723941996 0.011789661260917732 -0.03746449878630919
leaf_weight=113.84169143275267 73.197412589921441 54.375530058110598 13.696526787502078 127.9646802933421 123.37310840088412 81.69393634222115 35.5003224897373 17.397099309368059 363.48297320888378 16.254995317314755 4.8519588969647875 48.462053316121455 11.841317228872866 47.659266692746314 421.04974482092075 7.8804989373311392 7.2864990265825318 6.0784938869401222 85.37224946776405 1.1612162962555874 6.2232999117113641 2.9908628005214259 36.968921824693098 20.419751472039934 61.445821361949129 67.456704347198865 7.6643264487302067 10.935766043964575 7.5982779862715679 103.53343998126411
leaf_count=766009 20385 324 8812 742 42899 8945 924 182 2716 437 27 574 4660 8988 3593 42 626 60 1286 5 85 235 1434 1028 18293 24505 1332 49603 1308 103991
internal_value=0 0.00303947 -0.00733132 0.00837644 -0.0166542 0.00183429 0.00668006 0.0055658 0.00734653 0.00339879 0.0131341 -0.00770719 -0.0273177 -0.00842556 0.00483379 -0.00612898 -0.00350791 0.00633418 -0.00969154 -0.0404105 0.0139086 -0.0171125 -0.00363371 -0.00499093 -0.00752835 -0.0139212 0.00548247 -0.0453781 -0.0307359 -0.0334922
internal_weight=0 1862.88 632.945 1229.94 313.78 319.164 1101.97 1047.6 923.674 549.116 374.558 123.922 136.67 177.111 531.7 110.65 237.471 53.7378 102.769 17.4162 369.706 75.4601 39.9598 230.184 209.764 140.654 69.1101 124.777 124.828 117.23
internal_count=1074050 258438 245832 12606 170718 75114 11864 11540 8373 5545 2828 3167 118771 51947 5103 1510 66169 9048 1468 442 2801 2593 1669 65543 64515 44890 19625 815612 114111 112803
is_linear=0
shrinkage=0.05


Tree=84
num_leaves=31
num_cat=0
split_feature=0 0 107 0 66 141 42 83 34 95 2 138 70 100 72 95 2 102 116 42 126 95 99 82 82 95 110 70 117 2
split_gain=104.171 40.2039 16.1521 12.883 12.3653 8.75005 8.41574 8.40234 7.16273 7.30053 6.48775 7.69488 6.37507 7.03733 8.77204 6.65393 6.35706 8.15545 6.55557 6.23463 6.17184 6.03265 6.43554 5.72809 5.69394 5.64694 6.44732 6.25603 9.17917 6.3833
threshold=0.0067794565405618597 0.68981449621504665 6.5000000000000009 0.94875966535953815 0.096819500000000017 48.500000000000007 40.500000000000007 0.57048050000000006 221919.50000000003 4.4348825000000014 64565.000000000007 0.048838000000000006 104.50000000000001 1.5000000000000002 1.0000000180025095e-35 2.1392260000000003 123701.00000000001 0.075419000000000014 0.024189500000000003 4462.5000000000009 0.049992500000000002 0.37397550000000007 0.11761300000000001 611.50000000000011 575.50000000000011 0.24393600000000001 34.500000000000007 37.500000000000007 0.050102500000000001 8.9884656743000007e+307
decision_type=2 2 2 2 2 2 2 2 2 2 2 2 2 2 2 2 2 2 2 2 2 2 2 2 2 2 2 2 2 2
left_child=23 2 6 7 8 19 21 16 9 -5 -8 -12 13 14 20 -16 17 18 -3 24 -9 -2 -23 -1 -4 26 -10 -27 -29 -30
right_child=1 3 5 4 -6 -7 10 12 25 -11 11 -13 -14 -15 15 -17 -18 -19 -20 -21 -22 22 -24 -25 -26 27 -28 28 29 -31
leaf_value=-0.048448727630237734 -0.02762845191986571 0.024730660471854259 -0.025682195249146184 0.012454214578838949 0.053757579585350879 -0.032131380646146616 0.04141242487144902 -0.008203069763523925 -0.044924456826590582 0.031683289417637636 -0.028127089614912632 0.038171249825346427 0.011847501463895259 -0.018441991147259518 0.0025325757778302642 0.02259803171809549 -0.031771298755654286 -0.018532349220482969 -0.062385665564610206 0.042028844133212756 -0.056040286461213541 -0.0027898711630096511 0.04083839806754383 -0.0082618729345866806 -0.007127791149044097 0.015316275087292289 0.037894302029566167 0.011955096105682779 -0.0075047671857624209 -0.050557819211979799
leaf_weight=110.01973588496139 23.469943193497784 25.442398390674501 62.425071588280844 383.35307862714399 17.376979872584343 74.050820254702103 20.009263306700632 32.056424259557389 10.721905491314827 56.65514936670661 10.31938193367114 7.5997671103650637 194.83772782119922 42.927233057271224 193.16958871681709 52.557477222988382 27.6040405453532 36.854189768891956 2.3597820069408035 5.2177750078553791 8.5384575473144633 182.57957813514804 8.8628860330645676 9.6444074232867916 122.46612338000159 105.87536651431583 3.0095905801281324 69.240263279876672 57.897580964257941 10.113368704915045
leaf_count=758500 23190 555 45809 2320 58 96983 1820 804 89 221 1637 56 2162 1193 2975 406 1673 2684 119 296 263 46432 355 57112 24951 508 22 409 380 68
internal_value=0 0.00292814 -0.0089044 0.00752567 0.012096 -0.0175507 0.000128954 0.00222944 0.0110571 0.0149301 0.021843 -9.01669e-06 0.00467886 0.00043672 0.00326714 0.00682429 -0.0116845 -0.0031088 0.0173364 -0.0118712 -0.0182648 -0.00370321 -0.000770087 -0.0452098 -0.0133923 0.00442245 -0.0267727 0.00618432 -0.000860056 -0.0139068
internal_weight=0 1847.59 517.001 1330.59 714.243 264.16 252.841 616.347 696.866 440.008 37.9284 17.9191 524.087 329.249 286.322 245.727 92.2604 64.6564 27.8022 190.109 40.5949 214.912 191.442 119.664 184.891 256.858 13.7315 243.127 137.251 68.0109
internal_count=1074050 258438 241529 16909 4075 168039 73490 12834 4017 2541 3513 1693 7803 5641 4448 3381 5031 3358 674 71056 1067 69977 46787 815612 70760 1476 111 1365 857 448
is_linear=0
shrinkage=0.05


Tree=85
num_leaves=31
num_cat=0
split_feature=0 0 107 44 86 98 34 84 83 122 2 56 117 90 70 0 103 104 91 91 152 107 110 150 47 115 152 2 84 91
split_gain=99.44 38.4051 20.2893 11.3697 9.95306 9.85401 10.9094 9.52835 8.50244 6.85915 6.37983 6.28261 6.07191 6.06501 6.04492 5.76661 5.72244 11.5031 6.38079 6.69696 5.60134 5.57828 6.3167 5.55747 5.52252 5.54546 5.49115 7.1304 5.32425 5.27981
threshold=0.0067794565405618597 0.7740980979447657 6.5000000000000009 1.0000000180025095e-35 0.062555500000000014 2.0833333333350006 77695.000000000015 8.5000000000000018 0.56806750000000006 1.5000000000000002 955381.00000000012 1.0000000180025095e-35 0.030392000000000006 2.5000000000000004 123.50000000000001 0.17215690376152604 6.5000000000000009 0.27983250000000004 94.500000000000014 105.50000000000001 0.13797900000000005 1.0000000180025095e-35 8.5000000000000018 0.047882500000000008 1185.5000000000002 0.024403500000000005 0.076177500000000009 4151.5000000000009 134.00000000000003 165.50000000000003
decision_type=2 2 2 2 2 2 2 2 2 2 2 2 2 2 2 2 2 2 2 2 2 2 2 2 2 2 2 2 2 2
left_child=23 2 4 5 14 28 8 13 9 21 11 24 -11 15 -2 -4 17 20 -18 -20 -10 -7 -23 -1 -9 -26 27 -21 -3 -28
right_child=1 3 7 -5 -6 6 -8 10 16 12 -12 -13 -14 -15 -16 -17 18 -19 19 26 -22 22 -24 -25 25 -27 29 -29 -30 -31
leaf_value=-0.04855012827137474 -0.0040045820984952836 0.011216452792688569 -0.044947786671864984 0.035477399147477572 0.031573918334116914 0.011489724845681858 0.00037274236882397041 -0.019153601584629375 0.033945212655471339 0.029915350237366731 -0.026982347574152899 0.021158382368534782 -0.027541665259605087 0.0079400565309108769 0.016641361447978828 -0.021967190902956821 0.0069208233133500677 -0.022771128380212367 0.055432844541828057 -0.032979635643935711 -0.017173005872995074 0.038671304859463823 -0.036620113310642723 -0.010373060140086283 -0.030360979610021255 0.010375877149035434 0.045818611947885238 0.034100182172836113 0.029773381906936937 -0.00099126533886872178
leaf_weight=104.64339036340016 245.31324100833535 96.659623760962859 41.684542029790919 36.514566983794793 25.503945422731704 11.694614390071363 530.82000405459257 58.05642504073694 78.917591182049364 18.165577053092424 37.555119329629633 21.414060836052158 6.1564352368004611 11.608119972344864 41.443216582383684 79.098768585838116 264.63195473881206 11.52439634175971 13.966400250792502 10.186626881826671 5.7493763882666817 3.0965336665976819 27.754323349712649 10.488040524510323 10.23595839172958 45.441907396264469 17.482524450868372 6.4827487580478182 64.410324962344021 9.1908955052494985
leaf_count=766009 67021 717 88255 195 152 230 6275 21218 466 138 9990 1643 109 4660 7941 25856 2562 69 46 72 39 22 1175 49603 12120 6976 60 40 354 37
internal_value=0 0.00283447 -0.00731829 0.00799999 0.00164143 0.00714747 0.00532564 -0.0164884 0.0107465 -0.00580821 -0.00875201 -0.00368615 0.0153717 -0.0265805 -0.00102075 -0.0298982 0.0133939 0.0240949 0.0101966 0.0253227 0.030474 -0.0179162 -0.029063 -0.0450723 -0.00836391 0.00288671 0.0156203 -0.00689218 0.0186372 0.0296893
internal_weight=0 1830.76 617.355 1213.4 312.26 1176.89 1015.82 305.095 485 66.8675 172.703 135.148 24.322 132.391 286.756 120.783 418.133 96.1914 321.941 57.3092 84.667 42.5455 30.8509 115.131 113.734 55.6779 43.3428 16.6694 161.07 26.6734
internal_count=1074050 258438 245832 12606 75114 12411 11340 170718 5065 1674 51947 41957 247 118771 74962 114111 3391 574 2817 255 505 1427 1197 815612 40314 19096 209 112 1071 97
is_linear=0
shrinkage=0.05


Tree=86
num_leaves=31
num_cat=0
split_feature=0 0 0 120 83 66 152 83 70 84 42 117 136 53 129 110 141 91 137 95 95 91 149 34 72 91 138 112 70 129
split_gain=94.8582 34.0687 17.9712 12.3079 12.2227 10.707 8.27143 8.23069 7.46094 6.87731 6.78388 7.42994 6.78019 6.94764 6.7721 6.30132 8.60677 7.61319 6.17511 6.2341 6.10615 6.05862 5.99402 5.8249 5.67531 5.74305 5.27781 5.89095 6.61476 6.04321
threshold=0.37969951586789719 0.0019437620776660012 0.94875966535953815 4.5000000000000009 0.54296050000000007 0.096819500000000017 0.10617150000000002 0.56212650000000008 121.50000000000001 14.000000000000002 1.0000000180025095e-35 0.057085500000000004 1.5000000000000002 1.0000000180025095e-35 10.500000000000002 391.50000000000006 20.500000000000004 154.50000000000003 0.06144150000000001 3.5522430000000003 0.78691250000000013 17.500000000000004 2.5000000000000004 996929.50000000012 3.5000000000000004 102.50000000000001 0.078881000000000021 1.5000000000000002 103.50000000000001 6.5000000000000009
decision_type=2 2 2 2 2 2 2 2 2 2 2 2 2 2 2 2 2 2 2 2 2 2 2 2 2 2 2 2 2 2
left_child=1 -1 3 9 -3 8 26 12 15 -2 -9 -12 13 -5 23 -4 17 21 19 -13 -18 -17 -15 -10 25 -11 27 -6 -29 -30
right_child=2 4 5 7 6 -7 -8 10 14 24 11 18 -14 22 -16 16 20 -19 -20 -21 -22 -23 -24 -25 -26 -27 -28 28 29 -31
leaf_value=-0.04801915020062647 -0.0067997624457374678 -0.049341711387725813 0.009866853797457496 -0.010959019494961787 -0.020226695156827366 0.051564919163205818 0.010697901058809299 -0.0068269000316672785 0.029253389612933296 0.0078873912680911921 0.010919212718209068 -0.030313886936827197 0.049108705468297056 -0.054760769856527385 -0.01460364652213561 0.023781499528982758 -0.041691644580403781 0.021081439801024105 0.019167989288341673 0.019630691390745362 0.025966238930781184 -0.056225282939478406 0.012680263840428474 -0.018541606940086133 0.0487258731986219 0.031208178816859264 0.019166042319199442 -0.015273093062956761 0.036152788172944837 -0.019834626144390285
leaf_weight=93.289049239488577 55.347231272084173 22.18233994280763 521.328693025338 43.489753985788411 180.08997759588237 16.370809551328421 38.656378233501528 253.80028127256082 98.131255477084778 190.90589082997758 154.04454090975923 32.049642133177258 3.4231502188486038 20.886177662203412 11.291177424136547 2.7672360911965432 4.0928717056522173 5.7301232032477847 12.952075333218088 7.76090268138796 18.004914411576465 16.329473966034129 3.9116953036864279 6.8176365294493726 10.504098379984496 30.63603673572652 11.348178557361278 36.331903736970617 15.828110417275186 6.9300135917032994
leaf_count=697189 2294 99791 3066 7029 193281 58 10849 10455 464 3201 3221 665 39 6675 81 20 84 27 124 54 101 128 114 46 41 247 4502 22594 3617 3993
internal_value=0 -0.0215143 0.00572539 0.000699174 -0.0135731 0.0116039 -0.0108294 -0.00380261 0.0106482 0.0090375 -0.00134943 0.0053727 -0.0195597 -0.0230019 0.02219 0.00828721 -0.00926251 -0.0294649 -0.0108208 -0.0205774 0.0134349 -0.0446318 -0.0441224 0.0261486 0.012815 0.0111123 -0.0141511 -0.0157319 -0.00203291 0.0191042
internal_weight=0 404.656 1520.58 819.711 311.367 700.864 289.185 532.318 684.493 287.393 460.607 206.807 71.7108 68.2876 116.24 568.253 46.9246 24.8268 52.7626 39.8105 22.0978 19.0967 24.7979 104.949 232.046 221.542 250.528 239.18 59.09 22.7581
internal_count=1074050 1035816 38234 34159 338627 4075 238836 28376 4017 5783 14519 4064 13857 13818 591 3426 360 175 843 719 185 148 6789 510 3489 3448 227987 223485 30204 7610
is_linear=0
shrinkage=0.05


Tree=87
num_leaves=31
num_cat=0
split_feature=0 0 107 138 2 131 83 42 141 155 47 48 47 34 95 128 99 100 42 82 82 47 91 115 116 116 102 91 99 89
split_gain=90.0088 36.0439 14.6854 11.9031 10.266 16.1209 9.80017 8.50795 7.77443 6.98452 10.2031 8.64102 6.7156 6.49713 6.323 7.21611 6.47636 6.05583 5.78567 5.79897 5.62368 5.52565 5.48147 5.48005 9.53278 5.40872 5.33853 6.1987 5.2927 5.29464
threshold=0.0067794565405618597 0.68981449621504665 6.5000000000000009 0.053537000000000008 2826.5000000000005 7.5000000000000009 0.58104250000000002 40.500000000000007 48.500000000000007 0.63333333333350017 2062.5000000000005 1.0000000180025095e-35 737.50000000000011 27365.500000000004 0.42220800000000008 0.19023550000000003 0.030180000000000002 1.0000000180025095e-35 336.50000000000006 575.50000000000011 611.50000000000011 1560.5000000000002 8.5000000000000018 0.067719000000000015 0.0021160000000000003 0.0073405000000000007 0.13228050000000002 66.500000000000014 0.11761300000000001 2.5000000000000004
decision_type=2 2 2 2 2 2 2 2 2 2 2 2 2 2 2 2 2 2 2 2 2 2 2 2 2 2 2 2 2 2
left_child=20 2 7 4 5 -3 -7 28 18 11 14 17 -5 -8 15 16 -11 23 19 -4 -1 -14 -18 -6 -25 -13 -26 -28 29 -2
right_child=1 3 8 12 9 6 13 -9 -10 10 -12 25 21 -15 -16 -17 22 -19 -20 -21 -22 -23 -24 24 26 -27 27 -29 -30 -31
leaf_value=-0.048126249675397803 -0.01326218044802689 0.023056205303404763 -0.027265699800042304 0.010598340698469348 -0.0093449682278408126 -0.018906863214868119 0.0035853661924857769 0.022295421123262722 -0.031332913783001737 -0.06433289513650832 0.026128261809121658 0.061357437799693576 0.041331869712194588 0.036456806650136765 0.0059446575215580146 0.085664672637501979 -0.029455893116678306 -0.017742277627946324 0.02122759964560493 -0.0077103333030463551 -0.0068949648965878144 0.0077713827907691423 0.013305036721531752 -0.086171399027901358 0.013304233604194596 0.0095680493198527367 -0.00046385186038070986 -0.058346578592994483 0.032901155016131098 0.0029871117055352515
leaf_weight=97.596792343681045 106.55651186095383 178.28857123374473 56.558067438734724 73.23792129359208 122.73517130769324 44.215363729206729 91.579903016681783 36.313683680209579 70.207241417904243 6.7405873623210928 58.904552261112258 7.8362274599203401 47.882904647151008 17.984242314239964 336.9931583898142 1.6891934901941557 16.589517716201957 67.775729934335686 12.385686679132958 114.98205197400148 9.0356763974441474 16.488394492538646 13.670125703793017 2.8609328391030422 101.55355379346292 14.135380208375862 69.955981701612473 4.9527940154075614 9.3317523511759628 94.670058964040436
leaf_count=758500 46089 1146 44882 585 3806 1606 1069 3513 96983 136 402 140 222 113 2795 5 274 1996 1327 24847 57112 121 189 34 1277 207 742 44 564 23324
internal_value=0 0.00264834 -0.00874093 0.00705094 0.00539948 0.0128247 0.000962558 -5.56051e-05 -0.0171781 0.00241581 0.00678038 -0.00242533 0.0209537 0.008981 0.00374676 -0.0153974 -0.0200112 -0.00423519 -0.011775 -0.0141579 -0.0446324 0.0327355 -0.0101382 -0.00120448 0.00436716 0.0280389 0.00583504 -0.00429092 -0.00391035 -0.00561746
internal_weight=0 1797.08 501.005 1296.07 1158.46 332.068 153.78 246.872 254.133 826.393 434.587 391.806 137.609 109.564 375.683 38.6894 37.0002 369.834 183.926 171.54 106.632 64.3713 30.2596 302.058 179.323 21.9716 176.462 74.9088 210.558 201.227
internal_count=1074050 258438 241529 16909 15981 3934 2788 73490 168039 12047 3801 8246 928 1182 3399 604 599 7899 71056 69729 815612 343 463 5903 2097 347 2063 786 69977 69413
is_linear=0
shrinkage=0.05


Tree=88
num_leaves=31
num_cat=0
split_feature=0 0 83 42 147 95 42 70 70 120 53 101 51 81 120 133 128 62 47 128 150 149 66 70 125 127 102 83 99 70
split_gain=85.7866 35.9565 21.37 18.8756 11.5128 11.5095 9.56288 6.70877 12.8604 6.39716 6.33083 6.11709 6.30746 6.28488 7.12361 6.25681 5.9216 5.81422 5.7872 5.62149 5.48807 5.38357 5.37533 5.3593 6.15208 7.47708 6.08658 5.35766 7.5961 5.28922
threshold=0.0067794565405618597 0.94875966535953815 0.56680450000000004 1.0000000180025095e-35 1.5000000000000002 0.75316150000000015 15.500000000000002 100.50000000000001 99.500000000000014 5.5000000000000009 1.5000000000000002 0.087415500000000021 1.0000000180025095e-35 0.050316000000000007 14.500000000000002 0.77500000000000013 0.078271000000000021 12.500000000000002 332.50000000000006 0.055297500000000006 0.047882500000000008 2.5000000000000004 0.096819500000000017 118.50000000000001 0.10767900000000001 0.076187500000000005 0.19278150000000002 0.58993050000000002 0.04683650000000001 99.500000000000014
decision_type=2 2 2 2 2 2 2 2 2 2 2 2 2 2 2 2 2 2 2 2 2 2 2 2 2 2 2 2 2 2
left_child=20 2 4 5 10 -4 23 8 -7 17 16 12 13 14 -11 27 -2 -5 -14 22 -1 -22 -8 24 25 29 -25 28 -16 -3
right_child=1 6 3 9 -6 7 19 -9 -10 11 -12 -13 18 -15 15 -17 -18 -19 -20 -21 21 -23 -24 26 -26 -27 -28 -29 -30 -31
leaf_value=-0.048252749417843292 -0.020664962597205922 0.0056976684103666048 -0.016569076683886987 0.020071327292203012 0.0079394434656757228 -0.0031720444080559382 0.010168201666272551 0.0071793422143803815 -0.049281858467046497 -0.067884213801251356 -0.041746126984266781 0.030764980560059291 -0.039523562850194538 -0.049337108550095793 0.0053360880678449624 -0.071660070364793924 0.057945662790441457 -0.0097904892140393048 0.030007182705725506 0.042018324915093483 -0.011596603872297767 0.52222165091749562 0.052660685689803893 0.017247595576251353 0.01393513727636618 -0.037284796712077684 -0.031831105366918862 0.0098828583868130343 -0.025923499913932471 -0.017513154457427422
leaf_weight=92.637298040993301 86.630462953869483 203.43151897349162 178.62609007417541 131.26519949701833 30.495742459374014 198.12901205975049 48.254709465545602 146.85803301910801 16.371530744536358 3.8675593942316473 43.582670742971914 18.529939926017505 3.3724852060295261 6.9066865083368603 46.823105968920572 2.9380658870340985 2.4637447125151075 18.611619136261652 26.570573948378296 35.707134755328298 9.8205076287831581 0.047458845689107743 8.7997585311532003 200.13529943028698 143.58604472083971 12.187219115439801 6.5231378315947941 95.904041521950603 33.223660135124192 27.911886701127514
leaf_count=766009 78487 1300 56654 2397 4483 18285 283 11729 4698 345 57843 713 143 113 2636 235 172 467 823 151 49483 120 31 1131 762 115 53 5480 8660 249
internal_value=0 0.0025646 -0.00307585 -0.000141746 -0.0197628 -0.00618651 0.0115294 -0.00105421 -0.00669133 0.00827055 -0.0261301 0.0031773 0.000849502 -0.00251741 -0.000748009 0.000703469 -0.0184911 0.0163631 0.0221759 0.0264594 -0.0444768 -0.00902927 0.016722 0.00919703 0.00572632 0.000886386 0.0156984 0.00191181 -0.0076383 0.00289725
internal_weight=0 1777.71 1091.17 927.998 163.173 539.985 686.537 361.359 214.501 388.013 132.677 238.136 219.606 189.663 182.756 178.889 89.0942 149.877 29.9431 92.7616 102.505 9.86797 57.0545 593.775 387.117 243.531 206.658 175.951 80.0468 231.343
internal_count=1074050 258438 254363 113378 140985 91366 4075 34712 22983 22012 136502 19148 18435 17469 17356 17011 78659 2864 966 465 815612 49603 314 3610 2426 1664 1184 16776 11296 1549
is_linear=0
shrinkage=0.05


Tree=89
num_leaves=31
num_cat=0
split_feature=0 0 107 83 42 95 129 66 149 152 95 2 116 42 42 70 34 82 116 42 74 37 34 83 70 118 47 127 3 127
split_gain=81.5918 33.4152 20.1831 13.7519 12.175 9.64822 9.20581 8.62426 7.45856 7.33013 6.06801 7.50703 7.38836 6.77637 5.9427 5.83741 5.63857 5.54069 5.36364 5.32162 4.79112 4.79095 4.61447 4.6056 4.57837 6.99045 5.55019 4.7418 5.80533 4.56778
threshold=0.0067794565405618597 0.94875966535953815 15.500000000000002 0.54061850000000011 383.50000000000006 1.6360310000000002 7.5000000000000009 0.096819500000000017 2.5000000000000004 0.11779750000000001 1.3482345000000002 155571.50000000003 0.028898000000000004 6.5000000000000009 24.500000000000004 40.500000000000007 43454.500000000007 611.50000000000011 0.0090415000000000027 5094.5000000000009 380.12500000000006 1.0000000180025095e-35 687842.00000000012 0.58948950000000011 49.500000000000007 0.084536500000000014 2190.5000000000005 0.051486000000000011 0.012071500000000002 0.091865000000000016
decision_type=2 2 2 2 2 2 2 2 2 2 2 2 2 2 2 2 2 2 2 2 2 2 2 2 2 2 2 2 2 2
left_child=17 2 4 -4 5 6 9 10 14 21 19 13 -13 -12 -5 -14 -10 -1 -7 20 -3 29 -6 -16 -20 26 -26 28 -27 -2
right_child=1 7 3 8 22 18 -8 -9 16 -11 11 12 15 -15 23 -17 -18 -19 24 -21 -22 -23 -24 -25 25 27 -28 -29 -30 -31
leaf_value=-0.047903633508120297 -0.0042437090172900826 0.0056442858672180705 -0.046105008398722724 -0.014730762973407648 0.034274571858912035 0.025176074275980675 -0.0213063006138694 0.048717521316702442 0.038524378218421342 0.018249256589413915 0.014576064193508287 -0.024453704695183827 0.043822367808422358 0.034290071068077813 -0.0080242817007065495 -0.0024170168859307013 -0.00043585714552700288 -0.0062669593159771376 -0.010469390322689585 0.054895186092440242 -0.040455736835297088 -0.032835538158477347 0.0052594244890462986 0.023409105907899616 -0.021805669708679348 -0.033789400835937039 0.013187374021772969 0.0075780532596827939 0.034029565755725653 0.028049257180050718
leaf_weight=90.051446909360948 215.10369543772867 329.84522320906399 26.929262364617898 288.52730109014419 38.62069272419285 38.082138523910544 69.339695719335396 14.943463670089839 11.704764236292247 42.181927593810542 219.19317792385118 21.755813887342811 10.523677763529124 54.410448515787721 30.302966170089348 19.423143588006496 44.954787460720581 8.7680690776214742 39.861636208070195 5.3988900966942301 5.7340310523286453 13.905267965716119 21.238457869655576 18.934550782192673 28.53574326157559 3.4397908017599539 18.79472633451951 79.188598180047848 38.176379084161454 11.537730449956141
leaf_count=758500 51743 2296 64724 87833 824 3877 15413 58 711 2536 1093 126 47 230 8132 104 3015 57112 2026 21 100 2919 779 338 3767 132 1111 2918 1066 499
internal_value=0 0.00248141 -0.00299097 -0.0115352 0.00248031 0.00032877 -0.00498024 0.011152 -0.00917494 -0.00097624 0.0103095 0.0151947 -0.0022781 0.0184965 -0.011991 0.0138321 0.00761257 -0.0442093 0.00792443 0.00564886 0.00485658 -0.0043476 0.0239798 0.0040636 0.00476583 0.00837781 -0.00791008 0.0147593 0.028424 -0.00259976
internal_weight=0 1760.59 1079.36 421.354 658.006 598.147 352.068 681.228 394.424 282.729 666.284 325.306 51.7026 273.604 337.765 29.9468 56.6596 98.8195 246.079 340.978 335.579 240.547 59.8592 49.2375 207.997 168.135 47.3305 120.805 41.6162 226.641
internal_count=1074050 258438 254363 164753 89610 88007 73110 4075 100029 57697 4017 1600 277 1323 96303 151 3726 815612 14897 2417 2396 55161 1603 8470 11020 8994 4878 4116 1198 52242
is_linear=0
shrinkage=0.05


Tree=90
num_leaves=31
num_cat=0
split_feature=0 0 107 44 95 54 141 0 101 103 70 95 42 150 60 2 48 132 82 150 34 112 151 104 96 82 34 42 133 99
split_gain=77.5524 33.7663 13.5462 11.2808 9.97027 7.5616 7.28824 6.51253 7.05562 6.83285 6.40043 7.91736 6.34913 5.73947 5.95777 5.92884 5.73069 5.70127 5.57273 5.49626 5.4215 5.33423 5.20977 8.89543 5.66773 5.18762 5.09438 4.888 7.44835 6.459
threshold=0.0067794565405618597 0.68981449621504665 6.5000000000000009 1.0000000180025095e-35 1.9329845000000001 0.030174500000000003 48.500000000000007 0.94875966535953815 0.096816000000000013 7.5000000000000009 34.500000000000007 2.5657090000000005 336.50000000000006 0.049929000000000008 6.5000000000000009 175.00000000000003 1.0000000180025095e-35 1.0000000180025095e-35 568.50000000000011 0.047882500000000008 75120.500000000015 1.5000000000000002 0.073704000000000006 0.23298750000000004 0.062097500000000007 575.50000000000011 5097.0000000000009 1.5000000000000002 0.63333333333350017 0.067975000000000022
decision_type=2 2 2 2 2 2 2 2 2 2 2 2 2 2 2 2 2 2 2 2 2 2 2 2 2 2 2 2 2 2
left_child=19 2 5 4 7 16 12 9 13 27 11 17 25 14 -9 -16 -2 -6 -17 -1 -13 -5 -15 24 -24 -4 -25 -3 29 -29
right_child=1 3 6 21 10 -7 -8 8 -10 -11 -12 20 -14 22 15 18 -18 -19 -20 -21 -22 -23 23 26 -26 -27 -28 28 -30 -31
leaf_value=-0.048015678235778396 -0.0056730664719886973 -0.0013669793900070192 -0.026961240583061021 0.011554161734464176 -0.045325276625660126 0.031593278655312709 -0.031081138032360862 0.0095370580799085131 0.04154702089575122 -0.0071237467244238788 0.014740947856492881 -0.056284145423190303 0.022856294208820432 -0.032904893855835178 -0.077896832626590917 -0.07653345063625086 0.019411419108349995 0.035446912244578598 0.0043393970517599115 -0.0081330223557433516 -0.007706897939096566 0.048949698714124135 0.043645685076411152 0.0092988267654567167 -0.0062548907115470486 -0.0081768435850239126 -0.059684596994548117 -0.0041709113189784056 0.052143182251098243 0.033725351787164702
leaf_weight=85.43152237754839 198.65771436848763 82.796559912560042 54.577132916072514 16.495791542183724 2.5970971882343301 17.208705352299148 67.000228384366437 348.80693452787818 14.250909898430107 241.39012121222913 347.83513483693969 7.8770803974475738 12.338640641724849 16.650797472684644 3.4030151211190995 2.4486701176501837 25.715965290701206 13.757452015997842 16.373588505259249 9.6102800973640097 21.207786206352466 22.602510230150074 11.666529121343048 4.2102102767676097 11.108497689012436 112.55349898414897 7.3461023960262537 33.262121009931434 12.234490654896943 16.985501165036112
leaf_count=766009 65864 2010 44882 161 24 215 96983 2246 54 7907 2363 242 1327 168 48 37 7411 187 150 49603 436 104 56 27 92 24847 60 362 67 108
internal_value=0 0.00239779 -0.00876211 0.00673666 0.00588681 -0.000348269 -0.0170091 0.00275724 0.00694476 -0.00196739 0.0124355 -0.00521257 -0.0117557 0.00577628 0.00793773 -0.0171623 -0.00279808 0.0226203 -0.00618171 -0.0439829 -0.0208631 0.0331723 -0.00995409 0.00117712 0.0193067 -0.014311 -0.0345525 0.00660023 0.0171578 0.00863939
internal_weight=0 1743.36 488.052 1255.31 1216.21 241.582 246.47 822.934 436.265 386.669 393.275 45.4394 179.469 422.014 371.032 22.2253 224.374 16.3545 18.8223 95.0418 29.0849 39.0983 50.9821 34.3313 22.775 167.131 11.5563 145.279 62.4821 50.2476
internal_count=1074050 258438 241529 16909 16644 73490 168039 13392 2938 10454 3252 889 71056 2884 2481 235 73275 211 187 815612 678 265 403 235 148 69729 87 2547 537 470
is_linear=0
shrinkage=0.05


Tree=91
num_leaves=31
num_cat=0
split_feature=0 0 83 131 42 2 131 107 42 44 96 48 2 152 129 82 116 43 91 98 82 103 110 113 2 82 118 62 148 104
split_gain=73.7255 31.7827 21.7318 13.0412 11.6639 9.07455 12.6134 8.62001 8.05077 7.6063 7.60574 7.29851 6.90515 6.6743 9.6512 6.41582 6.27638 5.89347 8.30595 7.35998 7.31942 6.01945 7.56927 7.53271 5.84902 5.34953 5.32817 5.21811 5.194 10.2849
threshold=0.0067794565405618597 0.86620967868038068 0.59951250000000011 151.50000000000003 1.0000000180025095e-35 2463.5000000000005 7.5000000000000009 1.0000000180025095e-35 98.500000000000014 1.0000000180025095e-35 0.037995500000000008 1.0000000180025095e-35 910.00000000000011 0.069686000000000012 11.500000000000002 577.50000000000011 0.020442000000000005 5.5000000000000009 27.500000000000004 2.0833333333350006 579.50000000000011 9.5000000000000018 13.500000000000002 3.5000000000000004 532860.00000000012 611.50000000000011 0.10243300000000001 11.500000000000002 7.5000000000000009 0.16701750000000001
decision_type=2 2 2 2 2 2 2 2 2 2 2 2 2 2 2 2 2 2 2 2 2 2 2 2 2 2 2 2 2 2
left_child=25 2 3 7 11 6 -3 8 16 17 15 -4 -6 -8 -15 26 -2 19 20 -7 -19 22 -20 -24 -14 -1 -9 -22 29 -21
right_child=1 5 4 -5 12 9 13 10 -10 -11 -12 -13 24 14 -16 -17 -18 18 21 28 27 -23 23 -25 -26 -27 -28 -29 -30 -31
leaf_value=-0.047616504798989608 0.0068063859004757563 0.024837660482781673 -0.0064367087064697882 -0.039190989215241501 -0.040155007880993965 0.014327106589890424 -0.0084122757485269092 -0.019856196257128252 0.027583402918337642 0.038443819116637544 -0.034868233653529021 0.024389740018148615 0.026689642935895447 0.022868716140198694 -0.035061562887991608 -0.0027261551129514356 -0.018895365925761107 -0.037917846137164521 0.058893521353583583 -0.0032834092360204715 0.024501190065841699 0.027111452910554945 -0.037389584906100053 0.030386000070057768 -6.776645044458246e-05 -0.0057108612133864979 0.070710016681423349 -0.0074731931223579367 -0.018303332589482166 0.018194850535128863
leaf_weight=82.991267727882587 52.350631638993036 163.2300403547415 162.29033976900882 41.164822178632221 4.9682849746350248 93.371657564886846 59.453653318108991 130.38941740952941 23.896470423786923 16.756325460039079 39.003896810163496 21.7777406899786 83.008982826326246 53.370762133155949 8.3090171813964826 119.17796077582716 43.483043488555268 11.546293921186587 4.1951958145946291 306.63180419290438 22.135995918768458 83.910831713932566 12.645250190049412 6.0663655623793593 27.088675264823905 8.3851884951473021 1.644481458046356 30.125069494592026 40.142840723216068 68.11887029686477
leaf_count=758500 12116 875 26720 79707 720 614 981 74308 730 85 18953 3118 2889 353 86 18550 11433 231 14 3181 177 545 95 27 869 57112 24 304 280 453
internal_value=0 0.00231159 -0.00543346 -0.0123631 0.00501675 0.00824079 0.0157661 -0.00966912 0.00161895 0.00516463 -0.0143261 -0.00278952 0.0175042 0.00354199 0.0150648 -0.0111366 -0.00485539 0.00434323 0.0123837 0.00164405 -0.00188979 0.0209099 -0.00180724 -0.0154165 0.0201062 -0.043771 -0.0187282 0.00607006 -0.00121027 0.000620719
internal_weight=0 1730.25 750.245 451.111 299.134 980.01 284.363 409.946 119.73 695.647 290.216 184.068 115.066 121.133 61.6798 251.212 95.8337 678.89 170.625 508.265 63.8074 106.818 22.9068 18.7116 110.098 91.3765 132.034 52.2611 414.894 374.751
internal_count=1074050 258438 250137 215821 34316 8301 2295 136114 24279 6006 111835 29838 4478 1420 439 92882 23549 5921 1393 4528 712 681 136 122 3758 815612 74332 481 3914 3634
is_linear=0
shrinkage=0.05


Tree=92
num_leaves=31
num_cat=0
split_feature=0 0 120 2 83 101 83 82 47 42 47 98 81 125 2 96 99 95 2 117 102 149 70 104 125 47 110 91 42 91
split_gain=71.3351 29.2314 13.798 12.7142 11.6088 9.83326 9.52038 8.18137 8.56082 7.46991 7.83399 7.44138 7.07211 6.40416 6.37469 5.88896 6.17484 5.78239 5.78146 5.55305 5.54757 5.52341 5.34032 7.03607 7.00256 6.62338 7.394 5.58997 5.21966 5.89388
threshold=0.42569895731548962 0.0019437620776660012 1.5000000000000002 114529.50000000001 0.54966050000000011 0.031617000000000006 0.54296050000000007 578.50000000000011 1560.5000000000002 1.0000000180025095e-35 1104.5000000000002 3.2250000000000005 0.048863000000000011 0.18834450000000003 13632.000000000002 0.0017535000000000003 0.043669500000000007 0.49526750000000003 2826.5000000000005 0.049798000000000002 0.060856000000000007 2.5000000000000004 106.50000000000001 0.090804500000000024 0.15900700000000004 1149.5000000000002 31.500000000000004 269.50000000000006 1.0000000180025095e-35 104.50000000000001
decision_type=2 2 2 2 2 2 2 2 2 2 2 2 2 2 2 2 2 2 2 2 2 2 2 2 2 2 2 2 2 2
left_child=1 -1 5 4 20 11 -3 -5 15 10 13 18 -8 14 -6 -9 -17 -13 -2 -16 -4 22 24 -24 27 -25 -27 -12 29 -20
right_child=2 6 3 7 9 -7 12 8 -10 -11 21 17 -14 -15 19 16 -18 -19 28 -21 -22 -23 23 25 -26 26 -28 -29 -30 -31
leaf_value=-0.047207611586122043 0.026190469497724855 -0.045518446561271214 0.0072869126311637181 -0.020682947419445596 -0.017523745424199568 0.024708125557696019 -0.01131980198930641 -0.072549613660553805 -0.025345449582560544 0.013903337094831976 -0.019088660548074482 -0.019924673439064136 0.036665194102157336 0.046126176182777257 -0.01000642618985448 0.021254411749470341 -0.0015004643150656125 0.0047140572800693486 -0.0043862234905142827 0.01987713367986076 -0.043665582341192076 0.026953420230267446 0.025906729345756427 0.067287395800790725 0.06702650262164303 -0.043293438561992775 0.012892657612382844 0.056718209565092437 0.020452049291286453 0.034037593842463867
leaf_weight=74.194115960838189 73.111401571339229 20.198798848495699 7.7719021416414789 81.22814263719556 80.450355201872298 110.01328680512961 286.04324602653401 2.5952088399790219 33.322437533824996 234.11500247771619 38.427724805369508 26.869798502157209 7.8903325132287128 5.6356007699505417 33.757909201114671 37.814609044464305 140.90973067193408 209.30614506773418 72.325364738760982 28.814874888746999 17.087044557963964 36.558305016660597 42.299027273707907 2.6846871832385686 2.8300691588083273 11.890858060389293 11.536384805964188 2.5961171446833751 57.70523919002153 11.57785492914263
leaf_count=697189 425 101153 378 5729 2398 747 241415 46 1934 4055 1189 1116 142 97 1225 459 2937 2540 1158 569 5326 262 700 19 15 132 170 20 411 94
internal_value=0 -0.0189804 0.00521541 0.00120753 0.00566047 0.0113056 -0.0123135 -0.00716731 -0.00205252 0.00722218 0.00196417 0.00803549 -0.0100317 -0.00615424 -0.00821427 0.0022282 0.00331403 0.0019109 0.0147721 0.003755 -0.0277358 0.0100736 0.00457682 0.013308 -0.0090436 -0.00710081 -0.0156255 -0.0142914 0.00887685 0.000915902
internal_weight=0 388.326 1413.24 852.326 556.456 560.909 314.132 295.87 214.642 531.597 297.482 450.896 293.934 148.659 143.023 181.32 178.724 236.176 214.72 62.5728 24.8589 148.823 112.265 68.411 43.8539 26.1119 23.4272 41.0238 141.608 83.9032
internal_count=1074050 1039899 34151 27660 16555 6491 342710 11105 5376 10851 6796 5744 241557 4289 4192 3442 3396 3656 2088 1794 5704 2507 2245 1021 1224 321 302 1209 1663 1252
is_linear=0
shrinkage=0.05


Tree=93
num_leaves=31
num_cat=0
split_feature=0 0 83 131 42 42 47 96 34 58 113 82 2 66 83 48 77 150 34 91 125 91 70 98 58 74 96 96 139 2
split_gain=67.4099 30.1737 18.6635 12.2991 9.67076 8.8855 8.53714 8.11843 7.76106 6.16922 5.89754 6.685 6.9699 5.71474 5.67585 5.56814 5.39945 5.32311 5.2738 5.24429 5.18563 5.05024 5.72448 5.08749 4.98156 4.79217 4.77142 7.91821 4.66263 4.63894
threshold=0.0067794565405618597 0.86620967868038068 0.59951250000000011 151.50000000000003 1594.0000000000002 44.500000000000007 1060.5000000000002 0.028647500000000003 107642.50000000001 0.029483500000000003 3.5000000000000004 578.50000000000011 53544.000000000007 0.028771000000000001 0.56552350000000018 1.0000000180025095e-35 8.5000000000000018 0.047882500000000008 176512.00000000003 71.500000000000014 0.064562500000000009 78.500000000000014 120.50000000000001 14.100000000000001 0.077964500000000006 96.100000000000009 0.0090165000000000019 0.012433500000000002 3.5000000000000004 435.50000000000006
decision_type=2 2 2 2 2 2 2 2 2 2 2 2 2 2 2 2 2 2 2 2 2 2 2 2 2 2 2 2 2 2
left_child=17 2 3 5 6 7 15 9 21 14 11 12 18 -12 -2 24 25 -1 -10 -14 -17 22 -3 -23 -4 -8 28 -28 -16 -11
right_child=1 8 4 -5 -6 -7 16 -9 10 29 13 -13 19 -15 26 20 -18 -19 -20 -21 -22 23 -24 -25 -26 -27 27 -29 -30 -31
leaf_value=-0.047704765728164754 -0.023194210226924208 0.0064353124427013854 -0.0091046734092609695 -0.038570880954129111 0.045082667498135089 0.0073873637121837088 0.026190697087852162 -0.025970142693970612 -0.045063772738048562 -0.055686240897060549 0.0079478235793339468 0.003131425278007448 -0.035868614678412868 0.037030360729944228 0.011341443259813375 0.0350814314541626 -0.016651670777574182 -0.0070434056219377487 0.017849425111568763 0.021769299325951178 -0.019703168228301943 0.023503211004838074 0.021554129651903484 -0.033572740902695172 0.027610435236822675 -0.0023984346970535569 -0.033871654375243629 -0.0031730535708264195 -0.03467862047207005 0.020356399496751498
leaf_weight=76.16689309727326 65.690110483735225 301.3893465064175 156.5305958083527 39.514796192311678 13.852943100544506 66.314634047147592 61.381442201629397 85.22720795942314 4.0634962832555201 2.1791076900135549 110.86045977985486 276.19663784623845 32.225242725806311 19.928034270182252 48.904783414045596 15.703499854605981 11.948813002927634 9.0000837428715368 18.479874687036499 4.4972389051690689 5.9583091656113529 111.62114214152098 79.026103529962711 4.0457566248369394 9.8183079904101742 19.256240602629987 29.621550137586382 72.214117294019161 6.201977324399194 25.188685547917885
leaf_count=766009 54603 2870 23656 79707 86 8785 3036 37716 64 648 706 2447 641 103 6505 2303 1449 49603 201 57 763 563 585 64 511 2512 8475 15916 632 2834
internal_value=0 0.00217742 -0.00544697 -0.0119547 0.004301 -0.00933549 0.00228763 -0.0126436 0.00800471 -0.00810047 0.00337307 -0.000138153 -0.0153754 0.0123791 -0.0108543 -0.00383259 0.0147156 -0.0434078 0.00650917 -0.02881 0.0200123 0.0123578 0.00957604 0.0215068 -0.00693766 0.0193636 -0.00568932 -0.0121025 0.00616213 0.0143017
internal_weight=0 1697.84 735.507 441.057 294.45 401.542 280.597 335.228 962.333 250 466.251 335.462 59.2659 130.788 222.633 188.011 92.5865 85.167 22.5434 36.7225 21.6618 496.082 380.415 115.667 166.349 80.6377 156.942 101.836 55.1068 27.3678
internal_count=1074050 258438 250137 215821 34316 136114 34230 127329 8301 89613 4219 3410 963 809 86131 27233 6997 815612 265 698 3066 4082 3455 627 24167 5548 31528 24391 7137 3482
is_linear=0
shrinkage=0.05


Tree=94
num_leaves=31
num_cat=0
split_feature=0 0 0 39 42 83 42 90 2 138 82 136 34 102 83 113 70 91 83 138 152 125 95 127 70 114 70 116 91 110
split_gain=64.8609 25.9852 14.487 9.99892 9.89774 9.04512 9.17686 6.54573 6.43414 6.11649 5.94543 5.46602 4.96599 5.95391 5.37999 5.31933 4.94445 5.53898 4.85794 4.91354 4.8341 6.35552 4.75112 5.02129 4.55802 7.73946 6.90833 4.58378 4.55543 6.17763
threshold=0.37969951586789719 0.0019437620776660012 0.94875966535953815 8.5000000000000018 33.500000000000007 0.58200600000000013 1.5000000000000002 3.5000000000000004 130586.50000000001 0.032480000000000002 630.50000000000011 1.5000000000000002 221919.50000000003 0.20759250000000004 0.5414135000000001 3.5000000000000004 106.50000000000001 269.50000000000006 0.58948950000000011 0.030995500000000006 0.10617150000000002 0.14725550000000001 1.0578100000000001 0.053408000000000004 103.50000000000001 1.5000000000000002 99.500000000000014 0.017925500000000004 68.500000000000014 12.500000000000002
decision_type=2 2 2 2 2 2 2 2 2 2 2 2 2 2 2 2 2 2 2 2 2 2 2 2 2 2 2 2 2 2
left_child=1 -1 5 20 12 7 9 11 -8 -7 -5 16 13 14 -4 -14 -2 -18 19 -6 24 -22 -10 -24 26 -26 27 -3 -17 -30
right_child=2 3 4 10 18 6 8 -9 22 -11 -12 -13 15 -15 -16 28 17 -19 -20 -21 21 -23 23 -25 25 -27 -28 -29 29 -31
leaf_value=-0.046843327571375618 -0.018749566522169133 0.0024334912284170954 -0.058934403956525418 -0.032429886773354115 -0.0053903197685560966 -0.0050874566299307384 0.018357314292006342 0.02268721471910869 0.011175380124045911 0.01339550438715704 0.012596764244964141 0.023976993819270626 -0.0032108110829422321 -0.046007955710550635 0.012949808997846916 0.020853879554434546 -0.0069356515412624387 0.038493827012444144 0.040099652902771024 0.039472103514686725 0.021225618821842741 -0.03386926771282104 -0.0039533481191021021 -0.051545610541371058 -0.01732757550895855 0.017222122556573891 -0.050758467436628318 -0.020455288161213461 0.02831346621474274 -0.030193072160185339
leaf_weight=68.578425335404063 120.9890222389713 35.284850199847824 2.6216842380235894 70.132508802078519 15.716431370819921 255.70697670333902 133.88404010623344 16.014798460833845 48.417755996139022 54.258782949647866 8.1872116423173775 10.947953411523484 147.20231685269391 4.4106077831238499 362.89711588088539 53.264987903996371 76.392187195495353 7.3556165377303833 38.536276652477682 9.9783907197415811 27.166251176699916 6.4837057608165187 30.755235739983618 6.7604606978129587 31.753124745617242 33.112278816609887 12.935135721197183 57.548709603665429 7.3425117246806648 11.703258723020552
leaf_count=697189 14949 27165 43 190524 114 8982 1507 334 552 1050 3414 189 1049 34 2279 252 6096 164 165 48 6890 1720 246 90 34027 12847 17529 44511 21 70
internal_value=0 -0.0192336 0.00477297 -0.0125336 0.0102331 8.58329e-05 0.00368963 -0.00815429 0.011504 -0.00185206 -0.027723 -0.0104443 0.00820215 0.0117374 0.0124342 0.00224441 -0.0122849 -0.00294555 0.0288714 0.0120317 -0.00671025 0.0106099 0.000826554 -0.0125296 -0.0101259 0.000309241 -0.0165255 -0.0117556 0.0133496 -0.00763767
internal_weight=0 351.182 1415.16 282.604 653.674 761.483 529.783 231.7 219.817 309.966 78.3197 215.685 589.442 369.929 365.519 219.513 204.737 83.7478 64.2311 25.6948 204.284 33.65 85.9335 37.5157 170.634 64.8654 105.769 92.8336 72.3108 19.0458
internal_count=1074050 1035816 38234 338627 4075 34159 12427 21732 2395 10032 193938 21398 3748 2356 2322 1392 21209 6260 327 162 144689 8610 888 336 136079 46874 89205 71676 343 91
is_linear=0
shrinkage=0.05


Tree=95
num_leaves=31
num_cat=0
split_feature=0 0 83 113 42 2 77 83 101 150 91 155 83 148 99 2 2 147 123 154 53 34 152 2 70 82 155 70 149 128
split_gain=61.134 25.092 13.6481 12.0358 11.0803 10.5892 9.89628 9.85651 7.14974 7.10476 6.52242 6.18297 5.72793 6.65439 6.5551 5.44618 5.38764 6.30335 7.08082 6.03702 5.20779 5.18131 4.85621 6.07944 5.00461 4.99653 4.78168 4.70427 5.06028 5.76682
threshold=0.37969951586789719 0.0019437620776660012 0.58904350000000016 3.5000000000000004 1.0000000180025095e-35 252309.50000000003 9.5000000000000018 0.54296050000000007 0.07828750000000001 0.0056575000000000011 18.500000000000004 0.69047619047650011 0.55074600000000007 7.5000000000000009 0.07875550000000002 5746.0000000000009 5356.5000000000009 2.5000000000000004 2.5000000000000004 8.5000000000000018 1.0000000180025095e-35 1326.5000000000002 0.093043500000000015 370.00000000000006 115.50000000000001 550.50000000000011 0.73214285714300009 1.0000000180025095e-35 3.5000000000000004 0.074102000000000015
decision_type=2 2 2 2 2 2 2 2 2 2 2 2 2 2 2 2 2 2 2 2 2 2 2 2 2 2 2 2 2 2
left_child=1 -1 3 5 10 6 8 -3 12 27 -4 -9 26 14 22 16 17 18 -12 -19 -13 -15 23 24 25 -14 -2 -5 29 -29
right_child=2 7 4 9 -6 -7 -8 11 -10 -11 15 20 13 21 -16 -17 -18 19 -20 -21 -22 -23 -24 -25 -26 -27 -28 28 -30 -31
leaf_value=-0.046633045614173411 -0.030459203682950766 -0.048795464828268041 -0.0041707429113574295 0.058723443280550375 0.015367119032525182 -0.021240824369262563 -0.026681164652879497 -0.013877077159092675 0.04033651435519589 0.024529184400793713 0.0098251519428412745 -0.0064072203992611475 0.070769322281413749 0.050573545545742442 -0.048040478572039441 0.0033202126628406312 0.061802247597428632 0.00097162367834519731 0.038357139903845067 -0.071101590169337966 0.025687428680221325 -0.044265210505993025 0.032372403118846108 0.0063893826112432122 0.00024150573255351133 -0.063182635949658603 0.02677403684016685 -0.034052552960128844 0.015268193756458279 0.020205019067598542
leaf_weight=65.872619984113044 23.511825551258884 17.359854844763959 170.79464263524278 3.0058081242023027 345.78985994838877 87.272578192309084 34.906201013080135 205.59977578290864 11.396755972178651 59.616650002892129 71.101021284179296 35.677341248355788 0.76356326887617054 1.647755748941562 5.8184784575641961 249.2638260127278 6.123198887333273 14.635466156527402 31.325321460259147 3.6251271180808535 19.573946356817487 11.430344281019641 15.873025103341204 188.67725827013783 10.287626292891217 7.8866189026884967 4.3199413440888739 18.950718152744233 16.845104707521386 6.6038717990741125
leaf_count=697189 6959 99791 5148 21 3078 7451 2405 216130 176 606 683 15932 17 16 806 3202 26 121 172 23 6774 238 202 5473 287 334 63 482 165 80
internal_value=0 -0.0188845 0.00463643 -0.00189903 0.00836164 -0.00582086 -0.00156918 -0.0123144 0.00154348 0.0131797 0.00393201 -0.00988653 -9.26749e-05 0.00237411 0.0043526 0.00761189 0.0160478 0.0137264 0.0185512 -0.0133365 0.00496299 -0.0323161 0.00571665 0.00367871 -0.0233277 -0.0513585 -0.0215757 -0.00172189 -0.00600699 -0.0200312
internal_weight=0 344.084 1401.47 508.814 892.658 403.792 316.519 278.211 281.613 105.022 546.869 260.851 270.216 242.385 229.307 376.074 126.81 120.687 102.426 18.2606 55.2513 13.0781 223.488 207.615 18.9378 8.65018 27.8318 45.4055 42.3997 25.5546
internal_count=1074050 1035816 38234 25781 12453 24427 16976 338627 14571 1354 9375 238836 14395 7373 7119 4227 1025 999 855 144 22706 254 6313 6111 638 351 7022 748 727 562
is_linear=0
shrinkage=0.05


Tree=96
num_leaves=31
num_cat=0
split_feature=0 0 44 107 95 0 70 2 83 96 39 34 137 3 83 72 83 137 2 83 90 82 72 102 82 34 74 128 115 98
split_gain=58.0609 26.0941 11.0776 11.059 10.3082 8.50654 7.83405 6.20662 8.57172 6.13761 5.99619 5.6554 5.39137 6.27384 5.24144 5.17843 4.85803 4.83404 4.45505 4.35555 5.75415 4.99919 4.85311 4.33944 5.33235 4.31519 4.61056 4.58542 5.58537 7.00263
threshold=0.0067794565405618597 0.60678019017954943 1.0000000180025095e-35 6.5000000000000009 3.3147230000000003 0.94875966535953815 33.500000000000007 166361.50000000003 0.56521750000000004 0.010095000000000002 1.5000000000000002 75120.500000000015 0.029086500000000005 0.028880000000000006 0.59493900000000011 1.0000000180025095e-35 0.59951250000000011 0.10617350000000002 23.500000000000004 0.55868150000000016 1.5000000000000002 544.50000000000011 1.0000000180025095e-35 0.12620000000000003 621.50000000000011 32244.500000000004 295.10000000000008 0.15312400000000001 0.11079200000000002 3.2916666666650003
decision_type=2 2 2 2 2 2 2 2 2 2 2 2 2 2 2 2 2 2 2 2 2 2 2 2 2 2 2 2 2 2
left_child=14 3 4 12 5 10 11 8 -5 -10 18 -6 -2 15 -1 -14 -11 -15 -3 20 -12 -22 -21 -18 -25 26 -8 28 29 -27
right_child=1 2 -4 7 6 -7 25 -9 9 16 19 -13 13 17 -16 -17 23 -19 -20 22 21 -23 -24 24 -26 27 -28 -29 -30 -31
leaf_value=-0.048381046230837839 -0.0058091475871182331 -0.085188316439175946 0.031271958184569217 -0.03158244717037291 -0.062010204081137811 0.0070825298505381015 0.03096594129923206 -0.028176730459069932 0.023079876789637938 -0.020263344789784605 -0.060165164503530023 0.00061476058457528954 -0.035760430883416225 0.0040201138670877953 -0.012248658571679477 0.042583072003811312 0.044918933946080215 -0.072259384009470656 0.0053487861402468804 -0.0203460881886506 0.032756663658804884 -0.025718930582890501 -0.001801960870342751 -0.031141544494039025 0.023762209833185347 -0.026328032847184157 -0.01616552752037349 -0.017562049907552845 0.026770925476631305 0.019584270906286127
leaf_weight=64.122722123779113 137.97723092038905 1.3679890490602691 40.113143170092371 33.213465654321681 4.7787384917137414 526.79537272121524 71.03397394548665 82.570006206474773 19.429552915918975 37.89566065883082 8.2963275793918019 14.677713551118357 2.3732420954693252 25.358931831900922 11.899405088549882 18.963240785320522 6.1024399834568639 2.2622820920732911 201.18307125549472 41.270678451081039 4.9835028455854653 13.711039971305579 243.12167120756931 8.9387843041886317 8.7526297380481974 14.335511860379482 5.5977663833182296 11.837553109042345 47.734477963298559 19.742700064169185
leaf_count=683424 63338 14 340 71856 262 3507 363 63591 3726 21162 2625 475 723 6011 132188 1701 782 120 3597 1712 217 1428 6081 2779 1177 150 62 82 306 251
internal_value=0 0.00196328 0.00541464 -0.00946145 0.00457169 0.00261764 0.0152898 -0.0177308 -0.0101869 -0.00142669 -0.00195897 -0.0147667 -0.00075112 0.0135039 -0.0427254 0.033869 -0.00914521 -0.00222747 0.00473732 -0.00631483 -0.0255101 -0.0101308 -0.00449306 0.00856227 -0.00397852 0.018724 0.0275231 0.011524 0.0157325 0.000270571
internal_weight=0 1654.42 1270.58 383.837 1230.47 1040.73 189.738 196.903 114.333 81.1191 513.934 19.4565 186.935 48.9577 76.0221 21.3365 61.6895 27.6212 202.551 311.383 26.9909 18.6945 284.392 23.7939 17.6914 170.282 76.6317 93.6502 81.8127 34.0782
internal_count=1074050 258438 21472 236966 21132 19181 1951 165073 101482 29626 15674 737 71893 8555 815612 2424 25900 6131 3611 12063 4270 1645 7793 4738 3956 1214 425 789 707 401
is_linear=0
shrinkage=0.05


Tree=97
num_leaves=31
num_cat=0
split_feature=0 0 107 42 83 82 137 42 77 118 34 129 70 132 70 96 47 2 42 62 72 118 150 2 34 126 117 2 90 82
split_gain=55.9267 25.0706 17.8834 9.78649 8.53172 7.56594 7.02858 6.75201 5.73243 6.20415 5.56017 6.62731 5.55425 6.58624 5.47208 5.27328 5.25885 5.68432 4.4002 4.3706 4.3314 4.2705 4.6553 5.06716 6.59526 6.189 5.36733 8.65749 4.7229 4.2622
threshold=0.0044021329524748061 0.86620967868038068 10.500000000000002 92.500000000000014 0.53219150000000004 657.50000000000011 0.029086500000000005 172.50000000000003 8.5000000000000018 0.023358 72519.500000000015 14.500000000000002 113.50000000000001 4.5000000000000009 108.50000000000001 0.0030910000000000004 923.50000000000011 1954.5000000000002 1.0000000180025095e-35 3.5000000000000004 2.5000000000000004 0.17376350000000004 0.055314000000000009 642.50000000000011 6000.5000000000009 0.029253000000000005 0.064975500000000019 5356.5000000000009 1.5000000000000002 621.50000000000011
decision_type=2 2 2 2 2 2 2 2 2 2 2 2 2 2 2 2 2 2 2 2 2 2 2 2 2 2 2 2 2 2
left_child=-1 2 3 5 -4 6 -2 10 9 15 11 12 13 -3 21 -6 -8 -18 -11 -9 -21 22 23 -15 -25 26 27 -26 -29 -20
right_child=1 7 4 -5 8 -7 16 19 -10 18 -12 -13 -14 14 -16 -17 17 -19 29 20 -22 -23 -24 24 25 -27 -28 28 -30 -31
leaf_value=-0.043832145765936373 -0.0077855302858633475 0.015799748066111872 -0.05074519599756723 0.021760824516567356 0.0074725047292654211 0.021901828082721179 -0.0012305327887335692 0.031686428326265913 -0.032311317056012277 -0.010564052210736327 0.0022377627308997946 -0.033264399786315471 0.017095301978627568 -0.02280408287533342 -0.068776093747550823 -0.024925069957413278 -0.051258131544636182 0.032618660828762552 0.001554683254128564 -0.032385249715446048 0.017189973373479928 0.048072205946292863 -0.03638294070262206 0.025571275762907561 -0.042122452679812697 0.014593145579679717 -0.069416969176915949 -0.046288470659766094 0.032033331902833327 0.042989319697775148
leaf_weight=69.808335750580227 236.69475532806814 86.413696430390701 15.104845071043654 53.547919698395617 14.824784600200472 32.003717617161783 41.933509612840226 44.314139073248953 31.80466366243445 104.99873814560624 454.24740035214927 8.5626158487866615 200.15608552936465 18.793811888957862 3.0271064899861804 82.222923053964678 2.1824023725557735 27.131618935275583 60.322595100416947 5.810122229158881 18.230685902759433 4.3241977244615546 9.3203227394260448 28.107873463450233 11.473205333692027 23.536005528178066 4.6077501224353901 2.3578678474295875 10.479386263177728 6.9183114688512424
leaf_count=777854 78705 638 54042 3021 6947 1499 7745 231 20253 28216 4311 184 1463 295 43 77272 1079 1960 7038 56 101 21 129 256 139 220 52 62 100 118
internal_value=0 0.00186184 -0.00522182 0.0018931 -0.014076 -0.00123644 -0.00364115 0.00724566 -0.0122365 -0.00986548 0.00605073 0.0102633 0.011189 0.00534945 -0.0024336 -0.0199761 0.0101271 0.0263741 -0.0041687 0.0223741 0.00520876 -0.000656388 -0.00259529 0.000574247 0.00602803 -0.00444433 -0.0199386 -0.0105606 0.0176477 0.00581783
internal_weight=0 1643.45 709.691 393.494 316.197 339.946 307.942 933.762 301.092 269.287 865.407 411.16 402.597 202.441 116.028 97.0477 71.2475 29.314 172.24 68.3549 24.0408 113 108.676 99.3559 80.5621 52.4542 28.9182 24.3105 12.8373 67.2409
internal_count=1074050 296196 287895 94009 193886 90988 89489 8301 139844 119591 7913 3602 3418 1955 1317 84219 10784 3039 35372 388 157 1274 1253 1124 829 573 353 301 162 7156
is_linear=0
shrinkage=0.05


Tree=98
num_leaves=31
num_cat=0
split_feature=0 0 83 42 107 83 147 92 2 83 77 127 87 103 102 155 2 84 95 72 91 53 117 148 152 94 86 83 2 95
split_gain=52.9784 22.6358 12.3725 11.3939 11.2523 8.79387 6.76476 6.26871 5.88528 7.32611 6.69942 8.90346 6.21868 6.19346 5.92251 5.80708 5.63198 5.52208 5.25951 5.22228 5.0484 5.01546 4.93845 4.90549 4.79127 4.68538 4.62305 4.6048 4.57472 4.28973
threshold=0.37969951586789719 0.0019437620776660012 0.58536300000000019 1.0000000180025095e-35 1.0000000180025095e-35 0.54296050000000007 3.5000000000000004 0.70833333333350013 126565.50000000001 0.55278050000000012 8.5000000000000018 0.027244000000000001 4.5000000000000009 530.50000000000011 0.08823700000000001 0.69047619047650011 746738.00000000012 138.00000000000003 8.0278315000000031 5.5000000000000009 18.500000000000004 1.0000000180025095e-35 0.046790000000000005 17.500000000000004 0.027510500000000004 3.5000000000000004 0.040668000000000003 0.57355450000000008 29531.000000000004 0.054391500000000002
decision_type=2 2 2 2 2 2 2 2 2 2 2 2 2 2 2 2 2 2 2 2 2 2 2 2 2 2 2 2 2 2
left_child=1 -1 4 20 17 19 16 8 9 18 14 12 -12 -13 -11 29 -5 -2 -6 -3 -4 -17 -19 26 -14 -10 28 -27 -22 -7
right_child=2 5 3 6 7 15 -8 -9 25 10 11 13 24 -15 -16 21 -18 22 -20 -21 23 -23 -24 -25 -26 27 -28 -29 -30 -31
leaf_value=-0.046216225892427874 0.0038850100083456921 -0.04878148717683365 -0.0039042703993015133 0.017910962184873331 -0.036127812677040641 0.053321217682752144 -0.044443890848797345 0.057685707892183635 -0.032351903081047427 0.016610626087713597 -0.068039761769414633 -0.053679889315528639 -0.044009419545211648 0.019218780791807683 -0.0045540167375084546 -0.0065077743788216113 0.0011700532679397224 0.04017796254193267 0.033346346509031538 1.5251377202962191 0.011216664680419503 0.02520507459890128 -0.010486639927670318 -0.057743275847979364 0.058443944888719783 -0.024272304688726452 0.055476062565141183 0.0073673936131680128 0.00029937216254742615 -0.014455819955938247
leaf_weight=58.687779126701116 118.12100564069624 15.685457219990891 177.3485415562609 304.40505381615367 24.420420638816726 2.3627444596436353 4.8253390081226817 3.5322795500978819 41.254021624336019 56.077227484754985 1.6732443001237713 16.535313902677448 1.4125335282151352 3.5368410994269643 80.508821739502309 34.947600227981184 60.169633900921326 21.32325642590877 3.0662533226641235 0.0052720676467296048 206.19909933133749 19.382049738899696 6.2106277269776902 2.9714754542219444 5.93928691878682 24.06884753268605 4.8067512912675729 22.020938555069733 179.47857644327451 195.69712170502567
leaf_count=697189 4271 99787 5697 2826 6203 1237 26 15 4733 1168 71 1047 135 111 2868 15932 646 187 380 4 2072 6774 74 36 50 2621 28 416 2553 214893
internal_value=0 -0.0180903 0.00431514 0.0075275 -0.00271366 -0.011933 0.0143696 -0.00850763 -0.00934115 -0.00447122 -0.000505164 -0.0222886 0.0189587 -0.0408347 0.00413541 -0.00967506 0.015148 0.00858535 -0.0283777 -0.0482527 0.00309959 0.00480575 0.0287499 0.00625654 0.0387592 -0.0201115 0.00674356 -0.00915538 0.0061362 -0.0136473
internal_weight=0 326.768 1369.91 940.204 429.701 268.08 369.4 284.046 280.514 193.17 165.683 29.0972 9.02506 20.0722 136.586 252.39 364.575 145.655 27.4867 15.6907 570.804 54.3296 27.5339 393.456 7.35182 87.3438 390.484 46.0898 385.678 198.06
internal_count=1074050 1035816 38234 13884 24350 338627 3498 19818 19803 12033 5450 1414 256 1158 4036 238836 3472 4532 6583 99791 10386 22706 261 4689 185 7770 4653 3037 4625 216130
is_linear=0
shrinkage=0.05


Tree=99
num_leaves=31
num_cat=0
split_feature=0 0 44 107 95 0 83 110 72 2 83 96 2 68 102 105 82 101 112 2 86 42 91 42 74 117 128 60 148 152
split_gain=50.6518 23.6411 10.1201 10.0194 9.07244 7.34579 5.81648 5.42496 5.72451 5.23856 7.85017 5.41278 5.02255 4.93966 5.81305 5.16352 5.14768 4.92593 4.76661 4.76054 4.66045 4.62289 4.4817 4.41229 4.42456 5.69964 4.40981 4.39964 4.89494 8.97196
threshold=0.0048211075022283351 0.60678019017954943 1.0000000180025095e-35 6.5000000000000009 3.5522430000000003 0.94875966535953815 0.57048050000000006 9.5000000000000018 1.0000000180025095e-35 166361.50000000003 0.56521750000000004 0.010095000000000002 3620.0000000000005 50.000000000000007 0.081848500000000005 1.5000000000000002 544.50000000000011 0.096816000000000013 1.5000000000000002 196597.00000000003 0.040668000000000003 3860.0000000000005 4.5000000000000009 1.5000000000000002 3.5500000000000003 0.057778000000000003 0.098695500000000005 6.5000000000000009 7.5000000000000009 0.12628700000000001
decision_type=2 2 2 2 2 2 2 2 2 2 2 2 2 2 2 2 2 2 2 2 2 2 2 2 2 2 2 2 2 2
left_child=-1 3 4 20 5 6 13 12 19 10 -5 -12 -6 -3 15 -15 -16 27 -4 -9 22 -17 -2 -8 -25 -26 -10 28 -7 -30
right_child=1 2 18 9 7 17 23 8 26 -11 11 -13 -14 14 16 21 -18 -19 -20 -21 -22 -23 -24 24 25 -27 -28 -29 29 -31
leaf_value=-0.042993877833821297 -0.036784917022475008 -0.047595185234946595 0.010224191407191757 -0.031119575296690256 0.05211864282240556 0.0084997113264357379 -0.0034451188236316157 -0.0013899122751432982 0.0058177685505603552 -0.027128590658887265 0.021517300897267787 -0.0091787583570952635 0.012122378790470494 0.021283874100080619 0.065949842349185855 -0.023030359267582845 -0.030522786225486292 0.032340671323303018 0.045436012433132916 -0.061167461450341389 0.027355522584483843 0.070480699713204406 -0.001232101349711467 0.018181675462605511 0.0086107030667759103 -0.016280173997228694 0.025772524440778877 -0.013399252088203188 1.3847195233315047e-05 -0.065594495838605257
leaf_weight=65.825148950467337 9.3816976101170422 9.763309617435878 17.027199228490645 32.102434874928576 17.034584775334228 433.1186319141998 269.37624591725762 22.150352884487805 56.115318683445366 79.414757611967843 18.934019927885856 59.465813173242623 14.556612226064315 19.633873929022229 1.452402505652574 16.793611058274113 28.832604800853005 18.041210777126253 22.066873392090201 3.9200028009217922 13.473704136182276 1.4345880243927229 160.66800559139187 57.170711125945672 75.084876770357369 33.154171687085181 54.649914007633924 28.30931123427581 37.773888046329375 6.0447155697038388
leaf_count=786094 17831 1323 226 80899 57 2900 7310 355 762 70954 4158 29439 128 612 67 876 3774 76 114 167 183 8 63020 442 992 399 307 309 228 40
internal_value=0 0.00175026 0.00506343 -0.00928213 0.00425078 0.00250103 -0.00175253 0.0150133 0.0107017 -0.017333 -0.0102932 -0.00176548 0.0336891 -0.0143334 -0.00956802 0.00349249 -0.0258962 0.00666851 0.0300997 -0.0103782 -0.000950745 -0.0156709 -0.00319356 0.000501865 0.00692968 0.000986501 0.0156631 0.00575181 0.00688855 -0.00903673
internal_weight=0 1616.95 1243.51 373.44 1204.41 1035.98 512.696 168.427 136.836 189.917 110.502 78.3998 31.5912 77.9104 68.1471 37.8621 30.285 523.288 39.0941 26.0704 183.523 18.2282 170.05 434.786 165.41 108.239 110.765 505.247 476.937 43.8186
internal_count=1074050 287956 21472 266484 21132 19356 15803 1776 1591 185450 114496 33597 185 6660 5337 1496 3841 3553 340 522 81034 884 80851 9143 1833 1391 1069 3477 3168 268
is_linear=0
shrinkage=0.05


end of trees

feature_importances:
Column_0=394
Column_83=304
Column_42=238
Column_95=173
Column_70=121
Column_2=116
Column_82=113
Column_91=85
Column_98=66
Column_34=53
Column_47=48
Column_138=47
Column_72=46
Column_115=44
Column_107=43
Column_99=40
Column_3=37
Column_152=37
Column_77=36
Column_59=35
Column_102=35
Column_113=35
Column_90=34
Column_96=34
Column_141=33
Column_150=31
Column_118=30
Column_117=28
Column_129=28
Column_66=27
Column_84=27
Column_101=26
Column_131=25
Column_86=21
Column_74=20
Column_126=20
Column_39=19
Column_116=18
Column_155=18
Column_110=17
Column_44=16
Column_62=16
Column_100=16
Column_104=16
Column_125=16
Column_149=16
Column_48=15
Column_103=15
Column_128=15
Column_79=14
Column_127=14
Column_120=13
Column_137=13
Column_147=12
Column_43=11
Column_53=11
Column_112=11
Column_114=11
Column_56=10
Column_148=10
Column_154=10
Column_58=9
Column_132=8
Column_136=8
Column_151=7
Column_37=6
Column_60=6
Column_68=6
Column_87=6
Column_89=6
Column_92=6
Column_81=4
Column_122=4
Column_135=4
Column_143=4
Column_94=3
Column_105=3
Column_109=3
Column_133=3
Column_139=3
Column_1=2
Column_69=2
Column_121=2
Column_144=2
Column_33=1
Column_41=1
Column_45=1
Column_51=1
Column_54=1
Column_64=1
Column_65=1
Column_73=1
Column_123=1
Column_142=1

parameters:
[boosting: gbdt]
[objective: lambdarank]
[metric: ndcg]
[tree_learner: serial]
[device_type: cpu]
[data_sample_strategy: bagging]
[data: ]
[valid: ]
[num_iterations: 100]
[learning_rate: 0.05]
[num_leaves: 31]
[num_threads: 0]
[seed: 0]
[deterministic: 0]
[force_col_wise: 0]
[force_row_wise: 0]
[histogram_pool_size: -1]
[max_depth: -1]
[min_data_in_leaf: 20]
[min_sum_hessian_in_leaf: 0.001]
[bagging_fraction: 1]
[pos_bagging_fraction: 1]
[neg_bagging_fraction: 1]
[bagging_freq: 0]
[bagging_seed: 3]
[feature_fraction: 1]
[feature_fraction_bynode: 1]
[feature_fraction_seed: 2]
[extra_trees: 0]
[extra_seed: 6]
[early_stopping_round: 0]
[early_stopping_min_delta: 0]
[first_metric_only: 0]
[max_delta_step: 0]
[lambda_l1: 0]
[lambda_l2: 0]
[linear_lambda: 0]
[min_gain_to_split: 0]
[drop_rate: 0.1]
[max_drop: 50]
[skip_drop: 0.5]
[xgboost_dart_mode: 0]
[uniform_drop: 0]
[drop_seed: 4]
[top_rate: 0.2]
[other_rate: 0.1]
[min_data_per_group: 100]
[max_cat_threshold: 32]
[cat_l2: 10]
[cat_smooth: 10]
[max_cat_to_onehot: 4]
[top_k: 20]
[monotone_constraints: ]
[monotone_constraints_method: basic]
[monotone_penalty: 0]
[feature_contri: ]
[forcedsplits_filename: ]
[refit_decay_rate: 0.9]
[cegb_tradeoff: 1]
[cegb_penalty_split: 0]
[cegb_penalty_feature_lazy: ]
[cegb_penalty_feature_coupled: ]
[path_smooth: 0]
[interaction_constraints: ]
[verbosity: 0]
[saved_feature_importance_type: 0]
[use_quantized_grad: 0]
[num_grad_quant_bins: 4]
[quant_train_renew_leaf: 0]
[stochastic_rounding: 1]
[linear_tree: 0]
[max_bin: 255]
[max_bin_by_feature: ]
[min_data_in_bin: 3]
[bin_construct_sample_cnt: 200000]
[data_random_seed: 1]
[is_enable_sparse: 1]
[enable_bundle: 1]
[use_missing: 1]
[zero_as_missing: 0]
[feature_pre_filter: 1]
[pre_partition: 0]
[two_round: 0]
[header: 0]
[label_column: ]
[weight_column: ]
[group_column: ]
[ignore_column: ]
[categorical_feature: ]
[forcedbins_filename: ]
[precise_float_parser: 0]
[parser_config_file: ]
[objective_seed: 5]
[num_class: 1]
[is_unbalance: 0]
[scale_pos_weight: 1]
[sigmoid: 1]
[boost_from_average: 1]
[reg_sqrt: 0]
[alpha: 0.9]
[fair_c: 1]
[poisson_max_delta_step: 0.7]
[tweedie_variance_power: 1.5]
[lambdarank_truncation_level: 30]
[lambdarank_norm: 1]
[label_gain: ]
[lambdarank_position_bias_regularization: 0]
[eval_at: ]
[multi_error_top_k: 1]
[auc_mu_weights: ]
[num_machines: 1]
[local_listen_port: 12400]
[time_out: 120]
[machine_list_filename: ]
[machines: ]
[gpu_platform_id: -1]
[gpu_device_id: -1]
[gpu_use_dp: 0]
[num_gpu: 1]

end of parameters

pandas_categorical:null
